{
  "type": "FeatureCollection",
  "features": [
    {
      "type": "Feature",
      "properties": {
        "id": "PV:0",
        "service": "PV",
        "setor": "CV-001",
        "name": "CV-001",
        "centroid": [
          -23.49096,
          -46.68513
        ],
        "fillColor": "#adff2f",
        "geometry": "point",
        "serviceDisplay": "Pontos Viciados",
        "subprefeitura": "Casa Verde/Cachoeirinha",
        "logradouro": "Avenida Inajar de Souza, 1692",
        "service_type": "Pontos Viciados",
        "service_icon": "warning",
        "volumetria": "Entre 1m³ e 5m³",
        "address": "Avenida Inajar de Souza, 1692"
      },
      "geometry": {
        "type": "Point",
        "coordinates": [
          -46.68513,
          -23.49096
        ]
      },
      "id": "PV:0"
    },
    {
      "type": "Feature",
      "properties": {
        "id": "PV:1",
        "service": "PV",
        "setor": "CV-002",
        "name": "CV-002",
        "centroid": [
          -23.49534,
          -46.67976
        ],
        "fillColor": "#adff2f",
        "geometry": "point",
        "serviceDisplay": "Pontos Viciados",
        "subprefeitura": "Casa Verde/Cachoeirinha",
        "logradouro": "Avenida Antonio Munhoz Bonilha, 1255",
        "service_type": "Pontos Viciados",
        "service_icon": "warning",
        "volumetria": "Não se aplica (inativo).",
        "address": "Avenida Antonio Munhoz Bonilha, 1255",
        "date": "Inativo",
        "status": "Inativo"
      },
      "geometry": {
        "type": "Point",
        "coordinates": [
          -46.67976,
          -23.49534
        ]
      },
      "id": "PV:1"
    },
    {
      "type": "Feature",
      "properties": {
        "id": "PV:2",
        "service": "PV",
        "setor": "CV-003",
        "name": "CV-003",
        "centroid": [
          -23.50382,
          -46.65919
        ],
        "fillColor": "#adff2f",
        "geometry": "point",
        "serviceDisplay": "Pontos Viciados",
        "subprefeitura": "Casa Verde/Cachoeirinha",
        "logradouro": "Avenida Baruel, 439",
        "service_type": "Pontos Viciados",
        "service_icon": "warning",
        "volumetria": "Não se aplica (inativo).",
        "address": "Avenida Baruel, 439",
        "date": "Inativo",
        "status": "Inativo"
      },
      "geometry": {
        "type": "Point",
        "coordinates": [
          -46.65919,
          -23.50382
        ]
      },
      "id": "PV:2"
    },
    {
      "type": "Feature",
      "properties": {
        "id": "PV:3",
        "service": "PV",
        "setor": "CV-004",
        "name": "CV-004",
        "centroid": [
          -23.5028,
          -46.65573
        ],
        "fillColor": "#adff2f",
        "geometry": "point",
        "serviceDisplay": "Pontos Viciados",
        "subprefeitura": "Casa Verde/Cachoeirinha",
        "logradouro": "Avenida Casa Verde, 1492",
        "service_type": "Pontos Viciados",
        "service_icon": "warning",
        "volumetria": "Não se aplica (inativo).",
        "address": "Avenida Casa Verde, 1492",
        "date": "Inativo",
        "status": "Inativo"
      },
      "geometry": {
        "type": "Point",
        "coordinates": [
          -46.65573,
          -23.5028
        ]
      },
      "id": "PV:3"
    },
    {
      "type": "Feature",
      "properties": {
        "id": "PV:4",
        "service": "PV",
        "setor": "CV-005",
        "name": "CV-005",
        "centroid": [
          -23.49688,
          -46.6623
        ],
        "fillColor": "#adff2f",
        "geometry": "point",
        "serviceDisplay": "Pontos Viciados",
        "subprefeitura": "Casa Verde/Cachoeirinha",
        "logradouro": "Avenida Engenheiro Caetano Álvares, 2206",
        "service_type": "Pontos Viciados",
        "service_icon": "warning",
        "volumetria": "Não se aplica (inativo).",
        "address": "Avenida Engenheiro Caetano Álvares, 2206",
        "date": "Inativo",
        "status": "Inativo"
      },
      "geometry": {
        "type": "Point",
        "coordinates": [
          -46.6623,
          -23.49688
        ]
      },
      "id": "PV:4"
    },
    {
      "type": "Feature",
      "properties": {
        "id": "PV:5",
        "service": "PV",
        "setor": "CV-006",
        "name": "CV-006",
        "centroid": [
          -23.45543,
          -46.65598
        ],
        "fillColor": "#adff2f",
        "geometry": "point",
        "serviceDisplay": "Pontos Viciados",
        "subprefeitura": "Casa Verde/Cachoeirinha",
        "logradouro": "Avenida Francisco Machado da Silva, 1536",
        "service_type": "Pontos Viciados",
        "service_icon": "warning",
        "volumetria": "Entre 1m³ e 5m³",
        "address": "Avenida Francisco Machado da Silva, 1536"
      },
      "geometry": {
        "type": "Point",
        "coordinates": [
          -46.65598,
          -23.45543
        ]
      },
      "id": "PV:5"
    },
    {
      "type": "Feature",
      "properties": {
        "id": "PV:6",
        "service": "PV",
        "setor": "CV-007",
        "name": "CV-007",
        "centroid": [
          -23.45555,
          -46.65323
        ],
        "fillColor": "#adff2f",
        "geometry": "point",
        "serviceDisplay": "Pontos Viciados",
        "subprefeitura": "Casa Verde/Cachoeirinha",
        "logradouro": "Avenida Francisco Machado da Silva, 1410",
        "service_type": "Pontos Viciados",
        "service_icon": "warning",
        "volumetria": "Entre 1m³ e 5m³",
        "address": "Avenida Francisco Machado da Silva, 1410"
      },
      "geometry": {
        "type": "Point",
        "coordinates": [
          -46.65323,
          -23.45555
        ]
      },
      "id": "PV:6"
    },
    {
      "type": "Feature",
      "properties": {
        "id": "PV:7",
        "service": "PV",
        "setor": "CV-008",
        "name": "CV-008",
        "centroid": [
          -23.46244,
          -46.66986
        ],
        "fillColor": "#adff2f",
        "geometry": "point",
        "serviceDisplay": "Pontos Viciados",
        "subprefeitura": "Casa Verde/Cachoeirinha",
        "logradouro": "Avenida General Penha Brasil, 1204",
        "service_type": "Pontos Viciados",
        "service_icon": "warning",
        "volumetria": "Entre 1m³ e 5m³",
        "address": "Avenida General Penha Brasil, 1204"
      },
      "geometry": {
        "type": "Point",
        "coordinates": [
          -46.66986,
          -23.46244
        ]
      },
      "id": "PV:7"
    },
    {
      "type": "Feature",
      "properties": {
        "id": "PV:8",
        "service": "PV",
        "setor": "CV-009",
        "name": "CV-009",
        "centroid": [
          -23.48133,
          -46.67443
        ],
        "fillColor": "#adff2f",
        "geometry": "point",
        "serviceDisplay": "Pontos Viciados",
        "subprefeitura": "Casa Verde/Cachoeirinha",
        "logradouro": "Avenida Inajar de Souza, 3250",
        "service_type": "Pontos Viciados",
        "service_icon": "warning",
        "volumetria": "Não se aplica (inativo).",
        "address": "Avenida Inajar de Souza, 3250",
        "date": "Inativo",
        "status": "Inativo"
      },
      "geometry": {
        "type": "Point",
        "coordinates": [
          -46.67443,
          -23.48133
        ]
      },
      "id": "PV:8"
    },
    {
      "type": "Feature",
      "properties": {
        "id": "PV:9",
        "service": "PV",
        "setor": "CV-010",
        "name": "CV-010",
        "centroid": [
          -23.45194,
          -46.67427
        ],
        "fillColor": "#adff2f",
        "geometry": "point",
        "serviceDisplay": "Pontos Viciados",
        "subprefeitura": "Casa Verde/Cachoeirinha",
        "logradouro": "Avenida Inajar de Souza, 6764",
        "service_type": "Pontos Viciados",
        "service_icon": "warning",
        "volumetria": "Entre 1m³ e 5m³",
        "address": "Avenida Inajar de Souza, 6764"
      },
      "geometry": {
        "type": "Point",
        "coordinates": [
          -46.67427,
          -23.45194
        ]
      },
      "id": "PV:9"
    },
    {
      "type": "Feature",
      "properties": {
        "id": "PV:10",
        "service": "PV",
        "setor": "CV-011",
        "name": "CV-011",
        "centroid": [
          -23.46827,
          -46.66913
        ],
        "fillColor": "#adff2f",
        "geometry": "point",
        "serviceDisplay": "Pontos Viciados",
        "subprefeitura": "Casa Verde/Cachoeirinha",
        "logradouro": "Avenida Jeronimo de Andrade",
        "service_type": "Pontos Viciados",
        "service_icon": "warning",
        "volumetria": "Entre 1m³ e 5m³",
        "address": "Avenida Jeronimo de Andrade",
        "date": "45955",
        "status": "Revitalizado"
      },
      "geometry": {
        "type": "Point",
        "coordinates": [
          -46.66913,
          -23.46827
        ]
      },
      "id": "PV:10"
    },
    {
      "type": "Feature",
      "properties": {
        "id": "PV:11",
        "service": "PV",
        "setor": "CV-012",
        "name": "CV-012",
        "centroid": [
          -23.46279,
          -46.66618
        ],
        "fillColor": "#adff2f",
        "geometry": "point",
        "serviceDisplay": "Pontos Viciados",
        "subprefeitura": "Casa Verde/Cachoeirinha",
        "logradouro": "Avenida Masao Watanabe, 499",
        "service_type": "Pontos Viciados",
        "service_icon": "warning",
        "volumetria": "Não se aplica (inativo).",
        "address": "Avenida Masao Watanabe, 499",
        "date": "Inativo",
        "status": "Inativo"
      },
      "geometry": {
        "type": "Point",
        "coordinates": [
          -46.66618,
          -23.46279
        ]
      },
      "id": "PV:11"
    },
    {
      "type": "Feature",
      "properties": {
        "id": "PV:12",
        "service": "PV",
        "setor": "CV-013",
        "name": "CV-013",
        "centroid": [
          -23.45496,
          -46.66765
        ],
        "fillColor": "#adff2f",
        "geometry": "point",
        "serviceDisplay": "Pontos Viciados",
        "subprefeitura": "Casa Verde/Cachoeirinha",
        "logradouro": "Avenida Ministro Lins de Barros, 706",
        "service_type": "Pontos Viciados",
        "service_icon": "warning",
        "volumetria": "Entre 1m³ e 5m³",
        "address": "Avenida Ministro Lins de Barros, 706"
      },
      "geometry": {
        "type": "Point",
        "coordinates": [
          -46.66765,
          -23.45496
        ]
      },
      "id": "PV:12"
    },
    {
      "type": "Feature",
      "properties": {
        "id": "PV:13",
        "service": "PV",
        "setor": "CV-014",
        "name": "CV-014",
        "centroid": [
          -23.50492,
          -46.68739
        ],
        "fillColor": "#adff2f",
        "geometry": "point",
        "serviceDisplay": "Pontos Viciados",
        "subprefeitura": "Casa Verde/Cachoeirinha",
        "logradouro": "Avenida Nossa Senhora do Ó, 1450",
        "service_type": "Pontos Viciados",
        "service_icon": "warning",
        "volumetria": "Entre 1m³ e 5m³",
        "address": "Avenida Nossa Senhora do Ó, 1450",
        "date": "45983",
        "status": "Revitalizado"
      },
      "geometry": {
        "type": "Point",
        "coordinates": [
          -46.68739,
          -23.50492
        ]
      },
      "id": "PV:13"
    },
    {
      "type": "Feature",
      "properties": {
        "id": "PV:14",
        "service": "PV",
        "setor": "CV-015",
        "name": "CV-015",
        "centroid": [
          -23.46967,
          -46.65993
        ],
        "fillColor": "#adff2f",
        "geometry": "point",
        "serviceDisplay": "Pontos Viciados",
        "subprefeitura": "Casa Verde/Cachoeirinha",
        "logradouro": "Avenida Parada Pinto, 1066",
        "service_type": "Pontos Viciados",
        "service_icon": "warning",
        "volumetria": "Não se aplica (inativo).",
        "address": "Avenida Parada Pinto, 1066",
        "date": "Inativo",
        "status": "Inativo"
      },
      "geometry": {
        "type": "Point",
        "coordinates": [
          -46.65993,
          -23.46967
        ]
      },
      "id": "PV:14"
    },
    {
      "type": "Feature",
      "properties": {
        "id": "PV:15",
        "service": "PV",
        "setor": "CV-016",
        "name": "CV-016",
        "centroid": [
          -23.46964,
          -46.66008
        ],
        "fillColor": "#adff2f",
        "geometry": "point",
        "serviceDisplay": "Pontos Viciados",
        "subprefeitura": "Casa Verde/Cachoeirinha",
        "logradouro": "Avenida Parada Pinto, 1065",
        "service_type": "Pontos Viciados",
        "service_icon": "warning",
        "volumetria": "Entre 1m³ e 5m³",
        "address": "Avenida Parada Pinto, 1065",
        "date": "46006",
        "status": "Revitalizado"
      },
      "geometry": {
        "type": "Point",
        "coordinates": [
          -46.66008,
          -23.46964
        ]
      },
      "id": "PV:15"
    },
    {
      "type": "Feature",
      "properties": {
        "id": "PV:16",
        "service": "PV",
        "setor": "CV-017",
        "name": "CV-017",
        "centroid": [
          -23.48478,
          -46.65825
        ],
        "fillColor": "#adff2f",
        "geometry": "point",
        "serviceDisplay": "Pontos Viciados",
        "subprefeitura": "Casa Verde/Cachoeirinha",
        "logradouro": "Praça Hilario da Conceição",
        "service_type": "Pontos Viciados",
        "service_icon": "warning",
        "volumetria": "Entre 1m³ e 5m³",
        "address": "Praça Hilario da Conceição"
      },
      "geometry": {
        "type": "Point",
        "coordinates": [
          -46.65825,
          -23.48478
        ]
      },
      "id": "PV:16"
    },
    {
      "type": "Feature",
      "properties": {
        "id": "PV:17",
        "service": "PV",
        "setor": "CV-018",
        "name": "CV-018",
        "centroid": [
          -23.5144,
          -46.66296
        ],
        "fillColor": "#adff2f",
        "geometry": "point",
        "serviceDisplay": "Pontos Viciados",
        "subprefeitura": "Casa Verde/Cachoeirinha",
        "logradouro": "Praça Professor Cesarino Junior, 631",
        "service_type": "Pontos Viciados",
        "service_icon": "warning",
        "volumetria": "Entre 1m³ e 5m³",
        "address": "Praça Professor Cesarino Junior, 631",
        "date": "46102"
      },
      "geometry": {
        "type": "Point",
        "coordinates": [
          -46.66296,
          -23.5144
        ]
      },
      "id": "PV:17"
    },
    {
      "type": "Feature",
      "properties": {
        "id": "PV:18",
        "service": "PV",
        "setor": "CV-019",
        "name": "CV-019",
        "centroid": [
          -23.46723,
          -46.66737
        ],
        "fillColor": "#adff2f",
        "geometry": "point",
        "serviceDisplay": "Pontos Viciados",
        "subprefeitura": "Casa Verde/Cachoeirinha",
        "logradouro": "Rua Afonso Lopes Vieira, 152",
        "service_type": "Pontos Viciados",
        "service_icon": "warning",
        "volumetria": "Entre 1m³ e 5m³",
        "address": "Rua Afonso Lopes Vieira, 152"
      },
      "geometry": {
        "type": "Point",
        "coordinates": [
          -46.66737,
          -23.46723
        ]
      },
      "id": "PV:18"
    },
    {
      "type": "Feature",
      "properties": {
        "id": "PV:19",
        "service": "PV",
        "setor": "CV-020",
        "name": "CV-020",
        "centroid": [
          -23.4632,
          -46.66356
        ],
        "fillColor": "#adff2f",
        "geometry": "point",
        "serviceDisplay": "Pontos Viciados",
        "subprefeitura": "Casa Verde/Cachoeirinha",
        "logradouro": "Rua Afonso Lopes Vieira, 824",
        "service_type": "Pontos Viciados",
        "service_icon": "warning",
        "volumetria": "Entre 1m³ e 5m³",
        "address": "Rua Afonso Lopes Vieira, 824"
      },
      "geometry": {
        "type": "Point",
        "coordinates": [
          -46.66356,
          -23.4632
        ]
      },
      "id": "PV:19"
    },
    {
      "type": "Feature",
      "properties": {
        "id": "PV:20",
        "service": "PV",
        "setor": "CV-021",
        "name": "CV-021",
        "centroid": [
          -23.47148,
          -46.65908
        ],
        "fillColor": "#adff2f",
        "geometry": "point",
        "serviceDisplay": "Pontos Viciados",
        "subprefeitura": "Casa Verde/Cachoeirinha",
        "logradouro": "Rua Água Preta, 220",
        "service_type": "Pontos Viciados",
        "service_icon": "warning",
        "volumetria": "Entre 1m³ e 5m³",
        "address": "Rua Água Preta, 220",
        "date": "45969",
        "status": "Revitalizado"
      },
      "geometry": {
        "type": "Point",
        "coordinates": [
          -46.65908,
          -23.47148
        ]
      },
      "id": "PV:20"
    },
    {
      "type": "Feature",
      "properties": {
        "id": "PV:21",
        "service": "PV",
        "setor": "CV-022",
        "name": "CV-022",
        "centroid": [
          -23.50112,
          -46.65461
        ],
        "fillColor": "#adff2f",
        "geometry": "point",
        "serviceDisplay": "Pontos Viciados",
        "subprefeitura": "Casa Verde/Cachoeirinha",
        "logradouro": "Rua Águas Virtuosas, 374",
        "service_type": "Pontos Viciados",
        "service_icon": "warning",
        "volumetria": "Não se aplica (inativo).",
        "address": "Rua Águas Virtuosas, 374",
        "date": "Inativo",
        "status": "Inativo"
      },
      "geometry": {
        "type": "Point",
        "coordinates": [
          -46.65461,
          -23.50112
        ]
      },
      "id": "PV:21"
    },
    {
      "type": "Feature",
      "properties": {
        "id": "PV:22",
        "service": "PV",
        "setor": "CV-023",
        "name": "CV-023",
        "centroid": [
          -23.48813,
          -46.68297
        ],
        "fillColor": "#adff2f",
        "geometry": "point",
        "serviceDisplay": "Pontos Viciados",
        "subprefeitura": "Casa Verde/Cachoeirinha",
        "logradouro": "Rua Alexandre Fuzaro, 635",
        "service_type": "Pontos Viciados",
        "service_icon": "warning",
        "volumetria": "Não se aplica (inativo).",
        "address": "Rua Alexandre Fuzaro, 635",
        "date": "Inativo",
        "status": "Inativo"
      },
      "geometry": {
        "type": "Point",
        "coordinates": [
          -46.68297,
          -23.48813
        ]
      },
      "id": "PV:22"
    },
    {
      "type": "Feature",
      "properties": {
        "id": "PV:23",
        "service": "PV",
        "setor": "CV-024",
        "name": "CV-024",
        "centroid": [
          -23.46818,
          -46.65301
        ],
        "fillColor": "#adff2f",
        "geometry": "point",
        "serviceDisplay": "Pontos Viciados",
        "subprefeitura": "Casa Verde/Cachoeirinha",
        "logradouro": "Rua Almir Rodrigues, 369",
        "service_type": "Pontos Viciados",
        "service_icon": "warning",
        "volumetria": "Entre 1m³ e 5m³",
        "address": "Rua Almir Rodrigues, 369"
      },
      "geometry": {
        "type": "Point",
        "coordinates": [
          -46.65301,
          -23.46818
        ]
      },
      "id": "PV:23"
    },
    {
      "type": "Feature",
      "properties": {
        "id": "PV:24",
        "service": "PV",
        "setor": "CV-025",
        "name": "CV-025",
        "centroid": [
          -23.46935,
          -46.6527
        ],
        "fillColor": "#adff2f",
        "geometry": "point",
        "serviceDisplay": "Pontos Viciados",
        "subprefeitura": "Casa Verde/Cachoeirinha",
        "logradouro": "Rua Almir Rodrigues, 230",
        "service_type": "Pontos Viciados",
        "service_icon": "warning",
        "volumetria": "Entre 1m³ e 5m³",
        "address": "Rua Almir Rodrigues, 230"
      },
      "geometry": {
        "type": "Point",
        "coordinates": [
          -46.6527,
          -23.46935
        ]
      },
      "id": "PV:24"
    },
    {
      "type": "Feature",
      "properties": {
        "id": "PV:25",
        "service": "PV",
        "setor": "CV-026",
        "name": "CV-026",
        "centroid": [
          -23.49677,
          -46.65649
        ],
        "fillColor": "#adff2f",
        "geometry": "point",
        "serviceDisplay": "Pontos Viciados",
        "subprefeitura": "Casa Verde/Cachoeirinha",
        "logradouro": "Rua Anisio Moreira, 473",
        "service_type": "Pontos Viciados",
        "service_icon": "warning",
        "volumetria": "Entre 1m³ e 5m³",
        "address": "Rua Anisio Moreira, 473"
      },
      "geometry": {
        "type": "Point",
        "coordinates": [
          -46.65649,
          -23.49677
        ]
      },
      "id": "PV:25"
    },
    {
      "type": "Feature",
      "properties": {
        "id": "PV:26",
        "service": "PV",
        "setor": "CV-027",
        "name": "CV-027",
        "centroid": [
          -23.49123,
          -46.65634
        ],
        "fillColor": "#adff2f",
        "geometry": "point",
        "serviceDisplay": "Pontos Viciados",
        "subprefeitura": "Casa Verde/Cachoeirinha",
        "logradouro": "Rua Antonio de Souza Costa, 57",
        "service_type": "Pontos Viciados",
        "service_icon": "warning",
        "volumetria": "Entre 1m³ e 5m³",
        "address": "Rua Antonio de Souza Costa, 57"
      },
      "geometry": {
        "type": "Point",
        "coordinates": [
          -46.65634,
          -23.49123
        ]
      },
      "id": "PV:26"
    },
    {
      "type": "Feature",
      "properties": {
        "id": "PV:27",
        "service": "PV",
        "setor": "CV-028",
        "name": "CV-028",
        "centroid": [
          -23.4682,
          -46.64928
        ],
        "fillColor": "#adff2f",
        "geometry": "point",
        "serviceDisplay": "Pontos Viciados",
        "subprefeitura": "Casa Verde/Cachoeirinha",
        "logradouro": "Rua Antonio Dias da Silva, 203",
        "service_type": "Pontos Viciados",
        "service_icon": "warning",
        "volumetria": "Entre 1m³ e 5m³",
        "address": "Rua Antonio Dias da Silva, 203"
      },
      "geometry": {
        "type": "Point",
        "coordinates": [
          -46.64928,
          -23.4682
        ]
      },
      "id": "PV:27"
    },
    {
      "type": "Feature",
      "properties": {
        "id": "PV:28",
        "service": "PV",
        "setor": "CV-029",
        "name": "CV-029",
        "centroid": [
          -23.4835,
          -46.66779
        ],
        "fillColor": "#adff2f",
        "geometry": "point",
        "serviceDisplay": "Pontos Viciados",
        "subprefeitura": "Casa Verde/Cachoeirinha",
        "logradouro": "Rua Antônio Pinto Vieira, 754",
        "service_type": "Pontos Viciados",
        "service_icon": "warning",
        "volumetria": "Entre 1m³ e 5m³",
        "address": "Rua Antônio Pinto Vieira, 754"
      },
      "geometry": {
        "type": "Point",
        "coordinates": [
          -46.66779,
          -23.4835
        ]
      },
      "id": "PV:28"
    },
    {
      "type": "Feature",
      "properties": {
        "id": "PV:29",
        "service": "PV",
        "setor": "CV-030",
        "name": "CV-030",
        "centroid": [
          -23.49472,
          -46.66769
        ],
        "fillColor": "#adff2f",
        "geometry": "point",
        "serviceDisplay": "Pontos Viciados",
        "subprefeitura": "Casa Verde/Cachoeirinha",
        "logradouro": "Rua Antonio Vera Cruz, 616",
        "service_type": "Pontos Viciados",
        "service_icon": "warning",
        "volumetria": "Entre 1m³ e 5m³",
        "address": "Rua Antonio Vera Cruz, 616"
      },
      "geometry": {
        "type": "Point",
        "coordinates": [
          -46.66769,
          -23.49472
        ]
      },
      "id": "PV:29"
    },
    {
      "type": "Feature",
      "properties": {
        "id": "PV:30",
        "service": "PV",
        "setor": "CV-031",
        "name": "CV-031",
        "centroid": [
          -23.4859,
          -46.66589
        ],
        "fillColor": "#adff2f",
        "geometry": "point",
        "serviceDisplay": "Pontos Viciados",
        "subprefeitura": "Casa Verde/Cachoeirinha",
        "logradouro": "Rua Aristides Jofre, 566",
        "service_type": "Pontos Viciados",
        "service_icon": "warning",
        "volumetria": "Entre 1m³ e 5m³",
        "address": "Rua Aristides Jofre, 566"
      },
      "geometry": {
        "type": "Point",
        "coordinates": [
          -46.66589,
          -23.4859
        ]
      },
      "id": "PV:30"
    },
    {
      "type": "Feature",
      "properties": {
        "id": "PV:31",
        "service": "PV",
        "setor": "CV-032",
        "name": "CV-032",
        "centroid": [
          -23.4777,
          -46.65879
        ],
        "fillColor": "#adff2f",
        "geometry": "point",
        "serviceDisplay": "Pontos Viciados",
        "subprefeitura": "Casa Verde/Cachoeirinha",
        "logradouro": "Rua Atlântico Meridional, 246",
        "service_type": "Pontos Viciados",
        "service_icon": "warning",
        "volumetria": "Entre 1m³ e 5m³",
        "address": "Rua Atlântico Meridional, 246"
      },
      "geometry": {
        "type": "Point",
        "coordinates": [
          -46.65879,
          -23.4777
        ]
      },
      "id": "PV:31"
    },
    {
      "type": "Feature",
      "properties": {
        "id": "PV:32",
        "service": "PV",
        "setor": "CV-033",
        "name": "CV-033",
        "centroid": [
          -23.47702,
          -46.65798
        ],
        "fillColor": "#adff2f",
        "geometry": "point",
        "serviceDisplay": "Pontos Viciados",
        "subprefeitura": "Casa Verde/Cachoeirinha",
        "logradouro": "Rua Atlântico Meridional, 82",
        "service_type": "Pontos Viciados",
        "service_icon": "warning",
        "volumetria": "Entre 1m³ e 5m³",
        "address": "Rua Atlântico Meridional, 82"
      },
      "geometry": {
        "type": "Point",
        "coordinates": [
          -46.65798,
          -23.47702
        ]
      },
      "id": "PV:32"
    },
    {
      "type": "Feature",
      "properties": {
        "id": "PV:33",
        "service": "PV",
        "setor": "CV-034",
        "name": "CV-034",
        "centroid": [
          -23.51372,
          -46.65047
        ],
        "fillColor": "#adff2f",
        "geometry": "point",
        "serviceDisplay": "Pontos Viciados",
        "subprefeitura": "Casa Verde/Cachoeirinha",
        "logradouro": "Rua Brazelisa Alves de Carvalho, 211",
        "service_type": "Pontos Viciados",
        "service_icon": "warning",
        "volumetria": "Entre 1m³ e 5m³",
        "address": "Rua Brazelisa Alves de Carvalho, 211"
      },
      "geometry": {
        "type": "Point",
        "coordinates": [
          -46.65047,
          -23.51372
        ]
      },
      "id": "PV:33"
    },
    {
      "type": "Feature",
      "properties": {
        "id": "PV:34",
        "service": "PV",
        "setor": "CV-035",
        "name": "CV-035",
        "centroid": [
          -23.51391,
          -46.65045
        ],
        "fillColor": "#adff2f",
        "geometry": "point",
        "serviceDisplay": "Pontos Viciados",
        "subprefeitura": "Casa Verde/Cachoeirinha",
        "logradouro": "Rua Brazelisa Alves de Carvalho, 188",
        "service_type": "Pontos Viciados",
        "service_icon": "warning",
        "volumetria": "Entre 1m³ e 5m³",
        "address": "Rua Brazelisa Alves de Carvalho, 188"
      },
      "geometry": {
        "type": "Point",
        "coordinates": [
          -46.65045,
          -23.51391
        ]
      },
      "id": "PV:34"
    },
    {
      "type": "Feature",
      "properties": {
        "id": "PV:35",
        "service": "PV",
        "setor": "CV-036",
        "name": "CV-036",
        "centroid": [
          -23.45526,
          -46.66321
        ],
        "fillColor": "#adff2f",
        "geometry": "point",
        "serviceDisplay": "Pontos Viciados",
        "subprefeitura": "Casa Verde/Cachoeirinha",
        "logradouro": "Rua Caetano Nogueira da Costa, 735",
        "service_type": "Pontos Viciados",
        "service_icon": "warning",
        "volumetria": "Entre 1m³ e 5m³",
        "address": "Rua Caetano Nogueira da Costa, 735"
      },
      "geometry": {
        "type": "Point",
        "coordinates": [
          -46.66321,
          -23.45526
        ]
      },
      "id": "PV:35"
    },
    {
      "type": "Feature",
      "properties": {
        "id": "PV:36",
        "service": "PV",
        "setor": "CV-037",
        "name": "CV-037",
        "centroid": [
          -23.50735,
          -46.68398
        ],
        "fillColor": "#adff2f",
        "geometry": "point",
        "serviceDisplay": "Pontos Viciados",
        "subprefeitura": "Casa Verde/Cachoeirinha",
        "logradouro": "Rua Carlos Porto Carreiro X Rua Francisco Rodrigues Nunes",
        "service_type": "Pontos Viciados",
        "service_icon": "warning",
        "volumetria": "Entre 1m³ e 5m³",
        "address": "Rua Carlos Porto Carreiro X Rua Francisco Rodrigues Nunes"
      },
      "geometry": {
        "type": "Point",
        "coordinates": [
          -46.68398,
          -23.50735
        ]
      },
      "id": "PV:36"
    },
    {
      "type": "Feature",
      "properties": {
        "id": "PV:37",
        "service": "PV",
        "setor": "CV-038",
        "name": "CV-038",
        "centroid": [
          -23.49652,
          -46.66683
        ],
        "fillColor": "#adff2f",
        "geometry": "point",
        "serviceDisplay": "Pontos Viciados",
        "subprefeitura": "Casa Verde/Cachoeirinha",
        "logradouro": "Rua Carolina Soares, 950",
        "service_type": "Pontos Viciados",
        "service_icon": "warning",
        "volumetria": "Entre 1m³ e 5m³",
        "address": "Rua Carolina Soares, 950"
      },
      "geometry": {
        "type": "Point",
        "coordinates": [
          -46.66683,
          -23.49652
        ]
      },
      "id": "PV:37"
    },
    {
      "type": "Feature",
      "properties": {
        "id": "PV:38",
        "service": "PV",
        "setor": "CV-039",
        "name": "CV-039",
        "centroid": [
          -23.50671,
          -46.68688
        ],
        "fillColor": "#adff2f",
        "geometry": "point",
        "serviceDisplay": "Pontos Viciados",
        "subprefeitura": "Casa Verde/Cachoeirinha",
        "logradouro": "Rua Coronel Euclides Machado X Rua Doutor Freire Cisneiro",
        "service_type": "Pontos Viciados",
        "service_icon": "warning",
        "volumetria": "Entre 1m³ e 5m³",
        "address": "Rua Coronel Euclides Machado X Rua Doutor Freire Cisneiro"
      },
      "geometry": {
        "type": "Point",
        "coordinates": [
          -46.68688,
          -23.50671
        ]
      },
      "id": "PV:38"
    },
    {
      "type": "Feature",
      "properties": {
        "id": "PV:39",
        "service": "PV",
        "setor": "CV-040",
        "name": "CV-040",
        "centroid": [
          -23.50575,
          -46.68606
        ],
        "fillColor": "#adff2f",
        "geometry": "point",
        "serviceDisplay": "Pontos Viciados",
        "subprefeitura": "Casa Verde/Cachoeirinha",
        "logradouro": "Rua Coronel Euclides Machado, 901",
        "service_type": "Pontos Viciados",
        "service_icon": "warning",
        "volumetria": "Entre 1m³ e 5m³",
        "address": "Rua Coronel Euclides Machado, 901"
      },
      "geometry": {
        "type": "Point",
        "coordinates": [
          -46.68606,
          -23.50575
        ]
      },
      "id": "PV:39"
    },
    {
      "type": "Feature",
      "properties": {
        "id": "PV:40",
        "service": "PV",
        "setor": "CV-041",
        "name": "CV-041",
        "centroid": [
          -23.47132,
          -46.66029
        ],
        "fillColor": "#adff2f",
        "geometry": "point",
        "serviceDisplay": "Pontos Viciados",
        "subprefeitura": "Casa Verde/Cachoeirinha",
        "logradouro": "Rua da Ventura, 292",
        "service_type": "Pontos Viciados",
        "service_icon": "warning",
        "volumetria": "Entre 1m³ e 5m³",
        "address": "Rua da Ventura, 292",
        "date": "45997",
        "status": "Revitalizado"
      },
      "geometry": {
        "type": "Point",
        "coordinates": [
          -46.66029,
          -23.47132
        ]
      },
      "id": "PV:40"
    },
    {
      "type": "Feature",
      "properties": {
        "id": "PV:41",
        "service": "PV",
        "setor": "CV-042",
        "name": "CV-042",
        "centroid": [
          -23.45694,
          -46.67357
        ],
        "fillColor": "#adff2f",
        "geometry": "point",
        "serviceDisplay": "Pontos Viciados",
        "subprefeitura": "Casa Verde/Cachoeirinha",
        "logradouro": "Rua Dario Vilares Barbosa, 496",
        "service_type": "Pontos Viciados",
        "service_icon": "warning",
        "volumetria": "Entre 1m³ e 5m³",
        "address": "Rua Dario Vilares Barbosa, 496"
      },
      "geometry": {
        "type": "Point",
        "coordinates": [
          -46.67357,
          -23.45694
        ]
      },
      "id": "PV:41"
    },
    {
      "type": "Feature",
      "properties": {
        "id": "PV:42",
        "service": "PV",
        "setor": "CV-043",
        "name": "CV-043",
        "centroid": [
          -23.506,
          -46.65273
        ],
        "fillColor": "#adff2f",
        "geometry": "point",
        "serviceDisplay": "Pontos Viciados",
        "subprefeitura": "Casa Verde/Cachoeirinha",
        "logradouro": "Rua Dobrada, 382",
        "service_type": "Pontos Viciados",
        "service_icon": "warning",
        "volumetria": "Entre 1m³ e 5m³",
        "address": "Rua Dobrada, 382",
        "date": "45990",
        "status": "Revitalizado"
      },
      "geometry": {
        "type": "Point",
        "coordinates": [
          -46.65273,
          -23.506
        ]
      },
      "id": "PV:42"
    },
    {
      "type": "Feature",
      "properties": {
        "id": "PV:43",
        "service": "PV",
        "setor": "CV-044",
        "name": "CV-044",
        "centroid": [
          -23.50731,
          -46.65175
        ],
        "fillColor": "#adff2f",
        "geometry": "point",
        "serviceDisplay": "Pontos Viciados",
        "subprefeitura": "Casa Verde/Cachoeirinha",
        "logradouro": "Rua Dobrada, 195",
        "service_type": "Pontos Viciados",
        "service_icon": "warning",
        "volumetria": "Entre 1m³ e 5m³",
        "address": "Rua Dobrada, 195"
      },
      "geometry": {
        "type": "Point",
        "coordinates": [
          -46.65175,
          -23.50731
        ]
      },
      "id": "PV:43"
    },
    {
      "type": "Feature",
      "properties": {
        "id": "PV:44",
        "service": "PV",
        "setor": "CV-045",
        "name": "CV-045",
        "centroid": [
          -23.49125,
          -46.66085
        ],
        "fillColor": "#adff2f",
        "geometry": "point",
        "serviceDisplay": "Pontos Viciados",
        "subprefeitura": "Casa Verde/Cachoeirinha",
        "logradouro": "Rua Dom Bento Pickel, 210",
        "service_type": "Pontos Viciados",
        "service_icon": "warning",
        "volumetria": "Entre 1m³ e 5m³",
        "address": "Rua Dom Bento Pickel, 210"
      },
      "geometry": {
        "type": "Point",
        "coordinates": [
          -46.66085,
          -23.49125
        ]
      },
      "id": "PV:44"
    },
    {
      "type": "Feature",
      "properties": {
        "id": "PV:45",
        "service": "PV",
        "setor": "CV-046",
        "name": "CV-046",
        "centroid": [
          -23.48558,
          -46.66786
        ],
        "fillColor": "#adff2f",
        "geometry": "point",
        "serviceDisplay": "Pontos Viciados",
        "subprefeitura": "Casa Verde/Cachoeirinha",
        "logradouro": "Rua Domiciano Ribeiro, 700",
        "service_type": "Pontos Viciados",
        "service_icon": "warning",
        "volumetria": "Entre 1m³ e 5m³",
        "address": "Rua Domiciano Ribeiro, 700"
      },
      "geometry": {
        "type": "Point",
        "coordinates": [
          -46.66786,
          -23.48558
        ]
      },
      "id": "PV:45"
    },
    {
      "type": "Feature",
      "properties": {
        "id": "PV:46",
        "service": "PV",
        "setor": "CV-047",
        "name": "CV-047",
        "centroid": [
          -23.48559,
          -46.66736
        ],
        "fillColor": "#adff2f",
        "geometry": "point",
        "serviceDisplay": "Pontos Viciados",
        "subprefeitura": "Casa Verde/Cachoeirinha",
        "logradouro": "Rua Domiciano Ribeiro, 758",
        "service_type": "Pontos Viciados",
        "service_icon": "warning",
        "volumetria": "Entre 1m³ e 5m³",
        "address": "Rua Domiciano Ribeiro, 758"
      },
      "geometry": {
        "type": "Point",
        "coordinates": [
          -46.66736,
          -23.48559
        ]
      },
      "id": "PV:46"
    },
    {
      "type": "Feature",
      "properties": {
        "id": "PV:47",
        "service": "PV",
        "setor": "CV-048",
        "name": "CV-048",
        "centroid": [
          -23.48543,
          -46.66705
        ],
        "fillColor": "#adff2f",
        "geometry": "point",
        "serviceDisplay": "Pontos Viciados",
        "subprefeitura": "Casa Verde/Cachoeirinha",
        "logradouro": "Rua Domiciano Ribeiro, 775",
        "service_type": "Pontos Viciados",
        "service_icon": "warning",
        "volumetria": "Entre 1m³ e 5m³",
        "address": "Rua Domiciano Ribeiro, 775"
      },
      "geometry": {
        "type": "Point",
        "coordinates": [
          -46.66705,
          -23.48543
        ]
      },
      "id": "PV:47"
    },
    {
      "type": "Feature",
      "properties": {
        "id": "PV:48",
        "service": "PV",
        "setor": "CV-049",
        "name": "CV-049",
        "centroid": [
          -23.46937,
          -46.65229
        ],
        "fillColor": "#adff2f",
        "geometry": "point",
        "serviceDisplay": "Pontos Viciados",
        "subprefeitura": "Casa Verde/Cachoeirinha",
        "logradouro": "Rua Doutor Alcides Cintra Bueno Filho, 217",
        "service_type": "Pontos Viciados",
        "service_icon": "warning",
        "volumetria": "Entre 1m³ e 5m³",
        "address": "Rua Doutor Alcides Cintra Bueno Filho, 217"
      },
      "geometry": {
        "type": "Point",
        "coordinates": [
          -46.65229,
          -23.46937
        ]
      },
      "id": "PV:48"
    },
    {
      "type": "Feature",
      "properties": {
        "id": "PV:49",
        "service": "PV",
        "setor": "CV-050",
        "name": "CV-050",
        "centroid": [
          -23.46147,
          -46.66341
        ],
        "fillColor": "#adff2f",
        "geometry": "point",
        "serviceDisplay": "Pontos Viciados",
        "subprefeitura": "Casa Verde/Cachoeirinha",
        "logradouro": "Rua Doutor Araújo de Castro, 49",
        "service_type": "Pontos Viciados",
        "service_icon": "warning",
        "volumetria": "Entre 1m³ e 5m³",
        "address": "Rua Doutor Araújo de Castro, 49"
      },
      "geometry": {
        "type": "Point",
        "coordinates": [
          -46.66341,
          -23.46147
        ]
      },
      "id": "PV:49"
    },
    {
      "type": "Feature",
      "properties": {
        "id": "PV:50",
        "service": "PV",
        "setor": "CV-051",
        "name": "CV-051",
        "centroid": [
          -23.46233,
          -46.66584
        ],
        "fillColor": "#adff2f",
        "geometry": "point",
        "serviceDisplay": "Pontos Viciados",
        "subprefeitura": "Casa Verde/Cachoeirinha",
        "logradouro": "Rua Doutor Araújo de Castro, 13",
        "service_type": "Pontos Viciados",
        "service_icon": "warning",
        "volumetria": "Entre 1m³ e 5m³",
        "address": "Rua Doutor Araújo de Castro, 13"
      },
      "geometry": {
        "type": "Point",
        "coordinates": [
          -46.66584,
          -23.46233
        ]
      },
      "id": "PV:50"
    },
    {
      "type": "Feature",
      "properties": {
        "id": "PV:51",
        "service": "PV",
        "setor": "CV-052",
        "name": "CV-052",
        "centroid": [
          -23.50675,
          -46.68678
        ],
        "fillColor": "#adff2f",
        "geometry": "point",
        "serviceDisplay": "Pontos Viciados",
        "subprefeitura": "Casa Verde/Cachoeirinha",
        "logradouro": "Rua Doutor Freire Cisneiro, 182",
        "service_type": "Pontos Viciados",
        "service_icon": "warning",
        "volumetria": "Não se aplica (inativo).",
        "address": "Rua Doutor Freire Cisneiro, 182",
        "date": "Inativo",
        "status": "Inativo"
      },
      "geometry": {
        "type": "Point",
        "coordinates": [
          -46.68678,
          -23.50675
        ]
      },
      "id": "PV:51"
    },
    {
      "type": "Feature",
      "properties": {
        "id": "PV:52",
        "service": "PV",
        "setor": "CV-053",
        "name": "CV-053",
        "centroid": [
          -23.49718,
          -46.65504
        ],
        "fillColor": "#adff2f",
        "geometry": "point",
        "serviceDisplay": "Pontos Viciados",
        "subprefeitura": "Casa Verde/Cachoeirinha",
        "logradouro": "Rua Doutor Gabriel Covelli, 116",
        "service_type": "Pontos Viciados",
        "service_icon": "warning",
        "volumetria": "Entre 1m³ e 5m³",
        "address": "Rua Doutor Gabriel Covelli, 116"
      },
      "geometry": {
        "type": "Point",
        "coordinates": [
          -46.65504,
          -23.49718
        ]
      },
      "id": "PV:52"
    },
    {
      "type": "Feature",
      "properties": {
        "id": "PV:53",
        "service": "PV",
        "setor": "CV-054",
        "name": "CV-054",
        "centroid": [
          -23.49921,
          -46.65271
        ],
        "fillColor": "#adff2f",
        "geometry": "point",
        "serviceDisplay": "Pontos Viciados",
        "subprefeitura": "Casa Verde/Cachoeirinha",
        "logradouro": "Rua Doutor Gabriel Covelli, 350",
        "service_type": "Pontos Viciados",
        "service_icon": "warning",
        "volumetria": "Mais de 5m³",
        "address": "Rua Doutor Gabriel Covelli, 350"
      },
      "geometry": {
        "type": "Point",
        "coordinates": [
          -46.65271,
          -23.49921
        ]
      },
      "id": "PV:53"
    },
    {
      "type": "Feature",
      "properties": {
        "id": "PV:54",
        "service": "PV",
        "setor": "CV-055",
        "name": "CV-055",
        "centroid": [
          -23.49601,
          -46.65629
        ],
        "fillColor": "#adff2f",
        "geometry": "point",
        "serviceDisplay": "Pontos Viciados",
        "subprefeitura": "Casa Verde/Cachoeirinha",
        "logradouro": "Rua Doutor Gabriel Covelli, 858",
        "service_type": "Pontos Viciados",
        "service_icon": "warning",
        "volumetria": "Mais de 5m³",
        "address": "Rua Doutor Gabriel Covelli, 858"
      },
      "geometry": {
        "type": "Point",
        "coordinates": [
          -46.65629,
          -23.49601
        ]
      },
      "id": "PV:54"
    },
    {
      "type": "Feature",
      "properties": {
        "id": "PV:55",
        "service": "PV",
        "setor": "CV-056",
        "name": "CV-056",
        "centroid": [
          -23.49523,
          -46.6546
        ],
        "fillColor": "#adff2f",
        "geometry": "point",
        "serviceDisplay": "Pontos Viciados",
        "subprefeitura": "Casa Verde/Cachoeirinha",
        "logradouro": "Rua Doutor Ignácio Proença de Gouveia, 801",
        "service_type": "Pontos Viciados",
        "service_icon": "warning",
        "volumetria": "Mais de 5m³",
        "address": "Rua Doutor Ignácio Proença de Gouveia, 801",
        "date": "46032",
        "status": "Revitalizado"
      },
      "geometry": {
        "type": "Point",
        "coordinates": [
          -46.6546,
          -23.49523
        ]
      },
      "id": "PV:55"
    },
    {
      "type": "Feature",
      "properties": {
        "id": "PV:56",
        "service": "PV",
        "setor": "CV-057",
        "name": "CV-057",
        "centroid": [
          -23.45927,
          -46.66268
        ],
        "fillColor": "#adff2f",
        "geometry": "point",
        "serviceDisplay": "Pontos Viciados",
        "subprefeitura": "Casa Verde/Cachoeirinha",
        "logradouro": "Rua Doutor Sales Malheiros, 343",
        "service_type": "Pontos Viciados",
        "service_icon": "warning",
        "volumetria": "Entre 1m³ e 5m³",
        "address": "Rua Doutor Sales Malheiros, 343"
      },
      "geometry": {
        "type": "Point",
        "coordinates": [
          -46.66268,
          -23.45927
        ]
      },
      "id": "PV:56"
    },
    {
      "type": "Feature",
      "properties": {
        "id": "PV:57",
        "service": "PV",
        "setor": "CV-058",
        "name": "CV-058",
        "centroid": [
          -23.4931,
          -46.66482
        ],
        "fillColor": "#adff2f",
        "geometry": "point",
        "serviceDisplay": "Pontos Viciados",
        "subprefeitura": "Casa Verde/Cachoeirinha",
        "logradouro": "Rua Doutor Sebastião de Lima, 130",
        "service_type": "Pontos Viciados",
        "service_icon": "warning",
        "volumetria": "Entre 1m³ e 5m³",
        "address": "Rua Doutor Sebastião de Lima, 130"
      },
      "geometry": {
        "type": "Point",
        "coordinates": [
          -46.66482,
          -23.4931
        ]
      },
      "id": "PV:57"
    },
    {
      "type": "Feature",
      "properties": {
        "id": "PV:58",
        "service": "PV",
        "setor": "CV-059",
        "name": "CV-059",
        "centroid": [
          -23.4927,
          -46.66833
        ],
        "fillColor": "#adff2f",
        "geometry": "point",
        "serviceDisplay": "Pontos Viciados",
        "subprefeitura": "Casa Verde/Cachoeirinha",
        "logradouro": "Rua Dulcelina X Rua José Soriano de Sousa",
        "service_type": "Pontos Viciados",
        "service_icon": "warning",
        "volumetria": "Entre 1m³ e 5m³",
        "address": "Rua Dulcelina X Rua José Soriano de Sousa"
      },
      "geometry": {
        "type": "Point",
        "coordinates": [
          -46.66833,
          -23.4927
        ]
      },
      "id": "PV:58"
    },
    {
      "type": "Feature",
      "properties": {
        "id": "PV:59",
        "service": "PV",
        "setor": "CV-060",
        "name": "CV-060",
        "centroid": [
          -23.48269,
          -46.67652
        ],
        "fillColor": "#adff2f",
        "geometry": "point",
        "serviceDisplay": "Pontos Viciados",
        "subprefeitura": "Casa Verde/Cachoeirinha",
        "logradouro": "Rua Edson Peregrini, 305",
        "service_type": "Pontos Viciados",
        "service_icon": "warning",
        "volumetria": "Mais de 5m³",
        "address": "Rua Edson Peregrini, 305"
      },
      "geometry": {
        "type": "Point",
        "coordinates": [
          -46.67652,
          -23.48269
        ]
      },
      "id": "PV:59"
    },
    {
      "type": "Feature",
      "properties": {
        "id": "PV:60",
        "service": "PV",
        "setor": "CV-061",
        "name": "CV-061",
        "centroid": [
          -23.48733,
          -46.65921
        ],
        "fillColor": "#adff2f",
        "geometry": "point",
        "serviceDisplay": "Pontos Viciados",
        "subprefeitura": "Casa Verde/Cachoeirinha",
        "logradouro": "Rua Epaminondas Melo do Amaral, 864",
        "service_type": "Pontos Viciados",
        "service_icon": "warning",
        "volumetria": "Não se aplica (inativo).",
        "address": "Rua Epaminondas Melo do Amaral, 864",
        "date": "Inativo",
        "status": "Inativo"
      },
      "geometry": {
        "type": "Point",
        "coordinates": [
          -46.65921,
          -23.48733
        ]
      },
      "id": "PV:60"
    },
    {
      "type": "Feature",
      "properties": {
        "id": "PV:61",
        "service": "PV",
        "setor": "CV-062",
        "name": "CV-062",
        "centroid": [
          -23.49297,
          -46.65984
        ],
        "fillColor": "#adff2f",
        "geometry": "point",
        "serviceDisplay": "Pontos Viciados",
        "subprefeitura": "Casa Verde/Cachoeirinha",
        "logradouro": "Rua Epaminondas Melo do Amaral, 1625",
        "service_type": "Pontos Viciados",
        "service_icon": "warning",
        "volumetria": "Não se aplica (inativo).",
        "address": "Rua Epaminondas Melo do Amaral, 1625",
        "date": "Inativo",
        "status": "Inativo"
      },
      "geometry": {
        "type": "Point",
        "coordinates": [
          -46.65984,
          -23.49297
        ]
      },
      "id": "PV:61"
    },
    {
      "type": "Feature",
      "properties": {
        "id": "PV:62",
        "service": "PV",
        "setor": "CV-063",
        "name": "CV-063",
        "centroid": [
          -23.50676,
          -46.67672
        ],
        "fillColor": "#adff2f",
        "geometry": "point",
        "serviceDisplay": "Pontos Viciados",
        "subprefeitura": "Casa Verde/Cachoeirinha",
        "logradouro": "Rua Eulálio da Costa Carvalho, 385",
        "service_type": "Pontos Viciados",
        "service_icon": "warning",
        "volumetria": "Mais de 5m³",
        "address": "Rua Eulálio da Costa Carvalho, 385"
      },
      "geometry": {
        "type": "Point",
        "coordinates": [
          -46.67672,
          -23.50676
        ]
      },
      "id": "PV:62"
    },
    {
      "type": "Feature",
      "properties": {
        "id": "PV:63",
        "service": "PV",
        "setor": "CV-064",
        "name": "CV-064",
        "centroid": [
          -23.50848,
          -46.67703
        ],
        "fillColor": "#adff2f",
        "geometry": "point",
        "serviceDisplay": "Pontos Viciados",
        "subprefeitura": "Casa Verde/Cachoeirinha",
        "logradouro": "Rua Eulálio da Costa Carvalho, 140",
        "service_type": "Pontos Viciados",
        "service_icon": "warning",
        "volumetria": "Entre 1m³ e 5m³",
        "address": "Rua Eulálio da Costa Carvalho, 140",
        "date": "46039",
        "status": "Revitalizado"
      },
      "geometry": {
        "type": "Point",
        "coordinates": [
          -46.67703,
          -23.50848
        ]
      },
      "id": "PV:63"
    },
    {
      "type": "Feature",
      "properties": {
        "id": "PV:64",
        "service": "PV",
        "setor": "CV-065",
        "name": "CV-065",
        "centroid": [
          -23.5064,
          -46.67666
        ],
        "fillColor": "#adff2f",
        "geometry": "point",
        "serviceDisplay": "Pontos Viciados",
        "subprefeitura": "Casa Verde/Cachoeirinha",
        "logradouro": "Rua Eulálio da Costa Carvalho, 593",
        "service_type": "Pontos Viciados",
        "service_icon": "warning",
        "volumetria": "Entre 1m³ e 5m³",
        "address": "Rua Eulálio da Costa Carvalho, 593"
      },
      "geometry": {
        "type": "Point",
        "coordinates": [
          -46.67666,
          -23.5064
        ]
      },
      "id": "PV:64"
    },
    {
      "type": "Feature",
      "properties": {
        "id": "PV:65",
        "service": "PV",
        "setor": "CV-066",
        "name": "CV-066",
        "centroid": [
          -23.46745,
          -46.66066
        ],
        "fillColor": "#adff2f",
        "geometry": "point",
        "serviceDisplay": "Pontos Viciados",
        "subprefeitura": "Casa Verde/Cachoeirinha",
        "logradouro": "Rua Fernando Pessoa, 595",
        "service_type": "Pontos Viciados",
        "service_icon": "warning",
        "volumetria": "Mais de 5m³",
        "address": "Rua Fernando Pessoa, 595",
        "date": "46011",
        "status": "Revitalizado"
      },
      "geometry": {
        "type": "Point",
        "coordinates": [
          -46.66066,
          -23.46745
        ]
      },
      "id": "PV:65"
    },
    {
      "type": "Feature",
      "properties": {
        "id": "PV:66",
        "service": "PV",
        "setor": "CV-067",
        "name": "CV-067",
        "centroid": [
          -23.46747,
          -46.66112
        ],
        "fillColor": "#adff2f",
        "geometry": "point",
        "serviceDisplay": "Pontos Viciados",
        "subprefeitura": "Casa Verde/Cachoeirinha",
        "logradouro": "Rua Fernando Pessoa, 513",
        "service_type": "Pontos Viciados",
        "service_icon": "warning",
        "volumetria": "Entre 1m³ e 5m³",
        "address": "Rua Fernando Pessoa, 513"
      },
      "geometry": {
        "type": "Point",
        "coordinates": [
          -46.66112,
          -23.46747
        ]
      },
      "id": "PV:66"
    },
    {
      "type": "Feature",
      "properties": {
        "id": "PV:67",
        "service": "PV",
        "setor": "CV-068",
        "name": "CV-068",
        "centroid": [
          -23.45729,
          -46.65609
        ],
        "fillColor": "#adff2f",
        "geometry": "point",
        "serviceDisplay": "Pontos Viciados",
        "subprefeitura": "Casa Verde/Cachoeirinha",
        "logradouro": "Rua Forte de São Caetano, 254",
        "service_type": "Pontos Viciados",
        "service_icon": "warning",
        "volumetria": "Entre 1m³ e 5m³",
        "address": "Rua Forte de São Caetano, 254"
      },
      "geometry": {
        "type": "Point",
        "coordinates": [
          -46.65609,
          -23.45729
        ]
      },
      "id": "PV:67"
    },
    {
      "type": "Feature",
      "properties": {
        "id": "PV:68",
        "service": "PV",
        "setor": "CV-069",
        "name": "CV-069",
        "centroid": [
          -23.46307,
          -46.65658
        ],
        "fillColor": "#adff2f",
        "geometry": "point",
        "serviceDisplay": "Pontos Viciados",
        "subprefeitura": "Casa Verde/Cachoeirinha",
        "logradouro": "Avenida Maria Antonia Martins X Rua Francisco Arcuri",
        "service_type": "Pontos Viciados",
        "service_icon": "warning",
        "volumetria": "Entre 1m³ e 5m³",
        "address": "Avenida Maria Antonia Martins X Rua Francisco Arcuri"
      },
      "geometry": {
        "type": "Point",
        "coordinates": [
          -46.65658,
          -23.46307
        ]
      },
      "id": "PV:68"
    },
    {
      "type": "Feature",
      "properties": {
        "id": "PV:69",
        "service": "PV",
        "setor": "CV-070",
        "name": "CV-070",
        "centroid": [
          -23.49635,
          -46.67224
        ],
        "fillColor": "#adff2f",
        "geometry": "point",
        "serviceDisplay": "Pontos Viciados",
        "subprefeitura": "Casa Verde/Cachoeirinha",
        "logradouro": "Rua Francisco Augusto Lopes, 271",
        "service_type": "Pontos Viciados",
        "service_icon": "warning",
        "volumetria": "Entre 1m³ e 5m³",
        "address": "Rua Francisco Augusto Lopes, 271",
        "date": "46046",
        "status": "Revitalizado"
      },
      "geometry": {
        "type": "Point",
        "coordinates": [
          -46.67224,
          -23.49635
        ]
      },
      "id": "PV:69"
    },
    {
      "type": "Feature",
      "properties": {
        "id": "PV:70",
        "service": "PV",
        "setor": "CV-071",
        "name": "CV-071",
        "centroid": [
          -23.46815,
          -46.66708
        ],
        "fillColor": "#adff2f",
        "geometry": "point",
        "serviceDisplay": "Pontos Viciados",
        "subprefeitura": "Casa Verde/Cachoeirinha",
        "logradouro": "Rua Francisco Rodrigues Lobo, 15",
        "service_type": "Pontos Viciados",
        "service_icon": "warning",
        "volumetria": "Entre 1m³ e 5m³",
        "address": "Rua Francisco Rodrigues Lobo, 15"
      },
      "geometry": {
        "type": "Point",
        "coordinates": [
          -46.66708,
          -23.46815
        ]
      },
      "id": "PV:70"
    },
    {
      "type": "Feature",
      "properties": {
        "id": "PV:71",
        "service": "PV",
        "setor": "CV-072",
        "name": "CV-072",
        "centroid": [
          -23.47465,
          -46.65798
        ],
        "fillColor": "#adff2f",
        "geometry": "point",
        "serviceDisplay": "Pontos Viciados",
        "subprefeitura": "Casa Verde/Cachoeirinha",
        "logradouro": "Rua Franklin do Amaral, 611",
        "service_type": "Pontos Viciados",
        "service_icon": "warning",
        "volumetria": "Entre 1m³ e 5m³",
        "address": "Rua Franklin do Amaral, 611"
      },
      "geometry": {
        "type": "Point",
        "coordinates": [
          -46.65798,
          -23.47465
        ]
      },
      "id": "PV:71"
    },
    {
      "type": "Feature",
      "properties": {
        "id": "PV:72",
        "service": "PV",
        "setor": "CV-073",
        "name": "CV-073",
        "centroid": [
          -23.50216,
          -46.6563
        ],
        "fillColor": "#adff2f",
        "geometry": "point",
        "serviceDisplay": "Pontos Viciados",
        "subprefeitura": "Casa Verde/Cachoeirinha",
        "logradouro": "Rua Galiléia, 325",
        "service_type": "Pontos Viciados",
        "service_icon": "warning",
        "volumetria": "Entre 1m³ e 5m³",
        "address": "Rua Galiléia, 325"
      },
      "geometry": {
        "type": "Point",
        "coordinates": [
          -46.6563,
          -23.50216
        ]
      },
      "id": "PV:72"
    },
    {
      "type": "Feature",
      "properties": {
        "id": "PV:73",
        "service": "PV",
        "setor": "CV-074",
        "name": "CV-074",
        "centroid": [
          -23.45351,
          -46.67407
        ],
        "fillColor": "#adff2f",
        "geometry": "point",
        "serviceDisplay": "Pontos Viciados",
        "subprefeitura": "Casa Verde/Cachoeirinha",
        "logradouro": "Avenida Inajar de Souza X Rua Gervasio Leite Rebelo",
        "service_type": "Pontos Viciados",
        "service_icon": "warning",
        "volumetria": "Entre 1m³ e 5m³",
        "address": "Avenida Inajar de Souza X Rua Gervasio Leite Rebelo"
      },
      "geometry": {
        "type": "Point",
        "coordinates": [
          -46.67407,
          -23.45351
        ]
      },
      "id": "PV:73"
    },
    {
      "type": "Feature",
      "properties": {
        "id": "PV:74",
        "service": "PV",
        "setor": "CV-075",
        "name": "CV-075",
        "centroid": [
          -23.45341,
          -46.67142
        ],
        "fillColor": "#adff2f",
        "geometry": "point",
        "serviceDisplay": "Pontos Viciados",
        "subprefeitura": "Casa Verde/Cachoeirinha",
        "logradouro": "Rua Dario Vilares Barbosa X Rua Gervasio Leite Rebelo",
        "service_type": "Pontos Viciados",
        "service_icon": "warning",
        "volumetria": "Entre 1m³ e 5m³",
        "address": "Rua Dario Vilares Barbosa X Rua Gervasio Leite Rebelo"
      },
      "geometry": {
        "type": "Point",
        "coordinates": [
          -46.67142,
          -23.45341
        ]
      },
      "id": "PV:74"
    },
    {
      "type": "Feature",
      "properties": {
        "id": "PV:75",
        "service": "PV",
        "setor": "CV-076",
        "name": "CV-076",
        "centroid": [
          -23.45794,
          -46.66823
        ],
        "fillColor": "#adff2f",
        "geometry": "point",
        "serviceDisplay": "Pontos Viciados",
        "subprefeitura": "Casa Verde/Cachoeirinha",
        "logradouro": "Rua Gervasio Leite Rebelo X Rua Serrana Fluminense",
        "service_type": "Pontos Viciados",
        "service_icon": "warning",
        "volumetria": "Entre 1m³ e 5m³",
        "address": "Rua Gervasio Leite Rebelo X Rua Serrana Fluminense"
      },
      "geometry": {
        "type": "Point",
        "coordinates": [
          -46.66823,
          -23.45794
        ]
      },
      "id": "PV:75"
    },
    {
      "type": "Feature",
      "properties": {
        "id": "PV:76",
        "service": "PV",
        "setor": "CV-077",
        "name": "CV-077",
        "centroid": [
          -23.45804,
          -46.66805
        ],
        "fillColor": "#adff2f",
        "geometry": "point",
        "serviceDisplay": "Pontos Viciados",
        "subprefeitura": "Casa Verde/Cachoeirinha",
        "logradouro": "Rua Gervasio Leite Rebelo, 10",
        "service_type": "Pontos Viciados",
        "service_icon": "warning",
        "volumetria": "Entre 1m³ e 5m³",
        "address": "Rua Gervasio Leite Rebelo, 10"
      },
      "geometry": {
        "type": "Point",
        "coordinates": [
          -46.66805,
          -23.45804
        ]
      },
      "id": "PV:76"
    },
    {
      "type": "Feature",
      "properties": {
        "id": "PV:77",
        "service": "PV",
        "setor": "CV-078",
        "name": "CV-078",
        "centroid": [
          -23.49413,
          -46.66044
        ],
        "fillColor": "#adff2f",
        "geometry": "point",
        "serviceDisplay": "Pontos Viciados",
        "subprefeitura": "Casa Verde/Cachoeirinha",
        "logradouro": "Rua Gonçalo de Sá, 1828",
        "service_type": "Pontos Viciados",
        "service_icon": "warning",
        "volumetria": "Entre 1m³ e 5m³",
        "address": "Rua Gonçalo de Sá, 1828"
      },
      "geometry": {
        "type": "Point",
        "coordinates": [
          -46.66044,
          -23.49413
        ]
      },
      "id": "PV:77"
    },
    {
      "type": "Feature",
      "properties": {
        "id": "PV:78",
        "service": "PV",
        "setor": "CV-079",
        "name": "CV-079",
        "centroid": [
          -23.49436,
          -46.66038
        ],
        "fillColor": "#adff2f",
        "geometry": "point",
        "serviceDisplay": "Pontos Viciados",
        "subprefeitura": "Casa Verde/Cachoeirinha",
        "logradouro": "Rua Gonçalo de Sá, 1850",
        "service_type": "Pontos Viciados",
        "service_icon": "warning",
        "volumetria": "Entre 1m³ e 5m³",
        "address": "Rua Gonçalo de Sá, 1850"
      },
      "geometry": {
        "type": "Point",
        "coordinates": [
          -46.66038,
          -23.49436
        ]
      },
      "id": "PV:78"
    },
    {
      "type": "Feature",
      "properties": {
        "id": "PV:79",
        "service": "PV",
        "setor": "CV-080",
        "name": "CV-080",
        "centroid": [
          -23.51436,
          -46.66322
        ],
        "fillColor": "#adff2f",
        "geometry": "point",
        "serviceDisplay": "Pontos Viciados",
        "subprefeitura": "Casa Verde/Cachoeirinha",
        "logradouro": "Rua Horacio Vergueiro Rudge, 69",
        "service_type": "Pontos Viciados",
        "service_icon": "warning",
        "volumetria": "Entre 1m³ e 5m³",
        "address": "Rua Horacio Vergueiro Rudge, 69"
      },
      "geometry": {
        "type": "Point",
        "coordinates": [
          -46.66322,
          -23.51436
        ]
      },
      "id": "PV:79"
    },
    {
      "type": "Feature",
      "properties": {
        "id": "PV:80",
        "service": "PV",
        "setor": "CV-081",
        "name": "CV-081",
        "centroid": [
          -23.51492,
          -46.65933
        ],
        "fillColor": "#adff2f",
        "geometry": "point",
        "serviceDisplay": "Pontos Viciados",
        "subprefeitura": "Casa Verde/Cachoeirinha",
        "logradouro": "Rua Iapo, 284",
        "service_type": "Pontos Viciados",
        "service_icon": "warning",
        "volumetria": "Entre 1m³ e 5m³",
        "address": "Rua Iapo, 284",
        "date": "46060",
        "status": "Revitalizado"
      },
      "geometry": {
        "type": "Point",
        "coordinates": [
          -46.65933,
          -23.51492
        ]
      },
      "id": "PV:80"
    },
    {
      "type": "Feature",
      "properties": {
        "id": "PV:81",
        "service": "PV",
        "setor": "CV-082",
        "name": "CV-082",
        "centroid": [
          -23.48951,
          -46.68373
        ],
        "fillColor": "#adff2f",
        "geometry": "point",
        "serviceDisplay": "Pontos Viciados",
        "subprefeitura": "Casa Verde/Cachoeirinha",
        "logradouro": "Rua João Roberto Thut, 509",
        "service_type": "Pontos Viciados",
        "service_icon": "warning",
        "volumetria": "Entre 1m³ e 5m³",
        "address": "Rua João Roberto Thut, 509",
        "date": "46053",
        "status": "Revitalizado"
      },
      "geometry": {
        "type": "Point",
        "coordinates": [
          -46.68373,
          -23.48951
        ]
      },
      "id": "PV:81"
    },
    {
      "type": "Feature",
      "properties": {
        "id": "PV:82",
        "service": "PV",
        "setor": "CV-083",
        "name": "CV-083",
        "centroid": [
          -23.48562,
          -46.66474
        ],
        "fillColor": "#adff2f",
        "geometry": "point",
        "serviceDisplay": "Pontos Viciados",
        "subprefeitura": "Casa Verde/Cachoeirinha",
        "logradouro": "Rua Joaquim Afonso de Souza, 712",
        "service_type": "Pontos Viciados",
        "service_icon": "warning",
        "volumetria": "Entre 1m³ e 5m³",
        "address": "Rua Joaquim Afonso de Souza, 712"
      },
      "geometry": {
        "type": "Point",
        "coordinates": [
          -46.66474,
          -23.48562
        ]
      },
      "id": "PV:82"
    },
    {
      "type": "Feature",
      "properties": {
        "id": "PV:83",
        "service": "PV",
        "setor": "CV-084",
        "name": "CV-084",
        "centroid": [
          -23.51342,
          -46.66925
        ],
        "fillColor": "#adff2f",
        "geometry": "point",
        "serviceDisplay": "Pontos Viciados",
        "subprefeitura": "Casa Verde/Cachoeirinha",
        "logradouro": "Rua José Amato, 40",
        "service_type": "Pontos Viciados",
        "service_icon": "warning",
        "volumetria": "Entre 1m³ e 5m³",
        "address": "Rua José Amato, 40"
      },
      "geometry": {
        "type": "Point",
        "coordinates": [
          -46.66925,
          -23.51342
        ]
      },
      "id": "PV:83"
    },
    {
      "type": "Feature",
      "properties": {
        "id": "PV:84",
        "service": "PV",
        "setor": "CV-085",
        "name": "CV-085",
        "centroid": [
          -23.5042,
          -46.66318
        ],
        "fillColor": "#adff2f",
        "geometry": "point",
        "serviceDisplay": "Pontos Viciados",
        "subprefeitura": "Casa Verde/Cachoeirinha",
        "logradouro": "Rua José de Brito de Freitas, 14",
        "service_type": "Pontos Viciados",
        "service_icon": "warning",
        "volumetria": "Entre 1m³ e 5m³",
        "address": "Rua José de Brito de Freitas, 14"
      },
      "geometry": {
        "type": "Point",
        "coordinates": [
          -46.66318,
          -23.5042
        ]
      },
      "id": "PV:84"
    },
    {
      "type": "Feature",
      "properties": {
        "id": "PV:85",
        "service": "PV",
        "setor": "CV-086",
        "name": "CV-086",
        "centroid": [
          -23.50518,
          -46.67856
        ],
        "fillColor": "#adff2f",
        "geometry": "point",
        "serviceDisplay": "Pontos Viciados",
        "subprefeitura": "Casa Verde/Cachoeirinha",
        "logradouro": "Rua José Papaterra Limongi, 31",
        "service_type": "Pontos Viciados",
        "service_icon": "warning",
        "volumetria": "Entre 1m³ e 5m³",
        "address": "Rua José Papaterra Limongi, 31"
      },
      "geometry": {
        "type": "Point",
        "coordinates": [
          -46.67856,
          -23.50518
        ]
      },
      "id": "PV:85"
    },
    {
      "type": "Feature",
      "properties": {
        "id": "PV:86",
        "service": "PV",
        "setor": "CV-087",
        "name": "CV-087",
        "centroid": [
          -23.49474,
          -46.6678
        ],
        "fillColor": "#adff2f",
        "geometry": "point",
        "serviceDisplay": "Pontos Viciados",
        "subprefeitura": "Casa Verde/Cachoeirinha",
        "logradouro": "Rua Antonio Vera Cruz X Rua José Soriano de Sousa",
        "service_type": "Pontos Viciados",
        "service_icon": "warning",
        "volumetria": "Entre 1m³ e 5m³",
        "address": "Rua Antonio Vera Cruz X Rua José Soriano de Sousa",
        "date": "46095"
      },
      "geometry": {
        "type": "Point",
        "coordinates": [
          -46.6678,
          -23.49474
        ]
      },
      "id": "PV:86"
    },
    {
      "type": "Feature",
      "properties": {
        "id": "PV:87",
        "service": "PV",
        "setor": "CV-088",
        "name": "CV-088",
        "centroid": [
          -23.50781,
          -46.67465
        ],
        "fillColor": "#adff2f",
        "geometry": "point",
        "serviceDisplay": "Pontos Viciados",
        "subprefeitura": "Casa Verde/Cachoeirinha",
        "logradouro": "Rua Luar do Meu Bem, 160",
        "service_type": "Pontos Viciados",
        "service_icon": "warning",
        "volumetria": "Entre 1m³ e 5m³",
        "address": "Rua Luar do Meu Bem, 160"
      },
      "geometry": {
        "type": "Point",
        "coordinates": [
          -46.67465,
          -23.50781
        ]
      },
      "id": "PV:87"
    },
    {
      "type": "Feature",
      "properties": {
        "id": "PV:88",
        "service": "PV",
        "setor": "CV-089",
        "name": "CV-089",
        "centroid": [
          -23.48129,
          -46.65489
        ],
        "fillColor": "#adff2f",
        "geometry": "point",
        "serviceDisplay": "Pontos Viciados",
        "subprefeitura": "Casa Verde/Cachoeirinha",
        "logradouro": "Rua Manuel de Oliveira Pessoa Júnior, 73",
        "service_type": "Pontos Viciados",
        "service_icon": "warning",
        "volumetria": "Entre 1m³ e 5m³",
        "address": "Rua Manuel de Oliveira Pessoa Júnior, 73"
      },
      "geometry": {
        "type": "Point",
        "coordinates": [
          -46.65489,
          -23.48129
        ]
      },
      "id": "PV:88"
    },
    {
      "type": "Feature",
      "properties": {
        "id": "PV:89",
        "service": "PV",
        "setor": "CV-090",
        "name": "CV-090",
        "centroid": [
          -23.4569,
          -46.66854
        ],
        "fillColor": "#adff2f",
        "geometry": "point",
        "serviceDisplay": "Pontos Viciados",
        "subprefeitura": "Casa Verde/Cachoeirinha",
        "logradouro": "Rua Manuel Nogueira da Gama, 2",
        "service_type": "Pontos Viciados",
        "service_icon": "warning",
        "volumetria": "Entre 1m³ e 5m³",
        "address": "Rua Manuel Nogueira da Gama, 2"
      },
      "geometry": {
        "type": "Point",
        "coordinates": [
          -46.66854,
          -23.4569
        ]
      },
      "id": "PV:89"
    },
    {
      "type": "Feature",
      "properties": {
        "id": "PV:90",
        "service": "PV",
        "setor": "CV-091",
        "name": "CV-091",
        "centroid": [
          -23.49721,
          -46.66084
        ],
        "fillColor": "#adff2f",
        "geometry": "point",
        "serviceDisplay": "Pontos Viciados",
        "subprefeitura": "Casa Verde/Cachoeirinha",
        "logradouro": "Rua Ouro Grosso X Rua Zilda",
        "service_type": "Pontos Viciados",
        "service_icon": "warning",
        "volumetria": "Entre 1m³ e 5m³",
        "address": "Rua Ouro Grosso X Rua Zilda",
        "date": "46067",
        "status": "Revitalizado"
      },
      "geometry": {
        "type": "Point",
        "coordinates": [
          -46.66084,
          -23.49721
        ]
      },
      "id": "PV:90"
    },
    {
      "type": "Feature",
      "properties": {
        "id": "PV:91",
        "service": "PV",
        "setor": "CV-092",
        "name": "CV-092",
        "centroid": [
          -23.45663,
          -46.65436
        ],
        "fillColor": "#adff2f",
        "geometry": "point",
        "serviceDisplay": "Pontos Viciados",
        "subprefeitura": "Casa Verde/Cachoeirinha",
        "logradouro": "Rua Paisagem na Janela, 78",
        "service_type": "Pontos Viciados",
        "service_icon": "warning",
        "volumetria": "Entre 1m³ e 5m³",
        "address": "Rua Paisagem na Janela, 78"
      },
      "geometry": {
        "type": "Point",
        "coordinates": [
          -46.65436,
          -23.45663
        ]
      },
      "id": "PV:91"
    },
    {
      "type": "Feature",
      "properties": {
        "id": "PV:92",
        "service": "PV",
        "setor": "CV-093",
        "name": "CV-093",
        "centroid": [
          -23.47227,
          -46.65702
        ],
        "fillColor": "#adff2f",
        "geometry": "point",
        "serviceDisplay": "Pontos Viciados",
        "subprefeitura": "Casa Verde/Cachoeirinha",
        "logradouro": "Rua Pedro Osório Filho, 265",
        "service_type": "Pontos Viciados",
        "service_icon": "warning",
        "volumetria": "Entre 1m³ e 5m³",
        "address": "Rua Pedro Osório Filho, 265"
      },
      "geometry": {
        "type": "Point",
        "coordinates": [
          -46.65702,
          -23.47227
        ]
      },
      "id": "PV:92"
    },
    {
      "type": "Feature",
      "properties": {
        "id": "PV:93",
        "service": "PV",
        "setor": "CV-094",
        "name": "CV-094",
        "centroid": [
          -23.49233,
          -46.67038
        ],
        "fillColor": "#adff2f",
        "geometry": "point",
        "serviceDisplay": "Pontos Viciados",
        "subprefeitura": "Casa Verde/Cachoeirinha",
        "logradouro": "Rua Professor Dario Ribeiro, 822",
        "service_type": "Pontos Viciados",
        "service_icon": "warning",
        "volumetria": "Entre 1m³ e 5m³",
        "address": "Rua Professor Dario Ribeiro, 822",
        "date": "45927",
        "status": "Revitalizado"
      },
      "geometry": {
        "type": "Point",
        "coordinates": [
          -46.67038,
          -23.49233
        ]
      },
      "id": "PV:93"
    },
    {
      "type": "Feature",
      "properties": {
        "id": "PV:94",
        "service": "PV",
        "setor": "CV-095",
        "name": "CV-095",
        "centroid": [
          -23.49392,
          -46.67467
        ],
        "fillColor": "#adff2f",
        "geometry": "point",
        "serviceDisplay": "Pontos Viciados",
        "subprefeitura": "Casa Verde/Cachoeirinha",
        "logradouro": "Rua Professor Dario Ribeiro, 328",
        "service_type": "Pontos Viciados",
        "service_icon": "warning",
        "volumetria": "Entre 1m³ e 5m³",
        "address": "Rua Professor Dario Ribeiro, 328"
      },
      "geometry": {
        "type": "Point",
        "coordinates": [
          -46.67467,
          -23.49392
        ]
      },
      "id": "PV:94"
    },
    {
      "type": "Feature",
      "properties": {
        "id": "PV:95",
        "service": "PV",
        "setor": "CV-096",
        "name": "CV-096",
        "centroid": [
          -23.49048,
          -46.67279
        ],
        "fillColor": "#adff2f",
        "geometry": "point",
        "serviceDisplay": "Pontos Viciados",
        "subprefeitura": "Casa Verde/Cachoeirinha",
        "logradouro": "Rua Matias Abreu X Rua Quartim Barbosa",
        "service_type": "Pontos Viciados",
        "service_icon": "warning",
        "volumetria": "Entre 1m³ e 5m³",
        "address": "Rua Matias Abreu X Rua Quartim Barbosa"
      },
      "geometry": {
        "type": "Point",
        "coordinates": [
          -46.67279,
          -23.49048
        ]
      },
      "id": "PV:95"
    },
    {
      "type": "Feature",
      "properties": {
        "id": "PV:96",
        "service": "PV",
        "setor": "CV-097",
        "name": "CV-097",
        "centroid": [
          -23.4922,
          -46.67248
        ],
        "fillColor": "#adff2f",
        "geometry": "point",
        "serviceDisplay": "Pontos Viciados",
        "subprefeitura": "Casa Verde/Cachoeirinha",
        "logradouro": "Rua Quartim Barbosa, 100",
        "service_type": "Pontos Viciados",
        "service_icon": "warning",
        "volumetria": "Entre 1m³ e 5m³",
        "address": "Rua Quartim Barbosa, 100",
        "date": "46018",
        "status": "Revitalizado"
      },
      "geometry": {
        "type": "Point",
        "coordinates": [
          -46.67248,
          -23.4922
        ]
      },
      "id": "PV:96"
    },
    {
      "type": "Feature",
      "properties": {
        "id": "PV:97",
        "service": "PV",
        "setor": "CV-098",
        "name": "CV-098",
        "centroid": [
          -23.50011,
          -46.67092
        ],
        "fillColor": "#adff2f",
        "geometry": "point",
        "serviceDisplay": "Pontos Viciados",
        "subprefeitura": "Casa Verde/Cachoeirinha",
        "logradouro": "Rua Rocha Lima, 392",
        "service_type": "Pontos Viciados",
        "service_icon": "warning",
        "volumetria": "Entre 1m³ e 5m³",
        "address": "Rua Rocha Lima, 392"
      },
      "geometry": {
        "type": "Point",
        "coordinates": [
          -46.67092,
          -23.50011
        ]
      },
      "id": "PV:97"
    },
    {
      "type": "Feature",
      "properties": {
        "id": "PV:98",
        "service": "PV",
        "setor": "CV-099",
        "name": "CV-099",
        "centroid": [
          -23.51025,
          -46.67658
        ],
        "fillColor": "#adff2f",
        "geometry": "point",
        "serviceDisplay": "Pontos Viciados",
        "subprefeitura": "Casa Verde/Cachoeirinha",
        "logradouro": "Rua Sampaio Corrêa, 294",
        "service_type": "Pontos Viciados",
        "service_icon": "warning",
        "volumetria": "Entre 1m³ e 5m³",
        "address": "Rua Sampaio Corrêa, 294"
      },
      "geometry": {
        "type": "Point",
        "coordinates": [
          -46.67658,
          -23.51025
        ]
      },
      "id": "PV:98"
    },
    {
      "type": "Feature",
      "properties": {
        "id": "PV:99",
        "service": "PV",
        "setor": "CV-100",
        "name": "CV-100",
        "centroid": [
          -23.49827,
          -46.65518
        ],
        "fillColor": "#adff2f",
        "geometry": "point",
        "serviceDisplay": "Pontos Viciados",
        "subprefeitura": "Casa Verde/Cachoeirinha",
        "logradouro": "Rua Santa Eudoxia, 629",
        "service_type": "Pontos Viciados",
        "service_icon": "warning",
        "volumetria": "Entre 1m³ e 5m³",
        "address": "Rua Santa Eudoxia, 629"
      },
      "geometry": {
        "type": "Point",
        "coordinates": [
          -46.65518,
          -23.49827
        ]
      },
      "id": "PV:99"
    },
    {
      "type": "Feature",
      "properties": {
        "id": "PV:100",
        "service": "PV",
        "setor": "CV-101",
        "name": "CV-101",
        "centroid": [
          -23.46045,
          -46.64982
        ],
        "fillColor": "#adff2f",
        "geometry": "point",
        "serviceDisplay": "Pontos Viciados",
        "subprefeitura": "Casa Verde/Cachoeirinha",
        "logradouro": "Rua São Lourenço do Sul, 369",
        "service_type": "Pontos Viciados",
        "service_icon": "warning",
        "volumetria": "Entre 1m³ e 5m³",
        "address": "Rua São Lourenço do Sul, 369"
      },
      "geometry": {
        "type": "Point",
        "coordinates": [
          -46.64982,
          -23.46045
        ]
      },
      "id": "PV:100"
    },
    {
      "type": "Feature",
      "properties": {
        "id": "PV:101",
        "service": "PV",
        "setor": "CV-102",
        "name": "CV-102",
        "centroid": [
          -23.50455,
          -46.6705
        ],
        "fillColor": "#adff2f",
        "geometry": "point",
        "serviceDisplay": "Pontos Viciados",
        "subprefeitura": "Casa Verde/Cachoeirinha",
        "logradouro": "Rua Sebastião de Morais, 244",
        "service_type": "Pontos Viciados",
        "service_icon": "warning",
        "volumetria": "Mais de 5m³",
        "address": "Rua Sebastião de Morais, 244"
      },
      "geometry": {
        "type": "Point",
        "coordinates": [
          -46.6705,
          -23.50455
        ]
      },
      "id": "PV:101"
    },
    {
      "type": "Feature",
      "properties": {
        "id": "PV:102",
        "service": "PV",
        "setor": "CV-103",
        "name": "CV-103",
        "centroid": [
          -23.50433,
          -46.67093
        ],
        "fillColor": "#adff2f",
        "geometry": "point",
        "serviceDisplay": "Pontos Viciados",
        "subprefeitura": "Casa Verde/Cachoeirinha",
        "logradouro": "Rua Sebastião de Morais, 162",
        "service_type": "Pontos Viciados",
        "service_icon": "warning",
        "volumetria": "Mais de 5m³",
        "address": "Rua Sebastião de Morais, 162"
      },
      "geometry": {
        "type": "Point",
        "coordinates": [
          -46.67093,
          -23.50433
        ]
      },
      "id": "PV:102"
    },
    {
      "type": "Feature",
      "properties": {
        "id": "PV:103",
        "service": "PV",
        "setor": "CV-104",
        "name": "CV-104",
        "centroid": [
          -23.50687,
          -46.66774
        ],
        "fillColor": "#adff2f",
        "geometry": "point",
        "serviceDisplay": "Pontos Viciados",
        "subprefeitura": "Casa Verde/Cachoeirinha",
        "logradouro": "Rua Tangerinas, 13",
        "service_type": "Pontos Viciados",
        "service_icon": "warning",
        "volumetria": "Entre 1m³ e 5m³",
        "address": "Rua Tangerinas, 13",
        "date": "46074",
        "status": "Revitalizado"
      },
      "geometry": {
        "type": "Point",
        "coordinates": [
          -46.66774,
          -23.50687
        ]
      },
      "id": "PV:103"
    },
    {
      "type": "Feature",
      "properties": {
        "id": "PV:104",
        "service": "PV",
        "setor": "CV-105",
        "name": "CV-105",
        "centroid": [
          -23.46133,
          -46.6575
        ],
        "fillColor": "#adff2f",
        "geometry": "point",
        "serviceDisplay": "Pontos Viciados",
        "subprefeitura": "Casa Verde/Cachoeirinha",
        "logradouro": "Rua Teresa Penoy, 216",
        "service_type": "Pontos Viciados",
        "service_icon": "warning",
        "volumetria": "Entre 1m³ e 5m³",
        "address": "Rua Teresa Penoy, 216"
      },
      "geometry": {
        "type": "Point",
        "coordinates": [
          -46.6575,
          -23.46133
        ]
      },
      "id": "PV:104"
    },
    {
      "type": "Feature",
      "properties": {
        "id": "PV:105",
        "service": "PV",
        "setor": "CV-106",
        "name": "CV-106",
        "centroid": [
          -23.46076,
          -46.65673
        ],
        "fillColor": "#adff2f",
        "geometry": "point",
        "serviceDisplay": "Pontos Viciados",
        "subprefeitura": "Casa Verde/Cachoeirinha",
        "logradouro": "Rua Teresa Penoy, 64",
        "service_type": "Pontos Viciados",
        "service_icon": "warning",
        "volumetria": "Entre 1m³ e 5m³",
        "address": "Rua Teresa Penoy, 64"
      },
      "geometry": {
        "type": "Point",
        "coordinates": [
          -46.65673,
          -23.46076
        ]
      },
      "id": "PV:105"
    },
    {
      "type": "Feature",
      "properties": {
        "id": "PV:106",
        "service": "PV",
        "setor": "CV-107",
        "name": "CV-107",
        "centroid": [
          -23.46154,
          -46.65775
        ],
        "fillColor": "#adff2f",
        "geometry": "point",
        "serviceDisplay": "Pontos Viciados",
        "subprefeitura": "Casa Verde/Cachoeirinha",
        "logradouro": "Rua Teresa Penoy, 231",
        "service_type": "Pontos Viciados",
        "service_icon": "warning",
        "volumetria": "Entre 1m³ e 5m³",
        "address": "Rua Teresa Penoy, 231"
      },
      "geometry": {
        "type": "Point",
        "coordinates": [
          -46.65775,
          -23.46154
        ]
      },
      "id": "PV:106"
    },
    {
      "type": "Feature",
      "properties": {
        "id": "PV:107",
        "service": "PV",
        "setor": "CV-108",
        "name": "CV-108",
        "centroid": [
          -23.46157,
          -46.65796
        ],
        "fillColor": "#adff2f",
        "geometry": "point",
        "serviceDisplay": "Pontos Viciados",
        "subprefeitura": "Casa Verde/Cachoeirinha",
        "logradouro": "Rua Teresa Penoy, 243",
        "service_type": "Pontos Viciados",
        "service_icon": "warning",
        "volumetria": "Entre 1m³ e 5m³",
        "address": "Rua Teresa Penoy, 243"
      },
      "geometry": {
        "type": "Point",
        "coordinates": [
          -46.65796,
          -23.46157
        ]
      },
      "id": "PV:107"
    },
    {
      "type": "Feature",
      "properties": {
        "id": "PV:108",
        "service": "PV",
        "setor": "CV-109",
        "name": "CV-109",
        "centroid": [
          -23.46864,
          -46.64792
        ],
        "fillColor": "#adff2f",
        "geometry": "point",
        "serviceDisplay": "Pontos Viciados",
        "subprefeitura": "Casa Verde/Cachoeirinha",
        "logradouro": "Rua Sais Saad X Rua Torre da Alfandega",
        "service_type": "Pontos Viciados",
        "service_icon": "warning",
        "volumetria": "Não se aplica (inativo).",
        "address": "Rua Sais Saad X Rua Torre da Alfandega",
        "date": "Inativo",
        "status": "Inativo"
      },
      "geometry": {
        "type": "Point",
        "coordinates": [
          -46.64792,
          -23.46864
        ]
      },
      "id": "PV:108"
    },
    {
      "type": "Feature",
      "properties": {
        "id": "PV:109",
        "service": "PV",
        "setor": "CV-110",
        "name": "CV-110",
        "centroid": [
          -23.45681,
          -46.66234
        ],
        "fillColor": "#adff2f",
        "geometry": "point",
        "serviceDisplay": "Pontos Viciados",
        "subprefeitura": "Casa Verde/Cachoeirinha",
        "logradouro": "Rua Várzea Grande, 128",
        "service_type": "Pontos Viciados",
        "service_icon": "warning",
        "volumetria": "Entre 1m³ e 5m³",
        "address": "Rua Várzea Grande, 128"
      },
      "geometry": {
        "type": "Point",
        "coordinates": [
          -46.66234,
          -23.45681
        ]
      },
      "id": "PV:109"
    },
    {
      "type": "Feature",
      "properties": {
        "id": "PV:110",
        "service": "PV",
        "setor": "CV-111",
        "name": "CV-111",
        "centroid": [
          -23.49954,
          -46.67061
        ],
        "fillColor": "#adff2f",
        "geometry": "point",
        "serviceDisplay": "Pontos Viciados",
        "subprefeitura": "Casa Verde/Cachoeirinha",
        "logradouro": "Rua Vasconcelos de Almeida, 4",
        "service_type": "Pontos Viciados",
        "service_icon": "warning",
        "volumetria": "Entre 1m³ e 5m³",
        "address": "Rua Vasconcelos de Almeida, 4"
      },
      "geometry": {
        "type": "Point",
        "coordinates": [
          -46.67061,
          -23.49954
        ]
      },
      "id": "PV:110"
    },
    {
      "type": "Feature",
      "properties": {
        "id": "PV:111",
        "service": "PV",
        "setor": "CV-112",
        "name": "CV-112",
        "centroid": [
          -23.49989,
          -46.67019
        ],
        "fillColor": "#adff2f",
        "geometry": "point",
        "serviceDisplay": "Pontos Viciados",
        "subprefeitura": "Casa Verde/Cachoeirinha",
        "logradouro": "Rua Vasconcelos de Almeida, 61",
        "service_type": "Pontos Viciados",
        "service_icon": "warning",
        "volumetria": "Entre 1m³ e 5m³",
        "address": "Rua Vasconcelos de Almeida, 61"
      },
      "geometry": {
        "type": "Point",
        "coordinates": [
          -46.67019,
          -23.49989
        ]
      },
      "id": "PV:111"
    },
    {
      "type": "Feature",
      "properties": {
        "id": "PV:112",
        "service": "PV",
        "setor": "CV-113",
        "name": "CV-113",
        "centroid": [
          -23.50643,
          -46.66045
        ],
        "fillColor": "#adff2f",
        "geometry": "point",
        "serviceDisplay": "Pontos Viciados",
        "subprefeitura": "Casa Verde/Cachoeirinha",
        "logradouro": "Rua Vichy, 278",
        "service_type": "Pontos Viciados",
        "service_icon": "warning",
        "volumetria": "Entre 1m³ e 5m³",
        "address": "Rua Vichy, 278",
        "date": "46088",
        "status": "Revitalizado"
      },
      "geometry": {
        "type": "Point",
        "coordinates": [
          -46.66045,
          -23.50643
        ]
      },
      "id": "PV:112"
    },
    {
      "type": "Feature",
      "properties": {
        "id": "PV:113",
        "service": "PV",
        "setor": "CV-114",
        "name": "CV-114",
        "centroid": [
          -23.46878,
          -46.65667
        ],
        "fillColor": "#adff2f",
        "geometry": "point",
        "serviceDisplay": "Pontos Viciados",
        "subprefeitura": "Casa Verde/Cachoeirinha",
        "logradouro": "Rua Vinte e Oito de Janeiro, 69",
        "service_type": "Pontos Viciados",
        "service_icon": "warning",
        "volumetria": "Entre 1m³ e 5m³",
        "address": "Rua Vinte e Oito de Janeiro, 69",
        "date": "46109"
      },
      "geometry": {
        "type": "Point",
        "coordinates": [
          -46.65667,
          -23.46878
        ]
      },
      "id": "PV:113"
    },
    {
      "type": "Feature",
      "properties": {
        "id": "PV:114",
        "service": "PV",
        "setor": "CV-115",
        "name": "CV-115",
        "centroid": [
          -23.46859,
          -46.65755
        ],
        "fillColor": "#adff2f",
        "geometry": "point",
        "serviceDisplay": "Pontos Viciados",
        "subprefeitura": "Casa Verde/Cachoeirinha",
        "logradouro": "Rua Vinte e Oito de Janeiro, 169",
        "service_type": "Pontos Viciados",
        "service_icon": "warning",
        "volumetria": "Entre 1m³ e 5m³",
        "address": "Rua Vinte e Oito de Janeiro, 169",
        "date": "46081",
        "status": "Revitalizado"
      },
      "geometry": {
        "type": "Point",
        "coordinates": [
          -46.65755,
          -23.46859
        ]
      },
      "id": "PV:114"
    },
    {
      "type": "Feature",
      "properties": {
        "id": "PV:115",
        "service": "PV",
        "setor": "CV-116",
        "name": "CV-116",
        "centroid": [
          -23.48658,
          -46.66368
        ],
        "fillColor": "#adff2f",
        "geometry": "point",
        "serviceDisplay": "Pontos Viciados",
        "subprefeitura": "Casa Verde/Cachoeirinha",
        "logradouro": "Praça Santíssima Trindade X Rua Zezé Leone",
        "service_type": "Pontos Viciados",
        "service_icon": "warning",
        "volumetria": "Mais de 5m³",
        "address": "Praça Santíssima Trindade X Rua Zezé Leone"
      },
      "geometry": {
        "type": "Point",
        "coordinates": [
          -46.66368,
          -23.48658
        ]
      },
      "id": "PV:115"
    },
    {
      "type": "Feature",
      "properties": {
        "id": "PV:116",
        "service": "PV",
        "setor": "CV-117",
        "name": "CV-117",
        "centroid": [
          -23.49268,
          -46.6622
        ],
        "fillColor": "#adff2f",
        "geometry": "point",
        "serviceDisplay": "Pontos Viciados",
        "subprefeitura": "Casa Verde/Cachoeirinha",
        "logradouro": "Rua Zilda, 817",
        "service_type": "Pontos Viciados",
        "service_icon": "warning",
        "volumetria": "Não se aplica (inativo).",
        "address": "Rua Zilda, 817",
        "date": "Inativo",
        "status": "Inativo"
      },
      "geometry": {
        "type": "Point",
        "coordinates": [
          -46.6622,
          -23.49268
        ]
      },
      "id": "PV:116"
    },
    {
      "type": "Feature",
      "properties": {
        "id": "PV:117",
        "service": "PV",
        "setor": "CV-118",
        "name": "CV-118",
        "centroid": [
          -23.49333,
          -46.67196
        ],
        "fillColor": "#adff2f",
        "geometry": "point",
        "serviceDisplay": "Pontos Viciados",
        "subprefeitura": "Casa Verde/Cachoeirinha",
        "logradouro": "Rua  André Bolsena x Rua Professor Dário Ribeiro",
        "service_type": "Pontos Viciados",
        "service_icon": "warning",
        "volumetria": "Entre 1m³ e 5m³",
        "address": "Rua  André Bolsena x Rua Professor Dário Ribeiro",
        "date": "45948",
        "status": "Revitalizado"
      },
      "geometry": {
        "type": "Point",
        "coordinates": [
          -46.67196,
          -23.49333
        ]
      },
      "id": "PV:117"
    },
    {
      "type": "Feature",
      "properties": {
        "id": "PV:118",
        "service": "PV",
        "setor": "CV-119",
        "name": "CV-119",
        "centroid": [
          -23.48783,
          -46.67303
        ],
        "fillColor": "#adff2f",
        "geometry": "point",
        "serviceDisplay": "Pontos Viciados",
        "subprefeitura": "Casa Verde/Cachoeirinha",
        "logradouro": "Rua César Penna Ramos, 1315",
        "service_type": "Pontos Viciados",
        "service_icon": "warning",
        "volumetria": "Entre 1m³ e 5m³",
        "address": "Rua César Penna Ramos, 1315"
      },
      "geometry": {
        "type": "Point",
        "coordinates": [
          -46.67303,
          -23.48783
        ]
      },
      "id": "PV:118"
    },
    {
      "type": "Feature",
      "properties": {
        "id": "PV:119",
        "service": "PV",
        "setor": "CV-120",
        "name": "CV-120",
        "centroid": [
          -23.50785,
          -46.67622
        ],
        "fillColor": "#adff2f",
        "geometry": "point",
        "serviceDisplay": "Pontos Viciados",
        "subprefeitura": "Casa Verde/Cachoeirinha",
        "logradouro": "Rua Francisco Rodrigues Nunes, 21",
        "service_type": "Pontos Viciados",
        "service_icon": "warning",
        "volumetria": "Entre 1m³ e 5m³",
        "address": "Rua Francisco Rodrigues Nunes, 21"
      },
      "geometry": {
        "type": "Point",
        "coordinates": [
          -46.67622,
          -23.50785
        ]
      },
      "id": "PV:119"
    },
    {
      "type": "Feature",
      "properties": {
        "id": "PV:120",
        "service": "PV",
        "setor": "CV-121",
        "name": "CV-121",
        "centroid": [
          -23.4624,
          -46.66313
        ],
        "fillColor": "#adff2f",
        "geometry": "point",
        "serviceDisplay": "Pontos Viciados",
        "subprefeitura": "Casa Verde/Cachoeirinha",
        "logradouro": "Rua Doutor Araújo Castro, 399",
        "service_type": "Pontos Viciados",
        "service_icon": "warning",
        "volumetria": "Entre 1m³ e 5m³",
        "address": "Rua Doutor Araújo Castro, 399"
      },
      "geometry": {
        "type": "Point",
        "coordinates": [
          -46.66313,
          -23.4624
        ]
      },
      "id": "PV:120"
    },
    {
      "type": "Feature",
      "properties": {
        "id": "PV:121",
        "service": "PV",
        "setor": "CV-122",
        "name": "CV-122",
        "centroid": [
          -23.50576,
          -46.65306
        ],
        "fillColor": "#adff2f",
        "geometry": "point",
        "serviceDisplay": "Pontos Viciados",
        "subprefeitura": "Casa Verde/Cachoeirinha",
        "logradouro": "Rua Dobrada, 223",
        "service_type": "Pontos Viciados",
        "service_icon": "warning",
        "volumetria": "Entre 1m³ e 5m³",
        "address": "Rua Dobrada, 223"
      },
      "geometry": {
        "type": "Point",
        "coordinates": [
          -46.65306,
          -23.50576
        ]
      },
      "id": "PV:121"
    },
    {
      "type": "Feature",
      "properties": {
        "id": "PV:122",
        "service": "PV",
        "setor": "CV-123",
        "name": "CV-123",
        "centroid": [
          -23.48803,
          -46.68128
        ],
        "fillColor": "#adff2f",
        "geometry": "point",
        "serviceDisplay": "Pontos Viciados",
        "subprefeitura": "Casa Verde/Cachoeirinha",
        "logradouro": "Rua Catanduvas do Sul, 442",
        "service_type": "Pontos Viciados",
        "service_icon": "warning",
        "volumetria": "Entre 1m³ e 5m³",
        "address": "Rua Catanduvas do Sul, 442",
        "date": "45934",
        "status": "Revitalizado"
      },
      "geometry": {
        "type": "Point",
        "coordinates": [
          -46.68128,
          -23.48803
        ]
      },
      "id": "PV:122"
    },
    {
      "type": "Feature",
      "properties": {
        "id": "PV:123",
        "service": "PV",
        "setor": "CV-124",
        "name": "CV-124",
        "centroid": [
          -23.50041,
          -46.6668
        ],
        "fillColor": "#adff2f",
        "geometry": "point",
        "serviceDisplay": "Pontos Viciados",
        "subprefeitura": "Casa Verde/Cachoeirinha",
        "logradouro": "Rua Glauco Velasquez, 229",
        "service_type": "Pontos Viciados",
        "service_icon": "warning",
        "volumetria": "Entre 1m³ e 5m³",
        "address": "Rua Glauco Velasquez, 229",
        "date": "45941",
        "status": "Revitalizado"
      },
      "geometry": {
        "type": "Point",
        "coordinates": [
          -46.6668,
          -23.50041
        ]
      },
      "id": "PV:123"
    },
    {
      "type": "Feature",
      "properties": {
        "id": "PV:124",
        "service": "PV",
        "setor": "CV-125",
        "name": "CV-125",
        "centroid": [
          -23.50389,
          -46.67058
        ],
        "fillColor": "#adff2f",
        "geometry": "point",
        "serviceDisplay": "Pontos Viciados",
        "subprefeitura": "Casa Verde/Cachoeirinha",
        "logradouro": "Travessa do Limão, 1",
        "service_type": "Pontos Viciados",
        "service_icon": "warning",
        "volumetria": "Mais de 5m³",
        "address": "Travessa do Limão, 1"
      },
      "geometry": {
        "type": "Point",
        "coordinates": [
          -46.67058,
          -23.50389
        ]
      },
      "id": "PV:124"
    },
    {
      "type": "Feature",
      "properties": {
        "id": "PV:125",
        "service": "PV",
        "setor": "JT-001",
        "name": "JT-001",
        "centroid": [
          -23.44027,
          -46.58553
        ],
        "fillColor": "#4b0082",
        "geometry": "point",
        "serviceDisplay": "Pontos Viciados",
        "subprefeitura": "Jaçanã/Tremembé",
        "logradouro": "Alameda das Roseiras, 29",
        "service_type": "Pontos Viciados",
        "service_icon": "warning",
        "volumetria": "Entre 1m³ e 5m³",
        "address": "Alameda das Roseiras, 29"
      },
      "geometry": {
        "type": "Point",
        "coordinates": [
          -46.58553,
          -23.44027
        ]
      },
      "id": "PV:125"
    },
    {
      "type": "Feature",
      "properties": {
        "id": "PV:126",
        "service": "PV",
        "setor": "JT-002",
        "name": "JT-002",
        "centroid": [
          -23.45993,
          -46.60243
        ],
        "fillColor": "#4b0082",
        "geometry": "point",
        "serviceDisplay": "Pontos Viciados",
        "subprefeitura": "Jaçanã/Tremembé",
        "logradouro": "Avenida Coronel Sezefredo Fagundes, 2200",
        "service_type": "Pontos Viciados",
        "service_icon": "warning",
        "volumetria": "Não se aplica (inativo).",
        "address": "Avenida Coronel Sezefredo Fagundes, 2200",
        "date": "Inativo",
        "status": "Inativo"
      },
      "geometry": {
        "type": "Point",
        "coordinates": [
          -46.60243,
          -23.45993
        ]
      },
      "id": "PV:126"
    },
    {
      "type": "Feature",
      "properties": {
        "id": "PV:127",
        "service": "PV",
        "setor": "JT-003",
        "name": "JT-003",
        "centroid": [
          -23.46145,
          -46.60086
        ],
        "fillColor": "#4b0082",
        "geometry": "point",
        "serviceDisplay": "Pontos Viciados",
        "subprefeitura": "Jaçanã/Tremembé",
        "logradouro": "Avenida Mário Pernambuco, 600",
        "service_type": "Pontos Viciados",
        "service_icon": "warning",
        "volumetria": "Não se aplica (inativo).",
        "address": "Avenida Mário Pernambuco, 600",
        "date": "Inativo",
        "status": "Inativo"
      },
      "geometry": {
        "type": "Point",
        "coordinates": [
          -46.60086,
          -23.46145
        ]
      },
      "id": "PV:127"
    },
    {
      "type": "Feature",
      "properties": {
        "id": "PV:128",
        "service": "PV",
        "setor": "JT-004",
        "name": "JT-004",
        "centroid": [
          -23.46088,
          -46.57497
        ],
        "fillColor": "#4b0082",
        "geometry": "point",
        "serviceDisplay": "Pontos Viciados",
        "subprefeitura": "Jaçanã/Tremembé",
        "logradouro": "Rua Abílio Pedro Ramos, 630",
        "service_type": "Pontos Viciados",
        "service_icon": "warning",
        "volumetria": "Entre 1m³ e 5m³",
        "address": "Rua Abílio Pedro Ramos, 630"
      },
      "geometry": {
        "type": "Point",
        "coordinates": [
          -46.57497,
          -23.46088
        ]
      },
      "id": "PV:128"
    },
    {
      "type": "Feature",
      "properties": {
        "id": "PV:129",
        "service": "PV",
        "setor": "JT-005",
        "name": "JT-005",
        "centroid": [
          -23.46964,
          -46.56936
        ],
        "fillColor": "#4b0082",
        "geometry": "point",
        "serviceDisplay": "Pontos Viciados",
        "subprefeitura": "Jaçanã/Tremembé",
        "logradouro": "Rua Águas de Xapecó, 350",
        "service_type": "Pontos Viciados",
        "service_icon": "warning",
        "volumetria": "Mais de 5m³",
        "address": "Rua Águas de Xapecó, 350"
      },
      "geometry": {
        "type": "Point",
        "coordinates": [
          -46.56936,
          -23.46964
        ]
      },
      "id": "PV:129"
    },
    {
      "type": "Feature",
      "properties": {
        "id": "PV:130",
        "service": "PV",
        "setor": "JT-006",
        "name": "JT-006",
        "centroid": [
          -23.46929,
          -46.57091
        ],
        "fillColor": "#4b0082",
        "geometry": "point",
        "serviceDisplay": "Pontos Viciados",
        "subprefeitura": "Jaçanã/Tremembé",
        "logradouro": "Rua Alto Paraguai, 664",
        "service_type": "Pontos Viciados",
        "service_icon": "warning",
        "volumetria": "Entre 1m³ e 5m³",
        "address": "Rua Alto Paraguai, 664"
      },
      "geometry": {
        "type": "Point",
        "coordinates": [
          -46.57091,
          -23.46929
        ]
      },
      "id": "PV:130"
    },
    {
      "type": "Feature",
      "properties": {
        "id": "PV:131",
        "service": "PV",
        "setor": "JT-007",
        "name": "JT-007",
        "centroid": [
          -23.46076,
          -46.571
        ],
        "fillColor": "#4b0082",
        "geometry": "point",
        "serviceDisplay": "Pontos Viciados",
        "subprefeitura": "Jaçanã/Tremembé",
        "logradouro": "Rua Alvorada D'Oeste, 20",
        "service_type": "Pontos Viciados",
        "service_icon": "warning",
        "volumetria": "Entre 1m³ e 5m³",
        "address": "Rua Alvorada D'Oeste, 20"
      },
      "geometry": {
        "type": "Point",
        "coordinates": [
          -46.571,
          -23.46076
        ]
      },
      "id": "PV:131"
    },
    {
      "type": "Feature",
      "properties": {
        "id": "PV:132",
        "service": "PV",
        "setor": "JT-008",
        "name": "JT-008",
        "centroid": [
          -23.45463,
          -46.57552
        ],
        "fillColor": "#4b0082",
        "geometry": "point",
        "serviceDisplay": "Pontos Viciados",
        "subprefeitura": "Jaçanã/Tremembé",
        "logradouro": "Rua Anhanduizinho, 57",
        "service_type": "Pontos Viciados",
        "service_icon": "warning",
        "volumetria": "Mais de 5m³",
        "address": "Rua Anhanduizinho, 57",
        "date": "46039",
        "status": "Revitalizado"
      },
      "geometry": {
        "type": "Point",
        "coordinates": [
          -46.57552,
          -23.45463
        ]
      },
      "id": "PV:132"
    },
    {
      "type": "Feature",
      "properties": {
        "id": "PV:133",
        "service": "PV",
        "setor": "JT-009",
        "name": "JT-009",
        "centroid": [
          -23.45708,
          -46.57449
        ],
        "fillColor": "#4b0082",
        "geometry": "point",
        "serviceDisplay": "Pontos Viciados",
        "subprefeitura": "Jaçanã/Tremembé",
        "logradouro": "Rua Antonio Nascentes, 262",
        "service_type": "Pontos Viciados",
        "service_icon": "warning",
        "volumetria": "Entre 1m³ e 5m³",
        "address": "Rua Antonio Nascentes, 262"
      },
      "geometry": {
        "type": "Point",
        "coordinates": [
          -46.57449,
          -23.45708
        ]
      },
      "id": "PV:133"
    },
    {
      "type": "Feature",
      "properties": {
        "id": "PV:134",
        "service": "PV",
        "setor": "JT-010",
        "name": "JT-010",
        "centroid": [
          -23.4552,
          -46.58284
        ],
        "fillColor": "#4b0082",
        "geometry": "point",
        "serviceDisplay": "Pontos Viciados",
        "subprefeitura": "Jaçanã/Tremembé",
        "logradouro": "Rua Antonio Sergio de Matos, 23",
        "service_type": "Pontos Viciados",
        "service_icon": "warning",
        "volumetria": "Entre 1m³ e 5m³",
        "address": "Rua Antonio Sergio de Matos, 23"
      },
      "geometry": {
        "type": "Point",
        "coordinates": [
          -46.58284,
          -23.4552
        ]
      },
      "id": "PV:134"
    },
    {
      "type": "Feature",
      "properties": {
        "id": "PV:135",
        "service": "PV",
        "setor": "JT-011",
        "name": "JT-011",
        "centroid": [
          -23.45235,
          -46.6076
        ],
        "fillColor": "#4b0082",
        "geometry": "point",
        "serviceDisplay": "Pontos Viciados",
        "subprefeitura": "Jaçanã/Tremembé",
        "logradouro": "Rua Antonio Simplicio, 151",
        "service_type": "Pontos Viciados",
        "service_icon": "warning",
        "volumetria": "Entre 1m³ e 5m³",
        "address": "Rua Antonio Simplicio, 151"
      },
      "geometry": {
        "type": "Point",
        "coordinates": [
          -46.6076,
          -23.45235
        ]
      },
      "id": "PV:135"
    },
    {
      "type": "Feature",
      "properties": {
        "id": "PV:136",
        "service": "PV",
        "setor": "JT-012",
        "name": "JT-012",
        "centroid": [
          -23.4713,
          -46.56986
        ],
        "fillColor": "#4b0082",
        "geometry": "point",
        "serviceDisplay": "Pontos Viciados",
        "subprefeitura": "Jaçanã/Tremembé",
        "logradouro": "Rua Aperibe, 457",
        "service_type": "Pontos Viciados",
        "service_icon": "warning",
        "volumetria": "Mais de 5m³",
        "address": "Rua Aperibe, 457"
      },
      "geometry": {
        "type": "Point",
        "coordinates": [
          -46.56986,
          -23.4713
        ]
      },
      "id": "PV:136"
    },
    {
      "type": "Feature",
      "properties": {
        "id": "PV:137",
        "service": "PV",
        "setor": "JT-013",
        "name": "JT-013",
        "centroid": [
          -23.45235,
          -46.57784
        ],
        "fillColor": "#4b0082",
        "geometry": "point",
        "serviceDisplay": "Pontos Viciados",
        "subprefeitura": "Jaçanã/Tremembé",
        "logradouro": "Rua Ari da Rocha Miranda, 1573",
        "service_type": "Pontos Viciados",
        "service_icon": "warning",
        "volumetria": "Entre 1m³ e 5m³",
        "address": "Rua Ari da Rocha Miranda, 1573"
      },
      "geometry": {
        "type": "Point",
        "coordinates": [
          -46.57784,
          -23.45235
        ]
      },
      "id": "PV:137"
    },
    {
      "type": "Feature",
      "properties": {
        "id": "PV:138",
        "service": "PV",
        "setor": "JT-014",
        "name": "JT-014",
        "centroid": [
          -23.45538,
          -46.58154
        ],
        "fillColor": "#4b0082",
        "geometry": "point",
        "serviceDisplay": "Pontos Viciados",
        "subprefeitura": "Jaçanã/Tremembé",
        "logradouro": "Rua Ari da Rocha Miranda, 289",
        "service_type": "Pontos Viciados",
        "service_icon": "warning",
        "volumetria": "Entre 1m³ e 5m³",
        "address": "Rua Ari da Rocha Miranda, 289",
        "date": "46046",
        "status": "Revitalizado"
      },
      "geometry": {
        "type": "Point",
        "coordinates": [
          -46.58154,
          -23.45538
        ]
      },
      "id": "PV:138"
    },
    {
      "type": "Feature",
      "properties": {
        "id": "PV:139",
        "service": "PV",
        "setor": "JT-015",
        "name": "JT-015",
        "centroid": [
          -23.48145,
          -46.56207
        ],
        "fillColor": "#4b0082",
        "geometry": "point",
        "serviceDisplay": "Pontos Viciados",
        "subprefeitura": "Jaçanã/Tremembé",
        "logradouro": "Rua Baía de Santa Clara , 66",
        "service_type": "Pontos Viciados",
        "service_icon": "warning",
        "volumetria": "Entre 1m³ e 5m³",
        "address": "Rua Baía de Santa Clara , 66"
      },
      "geometry": {
        "type": "Point",
        "coordinates": [
          -46.56207,
          -23.48145
        ]
      },
      "id": "PV:139"
    },
    {
      "type": "Feature",
      "properties": {
        "id": "PV:140",
        "service": "PV",
        "setor": "JT-016",
        "name": "JT-016",
        "centroid": [
          -23.45568,
          -46.58498
        ],
        "fillColor": "#4b0082",
        "geometry": "point",
        "serviceDisplay": "Pontos Viciados",
        "subprefeitura": "Jaçanã/Tremembé",
        "logradouro": "Travessa Baixa Grande X Travessa Igarapé Primavera",
        "service_type": "Pontos Viciados",
        "service_icon": "warning",
        "volumetria": "Mais de 5m³",
        "address": "Travessa Baixa Grande X Travessa Igarapé Primavera"
      },
      "geometry": {
        "type": "Point",
        "coordinates": [
          -46.58498,
          -23.45568
        ]
      },
      "id": "PV:140"
    },
    {
      "type": "Feature",
      "properties": {
        "id": "PV:141",
        "service": "PV",
        "setor": "JT-017",
        "name": "JT-017",
        "centroid": [
          -23.46848,
          -46.59241
        ],
        "fillColor": "#4b0082",
        "geometry": "point",
        "serviceDisplay": "Pontos Viciados",
        "subprefeitura": "Jaçanã/Tremembé",
        "logradouro": "Rua Benjamin Pereira, 109",
        "service_type": "Pontos Viciados",
        "service_icon": "warning",
        "volumetria": "Não se aplica (inativo).",
        "address": "Rua Benjamin Pereira, 109",
        "date": "Inativo",
        "status": "Inativo"
      },
      "geometry": {
        "type": "Point",
        "coordinates": [
          -46.59241,
          -23.46848
        ]
      },
      "id": "PV:141"
    },
    {
      "type": "Feature",
      "properties": {
        "id": "PV:142",
        "service": "PV",
        "setor": "JT-018",
        "name": "JT-018",
        "centroid": [
          -23.47437,
          -46.56217
        ],
        "fillColor": "#4b0082",
        "geometry": "point",
        "serviceDisplay": "Pontos Viciados",
        "subprefeitura": "Jaçanã/Tremembé",
        "logradouro": "Rua Capitão Busse, 391",
        "service_type": "Pontos Viciados",
        "service_icon": "warning",
        "volumetria": "Entre 1m³ e 5m³",
        "address": "Rua Capitão Busse, 391"
      },
      "geometry": {
        "type": "Point",
        "coordinates": [
          -46.56217,
          -23.47437
        ]
      },
      "id": "PV:142"
    },
    {
      "type": "Feature",
      "properties": {
        "id": "PV:143",
        "service": "PV",
        "setor": "JT-019",
        "name": "JT-019",
        "centroid": [
          -23.47436,
          -46.56236
        ],
        "fillColor": "#4b0082",
        "geometry": "point",
        "serviceDisplay": "Pontos Viciados",
        "subprefeitura": "Jaçanã/Tremembé",
        "logradouro": "Rua Açailândia X Rua Capitão Busse",
        "service_type": "Pontos Viciados",
        "service_icon": "warning",
        "volumetria": "Entre 1m³ e 5m³",
        "address": "Rua Açailândia X Rua Capitão Busse"
      },
      "geometry": {
        "type": "Point",
        "coordinates": [
          -46.56236,
          -23.47436
        ]
      },
      "id": "PV:143"
    },
    {
      "type": "Feature",
      "properties": {
        "id": "PV:144",
        "service": "PV",
        "setor": "JT-020",
        "name": "JT-020",
        "centroid": [
          -23.47856,
          -46.56147
        ],
        "fillColor": "#4b0082",
        "geometry": "point",
        "serviceDisplay": "Pontos Viciados",
        "subprefeitura": "Jaçanã/Tremembé",
        "logradouro": "Rua Capitão Busse, 854",
        "service_type": "Pontos Viciados",
        "service_icon": "warning",
        "volumetria": "Entre 1m³ e 5m³",
        "address": "Rua Capitão Busse, 854"
      },
      "geometry": {
        "type": "Point",
        "coordinates": [
          -46.56147,
          -23.47856
        ]
      },
      "id": "PV:144"
    },
    {
      "type": "Feature",
      "properties": {
        "id": "PV:145",
        "service": "PV",
        "setor": "JT-021",
        "name": "JT-021",
        "centroid": [
          -23.45005,
          -46.61248
        ],
        "fillColor": "#4b0082",
        "geometry": "point",
        "serviceDisplay": "Pontos Viciados",
        "subprefeitura": "Jaçanã/Tremembé",
        "logradouro": "Rua Comendador Armando Pereira, 53",
        "service_type": "Pontos Viciados",
        "service_icon": "warning",
        "volumetria": "Não se aplica (inativo).",
        "address": "Rua Comendador Armando Pereira, 53",
        "date": "Inativo",
        "status": "Inativo"
      },
      "geometry": {
        "type": "Point",
        "coordinates": [
          -46.61248,
          -23.45005
        ]
      },
      "id": "PV:145"
    },
    {
      "type": "Feature",
      "properties": {
        "id": "PV:146",
        "service": "PV",
        "setor": "JT-022",
        "name": "JT-022",
        "centroid": [
          -23.4399,
          -46.58129
        ],
        "fillColor": "#4b0082",
        "geometry": "point",
        "serviceDisplay": "Pontos Viciados",
        "subprefeitura": "Jaçanã/Tremembé",
        "logradouro": "Rua Domênico Ferrabosco, 52",
        "service_type": "Pontos Viciados",
        "service_icon": "warning",
        "volumetria": "Entre 1m³ e 5m³",
        "address": "Rua Domênico Ferrabosco, 52"
      },
      "geometry": {
        "type": "Point",
        "coordinates": [
          -46.58129,
          -23.4399
        ]
      },
      "id": "PV:146"
    },
    {
      "type": "Feature",
      "properties": {
        "id": "PV:147",
        "service": "PV",
        "setor": "JT-023",
        "name": "JT-023",
        "centroid": [
          -23.45524,
          -46.5854
        ],
        "fillColor": "#4b0082",
        "geometry": "point",
        "serviceDisplay": "Pontos Viciados",
        "subprefeitura": "Jaçanã/Tremembé",
        "logradouro": "Rua dos Filhos da Terra, 37",
        "service_type": "Pontos Viciados",
        "service_icon": "warning",
        "volumetria": "Entre 1m³ e 5m³",
        "address": "Rua dos Filhos da Terra, 37"
      },
      "geometry": {
        "type": "Point",
        "coordinates": [
          -46.5854,
          -23.45524
        ]
      },
      "id": "PV:147"
    },
    {
      "type": "Feature",
      "properties": {
        "id": "PV:148",
        "service": "PV",
        "setor": "JT-024",
        "name": "JT-024",
        "centroid": [
          -23.45303,
          -46.5709
        ],
        "fillColor": "#4b0082",
        "geometry": "point",
        "serviceDisplay": "Pontos Viciados",
        "subprefeitura": "Jaçanã/Tremembé",
        "logradouro": "Rua Flor de Ouro, 403",
        "service_type": "Pontos Viciados",
        "service_icon": "warning",
        "volumetria": "Entre 1m³ e 5m³",
        "address": "Rua Flor de Ouro, 403",
        "date": "45934",
        "status": "Revitalizado"
      },
      "geometry": {
        "type": "Point",
        "coordinates": [
          -46.5709,
          -23.45303
        ]
      },
      "id": "PV:148"
    },
    {
      "type": "Feature",
      "properties": {
        "id": "PV:149",
        "service": "PV",
        "setor": "JT-025",
        "name": "JT-025",
        "centroid": [
          -23.45462,
          -46.60298
        ],
        "fillColor": "#4b0082",
        "geometry": "point",
        "serviceDisplay": "Pontos Viciados",
        "subprefeitura": "Jaçanã/Tremembé",
        "logradouro": "Rua Francisco Luiz da Silva, 16",
        "service_type": "Pontos Viciados",
        "service_icon": "warning",
        "volumetria": "Entre 1m³ e 5m³",
        "address": "Rua Francisco Luiz da Silva, 16"
      },
      "geometry": {
        "type": "Point",
        "coordinates": [
          -46.60298,
          -23.45462
        ]
      },
      "id": "PV:149"
    },
    {
      "type": "Feature",
      "properties": {
        "id": "PV:150",
        "service": "PV",
        "setor": "JT-026",
        "name": "JT-026",
        "centroid": [
          -23.45345,
          -46.60667
        ],
        "fillColor": "#4b0082",
        "geometry": "point",
        "serviceDisplay": "Pontos Viciados",
        "subprefeitura": "Jaçanã/Tremembé",
        "logradouro": "Rua Gabriel Martins, 199",
        "service_type": "Pontos Viciados",
        "service_icon": "warning",
        "volumetria": "Entre 1m³ e 5m³",
        "address": "Rua Gabriel Martins, 199"
      },
      "geometry": {
        "type": "Point",
        "coordinates": [
          -46.60667,
          -23.45345
        ]
      },
      "id": "PV:150"
    },
    {
      "type": "Feature",
      "properties": {
        "id": "PV:151",
        "service": "PV",
        "setor": "JT-027",
        "name": "JT-027",
        "centroid": [
          -23.45381,
          -46.57317
        ],
        "fillColor": "#4b0082",
        "geometry": "point",
        "serviceDisplay": "Pontos Viciados",
        "subprefeitura": "Jaçanã/Tremembé",
        "logradouro": "Rua Gabriel Ribeiro, 83",
        "service_type": "Pontos Viciados",
        "service_icon": "warning",
        "volumetria": "Entre 1m³ e 5m³",
        "address": "Rua Gabriel Ribeiro, 83",
        "date": "45948",
        "status": "Revitalizado"
      },
      "geometry": {
        "type": "Point",
        "coordinates": [
          -46.57317,
          -23.45381
        ]
      },
      "id": "PV:151"
    },
    {
      "type": "Feature",
      "properties": {
        "id": "PV:152",
        "service": "PV",
        "setor": "JT-028",
        "name": "JT-028",
        "centroid": [
          -23.45222,
          -46.59096
        ],
        "fillColor": "#4b0082",
        "geometry": "point",
        "serviceDisplay": "Pontos Viciados",
        "subprefeitura": "Jaçanã/Tremembé",
        "logradouro": "Rua Jaupaci, 567",
        "service_type": "Pontos Viciados",
        "service_icon": "warning",
        "volumetria": "Entre 1m³ e 5m³",
        "address": "Rua Jaupaci, 567"
      },
      "geometry": {
        "type": "Point",
        "coordinates": [
          -46.59096,
          -23.45222
        ]
      },
      "id": "PV:152"
    },
    {
      "type": "Feature",
      "properties": {
        "id": "PV:153",
        "service": "PV",
        "setor": "JT-029",
        "name": "JT-029",
        "centroid": [
          -23.45353,
          -46.57998
        ],
        "fillColor": "#4b0082",
        "geometry": "point",
        "serviceDisplay": "Pontos Viciados",
        "subprefeitura": "Jaçanã/Tremembé",
        "logradouro": "Rua João Lucas Alves, 22",
        "service_type": "Pontos Viciados",
        "service_icon": "warning",
        "volumetria": "Entre 1m³ e 5m³",
        "address": "Rua João Lucas Alves, 22"
      },
      "geometry": {
        "type": "Point",
        "coordinates": [
          -46.57998,
          -23.45353
        ]
      },
      "id": "PV:153"
    },
    {
      "type": "Feature",
      "properties": {
        "id": "PV:154",
        "service": "PV",
        "setor": "JT-030",
        "name": "JT-030",
        "centroid": [
          -23.45187,
          -46.57995
        ],
        "fillColor": "#4b0082",
        "geometry": "point",
        "serviceDisplay": "Pontos Viciados",
        "subprefeitura": "Jaçanã/Tremembé",
        "logradouro": "Rua João Mendes Araújo, 11",
        "service_type": "Pontos Viciados",
        "service_icon": "warning",
        "volumetria": "Entre 1m³ e 5m³",
        "address": "Rua João Mendes Araújo, 11"
      },
      "geometry": {
        "type": "Point",
        "coordinates": [
          -46.57995,
          -23.45187
        ]
      },
      "id": "PV:154"
    },
    {
      "type": "Feature",
      "properties": {
        "id": "PV:155",
        "service": "PV",
        "setor": "JT-031",
        "name": "JT-031",
        "centroid": [
          -23.45999,
          -46.5772
        ],
        "fillColor": "#4b0082",
        "geometry": "point",
        "serviceDisplay": "Pontos Viciados",
        "subprefeitura": "Jaçanã/Tremembé",
        "logradouro": "Rua José Figliolini, 409",
        "service_type": "Pontos Viciados",
        "service_icon": "warning",
        "volumetria": "Entre 1m³ e 5m³",
        "address": "Rua José Figliolini, 409"
      },
      "geometry": {
        "type": "Point",
        "coordinates": [
          -46.5772,
          -23.45999
        ]
      },
      "id": "PV:155"
    },
    {
      "type": "Feature",
      "properties": {
        "id": "PV:156",
        "service": "PV",
        "setor": "JT-032",
        "name": "JT-032",
        "centroid": [
          -23.45489,
          -46.57493
        ],
        "fillColor": "#4b0082",
        "geometry": "point",
        "serviceDisplay": "Pontos Viciados",
        "subprefeitura": "Jaçanã/Tremembé",
        "logradouro": "Rua José Gomes de Gouveia, 10",
        "service_type": "Pontos Viciados",
        "service_icon": "warning",
        "volumetria": "Entre 1m³ e 5m³",
        "address": "Rua José Gomes de Gouveia, 10"
      },
      "geometry": {
        "type": "Point",
        "coordinates": [
          -46.57493,
          -23.45489
        ]
      },
      "id": "PV:156"
    },
    {
      "type": "Feature",
      "properties": {
        "id": "PV:157",
        "service": "PV",
        "setor": "JT-033",
        "name": "JT-033",
        "centroid": [
          -23.44713,
          -46.60928
        ],
        "fillColor": "#4b0082",
        "geometry": "point",
        "serviceDisplay": "Pontos Viciados",
        "subprefeitura": "Jaçanã/Tremembé",
        "logradouro": "Rua José Schreitt Miller, 73",
        "service_type": "Pontos Viciados",
        "service_icon": "warning",
        "volumetria": "Entre 1m³ e 5m³",
        "address": "Rua José Schreitt Miller, 73"
      },
      "geometry": {
        "type": "Point",
        "coordinates": [
          -46.60928,
          -23.44713
        ]
      },
      "id": "PV:157"
    },
    {
      "type": "Feature",
      "properties": {
        "id": "PV:158",
        "service": "PV",
        "setor": "JT-034",
        "name": "JT-034",
        "centroid": [
          -23.47319,
          -46.56663
        ],
        "fillColor": "#4b0082",
        "geometry": "point",
        "serviceDisplay": "Pontos Viciados",
        "subprefeitura": "Jaçanã/Tremembé",
        "logradouro": "Rua Liliental, 967",
        "service_type": "Pontos Viciados",
        "service_icon": "warning",
        "volumetria": "Entre 1m³ e 5m³",
        "address": "Rua Liliental, 967"
      },
      "geometry": {
        "type": "Point",
        "coordinates": [
          -46.56663,
          -23.47319
        ]
      },
      "id": "PV:158"
    },
    {
      "type": "Feature",
      "properties": {
        "id": "PV:159",
        "service": "PV",
        "setor": "JT-035",
        "name": "JT-035",
        "centroid": [
          -23.46084,
          -46.5719
        ],
        "fillColor": "#4b0082",
        "geometry": "point",
        "serviceDisplay": "Pontos Viciados",
        "subprefeitura": "Jaçanã/Tremembé",
        "logradouro": "Rua Lopes da Costa, 1025",
        "service_type": "Pontos Viciados",
        "service_icon": "warning",
        "volumetria": "Entre 1m³ e 5m³",
        "address": "Rua Lopes da Costa, 1025"
      },
      "geometry": {
        "type": "Point",
        "coordinates": [
          -46.5719,
          -23.46084
        ]
      },
      "id": "PV:159"
    },
    {
      "type": "Feature",
      "properties": {
        "id": "PV:160",
        "service": "PV",
        "setor": "JT-036",
        "name": "JT-036",
        "centroid": [
          -23.47837,
          -46.56233
        ],
        "fillColor": "#4b0082",
        "geometry": "point",
        "serviceDisplay": "Pontos Viciados",
        "subprefeitura": "Jaçanã/Tremembé",
        "logradouro": "Rua Major Baracca, 584",
        "service_type": "Pontos Viciados",
        "service_icon": "warning",
        "volumetria": "Entre 1m³ e 5m³",
        "address": "Rua Major Baracca, 584"
      },
      "geometry": {
        "type": "Point",
        "coordinates": [
          -46.56233,
          -23.47837
        ]
      },
      "id": "PV:160"
    },
    {
      "type": "Feature",
      "properties": {
        "id": "PV:161",
        "service": "PV",
        "setor": "JT-037",
        "name": "JT-037",
        "centroid": [
          -23.45381,
          -46.60552
        ],
        "fillColor": "#4b0082",
        "geometry": "point",
        "serviceDisplay": "Pontos Viciados",
        "subprefeitura": "Jaçanã/Tremembé",
        "logradouro": "Rua Manoel Simões da Silva, 436",
        "service_type": "Pontos Viciados",
        "service_icon": "warning",
        "volumetria": "Entre 1m³ e 5m³",
        "address": "Rua Manoel Simões da Silva, 436"
      },
      "geometry": {
        "type": "Point",
        "coordinates": [
          -46.60552,
          -23.45381
        ]
      },
      "id": "PV:161"
    },
    {
      "type": "Feature",
      "properties": {
        "id": "PV:162",
        "service": "PV",
        "setor": "JT-038",
        "name": "JT-038",
        "centroid": [
          -23.4609,
          -46.60429
        ],
        "fillColor": "#4b0082",
        "geometry": "point",
        "serviceDisplay": "Pontos Viciados",
        "subprefeitura": "Jaçanã/Tremembé",
        "logradouro": "Rua Manuel Gaya, 1500",
        "service_type": "Pontos Viciados",
        "service_icon": "warning",
        "volumetria": "Entre 1m³ e 5m³",
        "address": "Rua Manuel Gaya, 1500"
      },
      "geometry": {
        "type": "Point",
        "coordinates": [
          -46.60429,
          -23.4609
        ]
      },
      "id": "PV:162"
    },
    {
      "type": "Feature",
      "properties": {
        "id": "PV:163",
        "service": "PV",
        "setor": "JT-039",
        "name": "JT-039",
        "centroid": [
          -23.44746,
          -46.58163
        ],
        "fillColor": "#4b0082",
        "geometry": "point",
        "serviceDisplay": "Pontos Viciados",
        "subprefeitura": "Jaçanã/Tremembé",
        "logradouro": "Rua Manuel Vieira da Luz, 503",
        "service_type": "Pontos Viciados",
        "service_icon": "warning",
        "volumetria": "Mais de 5m³",
        "address": "Rua Manuel Vieira da Luz, 503"
      },
      "geometry": {
        "type": "Point",
        "coordinates": [
          -46.58163,
          -23.44746
        ]
      },
      "id": "PV:163"
    },
    {
      "type": "Feature",
      "properties": {
        "id": "PV:164",
        "service": "PV",
        "setor": "JT-040",
        "name": "JT-040",
        "centroid": [
          -23.4454,
          -46.57816
        ],
        "fillColor": "#4b0082",
        "geometry": "point",
        "serviceDisplay": "Pontos Viciados",
        "subprefeitura": "Jaçanã/Tremembé",
        "logradouro": "Rua Manuel Vieira da Luz, 616",
        "service_type": "Pontos Viciados",
        "service_icon": "warning",
        "volumetria": "Entre 1m³ e 5m³",
        "address": "Rua Manuel Vieira da Luz, 616"
      },
      "geometry": {
        "type": "Point",
        "coordinates": [
          -46.57816,
          -23.4454
        ]
      },
      "id": "PV:164"
    },
    {
      "type": "Feature",
      "properties": {
        "id": "PV:165",
        "service": "PV",
        "setor": "JT-041",
        "name": "JT-041",
        "centroid": [
          -23.45332,
          -46.6074
        ],
        "fillColor": "#4b0082",
        "geometry": "point",
        "serviceDisplay": "Pontos Viciados",
        "subprefeitura": "Jaçanã/Tremembé",
        "logradouro": "Rua Marcelino Miranda, 25",
        "service_type": "Pontos Viciados",
        "service_icon": "warning",
        "volumetria": "Entre 1m³ e 5m³",
        "address": "Rua Marcelino Miranda, 25"
      },
      "geometry": {
        "type": "Point",
        "coordinates": [
          -46.6074,
          -23.45332
        ]
      },
      "id": "PV:165"
    },
    {
      "type": "Feature",
      "properties": {
        "id": "PV:166",
        "service": "PV",
        "setor": "JT-042",
        "name": "JT-042",
        "centroid": [
          -23.45686,
          -46.5886
        ],
        "fillColor": "#4b0082",
        "geometry": "point",
        "serviceDisplay": "Pontos Viciados",
        "subprefeitura": "Jaçanã/Tremembé",
        "logradouro": "Rua Maria Amália Lopes Azevedo, 4035",
        "service_type": "Pontos Viciados",
        "service_icon": "warning",
        "volumetria": "Entre 1m³ e 5m³",
        "address": "Rua Maria Amália Lopes Azevedo, 4035"
      },
      "geometry": {
        "type": "Point",
        "coordinates": [
          -46.5886,
          -23.45686
        ]
      },
      "id": "PV:166"
    },
    {
      "type": "Feature",
      "properties": {
        "id": "PV:167",
        "service": "PV",
        "setor": "JT-043",
        "name": "JT-043",
        "centroid": [
          -23.45187,
          -46.57894
        ],
        "fillColor": "#4b0082",
        "geometry": "point",
        "serviceDisplay": "Pontos Viciados",
        "subprefeitura": "Jaçanã/Tremembé",
        "logradouro": "Rua Mario de Souza Prata, 32",
        "service_type": "Pontos Viciados",
        "service_icon": "warning",
        "volumetria": "Entre 1m³ e 5m³",
        "address": "Rua Mario de Souza Prata, 32"
      },
      "geometry": {
        "type": "Point",
        "coordinates": [
          -46.57894,
          -23.45187
        ]
      },
      "id": "PV:167"
    },
    {
      "type": "Feature",
      "properties": {
        "id": "PV:168",
        "service": "PV",
        "setor": "JT-044",
        "name": "JT-044",
        "centroid": [
          -23.45439,
          -46.57679
        ],
        "fillColor": "#4b0082",
        "geometry": "point",
        "serviceDisplay": "Pontos Viciados",
        "subprefeitura": "Jaçanã/Tremembé",
        "logradouro": "Rua Mario Lago, 670",
        "service_type": "Pontos Viciados",
        "service_icon": "warning",
        "volumetria": "Mais de 5m³",
        "address": "Rua Mario Lago, 670",
        "date": "46032",
        "status": "Revitalizado"
      },
      "geometry": {
        "type": "Point",
        "coordinates": [
          -46.57679,
          -23.45439
        ]
      },
      "id": "PV:168"
    },
    {
      "type": "Feature",
      "properties": {
        "id": "PV:169",
        "service": "PV",
        "setor": "JT-045",
        "name": "JT-045",
        "centroid": [
          -23.45389,
          -46.57651
        ],
        "fillColor": "#4b0082",
        "geometry": "point",
        "serviceDisplay": "Pontos Viciados",
        "subprefeitura": "Jaçanã/Tremembé",
        "logradouro": "Rua Mário Lago, 750",
        "service_type": "Pontos Viciados",
        "service_icon": "warning",
        "volumetria": "Mais de 5m³",
        "address": "Rua Mário Lago, 750"
      },
      "geometry": {
        "type": "Point",
        "coordinates": [
          -46.57651,
          -23.45389
        ]
      },
      "id": "PV:169"
    },
    {
      "type": "Feature",
      "properties": {
        "id": "PV:170",
        "service": "PV",
        "setor": "JT-046",
        "name": "JT-046",
        "centroid": [
          -23.44972,
          -46.57304
        ],
        "fillColor": "#4b0082",
        "geometry": "point",
        "serviceDisplay": "Pontos Viciados",
        "subprefeitura": "Jaçanã/Tremembé",
        "logradouro": "Rua Morro do Livramento, 40",
        "service_type": "Pontos Viciados",
        "service_icon": "warning",
        "volumetria": "Entre 1m³ e 5m³",
        "address": "Rua Morro do Livramento, 40"
      },
      "geometry": {
        "type": "Point",
        "coordinates": [
          -46.57304,
          -23.44972
        ]
      },
      "id": "PV:170"
    },
    {
      "type": "Feature",
      "properties": {
        "id": "PV:171",
        "service": "PV",
        "setor": "JT-047",
        "name": "JT-047",
        "centroid": [
          -23.43946,
          -46.57174
        ],
        "fillColor": "#4b0082",
        "geometry": "point",
        "serviceDisplay": "Pontos Viciados",
        "subprefeitura": "Jaçanã/Tremembé",
        "logradouro": "Rua Mota, 21",
        "service_type": "Pontos Viciados",
        "service_icon": "warning",
        "volumetria": "Não se aplica (inativo).",
        "address": "Rua Mota, 21",
        "date": "Inativo",
        "status": "Inativo"
      },
      "geometry": {
        "type": "Point",
        "coordinates": [
          -46.57174,
          -23.43946
        ]
      },
      "id": "PV:171"
    },
    {
      "type": "Feature",
      "properties": {
        "id": "PV:172",
        "service": "PV",
        "setor": "JT-048",
        "name": "JT-048",
        "centroid": [
          -23.45267,
          -46.59195
        ],
        "fillColor": "#4b0082",
        "geometry": "point",
        "serviceDisplay": "Pontos Viciados",
        "subprefeitura": "Jaçanã/Tremembé",
        "logradouro": "Rua Nova Londrina, 118",
        "service_type": "Pontos Viciados",
        "service_icon": "warning",
        "volumetria": "Não se aplica (inativo).",
        "address": "Rua Nova Londrina, 118",
        "date": "Inativo",
        "status": "Inativo"
      },
      "geometry": {
        "type": "Point",
        "coordinates": [
          -46.59195,
          -23.45267
        ]
      },
      "id": "PV:172"
    },
    {
      "type": "Feature",
      "properties": {
        "id": "PV:173",
        "service": "PV",
        "setor": "JT-049",
        "name": "JT-049",
        "centroid": [
          -23.45634,
          -46.58737
        ],
        "fillColor": "#4b0082",
        "geometry": "point",
        "serviceDisplay": "Pontos Viciados",
        "subprefeitura": "Jaçanã/Tremembé",
        "logradouro": "Rua País Natal, 54",
        "service_type": "Pontos Viciados",
        "service_icon": "warning",
        "volumetria": "Mais de 5m³",
        "address": "Rua País Natal, 54"
      },
      "geometry": {
        "type": "Point",
        "coordinates": [
          -46.58737,
          -23.45634
        ]
      },
      "id": "PV:173"
    },
    {
      "type": "Feature",
      "properties": {
        "id": "PV:174",
        "service": "PV",
        "setor": "JT-050",
        "name": "JT-050",
        "centroid": [
          -23.46981,
          -46.57788
        ],
        "fillColor": "#4b0082",
        "geometry": "point",
        "serviceDisplay": "Pontos Viciados",
        "subprefeitura": "Jaçanã/Tremembé",
        "logradouro": "Rua Pires da Fonseca, 169",
        "service_type": "Pontos Viciados",
        "service_icon": "warning",
        "volumetria": "Mais de 5m³",
        "address": "Rua Pires da Fonseca, 169"
      },
      "geometry": {
        "type": "Point",
        "coordinates": [
          -46.57788,
          -23.46981
        ]
      },
      "id": "PV:174"
    },
    {
      "type": "Feature",
      "properties": {
        "id": "PV:175",
        "service": "PV",
        "setor": "JT-051",
        "name": "JT-051",
        "centroid": [
          -23.45079,
          -46.57733
        ],
        "fillColor": "#4b0082",
        "geometry": "point",
        "serviceDisplay": "Pontos Viciados",
        "subprefeitura": "Jaçanã/Tremembé",
        "logradouro": "Rua Ranusia Alves Rodrigues, 2",
        "service_type": "Pontos Viciados",
        "service_icon": "warning",
        "volumetria": "Não se aplica (inativo).",
        "address": "Rua Ranusia Alves Rodrigues, 2",
        "date": "Inativo",
        "status": "Inativo"
      },
      "geometry": {
        "type": "Point",
        "coordinates": [
          -46.57733,
          -23.45079
        ]
      },
      "id": "PV:175"
    },
    {
      "type": "Feature",
      "properties": {
        "id": "PV:176",
        "service": "PV",
        "setor": "JT-052",
        "name": "JT-052",
        "centroid": [
          -23.45143,
          -46.57775
        ],
        "fillColor": "#4b0082",
        "geometry": "point",
        "serviceDisplay": "Pontos Viciados",
        "subprefeitura": "Jaçanã/Tremembé",
        "logradouro": "Rua Reinaldo Silveira Pimenta, 22",
        "service_type": "Pontos Viciados",
        "service_icon": "warning",
        "volumetria": "Mais de 5m³",
        "address": "Rua Reinaldo Silveira Pimenta, 22"
      },
      "geometry": {
        "type": "Point",
        "coordinates": [
          -46.57775,
          -23.45143
        ]
      },
      "id": "PV:176"
    },
    {
      "type": "Feature",
      "properties": {
        "id": "PV:177",
        "service": "PV",
        "setor": "JT-053",
        "name": "JT-053",
        "centroid": [
          -23.44975,
          -46.57509
        ],
        "fillColor": "#4b0082",
        "geometry": "point",
        "serviceDisplay": "Pontos Viciados",
        "subprefeitura": "Jaçanã/Tremembé",
        "logradouro": "Rua Roberto Lanari, 406",
        "service_type": "Pontos Viciados",
        "service_icon": "warning",
        "volumetria": "Entre 1m³ e 5m³",
        "address": "Rua Roberto Lanari, 406"
      },
      "geometry": {
        "type": "Point",
        "coordinates": [
          -46.57509,
          -23.44975
        ]
      },
      "id": "PV:177"
    },
    {
      "type": "Feature",
      "properties": {
        "id": "PV:178",
        "service": "PV",
        "setor": "JT-054",
        "name": "JT-054",
        "centroid": [
          -23.43751,
          -46.57512
        ],
        "fillColor": "#4b0082",
        "geometry": "point",
        "serviceDisplay": "Pontos Viciados",
        "subprefeitura": "Jaçanã/Tremembé",
        "logradouro": "Rua São Simplicio, 3",
        "service_type": "Pontos Viciados",
        "service_icon": "warning",
        "volumetria": "Mais de 5m³",
        "address": "Rua São Simplicio, 3"
      },
      "geometry": {
        "type": "Point",
        "coordinates": [
          -46.57512,
          -23.43751
        ]
      },
      "id": "PV:178"
    },
    {
      "type": "Feature",
      "properties": {
        "id": "PV:179",
        "service": "PV",
        "setor": "JT-055",
        "name": "JT-055",
        "centroid": [
          -23.43979,
          -46.58648
        ],
        "fillColor": "#4b0082",
        "geometry": "point",
        "serviceDisplay": "Pontos Viciados",
        "subprefeitura": "Jaçanã/Tremembé",
        "logradouro": "Rua Tarso de Castro, 9",
        "service_type": "Pontos Viciados",
        "service_icon": "warning",
        "volumetria": "Mais de 5m³",
        "address": "Rua Tarso de Castro, 9"
      },
      "geometry": {
        "type": "Point",
        "coordinates": [
          -46.58648,
          -23.43979
        ]
      },
      "id": "PV:179"
    },
    {
      "type": "Feature",
      "properties": {
        "id": "PV:180",
        "service": "PV",
        "setor": "JT-056",
        "name": "JT-056",
        "centroid": [
          -23.44043,
          -46.57707
        ],
        "fillColor": "#4b0082",
        "geometry": "point",
        "serviceDisplay": "Pontos Viciados",
        "subprefeitura": "Jaçanã/Tremembé",
        "logradouro": "Rua Ushikichi Kamiya, 2021",
        "service_type": "Pontos Viciados",
        "service_icon": "warning",
        "volumetria": "Mais de 5m³",
        "address": "Rua Ushikichi Kamiya, 2021"
      },
      "geometry": {
        "type": "Point",
        "coordinates": [
          -46.57707,
          -23.44043
        ]
      },
      "id": "PV:180"
    },
    {
      "type": "Feature",
      "properties": {
        "id": "PV:181",
        "service": "PV",
        "setor": "JT-057",
        "name": "JT-057",
        "centroid": [
          -23.43905,
          -46.58036
        ],
        "fillColor": "#4b0082",
        "geometry": "point",
        "serviceDisplay": "Pontos Viciados",
        "subprefeitura": "Jaçanã/Tremembé",
        "logradouro": "Rua Ushikichi Kamiya, 1400",
        "service_type": "Pontos Viciados",
        "service_icon": "warning",
        "volumetria": "Mais de 5m³",
        "address": "Rua Ushikichi Kamiya, 1400"
      },
      "geometry": {
        "type": "Point",
        "coordinates": [
          -46.58036,
          -23.43905
        ]
      },
      "id": "PV:181"
    },
    {
      "type": "Feature",
      "properties": {
        "id": "PV:182",
        "service": "PV",
        "setor": "JT-058",
        "name": "JT-058",
        "centroid": [
          -23.43994,
          -46.57148
        ],
        "fillColor": "#4b0082",
        "geometry": "point",
        "serviceDisplay": "Pontos Viciados",
        "subprefeitura": "Jaçanã/Tremembé",
        "logradouro": "Rua Ushikichi Kamiya, 1460",
        "service_type": "Pontos Viciados",
        "service_icon": "warning",
        "volumetria": "Mais de 5m³",
        "address": "Rua Ushikichi Kamiya, 1460"
      },
      "geometry": {
        "type": "Point",
        "coordinates": [
          -46.57148,
          -23.43994
        ]
      },
      "id": "PV:182"
    },
    {
      "type": "Feature",
      "properties": {
        "id": "PV:183",
        "service": "PV",
        "setor": "JT-059",
        "name": "JT-059",
        "centroid": [
          -23.44287,
          -46.59326
        ],
        "fillColor": "#4b0082",
        "geometry": "point",
        "serviceDisplay": "Pontos Viciados",
        "subprefeitura": "Jaçanã/Tremembé",
        "logradouro": "Rua Ushikichi Kamiya, 151",
        "service_type": "Pontos Viciados",
        "service_icon": "warning",
        "volumetria": "Mais de 5m³",
        "address": "Rua Ushikichi Kamiya, 151"
      },
      "geometry": {
        "type": "Point",
        "coordinates": [
          -46.59326,
          -23.44287
        ]
      },
      "id": "PV:183"
    },
    {
      "type": "Feature",
      "properties": {
        "id": "PV:184",
        "service": "PV",
        "setor": "JT-060",
        "name": "JT-060",
        "centroid": [
          -23.43921,
          -46.57898
        ],
        "fillColor": "#4b0082",
        "geometry": "point",
        "serviceDisplay": "Pontos Viciados",
        "subprefeitura": "Jaçanã/Tremembé",
        "logradouro": "Rua Ushikichi Kamiya, 1556",
        "service_type": "Pontos Viciados",
        "service_icon": "warning",
        "volumetria": "Mais de 5m³",
        "address": "Rua Ushikichi Kamiya, 1556"
      },
      "geometry": {
        "type": "Point",
        "coordinates": [
          -46.57898,
          -23.43921
        ]
      },
      "id": "PV:184"
    },
    {
      "type": "Feature",
      "properties": {
        "id": "PV:185",
        "service": "PV",
        "setor": "JT-061",
        "name": "JT-061",
        "centroid": [
          -23.43845,
          -46.56772
        ],
        "fillColor": "#4b0082",
        "geometry": "point",
        "serviceDisplay": "Pontos Viciados",
        "subprefeitura": "Jaçanã/Tremembé",
        "logradouro": "Rua Ushikichi Kamiya, 1700",
        "service_type": "Pontos Viciados",
        "service_icon": "warning",
        "volumetria": "Mais de 5m³",
        "address": "Rua Ushikichi Kamiya, 1700",
        "date": "46018",
        "status": "Revitalizado"
      },
      "geometry": {
        "type": "Point",
        "coordinates": [
          -46.56772,
          -23.43845
        ]
      },
      "id": "PV:185"
    },
    {
      "type": "Feature",
      "properties": {
        "id": "PV:186",
        "service": "PV",
        "setor": "JT-062",
        "name": "JT-062",
        "centroid": [
          -23.44299,
          -46.59182
        ],
        "fillColor": "#4b0082",
        "geometry": "point",
        "serviceDisplay": "Pontos Viciados",
        "subprefeitura": "Jaçanã/Tremembé",
        "logradouro": "Rua Ushikichi Kamiya, 196",
        "service_type": "Pontos Viciados",
        "service_icon": "warning",
        "volumetria": "Mais de 5m³",
        "address": "Rua Ushikichi Kamiya, 196"
      },
      "geometry": {
        "type": "Point",
        "coordinates": [
          -46.59182,
          -23.44299
        ]
      },
      "id": "PV:186"
    },
    {
      "type": "Feature",
      "properties": {
        "id": "PV:187",
        "service": "PV",
        "setor": "JT-063",
        "name": "JT-063",
        "centroid": [
          -23.43922,
          -46.5756
        ],
        "fillColor": "#4b0082",
        "geometry": "point",
        "serviceDisplay": "Pontos Viciados",
        "subprefeitura": "Jaçanã/Tremembé",
        "logradouro": "Rua Ushikichi Kamiya, 2425",
        "service_type": "Pontos Viciados",
        "service_icon": "warning",
        "volumetria": "Mais de 5m³",
        "address": "Rua Ushikichi Kamiya, 2425"
      },
      "geometry": {
        "type": "Point",
        "coordinates": [
          -46.5756,
          -23.43922
        ]
      },
      "id": "PV:187"
    },
    {
      "type": "Feature",
      "properties": {
        "id": "PV:188",
        "service": "PV",
        "setor": "JT-064",
        "name": "JT-064",
        "centroid": [
          -23.443,
          -46.59419
        ],
        "fillColor": "#4b0082",
        "geometry": "point",
        "serviceDisplay": "Pontos Viciados",
        "subprefeitura": "Jaçanã/Tremembé",
        "logradouro": "Rua Ushikichi Kamiya, 38",
        "service_type": "Pontos Viciados",
        "service_icon": "warning",
        "volumetria": "Entre 1m³ e 5m³",
        "address": "Rua Ushikichi Kamiya, 38"
      },
      "geometry": {
        "type": "Point",
        "coordinates": [
          -46.59419,
          -23.443
        ]
      },
      "id": "PV:188"
    },
    {
      "type": "Feature",
      "properties": {
        "id": "PV:189",
        "service": "PV",
        "setor": "JT-065",
        "name": "JT-065",
        "centroid": [
          -23.4412,
          -46.58803
        ],
        "fillColor": "#4b0082",
        "geometry": "point",
        "serviceDisplay": "Pontos Viciados",
        "subprefeitura": "Jaçanã/Tremembé",
        "logradouro": "Rua Ushikichi Kamiya, 790",
        "service_type": "Pontos Viciados",
        "service_icon": "warning",
        "volumetria": "Entre 1m³ e 5m³",
        "address": "Rua Ushikichi Kamiya, 790"
      },
      "geometry": {
        "type": "Point",
        "coordinates": [
          -46.58803,
          -23.4412
        ]
      },
      "id": "PV:189"
    },
    {
      "type": "Feature",
      "properties": {
        "id": "PV:190",
        "service": "PV",
        "setor": "JT-066",
        "name": "JT-066",
        "centroid": [
          -23.44049,
          -46.57678
        ],
        "fillColor": "#4b0082",
        "geometry": "point",
        "serviceDisplay": "Pontos Viciados",
        "subprefeitura": "Jaçanã/Tremembé",
        "logradouro": "Rua Ushikichi Kamiya, 810",
        "service_type": "Pontos Viciados",
        "service_icon": "warning",
        "volumetria": "Entre 1m³ e 5m³",
        "address": "Rua Ushikichi Kamiya, 810"
      },
      "geometry": {
        "type": "Point",
        "coordinates": [
          -46.57678,
          -23.44049
        ]
      },
      "id": "PV:190"
    },
    {
      "type": "Feature",
      "properties": {
        "id": "PV:191",
        "service": "PV",
        "setor": "JT-067",
        "name": "JT-067",
        "centroid": [
          -23.44161,
          -46.57757
        ],
        "fillColor": "#4b0082",
        "geometry": "point",
        "serviceDisplay": "Pontos Viciados",
        "subprefeitura": "Jaçanã/Tremembé",
        "logradouro": "Rua Vinte e Um de Março, 7",
        "service_type": "Pontos Viciados",
        "service_icon": "warning",
        "volumetria": "Entre 1m³ e 5m³",
        "address": "Rua Vinte e Um de Março, 7",
        "date": "45962",
        "status": "Revitalizado"
      },
      "geometry": {
        "type": "Point",
        "coordinates": [
          -46.57757,
          -23.44161
        ]
      },
      "id": "PV:191"
    },
    {
      "type": "Feature",
      "properties": {
        "id": "PV:192",
        "service": "PV",
        "setor": "JT-068",
        "name": "JT-068",
        "centroid": [
          -23.45205,
          -46.58153
        ],
        "fillColor": "#4b0082",
        "geometry": "point",
        "serviceDisplay": "Pontos Viciados",
        "subprefeitura": "Jaçanã/Tremembé",
        "logradouro": "Travessa Igarapé Primavera, 277",
        "service_type": "Pontos Viciados",
        "service_icon": "warning",
        "volumetria": "Mais de 5m³",
        "address": "Travessa Igarapé Primavera, 277"
      },
      "geometry": {
        "type": "Point",
        "coordinates": [
          -46.58153,
          -23.45205
        ]
      },
      "id": "PV:192"
    },
    {
      "type": "Feature",
      "properties": {
        "id": "PV:193",
        "service": "PV",
        "setor": "JT-069",
        "name": "JT-069",
        "centroid": [
          -23.45137,
          -46.58324
        ],
        "fillColor": "#4b0082",
        "geometry": "point",
        "serviceDisplay": "Pontos Viciados",
        "subprefeitura": "Jaçanã/Tremembé",
        "logradouro": "Travessa Waldemar de Almeida e Silva, 176",
        "service_type": "Pontos Viciados",
        "service_icon": "warning",
        "volumetria": "Não se aplica (inativo).",
        "address": "Travessa Waldemar de Almeida e Silva, 176",
        "date": "Inativo",
        "status": "Inativo"
      },
      "geometry": {
        "type": "Point",
        "coordinates": [
          -46.58324,
          -23.45137
        ]
      },
      "id": "PV:193"
    },
    {
      "type": "Feature",
      "properties": {
        "id": "PV:194",
        "service": "PV",
        "setor": "JT-070",
        "name": "JT-070",
        "centroid": [
          -23.46275,
          -46.57941
        ],
        "fillColor": "#4b0082",
        "geometry": "point",
        "serviceDisplay": "Pontos Viciados",
        "subprefeitura": "Jaçanã/Tremembé",
        "logradouro": "Avenida Marquês de Muritiba, 286",
        "service_type": "Pontos Viciados",
        "service_icon": "warning",
        "volumetria": "Entre 1m³ e 5m³",
        "address": "Avenida Marquês de Muritiba, 286",
        "date": "46011",
        "status": "Revitalizado"
      },
      "geometry": {
        "type": "Point",
        "coordinates": [
          -46.57941,
          -23.46275
        ]
      },
      "id": "PV:194"
    },
    {
      "type": "Feature",
      "properties": {
        "id": "PV:195",
        "service": "PV",
        "setor": "JT-071",
        "name": "JT-071",
        "centroid": [
          -23.46639,
          -46.57755
        ],
        "fillColor": "#4b0082",
        "geometry": "point",
        "serviceDisplay": "Pontos Viciados",
        "subprefeitura": "Jaçanã/Tremembé",
        "logradouro": "Rua Freire Bastos x Rua Guajarás",
        "service_type": "Pontos Viciados",
        "service_icon": "warning",
        "volumetria": "Entre 1m³ e 5m³",
        "address": "Rua Freire Bastos x Rua Guajarás"
      },
      "geometry": {
        "type": "Point",
        "coordinates": [
          -46.57755,
          -23.46639
        ]
      },
      "id": "PV:195"
    },
    {
      "type": "Feature",
      "properties": {
        "id": "PV:196",
        "service": "PV",
        "setor": "JT-072",
        "name": "JT-072",
        "centroid": [
          -23.45503,
          -46.58448
        ],
        "fillColor": "#4b0082",
        "geometry": "point",
        "serviceDisplay": "Pontos Viciados",
        "subprefeitura": "Jaçanã/Tremembé",
        "logradouro": "Rua Ari da Rocha Miranda, 311",
        "service_type": "Pontos Viciados",
        "service_icon": "warning",
        "volumetria": "Mais de 5m³",
        "address": "Rua Ari da Rocha Miranda, 311"
      },
      "geometry": {
        "type": "Point",
        "coordinates": [
          -46.58448,
          -23.45503
        ]
      },
      "id": "PV:196"
    },
    {
      "type": "Feature",
      "properties": {
        "id": "PV:197",
        "service": "PV",
        "setor": "JT-073",
        "name": "JT-073",
        "centroid": [
          -23.47289,
          -46.57619
        ],
        "fillColor": "#4b0082",
        "geometry": "point",
        "serviceDisplay": "Pontos Viciados",
        "subprefeitura": "Jaçanã/Tremembé",
        "logradouro": "Avenida Mendes da Rocha x Rua Bacurizinho",
        "service_type": "Pontos Viciados",
        "service_icon": "warning",
        "volumetria": "Entre 1m³ e 5m³",
        "address": "Avenida Mendes da Rocha x Rua Bacurizinho"
      },
      "geometry": {
        "type": "Point",
        "coordinates": [
          -46.57619,
          -23.47289
        ]
      },
      "id": "PV:197"
    },
    {
      "type": "Feature",
      "properties": {
        "id": "PV:198",
        "service": "PV",
        "setor": "JT-074",
        "name": "JT-074",
        "centroid": [
          -23.45717,
          -46.57382
        ],
        "fillColor": "#4b0082",
        "geometry": "point",
        "serviceDisplay": "Pontos Viciados",
        "subprefeitura": "Jaçanã/Tremembé",
        "logradouro": "Rua Antônio Nascente, 222",
        "service_type": "Pontos Viciados",
        "service_icon": "warning",
        "volumetria": "Entre 1m³ e 5m³",
        "address": "Rua Antônio Nascente, 222"
      },
      "geometry": {
        "type": "Point",
        "coordinates": [
          -46.57382,
          -23.45717
        ]
      },
      "id": "PV:198"
    },
    {
      "type": "Feature",
      "properties": {
        "id": "PV:199",
        "service": "PV",
        "setor": "JT-075",
        "name": "JT-075",
        "centroid": [
          -23.44199,
          -46.58975
        ],
        "fillColor": "#4b0082",
        "geometry": "point",
        "serviceDisplay": "Pontos Viciados",
        "subprefeitura": "Jaçanã/Tremembé",
        "logradouro": "Avenida Antonelo da Messina, 1711B",
        "service_type": "Pontos Viciados",
        "service_icon": "warning",
        "volumetria": "Entre 1m³ e 5m³",
        "address": "Avenida Antonelo da Messina, 1711B"
      },
      "geometry": {
        "type": "Point",
        "coordinates": [
          -46.58975,
          -23.44199
        ]
      },
      "id": "PV:199"
    },
    {
      "type": "Feature",
      "properties": {
        "id": "PV:200",
        "service": "PV",
        "setor": "JT-076",
        "name": "JT-076",
        "centroid": [
          -23.44245,
          -46.5786
        ],
        "fillColor": "#4b0082",
        "geometry": "point",
        "serviceDisplay": "Pontos Viciados",
        "subprefeitura": "Jaçanã/Tremembé",
        "logradouro": "Rua Luís Martins, 59A",
        "service_type": "Pontos Viciados",
        "service_icon": "warning",
        "volumetria": "Entre 1m³ e 5m³",
        "address": "Rua Luís Martins, 59A"
      },
      "geometry": {
        "type": "Point",
        "coordinates": [
          -46.5786,
          -23.44245
        ]
      },
      "id": "PV:200"
    },
    {
      "type": "Feature",
      "properties": {
        "id": "PV:201",
        "service": "PV",
        "setor": "JT-077",
        "name": "JT-077",
        "centroid": [
          -23.46436,
          -46.58872
        ],
        "fillColor": "#4b0082",
        "geometry": "point",
        "serviceDisplay": "Pontos Viciados",
        "subprefeitura": "Jaçanã/Tremembé",
        "logradouro": "Rua Atos Ribeiro x Rua Florinda Barbosa",
        "service_type": "Pontos Viciados",
        "service_icon": "warning",
        "volumetria": "Entre 1m³ e 5m³",
        "address": "Rua Atos Ribeiro x Rua Florinda Barbosa",
        "date": "46053",
        "status": "Revitalizado"
      },
      "geometry": {
        "type": "Point",
        "coordinates": [
          -46.58872,
          -23.46436
        ]
      },
      "id": "PV:201"
    },
    {
      "type": "Feature",
      "properties": {
        "id": "PV:202",
        "service": "PV",
        "setor": "JT-078",
        "name": "JT-078",
        "centroid": [
          -23.46586,
          -46.57998
        ],
        "fillColor": "#4b0082",
        "geometry": "point",
        "serviceDisplay": "Pontos Viciados",
        "subprefeitura": "Jaçanã/Tremembé",
        "logradouro": "Rua Guajarás, 12",
        "service_type": "Pontos Viciados",
        "service_icon": "warning",
        "volumetria": "Entre 1m³ e 5m³",
        "address": "Rua Guajarás, 12"
      },
      "geometry": {
        "type": "Point",
        "coordinates": [
          -46.57998,
          -23.46586
        ]
      },
      "id": "PV:202"
    },
    {
      "type": "Feature",
      "properties": {
        "id": "PV:203",
        "service": "PV",
        "setor": "JT-079",
        "name": "JT-079",
        "centroid": [
          -23.46827,
          -46.57385
        ],
        "fillColor": "#4b0082",
        "geometry": "point",
        "serviceDisplay": "Pontos Viciados",
        "subprefeitura": "Jaçanã/Tremembé",
        "logradouro": "Avenida Edu Chaves, 05",
        "service_type": "Pontos Viciados",
        "service_icon": "warning",
        "volumetria": "Entre 1m³ e 5m³",
        "address": "Avenida Edu Chaves, 05",
        "date": "45955",
        "status": "Revitalizado"
      },
      "geometry": {
        "type": "Point",
        "coordinates": [
          -46.57385,
          -23.46827
        ]
      },
      "id": "PV:203"
    },
    {
      "type": "Feature",
      "properties": {
        "id": "PV:204",
        "service": "PV",
        "setor": "JT-080",
        "name": "JT-080",
        "centroid": [
          -23.45613,
          -46.59028
        ],
        "fillColor": "#4b0082",
        "geometry": "point",
        "serviceDisplay": "Pontos Viciados",
        "subprefeitura": "Jaçanã/Tremembé",
        "logradouro": "Avenida Antonelo da Messina, 50",
        "service_type": "Pontos Viciados",
        "service_icon": "warning",
        "volumetria": "Entre 1m³ e 5m³",
        "address": "Avenida Antonelo da Messina, 50"
      },
      "geometry": {
        "type": "Point",
        "coordinates": [
          -46.59028,
          -23.45613
        ]
      },
      "id": "PV:204"
    },
    {
      "type": "Feature",
      "properties": {
        "id": "PV:205",
        "service": "PV",
        "setor": "JT-081",
        "name": "JT-081",
        "centroid": [
          -23.43875,
          -46.57514
        ],
        "fillColor": "#4b0082",
        "geometry": "point",
        "serviceDisplay": "Pontos Viciados",
        "subprefeitura": "Jaçanã/Tremembé",
        "logradouro": "Rua Ushikichi Kamiya, 1039",
        "service_type": "Pontos Viciados",
        "service_icon": "warning",
        "volumetria": "Mais de 5m³",
        "address": "Rua Ushikichi Kamiya, 1039"
      },
      "geometry": {
        "type": "Point",
        "coordinates": [
          -46.57514,
          -23.43875
        ]
      },
      "id": "PV:205"
    },
    {
      "type": "Feature",
      "properties": {
        "id": "PV:206",
        "service": "PV",
        "setor": "JT-082",
        "name": "JT-082",
        "centroid": [
          -23.44313,
          -46.59327
        ],
        "fillColor": "#4b0082",
        "geometry": "point",
        "serviceDisplay": "Pontos Viciados",
        "subprefeitura": "Jaçanã/Tremembé",
        "logradouro": "Rua Diego Leiva, 12",
        "service_type": "Pontos Viciados",
        "service_icon": "warning",
        "volumetria": "Entre 1m³ e 5m³",
        "address": "Rua Diego Leiva, 12"
      },
      "geometry": {
        "type": "Point",
        "coordinates": [
          -46.59327,
          -23.44313
        ]
      },
      "id": "PV:206"
    },
    {
      "type": "Feature",
      "properties": {
        "id": "PV:207",
        "service": "PV",
        "setor": "JT-083",
        "name": "JT-083",
        "centroid": [
          -23.45098,
          -46.5889
        ],
        "fillColor": "#4b0082",
        "geometry": "point",
        "serviceDisplay": "Pontos Viciados",
        "subprefeitura": "Jaçanã/Tremembé",
        "logradouro": "Rua David Alan, 24",
        "service_type": "Pontos Viciados",
        "service_icon": "warning",
        "volumetria": "Entre 1m³ e 5m³",
        "address": "Rua David Alan, 24"
      },
      "geometry": {
        "type": "Point",
        "coordinates": [
          -46.5889,
          -23.45098
        ]
      },
      "id": "PV:207"
    },
    {
      "type": "Feature",
      "properties": {
        "id": "PV:208",
        "service": "PV",
        "setor": "JT-084",
        "name": "JT-084",
        "centroid": [
          -23.45209,
          -46.58585
        ],
        "fillColor": "#4b0082",
        "geometry": "point",
        "serviceDisplay": "Pontos Viciados",
        "subprefeitura": "Jaçanã/Tremembé",
        "logradouro": "Rua Panorama, 2",
        "service_type": "Pontos Viciados",
        "service_icon": "warning",
        "volumetria": "Entre 1m³ e 5m³",
        "address": "Rua Panorama, 2"
      },
      "geometry": {
        "type": "Point",
        "coordinates": [
          -46.58585,
          -23.45209
        ]
      },
      "id": "PV:208"
    },
    {
      "type": "Feature",
      "properties": {
        "id": "PV:209",
        "service": "PV",
        "setor": "JT-085",
        "name": "JT-085",
        "centroid": [
          -23.45391,
          -46.58382
        ],
        "fillColor": "#4b0082",
        "geometry": "point",
        "serviceDisplay": "Pontos Viciados",
        "subprefeitura": "Jaçanã/Tremembé",
        "logradouro": "Travessa Igarapé Primavera, 6",
        "service_type": "Pontos Viciados",
        "service_icon": "warning",
        "volumetria": "Entre 1m³ e 5m³",
        "address": "Travessa Igarapé Primavera, 6"
      },
      "geometry": {
        "type": "Point",
        "coordinates": [
          -46.58382,
          -23.45391
        ]
      },
      "id": "PV:209"
    },
    {
      "type": "Feature",
      "properties": {
        "id": "PV:210",
        "service": "PV",
        "setor": "JT-086",
        "name": "JT-086",
        "centroid": [
          -23.45147,
          -46.62813
        ],
        "fillColor": "#4b0082",
        "geometry": "point",
        "serviceDisplay": "Pontos Viciados",
        "subprefeitura": "Jaçanã/Tremembé",
        "logradouro": "Av. Luís Carlos Gentile de Laet, 1882",
        "service_type": "Pontos Viciados",
        "service_icon": "warning",
        "volumetria": "Entre 1m³ e 5m³",
        "address": "Av. Luís Carlos Gentile de Laet, 1882",
        "date": "45941",
        "status": "Revitalizado"
      },
      "geometry": {
        "type": "Point",
        "coordinates": [
          -46.62813,
          -23.45147
        ]
      },
      "id": "PV:210"
    },
    {
      "type": "Feature",
      "properties": {
        "id": "PV:211",
        "service": "PV",
        "setor": "JT-087",
        "name": "JT-087",
        "centroid": [
          -23.46633,
          -46.56629
        ],
        "fillColor": "#4b0082",
        "geometry": "point",
        "serviceDisplay": "Pontos Viciados",
        "subprefeitura": "Jaçanã/Tremembé",
        "logradouro": "Rua Benjamin Pereira, 899",
        "service_type": "Pontos Viciados",
        "service_icon": "warning",
        "volumetria": "Entre 1m³ e 5m³",
        "address": "Rua Benjamin Pereira, 899",
        "date": "45927",
        "status": "Revitalizado"
      },
      "geometry": {
        "type": "Point",
        "coordinates": [
          -46.56629,
          -23.46633
        ]
      },
      "id": "PV:211"
    },
    {
      "type": "Feature",
      "properties": {
        "id": "PV:212",
        "service": "PV",
        "setor": "JT-088",
        "name": "JT-088",
        "centroid": [
          -23.4511,
          -46.5719
        ],
        "fillColor": "#4b0082",
        "geometry": "point",
        "serviceDisplay": "Pontos Viciados",
        "subprefeitura": "Jaçanã/Tremembé",
        "logradouro": "Rua Matos Costa, 26",
        "service_type": "Pontos Viciados",
        "service_icon": "warning",
        "volumetria": "Mais de 5m³",
        "address": "Rua Matos Costa, 26",
        "date": "45969",
        "status": "Revitalizado"
      },
      "geometry": {
        "type": "Point",
        "coordinates": [
          -46.5719,
          -23.4511
        ]
      },
      "id": "PV:212"
    },
    {
      "type": "Feature",
      "properties": {
        "id": "PV:213",
        "service": "PV",
        "setor": "JT-089",
        "name": "JT-089",
        "centroid": [
          -23.47199,
          -46.56936
        ],
        "fillColor": "#4b0082",
        "geometry": "point",
        "serviceDisplay": "Pontos Viciados",
        "subprefeitura": "Jaçanã/Tremembé",
        "logradouro": "Rua Aperibé x Rua João Luís Bozzi",
        "service_type": "Pontos Viciados",
        "service_icon": "warning",
        "volumetria": "Entre 1m³ e 5m³",
        "address": "Rua Aperibé x Rua João Luís Bozzi",
        "date": "46088",
        "status": "Revitalizado"
      },
      "geometry": {
        "type": "Point",
        "coordinates": [
          -46.56936,
          -23.47199
        ]
      },
      "id": "PV:213"
    },
    {
      "type": "Feature",
      "properties": {
        "id": "PV:214",
        "service": "PV",
        "setor": "JT-090",
        "name": "JT-090",
        "centroid": [
          -23.4671,
          -46.57261
        ],
        "fillColor": "#4b0082",
        "geometry": "point",
        "serviceDisplay": "Pontos Viciados",
        "subprefeitura": "Jaçanã/Tremembé",
        "logradouro": "R. Guajarás, 787",
        "service_type": "Pontos Viciados",
        "service_icon": "warning",
        "volumetria": "Entre 1m³ e 5m³",
        "address": "R. Guajarás, 787",
        "date": "45990",
        "status": "Revitalizado"
      },
      "geometry": {
        "type": "Point",
        "coordinates": [
          -46.57261,
          -23.4671
        ]
      },
      "id": "PV:214"
    },
    {
      "type": "Feature",
      "properties": {
        "id": "PV:215",
        "service": "PV",
        "setor": "JT-091",
        "name": "JT-091",
        "centroid": [
          -23.46252,
          -46.59836
        ],
        "fillColor": "#4b0082",
        "geometry": "point",
        "serviceDisplay": "Pontos Viciados",
        "subprefeitura": "Jaçanã/Tremembé",
        "logradouro": "Av. Mário Pernambuco x Rua Luiz Antônio de Oliveira Alves",
        "service_type": "Pontos Viciados",
        "service_icon": "warning",
        "volumetria": "Entre 1m³ e 5m³",
        "address": "Av. Mário Pernambuco x Rua Luiz Antônio de Oliveira Alves",
        "date": "46007",
        "status": "Revitalizado"
      },
      "geometry": {
        "type": "Point",
        "coordinates": [
          -46.59836,
          -23.46252
        ]
      },
      "id": "PV:215"
    },
    {
      "type": "Feature",
      "properties": {
        "id": "PV:216",
        "service": "PV",
        "setor": "JT-092",
        "name": "JT-092",
        "centroid": [
          -23.47377,
          -46.5623
        ],
        "fillColor": "#4b0082",
        "geometry": "point",
        "serviceDisplay": "Pontos Viciados",
        "subprefeitura": "Jaçanã/Tremembé",
        "logradouro": "Rua Olavo Alves de Moura",
        "service_type": "Pontos Viciados",
        "service_icon": "warning",
        "volumetria": "Mais de 5m³",
        "address": "Rua Olavo Alves de Moura",
        "date": "46060",
        "status": "Revitalizado"
      },
      "geometry": {
        "type": "Point",
        "coordinates": [
          -46.5623,
          -23.47377
        ]
      },
      "id": "PV:216"
    },
    {
      "type": "Feature",
      "properties": {
        "id": "PV:217",
        "service": "PV",
        "setor": "JT-093",
        "name": "JT-093",
        "centroid": [
          -23.44986,
          -46.58528
        ],
        "fillColor": "#4b0082",
        "geometry": "point",
        "serviceDisplay": "Pontos Viciados",
        "subprefeitura": "Jaçanã/Tremembé",
        "logradouro": "Rua José Fonseca Cavalcanti, 331",
        "service_type": "Pontos Viciados",
        "service_icon": "warning",
        "volumetria": "Mais de 5m³",
        "address": "Rua José Fonseca Cavalcanti, 331",
        "date": "46067",
        "status": "Revitalizado"
      },
      "geometry": {
        "type": "Point",
        "coordinates": [
          -46.58528,
          -23.44986
        ]
      },
      "id": "PV:217"
    },
    {
      "type": "Feature",
      "properties": {
        "id": "PV:218",
        "service": "PV",
        "setor": "JT-094",
        "name": "JT-094",
        "centroid": [
          -23.47544,
          -46.58258
        ],
        "fillColor": "#4b0082",
        "geometry": "point",
        "serviceDisplay": "Pontos Viciados",
        "subprefeitura": "Jaçanã/Tremembé",
        "logradouro": "Rua Camarupim x Rua São Geraldino",
        "service_type": "Pontos Viciados",
        "service_icon": "warning",
        "volumetria": "Entre 1m³ e 5m³",
        "address": "Rua Camarupim x Rua São Geraldino",
        "date": "46074",
        "status": "Revitalizado"
      },
      "geometry": {
        "type": "Point",
        "coordinates": [
          -46.58258,
          -23.47544
        ]
      },
      "id": "PV:218"
    },
    {
      "type": "Feature",
      "properties": {
        "id": "PV:219",
        "service": "PV",
        "setor": "JT-095",
        "name": "JT-095",
        "centroid": [
          -23.47101,
          -46.56799
        ],
        "fillColor": "#4b0082",
        "geometry": "point",
        "serviceDisplay": "Pontos Viciados",
        "subprefeitura": "Jaçanã/Tremembé",
        "logradouro": "Av. Sanatório x R. Liliental",
        "service_type": "Pontos Viciados",
        "service_icon": "warning",
        "volumetria": "Entre 1m³ e 5m³",
        "address": "Av. Sanatório x R. Liliental",
        "date": "46081",
        "status": "Revitalizado"
      },
      "geometry": {
        "type": "Point",
        "coordinates": [
          -46.56799,
          -23.47101
        ]
      },
      "id": "PV:219"
    },
    {
      "type": "Feature",
      "properties": {
        "id": "PV:220",
        "service": "PV",
        "setor": "JT-096",
        "name": "JT-096",
        "centroid": [
          -23.45639,
          -46.58467
        ],
        "fillColor": "#4b0082",
        "geometry": "point",
        "serviceDisplay": "Pontos Viciados",
        "subprefeitura": "Jaçanã/Tremembé",
        "logradouro": "R. Ari da Rocha Miranda x R. Mário Lago",
        "service_type": "Pontos Viciados",
        "service_icon": "warning",
        "volumetria": "Entre 1m³ e 5m³",
        "address": "R. Ari da Rocha Miranda x R. Mário Lago",
        "date": "46067",
        "status": "Revitalizado"
      },
      "geometry": {
        "type": "Point",
        "coordinates": [
          -46.58467,
          -23.45639
        ]
      },
      "id": "PV:220"
    },
    {
      "type": "Feature",
      "properties": {
        "id": "PV:221",
        "service": "PV",
        "setor": "JT-097",
        "name": "JT-097",
        "centroid": [
          -23.47356,
          -46.58506
        ],
        "fillColor": "#4b0082",
        "geometry": "point",
        "serviceDisplay": "Pontos Viciados",
        "subprefeitura": "Jaçanã/Tremembé",
        "logradouro": "R. Paulo Prado, 29",
        "service_type": "Pontos Viciados",
        "service_icon": "warning",
        "volumetria": "Entre 1m³ e 5m³",
        "address": "R. Paulo Prado, 29",
        "date": "46095"
      },
      "geometry": {
        "type": "Point",
        "coordinates": [
          -46.58506,
          -23.47356
        ]
      },
      "id": "PV:221"
    },
    {
      "type": "Feature",
      "properties": {
        "id": "PV:222",
        "service": "PV",
        "setor": "JT-098",
        "name": "JT-098",
        "centroid": [
          -23.4726,
          -46.58361
        ],
        "fillColor": "#4b0082",
        "geometry": "point",
        "serviceDisplay": "Pontos Viciados",
        "subprefeitura": "Jaçanã/Tremembé",
        "logradouro": "R. Profa. Jacira de Carvalho, 310",
        "service_type": "Pontos Viciados",
        "service_icon": "warning",
        "volumetria": "Entre 1m³ e 5m³",
        "address": "R. Profa. Jacira de Carvalho, 310",
        "date": "46102"
      },
      "geometry": {
        "type": "Point",
        "coordinates": [
          -46.58361,
          -23.4726
        ]
      },
      "id": "PV:222"
    },
    {
      "type": "Feature",
      "properties": {
        "id": "PV:223",
        "service": "PV",
        "setor": "JT-099",
        "name": "JT-099",
        "centroid": [
          -23.46987,
          -46.57745
        ],
        "fillColor": "#4b0082",
        "geometry": "point",
        "serviceDisplay": "Pontos Viciados",
        "subprefeitura": "Jaçanã/Tremembé",
        "logradouro": "Av. Mendes da Rocha, 2131",
        "service_type": "Pontos Viciados",
        "service_icon": "warning",
        "volumetria": "Entre 1m³ e 5m³",
        "address": "Av. Mendes da Rocha, 2131",
        "date": "46109"
      },
      "geometry": {
        "type": "Point",
        "coordinates": [
          -46.57745,
          -23.46987
        ]
      },
      "id": "PV:223"
    },
    {
      "type": "Feature",
      "properties": {
        "id": "PV:224",
        "service": "PV",
        "setor": "MG-001",
        "name": "MG-001",
        "centroid": [
          -23.51779,
          -46.56188
        ],
        "fillColor": "#87ceeb",
        "geometry": "point",
        "serviceDisplay": "Pontos Viciados",
        "subprefeitura": "Vila Maria/Vila Guilherme",
        "logradouro": "Alameda Segundo Sargento Nevio Baracho dos Santos, 590",
        "service_type": "Pontos Viciados",
        "service_icon": "warning",
        "volumetria": "Entre 1m³ e 5m³",
        "address": "Alameda Segundo Sargento Nevio Baracho dos Santos, 590"
      },
      "geometry": {
        "type": "Point",
        "coordinates": [
          -46.56188,
          -23.51779
        ]
      },
      "id": "PV:224"
    },
    {
      "type": "Feature",
      "properties": {
        "id": "PV:225",
        "service": "PV",
        "setor": "MG-002",
        "name": "MG-002",
        "centroid": [
          -23.49997,
          -46.56574
        ],
        "fillColor": "#87ceeb",
        "geometry": "point",
        "serviceDisplay": "Pontos Viciados",
        "subprefeitura": "Vila Maria/Vila Guilherme",
        "logradouro": "Alameda Segundo Sargento Rubens Leite, 263",
        "service_type": "Pontos Viciados",
        "service_icon": "warning",
        "volumetria": "Entre 1m³ e 5m³",
        "address": "Alameda Segundo Sargento Rubens Leite, 263"
      },
      "geometry": {
        "type": "Point",
        "coordinates": [
          -46.56574,
          -23.49997
        ]
      },
      "id": "PV:225"
    },
    {
      "type": "Feature",
      "properties": {
        "id": "PV:226",
        "service": "PV",
        "setor": "MG-003",
        "name": "MG-003",
        "centroid": [
          -23.50153,
          -46.56535
        ],
        "fillColor": "#87ceeb",
        "geometry": "point",
        "serviceDisplay": "Pontos Viciados",
        "subprefeitura": "Vila Maria/Vila Guilherme",
        "logradouro": "Alameda Terceiro Sargento Alcides de Oliveira, 549",
        "service_type": "Pontos Viciados",
        "service_icon": "warning",
        "volumetria": "Entre 1m³ e 5m³",
        "address": "Alameda Terceiro Sargento Alcides de Oliveira, 549"
      },
      "geometry": {
        "type": "Point",
        "coordinates": [
          -46.56535,
          -23.50153
        ]
      },
      "id": "PV:226"
    },
    {
      "type": "Feature",
      "properties": {
        "id": "PV:227",
        "service": "PV",
        "setor": "MG-004",
        "name": "MG-004",
        "centroid": [
          -23.48188,
          -46.56838
        ],
        "fillColor": "#87ceeb",
        "geometry": "point",
        "serviceDisplay": "Pontos Viciados",
        "subprefeitura": "Vila Maria/Vila Guilherme",
        "logradouro": "Avenida Antenor Navarro, 1135",
        "service_type": "Pontos Viciados",
        "service_icon": "warning",
        "volumetria": "Entre 1m³ e 5m³",
        "address": "Avenida Antenor Navarro, 1135"
      },
      "geometry": {
        "type": "Point",
        "coordinates": [
          -46.56838,
          -23.48188
        ]
      },
      "id": "PV:227"
    },
    {
      "type": "Feature",
      "properties": {
        "id": "PV:228",
        "service": "PV",
        "setor": "MG-005",
        "name": "MG-005",
        "centroid": [
          -23.51011,
          -46.57439
        ],
        "fillColor": "#87ceeb",
        "geometry": "point",
        "serviceDisplay": "Pontos Viciados",
        "subprefeitura": "Vila Maria/Vila Guilherme",
        "logradouro": "Avenida Bandeirantes do Sul, 1221",
        "service_type": "Pontos Viciados",
        "service_icon": "warning",
        "volumetria": "Entre 1m³ e 5m³",
        "address": "Avenida Bandeirantes do Sul, 1221"
      },
      "geometry": {
        "type": "Point",
        "coordinates": [
          -46.57439,
          -23.51011
        ]
      },
      "id": "PV:228"
    },
    {
      "type": "Feature",
      "properties": {
        "id": "PV:229",
        "service": "PV",
        "setor": "MG-006",
        "name": "MG-006",
        "centroid": [
          -23.51613,
          -46.58032
        ],
        "fillColor": "#87ceeb",
        "geometry": "point",
        "serviceDisplay": "Pontos Viciados",
        "subprefeitura": "Vila Maria/Vila Guilherme",
        "logradouro": "Avenida Bandeirantes do Sul, 311",
        "service_type": "Pontos Viciados",
        "service_icon": "warning",
        "volumetria": "Entre 1m³ e 5m³",
        "address": "Avenida Bandeirantes do Sul, 311"
      },
      "geometry": {
        "type": "Point",
        "coordinates": [
          -46.58032,
          -23.51613
        ]
      },
      "id": "PV:229"
    },
    {
      "type": "Feature",
      "properties": {
        "id": "PV:230",
        "service": "PV",
        "setor": "MG-007",
        "name": "MG-007",
        "centroid": [
          -23.51563,
          -46.57973
        ],
        "fillColor": "#87ceeb",
        "geometry": "point",
        "serviceDisplay": "Pontos Viciados",
        "subprefeitura": "Vila Maria/Vila Guilherme",
        "logradouro": "Avenida Bandeirantes do Sul, 43",
        "service_type": "Pontos Viciados",
        "service_icon": "warning",
        "volumetria": "Entre 1m³ e 5m³",
        "address": "Avenida Bandeirantes do Sul, 43"
      },
      "geometry": {
        "type": "Point",
        "coordinates": [
          -46.57973,
          -23.51563
        ]
      },
      "id": "PV:230"
    },
    {
      "type": "Feature",
      "properties": {
        "id": "PV:231",
        "service": "PV",
        "setor": "MG-008",
        "name": "MG-008",
        "centroid": [
          -23.48693,
          -46.5709
        ],
        "fillColor": "#87ceeb",
        "geometry": "point",
        "serviceDisplay": "Pontos Viciados",
        "subprefeitura": "Vila Maria/Vila Guilherme",
        "logradouro": "Avenida Combate da Lagoa Branca X Rua Tenente Sotomano",
        "service_type": "Pontos Viciados",
        "service_icon": "warning",
        "volumetria": "Entre 1m³ e 5m³",
        "address": "Avenida Combate da Lagoa Branca X Rua Tenente Sotomano"
      },
      "geometry": {
        "type": "Point",
        "coordinates": [
          -46.5709,
          -23.48693
        ]
      },
      "id": "PV:231"
    },
    {
      "type": "Feature",
      "properties": {
        "id": "PV:232",
        "service": "PV",
        "setor": "MG-009",
        "name": "MG-009",
        "centroid": [
          -23.49654,
          -46.58644
        ],
        "fillColor": "#87ceeb",
        "geometry": "point",
        "serviceDisplay": "Pontos Viciados",
        "subprefeitura": "Vila Maria/Vila Guilherme",
        "logradouro": "Avenida Conceição X Rua José de Araújo",
        "service_type": "Pontos Viciados",
        "service_icon": "warning",
        "volumetria": "Entre 1m³ e 5m³",
        "address": "Avenida Conceição X Rua José de Araújo"
      },
      "geometry": {
        "type": "Point",
        "coordinates": [
          -46.58644,
          -23.49654
        ]
      },
      "id": "PV:232"
    },
    {
      "type": "Feature",
      "properties": {
        "id": "PV:233",
        "service": "PV",
        "setor": "MG-010",
        "name": "MG-010",
        "centroid": [
          -23.5138,
          -46.57803
        ],
        "fillColor": "#87ceeb",
        "geometry": "point",
        "serviceDisplay": "Pontos Viciados",
        "subprefeitura": "Vila Maria/Vila Guilherme",
        "logradouro": "Avenida das Gueixas, 2",
        "service_type": "Pontos Viciados",
        "service_icon": "warning",
        "volumetria": "Entre 1m³ e 5m³",
        "address": "Avenida das Gueixas, 2"
      },
      "geometry": {
        "type": "Point",
        "coordinates": [
          -46.57803,
          -23.5138
        ]
      },
      "id": "PV:233"
    },
    {
      "type": "Feature",
      "properties": {
        "id": "PV:234",
        "service": "PV",
        "setor": "MG-011",
        "name": "MG-011",
        "centroid": [
          -23.51601,
          -46.57514
        ],
        "fillColor": "#87ceeb",
        "geometry": "point",
        "serviceDisplay": "Pontos Viciados",
        "subprefeitura": "Vila Maria/Vila Guilherme",
        "logradouro": "Avenida do Birimbau, 177",
        "service_type": "Pontos Viciados",
        "service_icon": "warning",
        "volumetria": "Entre 1m³ e 5m³",
        "address": "Avenida do Birimbau, 177",
        "date": "46088",
        "status": "Revitalizado"
      },
      "geometry": {
        "type": "Point",
        "coordinates": [
          -46.57514,
          -23.51601
        ]
      },
      "id": "PV:234"
    },
    {
      "type": "Feature",
      "properties": {
        "id": "PV:235",
        "service": "PV",
        "setor": "MG-012",
        "name": "MG-012",
        "centroid": [
          -23.51634,
          -46.57481
        ],
        "fillColor": "#87ceeb",
        "geometry": "point",
        "serviceDisplay": "Pontos Viciados",
        "subprefeitura": "Vila Maria/Vila Guilherme",
        "logradouro": "Avenida do Birimbau, 92",
        "service_type": "Pontos Viciados",
        "service_icon": "warning",
        "volumetria": "Entre 1m³ e 5m³",
        "address": "Avenida do Birimbau, 92",
        "date": "46095"
      },
      "geometry": {
        "type": "Point",
        "coordinates": [
          -46.57481,
          -23.51634
        ]
      },
      "id": "PV:235"
    },
    {
      "type": "Feature",
      "properties": {
        "id": "PV:236",
        "service": "PV",
        "setor": "MG-013",
        "name": "MG-013",
        "centroid": [
          -23.48899,
          -46.56629
        ],
        "fillColor": "#87ceeb",
        "geometry": "point",
        "serviceDisplay": "Pontos Viciados",
        "subprefeitura": "Vila Maria/Vila Guilherme",
        "logradouro": "Avenida do Poeta X Avenida João Simão de Castro",
        "service_type": "Pontos Viciados",
        "service_icon": "warning",
        "volumetria": "Mais de 5m³",
        "address": "Avenida do Poeta X Avenida João Simão de Castro",
        "date": "46041",
        "status": "Revitalizado"
      },
      "geometry": {
        "type": "Point",
        "coordinates": [
          -46.56629,
          -23.48899
        ]
      },
      "id": "PV:236"
    },
    {
      "type": "Feature",
      "properties": {
        "id": "PV:237",
        "service": "PV",
        "setor": "MG-014",
        "name": "MG-014",
        "centroid": [
          -23.4979,
          -46.5835
        ],
        "fillColor": "#87ceeb",
        "geometry": "point",
        "serviceDisplay": "Pontos Viciados",
        "subprefeitura": "Vila Maria/Vila Guilherme",
        "logradouro": "Avenida Doutor Benedito Estevam dos Santos, 953",
        "service_type": "Pontos Viciados",
        "service_icon": "warning",
        "volumetria": "Entre 1m³ e 5m³",
        "address": "Avenida Doutor Benedito Estevam dos Santos, 953"
      },
      "geometry": {
        "type": "Point",
        "coordinates": [
          -46.5835,
          -23.4979
        ]
      },
      "id": "PV:237"
    },
    {
      "type": "Feature",
      "properties": {
        "id": "PV:238",
        "service": "PV",
        "setor": "MG-015",
        "name": "MG-015",
        "centroid": [
          -23.49027,
          -46.58924
        ],
        "fillColor": "#87ceeb",
        "geometry": "point",
        "serviceDisplay": "Pontos Viciados",
        "subprefeitura": "Vila Maria/Vila Guilherme",
        "logradouro": "Avenida Ede X Rua Ida Boschetti",
        "service_type": "Pontos Viciados",
        "service_icon": "warning",
        "volumetria": "Entre 1m³ e 5m³",
        "address": "Avenida Ede X Rua Ida Boschetti"
      },
      "geometry": {
        "type": "Point",
        "coordinates": [
          -46.58924,
          -23.49027
        ]
      },
      "id": "PV:238"
    },
    {
      "type": "Feature",
      "properties": {
        "id": "PV:239",
        "service": "PV",
        "setor": "MG-016",
        "name": "MG-016",
        "centroid": [
          -23.49481,
          -46.59226
        ],
        "fillColor": "#87ceeb",
        "geometry": "point",
        "serviceDisplay": "Pontos Viciados",
        "subprefeitura": "Vila Maria/Vila Guilherme",
        "logradouro": "Avenida Ede X Rua Zalina Rolim",
        "service_type": "Pontos Viciados",
        "service_icon": "warning",
        "volumetria": "Entre 1m³ e 5m³",
        "address": "Avenida Ede X Rua Zalina Rolim"
      },
      "geometry": {
        "type": "Point",
        "coordinates": [
          -46.59226,
          -23.49481
        ]
      },
      "id": "PV:239"
    },
    {
      "type": "Feature",
      "properties": {
        "id": "PV:240",
        "service": "PV",
        "setor": "MG-017",
        "name": "MG-017",
        "centroid": [
          -23.5164,
          -46.5614
        ],
        "fillColor": "#87ceeb",
        "geometry": "point",
        "serviceDisplay": "Pontos Viciados",
        "subprefeitura": "Vila Maria/Vila Guilherme",
        "logradouro": "Avenida Educador Paulo Freire, 371",
        "service_type": "Pontos Viciados",
        "service_icon": "warning",
        "volumetria": "Entre 1m³ e 5m³",
        "address": "Avenida Educador Paulo Freire, 371"
      },
      "geometry": {
        "type": "Point",
        "coordinates": [
          -46.5614,
          -23.5164
        ]
      },
      "id": "PV:240"
    },
    {
      "type": "Feature",
      "properties": {
        "id": "PV:241",
        "service": "PV",
        "setor": "MG-018",
        "name": "MG-018",
        "centroid": [
          -23.51686,
          -46.57454
        ],
        "fillColor": "#87ceeb",
        "geometry": "point",
        "serviceDisplay": "Pontos Viciados",
        "subprefeitura": "Vila Maria/Vila Guilherme",
        "logradouro": "Avenida Ernesto Augusto Lopes, 298",
        "service_type": "Pontos Viciados",
        "service_icon": "warning",
        "volumetria": "Entre 1m³ e 5m³",
        "address": "Avenida Ernesto Augusto Lopes, 298"
      },
      "geometry": {
        "type": "Point",
        "coordinates": [
          -46.57454,
          -23.51686
        ]
      },
      "id": "PV:241"
    },
    {
      "type": "Feature",
      "properties": {
        "id": "PV:242",
        "service": "PV",
        "setor": "MG-019",
        "name": "MG-019",
        "centroid": [
          -23.49345,
          -46.56651
        ],
        "fillColor": "#87ceeb",
        "geometry": "point",
        "serviceDisplay": "Pontos Viciados",
        "subprefeitura": "Vila Maria/Vila Guilherme",
        "logradouro": "Avenida Franz Liszt, 153",
        "service_type": "Pontos Viciados",
        "service_icon": "warning",
        "volumetria": "Entre 1m³ e 5m³",
        "address": "Avenida Franz Liszt, 153"
      },
      "geometry": {
        "type": "Point",
        "coordinates": [
          -46.56651,
          -23.49345
        ]
      },
      "id": "PV:242"
    },
    {
      "type": "Feature",
      "properties": {
        "id": "PV:243",
        "service": "PV",
        "setor": "MG-020",
        "name": "MG-020",
        "centroid": [
          -23.49229,
          -46.56652
        ],
        "fillColor": "#87ceeb",
        "geometry": "point",
        "serviceDisplay": "Pontos Viciados",
        "subprefeitura": "Vila Maria/Vila Guilherme",
        "logradouro": "Avenida Franz Liszt, 225",
        "service_type": "Pontos Viciados",
        "service_icon": "warning",
        "volumetria": "Entre 1m³ e 5m³",
        "address": "Avenida Franz Liszt, 225"
      },
      "geometry": {
        "type": "Point",
        "coordinates": [
          -46.56652,
          -23.49229
        ]
      },
      "id": "PV:243"
    },
    {
      "type": "Feature",
      "properties": {
        "id": "PV:244",
        "service": "PV",
        "setor": "MG-021",
        "name": "MG-021",
        "centroid": [
          -23.51265,
          -46.60251
        ],
        "fillColor": "#87ceeb",
        "geometry": "point",
        "serviceDisplay": "Pontos Viciados",
        "subprefeitura": "Vila Maria/Vila Guilherme",
        "logradouro": "Avenida Guilherme X Rua João Veloso Filho",
        "service_type": "Pontos Viciados",
        "service_icon": "warning",
        "volumetria": "Entre 1m³ e 5m³",
        "address": "Avenida Guilherme X Rua João Veloso Filho"
      },
      "geometry": {
        "type": "Point",
        "coordinates": [
          -46.60251,
          -23.51265
        ]
      },
      "id": "PV:244"
    },
    {
      "type": "Feature",
      "properties": {
        "id": "PV:245",
        "service": "PV",
        "setor": "MG-022",
        "name": "MG-022",
        "centroid": [
          -23.5125,
          -46.60241
        ],
        "fillColor": "#87ceeb",
        "geometry": "point",
        "serviceDisplay": "Pontos Viciados",
        "subprefeitura": "Vila Maria/Vila Guilherme",
        "logradouro": "Avenida Guilherme, 1179",
        "service_type": "Pontos Viciados",
        "service_icon": "warning",
        "volumetria": "Entre 1m³ e 5m³",
        "address": "Avenida Guilherme, 1179",
        "date": "46102"
      },
      "geometry": {
        "type": "Point",
        "coordinates": [
          -46.60241,
          -23.5125
        ]
      },
      "id": "PV:245"
    },
    {
      "type": "Feature",
      "properties": {
        "id": "PV:246",
        "service": "PV",
        "setor": "MG-023",
        "name": "MG-023",
        "centroid": [
          -23.5108,
          -46.60135
        ],
        "fillColor": "#87ceeb",
        "geometry": "point",
        "serviceDisplay": "Pontos Viciados",
        "subprefeitura": "Vila Maria/Vila Guilherme",
        "logradouro": "Avenida Guilherme, 1384",
        "service_type": "Pontos Viciados",
        "service_icon": "warning",
        "volumetria": "Entre 1m³ e 5m³",
        "address": "Avenida Guilherme, 1384"
      },
      "geometry": {
        "type": "Point",
        "coordinates": [
          -46.60135,
          -23.5108
        ]
      },
      "id": "PV:246"
    },
    {
      "type": "Feature",
      "properties": {
        "id": "PV:247",
        "service": "PV",
        "setor": "MG-024",
        "name": "MG-024",
        "centroid": [
          -23.50982,
          -46.60086
        ],
        "fillColor": "#87ceeb",
        "geometry": "point",
        "serviceDisplay": "Pontos Viciados",
        "subprefeitura": "Vila Maria/Vila Guilherme",
        "logradouro": "Avenida Guilherme, 1515",
        "service_type": "Pontos Viciados",
        "service_icon": "warning",
        "volumetria": "Entre 1m³ e 5m³",
        "address": "Avenida Guilherme, 1515"
      },
      "geometry": {
        "type": "Point",
        "coordinates": [
          -46.60086,
          -23.50982
        ]
      },
      "id": "PV:247"
    },
    {
      "type": "Feature",
      "properties": {
        "id": "PV:248",
        "service": "PV",
        "setor": "MG-025",
        "name": "MG-025",
        "centroid": [
          -23.48897,
          -46.56559
        ],
        "fillColor": "#87ceeb",
        "geometry": "point",
        "serviceDisplay": "Pontos Viciados",
        "subprefeitura": "Vila Maria/Vila Guilherme",
        "logradouro": "Avenida João Simão de Castro, 427",
        "service_type": "Pontos Viciados",
        "service_icon": "warning",
        "volumetria": "Entre 1m³ e 5m³",
        "address": "Avenida João Simão de Castro, 427"
      },
      "geometry": {
        "type": "Point",
        "coordinates": [
          -46.56559,
          -23.48897
        ]
      },
      "id": "PV:248"
    },
    {
      "type": "Feature",
      "properties": {
        "id": "PV:249",
        "service": "PV",
        "setor": "MG-026",
        "name": "MG-026",
        "centroid": [
          -23.51619,
          -46.60836
        ],
        "fillColor": "#87ceeb",
        "geometry": "point",
        "serviceDisplay": "Pontos Viciados",
        "subprefeitura": "Vila Maria/Vila Guilherme",
        "logradouro": "Avenida Joaquina Ramalho, 26",
        "service_type": "Pontos Viciados",
        "service_icon": "warning",
        "volumetria": "Entre 1m³ e 5m³",
        "address": "Avenida Joaquina Ramalho, 26"
      },
      "geometry": {
        "type": "Point",
        "coordinates": [
          -46.60836,
          -23.51619
        ]
      },
      "id": "PV:249"
    },
    {
      "type": "Feature",
      "properties": {
        "id": "PV:250",
        "service": "PV",
        "setor": "MG-027",
        "name": "MG-027",
        "centroid": [
          -23.50572,
          -46.56755
        ],
        "fillColor": "#87ceeb",
        "geometry": "point",
        "serviceDisplay": "Pontos Viciados",
        "subprefeitura": "Vila Maria/Vila Guilherme",
        "logradouro": "Avenida José Maria Fernandes, 1176",
        "service_type": "Pontos Viciados",
        "service_icon": "warning",
        "volumetria": "Entre 1m³ e 5m³",
        "address": "Avenida José Maria Fernandes, 1176"
      },
      "geometry": {
        "type": "Point",
        "coordinates": [
          -46.56755,
          -23.50572
        ]
      },
      "id": "PV:250"
    },
    {
      "type": "Feature",
      "properties": {
        "id": "PV:251",
        "service": "PV",
        "setor": "MG-028",
        "name": "MG-028",
        "centroid": [
          -23.4766,
          -46.58153
        ],
        "fillColor": "#87ceeb",
        "geometry": "point",
        "serviceDisplay": "Pontos Viciados",
        "subprefeitura": "Vila Maria/Vila Guilherme",
        "logradouro": "Avenida Julio Buono, 3136",
        "service_type": "Pontos Viciados",
        "service_icon": "warning",
        "volumetria": "Entre 1m³ e 5m³",
        "address": "Avenida Julio Buono, 3136"
      },
      "geometry": {
        "type": "Point",
        "coordinates": [
          -46.58153,
          -23.4766
        ]
      },
      "id": "PV:251"
    },
    {
      "type": "Feature",
      "properties": {
        "id": "PV:252",
        "service": "PV",
        "setor": "MG-029",
        "name": "MG-029",
        "centroid": [
          -23.47477,
          -46.57781
        ],
        "fillColor": "#87ceeb",
        "geometry": "point",
        "serviceDisplay": "Pontos Viciados",
        "subprefeitura": "Vila Maria/Vila Guilherme",
        "logradouro": "Avenida Julio Buono, 3586",
        "service_type": "Pontos Viciados",
        "service_icon": "warning",
        "volumetria": "Entre 1m³ e 5m³",
        "address": "Avenida Julio Buono, 3586"
      },
      "geometry": {
        "type": "Point",
        "coordinates": [
          -46.57781,
          -23.47477
        ]
      },
      "id": "PV:252"
    },
    {
      "type": "Feature",
      "properties": {
        "id": "PV:253",
        "service": "PV",
        "setor": "MG-030",
        "name": "MG-030",
        "centroid": [
          -23.47431,
          -46.57708
        ],
        "fillColor": "#87ceeb",
        "geometry": "point",
        "serviceDisplay": "Pontos Viciados",
        "subprefeitura": "Vila Maria/Vila Guilherme",
        "logradouro": "Avenida Julio Buono, 3681",
        "service_type": "Pontos Viciados",
        "service_icon": "warning",
        "volumetria": "Entre 1m³ e 5m³",
        "address": "Avenida Julio Buono, 3681"
      },
      "geometry": {
        "type": "Point",
        "coordinates": [
          -46.57708,
          -23.47431
        ]
      },
      "id": "PV:253"
    },
    {
      "type": "Feature",
      "properties": {
        "id": "PV:254",
        "service": "PV",
        "setor": "MG-031",
        "name": "MG-031",
        "centroid": [
          -23.47406,
          -46.57653
        ],
        "fillColor": "#87ceeb",
        "geometry": "point",
        "serviceDisplay": "Pontos Viciados",
        "subprefeitura": "Vila Maria/Vila Guilherme",
        "logradouro": "Avenida Julio Buono, 3733",
        "service_type": "Pontos Viciados",
        "service_icon": "warning",
        "volumetria": "Entre 1m³ e 5m³",
        "address": "Avenida Julio Buono, 3733"
      },
      "geometry": {
        "type": "Point",
        "coordinates": [
          -46.57653,
          -23.47406
        ]
      },
      "id": "PV:254"
    },
    {
      "type": "Feature",
      "properties": {
        "id": "PV:255",
        "service": "PV",
        "setor": "MG-032",
        "name": "MG-032",
        "centroid": [
          -23.47488,
          -46.5751
        ],
        "fillColor": "#87ceeb",
        "geometry": "point",
        "serviceDisplay": "Pontos Viciados",
        "subprefeitura": "Vila Maria/Vila Guilherme",
        "logradouro": "Avenida Mendes da Rocha, 1453",
        "service_type": "Pontos Viciados",
        "service_icon": "warning",
        "volumetria": "Entre 1m³ e 5m³",
        "address": "Avenida Mendes da Rocha, 1453"
      },
      "geometry": {
        "type": "Point",
        "coordinates": [
          -46.5751,
          -23.47488
        ]
      },
      "id": "PV:255"
    },
    {
      "type": "Feature",
      "properties": {
        "id": "PV:256",
        "service": "PV",
        "setor": "MG-033",
        "name": "MG-033",
        "centroid": [
          -23.48091,
          -46.5716
        ],
        "fillColor": "#87ceeb",
        "geometry": "point",
        "serviceDisplay": "Pontos Viciados",
        "subprefeitura": "Vila Maria/Vila Guilherme",
        "logradouro": "Avenida Mendes da Rocha, 700",
        "service_type": "Pontos Viciados",
        "service_icon": "warning",
        "volumetria": "Entre 1m³ e 5m³",
        "address": "Avenida Mendes da Rocha, 700",
        "date": "46074",
        "status": "Revitalizado"
      },
      "geometry": {
        "type": "Point",
        "coordinates": [
          -46.5716,
          -23.48091
        ]
      },
      "id": "PV:256"
    },
    {
      "type": "Feature",
      "properties": {
        "id": "PV:257",
        "service": "PV",
        "setor": "MG-034",
        "name": "MG-034",
        "centroid": [
          -23.51688,
          -46.59527
        ],
        "fillColor": "#87ceeb",
        "geometry": "point",
        "serviceDisplay": "Pontos Viciados",
        "subprefeitura": "Vila Maria/Vila Guilherme",
        "logradouro": "Avenida Nadir Dias de Figueiredo, 1022",
        "service_type": "Pontos Viciados",
        "service_icon": "warning",
        "volumetria": "Entre 1m³ e 5m³",
        "address": "Avenida Nadir Dias de Figueiredo, 1022"
      },
      "geometry": {
        "type": "Point",
        "coordinates": [
          -46.59527,
          -23.51688
        ]
      },
      "id": "PV:257"
    },
    {
      "type": "Feature",
      "properties": {
        "id": "PV:258",
        "service": "PV",
        "setor": "MG-035",
        "name": "MG-035",
        "centroid": [
          -23.51438,
          -46.59487
        ],
        "fillColor": "#87ceeb",
        "geometry": "point",
        "serviceDisplay": "Pontos Viciados",
        "subprefeitura": "Vila Maria/Vila Guilherme",
        "logradouro": "Avenida Nadir Dias de Figueiredo, 1206",
        "service_type": "Pontos Viciados",
        "service_icon": "warning",
        "volumetria": "Entre 1m³ e 5m³",
        "address": "Avenida Nadir Dias de Figueiredo, 1206"
      },
      "geometry": {
        "type": "Point",
        "coordinates": [
          -46.59487,
          -23.51438
        ]
      },
      "id": "PV:258"
    },
    {
      "type": "Feature",
      "properties": {
        "id": "PV:259",
        "service": "PV",
        "setor": "MG-036",
        "name": "MG-036",
        "centroid": [
          -23.52257,
          -46.59591
        ],
        "fillColor": "#87ceeb",
        "geometry": "point",
        "serviceDisplay": "Pontos Viciados",
        "subprefeitura": "Vila Maria/Vila Guilherme",
        "logradouro": "Avenida Nadir Dias de Figueiredo, 64",
        "service_type": "Pontos Viciados",
        "service_icon": "warning",
        "volumetria": "Entre 1m³ e 5m³",
        "address": "Avenida Nadir Dias de Figueiredo, 64"
      },
      "geometry": {
        "type": "Point",
        "coordinates": [
          -46.59591,
          -23.52257
        ]
      },
      "id": "PV:259"
    },
    {
      "type": "Feature",
      "properties": {
        "id": "PV:260",
        "service": "PV",
        "setor": "MG-037",
        "name": "MG-037",
        "centroid": [
          -23.48463,
          -46.57675
        ],
        "fillColor": "#87ceeb",
        "geometry": "point",
        "serviceDisplay": "Pontos Viciados",
        "subprefeitura": "Vila Maria/Vila Guilherme",
        "logradouro": "Avenida Ramiz Galvão, 1058",
        "service_type": "Pontos Viciados",
        "service_icon": "warning",
        "volumetria": "Entre 1m³ e 5m³",
        "address": "Avenida Ramiz Galvão, 1058"
      },
      "geometry": {
        "type": "Point",
        "coordinates": [
          -46.57675,
          -23.48463
        ]
      },
      "id": "PV:260"
    },
    {
      "type": "Feature",
      "properties": {
        "id": "PV:261",
        "service": "PV",
        "setor": "MG-038",
        "name": "MG-038",
        "centroid": [
          -23.48523,
          -46.57643
        ],
        "fillColor": "#87ceeb",
        "geometry": "point",
        "serviceDisplay": "Pontos Viciados",
        "subprefeitura": "Vila Maria/Vila Guilherme",
        "logradouro": "Avenida Ramiz Galvão, 1126",
        "service_type": "Pontos Viciados",
        "service_icon": "warning",
        "volumetria": "Entre 1m³ e 5m³",
        "address": "Avenida Ramiz Galvão, 1126"
      },
      "geometry": {
        "type": "Point",
        "coordinates": [
          -46.57643,
          -23.48523
        ]
      },
      "id": "PV:261"
    },
    {
      "type": "Feature",
      "properties": {
        "id": "PV:262",
        "service": "PV",
        "setor": "MG-039",
        "name": "MG-039",
        "centroid": [
          -23.47634,
          -46.58058
        ],
        "fillColor": "#87ceeb",
        "geometry": "point",
        "serviceDisplay": "Pontos Viciados",
        "subprefeitura": "Vila Maria/Vila Guilherme",
        "logradouro": "Avenida Ramiz Galvão, 47",
        "service_type": "Pontos Viciados",
        "service_icon": "warning",
        "volumetria": "Entre 1m³ e 5m³",
        "address": "Avenida Ramiz Galvão, 47"
      },
      "geometry": {
        "type": "Point",
        "coordinates": [
          -46.58058,
          -23.47634
        ]
      },
      "id": "PV:262"
    },
    {
      "type": "Feature",
      "properties": {
        "id": "PV:263",
        "service": "PV",
        "setor": "MG-040",
        "name": "MG-040",
        "centroid": [
          -23.48092,
          -46.57881
        ],
        "fillColor": "#87ceeb",
        "geometry": "point",
        "serviceDisplay": "Pontos Viciados",
        "subprefeitura": "Vila Maria/Vila Guilherme",
        "logradouro": "Avenida Ramiz Galvão, 594",
        "service_type": "Pontos Viciados",
        "service_icon": "warning",
        "volumetria": "Entre 1m³ e 5m³",
        "address": "Avenida Ramiz Galvão, 594"
      },
      "geometry": {
        "type": "Point",
        "coordinates": [
          -46.57881,
          -23.48092
        ]
      },
      "id": "PV:263"
    },
    {
      "type": "Feature",
      "properties": {
        "id": "PV:264",
        "service": "PV",
        "setor": "MG-041",
        "name": "MG-041",
        "centroid": [
          -23.47358,
          -46.57329
        ],
        "fillColor": "#87ceeb",
        "geometry": "point",
        "serviceDisplay": "Pontos Viciados",
        "subprefeitura": "Vila Maria/Vila Guilherme",
        "logradouro": "Avenida Sanatório X Rua Francisco Alves Bezerra",
        "service_type": "Pontos Viciados",
        "service_icon": "warning",
        "volumetria": "Entre 1m³ e 5m³",
        "address": "Avenida Sanatório X Rua Francisco Alves Bezerra"
      },
      "geometry": {
        "type": "Point",
        "coordinates": [
          -46.57329,
          -23.47358
        ]
      },
      "id": "PV:264"
    },
    {
      "type": "Feature",
      "properties": {
        "id": "PV:265",
        "service": "PV",
        "setor": "MG-042",
        "name": "MG-042",
        "centroid": [
          -23.47501,
          -46.57635
        ],
        "fillColor": "#87ceeb",
        "geometry": "point",
        "serviceDisplay": "Pontos Viciados",
        "subprefeitura": "Vila Maria/Vila Guilherme",
        "logradouro": "Avenida Sanatório, 790",
        "service_type": "Pontos Viciados",
        "service_icon": "warning",
        "volumetria": "Entre 1m³ e 5m³",
        "address": "Avenida Sanatório, 790"
      },
      "geometry": {
        "type": "Point",
        "coordinates": [
          -46.57635,
          -23.47501
        ]
      },
      "id": "PV:265"
    },
    {
      "type": "Feature",
      "properties": {
        "id": "PV:266",
        "service": "PV",
        "setor": "MG-043",
        "name": "MG-043",
        "centroid": [
          -23.51485,
          -46.57148
        ],
        "fillColor": "#87ceeb",
        "geometry": "point",
        "serviceDisplay": "Pontos Viciados",
        "subprefeitura": "Vila Maria/Vila Guilherme",
        "logradouro": "Avenida Tenente Amaro Felicíssimo da Silveira, 1165",
        "service_type": "Pontos Viciados",
        "service_icon": "warning",
        "volumetria": "Entre 1m³ e 5m³",
        "address": "Avenida Tenente Amaro Felicíssimo da Silveira, 1165"
      },
      "geometry": {
        "type": "Point",
        "coordinates": [
          -46.57148,
          -23.51485
        ]
      },
      "id": "PV:266"
    },
    {
      "type": "Feature",
      "properties": {
        "id": "PV:267",
        "service": "PV",
        "setor": "MG-044",
        "name": "MG-044",
        "centroid": [
          -23.5114,
          -46.57136
        ],
        "fillColor": "#87ceeb",
        "geometry": "point",
        "serviceDisplay": "Pontos Viciados",
        "subprefeitura": "Vila Maria/Vila Guilherme",
        "logradouro": "Avenida Tenente Amaro Felicíssimo da Silveira, 1551",
        "service_type": "Pontos Viciados",
        "service_icon": "warning",
        "volumetria": "Entre 1m³ e 5m³",
        "address": "Avenida Tenente Amaro Felicíssimo da Silveira, 1551"
      },
      "geometry": {
        "type": "Point",
        "coordinates": [
          -46.57136,
          -23.5114
        ]
      },
      "id": "PV:267"
    },
    {
      "type": "Feature",
      "properties": {
        "id": "PV:268",
        "service": "PV",
        "setor": "MG-045",
        "name": "MG-045",
        "centroid": [
          -23.52339,
          -46.57169
        ],
        "fillColor": "#87ceeb",
        "geometry": "point",
        "serviceDisplay": "Pontos Viciados",
        "subprefeitura": "Vila Maria/Vila Guilherme",
        "logradouro": "Avenida Tenente Amaro Felicíssimo da Silveira, 230",
        "service_type": "Pontos Viciados",
        "service_icon": "warning",
        "volumetria": "Entre 1m³ e 5m³",
        "address": "Avenida Tenente Amaro Felicíssimo da Silveira, 230"
      },
      "geometry": {
        "type": "Point",
        "coordinates": [
          -46.57169,
          -23.52339
        ]
      },
      "id": "PV:268"
    },
    {
      "type": "Feature",
      "properties": {
        "id": "PV:269",
        "service": "PV",
        "setor": "MG-046",
        "name": "MG-046",
        "centroid": [
          -23.51687,
          -46.57149
        ],
        "fillColor": "#87ceeb",
        "geometry": "point",
        "serviceDisplay": "Pontos Viciados",
        "subprefeitura": "Vila Maria/Vila Guilherme",
        "logradouro": "Avenida Tenente Amaro Felicíssimo da Silveira, 452",
        "service_type": "Pontos Viciados",
        "service_icon": "warning",
        "volumetria": "Entre 1m³ e 5m³",
        "address": "Avenida Tenente Amaro Felicíssimo da Silveira, 452"
      },
      "geometry": {
        "type": "Point",
        "coordinates": [
          -46.57149,
          -23.51687
        ]
      },
      "id": "PV:269"
    },
    {
      "type": "Feature",
      "properties": {
        "id": "PV:270",
        "service": "PV",
        "setor": "MG-047",
        "name": "MG-047",
        "centroid": [
          -23.51908,
          -46.57153
        ],
        "fillColor": "#87ceeb",
        "geometry": "point",
        "serviceDisplay": "Pontos Viciados",
        "subprefeitura": "Vila Maria/Vila Guilherme",
        "logradouro": "Avenida Tenente Amaro Felicíssimo da Silveira, 665",
        "service_type": "Pontos Viciados",
        "service_icon": "warning",
        "volumetria": "Entre 1m³ e 5m³",
        "address": "Avenida Tenente Amaro Felicíssimo da Silveira, 665"
      },
      "geometry": {
        "type": "Point",
        "coordinates": [
          -46.57153,
          -23.51908
        ]
      },
      "id": "PV:270"
    },
    {
      "type": "Feature",
      "properties": {
        "id": "PV:271",
        "service": "PV",
        "setor": "MG-048",
        "name": "MG-048",
        "centroid": [
          -23.51796,
          -46.57121
        ],
        "fillColor": "#87ceeb",
        "geometry": "point",
        "serviceDisplay": "Pontos Viciados",
        "subprefeitura": "Vila Maria/Vila Guilherme",
        "logradouro": "Avenida Tenente Amaro Felicíssimo da Silveira, 856",
        "service_type": "Pontos Viciados",
        "service_icon": "warning",
        "volumetria": "Entre 1m³ e 5m³",
        "address": "Avenida Tenente Amaro Felicíssimo da Silveira, 856"
      },
      "geometry": {
        "type": "Point",
        "coordinates": [
          -46.57121,
          -23.51796
        ]
      },
      "id": "PV:271"
    },
    {
      "type": "Feature",
      "properties": {
        "id": "PV:272",
        "service": "PV",
        "setor": "MG-049",
        "name": "MG-049",
        "centroid": [
          -23.52003,
          -46.57156
        ],
        "fillColor": "#87ceeb",
        "geometry": "point",
        "serviceDisplay": "Pontos Viciados",
        "subprefeitura": "Vila Maria/Vila Guilherme",
        "logradouro": "Avenida Tenente Amaro Felicíssimo da Silveira, 90",
        "service_type": "Pontos Viciados",
        "service_icon": "warning",
        "volumetria": "Entre 1m³ e 5m³",
        "address": "Avenida Tenente Amaro Felicíssimo da Silveira, 90"
      },
      "geometry": {
        "type": "Point",
        "coordinates": [
          -46.57156,
          -23.52003
        ]
      },
      "id": "PV:272"
    },
    {
      "type": "Feature",
      "properties": {
        "id": "PV:273",
        "service": "PV",
        "setor": "MG-050",
        "name": "MG-050",
        "centroid": [
          -23.50312,
          -46.56749
        ],
        "fillColor": "#87ceeb",
        "geometry": "point",
        "serviceDisplay": "Pontos Viciados",
        "subprefeitura": "Vila Maria/Vila Guilherme",
        "logradouro": "Avenida Tenente José Jerônimo de Mesquita, 76",
        "service_type": "Pontos Viciados",
        "service_icon": "warning",
        "volumetria": "Entre 1m³ e 5m³",
        "address": "Avenida Tenente José Jerônimo de Mesquita, 76"
      },
      "geometry": {
        "type": "Point",
        "coordinates": [
          -46.56749,
          -23.50312
        ]
      },
      "id": "PV:273"
    },
    {
      "type": "Feature",
      "properties": {
        "id": "PV:274",
        "service": "PV",
        "setor": "MG-051",
        "name": "MG-051",
        "centroid": [
          -23.49194,
          -46.59411
        ],
        "fillColor": "#87ceeb",
        "geometry": "point",
        "serviceDisplay": "Pontos Viciados",
        "subprefeitura": "Vila Maria/Vila Guilherme",
        "logradouro": "Rua Água Encantada, 70",
        "service_type": "Pontos Viciados",
        "service_icon": "warning",
        "volumetria": "Entre 1m³ e 5m³",
        "address": "Rua Água Encantada, 70"
      },
      "geometry": {
        "type": "Point",
        "coordinates": [
          -46.59411,
          -23.49194
        ]
      },
      "id": "PV:274"
    },
    {
      "type": "Feature",
      "properties": {
        "id": "PV:275",
        "service": "PV",
        "setor": "MG-052",
        "name": "MG-052",
        "centroid": [
          -23.51723,
          -46.61145
        ],
        "fillColor": "#87ceeb",
        "geometry": "point",
        "serviceDisplay": "Pontos Viciados",
        "subprefeitura": "Vila Maria/Vila Guilherme",
        "logradouro": "Rua Amazonas da Silva, 240",
        "service_type": "Pontos Viciados",
        "service_icon": "warning",
        "volumetria": "Entre 1m³ e 5m³",
        "address": "Rua Amazonas da Silva, 240"
      },
      "geometry": {
        "type": "Point",
        "coordinates": [
          -46.61145,
          -23.51723
        ]
      },
      "id": "PV:275"
    },
    {
      "type": "Feature",
      "properties": {
        "id": "PV:276",
        "service": "PV",
        "setor": "MG-053",
        "name": "MG-053",
        "centroid": [
          -23.47762,
          -46.57916
        ],
        "fillColor": "#87ceeb",
        "geometry": "point",
        "serviceDisplay": "Pontos Viciados",
        "subprefeitura": "Vila Maria/Vila Guilherme",
        "logradouro": "Rua Antonio de Alencar, 189",
        "service_type": "Pontos Viciados",
        "service_icon": "warning",
        "volumetria": "Entre 1m³ e 5m³",
        "address": "Rua Antonio de Alencar, 189",
        "date": "46013",
        "status": "Revitalizado"
      },
      "geometry": {
        "type": "Point",
        "coordinates": [
          -46.57916,
          -23.47762
        ]
      },
      "id": "PV:276"
    },
    {
      "type": "Feature",
      "properties": {
        "id": "PV:277",
        "service": "PV",
        "setor": "MG-054",
        "name": "MG-054",
        "centroid": [
          -23.52674,
          -46.58941
        ],
        "fillColor": "#87ceeb",
        "geometry": "point",
        "serviceDisplay": "Pontos Viciados",
        "subprefeitura": "Vila Maria/Vila Guilherme",
        "logradouro": "Rua Antonio Fonseca, 694",
        "service_type": "Pontos Viciados",
        "service_icon": "warning",
        "volumetria": "Entre 1m³ e 5m³",
        "address": "Rua Antonio Fonseca, 694"
      },
      "geometry": {
        "type": "Point",
        "coordinates": [
          -46.58941,
          -23.52674
        ]
      },
      "id": "PV:277"
    },
    {
      "type": "Feature",
      "properties": {
        "id": "PV:278",
        "service": "PV",
        "setor": "MG-055",
        "name": "MG-055",
        "centroid": [
          -23.51997,
          -46.5623
        ],
        "fillColor": "#87ceeb",
        "geometry": "point",
        "serviceDisplay": "Pontos Viciados",
        "subprefeitura": "Vila Maria/Vila Guilherme",
        "logradouro": "Rua Arapira, 59",
        "service_type": "Pontos Viciados",
        "service_icon": "warning",
        "volumetria": "Entre 1m³ e 5m³",
        "address": "Rua Arapira, 59"
      },
      "geometry": {
        "type": "Point",
        "coordinates": [
          -46.5623,
          -23.51997
        ]
      },
      "id": "PV:278"
    },
    {
      "type": "Feature",
      "properties": {
        "id": "PV:279",
        "service": "PV",
        "setor": "MG-056",
        "name": "MG-056",
        "centroid": [
          -23.5148,
          -46.57983
        ],
        "fillColor": "#87ceeb",
        "geometry": "point",
        "serviceDisplay": "Pontos Viciados",
        "subprefeitura": "Vila Maria/Vila Guilherme",
        "logradouro": "Rua Arari Leite X Rua Arenal",
        "service_type": "Pontos Viciados",
        "service_icon": "warning",
        "volumetria": "Entre 1m³ e 5m³",
        "address": "Rua Arari Leite X Rua Arenal"
      },
      "geometry": {
        "type": "Point",
        "coordinates": [
          -46.57983,
          -23.5148
        ]
      },
      "id": "PV:279"
    },
    {
      "type": "Feature",
      "properties": {
        "id": "PV:280",
        "service": "PV",
        "setor": "MG-057",
        "name": "MG-057",
        "centroid": [
          -23.51634,
          -46.56341
        ],
        "fillColor": "#87ceeb",
        "geometry": "point",
        "serviceDisplay": "Pontos Viciados",
        "subprefeitura": "Vila Maria/Vila Guilherme",
        "logradouro": "Rua Armação X Rua Doutor Vidal Reis",
        "service_type": "Pontos Viciados",
        "service_icon": "warning",
        "volumetria": "Entre 1m³ e 5m³",
        "address": "Rua Armação X Rua Doutor Vidal Reis"
      },
      "geometry": {
        "type": "Point",
        "coordinates": [
          -46.56341,
          -23.51634
        ]
      },
      "id": "PV:280"
    },
    {
      "type": "Feature",
      "properties": {
        "id": "PV:281",
        "service": "PV",
        "setor": "MG-058",
        "name": "MG-058",
        "centroid": [
          -23.48711,
          -46.56155
        ],
        "fillColor": "#87ceeb",
        "geometry": "point",
        "serviceDisplay": "Pontos Viciados",
        "subprefeitura": "Vila Maria/Vila Guilherme",
        "logradouro": "Rua Augusto Montenegro, 598",
        "service_type": "Pontos Viciados",
        "service_icon": "warning",
        "volumetria": "Entre 1m³ e 5m³",
        "address": "Rua Augusto Montenegro, 598"
      },
      "geometry": {
        "type": "Point",
        "coordinates": [
          -46.56155,
          -23.48711
        ]
      },
      "id": "PV:281"
    },
    {
      "type": "Feature",
      "properties": {
        "id": "PV:282",
        "service": "PV",
        "setor": "MG-059",
        "name": "MG-059",
        "centroid": [
          -23.51794,
          -46.56175
        ],
        "fillColor": "#87ceeb",
        "geometry": "point",
        "serviceDisplay": "Pontos Viciados",
        "subprefeitura": "Vila Maria/Vila Guilherme",
        "logradouro": "Rua Banduira, 39",
        "service_type": "Pontos Viciados",
        "service_icon": "warning",
        "volumetria": "Entre 1m³ e 5m³",
        "address": "Rua Banduira, 39",
        "date": "46055",
        "status": "Revitalizado"
      },
      "geometry": {
        "type": "Point",
        "coordinates": [
          -46.56175,
          -23.51794
        ]
      },
      "id": "PV:282"
    },
    {
      "type": "Feature",
      "properties": {
        "id": "PV:283",
        "service": "PV",
        "setor": "MG-060",
        "name": "MG-060",
        "centroid": [
          -23.51759,
          -46.57651
        ],
        "fillColor": "#87ceeb",
        "geometry": "point",
        "serviceDisplay": "Pontos Viciados",
        "subprefeitura": "Vila Maria/Vila Guilherme",
        "logradouro": "Rua Benedita Dornellas Claro, 451",
        "service_type": "Pontos Viciados",
        "service_icon": "warning",
        "volumetria": "Entre 1m³ e 5m³",
        "address": "Rua Benedita Dornellas Claro, 451"
      },
      "geometry": {
        "type": "Point",
        "coordinates": [
          -46.57651,
          -23.51759
        ]
      },
      "id": "PV:283"
    },
    {
      "type": "Feature",
      "properties": {
        "id": "PV:284",
        "service": "PV",
        "setor": "MG-061",
        "name": "MG-061",
        "centroid": [
          -23.47679,
          -46.57527
        ],
        "fillColor": "#87ceeb",
        "geometry": "point",
        "serviceDisplay": "Pontos Viciados",
        "subprefeitura": "Vila Maria/Vila Guilherme",
        "logradouro": "Rua Benfica, 1101",
        "service_type": "Pontos Viciados",
        "service_icon": "warning",
        "volumetria": "Entre 1m³ e 5m³",
        "address": "Rua Benfica, 1101"
      },
      "geometry": {
        "type": "Point",
        "coordinates": [
          -46.57527,
          -23.47679
        ]
      },
      "id": "PV:284"
    },
    {
      "type": "Feature",
      "properties": {
        "id": "PV:285",
        "service": "PV",
        "setor": "MG-062",
        "name": "MG-062",
        "centroid": [
          -23.48084,
          -46.57302
        ],
        "fillColor": "#87ceeb",
        "geometry": "point",
        "serviceDisplay": "Pontos Viciados",
        "subprefeitura": "Vila Maria/Vila Guilherme",
        "logradouro": "Rua Benfica, 593",
        "service_type": "Pontos Viciados",
        "service_icon": "warning",
        "volumetria": "Entre 1m³ e 5m³",
        "address": "Rua Benfica, 593"
      },
      "geometry": {
        "type": "Point",
        "coordinates": [
          -46.57302,
          -23.48084
        ]
      },
      "id": "PV:285"
    },
    {
      "type": "Feature",
      "properties": {
        "id": "PV:286",
        "service": "PV",
        "setor": "MG-063",
        "name": "MG-063",
        "centroid": [
          -23.49263,
          -46.59051
        ],
        "fillColor": "#87ceeb",
        "geometry": "point",
        "serviceDisplay": "Pontos Viciados",
        "subprefeitura": "Vila Maria/Vila Guilherme",
        "logradouro": "Rua Bentureli, 180",
        "service_type": "Pontos Viciados",
        "service_icon": "warning",
        "volumetria": "Entre 1m³ e 5m³",
        "address": "Rua Bentureli, 180"
      },
      "geometry": {
        "type": "Point",
        "coordinates": [
          -46.59051,
          -23.49263
        ]
      },
      "id": "PV:286"
    },
    {
      "type": "Feature",
      "properties": {
        "id": "PV:287",
        "service": "PV",
        "setor": "MG-064",
        "name": "MG-064",
        "centroid": [
          -23.51263,
          -46.56878
        ],
        "fillColor": "#87ceeb",
        "geometry": "point",
        "serviceDisplay": "Pontos Viciados",
        "subprefeitura": "Vila Maria/Vila Guilherme",
        "logradouro": "Rua Cabo Antonio Pinton, 309",
        "service_type": "Pontos Viciados",
        "service_icon": "warning",
        "volumetria": "Entre 1m³ e 5m³",
        "address": "Rua Cabo Antonio Pinton, 309"
      },
      "geometry": {
        "type": "Point",
        "coordinates": [
          -46.56878,
          -23.51263
        ]
      },
      "id": "PV:287"
    },
    {
      "type": "Feature",
      "properties": {
        "id": "PV:288",
        "service": "PV",
        "setor": "MG-065",
        "name": "MG-065",
        "centroid": [
          -23.50325,
          -46.5959
        ],
        "fillColor": "#87ceeb",
        "geometry": "point",
        "serviceDisplay": "Pontos Viciados",
        "subprefeitura": "Vila Maria/Vila Guilherme",
        "logradouro": "Rua Cachoeira do Arari, 335",
        "service_type": "Pontos Viciados",
        "service_icon": "warning",
        "volumetria": "Entre 1m³ e 5m³",
        "address": "Rua Cachoeira do Arari, 335"
      },
      "geometry": {
        "type": "Point",
        "coordinates": [
          -46.5959,
          -23.50325
        ]
      },
      "id": "PV:288"
    },
    {
      "type": "Feature",
      "properties": {
        "id": "PV:289",
        "service": "PV",
        "setor": "MG-066",
        "name": "MG-066",
        "centroid": [
          -23.50181,
          -46.59551
        ],
        "fillColor": "#87ceeb",
        "geometry": "point",
        "serviceDisplay": "Pontos Viciados",
        "subprefeitura": "Vila Maria/Vila Guilherme",
        "logradouro": "Rua Cachoeira do Arari, 496",
        "service_type": "Pontos Viciados",
        "service_icon": "warning",
        "volumetria": "Entre 1m³ e 5m³",
        "address": "Rua Cachoeira do Arari, 496"
      },
      "geometry": {
        "type": "Point",
        "coordinates": [
          -46.59551,
          -23.50181
        ]
      },
      "id": "PV:289"
    },
    {
      "type": "Feature",
      "properties": {
        "id": "PV:290",
        "service": "PV",
        "setor": "MG-067",
        "name": "MG-067",
        "centroid": [
          -23.50117,
          -46.59549
        ],
        "fillColor": "#87ceeb",
        "geometry": "point",
        "serviceDisplay": "Pontos Viciados",
        "subprefeitura": "Vila Maria/Vila Guilherme",
        "logradouro": "Rua Cachoeira do Arari, 567",
        "service_type": "Pontos Viciados",
        "service_icon": "warning",
        "volumetria": "Entre 1m³ e 5m³",
        "address": "Rua Cachoeira do Arari, 567"
      },
      "geometry": {
        "type": "Point",
        "coordinates": [
          -46.59549,
          -23.50117
        ]
      },
      "id": "PV:290"
    },
    {
      "type": "Feature",
      "properties": {
        "id": "PV:291",
        "service": "PV",
        "setor": "MG-068",
        "name": "MG-068",
        "centroid": [
          -23.51589,
          -46.59615
        ],
        "fillColor": "#87ceeb",
        "geometry": "point",
        "serviceDisplay": "Pontos Viciados",
        "subprefeitura": "Vila Maria/Vila Guilherme",
        "logradouro": "Rua Canhoneira Belmonte, 110",
        "service_type": "Pontos Viciados",
        "service_icon": "warning",
        "volumetria": "Entre 1m³ e 5m³",
        "address": "Rua Canhoneira Belmonte, 110"
      },
      "geometry": {
        "type": "Point",
        "coordinates": [
          -46.59615,
          -23.51589
        ]
      },
      "id": "PV:291"
    },
    {
      "type": "Feature",
      "properties": {
        "id": "PV:292",
        "service": "PV",
        "setor": "MG-069",
        "name": "MG-069",
        "centroid": [
          -23.51618,
          -46.59639
        ],
        "fillColor": "#87ceeb",
        "geometry": "point",
        "serviceDisplay": "Pontos Viciados",
        "subprefeitura": "Vila Maria/Vila Guilherme",
        "logradouro": "Rua Canhoneira Belmonte, 20",
        "service_type": "Pontos Viciados",
        "service_icon": "warning",
        "volumetria": "Entre 1m³ e 5m³",
        "address": "Rua Canhoneira Belmonte, 20"
      },
      "geometry": {
        "type": "Point",
        "coordinates": [
          -46.59639,
          -23.51618
        ]
      },
      "id": "PV:292"
    },
    {
      "type": "Feature",
      "properties": {
        "id": "PV:293",
        "service": "PV",
        "setor": "MG-070",
        "name": "MG-070",
        "centroid": [
          -23.48097,
          -46.57553
        ],
        "fillColor": "#87ceeb",
        "geometry": "point",
        "serviceDisplay": "Pontos Viciados",
        "subprefeitura": "Vila Maria/Vila Guilherme",
        "logradouro": "Rua Carlos dos Santos, 516",
        "service_type": "Pontos Viciados",
        "service_icon": "warning",
        "volumetria": "Entre 1m³ e 5m³",
        "address": "Rua Carlos dos Santos, 516"
      },
      "geometry": {
        "type": "Point",
        "coordinates": [
          -46.57553,
          -23.48097
        ]
      },
      "id": "PV:293"
    },
    {
      "type": "Feature",
      "properties": {
        "id": "PV:294",
        "service": "PV",
        "setor": "MG-071",
        "name": "MG-071",
        "centroid": [
          -23.52512,
          -46.58616
        ],
        "fillColor": "#87ceeb",
        "geometry": "point",
        "serviceDisplay": "Pontos Viciados",
        "subprefeitura": "Vila Maria/Vila Guilherme",
        "logradouro": "Rua Carlos José Michelon, 1122",
        "service_type": "Pontos Viciados",
        "service_icon": "warning",
        "volumetria": "Entre 1m³ e 5m³",
        "address": "Rua Carlos José Michelon, 1122"
      },
      "geometry": {
        "type": "Point",
        "coordinates": [
          -46.58616,
          -23.52512
        ]
      },
      "id": "PV:294"
    },
    {
      "type": "Feature",
      "properties": {
        "id": "PV:295",
        "service": "PV",
        "setor": "MG-072",
        "name": "MG-072",
        "centroid": [
          -23.50903,
          -46.59655
        ],
        "fillColor": "#87ceeb",
        "geometry": "point",
        "serviceDisplay": "Pontos Viciados",
        "subprefeitura": "Vila Maria/Vila Guilherme",
        "logradouro": "Rua Cassio de Almeida, 480",
        "service_type": "Pontos Viciados",
        "service_icon": "warning",
        "volumetria": "Entre 1m³ e 5m³",
        "address": "Rua Cassio de Almeida, 480"
      },
      "geometry": {
        "type": "Point",
        "coordinates": [
          -46.59655,
          -23.50903
        ]
      },
      "id": "PV:295"
    },
    {
      "type": "Feature",
      "properties": {
        "id": "PV:296",
        "service": "PV",
        "setor": "MG-073",
        "name": "MG-073",
        "centroid": [
          -23.48528,
          -46.5651
        ],
        "fillColor": "#87ceeb",
        "geometry": "point",
        "serviceDisplay": "Pontos Viciados",
        "subprefeitura": "Vila Maria/Vila Guilherme",
        "logradouro": "Rua Cavalgada, 924A",
        "service_type": "Pontos Viciados",
        "service_icon": "warning",
        "volumetria": "Entre 1m³ e 5m³",
        "address": "Rua Cavalgada, 924A"
      },
      "geometry": {
        "type": "Point",
        "coordinates": [
          -46.5651,
          -23.48528
        ]
      },
      "id": "PV:296"
    },
    {
      "type": "Feature",
      "properties": {
        "id": "PV:297",
        "service": "PV",
        "setor": "MG-074",
        "name": "MG-074",
        "centroid": [
          -23.5081,
          -46.57967
        ],
        "fillColor": "#87ceeb",
        "geometry": "point",
        "serviceDisplay": "Pontos Viciados",
        "subprefeitura": "Vila Maria/Vila Guilherme",
        "logradouro": "Avenida das Cerejeiras, 928",
        "service_type": "Pontos Viciados",
        "service_icon": "warning",
        "volumetria": "Entre 1m³ e 5m³",
        "address": "Avenida das Cerejeiras, 928"
      },
      "geometry": {
        "type": "Point",
        "coordinates": [
          -46.57967,
          -23.5081
        ]
      },
      "id": "PV:297"
    },
    {
      "type": "Feature",
      "properties": {
        "id": "PV:298",
        "service": "PV",
        "setor": "MG-075",
        "name": "MG-075",
        "centroid": [
          -23.50564,
          -46.60679
        ],
        "fillColor": "#87ceeb",
        "geometry": "point",
        "serviceDisplay": "Pontos Viciados",
        "subprefeitura": "Vila Maria/Vila Guilherme",
        "logradouro": "Rua Chico Pontes, 529",
        "service_type": "Pontos Viciados",
        "service_icon": "warning",
        "volumetria": "Entre 1m³ e 5m³",
        "address": "Rua Chico Pontes, 529",
        "date": "46067",
        "status": "Revitalizado"
      },
      "geometry": {
        "type": "Point",
        "coordinates": [
          -46.60679,
          -23.50564
        ]
      },
      "id": "PV:298"
    },
    {
      "type": "Feature",
      "properties": {
        "id": "PV:299",
        "service": "PV",
        "setor": "MG-076",
        "name": "MG-076",
        "centroid": [
          -23.51188,
          -46.5749
        ],
        "fillColor": "#87ceeb",
        "geometry": "point",
        "serviceDisplay": "Pontos Viciados",
        "subprefeitura": "Vila Maria/Vila Guilherme",
        "logradouro": "Rua Ciro Soares de Almeida, 104",
        "service_type": "Pontos Viciados",
        "service_icon": "warning",
        "volumetria": "Entre 1m³ e 5m³",
        "address": "Rua Ciro Soares de Almeida, 104"
      },
      "geometry": {
        "type": "Point",
        "coordinates": [
          -46.5749,
          -23.51188
        ]
      },
      "id": "PV:299"
    },
    {
      "type": "Feature",
      "properties": {
        "id": "PV:300",
        "service": "PV",
        "setor": "MG-077",
        "name": "MG-077",
        "centroid": [
          -23.48675,
          -46.57275
        ],
        "fillColor": "#87ceeb",
        "geometry": "point",
        "serviceDisplay": "Pontos Viciados",
        "subprefeitura": "Vila Maria/Vila Guilherme",
        "logradouro": "Rua Combate da Lagoa Branca X Rua Jota Carlos",
        "service_type": "Pontos Viciados",
        "service_icon": "warning",
        "volumetria": "Entre 1m³ e 5m³",
        "address": "Rua Combate da Lagoa Branca X Rua Jota Carlos",
        "date": "46046",
        "status": "Revitalizado"
      },
      "geometry": {
        "type": "Point",
        "coordinates": [
          -46.57275,
          -23.48675
        ]
      },
      "id": "PV:300"
    },
    {
      "type": "Feature",
      "properties": {
        "id": "PV:301",
        "service": "PV",
        "setor": "MG-078",
        "name": "MG-078",
        "centroid": [
          -23.50973,
          -46.60907
        ],
        "fillColor": "#87ceeb",
        "geometry": "point",
        "serviceDisplay": "Pontos Viciados",
        "subprefeitura": "Vila Maria/Vila Guilherme",
        "logradouro": "Rua Capitão Luis Ramos X Rua Coronel Marques Ribeiro",
        "service_type": "Pontos Viciados",
        "service_icon": "warning",
        "volumetria": "Entre 1m³ e 5m³",
        "address": "Rua Capitão Luis Ramos X Rua Coronel Marques Ribeiro"
      },
      "geometry": {
        "type": "Point",
        "coordinates": [
          -46.60907,
          -23.50973
        ]
      },
      "id": "PV:301"
    },
    {
      "type": "Feature",
      "properties": {
        "id": "PV:302",
        "service": "PV",
        "setor": "MG-079",
        "name": "MG-079",
        "centroid": [
          -23.48138,
          -46.57607
        ],
        "fillColor": "#87ceeb",
        "geometry": "point",
        "serviceDisplay": "Pontos Viciados",
        "subprefeitura": "Vila Maria/Vila Guilherme",
        "logradouro": "Rua Crisciuma, 1248",
        "service_type": "Pontos Viciados",
        "service_icon": "warning",
        "volumetria": "Entre 1m³ e 5m³",
        "address": "Rua Crisciuma, 1248"
      },
      "geometry": {
        "type": "Point",
        "coordinates": [
          -46.57607,
          -23.48138
        ]
      },
      "id": "PV:302"
    },
    {
      "type": "Feature",
      "properties": {
        "id": "PV:303",
        "service": "PV",
        "setor": "MG-080",
        "name": "MG-080",
        "centroid": [
          -23.49048,
          -46.58908
        ],
        "fillColor": "#87ceeb",
        "geometry": "point",
        "serviceDisplay": "Pontos Viciados",
        "subprefeitura": "Vila Maria/Vila Guilherme",
        "logradouro": "Rua Crispin Duarte, 692",
        "service_type": "Pontos Viciados",
        "service_icon": "warning",
        "volumetria": "Entre 1m³ e 5m³",
        "address": "Rua Crispin Duarte, 692"
      },
      "geometry": {
        "type": "Point",
        "coordinates": [
          -46.58908,
          -23.49048
        ]
      },
      "id": "PV:303"
    },
    {
      "type": "Feature",
      "properties": {
        "id": "PV:304",
        "service": "PV",
        "setor": "MG-081",
        "name": "MG-081",
        "centroid": [
          -23.52197,
          -46.58013
        ],
        "fillColor": "#87ceeb",
        "geometry": "point",
        "serviceDisplay": "Pontos Viciados",
        "subprefeitura": "Vila Maria/Vila Guilherme",
        "logradouro": "Rua das Pitangas, 10",
        "service_type": "Pontos Viciados",
        "service_icon": "warning",
        "volumetria": "Entre 1m³ e 5m³",
        "address": "Rua das Pitangas, 10"
      },
      "geometry": {
        "type": "Point",
        "coordinates": [
          -46.58013,
          -23.52197
        ]
      },
      "id": "PV:304"
    },
    {
      "type": "Feature",
      "properties": {
        "id": "PV:305",
        "service": "PV",
        "setor": "MG-082",
        "name": "MG-082",
        "centroid": [
          -23.52156,
          -46.57114
        ],
        "fillColor": "#87ceeb",
        "geometry": "point",
        "serviceDisplay": "Pontos Viciados",
        "subprefeitura": "Vila Maria/Vila Guilherme",
        "logradouro": "Rua Dilce Freitas da Silva, 111",
        "service_type": "Pontos Viciados",
        "service_icon": "warning",
        "volumetria": "Entre 1m³ e 5m³",
        "address": "Rua Dilce Freitas da Silva, 111"
      },
      "geometry": {
        "type": "Point",
        "coordinates": [
          -46.57114,
          -23.52156
        ]
      },
      "id": "PV:305"
    },
    {
      "type": "Feature",
      "properties": {
        "id": "PV:306",
        "service": "PV",
        "setor": "MG-083",
        "name": "MG-083",
        "centroid": [
          -23.47503,
          -46.58001
        ],
        "fillColor": "#87ceeb",
        "geometry": "point",
        "serviceDisplay": "Pontos Viciados",
        "subprefeitura": "Vila Maria/Vila Guilherme",
        "logradouro": "Rua Doutor Alexandre Ferreira, 16",
        "service_type": "Pontos Viciados",
        "service_icon": "warning",
        "volumetria": "Entre 1m³ e 5m³",
        "address": "Rua Doutor Alexandre Ferreira, 16"
      },
      "geometry": {
        "type": "Point",
        "coordinates": [
          -46.58001,
          -23.47503
        ]
      },
      "id": "PV:306"
    },
    {
      "type": "Feature",
      "properties": {
        "id": "PV:307",
        "service": "PV",
        "setor": "MG-084",
        "name": "MG-084",
        "centroid": [
          -23.52091,
          -46.56474
        ],
        "fillColor": "#87ceeb",
        "geometry": "point",
        "serviceDisplay": "Pontos Viciados",
        "subprefeitura": "Vila Maria/Vila Guilherme",
        "logradouro": "Rua Doutor Vidal Reis, 295",
        "service_type": "Pontos Viciados",
        "service_icon": "warning",
        "volumetria": "Entre 1m³ e 5m³",
        "address": "Rua Doutor Vidal Reis, 295"
      },
      "geometry": {
        "type": "Point",
        "coordinates": [
          -46.56474,
          -23.52091
        ]
      },
      "id": "PV:307"
    },
    {
      "type": "Feature",
      "properties": {
        "id": "PV:308",
        "service": "PV",
        "setor": "MG-085",
        "name": "MG-085",
        "centroid": [
          -23.51833,
          -46.5641
        ],
        "fillColor": "#87ceeb",
        "geometry": "point",
        "serviceDisplay": "Pontos Viciados",
        "subprefeitura": "Vila Maria/Vila Guilherme",
        "logradouro": "Rua Doutor Vidal Reis, 551",
        "service_type": "Pontos Viciados",
        "service_icon": "warning",
        "volumetria": "Entre 1m³ e 5m³",
        "address": "Rua Doutor Vidal Reis, 551"
      },
      "geometry": {
        "type": "Point",
        "coordinates": [
          -46.5641,
          -23.51833
        ]
      },
      "id": "PV:308"
    },
    {
      "type": "Feature",
      "properties": {
        "id": "PV:309",
        "service": "PV",
        "setor": "MG-086",
        "name": "MG-086",
        "centroid": [
          -23.47494,
          -46.57845
        ],
        "fillColor": "#87ceeb",
        "geometry": "point",
        "serviceDisplay": "Pontos Viciados",
        "subprefeitura": "Vila Maria/Vila Guilherme",
        "logradouro": "Rua Flávia, 165",
        "service_type": "Pontos Viciados",
        "service_icon": "warning",
        "volumetria": "Entre 1m³ e 5m³",
        "address": "Rua Flávia, 165"
      },
      "geometry": {
        "type": "Point",
        "coordinates": [
          -46.57845,
          -23.47494
        ]
      },
      "id": "PV:309"
    },
    {
      "type": "Feature",
      "properties": {
        "id": "PV:310",
        "service": "PV",
        "setor": "MG-087",
        "name": "MG-087",
        "centroid": [
          -23.47466,
          -46.57963
        ],
        "fillColor": "#87ceeb",
        "geometry": "point",
        "serviceDisplay": "Pontos Viciados",
        "subprefeitura": "Vila Maria/Vila Guilherme",
        "logradouro": "Rua Flávia, 20",
        "service_type": "Pontos Viciados",
        "service_icon": "warning",
        "volumetria": "Entre 1m³ e 5m³",
        "address": "Rua Flávia, 20"
      },
      "geometry": {
        "type": "Point",
        "coordinates": [
          -46.57963,
          -23.47466
        ]
      },
      "id": "PV:310"
    },
    {
      "type": "Feature",
      "properties": {
        "id": "PV:311",
        "service": "PV",
        "setor": "MG-088",
        "name": "MG-088",
        "centroid": [
          -23.47454,
          -46.57977
        ],
        "fillColor": "#87ceeb",
        "geometry": "point",
        "serviceDisplay": "Pontos Viciados",
        "subprefeitura": "Vila Maria/Vila Guilherme",
        "logradouro": "Rua Flávia, 32",
        "service_type": "Pontos Viciados",
        "service_icon": "warning",
        "volumetria": "Entre 1m³ e 5m³",
        "address": "Rua Flávia, 32",
        "date": "45997",
        "status": "Revitalizado"
      },
      "geometry": {
        "type": "Point",
        "coordinates": [
          -46.57977,
          -23.47454
        ]
      },
      "id": "PV:311"
    },
    {
      "type": "Feature",
      "properties": {
        "id": "PV:312",
        "service": "PV",
        "setor": "MG-089",
        "name": "MG-089",
        "centroid": [
          -23.52409,
          -46.58444
        ],
        "fillColor": "#87ceeb",
        "geometry": "point",
        "serviceDisplay": "Pontos Viciados",
        "subprefeitura": "Vila Maria/Vila Guilherme",
        "logradouro": "Rua Francisco Leopoldo e Silva, 185",
        "service_type": "Pontos Viciados",
        "service_icon": "warning",
        "volumetria": "Entre 1m³ e 5m³",
        "address": "Rua Francisco Leopoldo e Silva, 185"
      },
      "geometry": {
        "type": "Point",
        "coordinates": [
          -46.58444,
          -23.52409
        ]
      },
      "id": "PV:312"
    },
    {
      "type": "Feature",
      "properties": {
        "id": "PV:313",
        "service": "PV",
        "setor": "MG-090",
        "name": "MG-090",
        "centroid": [
          -23.48082,
          -46.58003
        ],
        "fillColor": "#87ceeb",
        "geometry": "point",
        "serviceDisplay": "Pontos Viciados",
        "subprefeitura": "Vila Maria/Vila Guilherme",
        "logradouro": "Rua Francisco Peixoto Bizerra, 1081",
        "service_type": "Pontos Viciados",
        "service_icon": "warning",
        "volumetria": "Entre 1m³ e 5m³",
        "address": "Rua Francisco Peixoto Bizerra, 1081"
      },
      "geometry": {
        "type": "Point",
        "coordinates": [
          -46.58003,
          -23.48082
        ]
      },
      "id": "PV:313"
    },
    {
      "type": "Feature",
      "properties": {
        "id": "PV:314",
        "service": "PV",
        "setor": "MG-091",
        "name": "MG-091",
        "centroid": [
          -23.52228,
          -46.58288
        ],
        "fillColor": "#87ceeb",
        "geometry": "point",
        "serviceDisplay": "Pontos Viciados",
        "subprefeitura": "Vila Maria/Vila Guilherme",
        "logradouro": "Rua Galileu Gaia, 396",
        "service_type": "Pontos Viciados",
        "service_icon": "warning",
        "volumetria": "Entre 1m³ e 5m³",
        "address": "Rua Galileu Gaia, 396"
      },
      "geometry": {
        "type": "Point",
        "coordinates": [
          -46.58288,
          -23.52228
        ]
      },
      "id": "PV:314"
    },
    {
      "type": "Feature",
      "properties": {
        "id": "PV:315",
        "service": "PV",
        "setor": "MG-092",
        "name": "MG-092",
        "centroid": [
          -23.51803,
          -46.55752
        ],
        "fillColor": "#87ceeb",
        "geometry": "point",
        "serviceDisplay": "Pontos Viciados",
        "subprefeitura": "Vila Maria/Vila Guilherme",
        "logradouro": "Rua Giuseppe Marino, 305",
        "service_type": "Pontos Viciados",
        "service_icon": "warning",
        "volumetria": "Entre 1m³ e 5m³",
        "address": "Rua Giuseppe Marino, 305"
      },
      "geometry": {
        "type": "Point",
        "coordinates": [
          -46.55752,
          -23.51803
        ]
      },
      "id": "PV:315"
    },
    {
      "type": "Feature",
      "properties": {
        "id": "PV:316",
        "service": "PV",
        "setor": "MG-093",
        "name": "MG-093",
        "centroid": [
          -23.51619,
          -46.60762
        ],
        "fillColor": "#87ceeb",
        "geometry": "point",
        "serviceDisplay": "Pontos Viciados",
        "subprefeitura": "Vila Maria/Vila Guilherme",
        "logradouro": "Rua Índio Barnabé, 80",
        "service_type": "Pontos Viciados",
        "service_icon": "warning",
        "volumetria": "Entre 1m³ e 5m³",
        "address": "Rua Índio Barnabé, 80"
      },
      "geometry": {
        "type": "Point",
        "coordinates": [
          -46.60762,
          -23.51619
        ]
      },
      "id": "PV:316"
    },
    {
      "type": "Feature",
      "properties": {
        "id": "PV:317",
        "service": "PV",
        "setor": "MG-094",
        "name": "MG-094",
        "centroid": [
          -23.52176,
          -46.60943
        ],
        "fillColor": "#87ceeb",
        "geometry": "point",
        "serviceDisplay": "Pontos Viciados",
        "subprefeitura": "Vila Maria/Vila Guilherme",
        "logradouro": "Rua Ité, 78",
        "service_type": "Pontos Viciados",
        "service_icon": "warning",
        "volumetria": "Entre 1m³ e 5m³",
        "address": "Rua Ité, 78"
      },
      "geometry": {
        "type": "Point",
        "coordinates": [
          -46.60943,
          -23.52176
        ]
      },
      "id": "PV:317"
    },
    {
      "type": "Feature",
      "properties": {
        "id": "PV:318",
        "service": "PV",
        "setor": "MG-095",
        "name": "MG-095",
        "centroid": [
          -23.51472,
          -46.60115
        ],
        "fillColor": "#87ceeb",
        "geometry": "point",
        "serviceDisplay": "Pontos Viciados",
        "subprefeitura": "Vila Maria/Vila Guilherme",
        "logradouro": "Rua João Veloso Filho, 674",
        "service_type": "Pontos Viciados",
        "service_icon": "warning",
        "volumetria": "Entre 1m³ e 5m³",
        "address": "Rua João Veloso Filho, 674"
      },
      "geometry": {
        "type": "Point",
        "coordinates": [
          -46.60115,
          -23.51472
        ]
      },
      "id": "PV:318"
    },
    {
      "type": "Feature",
      "properties": {
        "id": "PV:319",
        "service": "PV",
        "setor": "MG-096",
        "name": "MG-096",
        "centroid": [
          -23.51061,
          -46.60665
        ],
        "fillColor": "#87ceeb",
        "geometry": "point",
        "serviceDisplay": "Pontos Viciados",
        "subprefeitura": "Vila Maria/Vila Guilherme",
        "logradouro": "Rua Doze de Setembro X Rua José Duran",
        "service_type": "Pontos Viciados",
        "service_icon": "warning",
        "volumetria": "Entre 1m³ e 5m³",
        "address": "Rua Doze de Setembro X Rua José Duran"
      },
      "geometry": {
        "type": "Point",
        "coordinates": [
          -46.60665,
          -23.51061
        ]
      },
      "id": "PV:319"
    },
    {
      "type": "Feature",
      "properties": {
        "id": "PV:320",
        "service": "PV",
        "setor": "MG-097",
        "name": "MG-097",
        "centroid": [
          -23.51551,
          -46.6016
        ],
        "fillColor": "#87ceeb",
        "geometry": "point",
        "serviceDisplay": "Pontos Viciados",
        "subprefeitura": "Vila Maria/Vila Guilherme",
        "logradouro": "Rua Luiz Matheus Alpiovezza, 120",
        "service_type": "Pontos Viciados",
        "service_icon": "warning",
        "volumetria": "Entre 1m³ e 5m³",
        "address": "Rua Luiz Matheus Alpiovezza, 120"
      },
      "geometry": {
        "type": "Point",
        "coordinates": [
          -46.6016,
          -23.51551
        ]
      },
      "id": "PV:320"
    },
    {
      "type": "Feature",
      "properties": {
        "id": "PV:321",
        "service": "PV",
        "setor": "MG-098",
        "name": "MG-098",
        "centroid": [
          -23.48863,
          -46.58797
        ],
        "fillColor": "#87ceeb",
        "geometry": "point",
        "serviceDisplay": "Pontos Viciados",
        "subprefeitura": "Vila Maria/Vila Guilherme",
        "logradouro": "Rua Major Dantas Cortêz, 1600",
        "service_type": "Pontos Viciados",
        "service_icon": "warning",
        "volumetria": "Entre 1m³ e 5m³",
        "address": "Rua Major Dantas Cortêz, 1600",
        "date": "45983",
        "status": "Revitalizado"
      },
      "geometry": {
        "type": "Point",
        "coordinates": [
          -46.58797,
          -23.48863
        ]
      },
      "id": "PV:321"
    },
    {
      "type": "Feature",
      "properties": {
        "id": "PV:322",
        "service": "PV",
        "setor": "MG-099",
        "name": "MG-099",
        "centroid": [
          -23.47449,
          -46.57824
        ],
        "fillColor": "#87ceeb",
        "geometry": "point",
        "serviceDisplay": "Pontos Viciados",
        "subprefeitura": "Vila Maria/Vila Guilherme",
        "logradouro": "Rua Maria Aparecida Pinto, 285",
        "service_type": "Pontos Viciados",
        "service_icon": "warning",
        "volumetria": "Entre 1m³ e 5m³",
        "address": "Rua Maria Aparecida Pinto, 285"
      },
      "geometry": {
        "type": "Point",
        "coordinates": [
          -46.57824,
          -23.47449
        ]
      },
      "id": "PV:322"
    },
    {
      "type": "Feature",
      "properties": {
        "id": "PV:323",
        "service": "PV",
        "setor": "MG-100",
        "name": "MG-100",
        "centroid": [
          -23.50144,
          -46.56484
        ],
        "fillColor": "#87ceeb",
        "geometry": "point",
        "serviceDisplay": "Pontos Viciados",
        "subprefeitura": "Vila Maria/Vila Guilherme",
        "logradouro": "Rua Mário Haberfeld, 50",
        "service_type": "Pontos Viciados",
        "service_icon": "warning",
        "volumetria": "Entre 1m³ e 5m³",
        "address": "Rua Mário Haberfeld, 50"
      },
      "geometry": {
        "type": "Point",
        "coordinates": [
          -46.56484,
          -23.50144
        ]
      },
      "id": "PV:323"
    },
    {
      "type": "Feature",
      "properties": {
        "id": "PV:324",
        "service": "PV",
        "setor": "MG-101",
        "name": "MG-101",
        "centroid": [
          -23.47674,
          -46.57405
        ],
        "fillColor": "#87ceeb",
        "geometry": "point",
        "serviceDisplay": "Pontos Viciados",
        "subprefeitura": "Vila Maria/Vila Guilherme",
        "logradouro": "Avenida Mendes da Rocha, 1229",
        "service_type": "Pontos Viciados",
        "service_icon": "warning",
        "volumetria": "Entre 1m³ e 5m³",
        "address": "Avenida Mendes da Rocha, 1229"
      },
      "geometry": {
        "type": "Point",
        "coordinates": [
          -46.57405,
          -23.47674
        ]
      },
      "id": "PV:324"
    },
    {
      "type": "Feature",
      "properties": {
        "id": "PV:325",
        "service": "PV",
        "setor": "MG-102",
        "name": "MG-102",
        "centroid": [
          -23.47614,
          -46.57439
        ],
        "fillColor": "#87ceeb",
        "geometry": "point",
        "serviceDisplay": "Pontos Viciados",
        "subprefeitura": "Vila Maria/Vila Guilherme",
        "logradouro": "Avenida Mendes da Rocha, 1302",
        "service_type": "Pontos Viciados",
        "service_icon": "warning",
        "volumetria": "Entre 1m³ e 5m³",
        "address": "Avenida Mendes da Rocha, 1302"
      },
      "geometry": {
        "type": "Point",
        "coordinates": [
          -46.57439,
          -23.47614
        ]
      },
      "id": "PV:325"
    },
    {
      "type": "Feature",
      "properties": {
        "id": "PV:326",
        "service": "PV",
        "setor": "MG-103",
        "name": "MG-103",
        "centroid": [
          -23.4793,
          -46.57264
        ],
        "fillColor": "#87ceeb",
        "geometry": "point",
        "serviceDisplay": "Pontos Viciados",
        "subprefeitura": "Vila Maria/Vila Guilherme",
        "logradouro": "Avenida Mendes da Rocha, 906",
        "service_type": "Pontos Viciados",
        "service_icon": "warning",
        "volumetria": "Entre 1m³ e 5m³",
        "address": "Avenida Mendes da Rocha, 906"
      },
      "geometry": {
        "type": "Point",
        "coordinates": [
          -46.57264,
          -23.4793
        ]
      },
      "id": "PV:326"
    },
    {
      "type": "Feature",
      "properties": {
        "id": "PV:327",
        "service": "PV",
        "setor": "MG-104",
        "name": "MG-104",
        "centroid": [
          -23.51728,
          -46.61406
        ],
        "fillColor": "#87ceeb",
        "geometry": "point",
        "serviceDisplay": "Pontos Viciados",
        "subprefeitura": "Vila Maria/Vila Guilherme",
        "logradouro": "Rua Miguel Mentem, 154",
        "service_type": "Pontos Viciados",
        "service_icon": "warning",
        "volumetria": "Entre 1m³ e 5m³",
        "address": "Rua Miguel Mentem, 154"
      },
      "geometry": {
        "type": "Point",
        "coordinates": [
          -46.61406,
          -23.51728
        ]
      },
      "id": "PV:327"
    },
    {
      "type": "Feature",
      "properties": {
        "id": "PV:328",
        "service": "PV",
        "setor": "MG-105",
        "name": "MG-105",
        "centroid": [
          -23.51618,
          -46.57812
        ],
        "fillColor": "#87ceeb",
        "geometry": "point",
        "serviceDisplay": "Pontos Viciados",
        "subprefeitura": "Vila Maria/Vila Guilherme",
        "logradouro": "Rua Nilton Coelho de Andrade, 959",
        "service_type": "Pontos Viciados",
        "service_icon": "warning",
        "volumetria": "Entre 1m³ e 5m³",
        "address": "Rua Nilton Coelho de Andrade, 959"
      },
      "geometry": {
        "type": "Point",
        "coordinates": [
          -46.57812,
          -23.51618
        ]
      },
      "id": "PV:328"
    },
    {
      "type": "Feature",
      "properties": {
        "id": "PV:329",
        "service": "PV",
        "setor": "MG-106",
        "name": "MG-106",
        "centroid": [
          -23.51536,
          -46.60231
        ],
        "fillColor": "#87ceeb",
        "geometry": "point",
        "serviceDisplay": "Pontos Viciados",
        "subprefeitura": "Vila Maria/Vila Guilherme",
        "logradouro": "Rua Nossa Senhora Operária, 485",
        "service_type": "Pontos Viciados",
        "service_icon": "warning",
        "volumetria": "Entre 1m³ e 5m³",
        "address": "Rua Nossa Senhora Operária, 485"
      },
      "geometry": {
        "type": "Point",
        "coordinates": [
          -46.60231,
          -23.51536
        ]
      },
      "id": "PV:329"
    },
    {
      "type": "Feature",
      "properties": {
        "id": "PV:330",
        "service": "PV",
        "setor": "MG-107",
        "name": "MG-107",
        "centroid": [
          -23.47672,
          -46.57712
        ],
        "fillColor": "#87ceeb",
        "geometry": "point",
        "serviceDisplay": "Pontos Viciados",
        "subprefeitura": "Vila Maria/Vila Guilherme",
        "logradouro": "Rua Paulino de Brito, 582",
        "service_type": "Pontos Viciados",
        "service_icon": "warning",
        "volumetria": "Entre 1m³ e 5m³",
        "address": "Rua Paulino de Brito, 582"
      },
      "geometry": {
        "type": "Point",
        "coordinates": [
          -46.57712,
          -23.47672
        ]
      },
      "id": "PV:330"
    },
    {
      "type": "Feature",
      "properties": {
        "id": "PV:331",
        "service": "PV",
        "setor": "MG-108",
        "name": "MG-108",
        "centroid": [
          -23.47626,
          -46.57632
        ],
        "fillColor": "#87ceeb",
        "geometry": "point",
        "serviceDisplay": "Pontos Viciados",
        "subprefeitura": "Vila Maria/Vila Guilherme",
        "logradouro": "Rua Paulino de Brito, 679",
        "service_type": "Pontos Viciados",
        "service_icon": "warning",
        "volumetria": "Entre 1m³ e 5m³",
        "address": "Rua Paulino de Brito, 679"
      },
      "geometry": {
        "type": "Point",
        "coordinates": [
          -46.57632,
          -23.47626
        ]
      },
      "id": "PV:331"
    },
    {
      "type": "Feature",
      "properties": {
        "id": "PV:332",
        "service": "PV",
        "setor": "MG-109",
        "name": "MG-109",
        "centroid": [
          -23.5106,
          -46.56269
        ],
        "fillColor": "#87ceeb",
        "geometry": "point",
        "serviceDisplay": "Pontos Viciados",
        "subprefeitura": "Vila Maria/Vila Guilherme",
        "logradouro": "Rua Pedro Taques Pires, 168",
        "service_type": "Pontos Viciados",
        "service_icon": "warning",
        "volumetria": "Entre 1m³ e 5m³",
        "address": "Rua Pedro Taques Pires, 168"
      },
      "geometry": {
        "type": "Point",
        "coordinates": [
          -46.56269,
          -23.5106
        ]
      },
      "id": "PV:332"
    },
    {
      "type": "Feature",
      "properties": {
        "id": "PV:333",
        "service": "PV",
        "setor": "MG-110",
        "name": "MG-110",
        "centroid": [
          -23.51193,
          -46.56327
        ],
        "fillColor": "#87ceeb",
        "geometry": "point",
        "serviceDisplay": "Pontos Viciados",
        "subprefeitura": "Vila Maria/Vila Guilherme",
        "logradouro": "Rua Pedro Taques Pires, 3",
        "service_type": "Pontos Viciados",
        "service_icon": "warning",
        "volumetria": "Entre 1m³ e 5m³",
        "address": "Rua Pedro Taques Pires, 3"
      },
      "geometry": {
        "type": "Point",
        "coordinates": [
          -46.56327,
          -23.51193
        ]
      },
      "id": "PV:333"
    },
    {
      "type": "Feature",
      "properties": {
        "id": "PV:334",
        "service": "PV",
        "setor": "MG-111",
        "name": "MG-111",
        "centroid": [
          -23.50924,
          -46.57527
        ],
        "fillColor": "#87ceeb",
        "geometry": "point",
        "serviceDisplay": "Pontos Viciados",
        "subprefeitura": "Vila Maria/Vila Guilherme",
        "logradouro": "Rua Sargento Alberto Melo da Costa, 206",
        "service_type": "Pontos Viciados",
        "service_icon": "warning",
        "volumetria": "Entre 1m³ e 5m³",
        "address": "Rua Sargento Alberto Melo da Costa, 206"
      },
      "geometry": {
        "type": "Point",
        "coordinates": [
          -46.57527,
          -23.50924
        ]
      },
      "id": "PV:334"
    },
    {
      "type": "Feature",
      "properties": {
        "id": "PV:335",
        "service": "PV",
        "setor": "MG-112",
        "name": "MG-112",
        "centroid": [
          -23.49761,
          -46.56903
        ],
        "fillColor": "#87ceeb",
        "geometry": "point",
        "serviceDisplay": "Pontos Viciados",
        "subprefeitura": "Vila Maria/Vila Guilherme",
        "logradouro": "Rua Sebastian Bach, 226",
        "service_type": "Pontos Viciados",
        "service_icon": "warning",
        "volumetria": "Entre 1m³ e 5m³",
        "address": "Rua Sebastian Bach, 226"
      },
      "geometry": {
        "type": "Point",
        "coordinates": [
          -46.56903,
          -23.49761
        ]
      },
      "id": "PV:335"
    },
    {
      "type": "Feature",
      "properties": {
        "id": "PV:336",
        "service": "PV",
        "setor": "MG-113",
        "name": "MG-113",
        "centroid": [
          -23.49225,
          -46.59295
        ],
        "fillColor": "#87ceeb",
        "geometry": "point",
        "serviceDisplay": "Pontos Viciados",
        "subprefeitura": "Vila Maria/Vila Guilherme",
        "logradouro": "Rua Simão Pedroso, 303",
        "service_type": "Pontos Viciados",
        "service_icon": "warning",
        "volumetria": "Entre 1m³ e 5m³",
        "address": "Rua Simão Pedroso, 303"
      },
      "geometry": {
        "type": "Point",
        "coordinates": [
          -46.59295,
          -23.49225
        ]
      },
      "id": "PV:336"
    },
    {
      "type": "Feature",
      "properties": {
        "id": "PV:337",
        "service": "PV",
        "setor": "MG-114",
        "name": "MG-114",
        "centroid": [
          -23.49216,
          -46.59284
        ],
        "fillColor": "#87ceeb",
        "geometry": "point",
        "serviceDisplay": "Pontos Viciados",
        "subprefeitura": "Vila Maria/Vila Guilherme",
        "logradouro": "Rua Simão Pedroso, 333",
        "service_type": "Pontos Viciados",
        "service_icon": "warning",
        "volumetria": "Entre 1m³ e 5m³",
        "address": "Rua Simão Pedroso, 333"
      },
      "geometry": {
        "type": "Point",
        "coordinates": [
          -46.59284,
          -23.49216
        ]
      },
      "id": "PV:337"
    },
    {
      "type": "Feature",
      "properties": {
        "id": "PV:338",
        "service": "PV",
        "setor": "MG-115",
        "name": "MG-115",
        "centroid": [
          -23.51562,
          -46.56541
        ],
        "fillColor": "#87ceeb",
        "geometry": "point",
        "serviceDisplay": "Pontos Viciados",
        "subprefeitura": "Vila Maria/Vila Guilherme",
        "logradouro": "Rua Soldado Almir Bernardino, 38",
        "service_type": "Pontos Viciados",
        "service_icon": "warning",
        "volumetria": "Entre 1m³ e 5m³",
        "address": "Rua Soldado Almir Bernardino, 38"
      },
      "geometry": {
        "type": "Point",
        "coordinates": [
          -46.56541,
          -23.51562
        ]
      },
      "id": "PV:338"
    },
    {
      "type": "Feature",
      "properties": {
        "id": "PV:339",
        "service": "PV",
        "setor": "MG-116",
        "name": "MG-116",
        "centroid": [
          -23.51294,
          -46.56448
        ],
        "fillColor": "#87ceeb",
        "geometry": "point",
        "serviceDisplay": "Pontos Viciados",
        "subprefeitura": "Vila Maria/Vila Guilherme",
        "logradouro": "Rua Soldado Antonio Aparecido, 28",
        "service_type": "Pontos Viciados",
        "service_icon": "warning",
        "volumetria": "Entre 1m³ e 5m³",
        "address": "Rua Soldado Antonio Aparecido, 28"
      },
      "geometry": {
        "type": "Point",
        "coordinates": [
          -46.56448,
          -23.51294
        ]
      },
      "id": "PV:339"
    },
    {
      "type": "Feature",
      "properties": {
        "id": "PV:340",
        "service": "PV",
        "setor": "MG-117",
        "name": "MG-117",
        "centroid": [
          -23.51034,
          -46.56936
        ],
        "fillColor": "#87ceeb",
        "geometry": "point",
        "serviceDisplay": "Pontos Viciados",
        "subprefeitura": "Vila Maria/Vila Guilherme",
        "logradouro": "Rua Soldado Aristides Gouveia, 5",
        "service_type": "Pontos Viciados",
        "service_icon": "warning",
        "volumetria": "Entre 1m³ e 5m³",
        "address": "Rua Soldado Aristides Gouveia, 5",
        "date": "45948",
        "status": "Revitalizado"
      },
      "geometry": {
        "type": "Point",
        "coordinates": [
          -46.56936,
          -23.51034
        ]
      },
      "id": "PV:340"
    },
    {
      "type": "Feature",
      "properties": {
        "id": "PV:341",
        "service": "PV",
        "setor": "MG-118",
        "name": "MG-118",
        "centroid": [
          -23.51089,
          -46.56854
        ],
        "fillColor": "#87ceeb",
        "geometry": "point",
        "serviceDisplay": "Pontos Viciados",
        "subprefeitura": "Vila Maria/Vila Guilherme",
        "logradouro": "Rua Soldado Aristides Gouveia, 60",
        "service_type": "Pontos Viciados",
        "service_icon": "warning",
        "volumetria": "Entre 1m³ e 5m³",
        "address": "Rua Soldado Aristides Gouveia, 60",
        "date": "46032",
        "status": "Revitalizado"
      },
      "geometry": {
        "type": "Point",
        "coordinates": [
          -46.56854,
          -23.51089
        ]
      },
      "id": "PV:341"
    },
    {
      "type": "Feature",
      "properties": {
        "id": "PV:342",
        "service": "PV",
        "setor": "MG-119",
        "name": "MG-119",
        "centroid": [
          -23.51638,
          -46.56438
        ],
        "fillColor": "#87ceeb",
        "geometry": "point",
        "serviceDisplay": "Pontos Viciados",
        "subprefeitura": "Vila Maria/Vila Guilherme",
        "logradouro": "Rua Soldado Cristóvão Morais Garcia, 460",
        "service_type": "Pontos Viciados",
        "service_icon": "warning",
        "volumetria": "Entre 1m³ e 5m³",
        "address": "Rua Soldado Cristóvão Morais Garcia, 460"
      },
      "geometry": {
        "type": "Point",
        "coordinates": [
          -46.56438,
          -23.51638
        ]
      },
      "id": "PV:342"
    },
    {
      "type": "Feature",
      "properties": {
        "id": "PV:343",
        "service": "PV",
        "setor": "MG-120",
        "name": "MG-120",
        "centroid": [
          -23.51598,
          -46.56424
        ],
        "fillColor": "#87ceeb",
        "geometry": "point",
        "serviceDisplay": "Pontos Viciados",
        "subprefeitura": "Vila Maria/Vila Guilherme",
        "logradouro": "Rua Soldado Cristóvão Morais Garcia, 521",
        "service_type": "Pontos Viciados",
        "service_icon": "warning",
        "volumetria": "Entre 1m³ e 5m³",
        "address": "Rua Soldado Cristóvão Morais Garcia, 521",
        "date": "46020",
        "status": "Revitalizado"
      },
      "geometry": {
        "type": "Point",
        "coordinates": [
          -46.56424,
          -23.51598
        ]
      },
      "id": "PV:343"
    },
    {
      "type": "Feature",
      "properties": {
        "id": "PV:344",
        "service": "PV",
        "setor": "MG-121",
        "name": "MG-121",
        "centroid": [
          -23.52292,
          -46.56598
        ],
        "fillColor": "#87ceeb",
        "geometry": "point",
        "serviceDisplay": "Pontos Viciados",
        "subprefeitura": "Vila Maria/Vila Guilherme",
        "logradouro": "Rua Soldado Francisco Franco, 81",
        "service_type": "Pontos Viciados",
        "service_icon": "warning",
        "volumetria": "Entre 1m³ e 5m³",
        "address": "Rua Soldado Francisco Franco, 81"
      },
      "geometry": {
        "type": "Point",
        "coordinates": [
          -46.56598,
          -23.52292
        ]
      },
      "id": "PV:344"
    },
    {
      "type": "Feature",
      "properties": {
        "id": "PV:345",
        "service": "PV",
        "setor": "MG-122",
        "name": "MG-122",
        "centroid": [
          -23.51566,
          -46.57311
        ],
        "fillColor": "#87ceeb",
        "geometry": "point",
        "serviceDisplay": "Pontos Viciados",
        "subprefeitura": "Vila Maria/Vila Guilherme",
        "logradouro": "Rua Soldado Francisco Tamborim, 205",
        "service_type": "Pontos Viciados",
        "service_icon": "warning",
        "volumetria": "Entre 1m³ e 5m³",
        "address": "Rua Soldado Francisco Tamborim, 205",
        "date": "45997",
        "status": "Revitalizado"
      },
      "geometry": {
        "type": "Point",
        "coordinates": [
          -46.57311,
          -23.51566
        ]
      },
      "id": "PV:345"
    },
    {
      "type": "Feature",
      "properties": {
        "id": "PV:346",
        "service": "PV",
        "setor": "MG-123",
        "name": "MG-123",
        "centroid": [
          -23.51244,
          -46.57051
        ],
        "fillColor": "#87ceeb",
        "geometry": "point",
        "serviceDisplay": "Pontos Viciados",
        "subprefeitura": "Vila Maria/Vila Guilherme",
        "logradouro": "Rua Soldado Geraldo Augusto dos Santos, 40",
        "service_type": "Pontos Viciados",
        "service_icon": "warning",
        "volumetria": "Entre 1m³ e 5m³",
        "address": "Rua Soldado Geraldo Augusto dos Santos, 40"
      },
      "geometry": {
        "type": "Point",
        "coordinates": [
          -46.57051,
          -23.51244
        ]
      },
      "id": "PV:346"
    },
    {
      "type": "Feature",
      "properties": {
        "id": "PV:347",
        "service": "PV",
        "setor": "MG-124",
        "name": "MG-124",
        "centroid": [
          -23.50637,
          -46.5668
        ],
        "fillColor": "#87ceeb",
        "geometry": "point",
        "serviceDisplay": "Pontos Viciados",
        "subprefeitura": "Vila Maria/Vila Guilherme",
        "logradouro": "Rua Soldado Hilário Décimo Zanesco, 332",
        "service_type": "Pontos Viciados",
        "service_icon": "warning",
        "volumetria": "Entre 1m³ e 5m³",
        "address": "Rua Soldado Hilário Décimo Zanesco, 332"
      },
      "geometry": {
        "type": "Point",
        "coordinates": [
          -46.5668,
          -23.50637
        ]
      },
      "id": "PV:347"
    },
    {
      "type": "Feature",
      "properties": {
        "id": "PV:348",
        "service": "PV",
        "setor": "MG-125",
        "name": "MG-125",
        "centroid": [
          -23.50156,
          -46.56985
        ],
        "fillColor": "#87ceeb",
        "geometry": "point",
        "serviceDisplay": "Pontos Viciados",
        "subprefeitura": "Vila Maria/Vila Guilherme",
        "logradouro": "Rua Soldado José Rufino Costa, 428",
        "service_type": "Pontos Viciados",
        "service_icon": "warning",
        "volumetria": "Entre 1m³ e 5m³",
        "address": "Rua Soldado José Rufino Costa, 428"
      },
      "geometry": {
        "type": "Point",
        "coordinates": [
          -46.56985,
          -23.50156
        ]
      },
      "id": "PV:348"
    },
    {
      "type": "Feature",
      "properties": {
        "id": "PV:349",
        "service": "PV",
        "setor": "MG-126",
        "name": "MG-126",
        "centroid": [
          -23.50414,
          -46.57171
        ],
        "fillColor": "#87ceeb",
        "geometry": "point",
        "serviceDisplay": "Pontos Viciados",
        "subprefeitura": "Vila Maria/Vila Guilherme",
        "logradouro": "Rua Soldado Sebastião Felicio, 15",
        "service_type": "Pontos Viciados",
        "service_icon": "warning",
        "volumetria": "Entre 1m³ e 5m³",
        "address": "Rua Soldado Sebastião Felicio, 15"
      },
      "geometry": {
        "type": "Point",
        "coordinates": [
          -46.57171,
          -23.50414
        ]
      },
      "id": "PV:349"
    },
    {
      "type": "Feature",
      "properties": {
        "id": "PV:350",
        "service": "PV",
        "setor": "MG-127",
        "name": "MG-127",
        "centroid": [
          -23.47622,
          -46.57656
        ],
        "fillColor": "#87ceeb",
        "geometry": "point",
        "serviceDisplay": "Pontos Viciados",
        "subprefeitura": "Vila Maria/Vila Guilherme",
        "logradouro": "Rua Tenente Sotomano, 657",
        "service_type": "Pontos Viciados",
        "service_icon": "warning",
        "volumetria": "Entre 1m³ e 5m³",
        "address": "Rua Tenente Sotomano, 657"
      },
      "geometry": {
        "type": "Point",
        "coordinates": [
          -46.57656,
          -23.47622
        ]
      },
      "id": "PV:350"
    },
    {
      "type": "Feature",
      "properties": {
        "id": "PV:351",
        "service": "PV",
        "setor": "MG-128",
        "name": "MG-128",
        "centroid": [
          -23.51913,
          -46.56325
        ],
        "fillColor": "#87ceeb",
        "geometry": "point",
        "serviceDisplay": "Pontos Viciados",
        "subprefeitura": "Vila Maria/Vila Guilherme",
        "logradouro": "Rua Thomas Losito, 12",
        "service_type": "Pontos Viciados",
        "service_icon": "warning",
        "volumetria": "Entre 1m³ e 5m³",
        "address": "Rua Thomas Losito, 12"
      },
      "geometry": {
        "type": "Point",
        "coordinates": [
          -46.56325,
          -23.51913
        ]
      },
      "id": "PV:351"
    },
    {
      "type": "Feature",
      "properties": {
        "id": "PV:352",
        "service": "PV",
        "setor": "MG-129",
        "name": "MG-129",
        "centroid": [
          -23.51461,
          -46.59255
        ],
        "fillColor": "#87ceeb",
        "geometry": "point",
        "serviceDisplay": "Pontos Viciados",
        "subprefeitura": "Vila Maria/Vila Guilherme",
        "logradouro": "Rua Tomás Speers, 419",
        "service_type": "Pontos Viciados",
        "service_icon": "warning",
        "volumetria": "Entre 1m³ e 5m³",
        "address": "Rua Tomás Speers, 419"
      },
      "geometry": {
        "type": "Point",
        "coordinates": [
          -46.59255,
          -23.51461
        ]
      },
      "id": "PV:352"
    },
    {
      "type": "Feature",
      "properties": {
        "id": "PV:353",
        "service": "PV",
        "setor": "MG-130",
        "name": "MG-130",
        "centroid": [
          -23.52326,
          -46.5714
        ],
        "fillColor": "#87ceeb",
        "geometry": "point",
        "serviceDisplay": "Pontos Viciados",
        "subprefeitura": "Vila Maria/Vila Guilherme",
        "logradouro": "Avenida Tenente Amaro Felicíssimo da Silveira X Rua Trafalgar",
        "service_type": "Pontos Viciados",
        "service_icon": "warning",
        "volumetria": "Entre 1m³ e 5m³",
        "address": "Avenida Tenente Amaro Felicíssimo da Silveira X Rua Trafalgar"
      },
      "geometry": {
        "type": "Point",
        "coordinates": [
          -46.5714,
          -23.52326
        ]
      },
      "id": "PV:353"
    },
    {
      "type": "Feature",
      "properties": {
        "id": "PV:354",
        "service": "PV",
        "setor": "MG-131",
        "name": "MG-131",
        "centroid": [
          -23.52109,
          -46.5648
        ],
        "fillColor": "#87ceeb",
        "geometry": "point",
        "serviceDisplay": "Pontos Viciados",
        "subprefeitura": "Vila Maria/Vila Guilherme",
        "logradouro": "Alameda Segundo Sargento Andiras Nogueira de Abreu X Rua Doutor Vidal Reis",
        "service_type": "Pontos Viciados",
        "service_icon": "warning",
        "volumetria": "Entre 1m³ e 5m³",
        "address": "Alameda Segundo Sargento Andiras Nogueira de Abreu X Rua Doutor Vidal Reis"
      },
      "geometry": {
        "type": "Point",
        "coordinates": [
          -46.5648,
          -23.52109
        ]
      },
      "id": "PV:354"
    },
    {
      "type": "Feature",
      "properties": {
        "id": "PV:355",
        "service": "PV",
        "setor": "MG-132",
        "name": "MG-132",
        "centroid": [
          -23.51447,
          -46.57531
        ],
        "fillColor": "#87ceeb",
        "geometry": "point",
        "serviceDisplay": "Pontos Viciados",
        "subprefeitura": "Vila Maria/Vila Guilherme",
        "logradouro": "Rua Balaiada, 130",
        "service_type": "Pontos Viciados",
        "service_icon": "warning",
        "volumetria": "Entre 1m³ e 5m³",
        "address": "Rua Balaiada, 130"
      },
      "geometry": {
        "type": "Point",
        "coordinates": [
          -46.57531,
          -23.51447
        ]
      },
      "id": "PV:355"
    },
    {
      "type": "Feature",
      "properties": {
        "id": "PV:356",
        "service": "PV",
        "setor": "MG-133",
        "name": "MG-133",
        "centroid": [
          -23.51652,
          -46.56068
        ],
        "fillColor": "#87ceeb",
        "geometry": "point",
        "serviceDisplay": "Pontos Viciados",
        "subprefeitura": "Vila Maria/Vila Guilherme",
        "logradouro": "Rua dos Anjos, 59",
        "service_type": "Pontos Viciados",
        "service_icon": "warning",
        "volumetria": "Mais de 5m³",
        "address": "Rua dos Anjos, 59"
      },
      "geometry": {
        "type": "Point",
        "coordinates": [
          -46.56068,
          -23.51652
        ]
      },
      "id": "PV:356"
    },
    {
      "type": "Feature",
      "properties": {
        "id": "PV:357",
        "service": "PV",
        "setor": "MG-134",
        "name": "MG-134",
        "centroid": [
          -23.489,
          -46.56258
        ],
        "fillColor": "#87ceeb",
        "geometry": "point",
        "serviceDisplay": "Pontos Viciados",
        "subprefeitura": "Vila Maria/Vila Guilherme",
        "logradouro": "Avenida João Simão de Castro, 995 x Rua Irineu Portela",
        "service_type": "Pontos Viciados",
        "service_icon": "warning",
        "volumetria": "Não se aplica (inativo).",
        "address": "Avenida João Simão de Castro, 995 x Rua Irineu Portela",
        "date": "Inativo",
        "status": "Inativo"
      },
      "geometry": {
        "type": "Point",
        "coordinates": [
          -46.56258,
          -23.489
        ]
      },
      "id": "PV:357"
    },
    {
      "type": "Feature",
      "properties": {
        "id": "PV:358",
        "service": "PV",
        "setor": "MG-135",
        "name": "MG-135",
        "centroid": [
          -23.48914,
          -46.56395
        ],
        "fillColor": "#87ceeb",
        "geometry": "point",
        "serviceDisplay": "Pontos Viciados",
        "subprefeitura": "Vila Maria/Vila Guilherme",
        "logradouro": "Avenida João Simão de Castro, 975 x Rua Cláudio Santos",
        "service_type": "Pontos Viciados",
        "service_icon": "warning",
        "volumetria": "Não se aplica (inativo).",
        "address": "Avenida João Simão de Castro, 975 x Rua Cláudio Santos",
        "date": "Inativo",
        "status": "Inativo"
      },
      "geometry": {
        "type": "Point",
        "coordinates": [
          -46.56395,
          -23.48914
        ]
      },
      "id": "PV:358"
    },
    {
      "type": "Feature",
      "properties": {
        "id": "PV:359",
        "service": "PV",
        "setor": "MG-136",
        "name": "MG-136",
        "centroid": [
          -23.5197,
          -46.58098
        ],
        "fillColor": "#87ceeb",
        "geometry": "point",
        "serviceDisplay": "Pontos Viciados",
        "subprefeitura": "Vila Maria/Vila Guilherme",
        "logradouro": "Rua Curuçá, 1700",
        "service_type": "Pontos Viciados",
        "service_icon": "warning",
        "volumetria": "Entre 1m³ e 5m³",
        "address": "Rua Curuçá, 1700"
      },
      "geometry": {
        "type": "Point",
        "coordinates": [
          -46.58098,
          -23.5197
        ]
      },
      "id": "PV:359"
    },
    {
      "type": "Feature",
      "properties": {
        "id": "PV:360",
        "service": "PV",
        "setor": "MG-137",
        "name": "MG-137",
        "centroid": [
          -23.51804,
          -46.55997
        ],
        "fillColor": "#87ceeb",
        "geometry": "point",
        "serviceDisplay": "Pontos Viciados",
        "subprefeitura": "Vila Maria/Vila Guilherme",
        "logradouro": "Rua dos Anjos, 99",
        "service_type": "Pontos Viciados",
        "service_icon": "warning",
        "volumetria": "Mais de 5m³",
        "address": "Rua dos Anjos, 99"
      },
      "geometry": {
        "type": "Point",
        "coordinates": [
          -46.55997,
          -23.51804
        ]
      },
      "id": "PV:360"
    },
    {
      "type": "Feature",
      "properties": {
        "id": "PV:361",
        "service": "PV",
        "setor": "MG-138",
        "name": "MG-138",
        "centroid": [
          -23.48543,
          -46.58604
        ],
        "fillColor": "#87ceeb",
        "geometry": "point",
        "serviceDisplay": "Pontos Viciados",
        "subprefeitura": "Vila Maria/Vila Guilherme",
        "logradouro": "Rua Geolândia, 25",
        "service_type": "Pontos Viciados",
        "service_icon": "warning",
        "volumetria": "Entre 1m³ e 5m³",
        "address": "Rua Geolândia, 25"
      },
      "geometry": {
        "type": "Point",
        "coordinates": [
          -46.58604,
          -23.48543
        ]
      },
      "id": "PV:361"
    },
    {
      "type": "Feature",
      "properties": {
        "id": "PV:362",
        "service": "PV",
        "setor": "MG-139",
        "name": "MG-139",
        "centroid": [
          -23.52359,
          -46.58122
        ],
        "fillColor": "#87ceeb",
        "geometry": "point",
        "serviceDisplay": "Pontos Viciados",
        "subprefeitura": "Vila Maria/Vila Guilherme",
        "logradouro": "Rua Manguari, 389",
        "service_type": "Pontos Viciados",
        "service_icon": "warning",
        "volumetria": "Entre 1m³ e 5m³",
        "address": "Rua Manguari, 389"
      },
      "geometry": {
        "type": "Point",
        "coordinates": [
          -46.58122,
          -23.52359
        ]
      },
      "id": "PV:362"
    },
    {
      "type": "Feature",
      "properties": {
        "id": "PV:363",
        "service": "PV",
        "setor": "MG-140",
        "name": "MG-140",
        "centroid": [
          -23.50805,
          -46.58673
        ],
        "fillColor": "#87ceeb",
        "geometry": "point",
        "serviceDisplay": "Pontos Viciados",
        "subprefeitura": "Vila Maria/Vila Guilherme",
        "logradouro": "Avenida Alberto Byington, 507",
        "service_type": "Pontos Viciados",
        "service_icon": "warning",
        "volumetria": "Entre 1m³ e 5m³",
        "address": "Avenida Alberto Byington, 507"
      },
      "geometry": {
        "type": "Point",
        "coordinates": [
          -46.58673,
          -23.50805
        ]
      },
      "id": "PV:363"
    },
    {
      "type": "Feature",
      "properties": {
        "id": "PV:364",
        "service": "PV",
        "setor": "MG-141",
        "name": "MG-141",
        "centroid": [
          -23.5222,
          -46.57137
        ],
        "fillColor": "#87ceeb",
        "geometry": "point",
        "serviceDisplay": "Pontos Viciados",
        "subprefeitura": "Vila Maria/Vila Guilherme",
        "logradouro": "Avenida Tenente Amaro Felicíssimo da Silveira, 326",
        "service_type": "Pontos Viciados",
        "service_icon": "warning",
        "volumetria": "Entre 1m³ e 5m³",
        "address": "Avenida Tenente Amaro Felicíssimo da Silveira, 326"
      },
      "geometry": {
        "type": "Point",
        "coordinates": [
          -46.57137,
          -23.5222
        ]
      },
      "id": "PV:364"
    },
    {
      "type": "Feature",
      "properties": {
        "id": "PV:365",
        "service": "PV",
        "setor": "MG-142",
        "name": "MG-142",
        "centroid": [
          -23.50044,
          -46.57739
        ],
        "fillColor": "#87ceeb",
        "geometry": "point",
        "serviceDisplay": "Pontos Viciados",
        "subprefeitura": "Vila Maria/Vila Guilherme",
        "logradouro": "Rua José Monteiro Mesquita x Rua Yamato",
        "service_type": "Pontos Viciados",
        "service_icon": "warning",
        "volumetria": "Entre 1m³ e 5m³",
        "address": "Rua José Monteiro Mesquita x Rua Yamato"
      },
      "geometry": {
        "type": "Point",
        "coordinates": [
          -46.57739,
          -23.50044
        ]
      },
      "id": "PV:365"
    },
    {
      "type": "Feature",
      "properties": {
        "id": "PV:366",
        "service": "PV",
        "setor": "MG-143",
        "name": "MG-143",
        "centroid": [
          -23.51392,
          -46.59494
        ],
        "fillColor": "#87ceeb",
        "geometry": "point",
        "serviceDisplay": "Pontos Viciados",
        "subprefeitura": "Vila Maria/Vila Guilherme",
        "logradouro": "Avenida Nadir Dias de Figueiredo, 1232",
        "service_type": "Pontos Viciados",
        "service_icon": "warning",
        "volumetria": "Entre 1m³ e 5m³",
        "address": "Avenida Nadir Dias de Figueiredo, 1232"
      },
      "geometry": {
        "type": "Point",
        "coordinates": [
          -46.59494,
          -23.51392
        ]
      },
      "id": "PV:366"
    },
    {
      "type": "Feature",
      "properties": {
        "id": "PV:367",
        "service": "PV",
        "setor": "MG-144",
        "name": "MG-144",
        "centroid": [
          -23.47426,
          -46.58003
        ],
        "fillColor": "#87ceeb",
        "geometry": "point",
        "serviceDisplay": "Pontos Viciados",
        "subprefeitura": "Vila Maria/Vila Guilherme",
        "logradouro": "Rua Doutor Alexandre Ferreira, 121",
        "service_type": "Pontos Viciados",
        "service_icon": "warning",
        "volumetria": "Entre 1m³ e 5m³",
        "address": "Rua Doutor Alexandre Ferreira, 121"
      },
      "geometry": {
        "type": "Point",
        "coordinates": [
          -46.58003,
          -23.47426
        ]
      },
      "id": "PV:367"
    },
    {
      "type": "Feature",
      "properties": {
        "id": "PV:368",
        "service": "PV",
        "setor": "MG-145",
        "name": "MG-145",
        "centroid": [
          -23.49551,
          -46.57794
        ],
        "fillColor": "#87ceeb",
        "geometry": "point",
        "serviceDisplay": "Pontos Viciados",
        "subprefeitura": "Vila Maria/Vila Guilherme",
        "logradouro": "Rua Estevão Mélio, 613",
        "service_type": "Pontos Viciados",
        "service_icon": "warning",
        "volumetria": "Entre 1m³ e 5m³",
        "address": "Rua Estevão Mélio, 613"
      },
      "geometry": {
        "type": "Point",
        "coordinates": [
          -46.57794,
          -23.49551
        ]
      },
      "id": "PV:368"
    },
    {
      "type": "Feature",
      "properties": {
        "id": "PV:369",
        "service": "PV",
        "setor": "MG-146",
        "name": "MG-146",
        "centroid": [
          -23.48461,
          -46.57287
        ],
        "fillColor": "#87ceeb",
        "geometry": "point",
        "serviceDisplay": "Pontos Viciados",
        "subprefeitura": "Vila Maria/Vila Guilherme",
        "logradouro": "Av. Edgar Ruzzant, 1011",
        "service_type": "Pontos Viciados",
        "service_icon": "warning",
        "volumetria": "Entre 1m³ e 5m³",
        "address": "Av. Edgar Ruzzant, 1011",
        "date": "46006",
        "status": "Revitalizado"
      },
      "geometry": {
        "type": "Point",
        "coordinates": [
          -46.57287,
          -23.48461
        ]
      },
      "id": "PV:369"
    },
    {
      "type": "Feature",
      "properties": {
        "id": "PV:370",
        "service": "PV",
        "setor": "MG-147",
        "name": "MG-147",
        "centroid": [
          -23.51084,
          -46.60346
        ],
        "fillColor": "#87ceeb",
        "geometry": "point",
        "serviceDisplay": "Pontos Viciados",
        "subprefeitura": "Vila Maria/Vila Guilherme",
        "logradouro": "Travessa Lucas Alber, 126",
        "service_type": "Pontos Viciados",
        "service_icon": "warning",
        "volumetria": "Entre 1m³ e 5m³",
        "address": "Travessa Lucas Alber, 126",
        "date": "45990",
        "status": "Revitalizado"
      },
      "geometry": {
        "type": "Point",
        "coordinates": [
          -46.60346,
          -23.51084
        ]
      },
      "id": "PV:370"
    },
    {
      "type": "Feature",
      "properties": {
        "id": "PV:371",
        "service": "PV",
        "setor": "MG-148",
        "name": "MG-148",
        "centroid": [
          -23.48625,
          -46.56615
        ],
        "fillColor": "#87ceeb",
        "geometry": "point",
        "serviceDisplay": "Pontos Viciados",
        "subprefeitura": "Vila Maria/Vila Guilherme",
        "logradouro": "Avenida do Poeta, 843",
        "service_type": "Pontos Viciados",
        "service_icon": "warning",
        "volumetria": "Entre 1m³ e 5m³",
        "address": "Avenida do Poeta, 843",
        "date": "46060",
        "status": "Revitalizado"
      },
      "geometry": {
        "type": "Point",
        "coordinates": [
          -46.56615,
          -23.48625
        ]
      },
      "id": "PV:371"
    },
    {
      "type": "Feature",
      "properties": {
        "id": "PV:372",
        "service": "PV",
        "setor": "MG-149",
        "name": "MG-149",
        "centroid": [
          -23.4908,
          -46.59082
        ],
        "fillColor": "#87ceeb",
        "geometry": "point",
        "serviceDisplay": "Pontos Viciados",
        "subprefeitura": "Vila Maria/Vila Guilherme",
        "logradouro": "Rua Santo Antônio de Lisboa, 565",
        "service_type": "Pontos Viciados",
        "service_icon": "warning",
        "volumetria": "Entre 1m³ e 5m³",
        "address": "Rua Santo Antônio de Lisboa, 565",
        "date": "46081",
        "status": "Revitalizado"
      },
      "geometry": {
        "type": "Point",
        "coordinates": [
          -46.59082,
          -23.4908
        ]
      },
      "id": "PV:372"
    },
    {
      "type": "Feature",
      "properties": {
        "id": "PV:373",
        "service": "PV",
        "setor": "MG-150",
        "name": "MG-150",
        "centroid": [
          -23.5198,
          -46.57791
        ],
        "fillColor": "#87ceeb",
        "geometry": "point",
        "serviceDisplay": "Pontos Viciados",
        "subprefeitura": "Vila Maria/Vila Guilherme",
        "logradouro": "Rua Serafim Poli, 232",
        "service_type": "Pontos Viciados",
        "service_icon": "warning",
        "volumetria": "Entre 1m³ e 5m³",
        "address": "Rua Serafim Poli, 232",
        "date": "46109"
      },
      "geometry": {
        "type": "Point",
        "coordinates": [
          -46.57791,
          -23.5198
        ]
      },
      "id": "PV:373"
    },
    {
      "type": "Feature",
      "properties": {
        "id": "PV:374",
        "service": "PV",
        "setor": "ST-001",
        "name": "ST-001",
        "centroid": [
          -23.47677,
          -46.60113
        ],
        "fillColor": "#ffd700",
        "geometry": "point",
        "serviceDisplay": "Pontos Viciados",
        "subprefeitura": "Santana/Tucuruvi",
        "logradouro": "Avenida Doutor Antônio Maria Laet, 533",
        "service_type": "Pontos Viciados",
        "service_icon": "warning",
        "volumetria": "Entre 1m³ e 5m³",
        "address": "Avenida Doutor Antônio Maria Laet, 533"
      },
      "geometry": {
        "type": "Point",
        "coordinates": [
          -46.60113,
          -23.47677
        ]
      },
      "id": "PV:374"
    },
    {
      "type": "Feature",
      "properties": {
        "id": "PV:375",
        "service": "PV",
        "setor": "ST-002",
        "name": "ST-002",
        "centroid": [
          -23.5066,
          -46.64374
        ],
        "fillColor": "#ffd700",
        "geometry": "point",
        "serviceDisplay": "Pontos Viciados",
        "subprefeitura": "Santana/Tucuruvi",
        "logradouro": "Avenida Brás Leme , 1636",
        "service_type": "Pontos Viciados",
        "service_icon": "warning",
        "volumetria": "Não se aplica (inativo).",
        "address": "Avenida Brás Leme , 1636",
        "date": "Inativo",
        "status": "Inativo"
      },
      "geometry": {
        "type": "Point",
        "coordinates": [
          -46.64374,
          -23.5066
        ]
      },
      "id": "PV:375"
    },
    {
      "type": "Feature",
      "properties": {
        "id": "PV:376",
        "service": "PV",
        "setor": "ST-003",
        "name": "ST-003",
        "centroid": [
          -23.4746,
          -46.64974
        ],
        "fillColor": "#ffd700",
        "geometry": "point",
        "serviceDisplay": "Pontos Viciados",
        "subprefeitura": "Santana/Tucuruvi",
        "logradouro": "Avenida Conselheiro Moreira de Barros, 4010",
        "service_type": "Pontos Viciados",
        "service_icon": "warning",
        "volumetria": "Mais de 5m³",
        "address": "Avenida Conselheiro Moreira de Barros, 4010"
      },
      "geometry": {
        "type": "Point",
        "coordinates": [
          -46.64974,
          -23.4746
        ]
      },
      "id": "PV:376"
    },
    {
      "type": "Feature",
      "properties": {
        "id": "PV:377",
        "service": "PV",
        "setor": "ST-004",
        "name": "ST-004",
        "centroid": [
          -23.47365,
          -46.64498
        ],
        "fillColor": "#ffd700",
        "geometry": "point",
        "serviceDisplay": "Pontos Viciados",
        "subprefeitura": "Santana/Tucuruvi",
        "logradouro": "Avenida Coronel Manuel Py, 137",
        "service_type": "Pontos Viciados",
        "service_icon": "warning",
        "volumetria": "Não se aplica (inativo).",
        "address": "Avenida Coronel Manuel Py, 137",
        "date": "Inativo",
        "status": "Inativo"
      },
      "geometry": {
        "type": "Point",
        "coordinates": [
          -46.64498,
          -23.47365
        ]
      },
      "id": "PV:377"
    },
    {
      "type": "Feature",
      "properties": {
        "id": "PV:378",
        "service": "PV",
        "setor": "ST-005",
        "name": "ST-005",
        "centroid": [
          -23.51267,
          -46.62499
        ],
        "fillColor": "#ffd700",
        "geometry": "point",
        "serviceDisplay": "Pontos Viciados",
        "subprefeitura": "Santana/Tucuruvi",
        "logradouro": "Avenida Cruzeiro do Sul, 2092",
        "service_type": "Pontos Viciados",
        "service_icon": "warning",
        "volumetria": "Não se aplica (inativo).",
        "address": "Avenida Cruzeiro do Sul, 2092",
        "date": "Inativo",
        "status": "Inativo"
      },
      "geometry": {
        "type": "Point",
        "coordinates": [
          -46.62499,
          -23.51267
        ]
      },
      "id": "PV:378"
    },
    {
      "type": "Feature",
      "properties": {
        "id": "PV:379",
        "service": "PV",
        "setor": "ST-006",
        "name": "ST-006",
        "centroid": [
          -23.5077,
          -46.62515
        ],
        "fillColor": "#ffd700",
        "geometry": "point",
        "serviceDisplay": "Pontos Viciados",
        "subprefeitura": "Santana/Tucuruvi",
        "logradouro": "Avenida Cruzeiro do Sul, 2653",
        "service_type": "Pontos Viciados",
        "service_icon": "warning",
        "volumetria": "Entre 1m³ e 5m³",
        "address": "Avenida Cruzeiro do Sul, 2653"
      },
      "geometry": {
        "type": "Point",
        "coordinates": [
          -46.62515,
          -23.5077
        ]
      },
      "id": "PV:379"
    },
    {
      "type": "Feature",
      "properties": {
        "id": "PV:380",
        "service": "PV",
        "setor": "ST-007",
        "name": "ST-007",
        "centroid": [
          -23.47923,
          -46.64519
        ],
        "fillColor": "#ffd700",
        "geometry": "point",
        "serviceDisplay": "Pontos Viciados",
        "subprefeitura": "Santana/Tucuruvi",
        "logradouro": "Avenida Direitos Humanos, 1746",
        "service_type": "Pontos Viciados",
        "service_icon": "warning",
        "volumetria": "Mais de 5m³",
        "address": "Avenida Direitos Humanos, 1746"
      },
      "geometry": {
        "type": "Point",
        "coordinates": [
          -46.64519,
          -23.47923
        ]
      },
      "id": "PV:380"
    },
    {
      "type": "Feature",
      "properties": {
        "id": "PV:381",
        "service": "PV",
        "setor": "ST-008",
        "name": "ST-008",
        "centroid": [
          -23.47694,
          -46.6417
        ],
        "fillColor": "#ffd700",
        "geometry": "point",
        "serviceDisplay": "Pontos Viciados",
        "subprefeitura": "Santana/Tucuruvi",
        "logradouro": "Avenida Direitos Humanos, 1869",
        "service_type": "Pontos Viciados",
        "service_icon": "warning",
        "volumetria": "Mais de 5m³",
        "address": "Avenida Direitos Humanos, 1869"
      },
      "geometry": {
        "type": "Point",
        "coordinates": [
          -46.6417,
          -23.47694
        ]
      },
      "id": "PV:381"
    },
    {
      "type": "Feature",
      "properties": {
        "id": "PV:382",
        "service": "PV",
        "setor": "ST-009",
        "name": "ST-009",
        "centroid": [
          -23.48654,
          -46.6526
        ],
        "fillColor": "#ffd700",
        "geometry": "point",
        "serviceDisplay": "Pontos Viciados",
        "subprefeitura": "Santana/Tucuruvi",
        "logradouro": "Avenida Direitos Humanos, 267",
        "service_type": "Pontos Viciados",
        "service_icon": "warning",
        "volumetria": "Entre 1m³ e 5m³",
        "address": "Avenida Direitos Humanos, 267"
      },
      "geometry": {
        "type": "Point",
        "coordinates": [
          -46.6526,
          -23.48654
        ]
      },
      "id": "PV:382"
    },
    {
      "type": "Feature",
      "properties": {
        "id": "PV:383",
        "service": "PV",
        "setor": "ST-010",
        "name": "ST-010",
        "centroid": [
          -23.48451,
          -46.65069
        ],
        "fillColor": "#ffd700",
        "geometry": "point",
        "serviceDisplay": "Pontos Viciados",
        "subprefeitura": "Santana/Tucuruvi",
        "logradouro": "Avenida Direitos Humanos, 580",
        "service_type": "Pontos Viciados",
        "service_icon": "warning",
        "volumetria": "Entre 1m³ e 5m³",
        "address": "Avenida Direitos Humanos, 580"
      },
      "geometry": {
        "type": "Point",
        "coordinates": [
          -46.65069,
          -23.48451
        ]
      },
      "id": "PV:383"
    },
    {
      "type": "Feature",
      "properties": {
        "id": "PV:384",
        "service": "PV",
        "setor": "ST-011",
        "name": "ST-011",
        "centroid": [
          -23.47,
          -46.59673
        ],
        "fillColor": "#ffd700",
        "geometry": "point",
        "serviceDisplay": "Pontos Viciados",
        "subprefeitura": "Santana/Tucuruvi",
        "logradouro": "Avenida Doutor Antonio Maria Laet, 1429",
        "service_type": "Pontos Viciados",
        "service_icon": "warning",
        "volumetria": "Não se aplica (inativo).",
        "address": "Avenida Doutor Antonio Maria Laet, 1429",
        "date": "Inativo",
        "status": "Inativo"
      },
      "geometry": {
        "type": "Point",
        "coordinates": [
          -46.59673,
          -23.47
        ]
      },
      "id": "PV:384"
    },
    {
      "type": "Feature",
      "properties": {
        "id": "PV:385",
        "service": "PV",
        "setor": "ST-012",
        "name": "ST-012",
        "centroid": [
          -23.50927,
          -46.62807
        ],
        "fillColor": "#ffd700",
        "geometry": "point",
        "serviceDisplay": "Pontos Viciados",
        "subprefeitura": "Santana/Tucuruvi",
        "logradouro": "Avenida General Pedro Leon Schneider X Avenida Santos Dumont",
        "service_type": "Pontos Viciados",
        "service_icon": "warning",
        "volumetria": "Não se aplica (inativo).",
        "address": "Avenida General Pedro Leon Schneider X Avenida Santos Dumont",
        "date": "Inativo",
        "status": "Inativo"
      },
      "geometry": {
        "type": "Point",
        "coordinates": [
          -46.62807,
          -23.50927
        ]
      },
      "id": "PV:385"
    },
    {
      "type": "Feature",
      "properties": {
        "id": "PV:386",
        "service": "PV",
        "setor": "ST-013",
        "name": "ST-013",
        "centroid": [
          -23.48106,
          -46.59495
        ],
        "fillColor": "#ffd700",
        "geometry": "point",
        "serviceDisplay": "Pontos Viciados",
        "subprefeitura": "Santana/Tucuruvi",
        "logradouro": "Avenida Gustavo Adolfo, 459",
        "service_type": "Pontos Viciados",
        "service_icon": "warning",
        "volumetria": "Não se aplica (inativo).",
        "address": "Avenida Gustavo Adolfo, 459",
        "date": "Inativo",
        "status": "Inativo"
      },
      "geometry": {
        "type": "Point",
        "coordinates": [
          -46.59495,
          -23.48106
        ]
      },
      "id": "PV:386"
    },
    {
      "type": "Feature",
      "properties": {
        "id": "PV:387",
        "service": "PV",
        "setor": "ST-014",
        "name": "ST-014",
        "centroid": [
          -23.49693,
          -46.63791
        ],
        "fillColor": "#ffd700",
        "geometry": "point",
        "serviceDisplay": "Pontos Viciados",
        "subprefeitura": "Santana/Tucuruvi",
        "logradouro": "Avenida Imirim, 117",
        "service_type": "Pontos Viciados",
        "service_icon": "warning",
        "volumetria": "Entre 1m³ e 5m³",
        "address": "Avenida Imirim, 117"
      },
      "geometry": {
        "type": "Point",
        "coordinates": [
          -46.63791,
          -23.49693
        ]
      },
      "id": "PV:387"
    },
    {
      "type": "Feature",
      "properties": {
        "id": "PV:388",
        "service": "PV",
        "setor": "ST-015",
        "name": "ST-015",
        "centroid": [
          -23.47503,
          -46.64647
        ],
        "fillColor": "#ffd700",
        "geometry": "point",
        "serviceDisplay": "Pontos Viciados",
        "subprefeitura": "Santana/Tucuruvi",
        "logradouro": "Avenida Lauzane Paulista, 106",
        "service_type": "Pontos Viciados",
        "service_icon": "warning",
        "volumetria": "Entre 1m³ e 5m³",
        "address": "Avenida Lauzane Paulista, 106"
      },
      "geometry": {
        "type": "Point",
        "coordinates": [
          -46.64647,
          -23.47503
        ]
      },
      "id": "PV:388"
    },
    {
      "type": "Feature",
      "properties": {
        "id": "PV:389",
        "service": "PV",
        "setor": "ST-016",
        "name": "ST-016",
        "centroid": [
          -23.48996,
          -46.6104
        ],
        "fillColor": "#ffd700",
        "geometry": "point",
        "serviceDisplay": "Pontos Viciados",
        "subprefeitura": "Santana/Tucuruvi",
        "logradouro": "Avenida Luiz Dumont Villares, 1529",
        "service_type": "Pontos Viciados",
        "service_icon": "warning",
        "volumetria": "Entre 1m³ e 5m³",
        "address": "Avenida Luiz Dumont Villares, 1529"
      },
      "geometry": {
        "type": "Point",
        "coordinates": [
          -46.6104,
          -23.48996
        ]
      },
      "id": "PV:389"
    },
    {
      "type": "Feature",
      "properties": {
        "id": "PV:390",
        "service": "PV",
        "setor": "ST-017",
        "name": "ST-017",
        "centroid": [
          -23.47575,
          -46.59617
        ],
        "fillColor": "#ffd700",
        "geometry": "point",
        "serviceDisplay": "Pontos Viciados",
        "subprefeitura": "Santana/Tucuruvi",
        "logradouro": "Avenida Maestro Villa-Lobos, 835",
        "service_type": "Pontos Viciados",
        "service_icon": "warning",
        "volumetria": "Entre 1m³ e 5m³",
        "address": "Avenida Maestro Villa-Lobos, 835"
      },
      "geometry": {
        "type": "Point",
        "coordinates": [
          -46.59617,
          -23.47575
        ]
      },
      "id": "PV:390"
    },
    {
      "type": "Feature",
      "properties": {
        "id": "PV:391",
        "service": "PV",
        "setor": "ST-018",
        "name": "ST-018",
        "centroid": [
          -23.51112,
          -46.62136
        ],
        "fillColor": "#ffd700",
        "geometry": "point",
        "serviceDisplay": "Pontos Viciados",
        "subprefeitura": "Santana/Tucuruvi",
        "logradouro": "Avenida Zaki Narchi, 435",
        "service_type": "Pontos Viciados",
        "service_icon": "warning",
        "volumetria": "Mais de 5m³",
        "address": "Avenida Zaki Narchi, 435"
      },
      "geometry": {
        "type": "Point",
        "coordinates": [
          -46.62136,
          -23.51112
        ]
      },
      "id": "PV:391"
    },
    {
      "type": "Feature",
      "properties": {
        "id": "PV:392",
        "service": "PV",
        "setor": "ST-019",
        "name": "ST-019",
        "centroid": [
          -23.48173,
          -46.65104
        ],
        "fillColor": "#ffd700",
        "geometry": "point",
        "serviceDisplay": "Pontos Viciados",
        "subprefeitura": "Santana/Tucuruvi",
        "logradouro": "Praça Domingues Álvares, 7",
        "service_type": "Pontos Viciados",
        "service_icon": "warning",
        "volumetria": "Entre 1m³ e 5m³",
        "address": "Praça Domingues Álvares, 7",
        "date": "46046",
        "status": "Revitalizado"
      },
      "geometry": {
        "type": "Point",
        "coordinates": [
          -46.65104,
          -23.48173
        ]
      },
      "id": "PV:392"
    },
    {
      "type": "Feature",
      "properties": {
        "id": "PV:393",
        "service": "PV",
        "setor": "ST-020",
        "name": "ST-020",
        "centroid": [
          -23.48347,
          -46.64939
        ],
        "fillColor": "#ffd700",
        "geometry": "point",
        "serviceDisplay": "Pontos Viciados",
        "subprefeitura": "Santana/Tucuruvi",
        "logradouro": "Praça Marçal de Matos, 957",
        "service_type": "Pontos Viciados",
        "service_icon": "warning",
        "volumetria": "Não se aplica (inativo).",
        "address": "Praça Marçal de Matos, 957",
        "date": "Inativo",
        "status": "Inativo"
      },
      "geometry": {
        "type": "Point",
        "coordinates": [
          -46.64939,
          -23.48347
        ]
      },
      "id": "PV:393"
    },
    {
      "type": "Feature",
      "properties": {
        "id": "PV:394",
        "service": "PV",
        "setor": "ST-021",
        "name": "ST-021",
        "centroid": [
          -23.47435,
          -46.64741
        ],
        "fillColor": "#ffd700",
        "geometry": "point",
        "serviceDisplay": "Pontos Viciados",
        "subprefeitura": "Santana/Tucuruvi",
        "logradouro": "Praça Santo Estevão de Briteiros, 16",
        "service_type": "Pontos Viciados",
        "service_icon": "warning",
        "volumetria": "Entre 1m³ e 5m³",
        "address": "Praça Santo Estevão de Briteiros, 16",
        "date": "46060",
        "status": "Revitalizado"
      },
      "geometry": {
        "type": "Point",
        "coordinates": [
          -46.64741,
          -23.47435
        ]
      },
      "id": "PV:394"
    },
    {
      "type": "Feature",
      "properties": {
        "id": "PV:395",
        "service": "PV",
        "setor": "ST-022",
        "name": "ST-022",
        "centroid": [
          -23.47618,
          -46.64558
        ],
        "fillColor": "#ffd700",
        "geometry": "point",
        "serviceDisplay": "Pontos Viciados",
        "subprefeitura": "Santana/Tucuruvi",
        "logradouro": "Avenida Adolfo Coelho X Rua Friburgo",
        "service_type": "Pontos Viciados",
        "service_icon": "warning",
        "volumetria": "Entre 1m³ e 5m³",
        "address": "Avenida Adolfo Coelho X Rua Friburgo",
        "date": "46067",
        "status": "Revitalizado"
      },
      "geometry": {
        "type": "Point",
        "coordinates": [
          -46.64558,
          -23.47618
        ]
      },
      "id": "PV:395"
    },
    {
      "type": "Feature",
      "properties": {
        "id": "PV:396",
        "service": "PV",
        "setor": "ST-023",
        "name": "ST-023",
        "centroid": [
          -23.4891,
          -46.59551
        ],
        "fillColor": "#ffd700",
        "geometry": "point",
        "serviceDisplay": "Pontos Viciados",
        "subprefeitura": "Santana/Tucuruvi",
        "logradouro": "Rua Agudos Grandes, 138",
        "service_type": "Pontos Viciados",
        "service_icon": "warning",
        "volumetria": "Entre 1m³ e 5m³",
        "address": "Rua Agudos Grandes, 138",
        "date": "46088",
        "status": "Revitalizado"
      },
      "geometry": {
        "type": "Point",
        "coordinates": [
          -46.59551,
          -23.4891
        ]
      },
      "id": "PV:396"
    },
    {
      "type": "Feature",
      "properties": {
        "id": "PV:397",
        "service": "PV",
        "setor": "ST-024",
        "name": "ST-024",
        "centroid": [
          -23.47396,
          -46.62313
        ],
        "fillColor": "#ffd700",
        "geometry": "point",
        "serviceDisplay": "Pontos Viciados",
        "subprefeitura": "Santana/Tucuruvi",
        "logradouro": "Rua Albertina Vieira da Silva Gordo, 517",
        "service_type": "Pontos Viciados",
        "service_icon": "warning",
        "volumetria": "Mais de 5m³",
        "address": "Rua Albertina Vieira da Silva Gordo, 517"
      },
      "geometry": {
        "type": "Point",
        "coordinates": [
          -46.62313,
          -23.47396
        ]
      },
      "id": "PV:397"
    },
    {
      "type": "Feature",
      "properties": {
        "id": "PV:398",
        "service": "PV",
        "setor": "ST-025",
        "name": "ST-025",
        "centroid": [
          -23.46889,
          -46.63539
        ],
        "fillColor": "#ffd700",
        "geometry": "point",
        "serviceDisplay": "Pontos Viciados",
        "subprefeitura": "Santana/Tucuruvi",
        "logradouro": "Rua Alcides Godói, 132",
        "service_type": "Pontos Viciados",
        "service_icon": "warning",
        "volumetria": "Entre 1m³ e 5m³",
        "address": "Rua Alcides Godói, 132",
        "date": "46074",
        "status": "Revitalizado"
      },
      "geometry": {
        "type": "Point",
        "coordinates": [
          -46.63539,
          -23.46889
        ]
      },
      "id": "PV:398"
    },
    {
      "type": "Feature",
      "properties": {
        "id": "PV:399",
        "service": "PV",
        "setor": "ST-026",
        "name": "ST-026",
        "centroid": [
          -23.468,
          -46.63605
        ],
        "fillColor": "#ffd700",
        "geometry": "point",
        "serviceDisplay": "Pontos Viciados",
        "subprefeitura": "Santana/Tucuruvi",
        "logradouro": "Rua Alcides Godói, 237",
        "service_type": "Pontos Viciados",
        "service_icon": "warning",
        "volumetria": "Entre 1m³ e 5m³",
        "address": "Rua Alcides Godói, 237"
      },
      "geometry": {
        "type": "Point",
        "coordinates": [
          -46.63605,
          -23.468
        ]
      },
      "id": "PV:399"
    },
    {
      "type": "Feature",
      "properties": {
        "id": "PV:400",
        "service": "PV",
        "setor": "ST-027",
        "name": "ST-027",
        "centroid": [
          -23.47093,
          -46.64853
        ],
        "fillColor": "#ffd700",
        "geometry": "point",
        "serviceDisplay": "Pontos Viciados",
        "subprefeitura": "Santana/Tucuruvi",
        "logradouro": "Rua Alto de Montalegre, 273",
        "service_type": "Pontos Viciados",
        "service_icon": "warning",
        "volumetria": "Entre 1m³ e 5m³",
        "address": "Rua Alto de Montalegre, 273"
      },
      "geometry": {
        "type": "Point",
        "coordinates": [
          -46.64853,
          -23.47093
        ]
      },
      "id": "PV:400"
    },
    {
      "type": "Feature",
      "properties": {
        "id": "PV:401",
        "service": "PV",
        "setor": "ST-028",
        "name": "ST-028",
        "centroid": [
          -23.50967,
          -46.62207
        ],
        "fillColor": "#ffd700",
        "geometry": "point",
        "serviceDisplay": "Pontos Viciados",
        "subprefeitura": "Santana/Tucuruvi",
        "logradouro": "Rua Antonio dos Santos Neto, 152",
        "service_type": "Pontos Viciados",
        "service_icon": "warning",
        "volumetria": "Entre 1m³ e 5m³",
        "address": "Rua Antonio dos Santos Neto, 152"
      },
      "geometry": {
        "type": "Point",
        "coordinates": [
          -46.62207,
          -23.50967
        ]
      },
      "id": "PV:401"
    },
    {
      "type": "Feature",
      "properties": {
        "id": "PV:402",
        "service": "PV",
        "setor": "ST-029",
        "name": "ST-029",
        "centroid": [
          -23.50964,
          -46.62271
        ],
        "fillColor": "#ffd700",
        "geometry": "point",
        "serviceDisplay": "Pontos Viciados",
        "subprefeitura": "Santana/Tucuruvi",
        "logradouro": "Rua Antonio dos Santos Neto, 124",
        "service_type": "Pontos Viciados",
        "service_icon": "warning",
        "volumetria": "Entre 1m³ e 5m³",
        "address": "Rua Antonio dos Santos Neto, 124"
      },
      "geometry": {
        "type": "Point",
        "coordinates": [
          -46.62271,
          -23.50964
        ]
      },
      "id": "PV:402"
    },
    {
      "type": "Feature",
      "properties": {
        "id": "PV:403",
        "service": "PV",
        "setor": "ST-030",
        "name": "ST-030",
        "centroid": [
          -23.50962,
          -46.62344
        ],
        "fillColor": "#ffd700",
        "geometry": "point",
        "serviceDisplay": "Pontos Viciados",
        "subprefeitura": "Santana/Tucuruvi",
        "logradouro": "Rua Antônio dos Santos Neto, 47",
        "service_type": "Pontos Viciados",
        "service_icon": "warning",
        "volumetria": "Entre 1m³ e 5m³",
        "address": "Rua Antônio dos Santos Neto, 47"
      },
      "geometry": {
        "type": "Point",
        "coordinates": [
          -46.62344,
          -23.50962
        ]
      },
      "id": "PV:403"
    },
    {
      "type": "Feature",
      "properties": {
        "id": "PV:404",
        "service": "PV",
        "setor": "ST-031",
        "name": "ST-031",
        "centroid": [
          -23.467,
          -46.59572
        ],
        "fillColor": "#ffd700",
        "geometry": "point",
        "serviceDisplay": "Pontos Viciados",
        "subprefeitura": "Santana/Tucuruvi",
        "logradouro": "Rua Arantina, 22",
        "service_type": "Pontos Viciados",
        "service_icon": "warning",
        "volumetria": "Entre 1m³ e 5m³",
        "address": "Rua Arantina, 22"
      },
      "geometry": {
        "type": "Point",
        "coordinates": [
          -46.59572,
          -23.467
        ]
      },
      "id": "PV:404"
    },
    {
      "type": "Feature",
      "properties": {
        "id": "PV:405",
        "service": "PV",
        "setor": "ST-032",
        "name": "ST-032",
        "centroid": [
          -23.49745,
          -46.62318
        ],
        "fillColor": "#ffd700",
        "geometry": "point",
        "serviceDisplay": "Pontos Viciados",
        "subprefeitura": "Santana/Tucuruvi",
        "logradouro": "Rua Benvinda Aparecida de Abreu Leme, 193",
        "service_type": "Pontos Viciados",
        "service_icon": "warning",
        "volumetria": "Entre 1m³ e 5m³",
        "address": "Rua Benvinda Aparecida de Abreu Leme, 193",
        "date": "45934",
        "status": "Revitalizado"
      },
      "geometry": {
        "type": "Point",
        "coordinates": [
          -46.62318,
          -23.49745
        ]
      },
      "id": "PV:405"
    },
    {
      "type": "Feature",
      "properties": {
        "id": "PV:406",
        "service": "PV",
        "setor": "ST-033",
        "name": "ST-033",
        "centroid": [
          -23.48446,
          -46.60242
        ],
        "fillColor": "#ffd700",
        "geometry": "point",
        "serviceDisplay": "Pontos Viciados",
        "subprefeitura": "Santana/Tucuruvi",
        "logradouro": "Rua Borges Ladário, 206",
        "service_type": "Pontos Viciados",
        "service_icon": "warning",
        "volumetria": "Entre 1m³ e 5m³",
        "address": "Rua Borges Ladário, 206"
      },
      "geometry": {
        "type": "Point",
        "coordinates": [
          -46.60242,
          -23.48446
        ]
      },
      "id": "PV:406"
    },
    {
      "type": "Feature",
      "properties": {
        "id": "PV:407",
        "service": "PV",
        "setor": "ST-034",
        "name": "ST-034",
        "centroid": [
          -23.48275,
          -46.6011
        ],
        "fillColor": "#ffd700",
        "geometry": "point",
        "serviceDisplay": "Pontos Viciados",
        "subprefeitura": "Santana/Tucuruvi",
        "logradouro": "Rua Borges Ladário, 438",
        "service_type": "Pontos Viciados",
        "service_icon": "warning",
        "volumetria": "Entre 1m³ e 5m³",
        "address": "Rua Borges Ladário, 438"
      },
      "geometry": {
        "type": "Point",
        "coordinates": [
          -46.6011,
          -23.48275
        ]
      },
      "id": "PV:407"
    },
    {
      "type": "Feature",
      "properties": {
        "id": "PV:408",
        "service": "PV",
        "setor": "ST-035",
        "name": "ST-035",
        "centroid": [
          -23.48259,
          -46.60099
        ],
        "fillColor": "#ffd700",
        "geometry": "point",
        "serviceDisplay": "Pontos Viciados",
        "subprefeitura": "Santana/Tucuruvi",
        "logradouro": "Rua Borges X Rua Borges Ladário",
        "service_type": "Pontos Viciados",
        "service_icon": "warning",
        "volumetria": "Entre 1m³ e 5m³",
        "address": "Rua Borges X Rua Borges Ladário"
      },
      "geometry": {
        "type": "Point",
        "coordinates": [
          -46.60099,
          -23.48259
        ]
      },
      "id": "PV:408"
    },
    {
      "type": "Feature",
      "properties": {
        "id": "PV:409",
        "service": "PV",
        "setor": "ST-036",
        "name": "ST-036",
        "centroid": [
          -23.4793,
          -46.59165
        ],
        "fillColor": "#ffd700",
        "geometry": "point",
        "serviceDisplay": "Pontos Viciados",
        "subprefeitura": "Santana/Tucuruvi",
        "logradouro": "Rua Capricho, 801",
        "service_type": "Pontos Viciados",
        "service_icon": "warning",
        "volumetria": "Entre 1m³ e 5m³",
        "address": "Rua Capricho, 801"
      },
      "geometry": {
        "type": "Point",
        "coordinates": [
          -46.59165,
          -23.4793
        ]
      },
      "id": "PV:409"
    },
    {
      "type": "Feature",
      "properties": {
        "id": "PV:410",
        "service": "PV",
        "setor": "ST-037",
        "name": "ST-037",
        "centroid": [
          -23.48386,
          -46.65089
        ],
        "fillColor": "#ffd700",
        "geometry": "point",
        "serviceDisplay": "Pontos Viciados",
        "subprefeitura": "Santana/Tucuruvi",
        "logradouro": "Rua Carlos Fonseca da Silva, 1",
        "service_type": "Pontos Viciados",
        "service_icon": "warning",
        "volumetria": "Entre 1m³ e 5m³",
        "address": "Rua Carlos Fonseca da Silva, 1"
      },
      "geometry": {
        "type": "Point",
        "coordinates": [
          -46.65089,
          -23.48386
        ]
      },
      "id": "PV:410"
    },
    {
      "type": "Feature",
      "properties": {
        "id": "PV:411",
        "service": "PV",
        "setor": "ST-038",
        "name": "ST-038",
        "centroid": [
          -23.47453,
          -46.6375
        ],
        "fillColor": "#ffd700",
        "geometry": "point",
        "serviceDisplay": "Pontos Viciados",
        "subprefeitura": "Santana/Tucuruvi",
        "logradouro": "Rua Celia Caruso, 10",
        "service_type": "Pontos Viciados",
        "service_icon": "warning",
        "volumetria": "Não se aplica (inativo).",
        "address": "Rua Celia Caruso, 10",
        "date": "Inativo",
        "status": "Inativo"
      },
      "geometry": {
        "type": "Point",
        "coordinates": [
          -46.6375,
          -23.47453
        ]
      },
      "id": "PV:411"
    },
    {
      "type": "Feature",
      "properties": {
        "id": "PV:412",
        "service": "PV",
        "setor": "ST-039",
        "name": "ST-039",
        "centroid": [
          -23.47277,
          -46.62436
        ],
        "fillColor": "#ffd700",
        "geometry": "point",
        "serviceDisplay": "Pontos Viciados",
        "subprefeitura": "Santana/Tucuruvi",
        "logradouro": "Rua Charles Cameron, 96",
        "service_type": "Pontos Viciados",
        "service_icon": "warning",
        "volumetria": "Mais de 5m³",
        "address": "Rua Charles Cameron, 96"
      },
      "geometry": {
        "type": "Point",
        "coordinates": [
          -46.62436,
          -23.47277
        ]
      },
      "id": "PV:412"
    },
    {
      "type": "Feature",
      "properties": {
        "id": "PV:413",
        "service": "PV",
        "setor": "ST-040",
        "name": "ST-040",
        "centroid": [
          -23.48213,
          -46.64934
        ],
        "fillColor": "#ffd700",
        "geometry": "point",
        "serviceDisplay": "Pontos Viciados",
        "subprefeitura": "Santana/Tucuruvi",
        "logradouro": "Rua Deputado Cássio Siampolini, 210",
        "service_type": "Pontos Viciados",
        "service_icon": "warning",
        "volumetria": "Não se aplica (inativo).",
        "address": "Rua Deputado Cássio Siampolini, 210",
        "date": "Inativo",
        "status": "Inativo"
      },
      "geometry": {
        "type": "Point",
        "coordinates": [
          -46.64934,
          -23.48213
        ]
      },
      "id": "PV:413"
    },
    {
      "type": "Feature",
      "properties": {
        "id": "PV:414",
        "service": "PV",
        "setor": "ST-041",
        "name": "ST-041",
        "centroid": [
          -23.47201,
          -46.63563
        ],
        "fillColor": "#ffd700",
        "geometry": "point",
        "serviceDisplay": "Pontos Viciados",
        "subprefeitura": "Santana/Tucuruvi",
        "logradouro": "Rua Deputado Gouvea Franco, 204",
        "service_type": "Pontos Viciados",
        "service_icon": "warning",
        "volumetria": "Entre 1m³ e 5m³",
        "address": "Rua Deputado Gouvea Franco, 204"
      },
      "geometry": {
        "type": "Point",
        "coordinates": [
          -46.63563,
          -23.47201
        ]
      },
      "id": "PV:414"
    },
    {
      "type": "Feature",
      "properties": {
        "id": "PV:415",
        "service": "PV",
        "setor": "ST-042",
        "name": "ST-042",
        "centroid": [
          -23.48685,
          -46.63391
        ],
        "fillColor": "#ffd700",
        "geometry": "point",
        "serviceDisplay": "Pontos Viciados",
        "subprefeitura": "Santana/Tucuruvi",
        "logradouro": "Rua Domingos da Costa Mata, 394",
        "service_type": "Pontos Viciados",
        "service_icon": "warning",
        "volumetria": "Entre 1m³ e 5m³",
        "address": "Rua Domingos da Costa Mata, 394"
      },
      "geometry": {
        "type": "Point",
        "coordinates": [
          -46.63391,
          -23.48685
        ]
      },
      "id": "PV:415"
    },
    {
      "type": "Feature",
      "properties": {
        "id": "PV:416",
        "service": "PV",
        "setor": "ST-043",
        "name": "ST-043",
        "centroid": [
          -23.46563,
          -46.59861
        ],
        "fillColor": "#ffd700",
        "geometry": "point",
        "serviceDisplay": "Pontos Viciados",
        "subprefeitura": "Santana/Tucuruvi",
        "logradouro": "Rua dos Coqueiros X Rua Manuel Querino",
        "service_type": "Pontos Viciados",
        "service_icon": "warning",
        "volumetria": "Não se aplica (inativo).",
        "address": "Rua dos Coqueiros X Rua Manuel Querino",
        "date": "Inativo",
        "status": "Inativo"
      },
      "geometry": {
        "type": "Point",
        "coordinates": [
          -46.59861,
          -23.46563
        ]
      },
      "id": "PV:416"
    },
    {
      "type": "Feature",
      "properties": {
        "id": "PV:417",
        "service": "PV",
        "setor": "ST-044",
        "name": "ST-044",
        "centroid": [
          -23.48072,
          -46.58795
        ],
        "fillColor": "#ffd700",
        "geometry": "point",
        "serviceDisplay": "Pontos Viciados",
        "subprefeitura": "Santana/Tucuruvi",
        "logradouro": "Avenida Doutor Abílio Sampaio X Rua Salinas",
        "service_type": "Pontos Viciados",
        "service_icon": "warning",
        "volumetria": "Entre 1m³ e 5m³",
        "address": "Avenida Doutor Abílio Sampaio X Rua Salinas"
      },
      "geometry": {
        "type": "Point",
        "coordinates": [
          -46.58795,
          -23.48072
        ]
      },
      "id": "PV:417"
    },
    {
      "type": "Feature",
      "properties": {
        "id": "PV:418",
        "service": "PV",
        "setor": "ST-045",
        "name": "ST-045",
        "centroid": [
          -23.47292,
          -46.59784
        ],
        "fillColor": "#ffd700",
        "geometry": "point",
        "serviceDisplay": "Pontos Viciados",
        "subprefeitura": "Santana/Tucuruvi",
        "logradouro": "Rua Doutor Moacyr Vaz de Andrade, 559",
        "service_type": "Pontos Viciados",
        "service_icon": "warning",
        "volumetria": "Entre 1m³ e 5m³",
        "address": "Rua Doutor Moacyr Vaz de Andrade, 559"
      },
      "geometry": {
        "type": "Point",
        "coordinates": [
          -46.59784,
          -23.47292
        ]
      },
      "id": "PV:418"
    },
    {
      "type": "Feature",
      "properties": {
        "id": "PV:419",
        "service": "PV",
        "setor": "ST-046",
        "name": "ST-046",
        "centroid": [
          -23.49112,
          -46.60019
        ],
        "fillColor": "#ffd700",
        "geometry": "point",
        "serviceDisplay": "Pontos Viciados",
        "subprefeitura": "Santana/Tucuruvi",
        "logradouro": "Rua Francisco Lipi, 1025",
        "service_type": "Pontos Viciados",
        "service_icon": "warning",
        "volumetria": "Entre 1m³ e 5m³",
        "address": "Rua Francisco Lipi, 1025"
      },
      "geometry": {
        "type": "Point",
        "coordinates": [
          -46.60019,
          -23.49112
        ]
      },
      "id": "PV:419"
    },
    {
      "type": "Feature",
      "properties": {
        "id": "PV:420",
        "service": "PV",
        "setor": "ST-047",
        "name": "ST-047",
        "centroid": [
          -23.47991,
          -46.62735
        ],
        "fillColor": "#ffd700",
        "geometry": "point",
        "serviceDisplay": "Pontos Viciados",
        "subprefeitura": "Santana/Tucuruvi",
        "logradouro": "Rua Francisco Pecoraro, 146",
        "service_type": "Pontos Viciados",
        "service_icon": "warning",
        "volumetria": "Entre 1m³ e 5m³",
        "address": "Rua Francisco Pecoraro, 146"
      },
      "geometry": {
        "type": "Point",
        "coordinates": [
          -46.62735,
          -23.47991
        ]
      },
      "id": "PV:420"
    },
    {
      "type": "Feature",
      "properties": {
        "id": "PV:421",
        "service": "PV",
        "setor": "ST-048",
        "name": "ST-048",
        "centroid": [
          -23.47101,
          -46.63323
        ],
        "fillColor": "#ffd700",
        "geometry": "point",
        "serviceDisplay": "Pontos Viciados",
        "subprefeitura": "Santana/Tucuruvi",
        "logradouro": "Rua General José de Almeida Botelho, 359",
        "service_type": "Pontos Viciados",
        "service_icon": "warning",
        "volumetria": "Entre 1m³ e 5m³",
        "address": "Rua General José de Almeida Botelho, 359"
      },
      "geometry": {
        "type": "Point",
        "coordinates": [
          -46.63323,
          -23.47101
        ]
      },
      "id": "PV:421"
    },
    {
      "type": "Feature",
      "properties": {
        "id": "PV:422",
        "service": "PV",
        "setor": "ST-049",
        "name": "ST-049",
        "centroid": [
          -23.46748,
          -46.59726
        ],
        "fillColor": "#ffd700",
        "geometry": "point",
        "serviceDisplay": "Pontos Viciados",
        "subprefeitura": "Santana/Tucuruvi",
        "logradouro": "Avenida Mazzei X Rua Ibimirim",
        "service_type": "Pontos Viciados",
        "service_icon": "warning",
        "volumetria": "Não se aplica (inativo).",
        "address": "Avenida Mazzei X Rua Ibimirim",
        "date": "Inativo",
        "status": "Inativo"
      },
      "geometry": {
        "type": "Point",
        "coordinates": [
          -46.59726,
          -23.46748
        ]
      },
      "id": "PV:422"
    },
    {
      "type": "Feature",
      "properties": {
        "id": "PV:423",
        "service": "PV",
        "setor": "ST-050",
        "name": "ST-050",
        "centroid": [
          -23.46742,
          -46.59515
        ],
        "fillColor": "#ffd700",
        "geometry": "point",
        "serviceDisplay": "Pontos Viciados",
        "subprefeitura": "Santana/Tucuruvi",
        "logradouro": "Rua Ibimirim, 45",
        "service_type": "Pontos Viciados",
        "service_icon": "warning",
        "volumetria": "Entre 1m³ e 5m³",
        "address": "Rua Ibimirim, 45"
      },
      "geometry": {
        "type": "Point",
        "coordinates": [
          -46.59515,
          -23.46742
        ]
      },
      "id": "PV:423"
    },
    {
      "type": "Feature",
      "properties": {
        "id": "PV:424",
        "service": "PV",
        "setor": "ST-051",
        "name": "ST-051",
        "centroid": [
          -23.47818,
          -46.62485
        ],
        "fillColor": "#ffd700",
        "geometry": "point",
        "serviceDisplay": "Pontos Viciados",
        "subprefeitura": "Santana/Tucuruvi",
        "logradouro": "Rua João de Laet, 1426",
        "service_type": "Pontos Viciados",
        "service_icon": "warning",
        "volumetria": "Entre 1m³ e 5m³",
        "address": "Rua João de Laet, 1426",
        "date": "45997",
        "status": "Revitalizado"
      },
      "geometry": {
        "type": "Point",
        "coordinates": [
          -46.62485,
          -23.47818
        ]
      },
      "id": "PV:424"
    },
    {
      "type": "Feature",
      "properties": {
        "id": "PV:425",
        "service": "PV",
        "setor": "ST-052",
        "name": "ST-052",
        "centroid": [
          -23.4768,
          -46.62542
        ],
        "fillColor": "#ffd700",
        "geometry": "point",
        "serviceDisplay": "Pontos Viciados",
        "subprefeitura": "Santana/Tucuruvi",
        "logradouro": "Rua João de Laet, 254",
        "service_type": "Pontos Viciados",
        "service_icon": "warning",
        "volumetria": "Entre 1m³ e 5m³",
        "address": "Rua João de Laet, 254",
        "date": "46039",
        "status": "Revitalizado"
      },
      "geometry": {
        "type": "Point",
        "coordinates": [
          -46.62542,
          -23.4768
        ]
      },
      "id": "PV:425"
    },
    {
      "type": "Feature",
      "properties": {
        "id": "PV:426",
        "service": "PV",
        "setor": "ST-053",
        "name": "ST-053",
        "centroid": [
          -23.4965,
          -46.6235
        ],
        "fillColor": "#ffd700",
        "geometry": "point",
        "serviceDisplay": "Pontos Viciados",
        "subprefeitura": "Santana/Tucuruvi",
        "logradouro": "Rua José Debieux, 35",
        "service_type": "Pontos Viciados",
        "service_icon": "warning",
        "volumetria": "Entre 1m³ e 5m³",
        "address": "Rua José Debieux, 35",
        "date": "45941",
        "status": "Revitalizado"
      },
      "geometry": {
        "type": "Point",
        "coordinates": [
          -46.6235,
          -23.4965
        ]
      },
      "id": "PV:426"
    },
    {
      "type": "Feature",
      "properties": {
        "id": "PV:427",
        "service": "PV",
        "setor": "ST-054",
        "name": "ST-054",
        "centroid": [
          -23.48577,
          -46.65206
        ],
        "fillColor": "#ffd700",
        "geometry": "point",
        "serviceDisplay": "Pontos Viciados",
        "subprefeitura": "Santana/Tucuruvi",
        "logradouro": "Rua Julio Sanuto, 63",
        "service_type": "Pontos Viciados",
        "service_icon": "warning",
        "volumetria": "Entre 1m³ e 5m³",
        "address": "Rua Julio Sanuto, 63",
        "date": "46109"
      },
      "geometry": {
        "type": "Point",
        "coordinates": [
          -46.65206,
          -23.48577
        ]
      },
      "id": "PV:427"
    },
    {
      "type": "Feature",
      "properties": {
        "id": "PV:428",
        "service": "PV",
        "setor": "ST-055",
        "name": "ST-055",
        "centroid": [
          -23.48107,
          -46.64753
        ],
        "fillColor": "#ffd700",
        "geometry": "point",
        "serviceDisplay": "Pontos Viciados",
        "subprefeitura": "Santana/Tucuruvi",
        "logradouro": "Rua Lacerda Marques, 7",
        "service_type": "Pontos Viciados",
        "service_icon": "warning",
        "volumetria": "Entre 1m³ e 5m³",
        "address": "Rua Lacerda Marques, 7",
        "date": "46081",
        "status": "Revitalizado"
      },
      "geometry": {
        "type": "Point",
        "coordinates": [
          -46.64753,
          -23.48107
        ]
      },
      "id": "PV:428"
    },
    {
      "type": "Feature",
      "properties": {
        "id": "PV:429",
        "service": "PV",
        "setor": "ST-056",
        "name": "ST-056",
        "centroid": [
          -23.45457,
          -46.65107
        ],
        "fillColor": "#ffd700",
        "geometry": "point",
        "serviceDisplay": "Pontos Viciados",
        "subprefeitura": "Santana/Tucuruvi",
        "logradouro": "Avenida Santa Inês X Rua Maetinga",
        "service_type": "Pontos Viciados",
        "service_icon": "warning",
        "volumetria": "Entre 1m³ e 5m³",
        "address": "Avenida Santa Inês X Rua Maetinga"
      },
      "geometry": {
        "type": "Point",
        "coordinates": [
          -46.65107,
          -23.45457
        ]
      },
      "id": "PV:429"
    },
    {
      "type": "Feature",
      "properties": {
        "id": "PV:430",
        "service": "PV",
        "setor": "ST-057",
        "name": "ST-057",
        "centroid": [
          -23.47483,
          -46.62114
        ],
        "fillColor": "#ffd700",
        "geometry": "point",
        "serviceDisplay": "Pontos Viciados",
        "subprefeitura": "Santana/Tucuruvi",
        "logradouro": "Rua Manuel Alexandre, 188",
        "service_type": "Pontos Viciados",
        "service_icon": "warning",
        "volumetria": "Entre 1m³ e 5m³",
        "address": "Rua Manuel Alexandre, 188",
        "date": "45969",
        "status": "Revitalizado"
      },
      "geometry": {
        "type": "Point",
        "coordinates": [
          -46.62114,
          -23.47483
        ]
      },
      "id": "PV:430"
    },
    {
      "type": "Feature",
      "properties": {
        "id": "PV:431",
        "service": "PV",
        "setor": "ST-058",
        "name": "ST-058",
        "centroid": [
          -23.48612,
          -46.6262
        ],
        "fillColor": "#ffd700",
        "geometry": "point",
        "serviceDisplay": "Pontos Viciados",
        "subprefeitura": "Santana/Tucuruvi",
        "logradouro": "Rua Mateus Leme, 500",
        "service_type": "Pontos Viciados",
        "service_icon": "warning",
        "volumetria": "Entre 1m³ e 5m³",
        "address": "Rua Mateus Leme, 500",
        "date": "46102"
      },
      "geometry": {
        "type": "Point",
        "coordinates": [
          -46.6262,
          -23.48612
        ]
      },
      "id": "PV:431"
    },
    {
      "type": "Feature",
      "properties": {
        "id": "PV:432",
        "service": "PV",
        "setor": "ST-059",
        "name": "ST-059",
        "centroid": [
          -23.5012,
          -46.61709
        ],
        "fillColor": "#ffd700",
        "geometry": "point",
        "serviceDisplay": "Pontos Viciados",
        "subprefeitura": "Santana/Tucuruvi",
        "logradouro": "Rua Duarte de Azevedo X Rua Mimoso do Sul",
        "service_type": "Pontos Viciados",
        "service_icon": "warning",
        "volumetria": "Entre 1m³ e 5m³",
        "address": "Rua Duarte de Azevedo X Rua Mimoso do Sul"
      },
      "geometry": {
        "type": "Point",
        "coordinates": [
          -46.61709,
          -23.5012
        ]
      },
      "id": "PV:432"
    },
    {
      "type": "Feature",
      "properties": {
        "id": "PV:433",
        "service": "PV",
        "setor": "ST-060",
        "name": "ST-060",
        "centroid": [
          -23.46912,
          -46.59218
        ],
        "fillColor": "#ffd700",
        "geometry": "point",
        "serviceDisplay": "Pontos Viciados",
        "subprefeitura": "Santana/Tucuruvi",
        "logradouro": "Rua Murilo Furtado, 836",
        "service_type": "Pontos Viciados",
        "service_icon": "warning",
        "volumetria": "Entre 1m³ e 5m³",
        "address": "Rua Murilo Furtado, 836"
      },
      "geometry": {
        "type": "Point",
        "coordinates": [
          -46.59218,
          -23.46912
        ]
      },
      "id": "PV:433"
    },
    {
      "type": "Feature",
      "properties": {
        "id": "PV:434",
        "service": "PV",
        "setor": "ST-061",
        "name": "ST-061",
        "centroid": [
          -23.51338,
          -46.62743
        ],
        "fillColor": "#ffd700",
        "geometry": "point",
        "serviceDisplay": "Pontos Viciados",
        "subprefeitura": "Santana/Tucuruvi",
        "logradouro": "Rua Paineira do Campo, 71",
        "service_type": "Pontos Viciados",
        "service_icon": "warning",
        "volumetria": "Entre 1m³ e 5m³",
        "address": "Rua Paineira do Campo, 71"
      },
      "geometry": {
        "type": "Point",
        "coordinates": [
          -46.62743,
          -23.51338
        ]
      },
      "id": "PV:434"
    },
    {
      "type": "Feature",
      "properties": {
        "id": "PV:435",
        "service": "PV",
        "setor": "ST-062",
        "name": "ST-062",
        "centroid": [
          -23.47385,
          -46.6387
        ],
        "fillColor": "#ffd700",
        "geometry": "point",
        "serviceDisplay": "Pontos Viciados",
        "subprefeitura": "Santana/Tucuruvi",
        "logradouro": "Rua Paula Balli",
        "service_type": "Pontos Viciados",
        "service_icon": "warning",
        "volumetria": "Entre 1m³ e 5m³",
        "address": "Rua Paula Balli",
        "date": "46004",
        "status": "Revitalizado"
      },
      "geometry": {
        "type": "Point",
        "coordinates": [
          -46.6387,
          -23.47385
        ]
      },
      "id": "PV:435"
    },
    {
      "type": "Feature",
      "properties": {
        "id": "PV:436",
        "service": "PV",
        "setor": "ST-063",
        "name": "ST-063",
        "centroid": [
          -23.47357,
          -46.63814
        ],
        "fillColor": "#ffd700",
        "geometry": "point",
        "serviceDisplay": "Pontos Viciados",
        "subprefeitura": "Santana/Tucuruvi",
        "logradouro": "Rua Paula Balli X Rua Teodoro Alba",
        "service_type": "Pontos Viciados",
        "service_icon": "warning",
        "volumetria": "Entre 1m³ e 5m³",
        "address": "Rua Paula Balli X Rua Teodoro Alba",
        "date": "46032",
        "status": "Revitalizado"
      },
      "geometry": {
        "type": "Point",
        "coordinates": [
          -46.63814,
          -23.47357
        ]
      },
      "id": "PV:436"
    },
    {
      "type": "Feature",
      "properties": {
        "id": "PV:437",
        "service": "PV",
        "setor": "ST-064",
        "name": "ST-064",
        "centroid": [
          -23.47364,
          -46.5977
        ],
        "fillColor": "#ffd700",
        "geometry": "point",
        "serviceDisplay": "Pontos Viciados",
        "subprefeitura": "Santana/Tucuruvi",
        "logradouro": "Rua Pero Vidal, 189",
        "service_type": "Pontos Viciados",
        "service_icon": "warning",
        "volumetria": "Entre 1m³ e 5m³",
        "address": "Rua Pero Vidal, 189"
      },
      "geometry": {
        "type": "Point",
        "coordinates": [
          -46.5977,
          -23.47364
        ]
      },
      "id": "PV:437"
    },
    {
      "type": "Feature",
      "properties": {
        "id": "PV:438",
        "service": "PV",
        "setor": "ST-065",
        "name": "ST-065",
        "centroid": [
          -23.48116,
          -46.65078
        ],
        "fillColor": "#ffd700",
        "geometry": "point",
        "serviceDisplay": "Pontos Viciados",
        "subprefeitura": "Santana/Tucuruvi",
        "logradouro": "Rua Porto Amarante, 82",
        "service_type": "Pontos Viciados",
        "service_icon": "warning",
        "volumetria": "Entre 1m³ e 5m³",
        "address": "Rua Porto Amarante, 82",
        "date": "46095"
      },
      "geometry": {
        "type": "Point",
        "coordinates": [
          -46.65078,
          -23.48116
        ]
      },
      "id": "PV:438"
    },
    {
      "type": "Feature",
      "properties": {
        "id": "PV:439",
        "service": "PV",
        "setor": "ST-066",
        "name": "ST-066",
        "centroid": [
          -23.47448,
          -46.64544
        ],
        "fillColor": "#ffd700",
        "geometry": "point",
        "serviceDisplay": "Pontos Viciados",
        "subprefeitura": "Santana/Tucuruvi",
        "logradouro": "Rua Professor Salomão Abdalla Sobrinho, 204",
        "service_type": "Pontos Viciados",
        "service_icon": "warning",
        "volumetria": "Entre 1m³ e 5m³",
        "address": "Rua Professor Salomão Abdalla Sobrinho, 204"
      },
      "geometry": {
        "type": "Point",
        "coordinates": [
          -46.64544,
          -23.47448
        ]
      },
      "id": "PV:439"
    },
    {
      "type": "Feature",
      "properties": {
        "id": "PV:440",
        "service": "PV",
        "setor": "ST-067",
        "name": "ST-067",
        "centroid": [
          -23.48218,
          -46.65316
        ],
        "fillColor": "#ffd700",
        "geometry": "point",
        "serviceDisplay": "Pontos Viciados",
        "subprefeitura": "Santana/Tucuruvi",
        "logradouro": "Rua Quirinópolis, 120",
        "service_type": "Pontos Viciados",
        "service_icon": "warning",
        "volumetria": "Entre 1m³ e 5m³",
        "address": "Rua Quirinópolis, 120",
        "date": "45983",
        "status": "Revitalizado"
      },
      "geometry": {
        "type": "Point",
        "coordinates": [
          -46.65316,
          -23.48218
        ]
      },
      "id": "PV:440"
    },
    {
      "type": "Feature",
      "properties": {
        "id": "PV:441",
        "service": "PV",
        "setor": "ST-068",
        "name": "ST-068",
        "centroid": [
          -23.48684,
          -46.64576
        ],
        "fillColor": "#ffd700",
        "geometry": "point",
        "serviceDisplay": "Pontos Viciados",
        "subprefeitura": "Santana/Tucuruvi",
        "logradouro": "Avenida Engenheiro Caetano Álvares X Rua Rodolfo Marin",
        "service_type": "Pontos Viciados",
        "service_icon": "warning",
        "volumetria": "Entre 1m³ e 5m³",
        "address": "Avenida Engenheiro Caetano Álvares X Rua Rodolfo Marin"
      },
      "geometry": {
        "type": "Point",
        "coordinates": [
          -46.64576,
          -23.48684
        ]
      },
      "id": "PV:441"
    },
    {
      "type": "Feature",
      "properties": {
        "id": "PV:442",
        "service": "PV",
        "setor": "ST-069",
        "name": "ST-069",
        "centroid": [
          -23.48377,
          -46.65129
        ],
        "fillColor": "#ffd700",
        "geometry": "point",
        "serviceDisplay": "Pontos Viciados",
        "subprefeitura": "Santana/Tucuruvi",
        "logradouro": "Rua Rodrigues Alvarenga X Rua Rozo Lagoa",
        "service_type": "Pontos Viciados",
        "service_icon": "warning",
        "volumetria": "Entre 1m³ e 5m³",
        "address": "Rua Rodrigues Alvarenga X Rua Rozo Lagoa"
      },
      "geometry": {
        "type": "Point",
        "coordinates": [
          -46.65129,
          -23.48377
        ]
      },
      "id": "PV:442"
    },
    {
      "type": "Feature",
      "properties": {
        "id": "PV:443",
        "service": "PV",
        "setor": "ST-070",
        "name": "ST-070",
        "centroid": [
          -23.50259,
          -46.62727
        ],
        "fillColor": "#ffd700",
        "geometry": "point",
        "serviceDisplay": "Pontos Viciados",
        "subprefeitura": "Santana/Tucuruvi",
        "logradouro": "Rua Doutor Cesar X Rua Salete",
        "service_type": "Pontos Viciados",
        "service_icon": "warning",
        "volumetria": "Entre 1m³ e 5m³",
        "address": "Rua Doutor Cesar X Rua Salete"
      },
      "geometry": {
        "type": "Point",
        "coordinates": [
          -46.62727,
          -23.50259
        ]
      },
      "id": "PV:443"
    },
    {
      "type": "Feature",
      "properties": {
        "id": "PV:444",
        "service": "PV",
        "setor": "ST-071",
        "name": "ST-071",
        "centroid": [
          -23.47464,
          -46.58484
        ],
        "fillColor": "#ffd700",
        "geometry": "point",
        "serviceDisplay": "Pontos Viciados",
        "subprefeitura": "Santana/Tucuruvi",
        "logradouro": "Rua das Vertentes X Rua Tanque Velho",
        "service_type": "Pontos Viciados",
        "service_icon": "warning",
        "volumetria": "Entre 1m³ e 5m³",
        "address": "Rua das Vertentes X Rua Tanque Velho"
      },
      "geometry": {
        "type": "Point",
        "coordinates": [
          -46.58484,
          -23.47464
        ]
      },
      "id": "PV:444"
    },
    {
      "type": "Feature",
      "properties": {
        "id": "PV:445",
        "service": "PV",
        "setor": "ST-072",
        "name": "ST-072",
        "centroid": [
          -23.47333,
          -46.63834
        ],
        "fillColor": "#ffd700",
        "geometry": "point",
        "serviceDisplay": "Pontos Viciados",
        "subprefeitura": "Santana/Tucuruvi",
        "logradouro": "Rua Teodoro Alba, 288",
        "service_type": "Pontos Viciados",
        "service_icon": "warning",
        "volumetria": "Mais de 5m³",
        "address": "Rua Teodoro Alba, 288",
        "date": "45955",
        "status": "Revitalizado"
      },
      "geometry": {
        "type": "Point",
        "coordinates": [
          -46.63834,
          -23.47333
        ]
      },
      "id": "PV:445"
    },
    {
      "type": "Feature",
      "properties": {
        "id": "PV:446",
        "service": "PV",
        "setor": "ST-073",
        "name": "ST-073",
        "centroid": [
          -23.5096,
          -46.62385
        ],
        "fillColor": "#ffd700",
        "geometry": "point",
        "serviceDisplay": "Pontos Viciados",
        "subprefeitura": "Santana/Tucuruvi",
        "logradouro": "Rua Antônio dos Santos Neto X Rua Urupiara",
        "service_type": "Pontos Viciados",
        "service_icon": "warning",
        "volumetria": "Mais de 5m³",
        "address": "Rua Antônio dos Santos Neto X Rua Urupiara"
      },
      "geometry": {
        "type": "Point",
        "coordinates": [
          -46.62385,
          -23.5096
        ]
      },
      "id": "PV:446"
    },
    {
      "type": "Feature",
      "properties": {
        "id": "PV:447",
        "service": "PV",
        "setor": "ST-074",
        "name": "ST-074",
        "centroid": [
          -23.48353,
          -46.65308
        ],
        "fillColor": "#ffd700",
        "geometry": "point",
        "serviceDisplay": "Pontos Viciados",
        "subprefeitura": "Santana/Tucuruvi",
        "logradouro": "Rua Virgilio Ravelli, 151",
        "service_type": "Pontos Viciados",
        "service_icon": "warning",
        "volumetria": "Entre 1m³ e 5m³",
        "address": "Rua Virgilio Ravelli, 151"
      },
      "geometry": {
        "type": "Point",
        "coordinates": [
          -46.65308,
          -23.48353
        ]
      },
      "id": "PV:447"
    },
    {
      "type": "Feature",
      "properties": {
        "id": "PV:448",
        "service": "PV",
        "setor": "ST-075",
        "name": "ST-075",
        "centroid": [
          -23.515,
          -46.62653
        ],
        "fillColor": "#ffd700",
        "geometry": "point",
        "serviceDisplay": "Pontos Viciados",
        "subprefeitura": "Santana/Tucuruvi",
        "logradouro": "Rua Voluntários da Pátria, 618",
        "service_type": "Pontos Viciados",
        "service_icon": "warning",
        "volumetria": "Entre 1m³ e 5m³",
        "address": "Rua Voluntários da Pátria, 618"
      },
      "geometry": {
        "type": "Point",
        "coordinates": [
          -46.62653,
          -23.515
        ]
      },
      "id": "PV:448"
    },
    {
      "type": "Feature",
      "properties": {
        "id": "PV:449",
        "service": "PV",
        "setor": "ST-076",
        "name": "ST-076",
        "centroid": [
          -23.51011,
          -46.62842
        ],
        "fillColor": "#ffd700",
        "geometry": "point",
        "serviceDisplay": "Pontos Viciados",
        "subprefeitura": "Santana/Tucuruvi",
        "logradouro": "Praça Nakhle Khouri Gharib",
        "service_type": "Pontos Viciados",
        "service_icon": "warning",
        "volumetria": "Entre 1m³ e 5m³",
        "address": "Praça Nakhle Khouri Gharib",
        "date": "45927",
        "status": "Revitalizado"
      },
      "geometry": {
        "type": "Point",
        "coordinates": [
          -46.62842,
          -23.51011
        ]
      },
      "id": "PV:449"
    },
    {
      "type": "Feature",
      "properties": {
        "id": "PV:450",
        "service": "PV",
        "setor": "ST-077",
        "name": "ST-077",
        "centroid": [
          -23.5113,
          -46.62524
        ],
        "fillColor": "#ffd700",
        "geometry": "point",
        "serviceDisplay": "Pontos Viciados",
        "subprefeitura": "Santana/Tucuruvi",
        "logradouro": "Avenida Cruzeiro do Sul x Rua Santa Eulália",
        "service_type": "Pontos Viciados",
        "service_icon": "warning",
        "volumetria": "Entre 1m³ e 5m³",
        "address": "Avenida Cruzeiro do Sul x Rua Santa Eulália",
        "date": "45962",
        "status": "Revitalizado"
      },
      "geometry": {
        "type": "Point",
        "coordinates": [
          -46.62524,
          -23.5113
        ]
      },
      "id": "PV:450"
    },
    {
      "type": "Feature",
      "properties": {
        "id": "PV:451",
        "service": "PV",
        "setor": "ST-078",
        "name": "ST-078",
        "centroid": [
          -23.49845,
          -46.63766
        ],
        "fillColor": "#ffd700",
        "geometry": "point",
        "serviceDisplay": "Pontos Viciados",
        "subprefeitura": "Santana/Tucuruvi",
        "logradouro": "Alameda Afonso Schmidt, 220",
        "service_type": "Pontos Viciados",
        "service_icon": "warning",
        "volumetria": "Não se aplica (inativo).",
        "address": "Alameda Afonso Schmidt, 220",
        "date": "Inativo",
        "status": "Inativo"
      },
      "geometry": {
        "type": "Point",
        "coordinates": [
          -46.63766,
          -23.49845
        ]
      },
      "id": "PV:451"
    },
    {
      "type": "Feature",
      "properties": {
        "id": "PV:452",
        "service": "PV",
        "setor": "ST-079",
        "name": "ST-079",
        "centroid": [
          -23.47819,
          -46.59109
        ],
        "fillColor": "#ffd700",
        "geometry": "point",
        "serviceDisplay": "Pontos Viciados",
        "subprefeitura": "Santana/Tucuruvi",
        "logradouro": "Rua das Vertentes, 159",
        "service_type": "Pontos Viciados",
        "service_icon": "warning",
        "volumetria": "Entre 1m³ e 5m³",
        "address": "Rua das Vertentes, 159"
      },
      "geometry": {
        "type": "Point",
        "coordinates": [
          -46.59109,
          -23.47819
        ]
      },
      "id": "PV:452"
    },
    {
      "type": "Feature",
      "properties": {
        "id": "PV:453",
        "service": "PV",
        "setor": "ST-080",
        "name": "ST-080",
        "centroid": [
          -23.48102,
          -46.6327
        ],
        "fillColor": "#ffd700",
        "geometry": "point",
        "serviceDisplay": "Pontos Viciados",
        "subprefeitura": "Santana/Tucuruvi",
        "logradouro": "Rua Ana Doll de Morais, 126",
        "service_type": "Pontos Viciados",
        "service_icon": "warning",
        "volumetria": "Entre 1m³ e 5m³",
        "address": "Rua Ana Doll de Morais, 126"
      },
      "geometry": {
        "type": "Point",
        "coordinates": [
          -46.6327,
          -23.48102
        ]
      },
      "id": "PV:453"
    },
    {
      "type": "Feature",
      "properties": {
        "id": "PV:454",
        "service": "PV",
        "setor": "ST-081",
        "name": "ST-081",
        "centroid": [
          -23.46931,
          -46.63162
        ],
        "fillColor": "#ffd700",
        "geometry": "point",
        "serviceDisplay": "Pontos Viciados",
        "subprefeitura": "Santana/Tucuruvi",
        "logradouro": "Rua Ana de Barros, 116",
        "service_type": "Pontos Viciados",
        "service_icon": "warning",
        "volumetria": "Entre 1m³ e 5m³",
        "address": "Rua Ana de Barros, 116"
      },
      "geometry": {
        "type": "Point",
        "coordinates": [
          -46.63162,
          -23.46931
        ]
      },
      "id": "PV:454"
    },
    {
      "type": "Feature",
      "properties": {
        "id": "PV:455",
        "service": "PV",
        "setor": "ST-082",
        "name": "ST-082",
        "centroid": [
          -23.48579,
          -46.6056
        ],
        "fillColor": "#ffd700",
        "geometry": "point",
        "serviceDisplay": "Pontos Viciados",
        "subprefeitura": "Santana/Tucuruvi",
        "logradouro": "Rua Júlio Rodrigues Mendes x Rua Tamboril",
        "service_type": "Pontos Viciados",
        "service_icon": "warning",
        "volumetria": "Entre 1m³ e 5m³",
        "address": "Rua Júlio Rodrigues Mendes x Rua Tamboril"
      },
      "geometry": {
        "type": "Point",
        "coordinates": [
          -46.6056,
          -23.48579
        ]
      },
      "id": "PV:455"
    },
    {
      "type": "Feature",
      "properties": {
        "id": "PV:456",
        "service": "PV",
        "setor": "ST-083",
        "name": "ST-083",
        "centroid": [
          -23.47558,
          -46.59549
        ],
        "fillColor": "#ffd700",
        "geometry": "point",
        "serviceDisplay": "Pontos Viciados",
        "subprefeitura": "Santana/Tucuruvi",
        "logradouro": "Avenida Maestro Vila-Lobos, 874",
        "service_type": "Pontos Viciados",
        "service_icon": "warning",
        "volumetria": "Entre 1m³ e 5m³",
        "address": "Avenida Maestro Vila-Lobos, 874",
        "date": "46018",
        "status": "Revitalizado"
      },
      "geometry": {
        "type": "Point",
        "coordinates": [
          -46.59549,
          -23.47558
        ]
      },
      "id": "PV:456"
    },
    {
      "type": "Feature",
      "properties": {
        "id": "PV:457",
        "service": "PV",
        "setor": "ST-084",
        "name": "ST-084",
        "centroid": [
          -23.47903,
          -46.62579
        ],
        "fillColor": "#ffd700",
        "geometry": "point",
        "serviceDisplay": "Pontos Viciados",
        "subprefeitura": "Santana/Tucuruvi",
        "logradouro": "Avenida Meireles Reis, 285",
        "service_type": "Pontos Viciados",
        "service_icon": "warning",
        "volumetria": "Entre 1m³ e 5m³",
        "address": "Avenida Meireles Reis, 285"
      },
      "geometry": {
        "type": "Point",
        "coordinates": [
          -46.62579,
          -23.47903
        ]
      },
      "id": "PV:457"
    },
    {
      "type": "Feature",
      "properties": {
        "id": "PV:458",
        "service": "PV",
        "setor": "ST-085",
        "name": "ST-085",
        "centroid": [
          -23.51706,
          -46.62545
        ],
        "fillColor": "#ffd700",
        "geometry": "point",
        "serviceDisplay": "Pontos Viciados",
        "subprefeitura": "Santana/Tucuruvi",
        "logradouro": "Avenida Cruzeiro do Sul, 1012",
        "service_type": "Pontos Viciados",
        "service_icon": "warning",
        "volumetria": "Mais de 5m³",
        "address": "Avenida Cruzeiro do Sul, 1012",
        "date": "45948",
        "status": "Revitalizado"
      },
      "geometry": {
        "type": "Point",
        "coordinates": [
          -46.62545,
          -23.51706
        ]
      },
      "id": "PV:458"
    },
    {
      "type": "Feature",
      "properties": {
        "id": "PV:459",
        "service": "PV",
        "setor": "ST-086",
        "name": "ST-086",
        "centroid": [
          -23.48602,
          -46.64526
        ],
        "fillColor": "#ffd700",
        "geometry": "point",
        "serviceDisplay": "Pontos Viciados",
        "subprefeitura": "Santana/Tucuruvi",
        "logradouro": "Travessa Gavião",
        "service_type": "Pontos Viciados",
        "service_icon": "warning",
        "volumetria": "Entre 1m³ e 5m³",
        "address": "Travessa Gavião",
        "date": "45990",
        "status": "Revitalizado"
      },
      "geometry": {
        "type": "Point",
        "coordinates": [
          -46.64526,
          -23.48602
        ]
      },
      "id": "PV:459"
    },
    {
      "type": "Feature",
      "properties": {
        "id": "PV:460",
        "service": "PV",
        "setor": "ST-087",
        "name": "ST-087",
        "centroid": [
          -23.50401,
          -46.62727
        ],
        "fillColor": "#ffd700",
        "geometry": "point",
        "serviceDisplay": "Pontos Viciados",
        "subprefeitura": "Santana/Tucuruvi",
        "logradouro": "Av. Braz Leme x R. Salete",
        "service_type": "Pontos Viciados",
        "service_icon": "warning",
        "volumetria": "Entre 1m³ e 5m³",
        "address": "Av. Braz Leme x R. Salete",
        "date": "46011",
        "status": "Revitalizado"
      },
      "geometry": {
        "type": "Point",
        "coordinates": [
          -46.62727,
          -23.50401
        ]
      },
      "id": "PV:460"
    },
    {
      "type": "Feature",
      "properties": {
        "id": "PV:461",
        "service": "PV",
        "setor": "ST-088",
        "name": "ST-088",
        "centroid": [
          -23.49289,
          -46.6166
        ],
        "fillColor": "#ffd700",
        "geometry": "point",
        "serviceDisplay": "Pontos Viciados",
        "subprefeitura": "Santana/Tucuruvi",
        "logradouro": "Parque Domingos Luís x R. Castro Maia",
        "service_type": "Pontos Viciados",
        "service_icon": "warning",
        "volumetria": "Entre 1m³ e 5m³",
        "address": "Parque Domingos Luís x R. Castro Maia",
        "date": "46053",
        "status": "Revitalizado"
      },
      "geometry": {
        "type": "Point",
        "coordinates": [
          -46.6166,
          -23.49289
        ]
      },
      "id": "PV:461"
    }
  ]
}