<?xml version="1.0" encoding="UTF-8"?>
<kml xmlns="http://www.opengis.net/kml/2.2">
<Document>
<name>GeoPlano — Pontos Viciados</name>
<open>1</open>
<Style id="s-PV-0">
<LineStyle><color>ff2fffad</color><width>2.0</width></LineStyle>
<PolyStyle><color>ff2fffad</color></PolyStyle>
<IconStyle><color>ff2fffad</color><scale>0.55</scale>
<Icon><href>http://maps.google.com/mapfiles/kml/shapes/placemark_circle.png</href></Icon>
</IconStyle>
<LabelStyle><scale>0.65</scale></LabelStyle>
</Style><Placemark><name>CV-001</name><styleUrl>#s-PV-0</styleUrl><description><![CDATA[<table style="border-collapse:collapse;width:100%;font-family:'Helvetica Neue',Helvetica,Arial,sans-serif;font-size:11px;border:1px solid #e5e7eb;border-radius:8px;overflow:hidden;"><tr><th colspan="2" style="padding:5px 8px;background:#1f6feb;color:#fff;text-align:left;font-size:12px;font-weight:600;">CV-001</th></tr><tr><th style="padding:3px 5px;text-align:left;background:#f3f4f6;border-bottom:1px solid #d1d5db;width:30%;font-size:11px;font-weight:600;color:#1f2937;">ID</th><td style="padding:3px 5px;border-bottom:1px solid #e5e7eb;font-size:11px;color:#111827;">CV-001</td></tr><tr><th style="padding:3px 5px;text-align:left;background:#f3f4f6;border-bottom:1px solid #d1d5db;width:30%;font-size:11px;font-weight:600;color:#1f2937;">Endereço</th><td style="padding:3px 5px;border-bottom:1px solid #e5e7eb;font-size:11px;color:#111827;">Avenida Inajar de Souza, 1692</td></tr><tr><th style="padding:3px 5px;text-align:left;background:#f3f4f6;border-bottom:1px solid #d1d5db;width:30%;font-size:11px;font-weight:600;color:#1f2937;">Subprefeitura</th><td style="padding:3px 5px;border-bottom:1px solid #e5e7eb;font-size:11px;color:#111827;">Casa Verde/Cachoeirinha</td></tr><tr><th style="padding:3px 5px;text-align:left;background:#f3f4f6;border-bottom:1px solid #d1d5db;width:30%;font-size:11px;font-weight:600;color:#1f2937;">Volumetria</th><td style="padding:3px 5px;border-bottom:1px solid #e5e7eb;font-size:11px;color:#111827;">Entre 1m³ e 5m³</td></tr></table>]]></description><Point><coordinates>-46.6851300,-23.4909600,0</coordinates></Point></Placemark>
<Style id="s-PV-1">
<LineStyle><color>ff2fffad</color><width>2.0</width></LineStyle>
<PolyStyle><color>ff2fffad</color></PolyStyle>
<IconStyle><color>ff2fffad</color><scale>0.55</scale>
<Icon><href>http://maps.google.com/mapfiles/kml/shapes/placemark_circle.png</href></Icon>
</IconStyle>
<LabelStyle><scale>0.65</scale></LabelStyle>
</Style><Placemark><name>CV-002</name><styleUrl>#s-PV-1</styleUrl><description><![CDATA[<table style="border-collapse:collapse;width:100%;font-family:'Helvetica Neue',Helvetica,Arial,sans-serif;font-size:11px;border:1px solid #e5e7eb;border-radius:8px;overflow:hidden;"><tr><th colspan="2" style="padding:5px 8px;background:#1f6feb;color:#fff;text-align:left;font-size:12px;font-weight:600;">CV-002</th></tr><tr><th style="padding:3px 5px;text-align:left;background:#f3f4f6;border-bottom:1px solid #d1d5db;width:30%;font-size:11px;font-weight:600;color:#1f2937;">ID</th><td style="padding:3px 5px;border-bottom:1px solid #e5e7eb;font-size:11px;color:#111827;">CV-002</td></tr><tr><th style="padding:3px 5px;text-align:left;background:#f3f4f6;border-bottom:1px solid #d1d5db;width:30%;font-size:11px;font-weight:600;color:#1f2937;">Endereço</th><td style="padding:3px 5px;border-bottom:1px solid #e5e7eb;font-size:11px;color:#111827;">Avenida Antonio Munhoz Bonilha, 1255</td></tr><tr><th style="padding:3px 5px;text-align:left;background:#f3f4f6;border-bottom:1px solid #d1d5db;width:30%;font-size:11px;font-weight:600;color:#1f2937;">Subprefeitura</th><td style="padding:3px 5px;border-bottom:1px solid #e5e7eb;font-size:11px;color:#111827;">Casa Verde/Cachoeirinha</td></tr><tr><th style="padding:3px 5px;text-align:left;background:#f3f4f6;border-bottom:1px solid #d1d5db;width:30%;font-size:11px;font-weight:600;color:#1f2937;">Volumetria</th><td style="padding:3px 5px;border-bottom:1px solid #e5e7eb;font-size:11px;color:#111827;">Não se aplica (inativo).</td></tr><tr><th style="padding:3px 5px;text-align:left;background:#f3f4f6;border-bottom:1px solid #d1d5db;width:30%;font-size:11px;font-weight:600;color:#1f2937;">Status</th><td style="padding:3px 5px;border-bottom:1px solid #e5e7eb;font-size:11px;color:#111827;">Inativo</td></tr><tr><th style="padding:3px 5px;text-align:left;background:#f3f4f6;border-bottom:1px solid #d1d5db;width:30%;font-size:11px;font-weight:600;color:#1f2937;">Data</th><td style="padding:3px 5px;border-bottom:1px solid #e5e7eb;font-size:11px;color:#111827;">Inativo</td></tr></table>]]></description><Point><coordinates>-46.6797600,-23.4953400,0</coordinates></Point></Placemark>
<Style id="s-PV-2">
<LineStyle><color>ff2fffad</color><width>2.0</width></LineStyle>
<PolyStyle><color>ff2fffad</color></PolyStyle>
<IconStyle><color>ff2fffad</color><scale>0.55</scale>
<Icon><href>http://maps.google.com/mapfiles/kml/shapes/placemark_circle.png</href></Icon>
</IconStyle>
<LabelStyle><scale>0.65</scale></LabelStyle>
</Style><Placemark><name>CV-003</name><styleUrl>#s-PV-2</styleUrl><description><![CDATA[<table style="border-collapse:collapse;width:100%;font-family:'Helvetica Neue',Helvetica,Arial,sans-serif;font-size:11px;border:1px solid #e5e7eb;border-radius:8px;overflow:hidden;"><tr><th colspan="2" style="padding:5px 8px;background:#1f6feb;color:#fff;text-align:left;font-size:12px;font-weight:600;">CV-003</th></tr><tr><th style="padding:3px 5px;text-align:left;background:#f3f4f6;border-bottom:1px solid #d1d5db;width:30%;font-size:11px;font-weight:600;color:#1f2937;">ID</th><td style="padding:3px 5px;border-bottom:1px solid #e5e7eb;font-size:11px;color:#111827;">CV-003</td></tr><tr><th style="padding:3px 5px;text-align:left;background:#f3f4f6;border-bottom:1px solid #d1d5db;width:30%;font-size:11px;font-weight:600;color:#1f2937;">Endereço</th><td style="padding:3px 5px;border-bottom:1px solid #e5e7eb;font-size:11px;color:#111827;">Avenida Baruel, 439</td></tr><tr><th style="padding:3px 5px;text-align:left;background:#f3f4f6;border-bottom:1px solid #d1d5db;width:30%;font-size:11px;font-weight:600;color:#1f2937;">Subprefeitura</th><td style="padding:3px 5px;border-bottom:1px solid #e5e7eb;font-size:11px;color:#111827;">Casa Verde/Cachoeirinha</td></tr><tr><th style="padding:3px 5px;text-align:left;background:#f3f4f6;border-bottom:1px solid #d1d5db;width:30%;font-size:11px;font-weight:600;color:#1f2937;">Volumetria</th><td style="padding:3px 5px;border-bottom:1px solid #e5e7eb;font-size:11px;color:#111827;">Não se aplica (inativo).</td></tr><tr><th style="padding:3px 5px;text-align:left;background:#f3f4f6;border-bottom:1px solid #d1d5db;width:30%;font-size:11px;font-weight:600;color:#1f2937;">Status</th><td style="padding:3px 5px;border-bottom:1px solid #e5e7eb;font-size:11px;color:#111827;">Inativo</td></tr><tr><th style="padding:3px 5px;text-align:left;background:#f3f4f6;border-bottom:1px solid #d1d5db;width:30%;font-size:11px;font-weight:600;color:#1f2937;">Data</th><td style="padding:3px 5px;border-bottom:1px solid #e5e7eb;font-size:11px;color:#111827;">Inativo</td></tr></table>]]></description><Point><coordinates>-46.6591900,-23.5038200,0</coordinates></Point></Placemark>
<Style id="s-PV-3">
<LineStyle><color>ff2fffad</color><width>2.0</width></LineStyle>
<PolyStyle><color>ff2fffad</color></PolyStyle>
<IconStyle><color>ff2fffad</color><scale>0.55</scale>
<Icon><href>http://maps.google.com/mapfiles/kml/shapes/placemark_circle.png</href></Icon>
</IconStyle>
<LabelStyle><scale>0.65</scale></LabelStyle>
</Style><Placemark><name>CV-004</name><styleUrl>#s-PV-3</styleUrl><description><![CDATA[<table style="border-collapse:collapse;width:100%;font-family:'Helvetica Neue',Helvetica,Arial,sans-serif;font-size:11px;border:1px solid #e5e7eb;border-radius:8px;overflow:hidden;"><tr><th colspan="2" style="padding:5px 8px;background:#1f6feb;color:#fff;text-align:left;font-size:12px;font-weight:600;">CV-004</th></tr><tr><th style="padding:3px 5px;text-align:left;background:#f3f4f6;border-bottom:1px solid #d1d5db;width:30%;font-size:11px;font-weight:600;color:#1f2937;">ID</th><td style="padding:3px 5px;border-bottom:1px solid #e5e7eb;font-size:11px;color:#111827;">CV-004</td></tr><tr><th style="padding:3px 5px;text-align:left;background:#f3f4f6;border-bottom:1px solid #d1d5db;width:30%;font-size:11px;font-weight:600;color:#1f2937;">Endereço</th><td style="padding:3px 5px;border-bottom:1px solid #e5e7eb;font-size:11px;color:#111827;">Avenida Casa Verde, 1492</td></tr><tr><th style="padding:3px 5px;text-align:left;background:#f3f4f6;border-bottom:1px solid #d1d5db;width:30%;font-size:11px;font-weight:600;color:#1f2937;">Subprefeitura</th><td style="padding:3px 5px;border-bottom:1px solid #e5e7eb;font-size:11px;color:#111827;">Casa Verde/Cachoeirinha</td></tr><tr><th style="padding:3px 5px;text-align:left;background:#f3f4f6;border-bottom:1px solid #d1d5db;width:30%;font-size:11px;font-weight:600;color:#1f2937;">Volumetria</th><td style="padding:3px 5px;border-bottom:1px solid #e5e7eb;font-size:11px;color:#111827;">Não se aplica (inativo).</td></tr><tr><th style="padding:3px 5px;text-align:left;background:#f3f4f6;border-bottom:1px solid #d1d5db;width:30%;font-size:11px;font-weight:600;color:#1f2937;">Status</th><td style="padding:3px 5px;border-bottom:1px solid #e5e7eb;font-size:11px;color:#111827;">Inativo</td></tr><tr><th style="padding:3px 5px;text-align:left;background:#f3f4f6;border-bottom:1px solid #d1d5db;width:30%;font-size:11px;font-weight:600;color:#1f2937;">Data</th><td style="padding:3px 5px;border-bottom:1px solid #e5e7eb;font-size:11px;color:#111827;">Inativo</td></tr></table>]]></description><Point><coordinates>-46.6557300,-23.5028000,0</coordinates></Point></Placemark>
<Style id="s-PV-4">
<LineStyle><color>ff2fffad</color><width>2.0</width></LineStyle>
<PolyStyle><color>ff2fffad</color></PolyStyle>
<IconStyle><color>ff2fffad</color><scale>0.55</scale>
<Icon><href>http://maps.google.com/mapfiles/kml/shapes/placemark_circle.png</href></Icon>
</IconStyle>
<LabelStyle><scale>0.65</scale></LabelStyle>
</Style><Placemark><name>CV-005</name><styleUrl>#s-PV-4</styleUrl><description><![CDATA[<table style="border-collapse:collapse;width:100%;font-family:'Helvetica Neue',Helvetica,Arial,sans-serif;font-size:11px;border:1px solid #e5e7eb;border-radius:8px;overflow:hidden;"><tr><th colspan="2" style="padding:5px 8px;background:#1f6feb;color:#fff;text-align:left;font-size:12px;font-weight:600;">CV-005</th></tr><tr><th style="padding:3px 5px;text-align:left;background:#f3f4f6;border-bottom:1px solid #d1d5db;width:30%;font-size:11px;font-weight:600;color:#1f2937;">ID</th><td style="padding:3px 5px;border-bottom:1px solid #e5e7eb;font-size:11px;color:#111827;">CV-005</td></tr><tr><th style="padding:3px 5px;text-align:left;background:#f3f4f6;border-bottom:1px solid #d1d5db;width:30%;font-size:11px;font-weight:600;color:#1f2937;">Endereço</th><td style="padding:3px 5px;border-bottom:1px solid #e5e7eb;font-size:11px;color:#111827;">Avenida Engenheiro Caetano Álvares, 2206</td></tr><tr><th style="padding:3px 5px;text-align:left;background:#f3f4f6;border-bottom:1px solid #d1d5db;width:30%;font-size:11px;font-weight:600;color:#1f2937;">Subprefeitura</th><td style="padding:3px 5px;border-bottom:1px solid #e5e7eb;font-size:11px;color:#111827;">Casa Verde/Cachoeirinha</td></tr><tr><th style="padding:3px 5px;text-align:left;background:#f3f4f6;border-bottom:1px solid #d1d5db;width:30%;font-size:11px;font-weight:600;color:#1f2937;">Volumetria</th><td style="padding:3px 5px;border-bottom:1px solid #e5e7eb;font-size:11px;color:#111827;">Não se aplica (inativo).</td></tr><tr><th style="padding:3px 5px;text-align:left;background:#f3f4f6;border-bottom:1px solid #d1d5db;width:30%;font-size:11px;font-weight:600;color:#1f2937;">Status</th><td style="padding:3px 5px;border-bottom:1px solid #e5e7eb;font-size:11px;color:#111827;">Inativo</td></tr><tr><th style="padding:3px 5px;text-align:left;background:#f3f4f6;border-bottom:1px solid #d1d5db;width:30%;font-size:11px;font-weight:600;color:#1f2937;">Data</th><td style="padding:3px 5px;border-bottom:1px solid #e5e7eb;font-size:11px;color:#111827;">Inativo</td></tr></table>]]></description><Point><coordinates>-46.6623000,-23.4968800,0</coordinates></Point></Placemark>
<Style id="s-PV-5">
<LineStyle><color>ff2fffad</color><width>2.0</width></LineStyle>
<PolyStyle><color>ff2fffad</color></PolyStyle>
<IconStyle><color>ff2fffad</color><scale>0.55</scale>
<Icon><href>http://maps.google.com/mapfiles/kml/shapes/placemark_circle.png</href></Icon>
</IconStyle>
<LabelStyle><scale>0.65</scale></LabelStyle>
</Style><Placemark><name>CV-006</name><styleUrl>#s-PV-5</styleUrl><description><![CDATA[<table style="border-collapse:collapse;width:100%;font-family:'Helvetica Neue',Helvetica,Arial,sans-serif;font-size:11px;border:1px solid #e5e7eb;border-radius:8px;overflow:hidden;"><tr><th colspan="2" style="padding:5px 8px;background:#1f6feb;color:#fff;text-align:left;font-size:12px;font-weight:600;">CV-006</th></tr><tr><th style="padding:3px 5px;text-align:left;background:#f3f4f6;border-bottom:1px solid #d1d5db;width:30%;font-size:11px;font-weight:600;color:#1f2937;">ID</th><td style="padding:3px 5px;border-bottom:1px solid #e5e7eb;font-size:11px;color:#111827;">CV-006</td></tr><tr><th style="padding:3px 5px;text-align:left;background:#f3f4f6;border-bottom:1px solid #d1d5db;width:30%;font-size:11px;font-weight:600;color:#1f2937;">Endereço</th><td style="padding:3px 5px;border-bottom:1px solid #e5e7eb;font-size:11px;color:#111827;">Avenida Francisco Machado da Silva, 1536</td></tr><tr><th style="padding:3px 5px;text-align:left;background:#f3f4f6;border-bottom:1px solid #d1d5db;width:30%;font-size:11px;font-weight:600;color:#1f2937;">Subprefeitura</th><td style="padding:3px 5px;border-bottom:1px solid #e5e7eb;font-size:11px;color:#111827;">Casa Verde/Cachoeirinha</td></tr><tr><th style="padding:3px 5px;text-align:left;background:#f3f4f6;border-bottom:1px solid #d1d5db;width:30%;font-size:11px;font-weight:600;color:#1f2937;">Volumetria</th><td style="padding:3px 5px;border-bottom:1px solid #e5e7eb;font-size:11px;color:#111827;">Entre 1m³ e 5m³</td></tr></table>]]></description><Point><coordinates>-46.6559800,-23.4554300,0</coordinates></Point></Placemark>
<Style id="s-PV-6">
<LineStyle><color>ff2fffad</color><width>2.0</width></LineStyle>
<PolyStyle><color>ff2fffad</color></PolyStyle>
<IconStyle><color>ff2fffad</color><scale>0.55</scale>
<Icon><href>http://maps.google.com/mapfiles/kml/shapes/placemark_circle.png</href></Icon>
</IconStyle>
<LabelStyle><scale>0.65</scale></LabelStyle>
</Style><Placemark><name>CV-007</name><styleUrl>#s-PV-6</styleUrl><description><![CDATA[<table style="border-collapse:collapse;width:100%;font-family:'Helvetica Neue',Helvetica,Arial,sans-serif;font-size:11px;border:1px solid #e5e7eb;border-radius:8px;overflow:hidden;"><tr><th colspan="2" style="padding:5px 8px;background:#1f6feb;color:#fff;text-align:left;font-size:12px;font-weight:600;">CV-007</th></tr><tr><th style="padding:3px 5px;text-align:left;background:#f3f4f6;border-bottom:1px solid #d1d5db;width:30%;font-size:11px;font-weight:600;color:#1f2937;">ID</th><td style="padding:3px 5px;border-bottom:1px solid #e5e7eb;font-size:11px;color:#111827;">CV-007</td></tr><tr><th style="padding:3px 5px;text-align:left;background:#f3f4f6;border-bottom:1px solid #d1d5db;width:30%;font-size:11px;font-weight:600;color:#1f2937;">Endereço</th><td style="padding:3px 5px;border-bottom:1px solid #e5e7eb;font-size:11px;color:#111827;">Avenida Francisco Machado da Silva, 1410</td></tr><tr><th style="padding:3px 5px;text-align:left;background:#f3f4f6;border-bottom:1px solid #d1d5db;width:30%;font-size:11px;font-weight:600;color:#1f2937;">Subprefeitura</th><td style="padding:3px 5px;border-bottom:1px solid #e5e7eb;font-size:11px;color:#111827;">Casa Verde/Cachoeirinha</td></tr><tr><th style="padding:3px 5px;text-align:left;background:#f3f4f6;border-bottom:1px solid #d1d5db;width:30%;font-size:11px;font-weight:600;color:#1f2937;">Volumetria</th><td style="padding:3px 5px;border-bottom:1px solid #e5e7eb;font-size:11px;color:#111827;">Entre 1m³ e 5m³</td></tr></table>]]></description><Point><coordinates>-46.6532300,-23.4555500,0</coordinates></Point></Placemark>
<Style id="s-PV-7">
<LineStyle><color>ff2fffad</color><width>2.0</width></LineStyle>
<PolyStyle><color>ff2fffad</color></PolyStyle>
<IconStyle><color>ff2fffad</color><scale>0.55</scale>
<Icon><href>http://maps.google.com/mapfiles/kml/shapes/placemark_circle.png</href></Icon>
</IconStyle>
<LabelStyle><scale>0.65</scale></LabelStyle>
</Style><Placemark><name>CV-008</name><styleUrl>#s-PV-7</styleUrl><description><![CDATA[<table style="border-collapse:collapse;width:100%;font-family:'Helvetica Neue',Helvetica,Arial,sans-serif;font-size:11px;border:1px solid #e5e7eb;border-radius:8px;overflow:hidden;"><tr><th colspan="2" style="padding:5px 8px;background:#1f6feb;color:#fff;text-align:left;font-size:12px;font-weight:600;">CV-008</th></tr><tr><th style="padding:3px 5px;text-align:left;background:#f3f4f6;border-bottom:1px solid #d1d5db;width:30%;font-size:11px;font-weight:600;color:#1f2937;">ID</th><td style="padding:3px 5px;border-bottom:1px solid #e5e7eb;font-size:11px;color:#111827;">CV-008</td></tr><tr><th style="padding:3px 5px;text-align:left;background:#f3f4f6;border-bottom:1px solid #d1d5db;width:30%;font-size:11px;font-weight:600;color:#1f2937;">Endereço</th><td style="padding:3px 5px;border-bottom:1px solid #e5e7eb;font-size:11px;color:#111827;">Avenida General Penha Brasil, 1204</td></tr><tr><th style="padding:3px 5px;text-align:left;background:#f3f4f6;border-bottom:1px solid #d1d5db;width:30%;font-size:11px;font-weight:600;color:#1f2937;">Subprefeitura</th><td style="padding:3px 5px;border-bottom:1px solid #e5e7eb;font-size:11px;color:#111827;">Casa Verde/Cachoeirinha</td></tr><tr><th style="padding:3px 5px;text-align:left;background:#f3f4f6;border-bottom:1px solid #d1d5db;width:30%;font-size:11px;font-weight:600;color:#1f2937;">Volumetria</th><td style="padding:3px 5px;border-bottom:1px solid #e5e7eb;font-size:11px;color:#111827;">Entre 1m³ e 5m³</td></tr></table>]]></description><Point><coordinates>-46.6698600,-23.4624400,0</coordinates></Point></Placemark>
<Style id="s-PV-8">
<LineStyle><color>ff2fffad</color><width>2.0</width></LineStyle>
<PolyStyle><color>ff2fffad</color></PolyStyle>
<IconStyle><color>ff2fffad</color><scale>0.55</scale>
<Icon><href>http://maps.google.com/mapfiles/kml/shapes/placemark_circle.png</href></Icon>
</IconStyle>
<LabelStyle><scale>0.65</scale></LabelStyle>
</Style><Placemark><name>CV-009</name><styleUrl>#s-PV-8</styleUrl><description><![CDATA[<table style="border-collapse:collapse;width:100%;font-family:'Helvetica Neue',Helvetica,Arial,sans-serif;font-size:11px;border:1px solid #e5e7eb;border-radius:8px;overflow:hidden;"><tr><th colspan="2" style="padding:5px 8px;background:#1f6feb;color:#fff;text-align:left;font-size:12px;font-weight:600;">CV-009</th></tr><tr><th style="padding:3px 5px;text-align:left;background:#f3f4f6;border-bottom:1px solid #d1d5db;width:30%;font-size:11px;font-weight:600;color:#1f2937;">ID</th><td style="padding:3px 5px;border-bottom:1px solid #e5e7eb;font-size:11px;color:#111827;">CV-009</td></tr><tr><th style="padding:3px 5px;text-align:left;background:#f3f4f6;border-bottom:1px solid #d1d5db;width:30%;font-size:11px;font-weight:600;color:#1f2937;">Endereço</th><td style="padding:3px 5px;border-bottom:1px solid #e5e7eb;font-size:11px;color:#111827;">Avenida Inajar de Souza, 3250</td></tr><tr><th style="padding:3px 5px;text-align:left;background:#f3f4f6;border-bottom:1px solid #d1d5db;width:30%;font-size:11px;font-weight:600;color:#1f2937;">Subprefeitura</th><td style="padding:3px 5px;border-bottom:1px solid #e5e7eb;font-size:11px;color:#111827;">Casa Verde/Cachoeirinha</td></tr><tr><th style="padding:3px 5px;text-align:left;background:#f3f4f6;border-bottom:1px solid #d1d5db;width:30%;font-size:11px;font-weight:600;color:#1f2937;">Volumetria</th><td style="padding:3px 5px;border-bottom:1px solid #e5e7eb;font-size:11px;color:#111827;">Não se aplica (inativo).</td></tr><tr><th style="padding:3px 5px;text-align:left;background:#f3f4f6;border-bottom:1px solid #d1d5db;width:30%;font-size:11px;font-weight:600;color:#1f2937;">Status</th><td style="padding:3px 5px;border-bottom:1px solid #e5e7eb;font-size:11px;color:#111827;">Inativo</td></tr><tr><th style="padding:3px 5px;text-align:left;background:#f3f4f6;border-bottom:1px solid #d1d5db;width:30%;font-size:11px;font-weight:600;color:#1f2937;">Data</th><td style="padding:3px 5px;border-bottom:1px solid #e5e7eb;font-size:11px;color:#111827;">Inativo</td></tr></table>]]></description><Point><coordinates>-46.6744300,-23.4813300,0</coordinates></Point></Placemark>
<Style id="s-PV-9">
<LineStyle><color>ff2fffad</color><width>2.0</width></LineStyle>
<PolyStyle><color>ff2fffad</color></PolyStyle>
<IconStyle><color>ff2fffad</color><scale>0.55</scale>
<Icon><href>http://maps.google.com/mapfiles/kml/shapes/placemark_circle.png</href></Icon>
</IconStyle>
<LabelStyle><scale>0.65</scale></LabelStyle>
</Style><Placemark><name>CV-010</name><styleUrl>#s-PV-9</styleUrl><description><![CDATA[<table style="border-collapse:collapse;width:100%;font-family:'Helvetica Neue',Helvetica,Arial,sans-serif;font-size:11px;border:1px solid #e5e7eb;border-radius:8px;overflow:hidden;"><tr><th colspan="2" style="padding:5px 8px;background:#1f6feb;color:#fff;text-align:left;font-size:12px;font-weight:600;">CV-010</th></tr><tr><th style="padding:3px 5px;text-align:left;background:#f3f4f6;border-bottom:1px solid #d1d5db;width:30%;font-size:11px;font-weight:600;color:#1f2937;">ID</th><td style="padding:3px 5px;border-bottom:1px solid #e5e7eb;font-size:11px;color:#111827;">CV-010</td></tr><tr><th style="padding:3px 5px;text-align:left;background:#f3f4f6;border-bottom:1px solid #d1d5db;width:30%;font-size:11px;font-weight:600;color:#1f2937;">Endereço</th><td style="padding:3px 5px;border-bottom:1px solid #e5e7eb;font-size:11px;color:#111827;">Avenida Inajar de Souza, 6764</td></tr><tr><th style="padding:3px 5px;text-align:left;background:#f3f4f6;border-bottom:1px solid #d1d5db;width:30%;font-size:11px;font-weight:600;color:#1f2937;">Subprefeitura</th><td style="padding:3px 5px;border-bottom:1px solid #e5e7eb;font-size:11px;color:#111827;">Casa Verde/Cachoeirinha</td></tr><tr><th style="padding:3px 5px;text-align:left;background:#f3f4f6;border-bottom:1px solid #d1d5db;width:30%;font-size:11px;font-weight:600;color:#1f2937;">Volumetria</th><td style="padding:3px 5px;border-bottom:1px solid #e5e7eb;font-size:11px;color:#111827;">Entre 1m³ e 5m³</td></tr></table>]]></description><Point><coordinates>-46.6742700,-23.4519400,0</coordinates></Point></Placemark>
<Style id="s-PV-10">
<LineStyle><color>ff2fffad</color><width>2.0</width></LineStyle>
<PolyStyle><color>ff2fffad</color></PolyStyle>
<IconStyle><color>ff2fffad</color><scale>0.55</scale>
<Icon><href>http://maps.google.com/mapfiles/kml/shapes/placemark_circle.png</href></Icon>
</IconStyle>
<LabelStyle><scale>0.65</scale></LabelStyle>
</Style><Placemark><name>CV-011</name><styleUrl>#s-PV-10</styleUrl><description><![CDATA[<table style="border-collapse:collapse;width:100%;font-family:'Helvetica Neue',Helvetica,Arial,sans-serif;font-size:11px;border:1px solid #e5e7eb;border-radius:8px;overflow:hidden;"><tr><th colspan="2" style="padding:5px 8px;background:#1f6feb;color:#fff;text-align:left;font-size:12px;font-weight:600;">CV-011</th></tr><tr><th style="padding:3px 5px;text-align:left;background:#f3f4f6;border-bottom:1px solid #d1d5db;width:30%;font-size:11px;font-weight:600;color:#1f2937;">ID</th><td style="padding:3px 5px;border-bottom:1px solid #e5e7eb;font-size:11px;color:#111827;">CV-011</td></tr><tr><th style="padding:3px 5px;text-align:left;background:#f3f4f6;border-bottom:1px solid #d1d5db;width:30%;font-size:11px;font-weight:600;color:#1f2937;">Endereço</th><td style="padding:3px 5px;border-bottom:1px solid #e5e7eb;font-size:11px;color:#111827;">Avenida Jeronimo de Andrade</td></tr><tr><th style="padding:3px 5px;text-align:left;background:#f3f4f6;border-bottom:1px solid #d1d5db;width:30%;font-size:11px;font-weight:600;color:#1f2937;">Subprefeitura</th><td style="padding:3px 5px;border-bottom:1px solid #e5e7eb;font-size:11px;color:#111827;">Casa Verde/Cachoeirinha</td></tr><tr><th style="padding:3px 5px;text-align:left;background:#f3f4f6;border-bottom:1px solid #d1d5db;width:30%;font-size:11px;font-weight:600;color:#1f2937;">Volumetria</th><td style="padding:3px 5px;border-bottom:1px solid #e5e7eb;font-size:11px;color:#111827;">Entre 1m³ e 5m³</td></tr><tr><th style="padding:3px 5px;text-align:left;background:#f3f4f6;border-bottom:1px solid #d1d5db;width:30%;font-size:11px;font-weight:600;color:#1f2937;">Status</th><td style="padding:3px 5px;border-bottom:1px solid #e5e7eb;font-size:11px;color:#111827;">Revitalizado</td></tr><tr><th style="padding:3px 5px;text-align:left;background:#f3f4f6;border-bottom:1px solid #d1d5db;width:30%;font-size:11px;font-weight:600;color:#1f2937;">Data</th><td style="padding:3px 5px;border-bottom:1px solid #e5e7eb;font-size:11px;color:#111827;">45955</td></tr></table>]]></description><Point><coordinates>-46.6691300,-23.4682700,0</coordinates></Point></Placemark>
<Style id="s-PV-11">
<LineStyle><color>ff2fffad</color><width>2.0</width></LineStyle>
<PolyStyle><color>ff2fffad</color></PolyStyle>
<IconStyle><color>ff2fffad</color><scale>0.55</scale>
<Icon><href>http://maps.google.com/mapfiles/kml/shapes/placemark_circle.png</href></Icon>
</IconStyle>
<LabelStyle><scale>0.65</scale></LabelStyle>
</Style><Placemark><name>CV-012</name><styleUrl>#s-PV-11</styleUrl><description><![CDATA[<table style="border-collapse:collapse;width:100%;font-family:'Helvetica Neue',Helvetica,Arial,sans-serif;font-size:11px;border:1px solid #e5e7eb;border-radius:8px;overflow:hidden;"><tr><th colspan="2" style="padding:5px 8px;background:#1f6feb;color:#fff;text-align:left;font-size:12px;font-weight:600;">CV-012</th></tr><tr><th style="padding:3px 5px;text-align:left;background:#f3f4f6;border-bottom:1px solid #d1d5db;width:30%;font-size:11px;font-weight:600;color:#1f2937;">ID</th><td style="padding:3px 5px;border-bottom:1px solid #e5e7eb;font-size:11px;color:#111827;">CV-012</td></tr><tr><th style="padding:3px 5px;text-align:left;background:#f3f4f6;border-bottom:1px solid #d1d5db;width:30%;font-size:11px;font-weight:600;color:#1f2937;">Endereço</th><td style="padding:3px 5px;border-bottom:1px solid #e5e7eb;font-size:11px;color:#111827;">Avenida Masao Watanabe, 499</td></tr><tr><th style="padding:3px 5px;text-align:left;background:#f3f4f6;border-bottom:1px solid #d1d5db;width:30%;font-size:11px;font-weight:600;color:#1f2937;">Subprefeitura</th><td style="padding:3px 5px;border-bottom:1px solid #e5e7eb;font-size:11px;color:#111827;">Casa Verde/Cachoeirinha</td></tr><tr><th style="padding:3px 5px;text-align:left;background:#f3f4f6;border-bottom:1px solid #d1d5db;width:30%;font-size:11px;font-weight:600;color:#1f2937;">Volumetria</th><td style="padding:3px 5px;border-bottom:1px solid #e5e7eb;font-size:11px;color:#111827;">Não se aplica (inativo).</td></tr><tr><th style="padding:3px 5px;text-align:left;background:#f3f4f6;border-bottom:1px solid #d1d5db;width:30%;font-size:11px;font-weight:600;color:#1f2937;">Status</th><td style="padding:3px 5px;border-bottom:1px solid #e5e7eb;font-size:11px;color:#111827;">Inativo</td></tr><tr><th style="padding:3px 5px;text-align:left;background:#f3f4f6;border-bottom:1px solid #d1d5db;width:30%;font-size:11px;font-weight:600;color:#1f2937;">Data</th><td style="padding:3px 5px;border-bottom:1px solid #e5e7eb;font-size:11px;color:#111827;">Inativo</td></tr></table>]]></description><Point><coordinates>-46.6661800,-23.4627900,0</coordinates></Point></Placemark>
<Style id="s-PV-12">
<LineStyle><color>ff2fffad</color><width>2.0</width></LineStyle>
<PolyStyle><color>ff2fffad</color></PolyStyle>
<IconStyle><color>ff2fffad</color><scale>0.55</scale>
<Icon><href>http://maps.google.com/mapfiles/kml/shapes/placemark_circle.png</href></Icon>
</IconStyle>
<LabelStyle><scale>0.65</scale></LabelStyle>
</Style><Placemark><name>CV-013</name><styleUrl>#s-PV-12</styleUrl><description><![CDATA[<table style="border-collapse:collapse;width:100%;font-family:'Helvetica Neue',Helvetica,Arial,sans-serif;font-size:11px;border:1px solid #e5e7eb;border-radius:8px;overflow:hidden;"><tr><th colspan="2" style="padding:5px 8px;background:#1f6feb;color:#fff;text-align:left;font-size:12px;font-weight:600;">CV-013</th></tr><tr><th style="padding:3px 5px;text-align:left;background:#f3f4f6;border-bottom:1px solid #d1d5db;width:30%;font-size:11px;font-weight:600;color:#1f2937;">ID</th><td style="padding:3px 5px;border-bottom:1px solid #e5e7eb;font-size:11px;color:#111827;">CV-013</td></tr><tr><th style="padding:3px 5px;text-align:left;background:#f3f4f6;border-bottom:1px solid #d1d5db;width:30%;font-size:11px;font-weight:600;color:#1f2937;">Endereço</th><td style="padding:3px 5px;border-bottom:1px solid #e5e7eb;font-size:11px;color:#111827;">Avenida Ministro Lins de Barros, 706</td></tr><tr><th style="padding:3px 5px;text-align:left;background:#f3f4f6;border-bottom:1px solid #d1d5db;width:30%;font-size:11px;font-weight:600;color:#1f2937;">Subprefeitura</th><td style="padding:3px 5px;border-bottom:1px solid #e5e7eb;font-size:11px;color:#111827;">Casa Verde/Cachoeirinha</td></tr><tr><th style="padding:3px 5px;text-align:left;background:#f3f4f6;border-bottom:1px solid #d1d5db;width:30%;font-size:11px;font-weight:600;color:#1f2937;">Volumetria</th><td style="padding:3px 5px;border-bottom:1px solid #e5e7eb;font-size:11px;color:#111827;">Entre 1m³ e 5m³</td></tr></table>]]></description><Point><coordinates>-46.6676500,-23.4549600,0</coordinates></Point></Placemark>
<Style id="s-PV-13">
<LineStyle><color>ff2fffad</color><width>2.0</width></LineStyle>
<PolyStyle><color>ff2fffad</color></PolyStyle>
<IconStyle><color>ff2fffad</color><scale>0.55</scale>
<Icon><href>http://maps.google.com/mapfiles/kml/shapes/placemark_circle.png</href></Icon>
</IconStyle>
<LabelStyle><scale>0.65</scale></LabelStyle>
</Style><Placemark><name>CV-014</name><styleUrl>#s-PV-13</styleUrl><description><![CDATA[<table style="border-collapse:collapse;width:100%;font-family:'Helvetica Neue',Helvetica,Arial,sans-serif;font-size:11px;border:1px solid #e5e7eb;border-radius:8px;overflow:hidden;"><tr><th colspan="2" style="padding:5px 8px;background:#1f6feb;color:#fff;text-align:left;font-size:12px;font-weight:600;">CV-014</th></tr><tr><th style="padding:3px 5px;text-align:left;background:#f3f4f6;border-bottom:1px solid #d1d5db;width:30%;font-size:11px;font-weight:600;color:#1f2937;">ID</th><td style="padding:3px 5px;border-bottom:1px solid #e5e7eb;font-size:11px;color:#111827;">CV-014</td></tr><tr><th style="padding:3px 5px;text-align:left;background:#f3f4f6;border-bottom:1px solid #d1d5db;width:30%;font-size:11px;font-weight:600;color:#1f2937;">Endereço</th><td style="padding:3px 5px;border-bottom:1px solid #e5e7eb;font-size:11px;color:#111827;">Avenida Nossa Senhora do Ó, 1450</td></tr><tr><th style="padding:3px 5px;text-align:left;background:#f3f4f6;border-bottom:1px solid #d1d5db;width:30%;font-size:11px;font-weight:600;color:#1f2937;">Subprefeitura</th><td style="padding:3px 5px;border-bottom:1px solid #e5e7eb;font-size:11px;color:#111827;">Casa Verde/Cachoeirinha</td></tr><tr><th style="padding:3px 5px;text-align:left;background:#f3f4f6;border-bottom:1px solid #d1d5db;width:30%;font-size:11px;font-weight:600;color:#1f2937;">Volumetria</th><td style="padding:3px 5px;border-bottom:1px solid #e5e7eb;font-size:11px;color:#111827;">Entre 1m³ e 5m³</td></tr><tr><th style="padding:3px 5px;text-align:left;background:#f3f4f6;border-bottom:1px solid #d1d5db;width:30%;font-size:11px;font-weight:600;color:#1f2937;">Status</th><td style="padding:3px 5px;border-bottom:1px solid #e5e7eb;font-size:11px;color:#111827;">Revitalizado</td></tr><tr><th style="padding:3px 5px;text-align:left;background:#f3f4f6;border-bottom:1px solid #d1d5db;width:30%;font-size:11px;font-weight:600;color:#1f2937;">Data</th><td style="padding:3px 5px;border-bottom:1px solid #e5e7eb;font-size:11px;color:#111827;">45983</td></tr></table>]]></description><Point><coordinates>-46.6873900,-23.5049200,0</coordinates></Point></Placemark>
<Style id="s-PV-14">
<LineStyle><color>ff2fffad</color><width>2.0</width></LineStyle>
<PolyStyle><color>ff2fffad</color></PolyStyle>
<IconStyle><color>ff2fffad</color><scale>0.55</scale>
<Icon><href>http://maps.google.com/mapfiles/kml/shapes/placemark_circle.png</href></Icon>
</IconStyle>
<LabelStyle><scale>0.65</scale></LabelStyle>
</Style><Placemark><name>CV-015</name><styleUrl>#s-PV-14</styleUrl><description><![CDATA[<table style="border-collapse:collapse;width:100%;font-family:'Helvetica Neue',Helvetica,Arial,sans-serif;font-size:11px;border:1px solid #e5e7eb;border-radius:8px;overflow:hidden;"><tr><th colspan="2" style="padding:5px 8px;background:#1f6feb;color:#fff;text-align:left;font-size:12px;font-weight:600;">CV-015</th></tr><tr><th style="padding:3px 5px;text-align:left;background:#f3f4f6;border-bottom:1px solid #d1d5db;width:30%;font-size:11px;font-weight:600;color:#1f2937;">ID</th><td style="padding:3px 5px;border-bottom:1px solid #e5e7eb;font-size:11px;color:#111827;">CV-015</td></tr><tr><th style="padding:3px 5px;text-align:left;background:#f3f4f6;border-bottom:1px solid #d1d5db;width:30%;font-size:11px;font-weight:600;color:#1f2937;">Endereço</th><td style="padding:3px 5px;border-bottom:1px solid #e5e7eb;font-size:11px;color:#111827;">Avenida Parada Pinto, 1066</td></tr><tr><th style="padding:3px 5px;text-align:left;background:#f3f4f6;border-bottom:1px solid #d1d5db;width:30%;font-size:11px;font-weight:600;color:#1f2937;">Subprefeitura</th><td style="padding:3px 5px;border-bottom:1px solid #e5e7eb;font-size:11px;color:#111827;">Casa Verde/Cachoeirinha</td></tr><tr><th style="padding:3px 5px;text-align:left;background:#f3f4f6;border-bottom:1px solid #d1d5db;width:30%;font-size:11px;font-weight:600;color:#1f2937;">Volumetria</th><td style="padding:3px 5px;border-bottom:1px solid #e5e7eb;font-size:11px;color:#111827;">Não se aplica (inativo).</td></tr><tr><th style="padding:3px 5px;text-align:left;background:#f3f4f6;border-bottom:1px solid #d1d5db;width:30%;font-size:11px;font-weight:600;color:#1f2937;">Status</th><td style="padding:3px 5px;border-bottom:1px solid #e5e7eb;font-size:11px;color:#111827;">Inativo</td></tr><tr><th style="padding:3px 5px;text-align:left;background:#f3f4f6;border-bottom:1px solid #d1d5db;width:30%;font-size:11px;font-weight:600;color:#1f2937;">Data</th><td style="padding:3px 5px;border-bottom:1px solid #e5e7eb;font-size:11px;color:#111827;">Inativo</td></tr></table>]]></description><Point><coordinates>-46.6599300,-23.4696700,0</coordinates></Point></Placemark>
<Style id="s-PV-15">
<LineStyle><color>ff2fffad</color><width>2.0</width></LineStyle>
<PolyStyle><color>ff2fffad</color></PolyStyle>
<IconStyle><color>ff2fffad</color><scale>0.55</scale>
<Icon><href>http://maps.google.com/mapfiles/kml/shapes/placemark_circle.png</href></Icon>
</IconStyle>
<LabelStyle><scale>0.65</scale></LabelStyle>
</Style><Placemark><name>CV-016</name><styleUrl>#s-PV-15</styleUrl><description><![CDATA[<table style="border-collapse:collapse;width:100%;font-family:'Helvetica Neue',Helvetica,Arial,sans-serif;font-size:11px;border:1px solid #e5e7eb;border-radius:8px;overflow:hidden;"><tr><th colspan="2" style="padding:5px 8px;background:#1f6feb;color:#fff;text-align:left;font-size:12px;font-weight:600;">CV-016</th></tr><tr><th style="padding:3px 5px;text-align:left;background:#f3f4f6;border-bottom:1px solid #d1d5db;width:30%;font-size:11px;font-weight:600;color:#1f2937;">ID</th><td style="padding:3px 5px;border-bottom:1px solid #e5e7eb;font-size:11px;color:#111827;">CV-016</td></tr><tr><th style="padding:3px 5px;text-align:left;background:#f3f4f6;border-bottom:1px solid #d1d5db;width:30%;font-size:11px;font-weight:600;color:#1f2937;">Endereço</th><td style="padding:3px 5px;border-bottom:1px solid #e5e7eb;font-size:11px;color:#111827;">Avenida Parada Pinto, 1065</td></tr><tr><th style="padding:3px 5px;text-align:left;background:#f3f4f6;border-bottom:1px solid #d1d5db;width:30%;font-size:11px;font-weight:600;color:#1f2937;">Subprefeitura</th><td style="padding:3px 5px;border-bottom:1px solid #e5e7eb;font-size:11px;color:#111827;">Casa Verde/Cachoeirinha</td></tr><tr><th style="padding:3px 5px;text-align:left;background:#f3f4f6;border-bottom:1px solid #d1d5db;width:30%;font-size:11px;font-weight:600;color:#1f2937;">Volumetria</th><td style="padding:3px 5px;border-bottom:1px solid #e5e7eb;font-size:11px;color:#111827;">Entre 1m³ e 5m³</td></tr><tr><th style="padding:3px 5px;text-align:left;background:#f3f4f6;border-bottom:1px solid #d1d5db;width:30%;font-size:11px;font-weight:600;color:#1f2937;">Status</th><td style="padding:3px 5px;border-bottom:1px solid #e5e7eb;font-size:11px;color:#111827;">Revitalizado</td></tr><tr><th style="padding:3px 5px;text-align:left;background:#f3f4f6;border-bottom:1px solid #d1d5db;width:30%;font-size:11px;font-weight:600;color:#1f2937;">Data</th><td style="padding:3px 5px;border-bottom:1px solid #e5e7eb;font-size:11px;color:#111827;">46006</td></tr></table>]]></description><Point><coordinates>-46.6600800,-23.4696400,0</coordinates></Point></Placemark>
<Style id="s-PV-16">
<LineStyle><color>ff2fffad</color><width>2.0</width></LineStyle>
<PolyStyle><color>ff2fffad</color></PolyStyle>
<IconStyle><color>ff2fffad</color><scale>0.55</scale>
<Icon><href>http://maps.google.com/mapfiles/kml/shapes/placemark_circle.png</href></Icon>
</IconStyle>
<LabelStyle><scale>0.65</scale></LabelStyle>
</Style><Placemark><name>CV-017</name><styleUrl>#s-PV-16</styleUrl><description><![CDATA[<table style="border-collapse:collapse;width:100%;font-family:'Helvetica Neue',Helvetica,Arial,sans-serif;font-size:11px;border:1px solid #e5e7eb;border-radius:8px;overflow:hidden;"><tr><th colspan="2" style="padding:5px 8px;background:#1f6feb;color:#fff;text-align:left;font-size:12px;font-weight:600;">CV-017</th></tr><tr><th style="padding:3px 5px;text-align:left;background:#f3f4f6;border-bottom:1px solid #d1d5db;width:30%;font-size:11px;font-weight:600;color:#1f2937;">ID</th><td style="padding:3px 5px;border-bottom:1px solid #e5e7eb;font-size:11px;color:#111827;">CV-017</td></tr><tr><th style="padding:3px 5px;text-align:left;background:#f3f4f6;border-bottom:1px solid #d1d5db;width:30%;font-size:11px;font-weight:600;color:#1f2937;">Endereço</th><td style="padding:3px 5px;border-bottom:1px solid #e5e7eb;font-size:11px;color:#111827;">Praça Hilario da Conceição</td></tr><tr><th style="padding:3px 5px;text-align:left;background:#f3f4f6;border-bottom:1px solid #d1d5db;width:30%;font-size:11px;font-weight:600;color:#1f2937;">Subprefeitura</th><td style="padding:3px 5px;border-bottom:1px solid #e5e7eb;font-size:11px;color:#111827;">Casa Verde/Cachoeirinha</td></tr><tr><th style="padding:3px 5px;text-align:left;background:#f3f4f6;border-bottom:1px solid #d1d5db;width:30%;font-size:11px;font-weight:600;color:#1f2937;">Volumetria</th><td style="padding:3px 5px;border-bottom:1px solid #e5e7eb;font-size:11px;color:#111827;">Entre 1m³ e 5m³</td></tr></table>]]></description><Point><coordinates>-46.6582500,-23.4847800,0</coordinates></Point></Placemark>
<Style id="s-PV-17">
<LineStyle><color>ff2fffad</color><width>2.0</width></LineStyle>
<PolyStyle><color>ff2fffad</color></PolyStyle>
<IconStyle><color>ff2fffad</color><scale>0.55</scale>
<Icon><href>http://maps.google.com/mapfiles/kml/shapes/placemark_circle.png</href></Icon>
</IconStyle>
<LabelStyle><scale>0.65</scale></LabelStyle>
</Style><Placemark><name>CV-018</name><styleUrl>#s-PV-17</styleUrl><description><![CDATA[<table style="border-collapse:collapse;width:100%;font-family:'Helvetica Neue',Helvetica,Arial,sans-serif;font-size:11px;border:1px solid #e5e7eb;border-radius:8px;overflow:hidden;"><tr><th colspan="2" style="padding:5px 8px;background:#1f6feb;color:#fff;text-align:left;font-size:12px;font-weight:600;">CV-018</th></tr><tr><th style="padding:3px 5px;text-align:left;background:#f3f4f6;border-bottom:1px solid #d1d5db;width:30%;font-size:11px;font-weight:600;color:#1f2937;">ID</th><td style="padding:3px 5px;border-bottom:1px solid #e5e7eb;font-size:11px;color:#111827;">CV-018</td></tr><tr><th style="padding:3px 5px;text-align:left;background:#f3f4f6;border-bottom:1px solid #d1d5db;width:30%;font-size:11px;font-weight:600;color:#1f2937;">Endereço</th><td style="padding:3px 5px;border-bottom:1px solid #e5e7eb;font-size:11px;color:#111827;">Praça Professor Cesarino Junior, 631</td></tr><tr><th style="padding:3px 5px;text-align:left;background:#f3f4f6;border-bottom:1px solid #d1d5db;width:30%;font-size:11px;font-weight:600;color:#1f2937;">Subprefeitura</th><td style="padding:3px 5px;border-bottom:1px solid #e5e7eb;font-size:11px;color:#111827;">Casa Verde/Cachoeirinha</td></tr><tr><th style="padding:3px 5px;text-align:left;background:#f3f4f6;border-bottom:1px solid #d1d5db;width:30%;font-size:11px;font-weight:600;color:#1f2937;">Volumetria</th><td style="padding:3px 5px;border-bottom:1px solid #e5e7eb;font-size:11px;color:#111827;">Entre 1m³ e 5m³</td></tr><tr><th style="padding:3px 5px;text-align:left;background:#f3f4f6;border-bottom:1px solid #d1d5db;width:30%;font-size:11px;font-weight:600;color:#1f2937;">Data</th><td style="padding:3px 5px;border-bottom:1px solid #e5e7eb;font-size:11px;color:#111827;">46102</td></tr></table>]]></description><Point><coordinates>-46.6629600,-23.5144000,0</coordinates></Point></Placemark>
<Style id="s-PV-18">
<LineStyle><color>ff2fffad</color><width>2.0</width></LineStyle>
<PolyStyle><color>ff2fffad</color></PolyStyle>
<IconStyle><color>ff2fffad</color><scale>0.55</scale>
<Icon><href>http://maps.google.com/mapfiles/kml/shapes/placemark_circle.png</href></Icon>
</IconStyle>
<LabelStyle><scale>0.65</scale></LabelStyle>
</Style><Placemark><name>CV-019</name><styleUrl>#s-PV-18</styleUrl><description><![CDATA[<table style="border-collapse:collapse;width:100%;font-family:'Helvetica Neue',Helvetica,Arial,sans-serif;font-size:11px;border:1px solid #e5e7eb;border-radius:8px;overflow:hidden;"><tr><th colspan="2" style="padding:5px 8px;background:#1f6feb;color:#fff;text-align:left;font-size:12px;font-weight:600;">CV-019</th></tr><tr><th style="padding:3px 5px;text-align:left;background:#f3f4f6;border-bottom:1px solid #d1d5db;width:30%;font-size:11px;font-weight:600;color:#1f2937;">ID</th><td style="padding:3px 5px;border-bottom:1px solid #e5e7eb;font-size:11px;color:#111827;">CV-019</td></tr><tr><th style="padding:3px 5px;text-align:left;background:#f3f4f6;border-bottom:1px solid #d1d5db;width:30%;font-size:11px;font-weight:600;color:#1f2937;">Endereço</th><td style="padding:3px 5px;border-bottom:1px solid #e5e7eb;font-size:11px;color:#111827;">Rua Afonso Lopes Vieira, 152</td></tr><tr><th style="padding:3px 5px;text-align:left;background:#f3f4f6;border-bottom:1px solid #d1d5db;width:30%;font-size:11px;font-weight:600;color:#1f2937;">Subprefeitura</th><td style="padding:3px 5px;border-bottom:1px solid #e5e7eb;font-size:11px;color:#111827;">Casa Verde/Cachoeirinha</td></tr><tr><th style="padding:3px 5px;text-align:left;background:#f3f4f6;border-bottom:1px solid #d1d5db;width:30%;font-size:11px;font-weight:600;color:#1f2937;">Volumetria</th><td style="padding:3px 5px;border-bottom:1px solid #e5e7eb;font-size:11px;color:#111827;">Entre 1m³ e 5m³</td></tr></table>]]></description><Point><coordinates>-46.6673700,-23.4672300,0</coordinates></Point></Placemark>
<Style id="s-PV-19">
<LineStyle><color>ff2fffad</color><width>2.0</width></LineStyle>
<PolyStyle><color>ff2fffad</color></PolyStyle>
<IconStyle><color>ff2fffad</color><scale>0.55</scale>
<Icon><href>http://maps.google.com/mapfiles/kml/shapes/placemark_circle.png</href></Icon>
</IconStyle>
<LabelStyle><scale>0.65</scale></LabelStyle>
</Style><Placemark><name>CV-020</name><styleUrl>#s-PV-19</styleUrl><description><![CDATA[<table style="border-collapse:collapse;width:100%;font-family:'Helvetica Neue',Helvetica,Arial,sans-serif;font-size:11px;border:1px solid #e5e7eb;border-radius:8px;overflow:hidden;"><tr><th colspan="2" style="padding:5px 8px;background:#1f6feb;color:#fff;text-align:left;font-size:12px;font-weight:600;">CV-020</th></tr><tr><th style="padding:3px 5px;text-align:left;background:#f3f4f6;border-bottom:1px solid #d1d5db;width:30%;font-size:11px;font-weight:600;color:#1f2937;">ID</th><td style="padding:3px 5px;border-bottom:1px solid #e5e7eb;font-size:11px;color:#111827;">CV-020</td></tr><tr><th style="padding:3px 5px;text-align:left;background:#f3f4f6;border-bottom:1px solid #d1d5db;width:30%;font-size:11px;font-weight:600;color:#1f2937;">Endereço</th><td style="padding:3px 5px;border-bottom:1px solid #e5e7eb;font-size:11px;color:#111827;">Rua Afonso Lopes Vieira, 824</td></tr><tr><th style="padding:3px 5px;text-align:left;background:#f3f4f6;border-bottom:1px solid #d1d5db;width:30%;font-size:11px;font-weight:600;color:#1f2937;">Subprefeitura</th><td style="padding:3px 5px;border-bottom:1px solid #e5e7eb;font-size:11px;color:#111827;">Casa Verde/Cachoeirinha</td></tr><tr><th style="padding:3px 5px;text-align:left;background:#f3f4f6;border-bottom:1px solid #d1d5db;width:30%;font-size:11px;font-weight:600;color:#1f2937;">Volumetria</th><td style="padding:3px 5px;border-bottom:1px solid #e5e7eb;font-size:11px;color:#111827;">Entre 1m³ e 5m³</td></tr></table>]]></description><Point><coordinates>-46.6635600,-23.4632000,0</coordinates></Point></Placemark>
<Style id="s-PV-20">
<LineStyle><color>ff2fffad</color><width>2.0</width></LineStyle>
<PolyStyle><color>ff2fffad</color></PolyStyle>
<IconStyle><color>ff2fffad</color><scale>0.55</scale>
<Icon><href>http://maps.google.com/mapfiles/kml/shapes/placemark_circle.png</href></Icon>
</IconStyle>
<LabelStyle><scale>0.65</scale></LabelStyle>
</Style><Placemark><name>CV-021</name><styleUrl>#s-PV-20</styleUrl><description><![CDATA[<table style="border-collapse:collapse;width:100%;font-family:'Helvetica Neue',Helvetica,Arial,sans-serif;font-size:11px;border:1px solid #e5e7eb;border-radius:8px;overflow:hidden;"><tr><th colspan="2" style="padding:5px 8px;background:#1f6feb;color:#fff;text-align:left;font-size:12px;font-weight:600;">CV-021</th></tr><tr><th style="padding:3px 5px;text-align:left;background:#f3f4f6;border-bottom:1px solid #d1d5db;width:30%;font-size:11px;font-weight:600;color:#1f2937;">ID</th><td style="padding:3px 5px;border-bottom:1px solid #e5e7eb;font-size:11px;color:#111827;">CV-021</td></tr><tr><th style="padding:3px 5px;text-align:left;background:#f3f4f6;border-bottom:1px solid #d1d5db;width:30%;font-size:11px;font-weight:600;color:#1f2937;">Endereço</th><td style="padding:3px 5px;border-bottom:1px solid #e5e7eb;font-size:11px;color:#111827;">Rua Água Preta, 220</td></tr><tr><th style="padding:3px 5px;text-align:left;background:#f3f4f6;border-bottom:1px solid #d1d5db;width:30%;font-size:11px;font-weight:600;color:#1f2937;">Subprefeitura</th><td style="padding:3px 5px;border-bottom:1px solid #e5e7eb;font-size:11px;color:#111827;">Casa Verde/Cachoeirinha</td></tr><tr><th style="padding:3px 5px;text-align:left;background:#f3f4f6;border-bottom:1px solid #d1d5db;width:30%;font-size:11px;font-weight:600;color:#1f2937;">Volumetria</th><td style="padding:3px 5px;border-bottom:1px solid #e5e7eb;font-size:11px;color:#111827;">Entre 1m³ e 5m³</td></tr><tr><th style="padding:3px 5px;text-align:left;background:#f3f4f6;border-bottom:1px solid #d1d5db;width:30%;font-size:11px;font-weight:600;color:#1f2937;">Status</th><td style="padding:3px 5px;border-bottom:1px solid #e5e7eb;font-size:11px;color:#111827;">Revitalizado</td></tr><tr><th style="padding:3px 5px;text-align:left;background:#f3f4f6;border-bottom:1px solid #d1d5db;width:30%;font-size:11px;font-weight:600;color:#1f2937;">Data</th><td style="padding:3px 5px;border-bottom:1px solid #e5e7eb;font-size:11px;color:#111827;">45969</td></tr></table>]]></description><Point><coordinates>-46.6590800,-23.4714800,0</coordinates></Point></Placemark>
<Style id="s-PV-21">
<LineStyle><color>ff2fffad</color><width>2.0</width></LineStyle>
<PolyStyle><color>ff2fffad</color></PolyStyle>
<IconStyle><color>ff2fffad</color><scale>0.55</scale>
<Icon><href>http://maps.google.com/mapfiles/kml/shapes/placemark_circle.png</href></Icon>
</IconStyle>
<LabelStyle><scale>0.65</scale></LabelStyle>
</Style><Placemark><name>CV-022</name><styleUrl>#s-PV-21</styleUrl><description><![CDATA[<table style="border-collapse:collapse;width:100%;font-family:'Helvetica Neue',Helvetica,Arial,sans-serif;font-size:11px;border:1px solid #e5e7eb;border-radius:8px;overflow:hidden;"><tr><th colspan="2" style="padding:5px 8px;background:#1f6feb;color:#fff;text-align:left;font-size:12px;font-weight:600;">CV-022</th></tr><tr><th style="padding:3px 5px;text-align:left;background:#f3f4f6;border-bottom:1px solid #d1d5db;width:30%;font-size:11px;font-weight:600;color:#1f2937;">ID</th><td style="padding:3px 5px;border-bottom:1px solid #e5e7eb;font-size:11px;color:#111827;">CV-022</td></tr><tr><th style="padding:3px 5px;text-align:left;background:#f3f4f6;border-bottom:1px solid #d1d5db;width:30%;font-size:11px;font-weight:600;color:#1f2937;">Endereço</th><td style="padding:3px 5px;border-bottom:1px solid #e5e7eb;font-size:11px;color:#111827;">Rua Águas Virtuosas, 374</td></tr><tr><th style="padding:3px 5px;text-align:left;background:#f3f4f6;border-bottom:1px solid #d1d5db;width:30%;font-size:11px;font-weight:600;color:#1f2937;">Subprefeitura</th><td style="padding:3px 5px;border-bottom:1px solid #e5e7eb;font-size:11px;color:#111827;">Casa Verde/Cachoeirinha</td></tr><tr><th style="padding:3px 5px;text-align:left;background:#f3f4f6;border-bottom:1px solid #d1d5db;width:30%;font-size:11px;font-weight:600;color:#1f2937;">Volumetria</th><td style="padding:3px 5px;border-bottom:1px solid #e5e7eb;font-size:11px;color:#111827;">Não se aplica (inativo).</td></tr><tr><th style="padding:3px 5px;text-align:left;background:#f3f4f6;border-bottom:1px solid #d1d5db;width:30%;font-size:11px;font-weight:600;color:#1f2937;">Status</th><td style="padding:3px 5px;border-bottom:1px solid #e5e7eb;font-size:11px;color:#111827;">Inativo</td></tr><tr><th style="padding:3px 5px;text-align:left;background:#f3f4f6;border-bottom:1px solid #d1d5db;width:30%;font-size:11px;font-weight:600;color:#1f2937;">Data</th><td style="padding:3px 5px;border-bottom:1px solid #e5e7eb;font-size:11px;color:#111827;">Inativo</td></tr></table>]]></description><Point><coordinates>-46.6546100,-23.5011200,0</coordinates></Point></Placemark>
<Style id="s-PV-22">
<LineStyle><color>ff2fffad</color><width>2.0</width></LineStyle>
<PolyStyle><color>ff2fffad</color></PolyStyle>
<IconStyle><color>ff2fffad</color><scale>0.55</scale>
<Icon><href>http://maps.google.com/mapfiles/kml/shapes/placemark_circle.png</href></Icon>
</IconStyle>
<LabelStyle><scale>0.65</scale></LabelStyle>
</Style><Placemark><name>CV-023</name><styleUrl>#s-PV-22</styleUrl><description><![CDATA[<table style="border-collapse:collapse;width:100%;font-family:'Helvetica Neue',Helvetica,Arial,sans-serif;font-size:11px;border:1px solid #e5e7eb;border-radius:8px;overflow:hidden;"><tr><th colspan="2" style="padding:5px 8px;background:#1f6feb;color:#fff;text-align:left;font-size:12px;font-weight:600;">CV-023</th></tr><tr><th style="padding:3px 5px;text-align:left;background:#f3f4f6;border-bottom:1px solid #d1d5db;width:30%;font-size:11px;font-weight:600;color:#1f2937;">ID</th><td style="padding:3px 5px;border-bottom:1px solid #e5e7eb;font-size:11px;color:#111827;">CV-023</td></tr><tr><th style="padding:3px 5px;text-align:left;background:#f3f4f6;border-bottom:1px solid #d1d5db;width:30%;font-size:11px;font-weight:600;color:#1f2937;">Endereço</th><td style="padding:3px 5px;border-bottom:1px solid #e5e7eb;font-size:11px;color:#111827;">Rua Alexandre Fuzaro, 635</td></tr><tr><th style="padding:3px 5px;text-align:left;background:#f3f4f6;border-bottom:1px solid #d1d5db;width:30%;font-size:11px;font-weight:600;color:#1f2937;">Subprefeitura</th><td style="padding:3px 5px;border-bottom:1px solid #e5e7eb;font-size:11px;color:#111827;">Casa Verde/Cachoeirinha</td></tr><tr><th style="padding:3px 5px;text-align:left;background:#f3f4f6;border-bottom:1px solid #d1d5db;width:30%;font-size:11px;font-weight:600;color:#1f2937;">Volumetria</th><td style="padding:3px 5px;border-bottom:1px solid #e5e7eb;font-size:11px;color:#111827;">Não se aplica (inativo).</td></tr><tr><th style="padding:3px 5px;text-align:left;background:#f3f4f6;border-bottom:1px solid #d1d5db;width:30%;font-size:11px;font-weight:600;color:#1f2937;">Status</th><td style="padding:3px 5px;border-bottom:1px solid #e5e7eb;font-size:11px;color:#111827;">Inativo</td></tr><tr><th style="padding:3px 5px;text-align:left;background:#f3f4f6;border-bottom:1px solid #d1d5db;width:30%;font-size:11px;font-weight:600;color:#1f2937;">Data</th><td style="padding:3px 5px;border-bottom:1px solid #e5e7eb;font-size:11px;color:#111827;">Inativo</td></tr></table>]]></description><Point><coordinates>-46.6829700,-23.4881300,0</coordinates></Point></Placemark>
<Style id="s-PV-23">
<LineStyle><color>ff2fffad</color><width>2.0</width></LineStyle>
<PolyStyle><color>ff2fffad</color></PolyStyle>
<IconStyle><color>ff2fffad</color><scale>0.55</scale>
<Icon><href>http://maps.google.com/mapfiles/kml/shapes/placemark_circle.png</href></Icon>
</IconStyle>
<LabelStyle><scale>0.65</scale></LabelStyle>
</Style><Placemark><name>CV-024</name><styleUrl>#s-PV-23</styleUrl><description><![CDATA[<table style="border-collapse:collapse;width:100%;font-family:'Helvetica Neue',Helvetica,Arial,sans-serif;font-size:11px;border:1px solid #e5e7eb;border-radius:8px;overflow:hidden;"><tr><th colspan="2" style="padding:5px 8px;background:#1f6feb;color:#fff;text-align:left;font-size:12px;font-weight:600;">CV-024</th></tr><tr><th style="padding:3px 5px;text-align:left;background:#f3f4f6;border-bottom:1px solid #d1d5db;width:30%;font-size:11px;font-weight:600;color:#1f2937;">ID</th><td style="padding:3px 5px;border-bottom:1px solid #e5e7eb;font-size:11px;color:#111827;">CV-024</td></tr><tr><th style="padding:3px 5px;text-align:left;background:#f3f4f6;border-bottom:1px solid #d1d5db;width:30%;font-size:11px;font-weight:600;color:#1f2937;">Endereço</th><td style="padding:3px 5px;border-bottom:1px solid #e5e7eb;font-size:11px;color:#111827;">Rua Almir Rodrigues, 369</td></tr><tr><th style="padding:3px 5px;text-align:left;background:#f3f4f6;border-bottom:1px solid #d1d5db;width:30%;font-size:11px;font-weight:600;color:#1f2937;">Subprefeitura</th><td style="padding:3px 5px;border-bottom:1px solid #e5e7eb;font-size:11px;color:#111827;">Casa Verde/Cachoeirinha</td></tr><tr><th style="padding:3px 5px;text-align:left;background:#f3f4f6;border-bottom:1px solid #d1d5db;width:30%;font-size:11px;font-weight:600;color:#1f2937;">Volumetria</th><td style="padding:3px 5px;border-bottom:1px solid #e5e7eb;font-size:11px;color:#111827;">Entre 1m³ e 5m³</td></tr></table>]]></description><Point><coordinates>-46.6530100,-23.4681800,0</coordinates></Point></Placemark>
<Style id="s-PV-24">
<LineStyle><color>ff2fffad</color><width>2.0</width></LineStyle>
<PolyStyle><color>ff2fffad</color></PolyStyle>
<IconStyle><color>ff2fffad</color><scale>0.55</scale>
<Icon><href>http://maps.google.com/mapfiles/kml/shapes/placemark_circle.png</href></Icon>
</IconStyle>
<LabelStyle><scale>0.65</scale></LabelStyle>
</Style><Placemark><name>CV-025</name><styleUrl>#s-PV-24</styleUrl><description><![CDATA[<table style="border-collapse:collapse;width:100%;font-family:'Helvetica Neue',Helvetica,Arial,sans-serif;font-size:11px;border:1px solid #e5e7eb;border-radius:8px;overflow:hidden;"><tr><th colspan="2" style="padding:5px 8px;background:#1f6feb;color:#fff;text-align:left;font-size:12px;font-weight:600;">CV-025</th></tr><tr><th style="padding:3px 5px;text-align:left;background:#f3f4f6;border-bottom:1px solid #d1d5db;width:30%;font-size:11px;font-weight:600;color:#1f2937;">ID</th><td style="padding:3px 5px;border-bottom:1px solid #e5e7eb;font-size:11px;color:#111827;">CV-025</td></tr><tr><th style="padding:3px 5px;text-align:left;background:#f3f4f6;border-bottom:1px solid #d1d5db;width:30%;font-size:11px;font-weight:600;color:#1f2937;">Endereço</th><td style="padding:3px 5px;border-bottom:1px solid #e5e7eb;font-size:11px;color:#111827;">Rua Almir Rodrigues, 230</td></tr><tr><th style="padding:3px 5px;text-align:left;background:#f3f4f6;border-bottom:1px solid #d1d5db;width:30%;font-size:11px;font-weight:600;color:#1f2937;">Subprefeitura</th><td style="padding:3px 5px;border-bottom:1px solid #e5e7eb;font-size:11px;color:#111827;">Casa Verde/Cachoeirinha</td></tr><tr><th style="padding:3px 5px;text-align:left;background:#f3f4f6;border-bottom:1px solid #d1d5db;width:30%;font-size:11px;font-weight:600;color:#1f2937;">Volumetria</th><td style="padding:3px 5px;border-bottom:1px solid #e5e7eb;font-size:11px;color:#111827;">Entre 1m³ e 5m³</td></tr></table>]]></description><Point><coordinates>-46.6527000,-23.4693500,0</coordinates></Point></Placemark>
<Style id="s-PV-25">
<LineStyle><color>ff2fffad</color><width>2.0</width></LineStyle>
<PolyStyle><color>ff2fffad</color></PolyStyle>
<IconStyle><color>ff2fffad</color><scale>0.55</scale>
<Icon><href>http://maps.google.com/mapfiles/kml/shapes/placemark_circle.png</href></Icon>
</IconStyle>
<LabelStyle><scale>0.65</scale></LabelStyle>
</Style><Placemark><name>CV-026</name><styleUrl>#s-PV-25</styleUrl><description><![CDATA[<table style="border-collapse:collapse;width:100%;font-family:'Helvetica Neue',Helvetica,Arial,sans-serif;font-size:11px;border:1px solid #e5e7eb;border-radius:8px;overflow:hidden;"><tr><th colspan="2" style="padding:5px 8px;background:#1f6feb;color:#fff;text-align:left;font-size:12px;font-weight:600;">CV-026</th></tr><tr><th style="padding:3px 5px;text-align:left;background:#f3f4f6;border-bottom:1px solid #d1d5db;width:30%;font-size:11px;font-weight:600;color:#1f2937;">ID</th><td style="padding:3px 5px;border-bottom:1px solid #e5e7eb;font-size:11px;color:#111827;">CV-026</td></tr><tr><th style="padding:3px 5px;text-align:left;background:#f3f4f6;border-bottom:1px solid #d1d5db;width:30%;font-size:11px;font-weight:600;color:#1f2937;">Endereço</th><td style="padding:3px 5px;border-bottom:1px solid #e5e7eb;font-size:11px;color:#111827;">Rua Anisio Moreira, 473</td></tr><tr><th style="padding:3px 5px;text-align:left;background:#f3f4f6;border-bottom:1px solid #d1d5db;width:30%;font-size:11px;font-weight:600;color:#1f2937;">Subprefeitura</th><td style="padding:3px 5px;border-bottom:1px solid #e5e7eb;font-size:11px;color:#111827;">Casa Verde/Cachoeirinha</td></tr><tr><th style="padding:3px 5px;text-align:left;background:#f3f4f6;border-bottom:1px solid #d1d5db;width:30%;font-size:11px;font-weight:600;color:#1f2937;">Volumetria</th><td style="padding:3px 5px;border-bottom:1px solid #e5e7eb;font-size:11px;color:#111827;">Entre 1m³ e 5m³</td></tr></table>]]></description><Point><coordinates>-46.6564900,-23.4967700,0</coordinates></Point></Placemark>
<Style id="s-PV-26">
<LineStyle><color>ff2fffad</color><width>2.0</width></LineStyle>
<PolyStyle><color>ff2fffad</color></PolyStyle>
<IconStyle><color>ff2fffad</color><scale>0.55</scale>
<Icon><href>http://maps.google.com/mapfiles/kml/shapes/placemark_circle.png</href></Icon>
</IconStyle>
<LabelStyle><scale>0.65</scale></LabelStyle>
</Style><Placemark><name>CV-027</name><styleUrl>#s-PV-26</styleUrl><description><![CDATA[<table style="border-collapse:collapse;width:100%;font-family:'Helvetica Neue',Helvetica,Arial,sans-serif;font-size:11px;border:1px solid #e5e7eb;border-radius:8px;overflow:hidden;"><tr><th colspan="2" style="padding:5px 8px;background:#1f6feb;color:#fff;text-align:left;font-size:12px;font-weight:600;">CV-027</th></tr><tr><th style="padding:3px 5px;text-align:left;background:#f3f4f6;border-bottom:1px solid #d1d5db;width:30%;font-size:11px;font-weight:600;color:#1f2937;">ID</th><td style="padding:3px 5px;border-bottom:1px solid #e5e7eb;font-size:11px;color:#111827;">CV-027</td></tr><tr><th style="padding:3px 5px;text-align:left;background:#f3f4f6;border-bottom:1px solid #d1d5db;width:30%;font-size:11px;font-weight:600;color:#1f2937;">Endereço</th><td style="padding:3px 5px;border-bottom:1px solid #e5e7eb;font-size:11px;color:#111827;">Rua Antonio de Souza Costa, 57</td></tr><tr><th style="padding:3px 5px;text-align:left;background:#f3f4f6;border-bottom:1px solid #d1d5db;width:30%;font-size:11px;font-weight:600;color:#1f2937;">Subprefeitura</th><td style="padding:3px 5px;border-bottom:1px solid #e5e7eb;font-size:11px;color:#111827;">Casa Verde/Cachoeirinha</td></tr><tr><th style="padding:3px 5px;text-align:left;background:#f3f4f6;border-bottom:1px solid #d1d5db;width:30%;font-size:11px;font-weight:600;color:#1f2937;">Volumetria</th><td style="padding:3px 5px;border-bottom:1px solid #e5e7eb;font-size:11px;color:#111827;">Entre 1m³ e 5m³</td></tr></table>]]></description><Point><coordinates>-46.6563400,-23.4912300,0</coordinates></Point></Placemark>
<Style id="s-PV-27">
<LineStyle><color>ff2fffad</color><width>2.0</width></LineStyle>
<PolyStyle><color>ff2fffad</color></PolyStyle>
<IconStyle><color>ff2fffad</color><scale>0.55</scale>
<Icon><href>http://maps.google.com/mapfiles/kml/shapes/placemark_circle.png</href></Icon>
</IconStyle>
<LabelStyle><scale>0.65</scale></LabelStyle>
</Style><Placemark><name>CV-028</name><styleUrl>#s-PV-27</styleUrl><description><![CDATA[<table style="border-collapse:collapse;width:100%;font-family:'Helvetica Neue',Helvetica,Arial,sans-serif;font-size:11px;border:1px solid #e5e7eb;border-radius:8px;overflow:hidden;"><tr><th colspan="2" style="padding:5px 8px;background:#1f6feb;color:#fff;text-align:left;font-size:12px;font-weight:600;">CV-028</th></tr><tr><th style="padding:3px 5px;text-align:left;background:#f3f4f6;border-bottom:1px solid #d1d5db;width:30%;font-size:11px;font-weight:600;color:#1f2937;">ID</th><td style="padding:3px 5px;border-bottom:1px solid #e5e7eb;font-size:11px;color:#111827;">CV-028</td></tr><tr><th style="padding:3px 5px;text-align:left;background:#f3f4f6;border-bottom:1px solid #d1d5db;width:30%;font-size:11px;font-weight:600;color:#1f2937;">Endereço</th><td style="padding:3px 5px;border-bottom:1px solid #e5e7eb;font-size:11px;color:#111827;">Rua Antonio Dias da Silva, 203</td></tr><tr><th style="padding:3px 5px;text-align:left;background:#f3f4f6;border-bottom:1px solid #d1d5db;width:30%;font-size:11px;font-weight:600;color:#1f2937;">Subprefeitura</th><td style="padding:3px 5px;border-bottom:1px solid #e5e7eb;font-size:11px;color:#111827;">Casa Verde/Cachoeirinha</td></tr><tr><th style="padding:3px 5px;text-align:left;background:#f3f4f6;border-bottom:1px solid #d1d5db;width:30%;font-size:11px;font-weight:600;color:#1f2937;">Volumetria</th><td style="padding:3px 5px;border-bottom:1px solid #e5e7eb;font-size:11px;color:#111827;">Entre 1m³ e 5m³</td></tr></table>]]></description><Point><coordinates>-46.6492800,-23.4682000,0</coordinates></Point></Placemark>
<Style id="s-PV-28">
<LineStyle><color>ff2fffad</color><width>2.0</width></LineStyle>
<PolyStyle><color>ff2fffad</color></PolyStyle>
<IconStyle><color>ff2fffad</color><scale>0.55</scale>
<Icon><href>http://maps.google.com/mapfiles/kml/shapes/placemark_circle.png</href></Icon>
</IconStyle>
<LabelStyle><scale>0.65</scale></LabelStyle>
</Style><Placemark><name>CV-029</name><styleUrl>#s-PV-28</styleUrl><description><![CDATA[<table style="border-collapse:collapse;width:100%;font-family:'Helvetica Neue',Helvetica,Arial,sans-serif;font-size:11px;border:1px solid #e5e7eb;border-radius:8px;overflow:hidden;"><tr><th colspan="2" style="padding:5px 8px;background:#1f6feb;color:#fff;text-align:left;font-size:12px;font-weight:600;">CV-029</th></tr><tr><th style="padding:3px 5px;text-align:left;background:#f3f4f6;border-bottom:1px solid #d1d5db;width:30%;font-size:11px;font-weight:600;color:#1f2937;">ID</th><td style="padding:3px 5px;border-bottom:1px solid #e5e7eb;font-size:11px;color:#111827;">CV-029</td></tr><tr><th style="padding:3px 5px;text-align:left;background:#f3f4f6;border-bottom:1px solid #d1d5db;width:30%;font-size:11px;font-weight:600;color:#1f2937;">Endereço</th><td style="padding:3px 5px;border-bottom:1px solid #e5e7eb;font-size:11px;color:#111827;">Rua Antônio Pinto Vieira, 754</td></tr><tr><th style="padding:3px 5px;text-align:left;background:#f3f4f6;border-bottom:1px solid #d1d5db;width:30%;font-size:11px;font-weight:600;color:#1f2937;">Subprefeitura</th><td style="padding:3px 5px;border-bottom:1px solid #e5e7eb;font-size:11px;color:#111827;">Casa Verde/Cachoeirinha</td></tr><tr><th style="padding:3px 5px;text-align:left;background:#f3f4f6;border-bottom:1px solid #d1d5db;width:30%;font-size:11px;font-weight:600;color:#1f2937;">Volumetria</th><td style="padding:3px 5px;border-bottom:1px solid #e5e7eb;font-size:11px;color:#111827;">Entre 1m³ e 5m³</td></tr></table>]]></description><Point><coordinates>-46.6677900,-23.4835000,0</coordinates></Point></Placemark>
<Style id="s-PV-29">
<LineStyle><color>ff2fffad</color><width>2.0</width></LineStyle>
<PolyStyle><color>ff2fffad</color></PolyStyle>
<IconStyle><color>ff2fffad</color><scale>0.55</scale>
<Icon><href>http://maps.google.com/mapfiles/kml/shapes/placemark_circle.png</href></Icon>
</IconStyle>
<LabelStyle><scale>0.65</scale></LabelStyle>
</Style><Placemark><name>CV-030</name><styleUrl>#s-PV-29</styleUrl><description><![CDATA[<table style="border-collapse:collapse;width:100%;font-family:'Helvetica Neue',Helvetica,Arial,sans-serif;font-size:11px;border:1px solid #e5e7eb;border-radius:8px;overflow:hidden;"><tr><th colspan="2" style="padding:5px 8px;background:#1f6feb;color:#fff;text-align:left;font-size:12px;font-weight:600;">CV-030</th></tr><tr><th style="padding:3px 5px;text-align:left;background:#f3f4f6;border-bottom:1px solid #d1d5db;width:30%;font-size:11px;font-weight:600;color:#1f2937;">ID</th><td style="padding:3px 5px;border-bottom:1px solid #e5e7eb;font-size:11px;color:#111827;">CV-030</td></tr><tr><th style="padding:3px 5px;text-align:left;background:#f3f4f6;border-bottom:1px solid #d1d5db;width:30%;font-size:11px;font-weight:600;color:#1f2937;">Endereço</th><td style="padding:3px 5px;border-bottom:1px solid #e5e7eb;font-size:11px;color:#111827;">Rua Antonio Vera Cruz, 616</td></tr><tr><th style="padding:3px 5px;text-align:left;background:#f3f4f6;border-bottom:1px solid #d1d5db;width:30%;font-size:11px;font-weight:600;color:#1f2937;">Subprefeitura</th><td style="padding:3px 5px;border-bottom:1px solid #e5e7eb;font-size:11px;color:#111827;">Casa Verde/Cachoeirinha</td></tr><tr><th style="padding:3px 5px;text-align:left;background:#f3f4f6;border-bottom:1px solid #d1d5db;width:30%;font-size:11px;font-weight:600;color:#1f2937;">Volumetria</th><td style="padding:3px 5px;border-bottom:1px solid #e5e7eb;font-size:11px;color:#111827;">Entre 1m³ e 5m³</td></tr></table>]]></description><Point><coordinates>-46.6676900,-23.4947200,0</coordinates></Point></Placemark>
<Style id="s-PV-30">
<LineStyle><color>ff2fffad</color><width>2.0</width></LineStyle>
<PolyStyle><color>ff2fffad</color></PolyStyle>
<IconStyle><color>ff2fffad</color><scale>0.55</scale>
<Icon><href>http://maps.google.com/mapfiles/kml/shapes/placemark_circle.png</href></Icon>
</IconStyle>
<LabelStyle><scale>0.65</scale></LabelStyle>
</Style><Placemark><name>CV-031</name><styleUrl>#s-PV-30</styleUrl><description><![CDATA[<table style="border-collapse:collapse;width:100%;font-family:'Helvetica Neue',Helvetica,Arial,sans-serif;font-size:11px;border:1px solid #e5e7eb;border-radius:8px;overflow:hidden;"><tr><th colspan="2" style="padding:5px 8px;background:#1f6feb;color:#fff;text-align:left;font-size:12px;font-weight:600;">CV-031</th></tr><tr><th style="padding:3px 5px;text-align:left;background:#f3f4f6;border-bottom:1px solid #d1d5db;width:30%;font-size:11px;font-weight:600;color:#1f2937;">ID</th><td style="padding:3px 5px;border-bottom:1px solid #e5e7eb;font-size:11px;color:#111827;">CV-031</td></tr><tr><th style="padding:3px 5px;text-align:left;background:#f3f4f6;border-bottom:1px solid #d1d5db;width:30%;font-size:11px;font-weight:600;color:#1f2937;">Endereço</th><td style="padding:3px 5px;border-bottom:1px solid #e5e7eb;font-size:11px;color:#111827;">Rua Aristides Jofre, 566</td></tr><tr><th style="padding:3px 5px;text-align:left;background:#f3f4f6;border-bottom:1px solid #d1d5db;width:30%;font-size:11px;font-weight:600;color:#1f2937;">Subprefeitura</th><td style="padding:3px 5px;border-bottom:1px solid #e5e7eb;font-size:11px;color:#111827;">Casa Verde/Cachoeirinha</td></tr><tr><th style="padding:3px 5px;text-align:left;background:#f3f4f6;border-bottom:1px solid #d1d5db;width:30%;font-size:11px;font-weight:600;color:#1f2937;">Volumetria</th><td style="padding:3px 5px;border-bottom:1px solid #e5e7eb;font-size:11px;color:#111827;">Entre 1m³ e 5m³</td></tr></table>]]></description><Point><coordinates>-46.6658900,-23.4859000,0</coordinates></Point></Placemark>
<Style id="s-PV-31">
<LineStyle><color>ff2fffad</color><width>2.0</width></LineStyle>
<PolyStyle><color>ff2fffad</color></PolyStyle>
<IconStyle><color>ff2fffad</color><scale>0.55</scale>
<Icon><href>http://maps.google.com/mapfiles/kml/shapes/placemark_circle.png</href></Icon>
</IconStyle>
<LabelStyle><scale>0.65</scale></LabelStyle>
</Style><Placemark><name>CV-032</name><styleUrl>#s-PV-31</styleUrl><description><![CDATA[<table style="border-collapse:collapse;width:100%;font-family:'Helvetica Neue',Helvetica,Arial,sans-serif;font-size:11px;border:1px solid #e5e7eb;border-radius:8px;overflow:hidden;"><tr><th colspan="2" style="padding:5px 8px;background:#1f6feb;color:#fff;text-align:left;font-size:12px;font-weight:600;">CV-032</th></tr><tr><th style="padding:3px 5px;text-align:left;background:#f3f4f6;border-bottom:1px solid #d1d5db;width:30%;font-size:11px;font-weight:600;color:#1f2937;">ID</th><td style="padding:3px 5px;border-bottom:1px solid #e5e7eb;font-size:11px;color:#111827;">CV-032</td></tr><tr><th style="padding:3px 5px;text-align:left;background:#f3f4f6;border-bottom:1px solid #d1d5db;width:30%;font-size:11px;font-weight:600;color:#1f2937;">Endereço</th><td style="padding:3px 5px;border-bottom:1px solid #e5e7eb;font-size:11px;color:#111827;">Rua Atlântico Meridional, 246</td></tr><tr><th style="padding:3px 5px;text-align:left;background:#f3f4f6;border-bottom:1px solid #d1d5db;width:30%;font-size:11px;font-weight:600;color:#1f2937;">Subprefeitura</th><td style="padding:3px 5px;border-bottom:1px solid #e5e7eb;font-size:11px;color:#111827;">Casa Verde/Cachoeirinha</td></tr><tr><th style="padding:3px 5px;text-align:left;background:#f3f4f6;border-bottom:1px solid #d1d5db;width:30%;font-size:11px;font-weight:600;color:#1f2937;">Volumetria</th><td style="padding:3px 5px;border-bottom:1px solid #e5e7eb;font-size:11px;color:#111827;">Entre 1m³ e 5m³</td></tr></table>]]></description><Point><coordinates>-46.6587900,-23.4777000,0</coordinates></Point></Placemark>
<Style id="s-PV-32">
<LineStyle><color>ff2fffad</color><width>2.0</width></LineStyle>
<PolyStyle><color>ff2fffad</color></PolyStyle>
<IconStyle><color>ff2fffad</color><scale>0.55</scale>
<Icon><href>http://maps.google.com/mapfiles/kml/shapes/placemark_circle.png</href></Icon>
</IconStyle>
<LabelStyle><scale>0.65</scale></LabelStyle>
</Style><Placemark><name>CV-033</name><styleUrl>#s-PV-32</styleUrl><description><![CDATA[<table style="border-collapse:collapse;width:100%;font-family:'Helvetica Neue',Helvetica,Arial,sans-serif;font-size:11px;border:1px solid #e5e7eb;border-radius:8px;overflow:hidden;"><tr><th colspan="2" style="padding:5px 8px;background:#1f6feb;color:#fff;text-align:left;font-size:12px;font-weight:600;">CV-033</th></tr><tr><th style="padding:3px 5px;text-align:left;background:#f3f4f6;border-bottom:1px solid #d1d5db;width:30%;font-size:11px;font-weight:600;color:#1f2937;">ID</th><td style="padding:3px 5px;border-bottom:1px solid #e5e7eb;font-size:11px;color:#111827;">CV-033</td></tr><tr><th style="padding:3px 5px;text-align:left;background:#f3f4f6;border-bottom:1px solid #d1d5db;width:30%;font-size:11px;font-weight:600;color:#1f2937;">Endereço</th><td style="padding:3px 5px;border-bottom:1px solid #e5e7eb;font-size:11px;color:#111827;">Rua Atlântico Meridional, 82</td></tr><tr><th style="padding:3px 5px;text-align:left;background:#f3f4f6;border-bottom:1px solid #d1d5db;width:30%;font-size:11px;font-weight:600;color:#1f2937;">Subprefeitura</th><td style="padding:3px 5px;border-bottom:1px solid #e5e7eb;font-size:11px;color:#111827;">Casa Verde/Cachoeirinha</td></tr><tr><th style="padding:3px 5px;text-align:left;background:#f3f4f6;border-bottom:1px solid #d1d5db;width:30%;font-size:11px;font-weight:600;color:#1f2937;">Volumetria</th><td style="padding:3px 5px;border-bottom:1px solid #e5e7eb;font-size:11px;color:#111827;">Entre 1m³ e 5m³</td></tr></table>]]></description><Point><coordinates>-46.6579800,-23.4770200,0</coordinates></Point></Placemark>
<Style id="s-PV-33">
<LineStyle><color>ff2fffad</color><width>2.0</width></LineStyle>
<PolyStyle><color>ff2fffad</color></PolyStyle>
<IconStyle><color>ff2fffad</color><scale>0.55</scale>
<Icon><href>http://maps.google.com/mapfiles/kml/shapes/placemark_circle.png</href></Icon>
</IconStyle>
<LabelStyle><scale>0.65</scale></LabelStyle>
</Style><Placemark><name>CV-034</name><styleUrl>#s-PV-33</styleUrl><description><![CDATA[<table style="border-collapse:collapse;width:100%;font-family:'Helvetica Neue',Helvetica,Arial,sans-serif;font-size:11px;border:1px solid #e5e7eb;border-radius:8px;overflow:hidden;"><tr><th colspan="2" style="padding:5px 8px;background:#1f6feb;color:#fff;text-align:left;font-size:12px;font-weight:600;">CV-034</th></tr><tr><th style="padding:3px 5px;text-align:left;background:#f3f4f6;border-bottom:1px solid #d1d5db;width:30%;font-size:11px;font-weight:600;color:#1f2937;">ID</th><td style="padding:3px 5px;border-bottom:1px solid #e5e7eb;font-size:11px;color:#111827;">CV-034</td></tr><tr><th style="padding:3px 5px;text-align:left;background:#f3f4f6;border-bottom:1px solid #d1d5db;width:30%;font-size:11px;font-weight:600;color:#1f2937;">Endereço</th><td style="padding:3px 5px;border-bottom:1px solid #e5e7eb;font-size:11px;color:#111827;">Rua Brazelisa Alves de Carvalho, 211</td></tr><tr><th style="padding:3px 5px;text-align:left;background:#f3f4f6;border-bottom:1px solid #d1d5db;width:30%;font-size:11px;font-weight:600;color:#1f2937;">Subprefeitura</th><td style="padding:3px 5px;border-bottom:1px solid #e5e7eb;font-size:11px;color:#111827;">Casa Verde/Cachoeirinha</td></tr><tr><th style="padding:3px 5px;text-align:left;background:#f3f4f6;border-bottom:1px solid #d1d5db;width:30%;font-size:11px;font-weight:600;color:#1f2937;">Volumetria</th><td style="padding:3px 5px;border-bottom:1px solid #e5e7eb;font-size:11px;color:#111827;">Entre 1m³ e 5m³</td></tr></table>]]></description><Point><coordinates>-46.6504700,-23.5137200,0</coordinates></Point></Placemark>
<Style id="s-PV-34">
<LineStyle><color>ff2fffad</color><width>2.0</width></LineStyle>
<PolyStyle><color>ff2fffad</color></PolyStyle>
<IconStyle><color>ff2fffad</color><scale>0.55</scale>
<Icon><href>http://maps.google.com/mapfiles/kml/shapes/placemark_circle.png</href></Icon>
</IconStyle>
<LabelStyle><scale>0.65</scale></LabelStyle>
</Style><Placemark><name>CV-035</name><styleUrl>#s-PV-34</styleUrl><description><![CDATA[<table style="border-collapse:collapse;width:100%;font-family:'Helvetica Neue',Helvetica,Arial,sans-serif;font-size:11px;border:1px solid #e5e7eb;border-radius:8px;overflow:hidden;"><tr><th colspan="2" style="padding:5px 8px;background:#1f6feb;color:#fff;text-align:left;font-size:12px;font-weight:600;">CV-035</th></tr><tr><th style="padding:3px 5px;text-align:left;background:#f3f4f6;border-bottom:1px solid #d1d5db;width:30%;font-size:11px;font-weight:600;color:#1f2937;">ID</th><td style="padding:3px 5px;border-bottom:1px solid #e5e7eb;font-size:11px;color:#111827;">CV-035</td></tr><tr><th style="padding:3px 5px;text-align:left;background:#f3f4f6;border-bottom:1px solid #d1d5db;width:30%;font-size:11px;font-weight:600;color:#1f2937;">Endereço</th><td style="padding:3px 5px;border-bottom:1px solid #e5e7eb;font-size:11px;color:#111827;">Rua Brazelisa Alves de Carvalho, 188</td></tr><tr><th style="padding:3px 5px;text-align:left;background:#f3f4f6;border-bottom:1px solid #d1d5db;width:30%;font-size:11px;font-weight:600;color:#1f2937;">Subprefeitura</th><td style="padding:3px 5px;border-bottom:1px solid #e5e7eb;font-size:11px;color:#111827;">Casa Verde/Cachoeirinha</td></tr><tr><th style="padding:3px 5px;text-align:left;background:#f3f4f6;border-bottom:1px solid #d1d5db;width:30%;font-size:11px;font-weight:600;color:#1f2937;">Volumetria</th><td style="padding:3px 5px;border-bottom:1px solid #e5e7eb;font-size:11px;color:#111827;">Entre 1m³ e 5m³</td></tr></table>]]></description><Point><coordinates>-46.6504500,-23.5139100,0</coordinates></Point></Placemark>
<Style id="s-PV-35">
<LineStyle><color>ff2fffad</color><width>2.0</width></LineStyle>
<PolyStyle><color>ff2fffad</color></PolyStyle>
<IconStyle><color>ff2fffad</color><scale>0.55</scale>
<Icon><href>http://maps.google.com/mapfiles/kml/shapes/placemark_circle.png</href></Icon>
</IconStyle>
<LabelStyle><scale>0.65</scale></LabelStyle>
</Style><Placemark><name>CV-036</name><styleUrl>#s-PV-35</styleUrl><description><![CDATA[<table style="border-collapse:collapse;width:100%;font-family:'Helvetica Neue',Helvetica,Arial,sans-serif;font-size:11px;border:1px solid #e5e7eb;border-radius:8px;overflow:hidden;"><tr><th colspan="2" style="padding:5px 8px;background:#1f6feb;color:#fff;text-align:left;font-size:12px;font-weight:600;">CV-036</th></tr><tr><th style="padding:3px 5px;text-align:left;background:#f3f4f6;border-bottom:1px solid #d1d5db;width:30%;font-size:11px;font-weight:600;color:#1f2937;">ID</th><td style="padding:3px 5px;border-bottom:1px solid #e5e7eb;font-size:11px;color:#111827;">CV-036</td></tr><tr><th style="padding:3px 5px;text-align:left;background:#f3f4f6;border-bottom:1px solid #d1d5db;width:30%;font-size:11px;font-weight:600;color:#1f2937;">Endereço</th><td style="padding:3px 5px;border-bottom:1px solid #e5e7eb;font-size:11px;color:#111827;">Rua Caetano Nogueira da Costa, 735</td></tr><tr><th style="padding:3px 5px;text-align:left;background:#f3f4f6;border-bottom:1px solid #d1d5db;width:30%;font-size:11px;font-weight:600;color:#1f2937;">Subprefeitura</th><td style="padding:3px 5px;border-bottom:1px solid #e5e7eb;font-size:11px;color:#111827;">Casa Verde/Cachoeirinha</td></tr><tr><th style="padding:3px 5px;text-align:left;background:#f3f4f6;border-bottom:1px solid #d1d5db;width:30%;font-size:11px;font-weight:600;color:#1f2937;">Volumetria</th><td style="padding:3px 5px;border-bottom:1px solid #e5e7eb;font-size:11px;color:#111827;">Entre 1m³ e 5m³</td></tr></table>]]></description><Point><coordinates>-46.6632100,-23.4552600,0</coordinates></Point></Placemark>
<Style id="s-PV-36">
<LineStyle><color>ff2fffad</color><width>2.0</width></LineStyle>
<PolyStyle><color>ff2fffad</color></PolyStyle>
<IconStyle><color>ff2fffad</color><scale>0.55</scale>
<Icon><href>http://maps.google.com/mapfiles/kml/shapes/placemark_circle.png</href></Icon>
</IconStyle>
<LabelStyle><scale>0.65</scale></LabelStyle>
</Style><Placemark><name>CV-037</name><styleUrl>#s-PV-36</styleUrl><description><![CDATA[<table style="border-collapse:collapse;width:100%;font-family:'Helvetica Neue',Helvetica,Arial,sans-serif;font-size:11px;border:1px solid #e5e7eb;border-radius:8px;overflow:hidden;"><tr><th colspan="2" style="padding:5px 8px;background:#1f6feb;color:#fff;text-align:left;font-size:12px;font-weight:600;">CV-037</th></tr><tr><th style="padding:3px 5px;text-align:left;background:#f3f4f6;border-bottom:1px solid #d1d5db;width:30%;font-size:11px;font-weight:600;color:#1f2937;">ID</th><td style="padding:3px 5px;border-bottom:1px solid #e5e7eb;font-size:11px;color:#111827;">CV-037</td></tr><tr><th style="padding:3px 5px;text-align:left;background:#f3f4f6;border-bottom:1px solid #d1d5db;width:30%;font-size:11px;font-weight:600;color:#1f2937;">Endereço</th><td style="padding:3px 5px;border-bottom:1px solid #e5e7eb;font-size:11px;color:#111827;">Rua Carlos Porto Carreiro X Rua Francisco Rodrigues Nunes</td></tr><tr><th style="padding:3px 5px;text-align:left;background:#f3f4f6;border-bottom:1px solid #d1d5db;width:30%;font-size:11px;font-weight:600;color:#1f2937;">Subprefeitura</th><td style="padding:3px 5px;border-bottom:1px solid #e5e7eb;font-size:11px;color:#111827;">Casa Verde/Cachoeirinha</td></tr><tr><th style="padding:3px 5px;text-align:left;background:#f3f4f6;border-bottom:1px solid #d1d5db;width:30%;font-size:11px;font-weight:600;color:#1f2937;">Volumetria</th><td style="padding:3px 5px;border-bottom:1px solid #e5e7eb;font-size:11px;color:#111827;">Entre 1m³ e 5m³</td></tr></table>]]></description><Point><coordinates>-46.6839800,-23.5073500,0</coordinates></Point></Placemark>
<Style id="s-PV-37">
<LineStyle><color>ff2fffad</color><width>2.0</width></LineStyle>
<PolyStyle><color>ff2fffad</color></PolyStyle>
<IconStyle><color>ff2fffad</color><scale>0.55</scale>
<Icon><href>http://maps.google.com/mapfiles/kml/shapes/placemark_circle.png</href></Icon>
</IconStyle>
<LabelStyle><scale>0.65</scale></LabelStyle>
</Style><Placemark><name>CV-038</name><styleUrl>#s-PV-37</styleUrl><description><![CDATA[<table style="border-collapse:collapse;width:100%;font-family:'Helvetica Neue',Helvetica,Arial,sans-serif;font-size:11px;border:1px solid #e5e7eb;border-radius:8px;overflow:hidden;"><tr><th colspan="2" style="padding:5px 8px;background:#1f6feb;color:#fff;text-align:left;font-size:12px;font-weight:600;">CV-038</th></tr><tr><th style="padding:3px 5px;text-align:left;background:#f3f4f6;border-bottom:1px solid #d1d5db;width:30%;font-size:11px;font-weight:600;color:#1f2937;">ID</th><td style="padding:3px 5px;border-bottom:1px solid #e5e7eb;font-size:11px;color:#111827;">CV-038</td></tr><tr><th style="padding:3px 5px;text-align:left;background:#f3f4f6;border-bottom:1px solid #d1d5db;width:30%;font-size:11px;font-weight:600;color:#1f2937;">Endereço</th><td style="padding:3px 5px;border-bottom:1px solid #e5e7eb;font-size:11px;color:#111827;">Rua Carolina Soares, 950</td></tr><tr><th style="padding:3px 5px;text-align:left;background:#f3f4f6;border-bottom:1px solid #d1d5db;width:30%;font-size:11px;font-weight:600;color:#1f2937;">Subprefeitura</th><td style="padding:3px 5px;border-bottom:1px solid #e5e7eb;font-size:11px;color:#111827;">Casa Verde/Cachoeirinha</td></tr><tr><th style="padding:3px 5px;text-align:left;background:#f3f4f6;border-bottom:1px solid #d1d5db;width:30%;font-size:11px;font-weight:600;color:#1f2937;">Volumetria</th><td style="padding:3px 5px;border-bottom:1px solid #e5e7eb;font-size:11px;color:#111827;">Entre 1m³ e 5m³</td></tr></table>]]></description><Point><coordinates>-46.6668300,-23.4965200,0</coordinates></Point></Placemark>
<Style id="s-PV-38">
<LineStyle><color>ff2fffad</color><width>2.0</width></LineStyle>
<PolyStyle><color>ff2fffad</color></PolyStyle>
<IconStyle><color>ff2fffad</color><scale>0.55</scale>
<Icon><href>http://maps.google.com/mapfiles/kml/shapes/placemark_circle.png</href></Icon>
</IconStyle>
<LabelStyle><scale>0.65</scale></LabelStyle>
</Style><Placemark><name>CV-039</name><styleUrl>#s-PV-38</styleUrl><description><![CDATA[<table style="border-collapse:collapse;width:100%;font-family:'Helvetica Neue',Helvetica,Arial,sans-serif;font-size:11px;border:1px solid #e5e7eb;border-radius:8px;overflow:hidden;"><tr><th colspan="2" style="padding:5px 8px;background:#1f6feb;color:#fff;text-align:left;font-size:12px;font-weight:600;">CV-039</th></tr><tr><th style="padding:3px 5px;text-align:left;background:#f3f4f6;border-bottom:1px solid #d1d5db;width:30%;font-size:11px;font-weight:600;color:#1f2937;">ID</th><td style="padding:3px 5px;border-bottom:1px solid #e5e7eb;font-size:11px;color:#111827;">CV-039</td></tr><tr><th style="padding:3px 5px;text-align:left;background:#f3f4f6;border-bottom:1px solid #d1d5db;width:30%;font-size:11px;font-weight:600;color:#1f2937;">Endereço</th><td style="padding:3px 5px;border-bottom:1px solid #e5e7eb;font-size:11px;color:#111827;">Rua Coronel Euclides Machado X Rua Doutor Freire Cisneiro</td></tr><tr><th style="padding:3px 5px;text-align:left;background:#f3f4f6;border-bottom:1px solid #d1d5db;width:30%;font-size:11px;font-weight:600;color:#1f2937;">Subprefeitura</th><td style="padding:3px 5px;border-bottom:1px solid #e5e7eb;font-size:11px;color:#111827;">Casa Verde/Cachoeirinha</td></tr><tr><th style="padding:3px 5px;text-align:left;background:#f3f4f6;border-bottom:1px solid #d1d5db;width:30%;font-size:11px;font-weight:600;color:#1f2937;">Volumetria</th><td style="padding:3px 5px;border-bottom:1px solid #e5e7eb;font-size:11px;color:#111827;">Entre 1m³ e 5m³</td></tr></table>]]></description><Point><coordinates>-46.6868800,-23.5067100,0</coordinates></Point></Placemark>
<Style id="s-PV-39">
<LineStyle><color>ff2fffad</color><width>2.0</width></LineStyle>
<PolyStyle><color>ff2fffad</color></PolyStyle>
<IconStyle><color>ff2fffad</color><scale>0.55</scale>
<Icon><href>http://maps.google.com/mapfiles/kml/shapes/placemark_circle.png</href></Icon>
</IconStyle>
<LabelStyle><scale>0.65</scale></LabelStyle>
</Style><Placemark><name>CV-040</name><styleUrl>#s-PV-39</styleUrl><description><![CDATA[<table style="border-collapse:collapse;width:100%;font-family:'Helvetica Neue',Helvetica,Arial,sans-serif;font-size:11px;border:1px solid #e5e7eb;border-radius:8px;overflow:hidden;"><tr><th colspan="2" style="padding:5px 8px;background:#1f6feb;color:#fff;text-align:left;font-size:12px;font-weight:600;">CV-040</th></tr><tr><th style="padding:3px 5px;text-align:left;background:#f3f4f6;border-bottom:1px solid #d1d5db;width:30%;font-size:11px;font-weight:600;color:#1f2937;">ID</th><td style="padding:3px 5px;border-bottom:1px solid #e5e7eb;font-size:11px;color:#111827;">CV-040</td></tr><tr><th style="padding:3px 5px;text-align:left;background:#f3f4f6;border-bottom:1px solid #d1d5db;width:30%;font-size:11px;font-weight:600;color:#1f2937;">Endereço</th><td style="padding:3px 5px;border-bottom:1px solid #e5e7eb;font-size:11px;color:#111827;">Rua Coronel Euclides Machado, 901</td></tr><tr><th style="padding:3px 5px;text-align:left;background:#f3f4f6;border-bottom:1px solid #d1d5db;width:30%;font-size:11px;font-weight:600;color:#1f2937;">Subprefeitura</th><td style="padding:3px 5px;border-bottom:1px solid #e5e7eb;font-size:11px;color:#111827;">Casa Verde/Cachoeirinha</td></tr><tr><th style="padding:3px 5px;text-align:left;background:#f3f4f6;border-bottom:1px solid #d1d5db;width:30%;font-size:11px;font-weight:600;color:#1f2937;">Volumetria</th><td style="padding:3px 5px;border-bottom:1px solid #e5e7eb;font-size:11px;color:#111827;">Entre 1m³ e 5m³</td></tr></table>]]></description><Point><coordinates>-46.6860600,-23.5057500,0</coordinates></Point></Placemark>
<Style id="s-PV-40">
<LineStyle><color>ff2fffad</color><width>2.0</width></LineStyle>
<PolyStyle><color>ff2fffad</color></PolyStyle>
<IconStyle><color>ff2fffad</color><scale>0.55</scale>
<Icon><href>http://maps.google.com/mapfiles/kml/shapes/placemark_circle.png</href></Icon>
</IconStyle>
<LabelStyle><scale>0.65</scale></LabelStyle>
</Style><Placemark><name>CV-041</name><styleUrl>#s-PV-40</styleUrl><description><![CDATA[<table style="border-collapse:collapse;width:100%;font-family:'Helvetica Neue',Helvetica,Arial,sans-serif;font-size:11px;border:1px solid #e5e7eb;border-radius:8px;overflow:hidden;"><tr><th colspan="2" style="padding:5px 8px;background:#1f6feb;color:#fff;text-align:left;font-size:12px;font-weight:600;">CV-041</th></tr><tr><th style="padding:3px 5px;text-align:left;background:#f3f4f6;border-bottom:1px solid #d1d5db;width:30%;font-size:11px;font-weight:600;color:#1f2937;">ID</th><td style="padding:3px 5px;border-bottom:1px solid #e5e7eb;font-size:11px;color:#111827;">CV-041</td></tr><tr><th style="padding:3px 5px;text-align:left;background:#f3f4f6;border-bottom:1px solid #d1d5db;width:30%;font-size:11px;font-weight:600;color:#1f2937;">Endereço</th><td style="padding:3px 5px;border-bottom:1px solid #e5e7eb;font-size:11px;color:#111827;">Rua da Ventura, 292</td></tr><tr><th style="padding:3px 5px;text-align:left;background:#f3f4f6;border-bottom:1px solid #d1d5db;width:30%;font-size:11px;font-weight:600;color:#1f2937;">Subprefeitura</th><td style="padding:3px 5px;border-bottom:1px solid #e5e7eb;font-size:11px;color:#111827;">Casa Verde/Cachoeirinha</td></tr><tr><th style="padding:3px 5px;text-align:left;background:#f3f4f6;border-bottom:1px solid #d1d5db;width:30%;font-size:11px;font-weight:600;color:#1f2937;">Volumetria</th><td style="padding:3px 5px;border-bottom:1px solid #e5e7eb;font-size:11px;color:#111827;">Entre 1m³ e 5m³</td></tr><tr><th style="padding:3px 5px;text-align:left;background:#f3f4f6;border-bottom:1px solid #d1d5db;width:30%;font-size:11px;font-weight:600;color:#1f2937;">Status</th><td style="padding:3px 5px;border-bottom:1px solid #e5e7eb;font-size:11px;color:#111827;">Revitalizado</td></tr><tr><th style="padding:3px 5px;text-align:left;background:#f3f4f6;border-bottom:1px solid #d1d5db;width:30%;font-size:11px;font-weight:600;color:#1f2937;">Data</th><td style="padding:3px 5px;border-bottom:1px solid #e5e7eb;font-size:11px;color:#111827;">45997</td></tr></table>]]></description><Point><coordinates>-46.6602900,-23.4713200,0</coordinates></Point></Placemark>
<Style id="s-PV-41">
<LineStyle><color>ff2fffad</color><width>2.0</width></LineStyle>
<PolyStyle><color>ff2fffad</color></PolyStyle>
<IconStyle><color>ff2fffad</color><scale>0.55</scale>
<Icon><href>http://maps.google.com/mapfiles/kml/shapes/placemark_circle.png</href></Icon>
</IconStyle>
<LabelStyle><scale>0.65</scale></LabelStyle>
</Style><Placemark><name>CV-042</name><styleUrl>#s-PV-41</styleUrl><description><![CDATA[<table style="border-collapse:collapse;width:100%;font-family:'Helvetica Neue',Helvetica,Arial,sans-serif;font-size:11px;border:1px solid #e5e7eb;border-radius:8px;overflow:hidden;"><tr><th colspan="2" style="padding:5px 8px;background:#1f6feb;color:#fff;text-align:left;font-size:12px;font-weight:600;">CV-042</th></tr><tr><th style="padding:3px 5px;text-align:left;background:#f3f4f6;border-bottom:1px solid #d1d5db;width:30%;font-size:11px;font-weight:600;color:#1f2937;">ID</th><td style="padding:3px 5px;border-bottom:1px solid #e5e7eb;font-size:11px;color:#111827;">CV-042</td></tr><tr><th style="padding:3px 5px;text-align:left;background:#f3f4f6;border-bottom:1px solid #d1d5db;width:30%;font-size:11px;font-weight:600;color:#1f2937;">Endereço</th><td style="padding:3px 5px;border-bottom:1px solid #e5e7eb;font-size:11px;color:#111827;">Rua Dario Vilares Barbosa, 496</td></tr><tr><th style="padding:3px 5px;text-align:left;background:#f3f4f6;border-bottom:1px solid #d1d5db;width:30%;font-size:11px;font-weight:600;color:#1f2937;">Subprefeitura</th><td style="padding:3px 5px;border-bottom:1px solid #e5e7eb;font-size:11px;color:#111827;">Casa Verde/Cachoeirinha</td></tr><tr><th style="padding:3px 5px;text-align:left;background:#f3f4f6;border-bottom:1px solid #d1d5db;width:30%;font-size:11px;font-weight:600;color:#1f2937;">Volumetria</th><td style="padding:3px 5px;border-bottom:1px solid #e5e7eb;font-size:11px;color:#111827;">Entre 1m³ e 5m³</td></tr></table>]]></description><Point><coordinates>-46.6735700,-23.4569400,0</coordinates></Point></Placemark>
<Style id="s-PV-42">
<LineStyle><color>ff2fffad</color><width>2.0</width></LineStyle>
<PolyStyle><color>ff2fffad</color></PolyStyle>
<IconStyle><color>ff2fffad</color><scale>0.55</scale>
<Icon><href>http://maps.google.com/mapfiles/kml/shapes/placemark_circle.png</href></Icon>
</IconStyle>
<LabelStyle><scale>0.65</scale></LabelStyle>
</Style><Placemark><name>CV-043</name><styleUrl>#s-PV-42</styleUrl><description><![CDATA[<table style="border-collapse:collapse;width:100%;font-family:'Helvetica Neue',Helvetica,Arial,sans-serif;font-size:11px;border:1px solid #e5e7eb;border-radius:8px;overflow:hidden;"><tr><th colspan="2" style="padding:5px 8px;background:#1f6feb;color:#fff;text-align:left;font-size:12px;font-weight:600;">CV-043</th></tr><tr><th style="padding:3px 5px;text-align:left;background:#f3f4f6;border-bottom:1px solid #d1d5db;width:30%;font-size:11px;font-weight:600;color:#1f2937;">ID</th><td style="padding:3px 5px;border-bottom:1px solid #e5e7eb;font-size:11px;color:#111827;">CV-043</td></tr><tr><th style="padding:3px 5px;text-align:left;background:#f3f4f6;border-bottom:1px solid #d1d5db;width:30%;font-size:11px;font-weight:600;color:#1f2937;">Endereço</th><td style="padding:3px 5px;border-bottom:1px solid #e5e7eb;font-size:11px;color:#111827;">Rua Dobrada, 382</td></tr><tr><th style="padding:3px 5px;text-align:left;background:#f3f4f6;border-bottom:1px solid #d1d5db;width:30%;font-size:11px;font-weight:600;color:#1f2937;">Subprefeitura</th><td style="padding:3px 5px;border-bottom:1px solid #e5e7eb;font-size:11px;color:#111827;">Casa Verde/Cachoeirinha</td></tr><tr><th style="padding:3px 5px;text-align:left;background:#f3f4f6;border-bottom:1px solid #d1d5db;width:30%;font-size:11px;font-weight:600;color:#1f2937;">Volumetria</th><td style="padding:3px 5px;border-bottom:1px solid #e5e7eb;font-size:11px;color:#111827;">Entre 1m³ e 5m³</td></tr><tr><th style="padding:3px 5px;text-align:left;background:#f3f4f6;border-bottom:1px solid #d1d5db;width:30%;font-size:11px;font-weight:600;color:#1f2937;">Status</th><td style="padding:3px 5px;border-bottom:1px solid #e5e7eb;font-size:11px;color:#111827;">Revitalizado</td></tr><tr><th style="padding:3px 5px;text-align:left;background:#f3f4f6;border-bottom:1px solid #d1d5db;width:30%;font-size:11px;font-weight:600;color:#1f2937;">Data</th><td style="padding:3px 5px;border-bottom:1px solid #e5e7eb;font-size:11px;color:#111827;">45990</td></tr></table>]]></description><Point><coordinates>-46.6527300,-23.5060000,0</coordinates></Point></Placemark>
<Style id="s-PV-43">
<LineStyle><color>ff2fffad</color><width>2.0</width></LineStyle>
<PolyStyle><color>ff2fffad</color></PolyStyle>
<IconStyle><color>ff2fffad</color><scale>0.55</scale>
<Icon><href>http://maps.google.com/mapfiles/kml/shapes/placemark_circle.png</href></Icon>
</IconStyle>
<LabelStyle><scale>0.65</scale></LabelStyle>
</Style><Placemark><name>CV-044</name><styleUrl>#s-PV-43</styleUrl><description><![CDATA[<table style="border-collapse:collapse;width:100%;font-family:'Helvetica Neue',Helvetica,Arial,sans-serif;font-size:11px;border:1px solid #e5e7eb;border-radius:8px;overflow:hidden;"><tr><th colspan="2" style="padding:5px 8px;background:#1f6feb;color:#fff;text-align:left;font-size:12px;font-weight:600;">CV-044</th></tr><tr><th style="padding:3px 5px;text-align:left;background:#f3f4f6;border-bottom:1px solid #d1d5db;width:30%;font-size:11px;font-weight:600;color:#1f2937;">ID</th><td style="padding:3px 5px;border-bottom:1px solid #e5e7eb;font-size:11px;color:#111827;">CV-044</td></tr><tr><th style="padding:3px 5px;text-align:left;background:#f3f4f6;border-bottom:1px solid #d1d5db;width:30%;font-size:11px;font-weight:600;color:#1f2937;">Endereço</th><td style="padding:3px 5px;border-bottom:1px solid #e5e7eb;font-size:11px;color:#111827;">Rua Dobrada, 195</td></tr><tr><th style="padding:3px 5px;text-align:left;background:#f3f4f6;border-bottom:1px solid #d1d5db;width:30%;font-size:11px;font-weight:600;color:#1f2937;">Subprefeitura</th><td style="padding:3px 5px;border-bottom:1px solid #e5e7eb;font-size:11px;color:#111827;">Casa Verde/Cachoeirinha</td></tr><tr><th style="padding:3px 5px;text-align:left;background:#f3f4f6;border-bottom:1px solid #d1d5db;width:30%;font-size:11px;font-weight:600;color:#1f2937;">Volumetria</th><td style="padding:3px 5px;border-bottom:1px solid #e5e7eb;font-size:11px;color:#111827;">Entre 1m³ e 5m³</td></tr></table>]]></description><Point><coordinates>-46.6517500,-23.5073100,0</coordinates></Point></Placemark>
<Style id="s-PV-44">
<LineStyle><color>ff2fffad</color><width>2.0</width></LineStyle>
<PolyStyle><color>ff2fffad</color></PolyStyle>
<IconStyle><color>ff2fffad</color><scale>0.55</scale>
<Icon><href>http://maps.google.com/mapfiles/kml/shapes/placemark_circle.png</href></Icon>
</IconStyle>
<LabelStyle><scale>0.65</scale></LabelStyle>
</Style><Placemark><name>CV-045</name><styleUrl>#s-PV-44</styleUrl><description><![CDATA[<table style="border-collapse:collapse;width:100%;font-family:'Helvetica Neue',Helvetica,Arial,sans-serif;font-size:11px;border:1px solid #e5e7eb;border-radius:8px;overflow:hidden;"><tr><th colspan="2" style="padding:5px 8px;background:#1f6feb;color:#fff;text-align:left;font-size:12px;font-weight:600;">CV-045</th></tr><tr><th style="padding:3px 5px;text-align:left;background:#f3f4f6;border-bottom:1px solid #d1d5db;width:30%;font-size:11px;font-weight:600;color:#1f2937;">ID</th><td style="padding:3px 5px;border-bottom:1px solid #e5e7eb;font-size:11px;color:#111827;">CV-045</td></tr><tr><th style="padding:3px 5px;text-align:left;background:#f3f4f6;border-bottom:1px solid #d1d5db;width:30%;font-size:11px;font-weight:600;color:#1f2937;">Endereço</th><td style="padding:3px 5px;border-bottom:1px solid #e5e7eb;font-size:11px;color:#111827;">Rua Dom Bento Pickel, 210</td></tr><tr><th style="padding:3px 5px;text-align:left;background:#f3f4f6;border-bottom:1px solid #d1d5db;width:30%;font-size:11px;font-weight:600;color:#1f2937;">Subprefeitura</th><td style="padding:3px 5px;border-bottom:1px solid #e5e7eb;font-size:11px;color:#111827;">Casa Verde/Cachoeirinha</td></tr><tr><th style="padding:3px 5px;text-align:left;background:#f3f4f6;border-bottom:1px solid #d1d5db;width:30%;font-size:11px;font-weight:600;color:#1f2937;">Volumetria</th><td style="padding:3px 5px;border-bottom:1px solid #e5e7eb;font-size:11px;color:#111827;">Entre 1m³ e 5m³</td></tr></table>]]></description><Point><coordinates>-46.6608500,-23.4912500,0</coordinates></Point></Placemark>
<Style id="s-PV-45">
<LineStyle><color>ff2fffad</color><width>2.0</width></LineStyle>
<PolyStyle><color>ff2fffad</color></PolyStyle>
<IconStyle><color>ff2fffad</color><scale>0.55</scale>
<Icon><href>http://maps.google.com/mapfiles/kml/shapes/placemark_circle.png</href></Icon>
</IconStyle>
<LabelStyle><scale>0.65</scale></LabelStyle>
</Style><Placemark><name>CV-046</name><styleUrl>#s-PV-45</styleUrl><description><![CDATA[<table style="border-collapse:collapse;width:100%;font-family:'Helvetica Neue',Helvetica,Arial,sans-serif;font-size:11px;border:1px solid #e5e7eb;border-radius:8px;overflow:hidden;"><tr><th colspan="2" style="padding:5px 8px;background:#1f6feb;color:#fff;text-align:left;font-size:12px;font-weight:600;">CV-046</th></tr><tr><th style="padding:3px 5px;text-align:left;background:#f3f4f6;border-bottom:1px solid #d1d5db;width:30%;font-size:11px;font-weight:600;color:#1f2937;">ID</th><td style="padding:3px 5px;border-bottom:1px solid #e5e7eb;font-size:11px;color:#111827;">CV-046</td></tr><tr><th style="padding:3px 5px;text-align:left;background:#f3f4f6;border-bottom:1px solid #d1d5db;width:30%;font-size:11px;font-weight:600;color:#1f2937;">Endereço</th><td style="padding:3px 5px;border-bottom:1px solid #e5e7eb;font-size:11px;color:#111827;">Rua Domiciano Ribeiro, 700</td></tr><tr><th style="padding:3px 5px;text-align:left;background:#f3f4f6;border-bottom:1px solid #d1d5db;width:30%;font-size:11px;font-weight:600;color:#1f2937;">Subprefeitura</th><td style="padding:3px 5px;border-bottom:1px solid #e5e7eb;font-size:11px;color:#111827;">Casa Verde/Cachoeirinha</td></tr><tr><th style="padding:3px 5px;text-align:left;background:#f3f4f6;border-bottom:1px solid #d1d5db;width:30%;font-size:11px;font-weight:600;color:#1f2937;">Volumetria</th><td style="padding:3px 5px;border-bottom:1px solid #e5e7eb;font-size:11px;color:#111827;">Entre 1m³ e 5m³</td></tr></table>]]></description><Point><coordinates>-46.6678600,-23.4855800,0</coordinates></Point></Placemark>
<Style id="s-PV-46">
<LineStyle><color>ff2fffad</color><width>2.0</width></LineStyle>
<PolyStyle><color>ff2fffad</color></PolyStyle>
<IconStyle><color>ff2fffad</color><scale>0.55</scale>
<Icon><href>http://maps.google.com/mapfiles/kml/shapes/placemark_circle.png</href></Icon>
</IconStyle>
<LabelStyle><scale>0.65</scale></LabelStyle>
</Style><Placemark><name>CV-047</name><styleUrl>#s-PV-46</styleUrl><description><![CDATA[<table style="border-collapse:collapse;width:100%;font-family:'Helvetica Neue',Helvetica,Arial,sans-serif;font-size:11px;border:1px solid #e5e7eb;border-radius:8px;overflow:hidden;"><tr><th colspan="2" style="padding:5px 8px;background:#1f6feb;color:#fff;text-align:left;font-size:12px;font-weight:600;">CV-047</th></tr><tr><th style="padding:3px 5px;text-align:left;background:#f3f4f6;border-bottom:1px solid #d1d5db;width:30%;font-size:11px;font-weight:600;color:#1f2937;">ID</th><td style="padding:3px 5px;border-bottom:1px solid #e5e7eb;font-size:11px;color:#111827;">CV-047</td></tr><tr><th style="padding:3px 5px;text-align:left;background:#f3f4f6;border-bottom:1px solid #d1d5db;width:30%;font-size:11px;font-weight:600;color:#1f2937;">Endereço</th><td style="padding:3px 5px;border-bottom:1px solid #e5e7eb;font-size:11px;color:#111827;">Rua Domiciano Ribeiro, 758</td></tr><tr><th style="padding:3px 5px;text-align:left;background:#f3f4f6;border-bottom:1px solid #d1d5db;width:30%;font-size:11px;font-weight:600;color:#1f2937;">Subprefeitura</th><td style="padding:3px 5px;border-bottom:1px solid #e5e7eb;font-size:11px;color:#111827;">Casa Verde/Cachoeirinha</td></tr><tr><th style="padding:3px 5px;text-align:left;background:#f3f4f6;border-bottom:1px solid #d1d5db;width:30%;font-size:11px;font-weight:600;color:#1f2937;">Volumetria</th><td style="padding:3px 5px;border-bottom:1px solid #e5e7eb;font-size:11px;color:#111827;">Entre 1m³ e 5m³</td></tr></table>]]></description><Point><coordinates>-46.6673600,-23.4855900,0</coordinates></Point></Placemark>
<Style id="s-PV-47">
<LineStyle><color>ff2fffad</color><width>2.0</width></LineStyle>
<PolyStyle><color>ff2fffad</color></PolyStyle>
<IconStyle><color>ff2fffad</color><scale>0.55</scale>
<Icon><href>http://maps.google.com/mapfiles/kml/shapes/placemark_circle.png</href></Icon>
</IconStyle>
<LabelStyle><scale>0.65</scale></LabelStyle>
</Style><Placemark><name>CV-048</name><styleUrl>#s-PV-47</styleUrl><description><![CDATA[<table style="border-collapse:collapse;width:100%;font-family:'Helvetica Neue',Helvetica,Arial,sans-serif;font-size:11px;border:1px solid #e5e7eb;border-radius:8px;overflow:hidden;"><tr><th colspan="2" style="padding:5px 8px;background:#1f6feb;color:#fff;text-align:left;font-size:12px;font-weight:600;">CV-048</th></tr><tr><th style="padding:3px 5px;text-align:left;background:#f3f4f6;border-bottom:1px solid #d1d5db;width:30%;font-size:11px;font-weight:600;color:#1f2937;">ID</th><td style="padding:3px 5px;border-bottom:1px solid #e5e7eb;font-size:11px;color:#111827;">CV-048</td></tr><tr><th style="padding:3px 5px;text-align:left;background:#f3f4f6;border-bottom:1px solid #d1d5db;width:30%;font-size:11px;font-weight:600;color:#1f2937;">Endereço</th><td style="padding:3px 5px;border-bottom:1px solid #e5e7eb;font-size:11px;color:#111827;">Rua Domiciano Ribeiro, 775</td></tr><tr><th style="padding:3px 5px;text-align:left;background:#f3f4f6;border-bottom:1px solid #d1d5db;width:30%;font-size:11px;font-weight:600;color:#1f2937;">Subprefeitura</th><td style="padding:3px 5px;border-bottom:1px solid #e5e7eb;font-size:11px;color:#111827;">Casa Verde/Cachoeirinha</td></tr><tr><th style="padding:3px 5px;text-align:left;background:#f3f4f6;border-bottom:1px solid #d1d5db;width:30%;font-size:11px;font-weight:600;color:#1f2937;">Volumetria</th><td style="padding:3px 5px;border-bottom:1px solid #e5e7eb;font-size:11px;color:#111827;">Entre 1m³ e 5m³</td></tr></table>]]></description><Point><coordinates>-46.6670500,-23.4854300,0</coordinates></Point></Placemark>
<Style id="s-PV-48">
<LineStyle><color>ff2fffad</color><width>2.0</width></LineStyle>
<PolyStyle><color>ff2fffad</color></PolyStyle>
<IconStyle><color>ff2fffad</color><scale>0.55</scale>
<Icon><href>http://maps.google.com/mapfiles/kml/shapes/placemark_circle.png</href></Icon>
</IconStyle>
<LabelStyle><scale>0.65</scale></LabelStyle>
</Style><Placemark><name>CV-049</name><styleUrl>#s-PV-48</styleUrl><description><![CDATA[<table style="border-collapse:collapse;width:100%;font-family:'Helvetica Neue',Helvetica,Arial,sans-serif;font-size:11px;border:1px solid #e5e7eb;border-radius:8px;overflow:hidden;"><tr><th colspan="2" style="padding:5px 8px;background:#1f6feb;color:#fff;text-align:left;font-size:12px;font-weight:600;">CV-049</th></tr><tr><th style="padding:3px 5px;text-align:left;background:#f3f4f6;border-bottom:1px solid #d1d5db;width:30%;font-size:11px;font-weight:600;color:#1f2937;">ID</th><td style="padding:3px 5px;border-bottom:1px solid #e5e7eb;font-size:11px;color:#111827;">CV-049</td></tr><tr><th style="padding:3px 5px;text-align:left;background:#f3f4f6;border-bottom:1px solid #d1d5db;width:30%;font-size:11px;font-weight:600;color:#1f2937;">Endereço</th><td style="padding:3px 5px;border-bottom:1px solid #e5e7eb;font-size:11px;color:#111827;">Rua Doutor Alcides Cintra Bueno Filho, 217</td></tr><tr><th style="padding:3px 5px;text-align:left;background:#f3f4f6;border-bottom:1px solid #d1d5db;width:30%;font-size:11px;font-weight:600;color:#1f2937;">Subprefeitura</th><td style="padding:3px 5px;border-bottom:1px solid #e5e7eb;font-size:11px;color:#111827;">Casa Verde/Cachoeirinha</td></tr><tr><th style="padding:3px 5px;text-align:left;background:#f3f4f6;border-bottom:1px solid #d1d5db;width:30%;font-size:11px;font-weight:600;color:#1f2937;">Volumetria</th><td style="padding:3px 5px;border-bottom:1px solid #e5e7eb;font-size:11px;color:#111827;">Entre 1m³ e 5m³</td></tr></table>]]></description><Point><coordinates>-46.6522900,-23.4693700,0</coordinates></Point></Placemark>
<Style id="s-PV-49">
<LineStyle><color>ff2fffad</color><width>2.0</width></LineStyle>
<PolyStyle><color>ff2fffad</color></PolyStyle>
<IconStyle><color>ff2fffad</color><scale>0.55</scale>
<Icon><href>http://maps.google.com/mapfiles/kml/shapes/placemark_circle.png</href></Icon>
</IconStyle>
<LabelStyle><scale>0.65</scale></LabelStyle>
</Style><Placemark><name>CV-050</name><styleUrl>#s-PV-49</styleUrl><description><![CDATA[<table style="border-collapse:collapse;width:100%;font-family:'Helvetica Neue',Helvetica,Arial,sans-serif;font-size:11px;border:1px solid #e5e7eb;border-radius:8px;overflow:hidden;"><tr><th colspan="2" style="padding:5px 8px;background:#1f6feb;color:#fff;text-align:left;font-size:12px;font-weight:600;">CV-050</th></tr><tr><th style="padding:3px 5px;text-align:left;background:#f3f4f6;border-bottom:1px solid #d1d5db;width:30%;font-size:11px;font-weight:600;color:#1f2937;">ID</th><td style="padding:3px 5px;border-bottom:1px solid #e5e7eb;font-size:11px;color:#111827;">CV-050</td></tr><tr><th style="padding:3px 5px;text-align:left;background:#f3f4f6;border-bottom:1px solid #d1d5db;width:30%;font-size:11px;font-weight:600;color:#1f2937;">Endereço</th><td style="padding:3px 5px;border-bottom:1px solid #e5e7eb;font-size:11px;color:#111827;">Rua Doutor Araújo de Castro, 49</td></tr><tr><th style="padding:3px 5px;text-align:left;background:#f3f4f6;border-bottom:1px solid #d1d5db;width:30%;font-size:11px;font-weight:600;color:#1f2937;">Subprefeitura</th><td style="padding:3px 5px;border-bottom:1px solid #e5e7eb;font-size:11px;color:#111827;">Casa Verde/Cachoeirinha</td></tr><tr><th style="padding:3px 5px;text-align:left;background:#f3f4f6;border-bottom:1px solid #d1d5db;width:30%;font-size:11px;font-weight:600;color:#1f2937;">Volumetria</th><td style="padding:3px 5px;border-bottom:1px solid #e5e7eb;font-size:11px;color:#111827;">Entre 1m³ e 5m³</td></tr></table>]]></description><Point><coordinates>-46.6634100,-23.4614700,0</coordinates></Point></Placemark>
<Style id="s-PV-50">
<LineStyle><color>ff2fffad</color><width>2.0</width></LineStyle>
<PolyStyle><color>ff2fffad</color></PolyStyle>
<IconStyle><color>ff2fffad</color><scale>0.55</scale>
<Icon><href>http://maps.google.com/mapfiles/kml/shapes/placemark_circle.png</href></Icon>
</IconStyle>
<LabelStyle><scale>0.65</scale></LabelStyle>
</Style><Placemark><name>CV-051</name><styleUrl>#s-PV-50</styleUrl><description><![CDATA[<table style="border-collapse:collapse;width:100%;font-family:'Helvetica Neue',Helvetica,Arial,sans-serif;font-size:11px;border:1px solid #e5e7eb;border-radius:8px;overflow:hidden;"><tr><th colspan="2" style="padding:5px 8px;background:#1f6feb;color:#fff;text-align:left;font-size:12px;font-weight:600;">CV-051</th></tr><tr><th style="padding:3px 5px;text-align:left;background:#f3f4f6;border-bottom:1px solid #d1d5db;width:30%;font-size:11px;font-weight:600;color:#1f2937;">ID</th><td style="padding:3px 5px;border-bottom:1px solid #e5e7eb;font-size:11px;color:#111827;">CV-051</td></tr><tr><th style="padding:3px 5px;text-align:left;background:#f3f4f6;border-bottom:1px solid #d1d5db;width:30%;font-size:11px;font-weight:600;color:#1f2937;">Endereço</th><td style="padding:3px 5px;border-bottom:1px solid #e5e7eb;font-size:11px;color:#111827;">Rua Doutor Araújo de Castro, 13</td></tr><tr><th style="padding:3px 5px;text-align:left;background:#f3f4f6;border-bottom:1px solid #d1d5db;width:30%;font-size:11px;font-weight:600;color:#1f2937;">Subprefeitura</th><td style="padding:3px 5px;border-bottom:1px solid #e5e7eb;font-size:11px;color:#111827;">Casa Verde/Cachoeirinha</td></tr><tr><th style="padding:3px 5px;text-align:left;background:#f3f4f6;border-bottom:1px solid #d1d5db;width:30%;font-size:11px;font-weight:600;color:#1f2937;">Volumetria</th><td style="padding:3px 5px;border-bottom:1px solid #e5e7eb;font-size:11px;color:#111827;">Entre 1m³ e 5m³</td></tr></table>]]></description><Point><coordinates>-46.6658400,-23.4623300,0</coordinates></Point></Placemark>
<Style id="s-PV-51">
<LineStyle><color>ff2fffad</color><width>2.0</width></LineStyle>
<PolyStyle><color>ff2fffad</color></PolyStyle>
<IconStyle><color>ff2fffad</color><scale>0.55</scale>
<Icon><href>http://maps.google.com/mapfiles/kml/shapes/placemark_circle.png</href></Icon>
</IconStyle>
<LabelStyle><scale>0.65</scale></LabelStyle>
</Style><Placemark><name>CV-052</name><styleUrl>#s-PV-51</styleUrl><description><![CDATA[<table style="border-collapse:collapse;width:100%;font-family:'Helvetica Neue',Helvetica,Arial,sans-serif;font-size:11px;border:1px solid #e5e7eb;border-radius:8px;overflow:hidden;"><tr><th colspan="2" style="padding:5px 8px;background:#1f6feb;color:#fff;text-align:left;font-size:12px;font-weight:600;">CV-052</th></tr><tr><th style="padding:3px 5px;text-align:left;background:#f3f4f6;border-bottom:1px solid #d1d5db;width:30%;font-size:11px;font-weight:600;color:#1f2937;">ID</th><td style="padding:3px 5px;border-bottom:1px solid #e5e7eb;font-size:11px;color:#111827;">CV-052</td></tr><tr><th style="padding:3px 5px;text-align:left;background:#f3f4f6;border-bottom:1px solid #d1d5db;width:30%;font-size:11px;font-weight:600;color:#1f2937;">Endereço</th><td style="padding:3px 5px;border-bottom:1px solid #e5e7eb;font-size:11px;color:#111827;">Rua Doutor Freire Cisneiro, 182</td></tr><tr><th style="padding:3px 5px;text-align:left;background:#f3f4f6;border-bottom:1px solid #d1d5db;width:30%;font-size:11px;font-weight:600;color:#1f2937;">Subprefeitura</th><td style="padding:3px 5px;border-bottom:1px solid #e5e7eb;font-size:11px;color:#111827;">Casa Verde/Cachoeirinha</td></tr><tr><th style="padding:3px 5px;text-align:left;background:#f3f4f6;border-bottom:1px solid #d1d5db;width:30%;font-size:11px;font-weight:600;color:#1f2937;">Volumetria</th><td style="padding:3px 5px;border-bottom:1px solid #e5e7eb;font-size:11px;color:#111827;">Não se aplica (inativo).</td></tr><tr><th style="padding:3px 5px;text-align:left;background:#f3f4f6;border-bottom:1px solid #d1d5db;width:30%;font-size:11px;font-weight:600;color:#1f2937;">Status</th><td style="padding:3px 5px;border-bottom:1px solid #e5e7eb;font-size:11px;color:#111827;">Inativo</td></tr><tr><th style="padding:3px 5px;text-align:left;background:#f3f4f6;border-bottom:1px solid #d1d5db;width:30%;font-size:11px;font-weight:600;color:#1f2937;">Data</th><td style="padding:3px 5px;border-bottom:1px solid #e5e7eb;font-size:11px;color:#111827;">Inativo</td></tr></table>]]></description><Point><coordinates>-46.6867800,-23.5067500,0</coordinates></Point></Placemark>
<Style id="s-PV-52">
<LineStyle><color>ff2fffad</color><width>2.0</width></LineStyle>
<PolyStyle><color>ff2fffad</color></PolyStyle>
<IconStyle><color>ff2fffad</color><scale>0.55</scale>
<Icon><href>http://maps.google.com/mapfiles/kml/shapes/placemark_circle.png</href></Icon>
</IconStyle>
<LabelStyle><scale>0.65</scale></LabelStyle>
</Style><Placemark><name>CV-053</name><styleUrl>#s-PV-52</styleUrl><description><![CDATA[<table style="border-collapse:collapse;width:100%;font-family:'Helvetica Neue',Helvetica,Arial,sans-serif;font-size:11px;border:1px solid #e5e7eb;border-radius:8px;overflow:hidden;"><tr><th colspan="2" style="padding:5px 8px;background:#1f6feb;color:#fff;text-align:left;font-size:12px;font-weight:600;">CV-053</th></tr><tr><th style="padding:3px 5px;text-align:left;background:#f3f4f6;border-bottom:1px solid #d1d5db;width:30%;font-size:11px;font-weight:600;color:#1f2937;">ID</th><td style="padding:3px 5px;border-bottom:1px solid #e5e7eb;font-size:11px;color:#111827;">CV-053</td></tr><tr><th style="padding:3px 5px;text-align:left;background:#f3f4f6;border-bottom:1px solid #d1d5db;width:30%;font-size:11px;font-weight:600;color:#1f2937;">Endereço</th><td style="padding:3px 5px;border-bottom:1px solid #e5e7eb;font-size:11px;color:#111827;">Rua Doutor Gabriel Covelli, 116</td></tr><tr><th style="padding:3px 5px;text-align:left;background:#f3f4f6;border-bottom:1px solid #d1d5db;width:30%;font-size:11px;font-weight:600;color:#1f2937;">Subprefeitura</th><td style="padding:3px 5px;border-bottom:1px solid #e5e7eb;font-size:11px;color:#111827;">Casa Verde/Cachoeirinha</td></tr><tr><th style="padding:3px 5px;text-align:left;background:#f3f4f6;border-bottom:1px solid #d1d5db;width:30%;font-size:11px;font-weight:600;color:#1f2937;">Volumetria</th><td style="padding:3px 5px;border-bottom:1px solid #e5e7eb;font-size:11px;color:#111827;">Entre 1m³ e 5m³</td></tr></table>]]></description><Point><coordinates>-46.6550400,-23.4971800,0</coordinates></Point></Placemark>
<Style id="s-PV-53">
<LineStyle><color>ff2fffad</color><width>2.0</width></LineStyle>
<PolyStyle><color>ff2fffad</color></PolyStyle>
<IconStyle><color>ff2fffad</color><scale>0.55</scale>
<Icon><href>http://maps.google.com/mapfiles/kml/shapes/placemark_circle.png</href></Icon>
</IconStyle>
<LabelStyle><scale>0.65</scale></LabelStyle>
</Style><Placemark><name>CV-054</name><styleUrl>#s-PV-53</styleUrl><description><![CDATA[<table style="border-collapse:collapse;width:100%;font-family:'Helvetica Neue',Helvetica,Arial,sans-serif;font-size:11px;border:1px solid #e5e7eb;border-radius:8px;overflow:hidden;"><tr><th colspan="2" style="padding:5px 8px;background:#1f6feb;color:#fff;text-align:left;font-size:12px;font-weight:600;">CV-054</th></tr><tr><th style="padding:3px 5px;text-align:left;background:#f3f4f6;border-bottom:1px solid #d1d5db;width:30%;font-size:11px;font-weight:600;color:#1f2937;">ID</th><td style="padding:3px 5px;border-bottom:1px solid #e5e7eb;font-size:11px;color:#111827;">CV-054</td></tr><tr><th style="padding:3px 5px;text-align:left;background:#f3f4f6;border-bottom:1px solid #d1d5db;width:30%;font-size:11px;font-weight:600;color:#1f2937;">Endereço</th><td style="padding:3px 5px;border-bottom:1px solid #e5e7eb;font-size:11px;color:#111827;">Rua Doutor Gabriel Covelli, 350</td></tr><tr><th style="padding:3px 5px;text-align:left;background:#f3f4f6;border-bottom:1px solid #d1d5db;width:30%;font-size:11px;font-weight:600;color:#1f2937;">Subprefeitura</th><td style="padding:3px 5px;border-bottom:1px solid #e5e7eb;font-size:11px;color:#111827;">Casa Verde/Cachoeirinha</td></tr><tr><th style="padding:3px 5px;text-align:left;background:#f3f4f6;border-bottom:1px solid #d1d5db;width:30%;font-size:11px;font-weight:600;color:#1f2937;">Volumetria</th><td style="padding:3px 5px;border-bottom:1px solid #e5e7eb;font-size:11px;color:#111827;">Mais de 5m³</td></tr></table>]]></description><Point><coordinates>-46.6527100,-23.4992100,0</coordinates></Point></Placemark>
<Style id="s-PV-54">
<LineStyle><color>ff2fffad</color><width>2.0</width></LineStyle>
<PolyStyle><color>ff2fffad</color></PolyStyle>
<IconStyle><color>ff2fffad</color><scale>0.55</scale>
<Icon><href>http://maps.google.com/mapfiles/kml/shapes/placemark_circle.png</href></Icon>
</IconStyle>
<LabelStyle><scale>0.65</scale></LabelStyle>
</Style><Placemark><name>CV-055</name><styleUrl>#s-PV-54</styleUrl><description><![CDATA[<table style="border-collapse:collapse;width:100%;font-family:'Helvetica Neue',Helvetica,Arial,sans-serif;font-size:11px;border:1px solid #e5e7eb;border-radius:8px;overflow:hidden;"><tr><th colspan="2" style="padding:5px 8px;background:#1f6feb;color:#fff;text-align:left;font-size:12px;font-weight:600;">CV-055</th></tr><tr><th style="padding:3px 5px;text-align:left;background:#f3f4f6;border-bottom:1px solid #d1d5db;width:30%;font-size:11px;font-weight:600;color:#1f2937;">ID</th><td style="padding:3px 5px;border-bottom:1px solid #e5e7eb;font-size:11px;color:#111827;">CV-055</td></tr><tr><th style="padding:3px 5px;text-align:left;background:#f3f4f6;border-bottom:1px solid #d1d5db;width:30%;font-size:11px;font-weight:600;color:#1f2937;">Endereço</th><td style="padding:3px 5px;border-bottom:1px solid #e5e7eb;font-size:11px;color:#111827;">Rua Doutor Gabriel Covelli, 858</td></tr><tr><th style="padding:3px 5px;text-align:left;background:#f3f4f6;border-bottom:1px solid #d1d5db;width:30%;font-size:11px;font-weight:600;color:#1f2937;">Subprefeitura</th><td style="padding:3px 5px;border-bottom:1px solid #e5e7eb;font-size:11px;color:#111827;">Casa Verde/Cachoeirinha</td></tr><tr><th style="padding:3px 5px;text-align:left;background:#f3f4f6;border-bottom:1px solid #d1d5db;width:30%;font-size:11px;font-weight:600;color:#1f2937;">Volumetria</th><td style="padding:3px 5px;border-bottom:1px solid #e5e7eb;font-size:11px;color:#111827;">Mais de 5m³</td></tr></table>]]></description><Point><coordinates>-46.6562900,-23.4960100,0</coordinates></Point></Placemark>
<Style id="s-PV-55">
<LineStyle><color>ff2fffad</color><width>2.0</width></LineStyle>
<PolyStyle><color>ff2fffad</color></PolyStyle>
<IconStyle><color>ff2fffad</color><scale>0.55</scale>
<Icon><href>http://maps.google.com/mapfiles/kml/shapes/placemark_circle.png</href></Icon>
</IconStyle>
<LabelStyle><scale>0.65</scale></LabelStyle>
</Style><Placemark><name>CV-056</name><styleUrl>#s-PV-55</styleUrl><description><![CDATA[<table style="border-collapse:collapse;width:100%;font-family:'Helvetica Neue',Helvetica,Arial,sans-serif;font-size:11px;border:1px solid #e5e7eb;border-radius:8px;overflow:hidden;"><tr><th colspan="2" style="padding:5px 8px;background:#1f6feb;color:#fff;text-align:left;font-size:12px;font-weight:600;">CV-056</th></tr><tr><th style="padding:3px 5px;text-align:left;background:#f3f4f6;border-bottom:1px solid #d1d5db;width:30%;font-size:11px;font-weight:600;color:#1f2937;">ID</th><td style="padding:3px 5px;border-bottom:1px solid #e5e7eb;font-size:11px;color:#111827;">CV-056</td></tr><tr><th style="padding:3px 5px;text-align:left;background:#f3f4f6;border-bottom:1px solid #d1d5db;width:30%;font-size:11px;font-weight:600;color:#1f2937;">Endereço</th><td style="padding:3px 5px;border-bottom:1px solid #e5e7eb;font-size:11px;color:#111827;">Rua Doutor Ignácio Proença de Gouveia, 801</td></tr><tr><th style="padding:3px 5px;text-align:left;background:#f3f4f6;border-bottom:1px solid #d1d5db;width:30%;font-size:11px;font-weight:600;color:#1f2937;">Subprefeitura</th><td style="padding:3px 5px;border-bottom:1px solid #e5e7eb;font-size:11px;color:#111827;">Casa Verde/Cachoeirinha</td></tr><tr><th style="padding:3px 5px;text-align:left;background:#f3f4f6;border-bottom:1px solid #d1d5db;width:30%;font-size:11px;font-weight:600;color:#1f2937;">Volumetria</th><td style="padding:3px 5px;border-bottom:1px solid #e5e7eb;font-size:11px;color:#111827;">Mais de 5m³</td></tr><tr><th style="padding:3px 5px;text-align:left;background:#f3f4f6;border-bottom:1px solid #d1d5db;width:30%;font-size:11px;font-weight:600;color:#1f2937;">Status</th><td style="padding:3px 5px;border-bottom:1px solid #e5e7eb;font-size:11px;color:#111827;">Revitalizado</td></tr><tr><th style="padding:3px 5px;text-align:left;background:#f3f4f6;border-bottom:1px solid #d1d5db;width:30%;font-size:11px;font-weight:600;color:#1f2937;">Data</th><td style="padding:3px 5px;border-bottom:1px solid #e5e7eb;font-size:11px;color:#111827;">46032</td></tr></table>]]></description><Point><coordinates>-46.6546000,-23.4952300,0</coordinates></Point></Placemark>
<Style id="s-PV-56">
<LineStyle><color>ff2fffad</color><width>2.0</width></LineStyle>
<PolyStyle><color>ff2fffad</color></PolyStyle>
<IconStyle><color>ff2fffad</color><scale>0.55</scale>
<Icon><href>http://maps.google.com/mapfiles/kml/shapes/placemark_circle.png</href></Icon>
</IconStyle>
<LabelStyle><scale>0.65</scale></LabelStyle>
</Style><Placemark><name>CV-057</name><styleUrl>#s-PV-56</styleUrl><description><![CDATA[<table style="border-collapse:collapse;width:100%;font-family:'Helvetica Neue',Helvetica,Arial,sans-serif;font-size:11px;border:1px solid #e5e7eb;border-radius:8px;overflow:hidden;"><tr><th colspan="2" style="padding:5px 8px;background:#1f6feb;color:#fff;text-align:left;font-size:12px;font-weight:600;">CV-057</th></tr><tr><th style="padding:3px 5px;text-align:left;background:#f3f4f6;border-bottom:1px solid #d1d5db;width:30%;font-size:11px;font-weight:600;color:#1f2937;">ID</th><td style="padding:3px 5px;border-bottom:1px solid #e5e7eb;font-size:11px;color:#111827;">CV-057</td></tr><tr><th style="padding:3px 5px;text-align:left;background:#f3f4f6;border-bottom:1px solid #d1d5db;width:30%;font-size:11px;font-weight:600;color:#1f2937;">Endereço</th><td style="padding:3px 5px;border-bottom:1px solid #e5e7eb;font-size:11px;color:#111827;">Rua Doutor Sales Malheiros, 343</td></tr><tr><th style="padding:3px 5px;text-align:left;background:#f3f4f6;border-bottom:1px solid #d1d5db;width:30%;font-size:11px;font-weight:600;color:#1f2937;">Subprefeitura</th><td style="padding:3px 5px;border-bottom:1px solid #e5e7eb;font-size:11px;color:#111827;">Casa Verde/Cachoeirinha</td></tr><tr><th style="padding:3px 5px;text-align:left;background:#f3f4f6;border-bottom:1px solid #d1d5db;width:30%;font-size:11px;font-weight:600;color:#1f2937;">Volumetria</th><td style="padding:3px 5px;border-bottom:1px solid #e5e7eb;font-size:11px;color:#111827;">Entre 1m³ e 5m³</td></tr></table>]]></description><Point><coordinates>-46.6626800,-23.4592700,0</coordinates></Point></Placemark>
<Style id="s-PV-57">
<LineStyle><color>ff2fffad</color><width>2.0</width></LineStyle>
<PolyStyle><color>ff2fffad</color></PolyStyle>
<IconStyle><color>ff2fffad</color><scale>0.55</scale>
<Icon><href>http://maps.google.com/mapfiles/kml/shapes/placemark_circle.png</href></Icon>
</IconStyle>
<LabelStyle><scale>0.65</scale></LabelStyle>
</Style><Placemark><name>CV-058</name><styleUrl>#s-PV-57</styleUrl><description><![CDATA[<table style="border-collapse:collapse;width:100%;font-family:'Helvetica Neue',Helvetica,Arial,sans-serif;font-size:11px;border:1px solid #e5e7eb;border-radius:8px;overflow:hidden;"><tr><th colspan="2" style="padding:5px 8px;background:#1f6feb;color:#fff;text-align:left;font-size:12px;font-weight:600;">CV-058</th></tr><tr><th style="padding:3px 5px;text-align:left;background:#f3f4f6;border-bottom:1px solid #d1d5db;width:30%;font-size:11px;font-weight:600;color:#1f2937;">ID</th><td style="padding:3px 5px;border-bottom:1px solid #e5e7eb;font-size:11px;color:#111827;">CV-058</td></tr><tr><th style="padding:3px 5px;text-align:left;background:#f3f4f6;border-bottom:1px solid #d1d5db;width:30%;font-size:11px;font-weight:600;color:#1f2937;">Endereço</th><td style="padding:3px 5px;border-bottom:1px solid #e5e7eb;font-size:11px;color:#111827;">Rua Doutor Sebastião de Lima, 130</td></tr><tr><th style="padding:3px 5px;text-align:left;background:#f3f4f6;border-bottom:1px solid #d1d5db;width:30%;font-size:11px;font-weight:600;color:#1f2937;">Subprefeitura</th><td style="padding:3px 5px;border-bottom:1px solid #e5e7eb;font-size:11px;color:#111827;">Casa Verde/Cachoeirinha</td></tr><tr><th style="padding:3px 5px;text-align:left;background:#f3f4f6;border-bottom:1px solid #d1d5db;width:30%;font-size:11px;font-weight:600;color:#1f2937;">Volumetria</th><td style="padding:3px 5px;border-bottom:1px solid #e5e7eb;font-size:11px;color:#111827;">Entre 1m³ e 5m³</td></tr></table>]]></description><Point><coordinates>-46.6648200,-23.4931000,0</coordinates></Point></Placemark>
<Style id="s-PV-58">
<LineStyle><color>ff2fffad</color><width>2.0</width></LineStyle>
<PolyStyle><color>ff2fffad</color></PolyStyle>
<IconStyle><color>ff2fffad</color><scale>0.55</scale>
<Icon><href>http://maps.google.com/mapfiles/kml/shapes/placemark_circle.png</href></Icon>
</IconStyle>
<LabelStyle><scale>0.65</scale></LabelStyle>
</Style><Placemark><name>CV-059</name><styleUrl>#s-PV-58</styleUrl><description><![CDATA[<table style="border-collapse:collapse;width:100%;font-family:'Helvetica Neue',Helvetica,Arial,sans-serif;font-size:11px;border:1px solid #e5e7eb;border-radius:8px;overflow:hidden;"><tr><th colspan="2" style="padding:5px 8px;background:#1f6feb;color:#fff;text-align:left;font-size:12px;font-weight:600;">CV-059</th></tr><tr><th style="padding:3px 5px;text-align:left;background:#f3f4f6;border-bottom:1px solid #d1d5db;width:30%;font-size:11px;font-weight:600;color:#1f2937;">ID</th><td style="padding:3px 5px;border-bottom:1px solid #e5e7eb;font-size:11px;color:#111827;">CV-059</td></tr><tr><th style="padding:3px 5px;text-align:left;background:#f3f4f6;border-bottom:1px solid #d1d5db;width:30%;font-size:11px;font-weight:600;color:#1f2937;">Endereço</th><td style="padding:3px 5px;border-bottom:1px solid #e5e7eb;font-size:11px;color:#111827;">Rua Dulcelina X Rua José Soriano de Sousa</td></tr><tr><th style="padding:3px 5px;text-align:left;background:#f3f4f6;border-bottom:1px solid #d1d5db;width:30%;font-size:11px;font-weight:600;color:#1f2937;">Subprefeitura</th><td style="padding:3px 5px;border-bottom:1px solid #e5e7eb;font-size:11px;color:#111827;">Casa Verde/Cachoeirinha</td></tr><tr><th style="padding:3px 5px;text-align:left;background:#f3f4f6;border-bottom:1px solid #d1d5db;width:30%;font-size:11px;font-weight:600;color:#1f2937;">Volumetria</th><td style="padding:3px 5px;border-bottom:1px solid #e5e7eb;font-size:11px;color:#111827;">Entre 1m³ e 5m³</td></tr></table>]]></description><Point><coordinates>-46.6683300,-23.4927000,0</coordinates></Point></Placemark>
<Style id="s-PV-59">
<LineStyle><color>ff2fffad</color><width>2.0</width></LineStyle>
<PolyStyle><color>ff2fffad</color></PolyStyle>
<IconStyle><color>ff2fffad</color><scale>0.55</scale>
<Icon><href>http://maps.google.com/mapfiles/kml/shapes/placemark_circle.png</href></Icon>
</IconStyle>
<LabelStyle><scale>0.65</scale></LabelStyle>
</Style><Placemark><name>CV-060</name><styleUrl>#s-PV-59</styleUrl><description><![CDATA[<table style="border-collapse:collapse;width:100%;font-family:'Helvetica Neue',Helvetica,Arial,sans-serif;font-size:11px;border:1px solid #e5e7eb;border-radius:8px;overflow:hidden;"><tr><th colspan="2" style="padding:5px 8px;background:#1f6feb;color:#fff;text-align:left;font-size:12px;font-weight:600;">CV-060</th></tr><tr><th style="padding:3px 5px;text-align:left;background:#f3f4f6;border-bottom:1px solid #d1d5db;width:30%;font-size:11px;font-weight:600;color:#1f2937;">ID</th><td style="padding:3px 5px;border-bottom:1px solid #e5e7eb;font-size:11px;color:#111827;">CV-060</td></tr><tr><th style="padding:3px 5px;text-align:left;background:#f3f4f6;border-bottom:1px solid #d1d5db;width:30%;font-size:11px;font-weight:600;color:#1f2937;">Endereço</th><td style="padding:3px 5px;border-bottom:1px solid #e5e7eb;font-size:11px;color:#111827;">Rua Edson Peregrini, 305</td></tr><tr><th style="padding:3px 5px;text-align:left;background:#f3f4f6;border-bottom:1px solid #d1d5db;width:30%;font-size:11px;font-weight:600;color:#1f2937;">Subprefeitura</th><td style="padding:3px 5px;border-bottom:1px solid #e5e7eb;font-size:11px;color:#111827;">Casa Verde/Cachoeirinha</td></tr><tr><th style="padding:3px 5px;text-align:left;background:#f3f4f6;border-bottom:1px solid #d1d5db;width:30%;font-size:11px;font-weight:600;color:#1f2937;">Volumetria</th><td style="padding:3px 5px;border-bottom:1px solid #e5e7eb;font-size:11px;color:#111827;">Mais de 5m³</td></tr></table>]]></description><Point><coordinates>-46.6765200,-23.4826900,0</coordinates></Point></Placemark>
<Style id="s-PV-60">
<LineStyle><color>ff2fffad</color><width>2.0</width></LineStyle>
<PolyStyle><color>ff2fffad</color></PolyStyle>
<IconStyle><color>ff2fffad</color><scale>0.55</scale>
<Icon><href>http://maps.google.com/mapfiles/kml/shapes/placemark_circle.png</href></Icon>
</IconStyle>
<LabelStyle><scale>0.65</scale></LabelStyle>
</Style><Placemark><name>CV-061</name><styleUrl>#s-PV-60</styleUrl><description><![CDATA[<table style="border-collapse:collapse;width:100%;font-family:'Helvetica Neue',Helvetica,Arial,sans-serif;font-size:11px;border:1px solid #e5e7eb;border-radius:8px;overflow:hidden;"><tr><th colspan="2" style="padding:5px 8px;background:#1f6feb;color:#fff;text-align:left;font-size:12px;font-weight:600;">CV-061</th></tr><tr><th style="padding:3px 5px;text-align:left;background:#f3f4f6;border-bottom:1px solid #d1d5db;width:30%;font-size:11px;font-weight:600;color:#1f2937;">ID</th><td style="padding:3px 5px;border-bottom:1px solid #e5e7eb;font-size:11px;color:#111827;">CV-061</td></tr><tr><th style="padding:3px 5px;text-align:left;background:#f3f4f6;border-bottom:1px solid #d1d5db;width:30%;font-size:11px;font-weight:600;color:#1f2937;">Endereço</th><td style="padding:3px 5px;border-bottom:1px solid #e5e7eb;font-size:11px;color:#111827;">Rua Epaminondas Melo do Amaral, 864</td></tr><tr><th style="padding:3px 5px;text-align:left;background:#f3f4f6;border-bottom:1px solid #d1d5db;width:30%;font-size:11px;font-weight:600;color:#1f2937;">Subprefeitura</th><td style="padding:3px 5px;border-bottom:1px solid #e5e7eb;font-size:11px;color:#111827;">Casa Verde/Cachoeirinha</td></tr><tr><th style="padding:3px 5px;text-align:left;background:#f3f4f6;border-bottom:1px solid #d1d5db;width:30%;font-size:11px;font-weight:600;color:#1f2937;">Volumetria</th><td style="padding:3px 5px;border-bottom:1px solid #e5e7eb;font-size:11px;color:#111827;">Não se aplica (inativo).</td></tr><tr><th style="padding:3px 5px;text-align:left;background:#f3f4f6;border-bottom:1px solid #d1d5db;width:30%;font-size:11px;font-weight:600;color:#1f2937;">Status</th><td style="padding:3px 5px;border-bottom:1px solid #e5e7eb;font-size:11px;color:#111827;">Inativo</td></tr><tr><th style="padding:3px 5px;text-align:left;background:#f3f4f6;border-bottom:1px solid #d1d5db;width:30%;font-size:11px;font-weight:600;color:#1f2937;">Data</th><td style="padding:3px 5px;border-bottom:1px solid #e5e7eb;font-size:11px;color:#111827;">Inativo</td></tr></table>]]></description><Point><coordinates>-46.6592100,-23.4873300,0</coordinates></Point></Placemark>
<Style id="s-PV-61">
<LineStyle><color>ff2fffad</color><width>2.0</width></LineStyle>
<PolyStyle><color>ff2fffad</color></PolyStyle>
<IconStyle><color>ff2fffad</color><scale>0.55</scale>
<Icon><href>http://maps.google.com/mapfiles/kml/shapes/placemark_circle.png</href></Icon>
</IconStyle>
<LabelStyle><scale>0.65</scale></LabelStyle>
</Style><Placemark><name>CV-062</name><styleUrl>#s-PV-61</styleUrl><description><![CDATA[<table style="border-collapse:collapse;width:100%;font-family:'Helvetica Neue',Helvetica,Arial,sans-serif;font-size:11px;border:1px solid #e5e7eb;border-radius:8px;overflow:hidden;"><tr><th colspan="2" style="padding:5px 8px;background:#1f6feb;color:#fff;text-align:left;font-size:12px;font-weight:600;">CV-062</th></tr><tr><th style="padding:3px 5px;text-align:left;background:#f3f4f6;border-bottom:1px solid #d1d5db;width:30%;font-size:11px;font-weight:600;color:#1f2937;">ID</th><td style="padding:3px 5px;border-bottom:1px solid #e5e7eb;font-size:11px;color:#111827;">CV-062</td></tr><tr><th style="padding:3px 5px;text-align:left;background:#f3f4f6;border-bottom:1px solid #d1d5db;width:30%;font-size:11px;font-weight:600;color:#1f2937;">Endereço</th><td style="padding:3px 5px;border-bottom:1px solid #e5e7eb;font-size:11px;color:#111827;">Rua Epaminondas Melo do Amaral, 1625</td></tr><tr><th style="padding:3px 5px;text-align:left;background:#f3f4f6;border-bottom:1px solid #d1d5db;width:30%;font-size:11px;font-weight:600;color:#1f2937;">Subprefeitura</th><td style="padding:3px 5px;border-bottom:1px solid #e5e7eb;font-size:11px;color:#111827;">Casa Verde/Cachoeirinha</td></tr><tr><th style="padding:3px 5px;text-align:left;background:#f3f4f6;border-bottom:1px solid #d1d5db;width:30%;font-size:11px;font-weight:600;color:#1f2937;">Volumetria</th><td style="padding:3px 5px;border-bottom:1px solid #e5e7eb;font-size:11px;color:#111827;">Não se aplica (inativo).</td></tr><tr><th style="padding:3px 5px;text-align:left;background:#f3f4f6;border-bottom:1px solid #d1d5db;width:30%;font-size:11px;font-weight:600;color:#1f2937;">Status</th><td style="padding:3px 5px;border-bottom:1px solid #e5e7eb;font-size:11px;color:#111827;">Inativo</td></tr><tr><th style="padding:3px 5px;text-align:left;background:#f3f4f6;border-bottom:1px solid #d1d5db;width:30%;font-size:11px;font-weight:600;color:#1f2937;">Data</th><td style="padding:3px 5px;border-bottom:1px solid #e5e7eb;font-size:11px;color:#111827;">Inativo</td></tr></table>]]></description><Point><coordinates>-46.6598400,-23.4929700,0</coordinates></Point></Placemark>
<Style id="s-PV-62">
<LineStyle><color>ff2fffad</color><width>2.0</width></LineStyle>
<PolyStyle><color>ff2fffad</color></PolyStyle>
<IconStyle><color>ff2fffad</color><scale>0.55</scale>
<Icon><href>http://maps.google.com/mapfiles/kml/shapes/placemark_circle.png</href></Icon>
</IconStyle>
<LabelStyle><scale>0.65</scale></LabelStyle>
</Style><Placemark><name>CV-063</name><styleUrl>#s-PV-62</styleUrl><description><![CDATA[<table style="border-collapse:collapse;width:100%;font-family:'Helvetica Neue',Helvetica,Arial,sans-serif;font-size:11px;border:1px solid #e5e7eb;border-radius:8px;overflow:hidden;"><tr><th colspan="2" style="padding:5px 8px;background:#1f6feb;color:#fff;text-align:left;font-size:12px;font-weight:600;">CV-063</th></tr><tr><th style="padding:3px 5px;text-align:left;background:#f3f4f6;border-bottom:1px solid #d1d5db;width:30%;font-size:11px;font-weight:600;color:#1f2937;">ID</th><td style="padding:3px 5px;border-bottom:1px solid #e5e7eb;font-size:11px;color:#111827;">CV-063</td></tr><tr><th style="padding:3px 5px;text-align:left;background:#f3f4f6;border-bottom:1px solid #d1d5db;width:30%;font-size:11px;font-weight:600;color:#1f2937;">Endereço</th><td style="padding:3px 5px;border-bottom:1px solid #e5e7eb;font-size:11px;color:#111827;">Rua Eulálio da Costa Carvalho, 385</td></tr><tr><th style="padding:3px 5px;text-align:left;background:#f3f4f6;border-bottom:1px solid #d1d5db;width:30%;font-size:11px;font-weight:600;color:#1f2937;">Subprefeitura</th><td style="padding:3px 5px;border-bottom:1px solid #e5e7eb;font-size:11px;color:#111827;">Casa Verde/Cachoeirinha</td></tr><tr><th style="padding:3px 5px;text-align:left;background:#f3f4f6;border-bottom:1px solid #d1d5db;width:30%;font-size:11px;font-weight:600;color:#1f2937;">Volumetria</th><td style="padding:3px 5px;border-bottom:1px solid #e5e7eb;font-size:11px;color:#111827;">Mais de 5m³</td></tr></table>]]></description><Point><coordinates>-46.6767200,-23.5067600,0</coordinates></Point></Placemark>
<Style id="s-PV-63">
<LineStyle><color>ff2fffad</color><width>2.0</width></LineStyle>
<PolyStyle><color>ff2fffad</color></PolyStyle>
<IconStyle><color>ff2fffad</color><scale>0.55</scale>
<Icon><href>http://maps.google.com/mapfiles/kml/shapes/placemark_circle.png</href></Icon>
</IconStyle>
<LabelStyle><scale>0.65</scale></LabelStyle>
</Style><Placemark><name>CV-064</name><styleUrl>#s-PV-63</styleUrl><description><![CDATA[<table style="border-collapse:collapse;width:100%;font-family:'Helvetica Neue',Helvetica,Arial,sans-serif;font-size:11px;border:1px solid #e5e7eb;border-radius:8px;overflow:hidden;"><tr><th colspan="2" style="padding:5px 8px;background:#1f6feb;color:#fff;text-align:left;font-size:12px;font-weight:600;">CV-064</th></tr><tr><th style="padding:3px 5px;text-align:left;background:#f3f4f6;border-bottom:1px solid #d1d5db;width:30%;font-size:11px;font-weight:600;color:#1f2937;">ID</th><td style="padding:3px 5px;border-bottom:1px solid #e5e7eb;font-size:11px;color:#111827;">CV-064</td></tr><tr><th style="padding:3px 5px;text-align:left;background:#f3f4f6;border-bottom:1px solid #d1d5db;width:30%;font-size:11px;font-weight:600;color:#1f2937;">Endereço</th><td style="padding:3px 5px;border-bottom:1px solid #e5e7eb;font-size:11px;color:#111827;">Rua Eulálio da Costa Carvalho, 140</td></tr><tr><th style="padding:3px 5px;text-align:left;background:#f3f4f6;border-bottom:1px solid #d1d5db;width:30%;font-size:11px;font-weight:600;color:#1f2937;">Subprefeitura</th><td style="padding:3px 5px;border-bottom:1px solid #e5e7eb;font-size:11px;color:#111827;">Casa Verde/Cachoeirinha</td></tr><tr><th style="padding:3px 5px;text-align:left;background:#f3f4f6;border-bottom:1px solid #d1d5db;width:30%;font-size:11px;font-weight:600;color:#1f2937;">Volumetria</th><td style="padding:3px 5px;border-bottom:1px solid #e5e7eb;font-size:11px;color:#111827;">Entre 1m³ e 5m³</td></tr><tr><th style="padding:3px 5px;text-align:left;background:#f3f4f6;border-bottom:1px solid #d1d5db;width:30%;font-size:11px;font-weight:600;color:#1f2937;">Status</th><td style="padding:3px 5px;border-bottom:1px solid #e5e7eb;font-size:11px;color:#111827;">Revitalizado</td></tr><tr><th style="padding:3px 5px;text-align:left;background:#f3f4f6;border-bottom:1px solid #d1d5db;width:30%;font-size:11px;font-weight:600;color:#1f2937;">Data</th><td style="padding:3px 5px;border-bottom:1px solid #e5e7eb;font-size:11px;color:#111827;">46039</td></tr></table>]]></description><Point><coordinates>-46.6770300,-23.5084800,0</coordinates></Point></Placemark>
<Style id="s-PV-64">
<LineStyle><color>ff2fffad</color><width>2.0</width></LineStyle>
<PolyStyle><color>ff2fffad</color></PolyStyle>
<IconStyle><color>ff2fffad</color><scale>0.55</scale>
<Icon><href>http://maps.google.com/mapfiles/kml/shapes/placemark_circle.png</href></Icon>
</IconStyle>
<LabelStyle><scale>0.65</scale></LabelStyle>
</Style><Placemark><name>CV-065</name><styleUrl>#s-PV-64</styleUrl><description><![CDATA[<table style="border-collapse:collapse;width:100%;font-family:'Helvetica Neue',Helvetica,Arial,sans-serif;font-size:11px;border:1px solid #e5e7eb;border-radius:8px;overflow:hidden;"><tr><th colspan="2" style="padding:5px 8px;background:#1f6feb;color:#fff;text-align:left;font-size:12px;font-weight:600;">CV-065</th></tr><tr><th style="padding:3px 5px;text-align:left;background:#f3f4f6;border-bottom:1px solid #d1d5db;width:30%;font-size:11px;font-weight:600;color:#1f2937;">ID</th><td style="padding:3px 5px;border-bottom:1px solid #e5e7eb;font-size:11px;color:#111827;">CV-065</td></tr><tr><th style="padding:3px 5px;text-align:left;background:#f3f4f6;border-bottom:1px solid #d1d5db;width:30%;font-size:11px;font-weight:600;color:#1f2937;">Endereço</th><td style="padding:3px 5px;border-bottom:1px solid #e5e7eb;font-size:11px;color:#111827;">Rua Eulálio da Costa Carvalho, 593</td></tr><tr><th style="padding:3px 5px;text-align:left;background:#f3f4f6;border-bottom:1px solid #d1d5db;width:30%;font-size:11px;font-weight:600;color:#1f2937;">Subprefeitura</th><td style="padding:3px 5px;border-bottom:1px solid #e5e7eb;font-size:11px;color:#111827;">Casa Verde/Cachoeirinha</td></tr><tr><th style="padding:3px 5px;text-align:left;background:#f3f4f6;border-bottom:1px solid #d1d5db;width:30%;font-size:11px;font-weight:600;color:#1f2937;">Volumetria</th><td style="padding:3px 5px;border-bottom:1px solid #e5e7eb;font-size:11px;color:#111827;">Entre 1m³ e 5m³</td></tr></table>]]></description><Point><coordinates>-46.6766600,-23.5064000,0</coordinates></Point></Placemark>
<Style id="s-PV-65">
<LineStyle><color>ff2fffad</color><width>2.0</width></LineStyle>
<PolyStyle><color>ff2fffad</color></PolyStyle>
<IconStyle><color>ff2fffad</color><scale>0.55</scale>
<Icon><href>http://maps.google.com/mapfiles/kml/shapes/placemark_circle.png</href></Icon>
</IconStyle>
<LabelStyle><scale>0.65</scale></LabelStyle>
</Style><Placemark><name>CV-066</name><styleUrl>#s-PV-65</styleUrl><description><![CDATA[<table style="border-collapse:collapse;width:100%;font-family:'Helvetica Neue',Helvetica,Arial,sans-serif;font-size:11px;border:1px solid #e5e7eb;border-radius:8px;overflow:hidden;"><tr><th colspan="2" style="padding:5px 8px;background:#1f6feb;color:#fff;text-align:left;font-size:12px;font-weight:600;">CV-066</th></tr><tr><th style="padding:3px 5px;text-align:left;background:#f3f4f6;border-bottom:1px solid #d1d5db;width:30%;font-size:11px;font-weight:600;color:#1f2937;">ID</th><td style="padding:3px 5px;border-bottom:1px solid #e5e7eb;font-size:11px;color:#111827;">CV-066</td></tr><tr><th style="padding:3px 5px;text-align:left;background:#f3f4f6;border-bottom:1px solid #d1d5db;width:30%;font-size:11px;font-weight:600;color:#1f2937;">Endereço</th><td style="padding:3px 5px;border-bottom:1px solid #e5e7eb;font-size:11px;color:#111827;">Rua Fernando Pessoa, 595</td></tr><tr><th style="padding:3px 5px;text-align:left;background:#f3f4f6;border-bottom:1px solid #d1d5db;width:30%;font-size:11px;font-weight:600;color:#1f2937;">Subprefeitura</th><td style="padding:3px 5px;border-bottom:1px solid #e5e7eb;font-size:11px;color:#111827;">Casa Verde/Cachoeirinha</td></tr><tr><th style="padding:3px 5px;text-align:left;background:#f3f4f6;border-bottom:1px solid #d1d5db;width:30%;font-size:11px;font-weight:600;color:#1f2937;">Volumetria</th><td style="padding:3px 5px;border-bottom:1px solid #e5e7eb;font-size:11px;color:#111827;">Mais de 5m³</td></tr><tr><th style="padding:3px 5px;text-align:left;background:#f3f4f6;border-bottom:1px solid #d1d5db;width:30%;font-size:11px;font-weight:600;color:#1f2937;">Status</th><td style="padding:3px 5px;border-bottom:1px solid #e5e7eb;font-size:11px;color:#111827;">Revitalizado</td></tr><tr><th style="padding:3px 5px;text-align:left;background:#f3f4f6;border-bottom:1px solid #d1d5db;width:30%;font-size:11px;font-weight:600;color:#1f2937;">Data</th><td style="padding:3px 5px;border-bottom:1px solid #e5e7eb;font-size:11px;color:#111827;">46011</td></tr></table>]]></description><Point><coordinates>-46.6606600,-23.4674500,0</coordinates></Point></Placemark>
<Style id="s-PV-66">
<LineStyle><color>ff2fffad</color><width>2.0</width></LineStyle>
<PolyStyle><color>ff2fffad</color></PolyStyle>
<IconStyle><color>ff2fffad</color><scale>0.55</scale>
<Icon><href>http://maps.google.com/mapfiles/kml/shapes/placemark_circle.png</href></Icon>
</IconStyle>
<LabelStyle><scale>0.65</scale></LabelStyle>
</Style><Placemark><name>CV-067</name><styleUrl>#s-PV-66</styleUrl><description><![CDATA[<table style="border-collapse:collapse;width:100%;font-family:'Helvetica Neue',Helvetica,Arial,sans-serif;font-size:11px;border:1px solid #e5e7eb;border-radius:8px;overflow:hidden;"><tr><th colspan="2" style="padding:5px 8px;background:#1f6feb;color:#fff;text-align:left;font-size:12px;font-weight:600;">CV-067</th></tr><tr><th style="padding:3px 5px;text-align:left;background:#f3f4f6;border-bottom:1px solid #d1d5db;width:30%;font-size:11px;font-weight:600;color:#1f2937;">ID</th><td style="padding:3px 5px;border-bottom:1px solid #e5e7eb;font-size:11px;color:#111827;">CV-067</td></tr><tr><th style="padding:3px 5px;text-align:left;background:#f3f4f6;border-bottom:1px solid #d1d5db;width:30%;font-size:11px;font-weight:600;color:#1f2937;">Endereço</th><td style="padding:3px 5px;border-bottom:1px solid #e5e7eb;font-size:11px;color:#111827;">Rua Fernando Pessoa, 513</td></tr><tr><th style="padding:3px 5px;text-align:left;background:#f3f4f6;border-bottom:1px solid #d1d5db;width:30%;font-size:11px;font-weight:600;color:#1f2937;">Subprefeitura</th><td style="padding:3px 5px;border-bottom:1px solid #e5e7eb;font-size:11px;color:#111827;">Casa Verde/Cachoeirinha</td></tr><tr><th style="padding:3px 5px;text-align:left;background:#f3f4f6;border-bottom:1px solid #d1d5db;width:30%;font-size:11px;font-weight:600;color:#1f2937;">Volumetria</th><td style="padding:3px 5px;border-bottom:1px solid #e5e7eb;font-size:11px;color:#111827;">Entre 1m³ e 5m³</td></tr></table>]]></description><Point><coordinates>-46.6611200,-23.4674700,0</coordinates></Point></Placemark>
<Style id="s-PV-67">
<LineStyle><color>ff2fffad</color><width>2.0</width></LineStyle>
<PolyStyle><color>ff2fffad</color></PolyStyle>
<IconStyle><color>ff2fffad</color><scale>0.55</scale>
<Icon><href>http://maps.google.com/mapfiles/kml/shapes/placemark_circle.png</href></Icon>
</IconStyle>
<LabelStyle><scale>0.65</scale></LabelStyle>
</Style><Placemark><name>CV-068</name><styleUrl>#s-PV-67</styleUrl><description><![CDATA[<table style="border-collapse:collapse;width:100%;font-family:'Helvetica Neue',Helvetica,Arial,sans-serif;font-size:11px;border:1px solid #e5e7eb;border-radius:8px;overflow:hidden;"><tr><th colspan="2" style="padding:5px 8px;background:#1f6feb;color:#fff;text-align:left;font-size:12px;font-weight:600;">CV-068</th></tr><tr><th style="padding:3px 5px;text-align:left;background:#f3f4f6;border-bottom:1px solid #d1d5db;width:30%;font-size:11px;font-weight:600;color:#1f2937;">ID</th><td style="padding:3px 5px;border-bottom:1px solid #e5e7eb;font-size:11px;color:#111827;">CV-068</td></tr><tr><th style="padding:3px 5px;text-align:left;background:#f3f4f6;border-bottom:1px solid #d1d5db;width:30%;font-size:11px;font-weight:600;color:#1f2937;">Endereço</th><td style="padding:3px 5px;border-bottom:1px solid #e5e7eb;font-size:11px;color:#111827;">Rua Forte de São Caetano, 254</td></tr><tr><th style="padding:3px 5px;text-align:left;background:#f3f4f6;border-bottom:1px solid #d1d5db;width:30%;font-size:11px;font-weight:600;color:#1f2937;">Subprefeitura</th><td style="padding:3px 5px;border-bottom:1px solid #e5e7eb;font-size:11px;color:#111827;">Casa Verde/Cachoeirinha</td></tr><tr><th style="padding:3px 5px;text-align:left;background:#f3f4f6;border-bottom:1px solid #d1d5db;width:30%;font-size:11px;font-weight:600;color:#1f2937;">Volumetria</th><td style="padding:3px 5px;border-bottom:1px solid #e5e7eb;font-size:11px;color:#111827;">Entre 1m³ e 5m³</td></tr></table>]]></description><Point><coordinates>-46.6560900,-23.4572900,0</coordinates></Point></Placemark>
<Style id="s-PV-68">
<LineStyle><color>ff2fffad</color><width>2.0</width></LineStyle>
<PolyStyle><color>ff2fffad</color></PolyStyle>
<IconStyle><color>ff2fffad</color><scale>0.55</scale>
<Icon><href>http://maps.google.com/mapfiles/kml/shapes/placemark_circle.png</href></Icon>
</IconStyle>
<LabelStyle><scale>0.65</scale></LabelStyle>
</Style><Placemark><name>CV-069</name><styleUrl>#s-PV-68</styleUrl><description><![CDATA[<table style="border-collapse:collapse;width:100%;font-family:'Helvetica Neue',Helvetica,Arial,sans-serif;font-size:11px;border:1px solid #e5e7eb;border-radius:8px;overflow:hidden;"><tr><th colspan="2" style="padding:5px 8px;background:#1f6feb;color:#fff;text-align:left;font-size:12px;font-weight:600;">CV-069</th></tr><tr><th style="padding:3px 5px;text-align:left;background:#f3f4f6;border-bottom:1px solid #d1d5db;width:30%;font-size:11px;font-weight:600;color:#1f2937;">ID</th><td style="padding:3px 5px;border-bottom:1px solid #e5e7eb;font-size:11px;color:#111827;">CV-069</td></tr><tr><th style="padding:3px 5px;text-align:left;background:#f3f4f6;border-bottom:1px solid #d1d5db;width:30%;font-size:11px;font-weight:600;color:#1f2937;">Endereço</th><td style="padding:3px 5px;border-bottom:1px solid #e5e7eb;font-size:11px;color:#111827;">Avenida Maria Antonia Martins X Rua Francisco Arcuri</td></tr><tr><th style="padding:3px 5px;text-align:left;background:#f3f4f6;border-bottom:1px solid #d1d5db;width:30%;font-size:11px;font-weight:600;color:#1f2937;">Subprefeitura</th><td style="padding:3px 5px;border-bottom:1px solid #e5e7eb;font-size:11px;color:#111827;">Casa Verde/Cachoeirinha</td></tr><tr><th style="padding:3px 5px;text-align:left;background:#f3f4f6;border-bottom:1px solid #d1d5db;width:30%;font-size:11px;font-weight:600;color:#1f2937;">Volumetria</th><td style="padding:3px 5px;border-bottom:1px solid #e5e7eb;font-size:11px;color:#111827;">Entre 1m³ e 5m³</td></tr></table>]]></description><Point><coordinates>-46.6565800,-23.4630700,0</coordinates></Point></Placemark>
<Style id="s-PV-69">
<LineStyle><color>ff2fffad</color><width>2.0</width></LineStyle>
<PolyStyle><color>ff2fffad</color></PolyStyle>
<IconStyle><color>ff2fffad</color><scale>0.55</scale>
<Icon><href>http://maps.google.com/mapfiles/kml/shapes/placemark_circle.png</href></Icon>
</IconStyle>
<LabelStyle><scale>0.65</scale></LabelStyle>
</Style><Placemark><name>CV-070</name><styleUrl>#s-PV-69</styleUrl><description><![CDATA[<table style="border-collapse:collapse;width:100%;font-family:'Helvetica Neue',Helvetica,Arial,sans-serif;font-size:11px;border:1px solid #e5e7eb;border-radius:8px;overflow:hidden;"><tr><th colspan="2" style="padding:5px 8px;background:#1f6feb;color:#fff;text-align:left;font-size:12px;font-weight:600;">CV-070</th></tr><tr><th style="padding:3px 5px;text-align:left;background:#f3f4f6;border-bottom:1px solid #d1d5db;width:30%;font-size:11px;font-weight:600;color:#1f2937;">ID</th><td style="padding:3px 5px;border-bottom:1px solid #e5e7eb;font-size:11px;color:#111827;">CV-070</td></tr><tr><th style="padding:3px 5px;text-align:left;background:#f3f4f6;border-bottom:1px solid #d1d5db;width:30%;font-size:11px;font-weight:600;color:#1f2937;">Endereço</th><td style="padding:3px 5px;border-bottom:1px solid #e5e7eb;font-size:11px;color:#111827;">Rua Francisco Augusto Lopes, 271</td></tr><tr><th style="padding:3px 5px;text-align:left;background:#f3f4f6;border-bottom:1px solid #d1d5db;width:30%;font-size:11px;font-weight:600;color:#1f2937;">Subprefeitura</th><td style="padding:3px 5px;border-bottom:1px solid #e5e7eb;font-size:11px;color:#111827;">Casa Verde/Cachoeirinha</td></tr><tr><th style="padding:3px 5px;text-align:left;background:#f3f4f6;border-bottom:1px solid #d1d5db;width:30%;font-size:11px;font-weight:600;color:#1f2937;">Volumetria</th><td style="padding:3px 5px;border-bottom:1px solid #e5e7eb;font-size:11px;color:#111827;">Entre 1m³ e 5m³</td></tr><tr><th style="padding:3px 5px;text-align:left;background:#f3f4f6;border-bottom:1px solid #d1d5db;width:30%;font-size:11px;font-weight:600;color:#1f2937;">Status</th><td style="padding:3px 5px;border-bottom:1px solid #e5e7eb;font-size:11px;color:#111827;">Revitalizado</td></tr><tr><th style="padding:3px 5px;text-align:left;background:#f3f4f6;border-bottom:1px solid #d1d5db;width:30%;font-size:11px;font-weight:600;color:#1f2937;">Data</th><td style="padding:3px 5px;border-bottom:1px solid #e5e7eb;font-size:11px;color:#111827;">46046</td></tr></table>]]></description><Point><coordinates>-46.6722400,-23.4963500,0</coordinates></Point></Placemark>
<Style id="s-PV-70">
<LineStyle><color>ff2fffad</color><width>2.0</width></LineStyle>
<PolyStyle><color>ff2fffad</color></PolyStyle>
<IconStyle><color>ff2fffad</color><scale>0.55</scale>
<Icon><href>http://maps.google.com/mapfiles/kml/shapes/placemark_circle.png</href></Icon>
</IconStyle>
<LabelStyle><scale>0.65</scale></LabelStyle>
</Style><Placemark><name>CV-071</name><styleUrl>#s-PV-70</styleUrl><description><![CDATA[<table style="border-collapse:collapse;width:100%;font-family:'Helvetica Neue',Helvetica,Arial,sans-serif;font-size:11px;border:1px solid #e5e7eb;border-radius:8px;overflow:hidden;"><tr><th colspan="2" style="padding:5px 8px;background:#1f6feb;color:#fff;text-align:left;font-size:12px;font-weight:600;">CV-071</th></tr><tr><th style="padding:3px 5px;text-align:left;background:#f3f4f6;border-bottom:1px solid #d1d5db;width:30%;font-size:11px;font-weight:600;color:#1f2937;">ID</th><td style="padding:3px 5px;border-bottom:1px solid #e5e7eb;font-size:11px;color:#111827;">CV-071</td></tr><tr><th style="padding:3px 5px;text-align:left;background:#f3f4f6;border-bottom:1px solid #d1d5db;width:30%;font-size:11px;font-weight:600;color:#1f2937;">Endereço</th><td style="padding:3px 5px;border-bottom:1px solid #e5e7eb;font-size:11px;color:#111827;">Rua Francisco Rodrigues Lobo, 15</td></tr><tr><th style="padding:3px 5px;text-align:left;background:#f3f4f6;border-bottom:1px solid #d1d5db;width:30%;font-size:11px;font-weight:600;color:#1f2937;">Subprefeitura</th><td style="padding:3px 5px;border-bottom:1px solid #e5e7eb;font-size:11px;color:#111827;">Casa Verde/Cachoeirinha</td></tr><tr><th style="padding:3px 5px;text-align:left;background:#f3f4f6;border-bottom:1px solid #d1d5db;width:30%;font-size:11px;font-weight:600;color:#1f2937;">Volumetria</th><td style="padding:3px 5px;border-bottom:1px solid #e5e7eb;font-size:11px;color:#111827;">Entre 1m³ e 5m³</td></tr></table>]]></description><Point><coordinates>-46.6670800,-23.4681500,0</coordinates></Point></Placemark>
<Style id="s-PV-71">
<LineStyle><color>ff2fffad</color><width>2.0</width></LineStyle>
<PolyStyle><color>ff2fffad</color></PolyStyle>
<IconStyle><color>ff2fffad</color><scale>0.55</scale>
<Icon><href>http://maps.google.com/mapfiles/kml/shapes/placemark_circle.png</href></Icon>
</IconStyle>
<LabelStyle><scale>0.65</scale></LabelStyle>
</Style><Placemark><name>CV-072</name><styleUrl>#s-PV-71</styleUrl><description><![CDATA[<table style="border-collapse:collapse;width:100%;font-family:'Helvetica Neue',Helvetica,Arial,sans-serif;font-size:11px;border:1px solid #e5e7eb;border-radius:8px;overflow:hidden;"><tr><th colspan="2" style="padding:5px 8px;background:#1f6feb;color:#fff;text-align:left;font-size:12px;font-weight:600;">CV-072</th></tr><tr><th style="padding:3px 5px;text-align:left;background:#f3f4f6;border-bottom:1px solid #d1d5db;width:30%;font-size:11px;font-weight:600;color:#1f2937;">ID</th><td style="padding:3px 5px;border-bottom:1px solid #e5e7eb;font-size:11px;color:#111827;">CV-072</td></tr><tr><th style="padding:3px 5px;text-align:left;background:#f3f4f6;border-bottom:1px solid #d1d5db;width:30%;font-size:11px;font-weight:600;color:#1f2937;">Endereço</th><td style="padding:3px 5px;border-bottom:1px solid #e5e7eb;font-size:11px;color:#111827;">Rua Franklin do Amaral, 611</td></tr><tr><th style="padding:3px 5px;text-align:left;background:#f3f4f6;border-bottom:1px solid #d1d5db;width:30%;font-size:11px;font-weight:600;color:#1f2937;">Subprefeitura</th><td style="padding:3px 5px;border-bottom:1px solid #e5e7eb;font-size:11px;color:#111827;">Casa Verde/Cachoeirinha</td></tr><tr><th style="padding:3px 5px;text-align:left;background:#f3f4f6;border-bottom:1px solid #d1d5db;width:30%;font-size:11px;font-weight:600;color:#1f2937;">Volumetria</th><td style="padding:3px 5px;border-bottom:1px solid #e5e7eb;font-size:11px;color:#111827;">Entre 1m³ e 5m³</td></tr></table>]]></description><Point><coordinates>-46.6579800,-23.4746500,0</coordinates></Point></Placemark>
<Style id="s-PV-72">
<LineStyle><color>ff2fffad</color><width>2.0</width></LineStyle>
<PolyStyle><color>ff2fffad</color></PolyStyle>
<IconStyle><color>ff2fffad</color><scale>0.55</scale>
<Icon><href>http://maps.google.com/mapfiles/kml/shapes/placemark_circle.png</href></Icon>
</IconStyle>
<LabelStyle><scale>0.65</scale></LabelStyle>
</Style><Placemark><name>CV-073</name><styleUrl>#s-PV-72</styleUrl><description><![CDATA[<table style="border-collapse:collapse;width:100%;font-family:'Helvetica Neue',Helvetica,Arial,sans-serif;font-size:11px;border:1px solid #e5e7eb;border-radius:8px;overflow:hidden;"><tr><th colspan="2" style="padding:5px 8px;background:#1f6feb;color:#fff;text-align:left;font-size:12px;font-weight:600;">CV-073</th></tr><tr><th style="padding:3px 5px;text-align:left;background:#f3f4f6;border-bottom:1px solid #d1d5db;width:30%;font-size:11px;font-weight:600;color:#1f2937;">ID</th><td style="padding:3px 5px;border-bottom:1px solid #e5e7eb;font-size:11px;color:#111827;">CV-073</td></tr><tr><th style="padding:3px 5px;text-align:left;background:#f3f4f6;border-bottom:1px solid #d1d5db;width:30%;font-size:11px;font-weight:600;color:#1f2937;">Endereço</th><td style="padding:3px 5px;border-bottom:1px solid #e5e7eb;font-size:11px;color:#111827;">Rua Galiléia, 325</td></tr><tr><th style="padding:3px 5px;text-align:left;background:#f3f4f6;border-bottom:1px solid #d1d5db;width:30%;font-size:11px;font-weight:600;color:#1f2937;">Subprefeitura</th><td style="padding:3px 5px;border-bottom:1px solid #e5e7eb;font-size:11px;color:#111827;">Casa Verde/Cachoeirinha</td></tr><tr><th style="padding:3px 5px;text-align:left;background:#f3f4f6;border-bottom:1px solid #d1d5db;width:30%;font-size:11px;font-weight:600;color:#1f2937;">Volumetria</th><td style="padding:3px 5px;border-bottom:1px solid #e5e7eb;font-size:11px;color:#111827;">Entre 1m³ e 5m³</td></tr></table>]]></description><Point><coordinates>-46.6563000,-23.5021600,0</coordinates></Point></Placemark>
<Style id="s-PV-73">
<LineStyle><color>ff2fffad</color><width>2.0</width></LineStyle>
<PolyStyle><color>ff2fffad</color></PolyStyle>
<IconStyle><color>ff2fffad</color><scale>0.55</scale>
<Icon><href>http://maps.google.com/mapfiles/kml/shapes/placemark_circle.png</href></Icon>
</IconStyle>
<LabelStyle><scale>0.65</scale></LabelStyle>
</Style><Placemark><name>CV-074</name><styleUrl>#s-PV-73</styleUrl><description><![CDATA[<table style="border-collapse:collapse;width:100%;font-family:'Helvetica Neue',Helvetica,Arial,sans-serif;font-size:11px;border:1px solid #e5e7eb;border-radius:8px;overflow:hidden;"><tr><th colspan="2" style="padding:5px 8px;background:#1f6feb;color:#fff;text-align:left;font-size:12px;font-weight:600;">CV-074</th></tr><tr><th style="padding:3px 5px;text-align:left;background:#f3f4f6;border-bottom:1px solid #d1d5db;width:30%;font-size:11px;font-weight:600;color:#1f2937;">ID</th><td style="padding:3px 5px;border-bottom:1px solid #e5e7eb;font-size:11px;color:#111827;">CV-074</td></tr><tr><th style="padding:3px 5px;text-align:left;background:#f3f4f6;border-bottom:1px solid #d1d5db;width:30%;font-size:11px;font-weight:600;color:#1f2937;">Endereço</th><td style="padding:3px 5px;border-bottom:1px solid #e5e7eb;font-size:11px;color:#111827;">Avenida Inajar de Souza X Rua Gervasio Leite Rebelo</td></tr><tr><th style="padding:3px 5px;text-align:left;background:#f3f4f6;border-bottom:1px solid #d1d5db;width:30%;font-size:11px;font-weight:600;color:#1f2937;">Subprefeitura</th><td style="padding:3px 5px;border-bottom:1px solid #e5e7eb;font-size:11px;color:#111827;">Casa Verde/Cachoeirinha</td></tr><tr><th style="padding:3px 5px;text-align:left;background:#f3f4f6;border-bottom:1px solid #d1d5db;width:30%;font-size:11px;font-weight:600;color:#1f2937;">Volumetria</th><td style="padding:3px 5px;border-bottom:1px solid #e5e7eb;font-size:11px;color:#111827;">Entre 1m³ e 5m³</td></tr></table>]]></description><Point><coordinates>-46.6740700,-23.4535100,0</coordinates></Point></Placemark>
<Style id="s-PV-74">
<LineStyle><color>ff2fffad</color><width>2.0</width></LineStyle>
<PolyStyle><color>ff2fffad</color></PolyStyle>
<IconStyle><color>ff2fffad</color><scale>0.55</scale>
<Icon><href>http://maps.google.com/mapfiles/kml/shapes/placemark_circle.png</href></Icon>
</IconStyle>
<LabelStyle><scale>0.65</scale></LabelStyle>
</Style><Placemark><name>CV-075</name><styleUrl>#s-PV-74</styleUrl><description><![CDATA[<table style="border-collapse:collapse;width:100%;font-family:'Helvetica Neue',Helvetica,Arial,sans-serif;font-size:11px;border:1px solid #e5e7eb;border-radius:8px;overflow:hidden;"><tr><th colspan="2" style="padding:5px 8px;background:#1f6feb;color:#fff;text-align:left;font-size:12px;font-weight:600;">CV-075</th></tr><tr><th style="padding:3px 5px;text-align:left;background:#f3f4f6;border-bottom:1px solid #d1d5db;width:30%;font-size:11px;font-weight:600;color:#1f2937;">ID</th><td style="padding:3px 5px;border-bottom:1px solid #e5e7eb;font-size:11px;color:#111827;">CV-075</td></tr><tr><th style="padding:3px 5px;text-align:left;background:#f3f4f6;border-bottom:1px solid #d1d5db;width:30%;font-size:11px;font-weight:600;color:#1f2937;">Endereço</th><td style="padding:3px 5px;border-bottom:1px solid #e5e7eb;font-size:11px;color:#111827;">Rua Dario Vilares Barbosa X Rua Gervasio Leite Rebelo</td></tr><tr><th style="padding:3px 5px;text-align:left;background:#f3f4f6;border-bottom:1px solid #d1d5db;width:30%;font-size:11px;font-weight:600;color:#1f2937;">Subprefeitura</th><td style="padding:3px 5px;border-bottom:1px solid #e5e7eb;font-size:11px;color:#111827;">Casa Verde/Cachoeirinha</td></tr><tr><th style="padding:3px 5px;text-align:left;background:#f3f4f6;border-bottom:1px solid #d1d5db;width:30%;font-size:11px;font-weight:600;color:#1f2937;">Volumetria</th><td style="padding:3px 5px;border-bottom:1px solid #e5e7eb;font-size:11px;color:#111827;">Entre 1m³ e 5m³</td></tr></table>]]></description><Point><coordinates>-46.6714200,-23.4534100,0</coordinates></Point></Placemark>
<Style id="s-PV-75">
<LineStyle><color>ff2fffad</color><width>2.0</width></LineStyle>
<PolyStyle><color>ff2fffad</color></PolyStyle>
<IconStyle><color>ff2fffad</color><scale>0.55</scale>
<Icon><href>http://maps.google.com/mapfiles/kml/shapes/placemark_circle.png</href></Icon>
</IconStyle>
<LabelStyle><scale>0.65</scale></LabelStyle>
</Style><Placemark><name>CV-076</name><styleUrl>#s-PV-75</styleUrl><description><![CDATA[<table style="border-collapse:collapse;width:100%;font-family:'Helvetica Neue',Helvetica,Arial,sans-serif;font-size:11px;border:1px solid #e5e7eb;border-radius:8px;overflow:hidden;"><tr><th colspan="2" style="padding:5px 8px;background:#1f6feb;color:#fff;text-align:left;font-size:12px;font-weight:600;">CV-076</th></tr><tr><th style="padding:3px 5px;text-align:left;background:#f3f4f6;border-bottom:1px solid #d1d5db;width:30%;font-size:11px;font-weight:600;color:#1f2937;">ID</th><td style="padding:3px 5px;border-bottom:1px solid #e5e7eb;font-size:11px;color:#111827;">CV-076</td></tr><tr><th style="padding:3px 5px;text-align:left;background:#f3f4f6;border-bottom:1px solid #d1d5db;width:30%;font-size:11px;font-weight:600;color:#1f2937;">Endereço</th><td style="padding:3px 5px;border-bottom:1px solid #e5e7eb;font-size:11px;color:#111827;">Rua Gervasio Leite Rebelo X Rua Serrana Fluminense</td></tr><tr><th style="padding:3px 5px;text-align:left;background:#f3f4f6;border-bottom:1px solid #d1d5db;width:30%;font-size:11px;font-weight:600;color:#1f2937;">Subprefeitura</th><td style="padding:3px 5px;border-bottom:1px solid #e5e7eb;font-size:11px;color:#111827;">Casa Verde/Cachoeirinha</td></tr><tr><th style="padding:3px 5px;text-align:left;background:#f3f4f6;border-bottom:1px solid #d1d5db;width:30%;font-size:11px;font-weight:600;color:#1f2937;">Volumetria</th><td style="padding:3px 5px;border-bottom:1px solid #e5e7eb;font-size:11px;color:#111827;">Entre 1m³ e 5m³</td></tr></table>]]></description><Point><coordinates>-46.6682300,-23.4579400,0</coordinates></Point></Placemark>
<Style id="s-PV-76">
<LineStyle><color>ff2fffad</color><width>2.0</width></LineStyle>
<PolyStyle><color>ff2fffad</color></PolyStyle>
<IconStyle><color>ff2fffad</color><scale>0.55</scale>
<Icon><href>http://maps.google.com/mapfiles/kml/shapes/placemark_circle.png</href></Icon>
</IconStyle>
<LabelStyle><scale>0.65</scale></LabelStyle>
</Style><Placemark><name>CV-077</name><styleUrl>#s-PV-76</styleUrl><description><![CDATA[<table style="border-collapse:collapse;width:100%;font-family:'Helvetica Neue',Helvetica,Arial,sans-serif;font-size:11px;border:1px solid #e5e7eb;border-radius:8px;overflow:hidden;"><tr><th colspan="2" style="padding:5px 8px;background:#1f6feb;color:#fff;text-align:left;font-size:12px;font-weight:600;">CV-077</th></tr><tr><th style="padding:3px 5px;text-align:left;background:#f3f4f6;border-bottom:1px solid #d1d5db;width:30%;font-size:11px;font-weight:600;color:#1f2937;">ID</th><td style="padding:3px 5px;border-bottom:1px solid #e5e7eb;font-size:11px;color:#111827;">CV-077</td></tr><tr><th style="padding:3px 5px;text-align:left;background:#f3f4f6;border-bottom:1px solid #d1d5db;width:30%;font-size:11px;font-weight:600;color:#1f2937;">Endereço</th><td style="padding:3px 5px;border-bottom:1px solid #e5e7eb;font-size:11px;color:#111827;">Rua Gervasio Leite Rebelo, 10</td></tr><tr><th style="padding:3px 5px;text-align:left;background:#f3f4f6;border-bottom:1px solid #d1d5db;width:30%;font-size:11px;font-weight:600;color:#1f2937;">Subprefeitura</th><td style="padding:3px 5px;border-bottom:1px solid #e5e7eb;font-size:11px;color:#111827;">Casa Verde/Cachoeirinha</td></tr><tr><th style="padding:3px 5px;text-align:left;background:#f3f4f6;border-bottom:1px solid #d1d5db;width:30%;font-size:11px;font-weight:600;color:#1f2937;">Volumetria</th><td style="padding:3px 5px;border-bottom:1px solid #e5e7eb;font-size:11px;color:#111827;">Entre 1m³ e 5m³</td></tr></table>]]></description><Point><coordinates>-46.6680500,-23.4580400,0</coordinates></Point></Placemark>
<Style id="s-PV-77">
<LineStyle><color>ff2fffad</color><width>2.0</width></LineStyle>
<PolyStyle><color>ff2fffad</color></PolyStyle>
<IconStyle><color>ff2fffad</color><scale>0.55</scale>
<Icon><href>http://maps.google.com/mapfiles/kml/shapes/placemark_circle.png</href></Icon>
</IconStyle>
<LabelStyle><scale>0.65</scale></LabelStyle>
</Style><Placemark><name>CV-078</name><styleUrl>#s-PV-77</styleUrl><description><![CDATA[<table style="border-collapse:collapse;width:100%;font-family:'Helvetica Neue',Helvetica,Arial,sans-serif;font-size:11px;border:1px solid #e5e7eb;border-radius:8px;overflow:hidden;"><tr><th colspan="2" style="padding:5px 8px;background:#1f6feb;color:#fff;text-align:left;font-size:12px;font-weight:600;">CV-078</th></tr><tr><th style="padding:3px 5px;text-align:left;background:#f3f4f6;border-bottom:1px solid #d1d5db;width:30%;font-size:11px;font-weight:600;color:#1f2937;">ID</th><td style="padding:3px 5px;border-bottom:1px solid #e5e7eb;font-size:11px;color:#111827;">CV-078</td></tr><tr><th style="padding:3px 5px;text-align:left;background:#f3f4f6;border-bottom:1px solid #d1d5db;width:30%;font-size:11px;font-weight:600;color:#1f2937;">Endereço</th><td style="padding:3px 5px;border-bottom:1px solid #e5e7eb;font-size:11px;color:#111827;">Rua Gonçalo de Sá, 1828</td></tr><tr><th style="padding:3px 5px;text-align:left;background:#f3f4f6;border-bottom:1px solid #d1d5db;width:30%;font-size:11px;font-weight:600;color:#1f2937;">Subprefeitura</th><td style="padding:3px 5px;border-bottom:1px solid #e5e7eb;font-size:11px;color:#111827;">Casa Verde/Cachoeirinha</td></tr><tr><th style="padding:3px 5px;text-align:left;background:#f3f4f6;border-bottom:1px solid #d1d5db;width:30%;font-size:11px;font-weight:600;color:#1f2937;">Volumetria</th><td style="padding:3px 5px;border-bottom:1px solid #e5e7eb;font-size:11px;color:#111827;">Entre 1m³ e 5m³</td></tr></table>]]></description><Point><coordinates>-46.6604400,-23.4941300,0</coordinates></Point></Placemark>
<Style id="s-PV-78">
<LineStyle><color>ff2fffad</color><width>2.0</width></LineStyle>
<PolyStyle><color>ff2fffad</color></PolyStyle>
<IconStyle><color>ff2fffad</color><scale>0.55</scale>
<Icon><href>http://maps.google.com/mapfiles/kml/shapes/placemark_circle.png</href></Icon>
</IconStyle>
<LabelStyle><scale>0.65</scale></LabelStyle>
</Style><Placemark><name>CV-079</name><styleUrl>#s-PV-78</styleUrl><description><![CDATA[<table style="border-collapse:collapse;width:100%;font-family:'Helvetica Neue',Helvetica,Arial,sans-serif;font-size:11px;border:1px solid #e5e7eb;border-radius:8px;overflow:hidden;"><tr><th colspan="2" style="padding:5px 8px;background:#1f6feb;color:#fff;text-align:left;font-size:12px;font-weight:600;">CV-079</th></tr><tr><th style="padding:3px 5px;text-align:left;background:#f3f4f6;border-bottom:1px solid #d1d5db;width:30%;font-size:11px;font-weight:600;color:#1f2937;">ID</th><td style="padding:3px 5px;border-bottom:1px solid #e5e7eb;font-size:11px;color:#111827;">CV-079</td></tr><tr><th style="padding:3px 5px;text-align:left;background:#f3f4f6;border-bottom:1px solid #d1d5db;width:30%;font-size:11px;font-weight:600;color:#1f2937;">Endereço</th><td style="padding:3px 5px;border-bottom:1px solid #e5e7eb;font-size:11px;color:#111827;">Rua Gonçalo de Sá, 1850</td></tr><tr><th style="padding:3px 5px;text-align:left;background:#f3f4f6;border-bottom:1px solid #d1d5db;width:30%;font-size:11px;font-weight:600;color:#1f2937;">Subprefeitura</th><td style="padding:3px 5px;border-bottom:1px solid #e5e7eb;font-size:11px;color:#111827;">Casa Verde/Cachoeirinha</td></tr><tr><th style="padding:3px 5px;text-align:left;background:#f3f4f6;border-bottom:1px solid #d1d5db;width:30%;font-size:11px;font-weight:600;color:#1f2937;">Volumetria</th><td style="padding:3px 5px;border-bottom:1px solid #e5e7eb;font-size:11px;color:#111827;">Entre 1m³ e 5m³</td></tr></table>]]></description><Point><coordinates>-46.6603800,-23.4943600,0</coordinates></Point></Placemark>
<Style id="s-PV-79">
<LineStyle><color>ff2fffad</color><width>2.0</width></LineStyle>
<PolyStyle><color>ff2fffad</color></PolyStyle>
<IconStyle><color>ff2fffad</color><scale>0.55</scale>
<Icon><href>http://maps.google.com/mapfiles/kml/shapes/placemark_circle.png</href></Icon>
</IconStyle>
<LabelStyle><scale>0.65</scale></LabelStyle>
</Style><Placemark><name>CV-080</name><styleUrl>#s-PV-79</styleUrl><description><![CDATA[<table style="border-collapse:collapse;width:100%;font-family:'Helvetica Neue',Helvetica,Arial,sans-serif;font-size:11px;border:1px solid #e5e7eb;border-radius:8px;overflow:hidden;"><tr><th colspan="2" style="padding:5px 8px;background:#1f6feb;color:#fff;text-align:left;font-size:12px;font-weight:600;">CV-080</th></tr><tr><th style="padding:3px 5px;text-align:left;background:#f3f4f6;border-bottom:1px solid #d1d5db;width:30%;font-size:11px;font-weight:600;color:#1f2937;">ID</th><td style="padding:3px 5px;border-bottom:1px solid #e5e7eb;font-size:11px;color:#111827;">CV-080</td></tr><tr><th style="padding:3px 5px;text-align:left;background:#f3f4f6;border-bottom:1px solid #d1d5db;width:30%;font-size:11px;font-weight:600;color:#1f2937;">Endereço</th><td style="padding:3px 5px;border-bottom:1px solid #e5e7eb;font-size:11px;color:#111827;">Rua Horacio Vergueiro Rudge, 69</td></tr><tr><th style="padding:3px 5px;text-align:left;background:#f3f4f6;border-bottom:1px solid #d1d5db;width:30%;font-size:11px;font-weight:600;color:#1f2937;">Subprefeitura</th><td style="padding:3px 5px;border-bottom:1px solid #e5e7eb;font-size:11px;color:#111827;">Casa Verde/Cachoeirinha</td></tr><tr><th style="padding:3px 5px;text-align:left;background:#f3f4f6;border-bottom:1px solid #d1d5db;width:30%;font-size:11px;font-weight:600;color:#1f2937;">Volumetria</th><td style="padding:3px 5px;border-bottom:1px solid #e5e7eb;font-size:11px;color:#111827;">Entre 1m³ e 5m³</td></tr></table>]]></description><Point><coordinates>-46.6632200,-23.5143600,0</coordinates></Point></Placemark>
<Style id="s-PV-80">
<LineStyle><color>ff2fffad</color><width>2.0</width></LineStyle>
<PolyStyle><color>ff2fffad</color></PolyStyle>
<IconStyle><color>ff2fffad</color><scale>0.55</scale>
<Icon><href>http://maps.google.com/mapfiles/kml/shapes/placemark_circle.png</href></Icon>
</IconStyle>
<LabelStyle><scale>0.65</scale></LabelStyle>
</Style><Placemark><name>CV-081</name><styleUrl>#s-PV-80</styleUrl><description><![CDATA[<table style="border-collapse:collapse;width:100%;font-family:'Helvetica Neue',Helvetica,Arial,sans-serif;font-size:11px;border:1px solid #e5e7eb;border-radius:8px;overflow:hidden;"><tr><th colspan="2" style="padding:5px 8px;background:#1f6feb;color:#fff;text-align:left;font-size:12px;font-weight:600;">CV-081</th></tr><tr><th style="padding:3px 5px;text-align:left;background:#f3f4f6;border-bottom:1px solid #d1d5db;width:30%;font-size:11px;font-weight:600;color:#1f2937;">ID</th><td style="padding:3px 5px;border-bottom:1px solid #e5e7eb;font-size:11px;color:#111827;">CV-081</td></tr><tr><th style="padding:3px 5px;text-align:left;background:#f3f4f6;border-bottom:1px solid #d1d5db;width:30%;font-size:11px;font-weight:600;color:#1f2937;">Endereço</th><td style="padding:3px 5px;border-bottom:1px solid #e5e7eb;font-size:11px;color:#111827;">Rua Iapo, 284</td></tr><tr><th style="padding:3px 5px;text-align:left;background:#f3f4f6;border-bottom:1px solid #d1d5db;width:30%;font-size:11px;font-weight:600;color:#1f2937;">Subprefeitura</th><td style="padding:3px 5px;border-bottom:1px solid #e5e7eb;font-size:11px;color:#111827;">Casa Verde/Cachoeirinha</td></tr><tr><th style="padding:3px 5px;text-align:left;background:#f3f4f6;border-bottom:1px solid #d1d5db;width:30%;font-size:11px;font-weight:600;color:#1f2937;">Volumetria</th><td style="padding:3px 5px;border-bottom:1px solid #e5e7eb;font-size:11px;color:#111827;">Entre 1m³ e 5m³</td></tr><tr><th style="padding:3px 5px;text-align:left;background:#f3f4f6;border-bottom:1px solid #d1d5db;width:30%;font-size:11px;font-weight:600;color:#1f2937;">Status</th><td style="padding:3px 5px;border-bottom:1px solid #e5e7eb;font-size:11px;color:#111827;">Revitalizado</td></tr><tr><th style="padding:3px 5px;text-align:left;background:#f3f4f6;border-bottom:1px solid #d1d5db;width:30%;font-size:11px;font-weight:600;color:#1f2937;">Data</th><td style="padding:3px 5px;border-bottom:1px solid #e5e7eb;font-size:11px;color:#111827;">46060</td></tr></table>]]></description><Point><coordinates>-46.6593300,-23.5149200,0</coordinates></Point></Placemark>
<Style id="s-PV-81">
<LineStyle><color>ff2fffad</color><width>2.0</width></LineStyle>
<PolyStyle><color>ff2fffad</color></PolyStyle>
<IconStyle><color>ff2fffad</color><scale>0.55</scale>
<Icon><href>http://maps.google.com/mapfiles/kml/shapes/placemark_circle.png</href></Icon>
</IconStyle>
<LabelStyle><scale>0.65</scale></LabelStyle>
</Style><Placemark><name>CV-082</name><styleUrl>#s-PV-81</styleUrl><description><![CDATA[<table style="border-collapse:collapse;width:100%;font-family:'Helvetica Neue',Helvetica,Arial,sans-serif;font-size:11px;border:1px solid #e5e7eb;border-radius:8px;overflow:hidden;"><tr><th colspan="2" style="padding:5px 8px;background:#1f6feb;color:#fff;text-align:left;font-size:12px;font-weight:600;">CV-082</th></tr><tr><th style="padding:3px 5px;text-align:left;background:#f3f4f6;border-bottom:1px solid #d1d5db;width:30%;font-size:11px;font-weight:600;color:#1f2937;">ID</th><td style="padding:3px 5px;border-bottom:1px solid #e5e7eb;font-size:11px;color:#111827;">CV-082</td></tr><tr><th style="padding:3px 5px;text-align:left;background:#f3f4f6;border-bottom:1px solid #d1d5db;width:30%;font-size:11px;font-weight:600;color:#1f2937;">Endereço</th><td style="padding:3px 5px;border-bottom:1px solid #e5e7eb;font-size:11px;color:#111827;">Rua João Roberto Thut, 509</td></tr><tr><th style="padding:3px 5px;text-align:left;background:#f3f4f6;border-bottom:1px solid #d1d5db;width:30%;font-size:11px;font-weight:600;color:#1f2937;">Subprefeitura</th><td style="padding:3px 5px;border-bottom:1px solid #e5e7eb;font-size:11px;color:#111827;">Casa Verde/Cachoeirinha</td></tr><tr><th style="padding:3px 5px;text-align:left;background:#f3f4f6;border-bottom:1px solid #d1d5db;width:30%;font-size:11px;font-weight:600;color:#1f2937;">Volumetria</th><td style="padding:3px 5px;border-bottom:1px solid #e5e7eb;font-size:11px;color:#111827;">Entre 1m³ e 5m³</td></tr><tr><th style="padding:3px 5px;text-align:left;background:#f3f4f6;border-bottom:1px solid #d1d5db;width:30%;font-size:11px;font-weight:600;color:#1f2937;">Status</th><td style="padding:3px 5px;border-bottom:1px solid #e5e7eb;font-size:11px;color:#111827;">Revitalizado</td></tr><tr><th style="padding:3px 5px;text-align:left;background:#f3f4f6;border-bottom:1px solid #d1d5db;width:30%;font-size:11px;font-weight:600;color:#1f2937;">Data</th><td style="padding:3px 5px;border-bottom:1px solid #e5e7eb;font-size:11px;color:#111827;">46053</td></tr></table>]]></description><Point><coordinates>-46.6837300,-23.4895100,0</coordinates></Point></Placemark>
<Style id="s-PV-82">
<LineStyle><color>ff2fffad</color><width>2.0</width></LineStyle>
<PolyStyle><color>ff2fffad</color></PolyStyle>
<IconStyle><color>ff2fffad</color><scale>0.55</scale>
<Icon><href>http://maps.google.com/mapfiles/kml/shapes/placemark_circle.png</href></Icon>
</IconStyle>
<LabelStyle><scale>0.65</scale></LabelStyle>
</Style><Placemark><name>CV-083</name><styleUrl>#s-PV-82</styleUrl><description><![CDATA[<table style="border-collapse:collapse;width:100%;font-family:'Helvetica Neue',Helvetica,Arial,sans-serif;font-size:11px;border:1px solid #e5e7eb;border-radius:8px;overflow:hidden;"><tr><th colspan="2" style="padding:5px 8px;background:#1f6feb;color:#fff;text-align:left;font-size:12px;font-weight:600;">CV-083</th></tr><tr><th style="padding:3px 5px;text-align:left;background:#f3f4f6;border-bottom:1px solid #d1d5db;width:30%;font-size:11px;font-weight:600;color:#1f2937;">ID</th><td style="padding:3px 5px;border-bottom:1px solid #e5e7eb;font-size:11px;color:#111827;">CV-083</td></tr><tr><th style="padding:3px 5px;text-align:left;background:#f3f4f6;border-bottom:1px solid #d1d5db;width:30%;font-size:11px;font-weight:600;color:#1f2937;">Endereço</th><td style="padding:3px 5px;border-bottom:1px solid #e5e7eb;font-size:11px;color:#111827;">Rua Joaquim Afonso de Souza, 712</td></tr><tr><th style="padding:3px 5px;text-align:left;background:#f3f4f6;border-bottom:1px solid #d1d5db;width:30%;font-size:11px;font-weight:600;color:#1f2937;">Subprefeitura</th><td style="padding:3px 5px;border-bottom:1px solid #e5e7eb;font-size:11px;color:#111827;">Casa Verde/Cachoeirinha</td></tr><tr><th style="padding:3px 5px;text-align:left;background:#f3f4f6;border-bottom:1px solid #d1d5db;width:30%;font-size:11px;font-weight:600;color:#1f2937;">Volumetria</th><td style="padding:3px 5px;border-bottom:1px solid #e5e7eb;font-size:11px;color:#111827;">Entre 1m³ e 5m³</td></tr></table>]]></description><Point><coordinates>-46.6647400,-23.4856200,0</coordinates></Point></Placemark>
<Style id="s-PV-83">
<LineStyle><color>ff2fffad</color><width>2.0</width></LineStyle>
<PolyStyle><color>ff2fffad</color></PolyStyle>
<IconStyle><color>ff2fffad</color><scale>0.55</scale>
<Icon><href>http://maps.google.com/mapfiles/kml/shapes/placemark_circle.png</href></Icon>
</IconStyle>
<LabelStyle><scale>0.65</scale></LabelStyle>
</Style><Placemark><name>CV-084</name><styleUrl>#s-PV-83</styleUrl><description><![CDATA[<table style="border-collapse:collapse;width:100%;font-family:'Helvetica Neue',Helvetica,Arial,sans-serif;font-size:11px;border:1px solid #e5e7eb;border-radius:8px;overflow:hidden;"><tr><th colspan="2" style="padding:5px 8px;background:#1f6feb;color:#fff;text-align:left;font-size:12px;font-weight:600;">CV-084</th></tr><tr><th style="padding:3px 5px;text-align:left;background:#f3f4f6;border-bottom:1px solid #d1d5db;width:30%;font-size:11px;font-weight:600;color:#1f2937;">ID</th><td style="padding:3px 5px;border-bottom:1px solid #e5e7eb;font-size:11px;color:#111827;">CV-084</td></tr><tr><th style="padding:3px 5px;text-align:left;background:#f3f4f6;border-bottom:1px solid #d1d5db;width:30%;font-size:11px;font-weight:600;color:#1f2937;">Endereço</th><td style="padding:3px 5px;border-bottom:1px solid #e5e7eb;font-size:11px;color:#111827;">Rua José Amato, 40</td></tr><tr><th style="padding:3px 5px;text-align:left;background:#f3f4f6;border-bottom:1px solid #d1d5db;width:30%;font-size:11px;font-weight:600;color:#1f2937;">Subprefeitura</th><td style="padding:3px 5px;border-bottom:1px solid #e5e7eb;font-size:11px;color:#111827;">Casa Verde/Cachoeirinha</td></tr><tr><th style="padding:3px 5px;text-align:left;background:#f3f4f6;border-bottom:1px solid #d1d5db;width:30%;font-size:11px;font-weight:600;color:#1f2937;">Volumetria</th><td style="padding:3px 5px;border-bottom:1px solid #e5e7eb;font-size:11px;color:#111827;">Entre 1m³ e 5m³</td></tr></table>]]></description><Point><coordinates>-46.6692500,-23.5134200,0</coordinates></Point></Placemark>
<Style id="s-PV-84">
<LineStyle><color>ff2fffad</color><width>2.0</width></LineStyle>
<PolyStyle><color>ff2fffad</color></PolyStyle>
<IconStyle><color>ff2fffad</color><scale>0.55</scale>
<Icon><href>http://maps.google.com/mapfiles/kml/shapes/placemark_circle.png</href></Icon>
</IconStyle>
<LabelStyle><scale>0.65</scale></LabelStyle>
</Style><Placemark><name>CV-085</name><styleUrl>#s-PV-84</styleUrl><description><![CDATA[<table style="border-collapse:collapse;width:100%;font-family:'Helvetica Neue',Helvetica,Arial,sans-serif;font-size:11px;border:1px solid #e5e7eb;border-radius:8px;overflow:hidden;"><tr><th colspan="2" style="padding:5px 8px;background:#1f6feb;color:#fff;text-align:left;font-size:12px;font-weight:600;">CV-085</th></tr><tr><th style="padding:3px 5px;text-align:left;background:#f3f4f6;border-bottom:1px solid #d1d5db;width:30%;font-size:11px;font-weight:600;color:#1f2937;">ID</th><td style="padding:3px 5px;border-bottom:1px solid #e5e7eb;font-size:11px;color:#111827;">CV-085</td></tr><tr><th style="padding:3px 5px;text-align:left;background:#f3f4f6;border-bottom:1px solid #d1d5db;width:30%;font-size:11px;font-weight:600;color:#1f2937;">Endereço</th><td style="padding:3px 5px;border-bottom:1px solid #e5e7eb;font-size:11px;color:#111827;">Rua José de Brito de Freitas, 14</td></tr><tr><th style="padding:3px 5px;text-align:left;background:#f3f4f6;border-bottom:1px solid #d1d5db;width:30%;font-size:11px;font-weight:600;color:#1f2937;">Subprefeitura</th><td style="padding:3px 5px;border-bottom:1px solid #e5e7eb;font-size:11px;color:#111827;">Casa Verde/Cachoeirinha</td></tr><tr><th style="padding:3px 5px;text-align:left;background:#f3f4f6;border-bottom:1px solid #d1d5db;width:30%;font-size:11px;font-weight:600;color:#1f2937;">Volumetria</th><td style="padding:3px 5px;border-bottom:1px solid #e5e7eb;font-size:11px;color:#111827;">Entre 1m³ e 5m³</td></tr></table>]]></description><Point><coordinates>-46.6631800,-23.5042000,0</coordinates></Point></Placemark>
<Style id="s-PV-85">
<LineStyle><color>ff2fffad</color><width>2.0</width></LineStyle>
<PolyStyle><color>ff2fffad</color></PolyStyle>
<IconStyle><color>ff2fffad</color><scale>0.55</scale>
<Icon><href>http://maps.google.com/mapfiles/kml/shapes/placemark_circle.png</href></Icon>
</IconStyle>
<LabelStyle><scale>0.65</scale></LabelStyle>
</Style><Placemark><name>CV-086</name><styleUrl>#s-PV-85</styleUrl><description><![CDATA[<table style="border-collapse:collapse;width:100%;font-family:'Helvetica Neue',Helvetica,Arial,sans-serif;font-size:11px;border:1px solid #e5e7eb;border-radius:8px;overflow:hidden;"><tr><th colspan="2" style="padding:5px 8px;background:#1f6feb;color:#fff;text-align:left;font-size:12px;font-weight:600;">CV-086</th></tr><tr><th style="padding:3px 5px;text-align:left;background:#f3f4f6;border-bottom:1px solid #d1d5db;width:30%;font-size:11px;font-weight:600;color:#1f2937;">ID</th><td style="padding:3px 5px;border-bottom:1px solid #e5e7eb;font-size:11px;color:#111827;">CV-086</td></tr><tr><th style="padding:3px 5px;text-align:left;background:#f3f4f6;border-bottom:1px solid #d1d5db;width:30%;font-size:11px;font-weight:600;color:#1f2937;">Endereço</th><td style="padding:3px 5px;border-bottom:1px solid #e5e7eb;font-size:11px;color:#111827;">Rua José Papaterra Limongi, 31</td></tr><tr><th style="padding:3px 5px;text-align:left;background:#f3f4f6;border-bottom:1px solid #d1d5db;width:30%;font-size:11px;font-weight:600;color:#1f2937;">Subprefeitura</th><td style="padding:3px 5px;border-bottom:1px solid #e5e7eb;font-size:11px;color:#111827;">Casa Verde/Cachoeirinha</td></tr><tr><th style="padding:3px 5px;text-align:left;background:#f3f4f6;border-bottom:1px solid #d1d5db;width:30%;font-size:11px;font-weight:600;color:#1f2937;">Volumetria</th><td style="padding:3px 5px;border-bottom:1px solid #e5e7eb;font-size:11px;color:#111827;">Entre 1m³ e 5m³</td></tr></table>]]></description><Point><coordinates>-46.6785600,-23.5051800,0</coordinates></Point></Placemark>
<Style id="s-PV-86">
<LineStyle><color>ff2fffad</color><width>2.0</width></LineStyle>
<PolyStyle><color>ff2fffad</color></PolyStyle>
<IconStyle><color>ff2fffad</color><scale>0.55</scale>
<Icon><href>http://maps.google.com/mapfiles/kml/shapes/placemark_circle.png</href></Icon>
</IconStyle>
<LabelStyle><scale>0.65</scale></LabelStyle>
</Style><Placemark><name>CV-087</name><styleUrl>#s-PV-86</styleUrl><description><![CDATA[<table style="border-collapse:collapse;width:100%;font-family:'Helvetica Neue',Helvetica,Arial,sans-serif;font-size:11px;border:1px solid #e5e7eb;border-radius:8px;overflow:hidden;"><tr><th colspan="2" style="padding:5px 8px;background:#1f6feb;color:#fff;text-align:left;font-size:12px;font-weight:600;">CV-087</th></tr><tr><th style="padding:3px 5px;text-align:left;background:#f3f4f6;border-bottom:1px solid #d1d5db;width:30%;font-size:11px;font-weight:600;color:#1f2937;">ID</th><td style="padding:3px 5px;border-bottom:1px solid #e5e7eb;font-size:11px;color:#111827;">CV-087</td></tr><tr><th style="padding:3px 5px;text-align:left;background:#f3f4f6;border-bottom:1px solid #d1d5db;width:30%;font-size:11px;font-weight:600;color:#1f2937;">Endereço</th><td style="padding:3px 5px;border-bottom:1px solid #e5e7eb;font-size:11px;color:#111827;">Rua Antonio Vera Cruz X Rua José Soriano de Sousa</td></tr><tr><th style="padding:3px 5px;text-align:left;background:#f3f4f6;border-bottom:1px solid #d1d5db;width:30%;font-size:11px;font-weight:600;color:#1f2937;">Subprefeitura</th><td style="padding:3px 5px;border-bottom:1px solid #e5e7eb;font-size:11px;color:#111827;">Casa Verde/Cachoeirinha</td></tr><tr><th style="padding:3px 5px;text-align:left;background:#f3f4f6;border-bottom:1px solid #d1d5db;width:30%;font-size:11px;font-weight:600;color:#1f2937;">Volumetria</th><td style="padding:3px 5px;border-bottom:1px solid #e5e7eb;font-size:11px;color:#111827;">Entre 1m³ e 5m³</td></tr><tr><th style="padding:3px 5px;text-align:left;background:#f3f4f6;border-bottom:1px solid #d1d5db;width:30%;font-size:11px;font-weight:600;color:#1f2937;">Data</th><td style="padding:3px 5px;border-bottom:1px solid #e5e7eb;font-size:11px;color:#111827;">46095</td></tr></table>]]></description><Point><coordinates>-46.6678000,-23.4947400,0</coordinates></Point></Placemark>
<Style id="s-PV-87">
<LineStyle><color>ff2fffad</color><width>2.0</width></LineStyle>
<PolyStyle><color>ff2fffad</color></PolyStyle>
<IconStyle><color>ff2fffad</color><scale>0.55</scale>
<Icon><href>http://maps.google.com/mapfiles/kml/shapes/placemark_circle.png</href></Icon>
</IconStyle>
<LabelStyle><scale>0.65</scale></LabelStyle>
</Style><Placemark><name>CV-088</name><styleUrl>#s-PV-87</styleUrl><description><![CDATA[<table style="border-collapse:collapse;width:100%;font-family:'Helvetica Neue',Helvetica,Arial,sans-serif;font-size:11px;border:1px solid #e5e7eb;border-radius:8px;overflow:hidden;"><tr><th colspan="2" style="padding:5px 8px;background:#1f6feb;color:#fff;text-align:left;font-size:12px;font-weight:600;">CV-088</th></tr><tr><th style="padding:3px 5px;text-align:left;background:#f3f4f6;border-bottom:1px solid #d1d5db;width:30%;font-size:11px;font-weight:600;color:#1f2937;">ID</th><td style="padding:3px 5px;border-bottom:1px solid #e5e7eb;font-size:11px;color:#111827;">CV-088</td></tr><tr><th style="padding:3px 5px;text-align:left;background:#f3f4f6;border-bottom:1px solid #d1d5db;width:30%;font-size:11px;font-weight:600;color:#1f2937;">Endereço</th><td style="padding:3px 5px;border-bottom:1px solid #e5e7eb;font-size:11px;color:#111827;">Rua Luar do Meu Bem, 160</td></tr><tr><th style="padding:3px 5px;text-align:left;background:#f3f4f6;border-bottom:1px solid #d1d5db;width:30%;font-size:11px;font-weight:600;color:#1f2937;">Subprefeitura</th><td style="padding:3px 5px;border-bottom:1px solid #e5e7eb;font-size:11px;color:#111827;">Casa Verde/Cachoeirinha</td></tr><tr><th style="padding:3px 5px;text-align:left;background:#f3f4f6;border-bottom:1px solid #d1d5db;width:30%;font-size:11px;font-weight:600;color:#1f2937;">Volumetria</th><td style="padding:3px 5px;border-bottom:1px solid #e5e7eb;font-size:11px;color:#111827;">Entre 1m³ e 5m³</td></tr></table>]]></description><Point><coordinates>-46.6746500,-23.5078100,0</coordinates></Point></Placemark>
<Style id="s-PV-88">
<LineStyle><color>ff2fffad</color><width>2.0</width></LineStyle>
<PolyStyle><color>ff2fffad</color></PolyStyle>
<IconStyle><color>ff2fffad</color><scale>0.55</scale>
<Icon><href>http://maps.google.com/mapfiles/kml/shapes/placemark_circle.png</href></Icon>
</IconStyle>
<LabelStyle><scale>0.65</scale></LabelStyle>
</Style><Placemark><name>CV-089</name><styleUrl>#s-PV-88</styleUrl><description><![CDATA[<table style="border-collapse:collapse;width:100%;font-family:'Helvetica Neue',Helvetica,Arial,sans-serif;font-size:11px;border:1px solid #e5e7eb;border-radius:8px;overflow:hidden;"><tr><th colspan="2" style="padding:5px 8px;background:#1f6feb;color:#fff;text-align:left;font-size:12px;font-weight:600;">CV-089</th></tr><tr><th style="padding:3px 5px;text-align:left;background:#f3f4f6;border-bottom:1px solid #d1d5db;width:30%;font-size:11px;font-weight:600;color:#1f2937;">ID</th><td style="padding:3px 5px;border-bottom:1px solid #e5e7eb;font-size:11px;color:#111827;">CV-089</td></tr><tr><th style="padding:3px 5px;text-align:left;background:#f3f4f6;border-bottom:1px solid #d1d5db;width:30%;font-size:11px;font-weight:600;color:#1f2937;">Endereço</th><td style="padding:3px 5px;border-bottom:1px solid #e5e7eb;font-size:11px;color:#111827;">Rua Manuel de Oliveira Pessoa Júnior, 73</td></tr><tr><th style="padding:3px 5px;text-align:left;background:#f3f4f6;border-bottom:1px solid #d1d5db;width:30%;font-size:11px;font-weight:600;color:#1f2937;">Subprefeitura</th><td style="padding:3px 5px;border-bottom:1px solid #e5e7eb;font-size:11px;color:#111827;">Casa Verde/Cachoeirinha</td></tr><tr><th style="padding:3px 5px;text-align:left;background:#f3f4f6;border-bottom:1px solid #d1d5db;width:30%;font-size:11px;font-weight:600;color:#1f2937;">Volumetria</th><td style="padding:3px 5px;border-bottom:1px solid #e5e7eb;font-size:11px;color:#111827;">Entre 1m³ e 5m³</td></tr></table>]]></description><Point><coordinates>-46.6548900,-23.4812900,0</coordinates></Point></Placemark>
<Style id="s-PV-89">
<LineStyle><color>ff2fffad</color><width>2.0</width></LineStyle>
<PolyStyle><color>ff2fffad</color></PolyStyle>
<IconStyle><color>ff2fffad</color><scale>0.55</scale>
<Icon><href>http://maps.google.com/mapfiles/kml/shapes/placemark_circle.png</href></Icon>
</IconStyle>
<LabelStyle><scale>0.65</scale></LabelStyle>
</Style><Placemark><name>CV-090</name><styleUrl>#s-PV-89</styleUrl><description><![CDATA[<table style="border-collapse:collapse;width:100%;font-family:'Helvetica Neue',Helvetica,Arial,sans-serif;font-size:11px;border:1px solid #e5e7eb;border-radius:8px;overflow:hidden;"><tr><th colspan="2" style="padding:5px 8px;background:#1f6feb;color:#fff;text-align:left;font-size:12px;font-weight:600;">CV-090</th></tr><tr><th style="padding:3px 5px;text-align:left;background:#f3f4f6;border-bottom:1px solid #d1d5db;width:30%;font-size:11px;font-weight:600;color:#1f2937;">ID</th><td style="padding:3px 5px;border-bottom:1px solid #e5e7eb;font-size:11px;color:#111827;">CV-090</td></tr><tr><th style="padding:3px 5px;text-align:left;background:#f3f4f6;border-bottom:1px solid #d1d5db;width:30%;font-size:11px;font-weight:600;color:#1f2937;">Endereço</th><td style="padding:3px 5px;border-bottom:1px solid #e5e7eb;font-size:11px;color:#111827;">Rua Manuel Nogueira da Gama, 2</td></tr><tr><th style="padding:3px 5px;text-align:left;background:#f3f4f6;border-bottom:1px solid #d1d5db;width:30%;font-size:11px;font-weight:600;color:#1f2937;">Subprefeitura</th><td style="padding:3px 5px;border-bottom:1px solid #e5e7eb;font-size:11px;color:#111827;">Casa Verde/Cachoeirinha</td></tr><tr><th style="padding:3px 5px;text-align:left;background:#f3f4f6;border-bottom:1px solid #d1d5db;width:30%;font-size:11px;font-weight:600;color:#1f2937;">Volumetria</th><td style="padding:3px 5px;border-bottom:1px solid #e5e7eb;font-size:11px;color:#111827;">Entre 1m³ e 5m³</td></tr></table>]]></description><Point><coordinates>-46.6685400,-23.4569000,0</coordinates></Point></Placemark>
<Style id="s-PV-90">
<LineStyle><color>ff2fffad</color><width>2.0</width></LineStyle>
<PolyStyle><color>ff2fffad</color></PolyStyle>
<IconStyle><color>ff2fffad</color><scale>0.55</scale>
<Icon><href>http://maps.google.com/mapfiles/kml/shapes/placemark_circle.png</href></Icon>
</IconStyle>
<LabelStyle><scale>0.65</scale></LabelStyle>
</Style><Placemark><name>CV-091</name><styleUrl>#s-PV-90</styleUrl><description><![CDATA[<table style="border-collapse:collapse;width:100%;font-family:'Helvetica Neue',Helvetica,Arial,sans-serif;font-size:11px;border:1px solid #e5e7eb;border-radius:8px;overflow:hidden;"><tr><th colspan="2" style="padding:5px 8px;background:#1f6feb;color:#fff;text-align:left;font-size:12px;font-weight:600;">CV-091</th></tr><tr><th style="padding:3px 5px;text-align:left;background:#f3f4f6;border-bottom:1px solid #d1d5db;width:30%;font-size:11px;font-weight:600;color:#1f2937;">ID</th><td style="padding:3px 5px;border-bottom:1px solid #e5e7eb;font-size:11px;color:#111827;">CV-091</td></tr><tr><th style="padding:3px 5px;text-align:left;background:#f3f4f6;border-bottom:1px solid #d1d5db;width:30%;font-size:11px;font-weight:600;color:#1f2937;">Endereço</th><td style="padding:3px 5px;border-bottom:1px solid #e5e7eb;font-size:11px;color:#111827;">Rua Ouro Grosso X Rua Zilda</td></tr><tr><th style="padding:3px 5px;text-align:left;background:#f3f4f6;border-bottom:1px solid #d1d5db;width:30%;font-size:11px;font-weight:600;color:#1f2937;">Subprefeitura</th><td style="padding:3px 5px;border-bottom:1px solid #e5e7eb;font-size:11px;color:#111827;">Casa Verde/Cachoeirinha</td></tr><tr><th style="padding:3px 5px;text-align:left;background:#f3f4f6;border-bottom:1px solid #d1d5db;width:30%;font-size:11px;font-weight:600;color:#1f2937;">Volumetria</th><td style="padding:3px 5px;border-bottom:1px solid #e5e7eb;font-size:11px;color:#111827;">Entre 1m³ e 5m³</td></tr><tr><th style="padding:3px 5px;text-align:left;background:#f3f4f6;border-bottom:1px solid #d1d5db;width:30%;font-size:11px;font-weight:600;color:#1f2937;">Status</th><td style="padding:3px 5px;border-bottom:1px solid #e5e7eb;font-size:11px;color:#111827;">Revitalizado</td></tr><tr><th style="padding:3px 5px;text-align:left;background:#f3f4f6;border-bottom:1px solid #d1d5db;width:30%;font-size:11px;font-weight:600;color:#1f2937;">Data</th><td style="padding:3px 5px;border-bottom:1px solid #e5e7eb;font-size:11px;color:#111827;">46067</td></tr></table>]]></description><Point><coordinates>-46.6608400,-23.4972100,0</coordinates></Point></Placemark>
<Style id="s-PV-91">
<LineStyle><color>ff2fffad</color><width>2.0</width></LineStyle>
<PolyStyle><color>ff2fffad</color></PolyStyle>
<IconStyle><color>ff2fffad</color><scale>0.55</scale>
<Icon><href>http://maps.google.com/mapfiles/kml/shapes/placemark_circle.png</href></Icon>
</IconStyle>
<LabelStyle><scale>0.65</scale></LabelStyle>
</Style><Placemark><name>CV-092</name><styleUrl>#s-PV-91</styleUrl><description><![CDATA[<table style="border-collapse:collapse;width:100%;font-family:'Helvetica Neue',Helvetica,Arial,sans-serif;font-size:11px;border:1px solid #e5e7eb;border-radius:8px;overflow:hidden;"><tr><th colspan="2" style="padding:5px 8px;background:#1f6feb;color:#fff;text-align:left;font-size:12px;font-weight:600;">CV-092</th></tr><tr><th style="padding:3px 5px;text-align:left;background:#f3f4f6;border-bottom:1px solid #d1d5db;width:30%;font-size:11px;font-weight:600;color:#1f2937;">ID</th><td style="padding:3px 5px;border-bottom:1px solid #e5e7eb;font-size:11px;color:#111827;">CV-092</td></tr><tr><th style="padding:3px 5px;text-align:left;background:#f3f4f6;border-bottom:1px solid #d1d5db;width:30%;font-size:11px;font-weight:600;color:#1f2937;">Endereço</th><td style="padding:3px 5px;border-bottom:1px solid #e5e7eb;font-size:11px;color:#111827;">Rua Paisagem na Janela, 78</td></tr><tr><th style="padding:3px 5px;text-align:left;background:#f3f4f6;border-bottom:1px solid #d1d5db;width:30%;font-size:11px;font-weight:600;color:#1f2937;">Subprefeitura</th><td style="padding:3px 5px;border-bottom:1px solid #e5e7eb;font-size:11px;color:#111827;">Casa Verde/Cachoeirinha</td></tr><tr><th style="padding:3px 5px;text-align:left;background:#f3f4f6;border-bottom:1px solid #d1d5db;width:30%;font-size:11px;font-weight:600;color:#1f2937;">Volumetria</th><td style="padding:3px 5px;border-bottom:1px solid #e5e7eb;font-size:11px;color:#111827;">Entre 1m³ e 5m³</td></tr></table>]]></description><Point><coordinates>-46.6543600,-23.4566300,0</coordinates></Point></Placemark>
<Style id="s-PV-92">
<LineStyle><color>ff2fffad</color><width>2.0</width></LineStyle>
<PolyStyle><color>ff2fffad</color></PolyStyle>
<IconStyle><color>ff2fffad</color><scale>0.55</scale>
<Icon><href>http://maps.google.com/mapfiles/kml/shapes/placemark_circle.png</href></Icon>
</IconStyle>
<LabelStyle><scale>0.65</scale></LabelStyle>
</Style><Placemark><name>CV-093</name><styleUrl>#s-PV-92</styleUrl><description><![CDATA[<table style="border-collapse:collapse;width:100%;font-family:'Helvetica Neue',Helvetica,Arial,sans-serif;font-size:11px;border:1px solid #e5e7eb;border-radius:8px;overflow:hidden;"><tr><th colspan="2" style="padding:5px 8px;background:#1f6feb;color:#fff;text-align:left;font-size:12px;font-weight:600;">CV-093</th></tr><tr><th style="padding:3px 5px;text-align:left;background:#f3f4f6;border-bottom:1px solid #d1d5db;width:30%;font-size:11px;font-weight:600;color:#1f2937;">ID</th><td style="padding:3px 5px;border-bottom:1px solid #e5e7eb;font-size:11px;color:#111827;">CV-093</td></tr><tr><th style="padding:3px 5px;text-align:left;background:#f3f4f6;border-bottom:1px solid #d1d5db;width:30%;font-size:11px;font-weight:600;color:#1f2937;">Endereço</th><td style="padding:3px 5px;border-bottom:1px solid #e5e7eb;font-size:11px;color:#111827;">Rua Pedro Osório Filho, 265</td></tr><tr><th style="padding:3px 5px;text-align:left;background:#f3f4f6;border-bottom:1px solid #d1d5db;width:30%;font-size:11px;font-weight:600;color:#1f2937;">Subprefeitura</th><td style="padding:3px 5px;border-bottom:1px solid #e5e7eb;font-size:11px;color:#111827;">Casa Verde/Cachoeirinha</td></tr><tr><th style="padding:3px 5px;text-align:left;background:#f3f4f6;border-bottom:1px solid #d1d5db;width:30%;font-size:11px;font-weight:600;color:#1f2937;">Volumetria</th><td style="padding:3px 5px;border-bottom:1px solid #e5e7eb;font-size:11px;color:#111827;">Entre 1m³ e 5m³</td></tr></table>]]></description><Point><coordinates>-46.6570200,-23.4722700,0</coordinates></Point></Placemark>
<Style id="s-PV-93">
<LineStyle><color>ff2fffad</color><width>2.0</width></LineStyle>
<PolyStyle><color>ff2fffad</color></PolyStyle>
<IconStyle><color>ff2fffad</color><scale>0.55</scale>
<Icon><href>http://maps.google.com/mapfiles/kml/shapes/placemark_circle.png</href></Icon>
</IconStyle>
<LabelStyle><scale>0.65</scale></LabelStyle>
</Style><Placemark><name>CV-094</name><styleUrl>#s-PV-93</styleUrl><description><![CDATA[<table style="border-collapse:collapse;width:100%;font-family:'Helvetica Neue',Helvetica,Arial,sans-serif;font-size:11px;border:1px solid #e5e7eb;border-radius:8px;overflow:hidden;"><tr><th colspan="2" style="padding:5px 8px;background:#1f6feb;color:#fff;text-align:left;font-size:12px;font-weight:600;">CV-094</th></tr><tr><th style="padding:3px 5px;text-align:left;background:#f3f4f6;border-bottom:1px solid #d1d5db;width:30%;font-size:11px;font-weight:600;color:#1f2937;">ID</th><td style="padding:3px 5px;border-bottom:1px solid #e5e7eb;font-size:11px;color:#111827;">CV-094</td></tr><tr><th style="padding:3px 5px;text-align:left;background:#f3f4f6;border-bottom:1px solid #d1d5db;width:30%;font-size:11px;font-weight:600;color:#1f2937;">Endereço</th><td style="padding:3px 5px;border-bottom:1px solid #e5e7eb;font-size:11px;color:#111827;">Rua Professor Dario Ribeiro, 822</td></tr><tr><th style="padding:3px 5px;text-align:left;background:#f3f4f6;border-bottom:1px solid #d1d5db;width:30%;font-size:11px;font-weight:600;color:#1f2937;">Subprefeitura</th><td style="padding:3px 5px;border-bottom:1px solid #e5e7eb;font-size:11px;color:#111827;">Casa Verde/Cachoeirinha</td></tr><tr><th style="padding:3px 5px;text-align:left;background:#f3f4f6;border-bottom:1px solid #d1d5db;width:30%;font-size:11px;font-weight:600;color:#1f2937;">Volumetria</th><td style="padding:3px 5px;border-bottom:1px solid #e5e7eb;font-size:11px;color:#111827;">Entre 1m³ e 5m³</td></tr><tr><th style="padding:3px 5px;text-align:left;background:#f3f4f6;border-bottom:1px solid #d1d5db;width:30%;font-size:11px;font-weight:600;color:#1f2937;">Status</th><td style="padding:3px 5px;border-bottom:1px solid #e5e7eb;font-size:11px;color:#111827;">Revitalizado</td></tr><tr><th style="padding:3px 5px;text-align:left;background:#f3f4f6;border-bottom:1px solid #d1d5db;width:30%;font-size:11px;font-weight:600;color:#1f2937;">Data</th><td style="padding:3px 5px;border-bottom:1px solid #e5e7eb;font-size:11px;color:#111827;">45927</td></tr></table>]]></description><Point><coordinates>-46.6703800,-23.4923300,0</coordinates></Point></Placemark>
<Style id="s-PV-94">
<LineStyle><color>ff2fffad</color><width>2.0</width></LineStyle>
<PolyStyle><color>ff2fffad</color></PolyStyle>
<IconStyle><color>ff2fffad</color><scale>0.55</scale>
<Icon><href>http://maps.google.com/mapfiles/kml/shapes/placemark_circle.png</href></Icon>
</IconStyle>
<LabelStyle><scale>0.65</scale></LabelStyle>
</Style><Placemark><name>CV-095</name><styleUrl>#s-PV-94</styleUrl><description><![CDATA[<table style="border-collapse:collapse;width:100%;font-family:'Helvetica Neue',Helvetica,Arial,sans-serif;font-size:11px;border:1px solid #e5e7eb;border-radius:8px;overflow:hidden;"><tr><th colspan="2" style="padding:5px 8px;background:#1f6feb;color:#fff;text-align:left;font-size:12px;font-weight:600;">CV-095</th></tr><tr><th style="padding:3px 5px;text-align:left;background:#f3f4f6;border-bottom:1px solid #d1d5db;width:30%;font-size:11px;font-weight:600;color:#1f2937;">ID</th><td style="padding:3px 5px;border-bottom:1px solid #e5e7eb;font-size:11px;color:#111827;">CV-095</td></tr><tr><th style="padding:3px 5px;text-align:left;background:#f3f4f6;border-bottom:1px solid #d1d5db;width:30%;font-size:11px;font-weight:600;color:#1f2937;">Endereço</th><td style="padding:3px 5px;border-bottom:1px solid #e5e7eb;font-size:11px;color:#111827;">Rua Professor Dario Ribeiro, 328</td></tr><tr><th style="padding:3px 5px;text-align:left;background:#f3f4f6;border-bottom:1px solid #d1d5db;width:30%;font-size:11px;font-weight:600;color:#1f2937;">Subprefeitura</th><td style="padding:3px 5px;border-bottom:1px solid #e5e7eb;font-size:11px;color:#111827;">Casa Verde/Cachoeirinha</td></tr><tr><th style="padding:3px 5px;text-align:left;background:#f3f4f6;border-bottom:1px solid #d1d5db;width:30%;font-size:11px;font-weight:600;color:#1f2937;">Volumetria</th><td style="padding:3px 5px;border-bottom:1px solid #e5e7eb;font-size:11px;color:#111827;">Entre 1m³ e 5m³</td></tr></table>]]></description><Point><coordinates>-46.6746700,-23.4939200,0</coordinates></Point></Placemark>
<Style id="s-PV-95">
<LineStyle><color>ff2fffad</color><width>2.0</width></LineStyle>
<PolyStyle><color>ff2fffad</color></PolyStyle>
<IconStyle><color>ff2fffad</color><scale>0.55</scale>
<Icon><href>http://maps.google.com/mapfiles/kml/shapes/placemark_circle.png</href></Icon>
</IconStyle>
<LabelStyle><scale>0.65</scale></LabelStyle>
</Style><Placemark><name>CV-096</name><styleUrl>#s-PV-95</styleUrl><description><![CDATA[<table style="border-collapse:collapse;width:100%;font-family:'Helvetica Neue',Helvetica,Arial,sans-serif;font-size:11px;border:1px solid #e5e7eb;border-radius:8px;overflow:hidden;"><tr><th colspan="2" style="padding:5px 8px;background:#1f6feb;color:#fff;text-align:left;font-size:12px;font-weight:600;">CV-096</th></tr><tr><th style="padding:3px 5px;text-align:left;background:#f3f4f6;border-bottom:1px solid #d1d5db;width:30%;font-size:11px;font-weight:600;color:#1f2937;">ID</th><td style="padding:3px 5px;border-bottom:1px solid #e5e7eb;font-size:11px;color:#111827;">CV-096</td></tr><tr><th style="padding:3px 5px;text-align:left;background:#f3f4f6;border-bottom:1px solid #d1d5db;width:30%;font-size:11px;font-weight:600;color:#1f2937;">Endereço</th><td style="padding:3px 5px;border-bottom:1px solid #e5e7eb;font-size:11px;color:#111827;">Rua Matias Abreu X Rua Quartim Barbosa</td></tr><tr><th style="padding:3px 5px;text-align:left;background:#f3f4f6;border-bottom:1px solid #d1d5db;width:30%;font-size:11px;font-weight:600;color:#1f2937;">Subprefeitura</th><td style="padding:3px 5px;border-bottom:1px solid #e5e7eb;font-size:11px;color:#111827;">Casa Verde/Cachoeirinha</td></tr><tr><th style="padding:3px 5px;text-align:left;background:#f3f4f6;border-bottom:1px solid #d1d5db;width:30%;font-size:11px;font-weight:600;color:#1f2937;">Volumetria</th><td style="padding:3px 5px;border-bottom:1px solid #e5e7eb;font-size:11px;color:#111827;">Entre 1m³ e 5m³</td></tr></table>]]></description><Point><coordinates>-46.6727900,-23.4904800,0</coordinates></Point></Placemark>
<Style id="s-PV-96">
<LineStyle><color>ff2fffad</color><width>2.0</width></LineStyle>
<PolyStyle><color>ff2fffad</color></PolyStyle>
<IconStyle><color>ff2fffad</color><scale>0.55</scale>
<Icon><href>http://maps.google.com/mapfiles/kml/shapes/placemark_circle.png</href></Icon>
</IconStyle>
<LabelStyle><scale>0.65</scale></LabelStyle>
</Style><Placemark><name>CV-097</name><styleUrl>#s-PV-96</styleUrl><description><![CDATA[<table style="border-collapse:collapse;width:100%;font-family:'Helvetica Neue',Helvetica,Arial,sans-serif;font-size:11px;border:1px solid #e5e7eb;border-radius:8px;overflow:hidden;"><tr><th colspan="2" style="padding:5px 8px;background:#1f6feb;color:#fff;text-align:left;font-size:12px;font-weight:600;">CV-097</th></tr><tr><th style="padding:3px 5px;text-align:left;background:#f3f4f6;border-bottom:1px solid #d1d5db;width:30%;font-size:11px;font-weight:600;color:#1f2937;">ID</th><td style="padding:3px 5px;border-bottom:1px solid #e5e7eb;font-size:11px;color:#111827;">CV-097</td></tr><tr><th style="padding:3px 5px;text-align:left;background:#f3f4f6;border-bottom:1px solid #d1d5db;width:30%;font-size:11px;font-weight:600;color:#1f2937;">Endereço</th><td style="padding:3px 5px;border-bottom:1px solid #e5e7eb;font-size:11px;color:#111827;">Rua Quartim Barbosa, 100</td></tr><tr><th style="padding:3px 5px;text-align:left;background:#f3f4f6;border-bottom:1px solid #d1d5db;width:30%;font-size:11px;font-weight:600;color:#1f2937;">Subprefeitura</th><td style="padding:3px 5px;border-bottom:1px solid #e5e7eb;font-size:11px;color:#111827;">Casa Verde/Cachoeirinha</td></tr><tr><th style="padding:3px 5px;text-align:left;background:#f3f4f6;border-bottom:1px solid #d1d5db;width:30%;font-size:11px;font-weight:600;color:#1f2937;">Volumetria</th><td style="padding:3px 5px;border-bottom:1px solid #e5e7eb;font-size:11px;color:#111827;">Entre 1m³ e 5m³</td></tr><tr><th style="padding:3px 5px;text-align:left;background:#f3f4f6;border-bottom:1px solid #d1d5db;width:30%;font-size:11px;font-weight:600;color:#1f2937;">Status</th><td style="padding:3px 5px;border-bottom:1px solid #e5e7eb;font-size:11px;color:#111827;">Revitalizado</td></tr><tr><th style="padding:3px 5px;text-align:left;background:#f3f4f6;border-bottom:1px solid #d1d5db;width:30%;font-size:11px;font-weight:600;color:#1f2937;">Data</th><td style="padding:3px 5px;border-bottom:1px solid #e5e7eb;font-size:11px;color:#111827;">46018</td></tr></table>]]></description><Point><coordinates>-46.6724800,-23.4922000,0</coordinates></Point></Placemark>
<Style id="s-PV-97">
<LineStyle><color>ff2fffad</color><width>2.0</width></LineStyle>
<PolyStyle><color>ff2fffad</color></PolyStyle>
<IconStyle><color>ff2fffad</color><scale>0.55</scale>
<Icon><href>http://maps.google.com/mapfiles/kml/shapes/placemark_circle.png</href></Icon>
</IconStyle>
<LabelStyle><scale>0.65</scale></LabelStyle>
</Style><Placemark><name>CV-098</name><styleUrl>#s-PV-97</styleUrl><description><![CDATA[<table style="border-collapse:collapse;width:100%;font-family:'Helvetica Neue',Helvetica,Arial,sans-serif;font-size:11px;border:1px solid #e5e7eb;border-radius:8px;overflow:hidden;"><tr><th colspan="2" style="padding:5px 8px;background:#1f6feb;color:#fff;text-align:left;font-size:12px;font-weight:600;">CV-098</th></tr><tr><th style="padding:3px 5px;text-align:left;background:#f3f4f6;border-bottom:1px solid #d1d5db;width:30%;font-size:11px;font-weight:600;color:#1f2937;">ID</th><td style="padding:3px 5px;border-bottom:1px solid #e5e7eb;font-size:11px;color:#111827;">CV-098</td></tr><tr><th style="padding:3px 5px;text-align:left;background:#f3f4f6;border-bottom:1px solid #d1d5db;width:30%;font-size:11px;font-weight:600;color:#1f2937;">Endereço</th><td style="padding:3px 5px;border-bottom:1px solid #e5e7eb;font-size:11px;color:#111827;">Rua Rocha Lima, 392</td></tr><tr><th style="padding:3px 5px;text-align:left;background:#f3f4f6;border-bottom:1px solid #d1d5db;width:30%;font-size:11px;font-weight:600;color:#1f2937;">Subprefeitura</th><td style="padding:3px 5px;border-bottom:1px solid #e5e7eb;font-size:11px;color:#111827;">Casa Verde/Cachoeirinha</td></tr><tr><th style="padding:3px 5px;text-align:left;background:#f3f4f6;border-bottom:1px solid #d1d5db;width:30%;font-size:11px;font-weight:600;color:#1f2937;">Volumetria</th><td style="padding:3px 5px;border-bottom:1px solid #e5e7eb;font-size:11px;color:#111827;">Entre 1m³ e 5m³</td></tr></table>]]></description><Point><coordinates>-46.6709200,-23.5001100,0</coordinates></Point></Placemark>
<Style id="s-PV-98">
<LineStyle><color>ff2fffad</color><width>2.0</width></LineStyle>
<PolyStyle><color>ff2fffad</color></PolyStyle>
<IconStyle><color>ff2fffad</color><scale>0.55</scale>
<Icon><href>http://maps.google.com/mapfiles/kml/shapes/placemark_circle.png</href></Icon>
</IconStyle>
<LabelStyle><scale>0.65</scale></LabelStyle>
</Style><Placemark><name>CV-099</name><styleUrl>#s-PV-98</styleUrl><description><![CDATA[<table style="border-collapse:collapse;width:100%;font-family:'Helvetica Neue',Helvetica,Arial,sans-serif;font-size:11px;border:1px solid #e5e7eb;border-radius:8px;overflow:hidden;"><tr><th colspan="2" style="padding:5px 8px;background:#1f6feb;color:#fff;text-align:left;font-size:12px;font-weight:600;">CV-099</th></tr><tr><th style="padding:3px 5px;text-align:left;background:#f3f4f6;border-bottom:1px solid #d1d5db;width:30%;font-size:11px;font-weight:600;color:#1f2937;">ID</th><td style="padding:3px 5px;border-bottom:1px solid #e5e7eb;font-size:11px;color:#111827;">CV-099</td></tr><tr><th style="padding:3px 5px;text-align:left;background:#f3f4f6;border-bottom:1px solid #d1d5db;width:30%;font-size:11px;font-weight:600;color:#1f2937;">Endereço</th><td style="padding:3px 5px;border-bottom:1px solid #e5e7eb;font-size:11px;color:#111827;">Rua Sampaio Corrêa, 294</td></tr><tr><th style="padding:3px 5px;text-align:left;background:#f3f4f6;border-bottom:1px solid #d1d5db;width:30%;font-size:11px;font-weight:600;color:#1f2937;">Subprefeitura</th><td style="padding:3px 5px;border-bottom:1px solid #e5e7eb;font-size:11px;color:#111827;">Casa Verde/Cachoeirinha</td></tr><tr><th style="padding:3px 5px;text-align:left;background:#f3f4f6;border-bottom:1px solid #d1d5db;width:30%;font-size:11px;font-weight:600;color:#1f2937;">Volumetria</th><td style="padding:3px 5px;border-bottom:1px solid #e5e7eb;font-size:11px;color:#111827;">Entre 1m³ e 5m³</td></tr></table>]]></description><Point><coordinates>-46.6765800,-23.5102500,0</coordinates></Point></Placemark>
<Style id="s-PV-99">
<LineStyle><color>ff2fffad</color><width>2.0</width></LineStyle>
<PolyStyle><color>ff2fffad</color></PolyStyle>
<IconStyle><color>ff2fffad</color><scale>0.55</scale>
<Icon><href>http://maps.google.com/mapfiles/kml/shapes/placemark_circle.png</href></Icon>
</IconStyle>
<LabelStyle><scale>0.65</scale></LabelStyle>
</Style><Placemark><name>CV-100</name><styleUrl>#s-PV-99</styleUrl><description><![CDATA[<table style="border-collapse:collapse;width:100%;font-family:'Helvetica Neue',Helvetica,Arial,sans-serif;font-size:11px;border:1px solid #e5e7eb;border-radius:8px;overflow:hidden;"><tr><th colspan="2" style="padding:5px 8px;background:#1f6feb;color:#fff;text-align:left;font-size:12px;font-weight:600;">CV-100</th></tr><tr><th style="padding:3px 5px;text-align:left;background:#f3f4f6;border-bottom:1px solid #d1d5db;width:30%;font-size:11px;font-weight:600;color:#1f2937;">ID</th><td style="padding:3px 5px;border-bottom:1px solid #e5e7eb;font-size:11px;color:#111827;">CV-100</td></tr><tr><th style="padding:3px 5px;text-align:left;background:#f3f4f6;border-bottom:1px solid #d1d5db;width:30%;font-size:11px;font-weight:600;color:#1f2937;">Endereço</th><td style="padding:3px 5px;border-bottom:1px solid #e5e7eb;font-size:11px;color:#111827;">Rua Santa Eudoxia, 629</td></tr><tr><th style="padding:3px 5px;text-align:left;background:#f3f4f6;border-bottom:1px solid #d1d5db;width:30%;font-size:11px;font-weight:600;color:#1f2937;">Subprefeitura</th><td style="padding:3px 5px;border-bottom:1px solid #e5e7eb;font-size:11px;color:#111827;">Casa Verde/Cachoeirinha</td></tr><tr><th style="padding:3px 5px;text-align:left;background:#f3f4f6;border-bottom:1px solid #d1d5db;width:30%;font-size:11px;font-weight:600;color:#1f2937;">Volumetria</th><td style="padding:3px 5px;border-bottom:1px solid #e5e7eb;font-size:11px;color:#111827;">Entre 1m³ e 5m³</td></tr></table>]]></description><Point><coordinates>-46.6551800,-23.4982700,0</coordinates></Point></Placemark>
<Style id="s-PV-100">
<LineStyle><color>ff2fffad</color><width>2.0</width></LineStyle>
<PolyStyle><color>ff2fffad</color></PolyStyle>
<IconStyle><color>ff2fffad</color><scale>0.55</scale>
<Icon><href>http://maps.google.com/mapfiles/kml/shapes/placemark_circle.png</href></Icon>
</IconStyle>
<LabelStyle><scale>0.65</scale></LabelStyle>
</Style><Placemark><name>CV-101</name><styleUrl>#s-PV-100</styleUrl><description><![CDATA[<table style="border-collapse:collapse;width:100%;font-family:'Helvetica Neue',Helvetica,Arial,sans-serif;font-size:11px;border:1px solid #e5e7eb;border-radius:8px;overflow:hidden;"><tr><th colspan="2" style="padding:5px 8px;background:#1f6feb;color:#fff;text-align:left;font-size:12px;font-weight:600;">CV-101</th></tr><tr><th style="padding:3px 5px;text-align:left;background:#f3f4f6;border-bottom:1px solid #d1d5db;width:30%;font-size:11px;font-weight:600;color:#1f2937;">ID</th><td style="padding:3px 5px;border-bottom:1px solid #e5e7eb;font-size:11px;color:#111827;">CV-101</td></tr><tr><th style="padding:3px 5px;text-align:left;background:#f3f4f6;border-bottom:1px solid #d1d5db;width:30%;font-size:11px;font-weight:600;color:#1f2937;">Endereço</th><td style="padding:3px 5px;border-bottom:1px solid #e5e7eb;font-size:11px;color:#111827;">Rua São Lourenço do Sul, 369</td></tr><tr><th style="padding:3px 5px;text-align:left;background:#f3f4f6;border-bottom:1px solid #d1d5db;width:30%;font-size:11px;font-weight:600;color:#1f2937;">Subprefeitura</th><td style="padding:3px 5px;border-bottom:1px solid #e5e7eb;font-size:11px;color:#111827;">Casa Verde/Cachoeirinha</td></tr><tr><th style="padding:3px 5px;text-align:left;background:#f3f4f6;border-bottom:1px solid #d1d5db;width:30%;font-size:11px;font-weight:600;color:#1f2937;">Volumetria</th><td style="padding:3px 5px;border-bottom:1px solid #e5e7eb;font-size:11px;color:#111827;">Entre 1m³ e 5m³</td></tr></table>]]></description><Point><coordinates>-46.6498200,-23.4604500,0</coordinates></Point></Placemark>
<Style id="s-PV-101">
<LineStyle><color>ff2fffad</color><width>2.0</width></LineStyle>
<PolyStyle><color>ff2fffad</color></PolyStyle>
<IconStyle><color>ff2fffad</color><scale>0.55</scale>
<Icon><href>http://maps.google.com/mapfiles/kml/shapes/placemark_circle.png</href></Icon>
</IconStyle>
<LabelStyle><scale>0.65</scale></LabelStyle>
</Style><Placemark><name>CV-102</name><styleUrl>#s-PV-101</styleUrl><description><![CDATA[<table style="border-collapse:collapse;width:100%;font-family:'Helvetica Neue',Helvetica,Arial,sans-serif;font-size:11px;border:1px solid #e5e7eb;border-radius:8px;overflow:hidden;"><tr><th colspan="2" style="padding:5px 8px;background:#1f6feb;color:#fff;text-align:left;font-size:12px;font-weight:600;">CV-102</th></tr><tr><th style="padding:3px 5px;text-align:left;background:#f3f4f6;border-bottom:1px solid #d1d5db;width:30%;font-size:11px;font-weight:600;color:#1f2937;">ID</th><td style="padding:3px 5px;border-bottom:1px solid #e5e7eb;font-size:11px;color:#111827;">CV-102</td></tr><tr><th style="padding:3px 5px;text-align:left;background:#f3f4f6;border-bottom:1px solid #d1d5db;width:30%;font-size:11px;font-weight:600;color:#1f2937;">Endereço</th><td style="padding:3px 5px;border-bottom:1px solid #e5e7eb;font-size:11px;color:#111827;">Rua Sebastião de Morais, 244</td></tr><tr><th style="padding:3px 5px;text-align:left;background:#f3f4f6;border-bottom:1px solid #d1d5db;width:30%;font-size:11px;font-weight:600;color:#1f2937;">Subprefeitura</th><td style="padding:3px 5px;border-bottom:1px solid #e5e7eb;font-size:11px;color:#111827;">Casa Verde/Cachoeirinha</td></tr><tr><th style="padding:3px 5px;text-align:left;background:#f3f4f6;border-bottom:1px solid #d1d5db;width:30%;font-size:11px;font-weight:600;color:#1f2937;">Volumetria</th><td style="padding:3px 5px;border-bottom:1px solid #e5e7eb;font-size:11px;color:#111827;">Mais de 5m³</td></tr></table>]]></description><Point><coordinates>-46.6705000,-23.5045500,0</coordinates></Point></Placemark>
<Style id="s-PV-102">
<LineStyle><color>ff2fffad</color><width>2.0</width></LineStyle>
<PolyStyle><color>ff2fffad</color></PolyStyle>
<IconStyle><color>ff2fffad</color><scale>0.55</scale>
<Icon><href>http://maps.google.com/mapfiles/kml/shapes/placemark_circle.png</href></Icon>
</IconStyle>
<LabelStyle><scale>0.65</scale></LabelStyle>
</Style><Placemark><name>CV-103</name><styleUrl>#s-PV-102</styleUrl><description><![CDATA[<table style="border-collapse:collapse;width:100%;font-family:'Helvetica Neue',Helvetica,Arial,sans-serif;font-size:11px;border:1px solid #e5e7eb;border-radius:8px;overflow:hidden;"><tr><th colspan="2" style="padding:5px 8px;background:#1f6feb;color:#fff;text-align:left;font-size:12px;font-weight:600;">CV-103</th></tr><tr><th style="padding:3px 5px;text-align:left;background:#f3f4f6;border-bottom:1px solid #d1d5db;width:30%;font-size:11px;font-weight:600;color:#1f2937;">ID</th><td style="padding:3px 5px;border-bottom:1px solid #e5e7eb;font-size:11px;color:#111827;">CV-103</td></tr><tr><th style="padding:3px 5px;text-align:left;background:#f3f4f6;border-bottom:1px solid #d1d5db;width:30%;font-size:11px;font-weight:600;color:#1f2937;">Endereço</th><td style="padding:3px 5px;border-bottom:1px solid #e5e7eb;font-size:11px;color:#111827;">Rua Sebastião de Morais, 162</td></tr><tr><th style="padding:3px 5px;text-align:left;background:#f3f4f6;border-bottom:1px solid #d1d5db;width:30%;font-size:11px;font-weight:600;color:#1f2937;">Subprefeitura</th><td style="padding:3px 5px;border-bottom:1px solid #e5e7eb;font-size:11px;color:#111827;">Casa Verde/Cachoeirinha</td></tr><tr><th style="padding:3px 5px;text-align:left;background:#f3f4f6;border-bottom:1px solid #d1d5db;width:30%;font-size:11px;font-weight:600;color:#1f2937;">Volumetria</th><td style="padding:3px 5px;border-bottom:1px solid #e5e7eb;font-size:11px;color:#111827;">Mais de 5m³</td></tr></table>]]></description><Point><coordinates>-46.6709300,-23.5043300,0</coordinates></Point></Placemark>
<Style id="s-PV-103">
<LineStyle><color>ff2fffad</color><width>2.0</width></LineStyle>
<PolyStyle><color>ff2fffad</color></PolyStyle>
<IconStyle><color>ff2fffad</color><scale>0.55</scale>
<Icon><href>http://maps.google.com/mapfiles/kml/shapes/placemark_circle.png</href></Icon>
</IconStyle>
<LabelStyle><scale>0.65</scale></LabelStyle>
</Style><Placemark><name>CV-104</name><styleUrl>#s-PV-103</styleUrl><description><![CDATA[<table style="border-collapse:collapse;width:100%;font-family:'Helvetica Neue',Helvetica,Arial,sans-serif;font-size:11px;border:1px solid #e5e7eb;border-radius:8px;overflow:hidden;"><tr><th colspan="2" style="padding:5px 8px;background:#1f6feb;color:#fff;text-align:left;font-size:12px;font-weight:600;">CV-104</th></tr><tr><th style="padding:3px 5px;text-align:left;background:#f3f4f6;border-bottom:1px solid #d1d5db;width:30%;font-size:11px;font-weight:600;color:#1f2937;">ID</th><td style="padding:3px 5px;border-bottom:1px solid #e5e7eb;font-size:11px;color:#111827;">CV-104</td></tr><tr><th style="padding:3px 5px;text-align:left;background:#f3f4f6;border-bottom:1px solid #d1d5db;width:30%;font-size:11px;font-weight:600;color:#1f2937;">Endereço</th><td style="padding:3px 5px;border-bottom:1px solid #e5e7eb;font-size:11px;color:#111827;">Rua Tangerinas, 13</td></tr><tr><th style="padding:3px 5px;text-align:left;background:#f3f4f6;border-bottom:1px solid #d1d5db;width:30%;font-size:11px;font-weight:600;color:#1f2937;">Subprefeitura</th><td style="padding:3px 5px;border-bottom:1px solid #e5e7eb;font-size:11px;color:#111827;">Casa Verde/Cachoeirinha</td></tr><tr><th style="padding:3px 5px;text-align:left;background:#f3f4f6;border-bottom:1px solid #d1d5db;width:30%;font-size:11px;font-weight:600;color:#1f2937;">Volumetria</th><td style="padding:3px 5px;border-bottom:1px solid #e5e7eb;font-size:11px;color:#111827;">Entre 1m³ e 5m³</td></tr><tr><th style="padding:3px 5px;text-align:left;background:#f3f4f6;border-bottom:1px solid #d1d5db;width:30%;font-size:11px;font-weight:600;color:#1f2937;">Status</th><td style="padding:3px 5px;border-bottom:1px solid #e5e7eb;font-size:11px;color:#111827;">Revitalizado</td></tr><tr><th style="padding:3px 5px;text-align:left;background:#f3f4f6;border-bottom:1px solid #d1d5db;width:30%;font-size:11px;font-weight:600;color:#1f2937;">Data</th><td style="padding:3px 5px;border-bottom:1px solid #e5e7eb;font-size:11px;color:#111827;">46074</td></tr></table>]]></description><Point><coordinates>-46.6677400,-23.5068700,0</coordinates></Point></Placemark>
<Style id="s-PV-104">
<LineStyle><color>ff2fffad</color><width>2.0</width></LineStyle>
<PolyStyle><color>ff2fffad</color></PolyStyle>
<IconStyle><color>ff2fffad</color><scale>0.55</scale>
<Icon><href>http://maps.google.com/mapfiles/kml/shapes/placemark_circle.png</href></Icon>
</IconStyle>
<LabelStyle><scale>0.65</scale></LabelStyle>
</Style><Placemark><name>CV-105</name><styleUrl>#s-PV-104</styleUrl><description><![CDATA[<table style="border-collapse:collapse;width:100%;font-family:'Helvetica Neue',Helvetica,Arial,sans-serif;font-size:11px;border:1px solid #e5e7eb;border-radius:8px;overflow:hidden;"><tr><th colspan="2" style="padding:5px 8px;background:#1f6feb;color:#fff;text-align:left;font-size:12px;font-weight:600;">CV-105</th></tr><tr><th style="padding:3px 5px;text-align:left;background:#f3f4f6;border-bottom:1px solid #d1d5db;width:30%;font-size:11px;font-weight:600;color:#1f2937;">ID</th><td style="padding:3px 5px;border-bottom:1px solid #e5e7eb;font-size:11px;color:#111827;">CV-105</td></tr><tr><th style="padding:3px 5px;text-align:left;background:#f3f4f6;border-bottom:1px solid #d1d5db;width:30%;font-size:11px;font-weight:600;color:#1f2937;">Endereço</th><td style="padding:3px 5px;border-bottom:1px solid #e5e7eb;font-size:11px;color:#111827;">Rua Teresa Penoy, 216</td></tr><tr><th style="padding:3px 5px;text-align:left;background:#f3f4f6;border-bottom:1px solid #d1d5db;width:30%;font-size:11px;font-weight:600;color:#1f2937;">Subprefeitura</th><td style="padding:3px 5px;border-bottom:1px solid #e5e7eb;font-size:11px;color:#111827;">Casa Verde/Cachoeirinha</td></tr><tr><th style="padding:3px 5px;text-align:left;background:#f3f4f6;border-bottom:1px solid #d1d5db;width:30%;font-size:11px;font-weight:600;color:#1f2937;">Volumetria</th><td style="padding:3px 5px;border-bottom:1px solid #e5e7eb;font-size:11px;color:#111827;">Entre 1m³ e 5m³</td></tr></table>]]></description><Point><coordinates>-46.6575000,-23.4613300,0</coordinates></Point></Placemark>
<Style id="s-PV-105">
<LineStyle><color>ff2fffad</color><width>2.0</width></LineStyle>
<PolyStyle><color>ff2fffad</color></PolyStyle>
<IconStyle><color>ff2fffad</color><scale>0.55</scale>
<Icon><href>http://maps.google.com/mapfiles/kml/shapes/placemark_circle.png</href></Icon>
</IconStyle>
<LabelStyle><scale>0.65</scale></LabelStyle>
</Style><Placemark><name>CV-106</name><styleUrl>#s-PV-105</styleUrl><description><![CDATA[<table style="border-collapse:collapse;width:100%;font-family:'Helvetica Neue',Helvetica,Arial,sans-serif;font-size:11px;border:1px solid #e5e7eb;border-radius:8px;overflow:hidden;"><tr><th colspan="2" style="padding:5px 8px;background:#1f6feb;color:#fff;text-align:left;font-size:12px;font-weight:600;">CV-106</th></tr><tr><th style="padding:3px 5px;text-align:left;background:#f3f4f6;border-bottom:1px solid #d1d5db;width:30%;font-size:11px;font-weight:600;color:#1f2937;">ID</th><td style="padding:3px 5px;border-bottom:1px solid #e5e7eb;font-size:11px;color:#111827;">CV-106</td></tr><tr><th style="padding:3px 5px;text-align:left;background:#f3f4f6;border-bottom:1px solid #d1d5db;width:30%;font-size:11px;font-weight:600;color:#1f2937;">Endereço</th><td style="padding:3px 5px;border-bottom:1px solid #e5e7eb;font-size:11px;color:#111827;">Rua Teresa Penoy, 64</td></tr><tr><th style="padding:3px 5px;text-align:left;background:#f3f4f6;border-bottom:1px solid #d1d5db;width:30%;font-size:11px;font-weight:600;color:#1f2937;">Subprefeitura</th><td style="padding:3px 5px;border-bottom:1px solid #e5e7eb;font-size:11px;color:#111827;">Casa Verde/Cachoeirinha</td></tr><tr><th style="padding:3px 5px;text-align:left;background:#f3f4f6;border-bottom:1px solid #d1d5db;width:30%;font-size:11px;font-weight:600;color:#1f2937;">Volumetria</th><td style="padding:3px 5px;border-bottom:1px solid #e5e7eb;font-size:11px;color:#111827;">Entre 1m³ e 5m³</td></tr></table>]]></description><Point><coordinates>-46.6567300,-23.4607600,0</coordinates></Point></Placemark>
<Style id="s-PV-106">
<LineStyle><color>ff2fffad</color><width>2.0</width></LineStyle>
<PolyStyle><color>ff2fffad</color></PolyStyle>
<IconStyle><color>ff2fffad</color><scale>0.55</scale>
<Icon><href>http://maps.google.com/mapfiles/kml/shapes/placemark_circle.png</href></Icon>
</IconStyle>
<LabelStyle><scale>0.65</scale></LabelStyle>
</Style><Placemark><name>CV-107</name><styleUrl>#s-PV-106</styleUrl><description><![CDATA[<table style="border-collapse:collapse;width:100%;font-family:'Helvetica Neue',Helvetica,Arial,sans-serif;font-size:11px;border:1px solid #e5e7eb;border-radius:8px;overflow:hidden;"><tr><th colspan="2" style="padding:5px 8px;background:#1f6feb;color:#fff;text-align:left;font-size:12px;font-weight:600;">CV-107</th></tr><tr><th style="padding:3px 5px;text-align:left;background:#f3f4f6;border-bottom:1px solid #d1d5db;width:30%;font-size:11px;font-weight:600;color:#1f2937;">ID</th><td style="padding:3px 5px;border-bottom:1px solid #e5e7eb;font-size:11px;color:#111827;">CV-107</td></tr><tr><th style="padding:3px 5px;text-align:left;background:#f3f4f6;border-bottom:1px solid #d1d5db;width:30%;font-size:11px;font-weight:600;color:#1f2937;">Endereço</th><td style="padding:3px 5px;border-bottom:1px solid #e5e7eb;font-size:11px;color:#111827;">Rua Teresa Penoy, 231</td></tr><tr><th style="padding:3px 5px;text-align:left;background:#f3f4f6;border-bottom:1px solid #d1d5db;width:30%;font-size:11px;font-weight:600;color:#1f2937;">Subprefeitura</th><td style="padding:3px 5px;border-bottom:1px solid #e5e7eb;font-size:11px;color:#111827;">Casa Verde/Cachoeirinha</td></tr><tr><th style="padding:3px 5px;text-align:left;background:#f3f4f6;border-bottom:1px solid #d1d5db;width:30%;font-size:11px;font-weight:600;color:#1f2937;">Volumetria</th><td style="padding:3px 5px;border-bottom:1px solid #e5e7eb;font-size:11px;color:#111827;">Entre 1m³ e 5m³</td></tr></table>]]></description><Point><coordinates>-46.6577500,-23.4615400,0</coordinates></Point></Placemark>
<Style id="s-PV-107">
<LineStyle><color>ff2fffad</color><width>2.0</width></LineStyle>
<PolyStyle><color>ff2fffad</color></PolyStyle>
<IconStyle><color>ff2fffad</color><scale>0.55</scale>
<Icon><href>http://maps.google.com/mapfiles/kml/shapes/placemark_circle.png</href></Icon>
</IconStyle>
<LabelStyle><scale>0.65</scale></LabelStyle>
</Style><Placemark><name>CV-108</name><styleUrl>#s-PV-107</styleUrl><description><![CDATA[<table style="border-collapse:collapse;width:100%;font-family:'Helvetica Neue',Helvetica,Arial,sans-serif;font-size:11px;border:1px solid #e5e7eb;border-radius:8px;overflow:hidden;"><tr><th colspan="2" style="padding:5px 8px;background:#1f6feb;color:#fff;text-align:left;font-size:12px;font-weight:600;">CV-108</th></tr><tr><th style="padding:3px 5px;text-align:left;background:#f3f4f6;border-bottom:1px solid #d1d5db;width:30%;font-size:11px;font-weight:600;color:#1f2937;">ID</th><td style="padding:3px 5px;border-bottom:1px solid #e5e7eb;font-size:11px;color:#111827;">CV-108</td></tr><tr><th style="padding:3px 5px;text-align:left;background:#f3f4f6;border-bottom:1px solid #d1d5db;width:30%;font-size:11px;font-weight:600;color:#1f2937;">Endereço</th><td style="padding:3px 5px;border-bottom:1px solid #e5e7eb;font-size:11px;color:#111827;">Rua Teresa Penoy, 243</td></tr><tr><th style="padding:3px 5px;text-align:left;background:#f3f4f6;border-bottom:1px solid #d1d5db;width:30%;font-size:11px;font-weight:600;color:#1f2937;">Subprefeitura</th><td style="padding:3px 5px;border-bottom:1px solid #e5e7eb;font-size:11px;color:#111827;">Casa Verde/Cachoeirinha</td></tr><tr><th style="padding:3px 5px;text-align:left;background:#f3f4f6;border-bottom:1px solid #d1d5db;width:30%;font-size:11px;font-weight:600;color:#1f2937;">Volumetria</th><td style="padding:3px 5px;border-bottom:1px solid #e5e7eb;font-size:11px;color:#111827;">Entre 1m³ e 5m³</td></tr></table>]]></description><Point><coordinates>-46.6579600,-23.4615700,0</coordinates></Point></Placemark>
<Style id="s-PV-108">
<LineStyle><color>ff2fffad</color><width>2.0</width></LineStyle>
<PolyStyle><color>ff2fffad</color></PolyStyle>
<IconStyle><color>ff2fffad</color><scale>0.55</scale>
<Icon><href>http://maps.google.com/mapfiles/kml/shapes/placemark_circle.png</href></Icon>
</IconStyle>
<LabelStyle><scale>0.65</scale></LabelStyle>
</Style><Placemark><name>CV-109</name><styleUrl>#s-PV-108</styleUrl><description><![CDATA[<table style="border-collapse:collapse;width:100%;font-family:'Helvetica Neue',Helvetica,Arial,sans-serif;font-size:11px;border:1px solid #e5e7eb;border-radius:8px;overflow:hidden;"><tr><th colspan="2" style="padding:5px 8px;background:#1f6feb;color:#fff;text-align:left;font-size:12px;font-weight:600;">CV-109</th></tr><tr><th style="padding:3px 5px;text-align:left;background:#f3f4f6;border-bottom:1px solid #d1d5db;width:30%;font-size:11px;font-weight:600;color:#1f2937;">ID</th><td style="padding:3px 5px;border-bottom:1px solid #e5e7eb;font-size:11px;color:#111827;">CV-109</td></tr><tr><th style="padding:3px 5px;text-align:left;background:#f3f4f6;border-bottom:1px solid #d1d5db;width:30%;font-size:11px;font-weight:600;color:#1f2937;">Endereço</th><td style="padding:3px 5px;border-bottom:1px solid #e5e7eb;font-size:11px;color:#111827;">Rua Sais Saad X Rua Torre da Alfandega</td></tr><tr><th style="padding:3px 5px;text-align:left;background:#f3f4f6;border-bottom:1px solid #d1d5db;width:30%;font-size:11px;font-weight:600;color:#1f2937;">Subprefeitura</th><td style="padding:3px 5px;border-bottom:1px solid #e5e7eb;font-size:11px;color:#111827;">Casa Verde/Cachoeirinha</td></tr><tr><th style="padding:3px 5px;text-align:left;background:#f3f4f6;border-bottom:1px solid #d1d5db;width:30%;font-size:11px;font-weight:600;color:#1f2937;">Volumetria</th><td style="padding:3px 5px;border-bottom:1px solid #e5e7eb;font-size:11px;color:#111827;">Não se aplica (inativo).</td></tr><tr><th style="padding:3px 5px;text-align:left;background:#f3f4f6;border-bottom:1px solid #d1d5db;width:30%;font-size:11px;font-weight:600;color:#1f2937;">Status</th><td style="padding:3px 5px;border-bottom:1px solid #e5e7eb;font-size:11px;color:#111827;">Inativo</td></tr><tr><th style="padding:3px 5px;text-align:left;background:#f3f4f6;border-bottom:1px solid #d1d5db;width:30%;font-size:11px;font-weight:600;color:#1f2937;">Data</th><td style="padding:3px 5px;border-bottom:1px solid #e5e7eb;font-size:11px;color:#111827;">Inativo</td></tr></table>]]></description><Point><coordinates>-46.6479200,-23.4686400,0</coordinates></Point></Placemark>
<Style id="s-PV-109">
<LineStyle><color>ff2fffad</color><width>2.0</width></LineStyle>
<PolyStyle><color>ff2fffad</color></PolyStyle>
<IconStyle><color>ff2fffad</color><scale>0.55</scale>
<Icon><href>http://maps.google.com/mapfiles/kml/shapes/placemark_circle.png</href></Icon>
</IconStyle>
<LabelStyle><scale>0.65</scale></LabelStyle>
</Style><Placemark><name>CV-110</name><styleUrl>#s-PV-109</styleUrl><description><![CDATA[<table style="border-collapse:collapse;width:100%;font-family:'Helvetica Neue',Helvetica,Arial,sans-serif;font-size:11px;border:1px solid #e5e7eb;border-radius:8px;overflow:hidden;"><tr><th colspan="2" style="padding:5px 8px;background:#1f6feb;color:#fff;text-align:left;font-size:12px;font-weight:600;">CV-110</th></tr><tr><th style="padding:3px 5px;text-align:left;background:#f3f4f6;border-bottom:1px solid #d1d5db;width:30%;font-size:11px;font-weight:600;color:#1f2937;">ID</th><td style="padding:3px 5px;border-bottom:1px solid #e5e7eb;font-size:11px;color:#111827;">CV-110</td></tr><tr><th style="padding:3px 5px;text-align:left;background:#f3f4f6;border-bottom:1px solid #d1d5db;width:30%;font-size:11px;font-weight:600;color:#1f2937;">Endereço</th><td style="padding:3px 5px;border-bottom:1px solid #e5e7eb;font-size:11px;color:#111827;">Rua Várzea Grande, 128</td></tr><tr><th style="padding:3px 5px;text-align:left;background:#f3f4f6;border-bottom:1px solid #d1d5db;width:30%;font-size:11px;font-weight:600;color:#1f2937;">Subprefeitura</th><td style="padding:3px 5px;border-bottom:1px solid #e5e7eb;font-size:11px;color:#111827;">Casa Verde/Cachoeirinha</td></tr><tr><th style="padding:3px 5px;text-align:left;background:#f3f4f6;border-bottom:1px solid #d1d5db;width:30%;font-size:11px;font-weight:600;color:#1f2937;">Volumetria</th><td style="padding:3px 5px;border-bottom:1px solid #e5e7eb;font-size:11px;color:#111827;">Entre 1m³ e 5m³</td></tr></table>]]></description><Point><coordinates>-46.6623400,-23.4568100,0</coordinates></Point></Placemark>
<Style id="s-PV-110">
<LineStyle><color>ff2fffad</color><width>2.0</width></LineStyle>
<PolyStyle><color>ff2fffad</color></PolyStyle>
<IconStyle><color>ff2fffad</color><scale>0.55</scale>
<Icon><href>http://maps.google.com/mapfiles/kml/shapes/placemark_circle.png</href></Icon>
</IconStyle>
<LabelStyle><scale>0.65</scale></LabelStyle>
</Style><Placemark><name>CV-111</name><styleUrl>#s-PV-110</styleUrl><description><![CDATA[<table style="border-collapse:collapse;width:100%;font-family:'Helvetica Neue',Helvetica,Arial,sans-serif;font-size:11px;border:1px solid #e5e7eb;border-radius:8px;overflow:hidden;"><tr><th colspan="2" style="padding:5px 8px;background:#1f6feb;color:#fff;text-align:left;font-size:12px;font-weight:600;">CV-111</th></tr><tr><th style="padding:3px 5px;text-align:left;background:#f3f4f6;border-bottom:1px solid #d1d5db;width:30%;font-size:11px;font-weight:600;color:#1f2937;">ID</th><td style="padding:3px 5px;border-bottom:1px solid #e5e7eb;font-size:11px;color:#111827;">CV-111</td></tr><tr><th style="padding:3px 5px;text-align:left;background:#f3f4f6;border-bottom:1px solid #d1d5db;width:30%;font-size:11px;font-weight:600;color:#1f2937;">Endereço</th><td style="padding:3px 5px;border-bottom:1px solid #e5e7eb;font-size:11px;color:#111827;">Rua Vasconcelos de Almeida, 4</td></tr><tr><th style="padding:3px 5px;text-align:left;background:#f3f4f6;border-bottom:1px solid #d1d5db;width:30%;font-size:11px;font-weight:600;color:#1f2937;">Subprefeitura</th><td style="padding:3px 5px;border-bottom:1px solid #e5e7eb;font-size:11px;color:#111827;">Casa Verde/Cachoeirinha</td></tr><tr><th style="padding:3px 5px;text-align:left;background:#f3f4f6;border-bottom:1px solid #d1d5db;width:30%;font-size:11px;font-weight:600;color:#1f2937;">Volumetria</th><td style="padding:3px 5px;border-bottom:1px solid #e5e7eb;font-size:11px;color:#111827;">Entre 1m³ e 5m³</td></tr></table>]]></description><Point><coordinates>-46.6706100,-23.4995400,0</coordinates></Point></Placemark>
<Style id="s-PV-111">
<LineStyle><color>ff2fffad</color><width>2.0</width></LineStyle>
<PolyStyle><color>ff2fffad</color></PolyStyle>
<IconStyle><color>ff2fffad</color><scale>0.55</scale>
<Icon><href>http://maps.google.com/mapfiles/kml/shapes/placemark_circle.png</href></Icon>
</IconStyle>
<LabelStyle><scale>0.65</scale></LabelStyle>
</Style><Placemark><name>CV-112</name><styleUrl>#s-PV-111</styleUrl><description><![CDATA[<table style="border-collapse:collapse;width:100%;font-family:'Helvetica Neue',Helvetica,Arial,sans-serif;font-size:11px;border:1px solid #e5e7eb;border-radius:8px;overflow:hidden;"><tr><th colspan="2" style="padding:5px 8px;background:#1f6feb;color:#fff;text-align:left;font-size:12px;font-weight:600;">CV-112</th></tr><tr><th style="padding:3px 5px;text-align:left;background:#f3f4f6;border-bottom:1px solid #d1d5db;width:30%;font-size:11px;font-weight:600;color:#1f2937;">ID</th><td style="padding:3px 5px;border-bottom:1px solid #e5e7eb;font-size:11px;color:#111827;">CV-112</td></tr><tr><th style="padding:3px 5px;text-align:left;background:#f3f4f6;border-bottom:1px solid #d1d5db;width:30%;font-size:11px;font-weight:600;color:#1f2937;">Endereço</th><td style="padding:3px 5px;border-bottom:1px solid #e5e7eb;font-size:11px;color:#111827;">Rua Vasconcelos de Almeida, 61</td></tr><tr><th style="padding:3px 5px;text-align:left;background:#f3f4f6;border-bottom:1px solid #d1d5db;width:30%;font-size:11px;font-weight:600;color:#1f2937;">Subprefeitura</th><td style="padding:3px 5px;border-bottom:1px solid #e5e7eb;font-size:11px;color:#111827;">Casa Verde/Cachoeirinha</td></tr><tr><th style="padding:3px 5px;text-align:left;background:#f3f4f6;border-bottom:1px solid #d1d5db;width:30%;font-size:11px;font-weight:600;color:#1f2937;">Volumetria</th><td style="padding:3px 5px;border-bottom:1px solid #e5e7eb;font-size:11px;color:#111827;">Entre 1m³ e 5m³</td></tr></table>]]></description><Point><coordinates>-46.6701900,-23.4998900,0</coordinates></Point></Placemark>
<Style id="s-PV-112">
<LineStyle><color>ff2fffad</color><width>2.0</width></LineStyle>
<PolyStyle><color>ff2fffad</color></PolyStyle>
<IconStyle><color>ff2fffad</color><scale>0.55</scale>
<Icon><href>http://maps.google.com/mapfiles/kml/shapes/placemark_circle.png</href></Icon>
</IconStyle>
<LabelStyle><scale>0.65</scale></LabelStyle>
</Style><Placemark><name>CV-113</name><styleUrl>#s-PV-112</styleUrl><description><![CDATA[<table style="border-collapse:collapse;width:100%;font-family:'Helvetica Neue',Helvetica,Arial,sans-serif;font-size:11px;border:1px solid #e5e7eb;border-radius:8px;overflow:hidden;"><tr><th colspan="2" style="padding:5px 8px;background:#1f6feb;color:#fff;text-align:left;font-size:12px;font-weight:600;">CV-113</th></tr><tr><th style="padding:3px 5px;text-align:left;background:#f3f4f6;border-bottom:1px solid #d1d5db;width:30%;font-size:11px;font-weight:600;color:#1f2937;">ID</th><td style="padding:3px 5px;border-bottom:1px solid #e5e7eb;font-size:11px;color:#111827;">CV-113</td></tr><tr><th style="padding:3px 5px;text-align:left;background:#f3f4f6;border-bottom:1px solid #d1d5db;width:30%;font-size:11px;font-weight:600;color:#1f2937;">Endereço</th><td style="padding:3px 5px;border-bottom:1px solid #e5e7eb;font-size:11px;color:#111827;">Rua Vichy, 278</td></tr><tr><th style="padding:3px 5px;text-align:left;background:#f3f4f6;border-bottom:1px solid #d1d5db;width:30%;font-size:11px;font-weight:600;color:#1f2937;">Subprefeitura</th><td style="padding:3px 5px;border-bottom:1px solid #e5e7eb;font-size:11px;color:#111827;">Casa Verde/Cachoeirinha</td></tr><tr><th style="padding:3px 5px;text-align:left;background:#f3f4f6;border-bottom:1px solid #d1d5db;width:30%;font-size:11px;font-weight:600;color:#1f2937;">Volumetria</th><td style="padding:3px 5px;border-bottom:1px solid #e5e7eb;font-size:11px;color:#111827;">Entre 1m³ e 5m³</td></tr><tr><th style="padding:3px 5px;text-align:left;background:#f3f4f6;border-bottom:1px solid #d1d5db;width:30%;font-size:11px;font-weight:600;color:#1f2937;">Status</th><td style="padding:3px 5px;border-bottom:1px solid #e5e7eb;font-size:11px;color:#111827;">Revitalizado</td></tr><tr><th style="padding:3px 5px;text-align:left;background:#f3f4f6;border-bottom:1px solid #d1d5db;width:30%;font-size:11px;font-weight:600;color:#1f2937;">Data</th><td style="padding:3px 5px;border-bottom:1px solid #e5e7eb;font-size:11px;color:#111827;">46088</td></tr></table>]]></description><Point><coordinates>-46.6604500,-23.5064300,0</coordinates></Point></Placemark>
<Style id="s-PV-113">
<LineStyle><color>ff2fffad</color><width>2.0</width></LineStyle>
<PolyStyle><color>ff2fffad</color></PolyStyle>
<IconStyle><color>ff2fffad</color><scale>0.55</scale>
<Icon><href>http://maps.google.com/mapfiles/kml/shapes/placemark_circle.png</href></Icon>
</IconStyle>
<LabelStyle><scale>0.65</scale></LabelStyle>
</Style><Placemark><name>CV-114</name><styleUrl>#s-PV-113</styleUrl><description><![CDATA[<table style="border-collapse:collapse;width:100%;font-family:'Helvetica Neue',Helvetica,Arial,sans-serif;font-size:11px;border:1px solid #e5e7eb;border-radius:8px;overflow:hidden;"><tr><th colspan="2" style="padding:5px 8px;background:#1f6feb;color:#fff;text-align:left;font-size:12px;font-weight:600;">CV-114</th></tr><tr><th style="padding:3px 5px;text-align:left;background:#f3f4f6;border-bottom:1px solid #d1d5db;width:30%;font-size:11px;font-weight:600;color:#1f2937;">ID</th><td style="padding:3px 5px;border-bottom:1px solid #e5e7eb;font-size:11px;color:#111827;">CV-114</td></tr><tr><th style="padding:3px 5px;text-align:left;background:#f3f4f6;border-bottom:1px solid #d1d5db;width:30%;font-size:11px;font-weight:600;color:#1f2937;">Endereço</th><td style="padding:3px 5px;border-bottom:1px solid #e5e7eb;font-size:11px;color:#111827;">Rua Vinte e Oito de Janeiro, 69</td></tr><tr><th style="padding:3px 5px;text-align:left;background:#f3f4f6;border-bottom:1px solid #d1d5db;width:30%;font-size:11px;font-weight:600;color:#1f2937;">Subprefeitura</th><td style="padding:3px 5px;border-bottom:1px solid #e5e7eb;font-size:11px;color:#111827;">Casa Verde/Cachoeirinha</td></tr><tr><th style="padding:3px 5px;text-align:left;background:#f3f4f6;border-bottom:1px solid #d1d5db;width:30%;font-size:11px;font-weight:600;color:#1f2937;">Volumetria</th><td style="padding:3px 5px;border-bottom:1px solid #e5e7eb;font-size:11px;color:#111827;">Entre 1m³ e 5m³</td></tr><tr><th style="padding:3px 5px;text-align:left;background:#f3f4f6;border-bottom:1px solid #d1d5db;width:30%;font-size:11px;font-weight:600;color:#1f2937;">Data</th><td style="padding:3px 5px;border-bottom:1px solid #e5e7eb;font-size:11px;color:#111827;">46109</td></tr></table>]]></description><Point><coordinates>-46.6566700,-23.4687800,0</coordinates></Point></Placemark>
<Style id="s-PV-114">
<LineStyle><color>ff2fffad</color><width>2.0</width></LineStyle>
<PolyStyle><color>ff2fffad</color></PolyStyle>
<IconStyle><color>ff2fffad</color><scale>0.55</scale>
<Icon><href>http://maps.google.com/mapfiles/kml/shapes/placemark_circle.png</href></Icon>
</IconStyle>
<LabelStyle><scale>0.65</scale></LabelStyle>
</Style><Placemark><name>CV-115</name><styleUrl>#s-PV-114</styleUrl><description><![CDATA[<table style="border-collapse:collapse;width:100%;font-family:'Helvetica Neue',Helvetica,Arial,sans-serif;font-size:11px;border:1px solid #e5e7eb;border-radius:8px;overflow:hidden;"><tr><th colspan="2" style="padding:5px 8px;background:#1f6feb;color:#fff;text-align:left;font-size:12px;font-weight:600;">CV-115</th></tr><tr><th style="padding:3px 5px;text-align:left;background:#f3f4f6;border-bottom:1px solid #d1d5db;width:30%;font-size:11px;font-weight:600;color:#1f2937;">ID</th><td style="padding:3px 5px;border-bottom:1px solid #e5e7eb;font-size:11px;color:#111827;">CV-115</td></tr><tr><th style="padding:3px 5px;text-align:left;background:#f3f4f6;border-bottom:1px solid #d1d5db;width:30%;font-size:11px;font-weight:600;color:#1f2937;">Endereço</th><td style="padding:3px 5px;border-bottom:1px solid #e5e7eb;font-size:11px;color:#111827;">Rua Vinte e Oito de Janeiro, 169</td></tr><tr><th style="padding:3px 5px;text-align:left;background:#f3f4f6;border-bottom:1px solid #d1d5db;width:30%;font-size:11px;font-weight:600;color:#1f2937;">Subprefeitura</th><td style="padding:3px 5px;border-bottom:1px solid #e5e7eb;font-size:11px;color:#111827;">Casa Verde/Cachoeirinha</td></tr><tr><th style="padding:3px 5px;text-align:left;background:#f3f4f6;border-bottom:1px solid #d1d5db;width:30%;font-size:11px;font-weight:600;color:#1f2937;">Volumetria</th><td style="padding:3px 5px;border-bottom:1px solid #e5e7eb;font-size:11px;color:#111827;">Entre 1m³ e 5m³</td></tr><tr><th style="padding:3px 5px;text-align:left;background:#f3f4f6;border-bottom:1px solid #d1d5db;width:30%;font-size:11px;font-weight:600;color:#1f2937;">Status</th><td style="padding:3px 5px;border-bottom:1px solid #e5e7eb;font-size:11px;color:#111827;">Revitalizado</td></tr><tr><th style="padding:3px 5px;text-align:left;background:#f3f4f6;border-bottom:1px solid #d1d5db;width:30%;font-size:11px;font-weight:600;color:#1f2937;">Data</th><td style="padding:3px 5px;border-bottom:1px solid #e5e7eb;font-size:11px;color:#111827;">46081</td></tr></table>]]></description><Point><coordinates>-46.6575500,-23.4685900,0</coordinates></Point></Placemark>
<Style id="s-PV-115">
<LineStyle><color>ff2fffad</color><width>2.0</width></LineStyle>
<PolyStyle><color>ff2fffad</color></PolyStyle>
<IconStyle><color>ff2fffad</color><scale>0.55</scale>
<Icon><href>http://maps.google.com/mapfiles/kml/shapes/placemark_circle.png</href></Icon>
</IconStyle>
<LabelStyle><scale>0.65</scale></LabelStyle>
</Style><Placemark><name>CV-116</name><styleUrl>#s-PV-115</styleUrl><description><![CDATA[<table style="border-collapse:collapse;width:100%;font-family:'Helvetica Neue',Helvetica,Arial,sans-serif;font-size:11px;border:1px solid #e5e7eb;border-radius:8px;overflow:hidden;"><tr><th colspan="2" style="padding:5px 8px;background:#1f6feb;color:#fff;text-align:left;font-size:12px;font-weight:600;">CV-116</th></tr><tr><th style="padding:3px 5px;text-align:left;background:#f3f4f6;border-bottom:1px solid #d1d5db;width:30%;font-size:11px;font-weight:600;color:#1f2937;">ID</th><td style="padding:3px 5px;border-bottom:1px solid #e5e7eb;font-size:11px;color:#111827;">CV-116</td></tr><tr><th style="padding:3px 5px;text-align:left;background:#f3f4f6;border-bottom:1px solid #d1d5db;width:30%;font-size:11px;font-weight:600;color:#1f2937;">Endereço</th><td style="padding:3px 5px;border-bottom:1px solid #e5e7eb;font-size:11px;color:#111827;">Praça Santíssima Trindade X Rua Zezé Leone</td></tr><tr><th style="padding:3px 5px;text-align:left;background:#f3f4f6;border-bottom:1px solid #d1d5db;width:30%;font-size:11px;font-weight:600;color:#1f2937;">Subprefeitura</th><td style="padding:3px 5px;border-bottom:1px solid #e5e7eb;font-size:11px;color:#111827;">Casa Verde/Cachoeirinha</td></tr><tr><th style="padding:3px 5px;text-align:left;background:#f3f4f6;border-bottom:1px solid #d1d5db;width:30%;font-size:11px;font-weight:600;color:#1f2937;">Volumetria</th><td style="padding:3px 5px;border-bottom:1px solid #e5e7eb;font-size:11px;color:#111827;">Mais de 5m³</td></tr></table>]]></description><Point><coordinates>-46.6636800,-23.4865800,0</coordinates></Point></Placemark>
<Style id="s-PV-116">
<LineStyle><color>ff2fffad</color><width>2.0</width></LineStyle>
<PolyStyle><color>ff2fffad</color></PolyStyle>
<IconStyle><color>ff2fffad</color><scale>0.55</scale>
<Icon><href>http://maps.google.com/mapfiles/kml/shapes/placemark_circle.png</href></Icon>
</IconStyle>
<LabelStyle><scale>0.65</scale></LabelStyle>
</Style><Placemark><name>CV-117</name><styleUrl>#s-PV-116</styleUrl><description><![CDATA[<table style="border-collapse:collapse;width:100%;font-family:'Helvetica Neue',Helvetica,Arial,sans-serif;font-size:11px;border:1px solid #e5e7eb;border-radius:8px;overflow:hidden;"><tr><th colspan="2" style="padding:5px 8px;background:#1f6feb;color:#fff;text-align:left;font-size:12px;font-weight:600;">CV-117</th></tr><tr><th style="padding:3px 5px;text-align:left;background:#f3f4f6;border-bottom:1px solid #d1d5db;width:30%;font-size:11px;font-weight:600;color:#1f2937;">ID</th><td style="padding:3px 5px;border-bottom:1px solid #e5e7eb;font-size:11px;color:#111827;">CV-117</td></tr><tr><th style="padding:3px 5px;text-align:left;background:#f3f4f6;border-bottom:1px solid #d1d5db;width:30%;font-size:11px;font-weight:600;color:#1f2937;">Endereço</th><td style="padding:3px 5px;border-bottom:1px solid #e5e7eb;font-size:11px;color:#111827;">Rua Zilda, 817</td></tr><tr><th style="padding:3px 5px;text-align:left;background:#f3f4f6;border-bottom:1px solid #d1d5db;width:30%;font-size:11px;font-weight:600;color:#1f2937;">Subprefeitura</th><td style="padding:3px 5px;border-bottom:1px solid #e5e7eb;font-size:11px;color:#111827;">Casa Verde/Cachoeirinha</td></tr><tr><th style="padding:3px 5px;text-align:left;background:#f3f4f6;border-bottom:1px solid #d1d5db;width:30%;font-size:11px;font-weight:600;color:#1f2937;">Volumetria</th><td style="padding:3px 5px;border-bottom:1px solid #e5e7eb;font-size:11px;color:#111827;">Não se aplica (inativo).</td></tr><tr><th style="padding:3px 5px;text-align:left;background:#f3f4f6;border-bottom:1px solid #d1d5db;width:30%;font-size:11px;font-weight:600;color:#1f2937;">Status</th><td style="padding:3px 5px;border-bottom:1px solid #e5e7eb;font-size:11px;color:#111827;">Inativo</td></tr><tr><th style="padding:3px 5px;text-align:left;background:#f3f4f6;border-bottom:1px solid #d1d5db;width:30%;font-size:11px;font-weight:600;color:#1f2937;">Data</th><td style="padding:3px 5px;border-bottom:1px solid #e5e7eb;font-size:11px;color:#111827;">Inativo</td></tr></table>]]></description><Point><coordinates>-46.6622000,-23.4926800,0</coordinates></Point></Placemark>
<Style id="s-PV-117">
<LineStyle><color>ff2fffad</color><width>2.0</width></LineStyle>
<PolyStyle><color>ff2fffad</color></PolyStyle>
<IconStyle><color>ff2fffad</color><scale>0.55</scale>
<Icon><href>http://maps.google.com/mapfiles/kml/shapes/placemark_circle.png</href></Icon>
</IconStyle>
<LabelStyle><scale>0.65</scale></LabelStyle>
</Style><Placemark><name>CV-118</name><styleUrl>#s-PV-117</styleUrl><description><![CDATA[<table style="border-collapse:collapse;width:100%;font-family:'Helvetica Neue',Helvetica,Arial,sans-serif;font-size:11px;border:1px solid #e5e7eb;border-radius:8px;overflow:hidden;"><tr><th colspan="2" style="padding:5px 8px;background:#1f6feb;color:#fff;text-align:left;font-size:12px;font-weight:600;">CV-118</th></tr><tr><th style="padding:3px 5px;text-align:left;background:#f3f4f6;border-bottom:1px solid #d1d5db;width:30%;font-size:11px;font-weight:600;color:#1f2937;">ID</th><td style="padding:3px 5px;border-bottom:1px solid #e5e7eb;font-size:11px;color:#111827;">CV-118</td></tr><tr><th style="padding:3px 5px;text-align:left;background:#f3f4f6;border-bottom:1px solid #d1d5db;width:30%;font-size:11px;font-weight:600;color:#1f2937;">Endereço</th><td style="padding:3px 5px;border-bottom:1px solid #e5e7eb;font-size:11px;color:#111827;">Rua  André Bolsena x Rua Professor Dário Ribeiro</td></tr><tr><th style="padding:3px 5px;text-align:left;background:#f3f4f6;border-bottom:1px solid #d1d5db;width:30%;font-size:11px;font-weight:600;color:#1f2937;">Subprefeitura</th><td style="padding:3px 5px;border-bottom:1px solid #e5e7eb;font-size:11px;color:#111827;">Casa Verde/Cachoeirinha</td></tr><tr><th style="padding:3px 5px;text-align:left;background:#f3f4f6;border-bottom:1px solid #d1d5db;width:30%;font-size:11px;font-weight:600;color:#1f2937;">Volumetria</th><td style="padding:3px 5px;border-bottom:1px solid #e5e7eb;font-size:11px;color:#111827;">Entre 1m³ e 5m³</td></tr><tr><th style="padding:3px 5px;text-align:left;background:#f3f4f6;border-bottom:1px solid #d1d5db;width:30%;font-size:11px;font-weight:600;color:#1f2937;">Status</th><td style="padding:3px 5px;border-bottom:1px solid #e5e7eb;font-size:11px;color:#111827;">Revitalizado</td></tr><tr><th style="padding:3px 5px;text-align:left;background:#f3f4f6;border-bottom:1px solid #d1d5db;width:30%;font-size:11px;font-weight:600;color:#1f2937;">Data</th><td style="padding:3px 5px;border-bottom:1px solid #e5e7eb;font-size:11px;color:#111827;">45948</td></tr></table>]]></description><Point><coordinates>-46.6719600,-23.4933300,0</coordinates></Point></Placemark>
<Style id="s-PV-118">
<LineStyle><color>ff2fffad</color><width>2.0</width></LineStyle>
<PolyStyle><color>ff2fffad</color></PolyStyle>
<IconStyle><color>ff2fffad</color><scale>0.55</scale>
<Icon><href>http://maps.google.com/mapfiles/kml/shapes/placemark_circle.png</href></Icon>
</IconStyle>
<LabelStyle><scale>0.65</scale></LabelStyle>
</Style><Placemark><name>CV-119</name><styleUrl>#s-PV-118</styleUrl><description><![CDATA[<table style="border-collapse:collapse;width:100%;font-family:'Helvetica Neue',Helvetica,Arial,sans-serif;font-size:11px;border:1px solid #e5e7eb;border-radius:8px;overflow:hidden;"><tr><th colspan="2" style="padding:5px 8px;background:#1f6feb;color:#fff;text-align:left;font-size:12px;font-weight:600;">CV-119</th></tr><tr><th style="padding:3px 5px;text-align:left;background:#f3f4f6;border-bottom:1px solid #d1d5db;width:30%;font-size:11px;font-weight:600;color:#1f2937;">ID</th><td style="padding:3px 5px;border-bottom:1px solid #e5e7eb;font-size:11px;color:#111827;">CV-119</td></tr><tr><th style="padding:3px 5px;text-align:left;background:#f3f4f6;border-bottom:1px solid #d1d5db;width:30%;font-size:11px;font-weight:600;color:#1f2937;">Endereço</th><td style="padding:3px 5px;border-bottom:1px solid #e5e7eb;font-size:11px;color:#111827;">Rua César Penna Ramos, 1315</td></tr><tr><th style="padding:3px 5px;text-align:left;background:#f3f4f6;border-bottom:1px solid #d1d5db;width:30%;font-size:11px;font-weight:600;color:#1f2937;">Subprefeitura</th><td style="padding:3px 5px;border-bottom:1px solid #e5e7eb;font-size:11px;color:#111827;">Casa Verde/Cachoeirinha</td></tr><tr><th style="padding:3px 5px;text-align:left;background:#f3f4f6;border-bottom:1px solid #d1d5db;width:30%;font-size:11px;font-weight:600;color:#1f2937;">Volumetria</th><td style="padding:3px 5px;border-bottom:1px solid #e5e7eb;font-size:11px;color:#111827;">Entre 1m³ e 5m³</td></tr></table>]]></description><Point><coordinates>-46.6730300,-23.4878300,0</coordinates></Point></Placemark>
<Style id="s-PV-119">
<LineStyle><color>ff2fffad</color><width>2.0</width></LineStyle>
<PolyStyle><color>ff2fffad</color></PolyStyle>
<IconStyle><color>ff2fffad</color><scale>0.55</scale>
<Icon><href>http://maps.google.com/mapfiles/kml/shapes/placemark_circle.png</href></Icon>
</IconStyle>
<LabelStyle><scale>0.65</scale></LabelStyle>
</Style><Placemark><name>CV-120</name><styleUrl>#s-PV-119</styleUrl><description><![CDATA[<table style="border-collapse:collapse;width:100%;font-family:'Helvetica Neue',Helvetica,Arial,sans-serif;font-size:11px;border:1px solid #e5e7eb;border-radius:8px;overflow:hidden;"><tr><th colspan="2" style="padding:5px 8px;background:#1f6feb;color:#fff;text-align:left;font-size:12px;font-weight:600;">CV-120</th></tr><tr><th style="padding:3px 5px;text-align:left;background:#f3f4f6;border-bottom:1px solid #d1d5db;width:30%;font-size:11px;font-weight:600;color:#1f2937;">ID</th><td style="padding:3px 5px;border-bottom:1px solid #e5e7eb;font-size:11px;color:#111827;">CV-120</td></tr><tr><th style="padding:3px 5px;text-align:left;background:#f3f4f6;border-bottom:1px solid #d1d5db;width:30%;font-size:11px;font-weight:600;color:#1f2937;">Endereço</th><td style="padding:3px 5px;border-bottom:1px solid #e5e7eb;font-size:11px;color:#111827;">Rua Francisco Rodrigues Nunes, 21</td></tr><tr><th style="padding:3px 5px;text-align:left;background:#f3f4f6;border-bottom:1px solid #d1d5db;width:30%;font-size:11px;font-weight:600;color:#1f2937;">Subprefeitura</th><td style="padding:3px 5px;border-bottom:1px solid #e5e7eb;font-size:11px;color:#111827;">Casa Verde/Cachoeirinha</td></tr><tr><th style="padding:3px 5px;text-align:left;background:#f3f4f6;border-bottom:1px solid #d1d5db;width:30%;font-size:11px;font-weight:600;color:#1f2937;">Volumetria</th><td style="padding:3px 5px;border-bottom:1px solid #e5e7eb;font-size:11px;color:#111827;">Entre 1m³ e 5m³</td></tr></table>]]></description><Point><coordinates>-46.6762200,-23.5078500,0</coordinates></Point></Placemark>
<Style id="s-PV-120">
<LineStyle><color>ff2fffad</color><width>2.0</width></LineStyle>
<PolyStyle><color>ff2fffad</color></PolyStyle>
<IconStyle><color>ff2fffad</color><scale>0.55</scale>
<Icon><href>http://maps.google.com/mapfiles/kml/shapes/placemark_circle.png</href></Icon>
</IconStyle>
<LabelStyle><scale>0.65</scale></LabelStyle>
</Style><Placemark><name>CV-121</name><styleUrl>#s-PV-120</styleUrl><description><![CDATA[<table style="border-collapse:collapse;width:100%;font-family:'Helvetica Neue',Helvetica,Arial,sans-serif;font-size:11px;border:1px solid #e5e7eb;border-radius:8px;overflow:hidden;"><tr><th colspan="2" style="padding:5px 8px;background:#1f6feb;color:#fff;text-align:left;font-size:12px;font-weight:600;">CV-121</th></tr><tr><th style="padding:3px 5px;text-align:left;background:#f3f4f6;border-bottom:1px solid #d1d5db;width:30%;font-size:11px;font-weight:600;color:#1f2937;">ID</th><td style="padding:3px 5px;border-bottom:1px solid #e5e7eb;font-size:11px;color:#111827;">CV-121</td></tr><tr><th style="padding:3px 5px;text-align:left;background:#f3f4f6;border-bottom:1px solid #d1d5db;width:30%;font-size:11px;font-weight:600;color:#1f2937;">Endereço</th><td style="padding:3px 5px;border-bottom:1px solid #e5e7eb;font-size:11px;color:#111827;">Rua Doutor Araújo Castro, 399</td></tr><tr><th style="padding:3px 5px;text-align:left;background:#f3f4f6;border-bottom:1px solid #d1d5db;width:30%;font-size:11px;font-weight:600;color:#1f2937;">Subprefeitura</th><td style="padding:3px 5px;border-bottom:1px solid #e5e7eb;font-size:11px;color:#111827;">Casa Verde/Cachoeirinha</td></tr><tr><th style="padding:3px 5px;text-align:left;background:#f3f4f6;border-bottom:1px solid #d1d5db;width:30%;font-size:11px;font-weight:600;color:#1f2937;">Volumetria</th><td style="padding:3px 5px;border-bottom:1px solid #e5e7eb;font-size:11px;color:#111827;">Entre 1m³ e 5m³</td></tr></table>]]></description><Point><coordinates>-46.6631300,-23.4624000,0</coordinates></Point></Placemark>
<Style id="s-PV-121">
<LineStyle><color>ff2fffad</color><width>2.0</width></LineStyle>
<PolyStyle><color>ff2fffad</color></PolyStyle>
<IconStyle><color>ff2fffad</color><scale>0.55</scale>
<Icon><href>http://maps.google.com/mapfiles/kml/shapes/placemark_circle.png</href></Icon>
</IconStyle>
<LabelStyle><scale>0.65</scale></LabelStyle>
</Style><Placemark><name>CV-122</name><styleUrl>#s-PV-121</styleUrl><description><![CDATA[<table style="border-collapse:collapse;width:100%;font-family:'Helvetica Neue',Helvetica,Arial,sans-serif;font-size:11px;border:1px solid #e5e7eb;border-radius:8px;overflow:hidden;"><tr><th colspan="2" style="padding:5px 8px;background:#1f6feb;color:#fff;text-align:left;font-size:12px;font-weight:600;">CV-122</th></tr><tr><th style="padding:3px 5px;text-align:left;background:#f3f4f6;border-bottom:1px solid #d1d5db;width:30%;font-size:11px;font-weight:600;color:#1f2937;">ID</th><td style="padding:3px 5px;border-bottom:1px solid #e5e7eb;font-size:11px;color:#111827;">CV-122</td></tr><tr><th style="padding:3px 5px;text-align:left;background:#f3f4f6;border-bottom:1px solid #d1d5db;width:30%;font-size:11px;font-weight:600;color:#1f2937;">Endereço</th><td style="padding:3px 5px;border-bottom:1px solid #e5e7eb;font-size:11px;color:#111827;">Rua Dobrada, 223</td></tr><tr><th style="padding:3px 5px;text-align:left;background:#f3f4f6;border-bottom:1px solid #d1d5db;width:30%;font-size:11px;font-weight:600;color:#1f2937;">Subprefeitura</th><td style="padding:3px 5px;border-bottom:1px solid #e5e7eb;font-size:11px;color:#111827;">Casa Verde/Cachoeirinha</td></tr><tr><th style="padding:3px 5px;text-align:left;background:#f3f4f6;border-bottom:1px solid #d1d5db;width:30%;font-size:11px;font-weight:600;color:#1f2937;">Volumetria</th><td style="padding:3px 5px;border-bottom:1px solid #e5e7eb;font-size:11px;color:#111827;">Entre 1m³ e 5m³</td></tr></table>]]></description><Point><coordinates>-46.6530600,-23.5057600,0</coordinates></Point></Placemark>
<Style id="s-PV-122">
<LineStyle><color>ff2fffad</color><width>2.0</width></LineStyle>
<PolyStyle><color>ff2fffad</color></PolyStyle>
<IconStyle><color>ff2fffad</color><scale>0.55</scale>
<Icon><href>http://maps.google.com/mapfiles/kml/shapes/placemark_circle.png</href></Icon>
</IconStyle>
<LabelStyle><scale>0.65</scale></LabelStyle>
</Style><Placemark><name>CV-123</name><styleUrl>#s-PV-122</styleUrl><description><![CDATA[<table style="border-collapse:collapse;width:100%;font-family:'Helvetica Neue',Helvetica,Arial,sans-serif;font-size:11px;border:1px solid #e5e7eb;border-radius:8px;overflow:hidden;"><tr><th colspan="2" style="padding:5px 8px;background:#1f6feb;color:#fff;text-align:left;font-size:12px;font-weight:600;">CV-123</th></tr><tr><th style="padding:3px 5px;text-align:left;background:#f3f4f6;border-bottom:1px solid #d1d5db;width:30%;font-size:11px;font-weight:600;color:#1f2937;">ID</th><td style="padding:3px 5px;border-bottom:1px solid #e5e7eb;font-size:11px;color:#111827;">CV-123</td></tr><tr><th style="padding:3px 5px;text-align:left;background:#f3f4f6;border-bottom:1px solid #d1d5db;width:30%;font-size:11px;font-weight:600;color:#1f2937;">Endereço</th><td style="padding:3px 5px;border-bottom:1px solid #e5e7eb;font-size:11px;color:#111827;">Rua Catanduvas do Sul, 442</td></tr><tr><th style="padding:3px 5px;text-align:left;background:#f3f4f6;border-bottom:1px solid #d1d5db;width:30%;font-size:11px;font-weight:600;color:#1f2937;">Subprefeitura</th><td style="padding:3px 5px;border-bottom:1px solid #e5e7eb;font-size:11px;color:#111827;">Casa Verde/Cachoeirinha</td></tr><tr><th style="padding:3px 5px;text-align:left;background:#f3f4f6;border-bottom:1px solid #d1d5db;width:30%;font-size:11px;font-weight:600;color:#1f2937;">Volumetria</th><td style="padding:3px 5px;border-bottom:1px solid #e5e7eb;font-size:11px;color:#111827;">Entre 1m³ e 5m³</td></tr><tr><th style="padding:3px 5px;text-align:left;background:#f3f4f6;border-bottom:1px solid #d1d5db;width:30%;font-size:11px;font-weight:600;color:#1f2937;">Status</th><td style="padding:3px 5px;border-bottom:1px solid #e5e7eb;font-size:11px;color:#111827;">Revitalizado</td></tr><tr><th style="padding:3px 5px;text-align:left;background:#f3f4f6;border-bottom:1px solid #d1d5db;width:30%;font-size:11px;font-weight:600;color:#1f2937;">Data</th><td style="padding:3px 5px;border-bottom:1px solid #e5e7eb;font-size:11px;color:#111827;">45934</td></tr></table>]]></description><Point><coordinates>-46.6812800,-23.4880300,0</coordinates></Point></Placemark>
<Style id="s-PV-123">
<LineStyle><color>ff2fffad</color><width>2.0</width></LineStyle>
<PolyStyle><color>ff2fffad</color></PolyStyle>
<IconStyle><color>ff2fffad</color><scale>0.55</scale>
<Icon><href>http://maps.google.com/mapfiles/kml/shapes/placemark_circle.png</href></Icon>
</IconStyle>
<LabelStyle><scale>0.65</scale></LabelStyle>
</Style><Placemark><name>CV-124</name><styleUrl>#s-PV-123</styleUrl><description><![CDATA[<table style="border-collapse:collapse;width:100%;font-family:'Helvetica Neue',Helvetica,Arial,sans-serif;font-size:11px;border:1px solid #e5e7eb;border-radius:8px;overflow:hidden;"><tr><th colspan="2" style="padding:5px 8px;background:#1f6feb;color:#fff;text-align:left;font-size:12px;font-weight:600;">CV-124</th></tr><tr><th style="padding:3px 5px;text-align:left;background:#f3f4f6;border-bottom:1px solid #d1d5db;width:30%;font-size:11px;font-weight:600;color:#1f2937;">ID</th><td style="padding:3px 5px;border-bottom:1px solid #e5e7eb;font-size:11px;color:#111827;">CV-124</td></tr><tr><th style="padding:3px 5px;text-align:left;background:#f3f4f6;border-bottom:1px solid #d1d5db;width:30%;font-size:11px;font-weight:600;color:#1f2937;">Endereço</th><td style="padding:3px 5px;border-bottom:1px solid #e5e7eb;font-size:11px;color:#111827;">Rua Glauco Velasquez, 229</td></tr><tr><th style="padding:3px 5px;text-align:left;background:#f3f4f6;border-bottom:1px solid #d1d5db;width:30%;font-size:11px;font-weight:600;color:#1f2937;">Subprefeitura</th><td style="padding:3px 5px;border-bottom:1px solid #e5e7eb;font-size:11px;color:#111827;">Casa Verde/Cachoeirinha</td></tr><tr><th style="padding:3px 5px;text-align:left;background:#f3f4f6;border-bottom:1px solid #d1d5db;width:30%;font-size:11px;font-weight:600;color:#1f2937;">Volumetria</th><td style="padding:3px 5px;border-bottom:1px solid #e5e7eb;font-size:11px;color:#111827;">Entre 1m³ e 5m³</td></tr><tr><th style="padding:3px 5px;text-align:left;background:#f3f4f6;border-bottom:1px solid #d1d5db;width:30%;font-size:11px;font-weight:600;color:#1f2937;">Status</th><td style="padding:3px 5px;border-bottom:1px solid #e5e7eb;font-size:11px;color:#111827;">Revitalizado</td></tr><tr><th style="padding:3px 5px;text-align:left;background:#f3f4f6;border-bottom:1px solid #d1d5db;width:30%;font-size:11px;font-weight:600;color:#1f2937;">Data</th><td style="padding:3px 5px;border-bottom:1px solid #e5e7eb;font-size:11px;color:#111827;">45941</td></tr></table>]]></description><Point><coordinates>-46.6668000,-23.5004100,0</coordinates></Point></Placemark>
<Style id="s-PV-124">
<LineStyle><color>ff2fffad</color><width>2.0</width></LineStyle>
<PolyStyle><color>ff2fffad</color></PolyStyle>
<IconStyle><color>ff2fffad</color><scale>0.55</scale>
<Icon><href>http://maps.google.com/mapfiles/kml/shapes/placemark_circle.png</href></Icon>
</IconStyle>
<LabelStyle><scale>0.65</scale></LabelStyle>
</Style><Placemark><name>CV-125</name><styleUrl>#s-PV-124</styleUrl><description><![CDATA[<table style="border-collapse:collapse;width:100%;font-family:'Helvetica Neue',Helvetica,Arial,sans-serif;font-size:11px;border:1px solid #e5e7eb;border-radius:8px;overflow:hidden;"><tr><th colspan="2" style="padding:5px 8px;background:#1f6feb;color:#fff;text-align:left;font-size:12px;font-weight:600;">CV-125</th></tr><tr><th style="padding:3px 5px;text-align:left;background:#f3f4f6;border-bottom:1px solid #d1d5db;width:30%;font-size:11px;font-weight:600;color:#1f2937;">ID</th><td style="padding:3px 5px;border-bottom:1px solid #e5e7eb;font-size:11px;color:#111827;">CV-125</td></tr><tr><th style="padding:3px 5px;text-align:left;background:#f3f4f6;border-bottom:1px solid #d1d5db;width:30%;font-size:11px;font-weight:600;color:#1f2937;">Endereço</th><td style="padding:3px 5px;border-bottom:1px solid #e5e7eb;font-size:11px;color:#111827;">Travessa do Limão, 1</td></tr><tr><th style="padding:3px 5px;text-align:left;background:#f3f4f6;border-bottom:1px solid #d1d5db;width:30%;font-size:11px;font-weight:600;color:#1f2937;">Subprefeitura</th><td style="padding:3px 5px;border-bottom:1px solid #e5e7eb;font-size:11px;color:#111827;">Casa Verde/Cachoeirinha</td></tr><tr><th style="padding:3px 5px;text-align:left;background:#f3f4f6;border-bottom:1px solid #d1d5db;width:30%;font-size:11px;font-weight:600;color:#1f2937;">Volumetria</th><td style="padding:3px 5px;border-bottom:1px solid #e5e7eb;font-size:11px;color:#111827;">Mais de 5m³</td></tr></table>]]></description><Point><coordinates>-46.6705800,-23.5038900,0</coordinates></Point></Placemark>
<Style id="s-PV-125">
<LineStyle><color>ff82004b</color><width>2.0</width></LineStyle>
<PolyStyle><color>ff82004b</color></PolyStyle>
<IconStyle><color>ff82004b</color><scale>0.55</scale>
<Icon><href>http://maps.google.com/mapfiles/kml/shapes/placemark_circle.png</href></Icon>
</IconStyle>
<LabelStyle><scale>0.65</scale></LabelStyle>
</Style><Placemark><name>JT-001</name><styleUrl>#s-PV-125</styleUrl><description><![CDATA[<table style="border-collapse:collapse;width:100%;font-family:'Helvetica Neue',Helvetica,Arial,sans-serif;font-size:11px;border:1px solid #e5e7eb;border-radius:8px;overflow:hidden;"><tr><th colspan="2" style="padding:5px 8px;background:#1f6feb;color:#fff;text-align:left;font-size:12px;font-weight:600;">JT-001</th></tr><tr><th style="padding:3px 5px;text-align:left;background:#f3f4f6;border-bottom:1px solid #d1d5db;width:30%;font-size:11px;font-weight:600;color:#1f2937;">ID</th><td style="padding:3px 5px;border-bottom:1px solid #e5e7eb;font-size:11px;color:#111827;">JT-001</td></tr><tr><th style="padding:3px 5px;text-align:left;background:#f3f4f6;border-bottom:1px solid #d1d5db;width:30%;font-size:11px;font-weight:600;color:#1f2937;">Endereço</th><td style="padding:3px 5px;border-bottom:1px solid #e5e7eb;font-size:11px;color:#111827;">Alameda das Roseiras, 29</td></tr><tr><th style="padding:3px 5px;text-align:left;background:#f3f4f6;border-bottom:1px solid #d1d5db;width:30%;font-size:11px;font-weight:600;color:#1f2937;">Subprefeitura</th><td style="padding:3px 5px;border-bottom:1px solid #e5e7eb;font-size:11px;color:#111827;">Jaçanã/Tremembé</td></tr><tr><th style="padding:3px 5px;text-align:left;background:#f3f4f6;border-bottom:1px solid #d1d5db;width:30%;font-size:11px;font-weight:600;color:#1f2937;">Volumetria</th><td style="padding:3px 5px;border-bottom:1px solid #e5e7eb;font-size:11px;color:#111827;">Entre 1m³ e 5m³</td></tr></table>]]></description><Point><coordinates>-46.5855300,-23.4402700,0</coordinates></Point></Placemark>
<Style id="s-PV-126">
<LineStyle><color>ff82004b</color><width>2.0</width></LineStyle>
<PolyStyle><color>ff82004b</color></PolyStyle>
<IconStyle><color>ff82004b</color><scale>0.55</scale>
<Icon><href>http://maps.google.com/mapfiles/kml/shapes/placemark_circle.png</href></Icon>
</IconStyle>
<LabelStyle><scale>0.65</scale></LabelStyle>
</Style><Placemark><name>JT-002</name><styleUrl>#s-PV-126</styleUrl><description><![CDATA[<table style="border-collapse:collapse;width:100%;font-family:'Helvetica Neue',Helvetica,Arial,sans-serif;font-size:11px;border:1px solid #e5e7eb;border-radius:8px;overflow:hidden;"><tr><th colspan="2" style="padding:5px 8px;background:#1f6feb;color:#fff;text-align:left;font-size:12px;font-weight:600;">JT-002</th></tr><tr><th style="padding:3px 5px;text-align:left;background:#f3f4f6;border-bottom:1px solid #d1d5db;width:30%;font-size:11px;font-weight:600;color:#1f2937;">ID</th><td style="padding:3px 5px;border-bottom:1px solid #e5e7eb;font-size:11px;color:#111827;">JT-002</td></tr><tr><th style="padding:3px 5px;text-align:left;background:#f3f4f6;border-bottom:1px solid #d1d5db;width:30%;font-size:11px;font-weight:600;color:#1f2937;">Endereço</th><td style="padding:3px 5px;border-bottom:1px solid #e5e7eb;font-size:11px;color:#111827;">Avenida Coronel Sezefredo Fagundes, 2200</td></tr><tr><th style="padding:3px 5px;text-align:left;background:#f3f4f6;border-bottom:1px solid #d1d5db;width:30%;font-size:11px;font-weight:600;color:#1f2937;">Subprefeitura</th><td style="padding:3px 5px;border-bottom:1px solid #e5e7eb;font-size:11px;color:#111827;">Jaçanã/Tremembé</td></tr><tr><th style="padding:3px 5px;text-align:left;background:#f3f4f6;border-bottom:1px solid #d1d5db;width:30%;font-size:11px;font-weight:600;color:#1f2937;">Volumetria</th><td style="padding:3px 5px;border-bottom:1px solid #e5e7eb;font-size:11px;color:#111827;">Não se aplica (inativo).</td></tr><tr><th style="padding:3px 5px;text-align:left;background:#f3f4f6;border-bottom:1px solid #d1d5db;width:30%;font-size:11px;font-weight:600;color:#1f2937;">Status</th><td style="padding:3px 5px;border-bottom:1px solid #e5e7eb;font-size:11px;color:#111827;">Inativo</td></tr><tr><th style="padding:3px 5px;text-align:left;background:#f3f4f6;border-bottom:1px solid #d1d5db;width:30%;font-size:11px;font-weight:600;color:#1f2937;">Data</th><td style="padding:3px 5px;border-bottom:1px solid #e5e7eb;font-size:11px;color:#111827;">Inativo</td></tr></table>]]></description><Point><coordinates>-46.6024300,-23.4599300,0</coordinates></Point></Placemark>
<Style id="s-PV-127">
<LineStyle><color>ff82004b</color><width>2.0</width></LineStyle>
<PolyStyle><color>ff82004b</color></PolyStyle>
<IconStyle><color>ff82004b</color><scale>0.55</scale>
<Icon><href>http://maps.google.com/mapfiles/kml/shapes/placemark_circle.png</href></Icon>
</IconStyle>
<LabelStyle><scale>0.65</scale></LabelStyle>
</Style><Placemark><name>JT-003</name><styleUrl>#s-PV-127</styleUrl><description><![CDATA[<table style="border-collapse:collapse;width:100%;font-family:'Helvetica Neue',Helvetica,Arial,sans-serif;font-size:11px;border:1px solid #e5e7eb;border-radius:8px;overflow:hidden;"><tr><th colspan="2" style="padding:5px 8px;background:#1f6feb;color:#fff;text-align:left;font-size:12px;font-weight:600;">JT-003</th></tr><tr><th style="padding:3px 5px;text-align:left;background:#f3f4f6;border-bottom:1px solid #d1d5db;width:30%;font-size:11px;font-weight:600;color:#1f2937;">ID</th><td style="padding:3px 5px;border-bottom:1px solid #e5e7eb;font-size:11px;color:#111827;">JT-003</td></tr><tr><th style="padding:3px 5px;text-align:left;background:#f3f4f6;border-bottom:1px solid #d1d5db;width:30%;font-size:11px;font-weight:600;color:#1f2937;">Endereço</th><td style="padding:3px 5px;border-bottom:1px solid #e5e7eb;font-size:11px;color:#111827;">Avenida Mário Pernambuco, 600</td></tr><tr><th style="padding:3px 5px;text-align:left;background:#f3f4f6;border-bottom:1px solid #d1d5db;width:30%;font-size:11px;font-weight:600;color:#1f2937;">Subprefeitura</th><td style="padding:3px 5px;border-bottom:1px solid #e5e7eb;font-size:11px;color:#111827;">Jaçanã/Tremembé</td></tr><tr><th style="padding:3px 5px;text-align:left;background:#f3f4f6;border-bottom:1px solid #d1d5db;width:30%;font-size:11px;font-weight:600;color:#1f2937;">Volumetria</th><td style="padding:3px 5px;border-bottom:1px solid #e5e7eb;font-size:11px;color:#111827;">Não se aplica (inativo).</td></tr><tr><th style="padding:3px 5px;text-align:left;background:#f3f4f6;border-bottom:1px solid #d1d5db;width:30%;font-size:11px;font-weight:600;color:#1f2937;">Status</th><td style="padding:3px 5px;border-bottom:1px solid #e5e7eb;font-size:11px;color:#111827;">Inativo</td></tr><tr><th style="padding:3px 5px;text-align:left;background:#f3f4f6;border-bottom:1px solid #d1d5db;width:30%;font-size:11px;font-weight:600;color:#1f2937;">Data</th><td style="padding:3px 5px;border-bottom:1px solid #e5e7eb;font-size:11px;color:#111827;">Inativo</td></tr></table>]]></description><Point><coordinates>-46.6008600,-23.4614500,0</coordinates></Point></Placemark>
<Style id="s-PV-128">
<LineStyle><color>ff82004b</color><width>2.0</width></LineStyle>
<PolyStyle><color>ff82004b</color></PolyStyle>
<IconStyle><color>ff82004b</color><scale>0.55</scale>
<Icon><href>http://maps.google.com/mapfiles/kml/shapes/placemark_circle.png</href></Icon>
</IconStyle>
<LabelStyle><scale>0.65</scale></LabelStyle>
</Style><Placemark><name>JT-004</name><styleUrl>#s-PV-128</styleUrl><description><![CDATA[<table style="border-collapse:collapse;width:100%;font-family:'Helvetica Neue',Helvetica,Arial,sans-serif;font-size:11px;border:1px solid #e5e7eb;border-radius:8px;overflow:hidden;"><tr><th colspan="2" style="padding:5px 8px;background:#1f6feb;color:#fff;text-align:left;font-size:12px;font-weight:600;">JT-004</th></tr><tr><th style="padding:3px 5px;text-align:left;background:#f3f4f6;border-bottom:1px solid #d1d5db;width:30%;font-size:11px;font-weight:600;color:#1f2937;">ID</th><td style="padding:3px 5px;border-bottom:1px solid #e5e7eb;font-size:11px;color:#111827;">JT-004</td></tr><tr><th style="padding:3px 5px;text-align:left;background:#f3f4f6;border-bottom:1px solid #d1d5db;width:30%;font-size:11px;font-weight:600;color:#1f2937;">Endereço</th><td style="padding:3px 5px;border-bottom:1px solid #e5e7eb;font-size:11px;color:#111827;">Rua Abílio Pedro Ramos, 630</td></tr><tr><th style="padding:3px 5px;text-align:left;background:#f3f4f6;border-bottom:1px solid #d1d5db;width:30%;font-size:11px;font-weight:600;color:#1f2937;">Subprefeitura</th><td style="padding:3px 5px;border-bottom:1px solid #e5e7eb;font-size:11px;color:#111827;">Jaçanã/Tremembé</td></tr><tr><th style="padding:3px 5px;text-align:left;background:#f3f4f6;border-bottom:1px solid #d1d5db;width:30%;font-size:11px;font-weight:600;color:#1f2937;">Volumetria</th><td style="padding:3px 5px;border-bottom:1px solid #e5e7eb;font-size:11px;color:#111827;">Entre 1m³ e 5m³</td></tr></table>]]></description><Point><coordinates>-46.5749700,-23.4608800,0</coordinates></Point></Placemark>
<Style id="s-PV-129">
<LineStyle><color>ff82004b</color><width>2.0</width></LineStyle>
<PolyStyle><color>ff82004b</color></PolyStyle>
<IconStyle><color>ff82004b</color><scale>0.55</scale>
<Icon><href>http://maps.google.com/mapfiles/kml/shapes/placemark_circle.png</href></Icon>
</IconStyle>
<LabelStyle><scale>0.65</scale></LabelStyle>
</Style><Placemark><name>JT-005</name><styleUrl>#s-PV-129</styleUrl><description><![CDATA[<table style="border-collapse:collapse;width:100%;font-family:'Helvetica Neue',Helvetica,Arial,sans-serif;font-size:11px;border:1px solid #e5e7eb;border-radius:8px;overflow:hidden;"><tr><th colspan="2" style="padding:5px 8px;background:#1f6feb;color:#fff;text-align:left;font-size:12px;font-weight:600;">JT-005</th></tr><tr><th style="padding:3px 5px;text-align:left;background:#f3f4f6;border-bottom:1px solid #d1d5db;width:30%;font-size:11px;font-weight:600;color:#1f2937;">ID</th><td style="padding:3px 5px;border-bottom:1px solid #e5e7eb;font-size:11px;color:#111827;">JT-005</td></tr><tr><th style="padding:3px 5px;text-align:left;background:#f3f4f6;border-bottom:1px solid #d1d5db;width:30%;font-size:11px;font-weight:600;color:#1f2937;">Endereço</th><td style="padding:3px 5px;border-bottom:1px solid #e5e7eb;font-size:11px;color:#111827;">Rua Águas de Xapecó, 350</td></tr><tr><th style="padding:3px 5px;text-align:left;background:#f3f4f6;border-bottom:1px solid #d1d5db;width:30%;font-size:11px;font-weight:600;color:#1f2937;">Subprefeitura</th><td style="padding:3px 5px;border-bottom:1px solid #e5e7eb;font-size:11px;color:#111827;">Jaçanã/Tremembé</td></tr><tr><th style="padding:3px 5px;text-align:left;background:#f3f4f6;border-bottom:1px solid #d1d5db;width:30%;font-size:11px;font-weight:600;color:#1f2937;">Volumetria</th><td style="padding:3px 5px;border-bottom:1px solid #e5e7eb;font-size:11px;color:#111827;">Mais de 5m³</td></tr></table>]]></description><Point><coordinates>-46.5693600,-23.4696400,0</coordinates></Point></Placemark>
<Style id="s-PV-130">
<LineStyle><color>ff82004b</color><width>2.0</width></LineStyle>
<PolyStyle><color>ff82004b</color></PolyStyle>
<IconStyle><color>ff82004b</color><scale>0.55</scale>
<Icon><href>http://maps.google.com/mapfiles/kml/shapes/placemark_circle.png</href></Icon>
</IconStyle>
<LabelStyle><scale>0.65</scale></LabelStyle>
</Style><Placemark><name>JT-006</name><styleUrl>#s-PV-130</styleUrl><description><![CDATA[<table style="border-collapse:collapse;width:100%;font-family:'Helvetica Neue',Helvetica,Arial,sans-serif;font-size:11px;border:1px solid #e5e7eb;border-radius:8px;overflow:hidden;"><tr><th colspan="2" style="padding:5px 8px;background:#1f6feb;color:#fff;text-align:left;font-size:12px;font-weight:600;">JT-006</th></tr><tr><th style="padding:3px 5px;text-align:left;background:#f3f4f6;border-bottom:1px solid #d1d5db;width:30%;font-size:11px;font-weight:600;color:#1f2937;">ID</th><td style="padding:3px 5px;border-bottom:1px solid #e5e7eb;font-size:11px;color:#111827;">JT-006</td></tr><tr><th style="padding:3px 5px;text-align:left;background:#f3f4f6;border-bottom:1px solid #d1d5db;width:30%;font-size:11px;font-weight:600;color:#1f2937;">Endereço</th><td style="padding:3px 5px;border-bottom:1px solid #e5e7eb;font-size:11px;color:#111827;">Rua Alto Paraguai, 664</td></tr><tr><th style="padding:3px 5px;text-align:left;background:#f3f4f6;border-bottom:1px solid #d1d5db;width:30%;font-size:11px;font-weight:600;color:#1f2937;">Subprefeitura</th><td style="padding:3px 5px;border-bottom:1px solid #e5e7eb;font-size:11px;color:#111827;">Jaçanã/Tremembé</td></tr><tr><th style="padding:3px 5px;text-align:left;background:#f3f4f6;border-bottom:1px solid #d1d5db;width:30%;font-size:11px;font-weight:600;color:#1f2937;">Volumetria</th><td style="padding:3px 5px;border-bottom:1px solid #e5e7eb;font-size:11px;color:#111827;">Entre 1m³ e 5m³</td></tr></table>]]></description><Point><coordinates>-46.5709100,-23.4692900,0</coordinates></Point></Placemark>
<Style id="s-PV-131">
<LineStyle><color>ff82004b</color><width>2.0</width></LineStyle>
<PolyStyle><color>ff82004b</color></PolyStyle>
<IconStyle><color>ff82004b</color><scale>0.55</scale>
<Icon><href>http://maps.google.com/mapfiles/kml/shapes/placemark_circle.png</href></Icon>
</IconStyle>
<LabelStyle><scale>0.65</scale></LabelStyle>
</Style><Placemark><name>JT-007</name><styleUrl>#s-PV-131</styleUrl><description><![CDATA[<table style="border-collapse:collapse;width:100%;font-family:'Helvetica Neue',Helvetica,Arial,sans-serif;font-size:11px;border:1px solid #e5e7eb;border-radius:8px;overflow:hidden;"><tr><th colspan="2" style="padding:5px 8px;background:#1f6feb;color:#fff;text-align:left;font-size:12px;font-weight:600;">JT-007</th></tr><tr><th style="padding:3px 5px;text-align:left;background:#f3f4f6;border-bottom:1px solid #d1d5db;width:30%;font-size:11px;font-weight:600;color:#1f2937;">ID</th><td style="padding:3px 5px;border-bottom:1px solid #e5e7eb;font-size:11px;color:#111827;">JT-007</td></tr><tr><th style="padding:3px 5px;text-align:left;background:#f3f4f6;border-bottom:1px solid #d1d5db;width:30%;font-size:11px;font-weight:600;color:#1f2937;">Endereço</th><td style="padding:3px 5px;border-bottom:1px solid #e5e7eb;font-size:11px;color:#111827;">Rua Alvorada D&#x27;Oeste, 20</td></tr><tr><th style="padding:3px 5px;text-align:left;background:#f3f4f6;border-bottom:1px solid #d1d5db;width:30%;font-size:11px;font-weight:600;color:#1f2937;">Subprefeitura</th><td style="padding:3px 5px;border-bottom:1px solid #e5e7eb;font-size:11px;color:#111827;">Jaçanã/Tremembé</td></tr><tr><th style="padding:3px 5px;text-align:left;background:#f3f4f6;border-bottom:1px solid #d1d5db;width:30%;font-size:11px;font-weight:600;color:#1f2937;">Volumetria</th><td style="padding:3px 5px;border-bottom:1px solid #e5e7eb;font-size:11px;color:#111827;">Entre 1m³ e 5m³</td></tr></table>]]></description><Point><coordinates>-46.5710000,-23.4607600,0</coordinates></Point></Placemark>
<Style id="s-PV-132">
<LineStyle><color>ff82004b</color><width>2.0</width></LineStyle>
<PolyStyle><color>ff82004b</color></PolyStyle>
<IconStyle><color>ff82004b</color><scale>0.55</scale>
<Icon><href>http://maps.google.com/mapfiles/kml/shapes/placemark_circle.png</href></Icon>
</IconStyle>
<LabelStyle><scale>0.65</scale></LabelStyle>
</Style><Placemark><name>JT-008</name><styleUrl>#s-PV-132</styleUrl><description><![CDATA[<table style="border-collapse:collapse;width:100%;font-family:'Helvetica Neue',Helvetica,Arial,sans-serif;font-size:11px;border:1px solid #e5e7eb;border-radius:8px;overflow:hidden;"><tr><th colspan="2" style="padding:5px 8px;background:#1f6feb;color:#fff;text-align:left;font-size:12px;font-weight:600;">JT-008</th></tr><tr><th style="padding:3px 5px;text-align:left;background:#f3f4f6;border-bottom:1px solid #d1d5db;width:30%;font-size:11px;font-weight:600;color:#1f2937;">ID</th><td style="padding:3px 5px;border-bottom:1px solid #e5e7eb;font-size:11px;color:#111827;">JT-008</td></tr><tr><th style="padding:3px 5px;text-align:left;background:#f3f4f6;border-bottom:1px solid #d1d5db;width:30%;font-size:11px;font-weight:600;color:#1f2937;">Endereço</th><td style="padding:3px 5px;border-bottom:1px solid #e5e7eb;font-size:11px;color:#111827;">Rua Anhanduizinho, 57</td></tr><tr><th style="padding:3px 5px;text-align:left;background:#f3f4f6;border-bottom:1px solid #d1d5db;width:30%;font-size:11px;font-weight:600;color:#1f2937;">Subprefeitura</th><td style="padding:3px 5px;border-bottom:1px solid #e5e7eb;font-size:11px;color:#111827;">Jaçanã/Tremembé</td></tr><tr><th style="padding:3px 5px;text-align:left;background:#f3f4f6;border-bottom:1px solid #d1d5db;width:30%;font-size:11px;font-weight:600;color:#1f2937;">Volumetria</th><td style="padding:3px 5px;border-bottom:1px solid #e5e7eb;font-size:11px;color:#111827;">Mais de 5m³</td></tr><tr><th style="padding:3px 5px;text-align:left;background:#f3f4f6;border-bottom:1px solid #d1d5db;width:30%;font-size:11px;font-weight:600;color:#1f2937;">Status</th><td style="padding:3px 5px;border-bottom:1px solid #e5e7eb;font-size:11px;color:#111827;">Revitalizado</td></tr><tr><th style="padding:3px 5px;text-align:left;background:#f3f4f6;border-bottom:1px solid #d1d5db;width:30%;font-size:11px;font-weight:600;color:#1f2937;">Data</th><td style="padding:3px 5px;border-bottom:1px solid #e5e7eb;font-size:11px;color:#111827;">46039</td></tr></table>]]></description><Point><coordinates>-46.5755200,-23.4546300,0</coordinates></Point></Placemark>
<Style id="s-PV-133">
<LineStyle><color>ff82004b</color><width>2.0</width></LineStyle>
<PolyStyle><color>ff82004b</color></PolyStyle>
<IconStyle><color>ff82004b</color><scale>0.55</scale>
<Icon><href>http://maps.google.com/mapfiles/kml/shapes/placemark_circle.png</href></Icon>
</IconStyle>
<LabelStyle><scale>0.65</scale></LabelStyle>
</Style><Placemark><name>JT-009</name><styleUrl>#s-PV-133</styleUrl><description><![CDATA[<table style="border-collapse:collapse;width:100%;font-family:'Helvetica Neue',Helvetica,Arial,sans-serif;font-size:11px;border:1px solid #e5e7eb;border-radius:8px;overflow:hidden;"><tr><th colspan="2" style="padding:5px 8px;background:#1f6feb;color:#fff;text-align:left;font-size:12px;font-weight:600;">JT-009</th></tr><tr><th style="padding:3px 5px;text-align:left;background:#f3f4f6;border-bottom:1px solid #d1d5db;width:30%;font-size:11px;font-weight:600;color:#1f2937;">ID</th><td style="padding:3px 5px;border-bottom:1px solid #e5e7eb;font-size:11px;color:#111827;">JT-009</td></tr><tr><th style="padding:3px 5px;text-align:left;background:#f3f4f6;border-bottom:1px solid #d1d5db;width:30%;font-size:11px;font-weight:600;color:#1f2937;">Endereço</th><td style="padding:3px 5px;border-bottom:1px solid #e5e7eb;font-size:11px;color:#111827;">Rua Antonio Nascentes, 262</td></tr><tr><th style="padding:3px 5px;text-align:left;background:#f3f4f6;border-bottom:1px solid #d1d5db;width:30%;font-size:11px;font-weight:600;color:#1f2937;">Subprefeitura</th><td style="padding:3px 5px;border-bottom:1px solid #e5e7eb;font-size:11px;color:#111827;">Jaçanã/Tremembé</td></tr><tr><th style="padding:3px 5px;text-align:left;background:#f3f4f6;border-bottom:1px solid #d1d5db;width:30%;font-size:11px;font-weight:600;color:#1f2937;">Volumetria</th><td style="padding:3px 5px;border-bottom:1px solid #e5e7eb;font-size:11px;color:#111827;">Entre 1m³ e 5m³</td></tr></table>]]></description><Point><coordinates>-46.5744900,-23.4570800,0</coordinates></Point></Placemark>
<Style id="s-PV-134">
<LineStyle><color>ff82004b</color><width>2.0</width></LineStyle>
<PolyStyle><color>ff82004b</color></PolyStyle>
<IconStyle><color>ff82004b</color><scale>0.55</scale>
<Icon><href>http://maps.google.com/mapfiles/kml/shapes/placemark_circle.png</href></Icon>
</IconStyle>
<LabelStyle><scale>0.65</scale></LabelStyle>
</Style><Placemark><name>JT-010</name><styleUrl>#s-PV-134</styleUrl><description><![CDATA[<table style="border-collapse:collapse;width:100%;font-family:'Helvetica Neue',Helvetica,Arial,sans-serif;font-size:11px;border:1px solid #e5e7eb;border-radius:8px;overflow:hidden;"><tr><th colspan="2" style="padding:5px 8px;background:#1f6feb;color:#fff;text-align:left;font-size:12px;font-weight:600;">JT-010</th></tr><tr><th style="padding:3px 5px;text-align:left;background:#f3f4f6;border-bottom:1px solid #d1d5db;width:30%;font-size:11px;font-weight:600;color:#1f2937;">ID</th><td style="padding:3px 5px;border-bottom:1px solid #e5e7eb;font-size:11px;color:#111827;">JT-010</td></tr><tr><th style="padding:3px 5px;text-align:left;background:#f3f4f6;border-bottom:1px solid #d1d5db;width:30%;font-size:11px;font-weight:600;color:#1f2937;">Endereço</th><td style="padding:3px 5px;border-bottom:1px solid #e5e7eb;font-size:11px;color:#111827;">Rua Antonio Sergio de Matos, 23</td></tr><tr><th style="padding:3px 5px;text-align:left;background:#f3f4f6;border-bottom:1px solid #d1d5db;width:30%;font-size:11px;font-weight:600;color:#1f2937;">Subprefeitura</th><td style="padding:3px 5px;border-bottom:1px solid #e5e7eb;font-size:11px;color:#111827;">Jaçanã/Tremembé</td></tr><tr><th style="padding:3px 5px;text-align:left;background:#f3f4f6;border-bottom:1px solid #d1d5db;width:30%;font-size:11px;font-weight:600;color:#1f2937;">Volumetria</th><td style="padding:3px 5px;border-bottom:1px solid #e5e7eb;font-size:11px;color:#111827;">Entre 1m³ e 5m³</td></tr></table>]]></description><Point><coordinates>-46.5828400,-23.4552000,0</coordinates></Point></Placemark>
<Style id="s-PV-135">
<LineStyle><color>ff82004b</color><width>2.0</width></LineStyle>
<PolyStyle><color>ff82004b</color></PolyStyle>
<IconStyle><color>ff82004b</color><scale>0.55</scale>
<Icon><href>http://maps.google.com/mapfiles/kml/shapes/placemark_circle.png</href></Icon>
</IconStyle>
<LabelStyle><scale>0.65</scale></LabelStyle>
</Style><Placemark><name>JT-011</name><styleUrl>#s-PV-135</styleUrl><description><![CDATA[<table style="border-collapse:collapse;width:100%;font-family:'Helvetica Neue',Helvetica,Arial,sans-serif;font-size:11px;border:1px solid #e5e7eb;border-radius:8px;overflow:hidden;"><tr><th colspan="2" style="padding:5px 8px;background:#1f6feb;color:#fff;text-align:left;font-size:12px;font-weight:600;">JT-011</th></tr><tr><th style="padding:3px 5px;text-align:left;background:#f3f4f6;border-bottom:1px solid #d1d5db;width:30%;font-size:11px;font-weight:600;color:#1f2937;">ID</th><td style="padding:3px 5px;border-bottom:1px solid #e5e7eb;font-size:11px;color:#111827;">JT-011</td></tr><tr><th style="padding:3px 5px;text-align:left;background:#f3f4f6;border-bottom:1px solid #d1d5db;width:30%;font-size:11px;font-weight:600;color:#1f2937;">Endereço</th><td style="padding:3px 5px;border-bottom:1px solid #e5e7eb;font-size:11px;color:#111827;">Rua Antonio Simplicio, 151</td></tr><tr><th style="padding:3px 5px;text-align:left;background:#f3f4f6;border-bottom:1px solid #d1d5db;width:30%;font-size:11px;font-weight:600;color:#1f2937;">Subprefeitura</th><td style="padding:3px 5px;border-bottom:1px solid #e5e7eb;font-size:11px;color:#111827;">Jaçanã/Tremembé</td></tr><tr><th style="padding:3px 5px;text-align:left;background:#f3f4f6;border-bottom:1px solid #d1d5db;width:30%;font-size:11px;font-weight:600;color:#1f2937;">Volumetria</th><td style="padding:3px 5px;border-bottom:1px solid #e5e7eb;font-size:11px;color:#111827;">Entre 1m³ e 5m³</td></tr></table>]]></description><Point><coordinates>-46.6076000,-23.4523500,0</coordinates></Point></Placemark>
<Style id="s-PV-136">
<LineStyle><color>ff82004b</color><width>2.0</width></LineStyle>
<PolyStyle><color>ff82004b</color></PolyStyle>
<IconStyle><color>ff82004b</color><scale>0.55</scale>
<Icon><href>http://maps.google.com/mapfiles/kml/shapes/placemark_circle.png</href></Icon>
</IconStyle>
<LabelStyle><scale>0.65</scale></LabelStyle>
</Style><Placemark><name>JT-012</name><styleUrl>#s-PV-136</styleUrl><description><![CDATA[<table style="border-collapse:collapse;width:100%;font-family:'Helvetica Neue',Helvetica,Arial,sans-serif;font-size:11px;border:1px solid #e5e7eb;border-radius:8px;overflow:hidden;"><tr><th colspan="2" style="padding:5px 8px;background:#1f6feb;color:#fff;text-align:left;font-size:12px;font-weight:600;">JT-012</th></tr><tr><th style="padding:3px 5px;text-align:left;background:#f3f4f6;border-bottom:1px solid #d1d5db;width:30%;font-size:11px;font-weight:600;color:#1f2937;">ID</th><td style="padding:3px 5px;border-bottom:1px solid #e5e7eb;font-size:11px;color:#111827;">JT-012</td></tr><tr><th style="padding:3px 5px;text-align:left;background:#f3f4f6;border-bottom:1px solid #d1d5db;width:30%;font-size:11px;font-weight:600;color:#1f2937;">Endereço</th><td style="padding:3px 5px;border-bottom:1px solid #e5e7eb;font-size:11px;color:#111827;">Rua Aperibe, 457</td></tr><tr><th style="padding:3px 5px;text-align:left;background:#f3f4f6;border-bottom:1px solid #d1d5db;width:30%;font-size:11px;font-weight:600;color:#1f2937;">Subprefeitura</th><td style="padding:3px 5px;border-bottom:1px solid #e5e7eb;font-size:11px;color:#111827;">Jaçanã/Tremembé</td></tr><tr><th style="padding:3px 5px;text-align:left;background:#f3f4f6;border-bottom:1px solid #d1d5db;width:30%;font-size:11px;font-weight:600;color:#1f2937;">Volumetria</th><td style="padding:3px 5px;border-bottom:1px solid #e5e7eb;font-size:11px;color:#111827;">Mais de 5m³</td></tr></table>]]></description><Point><coordinates>-46.5698600,-23.4713000,0</coordinates></Point></Placemark>
<Style id="s-PV-137">
<LineStyle><color>ff82004b</color><width>2.0</width></LineStyle>
<PolyStyle><color>ff82004b</color></PolyStyle>
<IconStyle><color>ff82004b</color><scale>0.55</scale>
<Icon><href>http://maps.google.com/mapfiles/kml/shapes/placemark_circle.png</href></Icon>
</IconStyle>
<LabelStyle><scale>0.65</scale></LabelStyle>
</Style><Placemark><name>JT-013</name><styleUrl>#s-PV-137</styleUrl><description><![CDATA[<table style="border-collapse:collapse;width:100%;font-family:'Helvetica Neue',Helvetica,Arial,sans-serif;font-size:11px;border:1px solid #e5e7eb;border-radius:8px;overflow:hidden;"><tr><th colspan="2" style="padding:5px 8px;background:#1f6feb;color:#fff;text-align:left;font-size:12px;font-weight:600;">JT-013</th></tr><tr><th style="padding:3px 5px;text-align:left;background:#f3f4f6;border-bottom:1px solid #d1d5db;width:30%;font-size:11px;font-weight:600;color:#1f2937;">ID</th><td style="padding:3px 5px;border-bottom:1px solid #e5e7eb;font-size:11px;color:#111827;">JT-013</td></tr><tr><th style="padding:3px 5px;text-align:left;background:#f3f4f6;border-bottom:1px solid #d1d5db;width:30%;font-size:11px;font-weight:600;color:#1f2937;">Endereço</th><td style="padding:3px 5px;border-bottom:1px solid #e5e7eb;font-size:11px;color:#111827;">Rua Ari da Rocha Miranda, 1573</td></tr><tr><th style="padding:3px 5px;text-align:left;background:#f3f4f6;border-bottom:1px solid #d1d5db;width:30%;font-size:11px;font-weight:600;color:#1f2937;">Subprefeitura</th><td style="padding:3px 5px;border-bottom:1px solid #e5e7eb;font-size:11px;color:#111827;">Jaçanã/Tremembé</td></tr><tr><th style="padding:3px 5px;text-align:left;background:#f3f4f6;border-bottom:1px solid #d1d5db;width:30%;font-size:11px;font-weight:600;color:#1f2937;">Volumetria</th><td style="padding:3px 5px;border-bottom:1px solid #e5e7eb;font-size:11px;color:#111827;">Entre 1m³ e 5m³</td></tr></table>]]></description><Point><coordinates>-46.5778400,-23.4523500,0</coordinates></Point></Placemark>
<Style id="s-PV-138">
<LineStyle><color>ff82004b</color><width>2.0</width></LineStyle>
<PolyStyle><color>ff82004b</color></PolyStyle>
<IconStyle><color>ff82004b</color><scale>0.55</scale>
<Icon><href>http://maps.google.com/mapfiles/kml/shapes/placemark_circle.png</href></Icon>
</IconStyle>
<LabelStyle><scale>0.65</scale></LabelStyle>
</Style><Placemark><name>JT-014</name><styleUrl>#s-PV-138</styleUrl><description><![CDATA[<table style="border-collapse:collapse;width:100%;font-family:'Helvetica Neue',Helvetica,Arial,sans-serif;font-size:11px;border:1px solid #e5e7eb;border-radius:8px;overflow:hidden;"><tr><th colspan="2" style="padding:5px 8px;background:#1f6feb;color:#fff;text-align:left;font-size:12px;font-weight:600;">JT-014</th></tr><tr><th style="padding:3px 5px;text-align:left;background:#f3f4f6;border-bottom:1px solid #d1d5db;width:30%;font-size:11px;font-weight:600;color:#1f2937;">ID</th><td style="padding:3px 5px;border-bottom:1px solid #e5e7eb;font-size:11px;color:#111827;">JT-014</td></tr><tr><th style="padding:3px 5px;text-align:left;background:#f3f4f6;border-bottom:1px solid #d1d5db;width:30%;font-size:11px;font-weight:600;color:#1f2937;">Endereço</th><td style="padding:3px 5px;border-bottom:1px solid #e5e7eb;font-size:11px;color:#111827;">Rua Ari da Rocha Miranda, 289</td></tr><tr><th style="padding:3px 5px;text-align:left;background:#f3f4f6;border-bottom:1px solid #d1d5db;width:30%;font-size:11px;font-weight:600;color:#1f2937;">Subprefeitura</th><td style="padding:3px 5px;border-bottom:1px solid #e5e7eb;font-size:11px;color:#111827;">Jaçanã/Tremembé</td></tr><tr><th style="padding:3px 5px;text-align:left;background:#f3f4f6;border-bottom:1px solid #d1d5db;width:30%;font-size:11px;font-weight:600;color:#1f2937;">Volumetria</th><td style="padding:3px 5px;border-bottom:1px solid #e5e7eb;font-size:11px;color:#111827;">Entre 1m³ e 5m³</td></tr><tr><th style="padding:3px 5px;text-align:left;background:#f3f4f6;border-bottom:1px solid #d1d5db;width:30%;font-size:11px;font-weight:600;color:#1f2937;">Status</th><td style="padding:3px 5px;border-bottom:1px solid #e5e7eb;font-size:11px;color:#111827;">Revitalizado</td></tr><tr><th style="padding:3px 5px;text-align:left;background:#f3f4f6;border-bottom:1px solid #d1d5db;width:30%;font-size:11px;font-weight:600;color:#1f2937;">Data</th><td style="padding:3px 5px;border-bottom:1px solid #e5e7eb;font-size:11px;color:#111827;">46046</td></tr></table>]]></description><Point><coordinates>-46.5815400,-23.4553800,0</coordinates></Point></Placemark>
<Style id="s-PV-139">
<LineStyle><color>ff82004b</color><width>2.0</width></LineStyle>
<PolyStyle><color>ff82004b</color></PolyStyle>
<IconStyle><color>ff82004b</color><scale>0.55</scale>
<Icon><href>http://maps.google.com/mapfiles/kml/shapes/placemark_circle.png</href></Icon>
</IconStyle>
<LabelStyle><scale>0.65</scale></LabelStyle>
</Style><Placemark><name>JT-015</name><styleUrl>#s-PV-139</styleUrl><description><![CDATA[<table style="border-collapse:collapse;width:100%;font-family:'Helvetica Neue',Helvetica,Arial,sans-serif;font-size:11px;border:1px solid #e5e7eb;border-radius:8px;overflow:hidden;"><tr><th colspan="2" style="padding:5px 8px;background:#1f6feb;color:#fff;text-align:left;font-size:12px;font-weight:600;">JT-015</th></tr><tr><th style="padding:3px 5px;text-align:left;background:#f3f4f6;border-bottom:1px solid #d1d5db;width:30%;font-size:11px;font-weight:600;color:#1f2937;">ID</th><td style="padding:3px 5px;border-bottom:1px solid #e5e7eb;font-size:11px;color:#111827;">JT-015</td></tr><tr><th style="padding:3px 5px;text-align:left;background:#f3f4f6;border-bottom:1px solid #d1d5db;width:30%;font-size:11px;font-weight:600;color:#1f2937;">Endereço</th><td style="padding:3px 5px;border-bottom:1px solid #e5e7eb;font-size:11px;color:#111827;">Rua Baía de Santa Clara , 66</td></tr><tr><th style="padding:3px 5px;text-align:left;background:#f3f4f6;border-bottom:1px solid #d1d5db;width:30%;font-size:11px;font-weight:600;color:#1f2937;">Subprefeitura</th><td style="padding:3px 5px;border-bottom:1px solid #e5e7eb;font-size:11px;color:#111827;">Jaçanã/Tremembé</td></tr><tr><th style="padding:3px 5px;text-align:left;background:#f3f4f6;border-bottom:1px solid #d1d5db;width:30%;font-size:11px;font-weight:600;color:#1f2937;">Volumetria</th><td style="padding:3px 5px;border-bottom:1px solid #e5e7eb;font-size:11px;color:#111827;">Entre 1m³ e 5m³</td></tr></table>]]></description><Point><coordinates>-46.5620700,-23.4814500,0</coordinates></Point></Placemark>
<Style id="s-PV-140">
<LineStyle><color>ff82004b</color><width>2.0</width></LineStyle>
<PolyStyle><color>ff82004b</color></PolyStyle>
<IconStyle><color>ff82004b</color><scale>0.55</scale>
<Icon><href>http://maps.google.com/mapfiles/kml/shapes/placemark_circle.png</href></Icon>
</IconStyle>
<LabelStyle><scale>0.65</scale></LabelStyle>
</Style><Placemark><name>JT-016</name><styleUrl>#s-PV-140</styleUrl><description><![CDATA[<table style="border-collapse:collapse;width:100%;font-family:'Helvetica Neue',Helvetica,Arial,sans-serif;font-size:11px;border:1px solid #e5e7eb;border-radius:8px;overflow:hidden;"><tr><th colspan="2" style="padding:5px 8px;background:#1f6feb;color:#fff;text-align:left;font-size:12px;font-weight:600;">JT-016</th></tr><tr><th style="padding:3px 5px;text-align:left;background:#f3f4f6;border-bottom:1px solid #d1d5db;width:30%;font-size:11px;font-weight:600;color:#1f2937;">ID</th><td style="padding:3px 5px;border-bottom:1px solid #e5e7eb;font-size:11px;color:#111827;">JT-016</td></tr><tr><th style="padding:3px 5px;text-align:left;background:#f3f4f6;border-bottom:1px solid #d1d5db;width:30%;font-size:11px;font-weight:600;color:#1f2937;">Endereço</th><td style="padding:3px 5px;border-bottom:1px solid #e5e7eb;font-size:11px;color:#111827;">Travessa Baixa Grande X Travessa Igarapé Primavera</td></tr><tr><th style="padding:3px 5px;text-align:left;background:#f3f4f6;border-bottom:1px solid #d1d5db;width:30%;font-size:11px;font-weight:600;color:#1f2937;">Subprefeitura</th><td style="padding:3px 5px;border-bottom:1px solid #e5e7eb;font-size:11px;color:#111827;">Jaçanã/Tremembé</td></tr><tr><th style="padding:3px 5px;text-align:left;background:#f3f4f6;border-bottom:1px solid #d1d5db;width:30%;font-size:11px;font-weight:600;color:#1f2937;">Volumetria</th><td style="padding:3px 5px;border-bottom:1px solid #e5e7eb;font-size:11px;color:#111827;">Mais de 5m³</td></tr></table>]]></description><Point><coordinates>-46.5849800,-23.4556800,0</coordinates></Point></Placemark>
<Style id="s-PV-141">
<LineStyle><color>ff82004b</color><width>2.0</width></LineStyle>
<PolyStyle><color>ff82004b</color></PolyStyle>
<IconStyle><color>ff82004b</color><scale>0.55</scale>
<Icon><href>http://maps.google.com/mapfiles/kml/shapes/placemark_circle.png</href></Icon>
</IconStyle>
<LabelStyle><scale>0.65</scale></LabelStyle>
</Style><Placemark><name>JT-017</name><styleUrl>#s-PV-141</styleUrl><description><![CDATA[<table style="border-collapse:collapse;width:100%;font-family:'Helvetica Neue',Helvetica,Arial,sans-serif;font-size:11px;border:1px solid #e5e7eb;border-radius:8px;overflow:hidden;"><tr><th colspan="2" style="padding:5px 8px;background:#1f6feb;color:#fff;text-align:left;font-size:12px;font-weight:600;">JT-017</th></tr><tr><th style="padding:3px 5px;text-align:left;background:#f3f4f6;border-bottom:1px solid #d1d5db;width:30%;font-size:11px;font-weight:600;color:#1f2937;">ID</th><td style="padding:3px 5px;border-bottom:1px solid #e5e7eb;font-size:11px;color:#111827;">JT-017</td></tr><tr><th style="padding:3px 5px;text-align:left;background:#f3f4f6;border-bottom:1px solid #d1d5db;width:30%;font-size:11px;font-weight:600;color:#1f2937;">Endereço</th><td style="padding:3px 5px;border-bottom:1px solid #e5e7eb;font-size:11px;color:#111827;">Rua Benjamin Pereira, 109</td></tr><tr><th style="padding:3px 5px;text-align:left;background:#f3f4f6;border-bottom:1px solid #d1d5db;width:30%;font-size:11px;font-weight:600;color:#1f2937;">Subprefeitura</th><td style="padding:3px 5px;border-bottom:1px solid #e5e7eb;font-size:11px;color:#111827;">Jaçanã/Tremembé</td></tr><tr><th style="padding:3px 5px;text-align:left;background:#f3f4f6;border-bottom:1px solid #d1d5db;width:30%;font-size:11px;font-weight:600;color:#1f2937;">Volumetria</th><td style="padding:3px 5px;border-bottom:1px solid #e5e7eb;font-size:11px;color:#111827;">Não se aplica (inativo).</td></tr><tr><th style="padding:3px 5px;text-align:left;background:#f3f4f6;border-bottom:1px solid #d1d5db;width:30%;font-size:11px;font-weight:600;color:#1f2937;">Status</th><td style="padding:3px 5px;border-bottom:1px solid #e5e7eb;font-size:11px;color:#111827;">Inativo</td></tr><tr><th style="padding:3px 5px;text-align:left;background:#f3f4f6;border-bottom:1px solid #d1d5db;width:30%;font-size:11px;font-weight:600;color:#1f2937;">Data</th><td style="padding:3px 5px;border-bottom:1px solid #e5e7eb;font-size:11px;color:#111827;">Inativo</td></tr></table>]]></description><Point><coordinates>-46.5924100,-23.4684800,0</coordinates></Point></Placemark>
<Style id="s-PV-142">
<LineStyle><color>ff82004b</color><width>2.0</width></LineStyle>
<PolyStyle><color>ff82004b</color></PolyStyle>
<IconStyle><color>ff82004b</color><scale>0.55</scale>
<Icon><href>http://maps.google.com/mapfiles/kml/shapes/placemark_circle.png</href></Icon>
</IconStyle>
<LabelStyle><scale>0.65</scale></LabelStyle>
</Style><Placemark><name>JT-018</name><styleUrl>#s-PV-142</styleUrl><description><![CDATA[<table style="border-collapse:collapse;width:100%;font-family:'Helvetica Neue',Helvetica,Arial,sans-serif;font-size:11px;border:1px solid #e5e7eb;border-radius:8px;overflow:hidden;"><tr><th colspan="2" style="padding:5px 8px;background:#1f6feb;color:#fff;text-align:left;font-size:12px;font-weight:600;">JT-018</th></tr><tr><th style="padding:3px 5px;text-align:left;background:#f3f4f6;border-bottom:1px solid #d1d5db;width:30%;font-size:11px;font-weight:600;color:#1f2937;">ID</th><td style="padding:3px 5px;border-bottom:1px solid #e5e7eb;font-size:11px;color:#111827;">JT-018</td></tr><tr><th style="padding:3px 5px;text-align:left;background:#f3f4f6;border-bottom:1px solid #d1d5db;width:30%;font-size:11px;font-weight:600;color:#1f2937;">Endereço</th><td style="padding:3px 5px;border-bottom:1px solid #e5e7eb;font-size:11px;color:#111827;">Rua Capitão Busse, 391</td></tr><tr><th style="padding:3px 5px;text-align:left;background:#f3f4f6;border-bottom:1px solid #d1d5db;width:30%;font-size:11px;font-weight:600;color:#1f2937;">Subprefeitura</th><td style="padding:3px 5px;border-bottom:1px solid #e5e7eb;font-size:11px;color:#111827;">Jaçanã/Tremembé</td></tr><tr><th style="padding:3px 5px;text-align:left;background:#f3f4f6;border-bottom:1px solid #d1d5db;width:30%;font-size:11px;font-weight:600;color:#1f2937;">Volumetria</th><td style="padding:3px 5px;border-bottom:1px solid #e5e7eb;font-size:11px;color:#111827;">Entre 1m³ e 5m³</td></tr></table>]]></description><Point><coordinates>-46.5621700,-23.4743700,0</coordinates></Point></Placemark>
<Style id="s-PV-143">
<LineStyle><color>ff82004b</color><width>2.0</width></LineStyle>
<PolyStyle><color>ff82004b</color></PolyStyle>
<IconStyle><color>ff82004b</color><scale>0.55</scale>
<Icon><href>http://maps.google.com/mapfiles/kml/shapes/placemark_circle.png</href></Icon>
</IconStyle>
<LabelStyle><scale>0.65</scale></LabelStyle>
</Style><Placemark><name>JT-019</name><styleUrl>#s-PV-143</styleUrl><description><![CDATA[<table style="border-collapse:collapse;width:100%;font-family:'Helvetica Neue',Helvetica,Arial,sans-serif;font-size:11px;border:1px solid #e5e7eb;border-radius:8px;overflow:hidden;"><tr><th colspan="2" style="padding:5px 8px;background:#1f6feb;color:#fff;text-align:left;font-size:12px;font-weight:600;">JT-019</th></tr><tr><th style="padding:3px 5px;text-align:left;background:#f3f4f6;border-bottom:1px solid #d1d5db;width:30%;font-size:11px;font-weight:600;color:#1f2937;">ID</th><td style="padding:3px 5px;border-bottom:1px solid #e5e7eb;font-size:11px;color:#111827;">JT-019</td></tr><tr><th style="padding:3px 5px;text-align:left;background:#f3f4f6;border-bottom:1px solid #d1d5db;width:30%;font-size:11px;font-weight:600;color:#1f2937;">Endereço</th><td style="padding:3px 5px;border-bottom:1px solid #e5e7eb;font-size:11px;color:#111827;">Rua Açailândia X Rua Capitão Busse</td></tr><tr><th style="padding:3px 5px;text-align:left;background:#f3f4f6;border-bottom:1px solid #d1d5db;width:30%;font-size:11px;font-weight:600;color:#1f2937;">Subprefeitura</th><td style="padding:3px 5px;border-bottom:1px solid #e5e7eb;font-size:11px;color:#111827;">Jaçanã/Tremembé</td></tr><tr><th style="padding:3px 5px;text-align:left;background:#f3f4f6;border-bottom:1px solid #d1d5db;width:30%;font-size:11px;font-weight:600;color:#1f2937;">Volumetria</th><td style="padding:3px 5px;border-bottom:1px solid #e5e7eb;font-size:11px;color:#111827;">Entre 1m³ e 5m³</td></tr></table>]]></description><Point><coordinates>-46.5623600,-23.4743600,0</coordinates></Point></Placemark>
<Style id="s-PV-144">
<LineStyle><color>ff82004b</color><width>2.0</width></LineStyle>
<PolyStyle><color>ff82004b</color></PolyStyle>
<IconStyle><color>ff82004b</color><scale>0.55</scale>
<Icon><href>http://maps.google.com/mapfiles/kml/shapes/placemark_circle.png</href></Icon>
</IconStyle>
<LabelStyle><scale>0.65</scale></LabelStyle>
</Style><Placemark><name>JT-020</name><styleUrl>#s-PV-144</styleUrl><description><![CDATA[<table style="border-collapse:collapse;width:100%;font-family:'Helvetica Neue',Helvetica,Arial,sans-serif;font-size:11px;border:1px solid #e5e7eb;border-radius:8px;overflow:hidden;"><tr><th colspan="2" style="padding:5px 8px;background:#1f6feb;color:#fff;text-align:left;font-size:12px;font-weight:600;">JT-020</th></tr><tr><th style="padding:3px 5px;text-align:left;background:#f3f4f6;border-bottom:1px solid #d1d5db;width:30%;font-size:11px;font-weight:600;color:#1f2937;">ID</th><td style="padding:3px 5px;border-bottom:1px solid #e5e7eb;font-size:11px;color:#111827;">JT-020</td></tr><tr><th style="padding:3px 5px;text-align:left;background:#f3f4f6;border-bottom:1px solid #d1d5db;width:30%;font-size:11px;font-weight:600;color:#1f2937;">Endereço</th><td style="padding:3px 5px;border-bottom:1px solid #e5e7eb;font-size:11px;color:#111827;">Rua Capitão Busse, 854</td></tr><tr><th style="padding:3px 5px;text-align:left;background:#f3f4f6;border-bottom:1px solid #d1d5db;width:30%;font-size:11px;font-weight:600;color:#1f2937;">Subprefeitura</th><td style="padding:3px 5px;border-bottom:1px solid #e5e7eb;font-size:11px;color:#111827;">Jaçanã/Tremembé</td></tr><tr><th style="padding:3px 5px;text-align:left;background:#f3f4f6;border-bottom:1px solid #d1d5db;width:30%;font-size:11px;font-weight:600;color:#1f2937;">Volumetria</th><td style="padding:3px 5px;border-bottom:1px solid #e5e7eb;font-size:11px;color:#111827;">Entre 1m³ e 5m³</td></tr></table>]]></description><Point><coordinates>-46.5614700,-23.4785600,0</coordinates></Point></Placemark>
<Style id="s-PV-145">
<LineStyle><color>ff82004b</color><width>2.0</width></LineStyle>
<PolyStyle><color>ff82004b</color></PolyStyle>
<IconStyle><color>ff82004b</color><scale>0.55</scale>
<Icon><href>http://maps.google.com/mapfiles/kml/shapes/placemark_circle.png</href></Icon>
</IconStyle>
<LabelStyle><scale>0.65</scale></LabelStyle>
</Style><Placemark><name>JT-021</name><styleUrl>#s-PV-145</styleUrl><description><![CDATA[<table style="border-collapse:collapse;width:100%;font-family:'Helvetica Neue',Helvetica,Arial,sans-serif;font-size:11px;border:1px solid #e5e7eb;border-radius:8px;overflow:hidden;"><tr><th colspan="2" style="padding:5px 8px;background:#1f6feb;color:#fff;text-align:left;font-size:12px;font-weight:600;">JT-021</th></tr><tr><th style="padding:3px 5px;text-align:left;background:#f3f4f6;border-bottom:1px solid #d1d5db;width:30%;font-size:11px;font-weight:600;color:#1f2937;">ID</th><td style="padding:3px 5px;border-bottom:1px solid #e5e7eb;font-size:11px;color:#111827;">JT-021</td></tr><tr><th style="padding:3px 5px;text-align:left;background:#f3f4f6;border-bottom:1px solid #d1d5db;width:30%;font-size:11px;font-weight:600;color:#1f2937;">Endereço</th><td style="padding:3px 5px;border-bottom:1px solid #e5e7eb;font-size:11px;color:#111827;">Rua Comendador Armando Pereira, 53</td></tr><tr><th style="padding:3px 5px;text-align:left;background:#f3f4f6;border-bottom:1px solid #d1d5db;width:30%;font-size:11px;font-weight:600;color:#1f2937;">Subprefeitura</th><td style="padding:3px 5px;border-bottom:1px solid #e5e7eb;font-size:11px;color:#111827;">Jaçanã/Tremembé</td></tr><tr><th style="padding:3px 5px;text-align:left;background:#f3f4f6;border-bottom:1px solid #d1d5db;width:30%;font-size:11px;font-weight:600;color:#1f2937;">Volumetria</th><td style="padding:3px 5px;border-bottom:1px solid #e5e7eb;font-size:11px;color:#111827;">Não se aplica (inativo).</td></tr><tr><th style="padding:3px 5px;text-align:left;background:#f3f4f6;border-bottom:1px solid #d1d5db;width:30%;font-size:11px;font-weight:600;color:#1f2937;">Status</th><td style="padding:3px 5px;border-bottom:1px solid #e5e7eb;font-size:11px;color:#111827;">Inativo</td></tr><tr><th style="padding:3px 5px;text-align:left;background:#f3f4f6;border-bottom:1px solid #d1d5db;width:30%;font-size:11px;font-weight:600;color:#1f2937;">Data</th><td style="padding:3px 5px;border-bottom:1px solid #e5e7eb;font-size:11px;color:#111827;">Inativo</td></tr></table>]]></description><Point><coordinates>-46.6124800,-23.4500500,0</coordinates></Point></Placemark>
<Style id="s-PV-146">
<LineStyle><color>ff82004b</color><width>2.0</width></LineStyle>
<PolyStyle><color>ff82004b</color></PolyStyle>
<IconStyle><color>ff82004b</color><scale>0.55</scale>
<Icon><href>http://maps.google.com/mapfiles/kml/shapes/placemark_circle.png</href></Icon>
</IconStyle>
<LabelStyle><scale>0.65</scale></LabelStyle>
</Style><Placemark><name>JT-022</name><styleUrl>#s-PV-146</styleUrl><description><![CDATA[<table style="border-collapse:collapse;width:100%;font-family:'Helvetica Neue',Helvetica,Arial,sans-serif;font-size:11px;border:1px solid #e5e7eb;border-radius:8px;overflow:hidden;"><tr><th colspan="2" style="padding:5px 8px;background:#1f6feb;color:#fff;text-align:left;font-size:12px;font-weight:600;">JT-022</th></tr><tr><th style="padding:3px 5px;text-align:left;background:#f3f4f6;border-bottom:1px solid #d1d5db;width:30%;font-size:11px;font-weight:600;color:#1f2937;">ID</th><td style="padding:3px 5px;border-bottom:1px solid #e5e7eb;font-size:11px;color:#111827;">JT-022</td></tr><tr><th style="padding:3px 5px;text-align:left;background:#f3f4f6;border-bottom:1px solid #d1d5db;width:30%;font-size:11px;font-weight:600;color:#1f2937;">Endereço</th><td style="padding:3px 5px;border-bottom:1px solid #e5e7eb;font-size:11px;color:#111827;">Rua Domênico Ferrabosco, 52</td></tr><tr><th style="padding:3px 5px;text-align:left;background:#f3f4f6;border-bottom:1px solid #d1d5db;width:30%;font-size:11px;font-weight:600;color:#1f2937;">Subprefeitura</th><td style="padding:3px 5px;border-bottom:1px solid #e5e7eb;font-size:11px;color:#111827;">Jaçanã/Tremembé</td></tr><tr><th style="padding:3px 5px;text-align:left;background:#f3f4f6;border-bottom:1px solid #d1d5db;width:30%;font-size:11px;font-weight:600;color:#1f2937;">Volumetria</th><td style="padding:3px 5px;border-bottom:1px solid #e5e7eb;font-size:11px;color:#111827;">Entre 1m³ e 5m³</td></tr></table>]]></description><Point><coordinates>-46.5812900,-23.4399000,0</coordinates></Point></Placemark>
<Style id="s-PV-147">
<LineStyle><color>ff82004b</color><width>2.0</width></LineStyle>
<PolyStyle><color>ff82004b</color></PolyStyle>
<IconStyle><color>ff82004b</color><scale>0.55</scale>
<Icon><href>http://maps.google.com/mapfiles/kml/shapes/placemark_circle.png</href></Icon>
</IconStyle>
<LabelStyle><scale>0.65</scale></LabelStyle>
</Style><Placemark><name>JT-023</name><styleUrl>#s-PV-147</styleUrl><description><![CDATA[<table style="border-collapse:collapse;width:100%;font-family:'Helvetica Neue',Helvetica,Arial,sans-serif;font-size:11px;border:1px solid #e5e7eb;border-radius:8px;overflow:hidden;"><tr><th colspan="2" style="padding:5px 8px;background:#1f6feb;color:#fff;text-align:left;font-size:12px;font-weight:600;">JT-023</th></tr><tr><th style="padding:3px 5px;text-align:left;background:#f3f4f6;border-bottom:1px solid #d1d5db;width:30%;font-size:11px;font-weight:600;color:#1f2937;">ID</th><td style="padding:3px 5px;border-bottom:1px solid #e5e7eb;font-size:11px;color:#111827;">JT-023</td></tr><tr><th style="padding:3px 5px;text-align:left;background:#f3f4f6;border-bottom:1px solid #d1d5db;width:30%;font-size:11px;font-weight:600;color:#1f2937;">Endereço</th><td style="padding:3px 5px;border-bottom:1px solid #e5e7eb;font-size:11px;color:#111827;">Rua dos Filhos da Terra, 37</td></tr><tr><th style="padding:3px 5px;text-align:left;background:#f3f4f6;border-bottom:1px solid #d1d5db;width:30%;font-size:11px;font-weight:600;color:#1f2937;">Subprefeitura</th><td style="padding:3px 5px;border-bottom:1px solid #e5e7eb;font-size:11px;color:#111827;">Jaçanã/Tremembé</td></tr><tr><th style="padding:3px 5px;text-align:left;background:#f3f4f6;border-bottom:1px solid #d1d5db;width:30%;font-size:11px;font-weight:600;color:#1f2937;">Volumetria</th><td style="padding:3px 5px;border-bottom:1px solid #e5e7eb;font-size:11px;color:#111827;">Entre 1m³ e 5m³</td></tr></table>]]></description><Point><coordinates>-46.5854000,-23.4552400,0</coordinates></Point></Placemark>
<Style id="s-PV-148">
<LineStyle><color>ff82004b</color><width>2.0</width></LineStyle>
<PolyStyle><color>ff82004b</color></PolyStyle>
<IconStyle><color>ff82004b</color><scale>0.55</scale>
<Icon><href>http://maps.google.com/mapfiles/kml/shapes/placemark_circle.png</href></Icon>
</IconStyle>
<LabelStyle><scale>0.65</scale></LabelStyle>
</Style><Placemark><name>JT-024</name><styleUrl>#s-PV-148</styleUrl><description><![CDATA[<table style="border-collapse:collapse;width:100%;font-family:'Helvetica Neue',Helvetica,Arial,sans-serif;font-size:11px;border:1px solid #e5e7eb;border-radius:8px;overflow:hidden;"><tr><th colspan="2" style="padding:5px 8px;background:#1f6feb;color:#fff;text-align:left;font-size:12px;font-weight:600;">JT-024</th></tr><tr><th style="padding:3px 5px;text-align:left;background:#f3f4f6;border-bottom:1px solid #d1d5db;width:30%;font-size:11px;font-weight:600;color:#1f2937;">ID</th><td style="padding:3px 5px;border-bottom:1px solid #e5e7eb;font-size:11px;color:#111827;">JT-024</td></tr><tr><th style="padding:3px 5px;text-align:left;background:#f3f4f6;border-bottom:1px solid #d1d5db;width:30%;font-size:11px;font-weight:600;color:#1f2937;">Endereço</th><td style="padding:3px 5px;border-bottom:1px solid #e5e7eb;font-size:11px;color:#111827;">Rua Flor de Ouro, 403</td></tr><tr><th style="padding:3px 5px;text-align:left;background:#f3f4f6;border-bottom:1px solid #d1d5db;width:30%;font-size:11px;font-weight:600;color:#1f2937;">Subprefeitura</th><td style="padding:3px 5px;border-bottom:1px solid #e5e7eb;font-size:11px;color:#111827;">Jaçanã/Tremembé</td></tr><tr><th style="padding:3px 5px;text-align:left;background:#f3f4f6;border-bottom:1px solid #d1d5db;width:30%;font-size:11px;font-weight:600;color:#1f2937;">Volumetria</th><td style="padding:3px 5px;border-bottom:1px solid #e5e7eb;font-size:11px;color:#111827;">Entre 1m³ e 5m³</td></tr><tr><th style="padding:3px 5px;text-align:left;background:#f3f4f6;border-bottom:1px solid #d1d5db;width:30%;font-size:11px;font-weight:600;color:#1f2937;">Status</th><td style="padding:3px 5px;border-bottom:1px solid #e5e7eb;font-size:11px;color:#111827;">Revitalizado</td></tr><tr><th style="padding:3px 5px;text-align:left;background:#f3f4f6;border-bottom:1px solid #d1d5db;width:30%;font-size:11px;font-weight:600;color:#1f2937;">Data</th><td style="padding:3px 5px;border-bottom:1px solid #e5e7eb;font-size:11px;color:#111827;">45934</td></tr></table>]]></description><Point><coordinates>-46.5709000,-23.4530300,0</coordinates></Point></Placemark>
<Style id="s-PV-149">
<LineStyle><color>ff82004b</color><width>2.0</width></LineStyle>
<PolyStyle><color>ff82004b</color></PolyStyle>
<IconStyle><color>ff82004b</color><scale>0.55</scale>
<Icon><href>http://maps.google.com/mapfiles/kml/shapes/placemark_circle.png</href></Icon>
</IconStyle>
<LabelStyle><scale>0.65</scale></LabelStyle>
</Style><Placemark><name>JT-025</name><styleUrl>#s-PV-149</styleUrl><description><![CDATA[<table style="border-collapse:collapse;width:100%;font-family:'Helvetica Neue',Helvetica,Arial,sans-serif;font-size:11px;border:1px solid #e5e7eb;border-radius:8px;overflow:hidden;"><tr><th colspan="2" style="padding:5px 8px;background:#1f6feb;color:#fff;text-align:left;font-size:12px;font-weight:600;">JT-025</th></tr><tr><th style="padding:3px 5px;text-align:left;background:#f3f4f6;border-bottom:1px solid #d1d5db;width:30%;font-size:11px;font-weight:600;color:#1f2937;">ID</th><td style="padding:3px 5px;border-bottom:1px solid #e5e7eb;font-size:11px;color:#111827;">JT-025</td></tr><tr><th style="padding:3px 5px;text-align:left;background:#f3f4f6;border-bottom:1px solid #d1d5db;width:30%;font-size:11px;font-weight:600;color:#1f2937;">Endereço</th><td style="padding:3px 5px;border-bottom:1px solid #e5e7eb;font-size:11px;color:#111827;">Rua Francisco Luiz da Silva, 16</td></tr><tr><th style="padding:3px 5px;text-align:left;background:#f3f4f6;border-bottom:1px solid #d1d5db;width:30%;font-size:11px;font-weight:600;color:#1f2937;">Subprefeitura</th><td style="padding:3px 5px;border-bottom:1px solid #e5e7eb;font-size:11px;color:#111827;">Jaçanã/Tremembé</td></tr><tr><th style="padding:3px 5px;text-align:left;background:#f3f4f6;border-bottom:1px solid #d1d5db;width:30%;font-size:11px;font-weight:600;color:#1f2937;">Volumetria</th><td style="padding:3px 5px;border-bottom:1px solid #e5e7eb;font-size:11px;color:#111827;">Entre 1m³ e 5m³</td></tr></table>]]></description><Point><coordinates>-46.6029800,-23.4546200,0</coordinates></Point></Placemark>
<Style id="s-PV-150">
<LineStyle><color>ff82004b</color><width>2.0</width></LineStyle>
<PolyStyle><color>ff82004b</color></PolyStyle>
<IconStyle><color>ff82004b</color><scale>0.55</scale>
<Icon><href>http://maps.google.com/mapfiles/kml/shapes/placemark_circle.png</href></Icon>
</IconStyle>
<LabelStyle><scale>0.65</scale></LabelStyle>
</Style><Placemark><name>JT-026</name><styleUrl>#s-PV-150</styleUrl><description><![CDATA[<table style="border-collapse:collapse;width:100%;font-family:'Helvetica Neue',Helvetica,Arial,sans-serif;font-size:11px;border:1px solid #e5e7eb;border-radius:8px;overflow:hidden;"><tr><th colspan="2" style="padding:5px 8px;background:#1f6feb;color:#fff;text-align:left;font-size:12px;font-weight:600;">JT-026</th></tr><tr><th style="padding:3px 5px;text-align:left;background:#f3f4f6;border-bottom:1px solid #d1d5db;width:30%;font-size:11px;font-weight:600;color:#1f2937;">ID</th><td style="padding:3px 5px;border-bottom:1px solid #e5e7eb;font-size:11px;color:#111827;">JT-026</td></tr><tr><th style="padding:3px 5px;text-align:left;background:#f3f4f6;border-bottom:1px solid #d1d5db;width:30%;font-size:11px;font-weight:600;color:#1f2937;">Endereço</th><td style="padding:3px 5px;border-bottom:1px solid #e5e7eb;font-size:11px;color:#111827;">Rua Gabriel Martins, 199</td></tr><tr><th style="padding:3px 5px;text-align:left;background:#f3f4f6;border-bottom:1px solid #d1d5db;width:30%;font-size:11px;font-weight:600;color:#1f2937;">Subprefeitura</th><td style="padding:3px 5px;border-bottom:1px solid #e5e7eb;font-size:11px;color:#111827;">Jaçanã/Tremembé</td></tr><tr><th style="padding:3px 5px;text-align:left;background:#f3f4f6;border-bottom:1px solid #d1d5db;width:30%;font-size:11px;font-weight:600;color:#1f2937;">Volumetria</th><td style="padding:3px 5px;border-bottom:1px solid #e5e7eb;font-size:11px;color:#111827;">Entre 1m³ e 5m³</td></tr></table>]]></description><Point><coordinates>-46.6066700,-23.4534500,0</coordinates></Point></Placemark>
<Style id="s-PV-151">
<LineStyle><color>ff82004b</color><width>2.0</width></LineStyle>
<PolyStyle><color>ff82004b</color></PolyStyle>
<IconStyle><color>ff82004b</color><scale>0.55</scale>
<Icon><href>http://maps.google.com/mapfiles/kml/shapes/placemark_circle.png</href></Icon>
</IconStyle>
<LabelStyle><scale>0.65</scale></LabelStyle>
</Style><Placemark><name>JT-027</name><styleUrl>#s-PV-151</styleUrl><description><![CDATA[<table style="border-collapse:collapse;width:100%;font-family:'Helvetica Neue',Helvetica,Arial,sans-serif;font-size:11px;border:1px solid #e5e7eb;border-radius:8px;overflow:hidden;"><tr><th colspan="2" style="padding:5px 8px;background:#1f6feb;color:#fff;text-align:left;font-size:12px;font-weight:600;">JT-027</th></tr><tr><th style="padding:3px 5px;text-align:left;background:#f3f4f6;border-bottom:1px solid #d1d5db;width:30%;font-size:11px;font-weight:600;color:#1f2937;">ID</th><td style="padding:3px 5px;border-bottom:1px solid #e5e7eb;font-size:11px;color:#111827;">JT-027</td></tr><tr><th style="padding:3px 5px;text-align:left;background:#f3f4f6;border-bottom:1px solid #d1d5db;width:30%;font-size:11px;font-weight:600;color:#1f2937;">Endereço</th><td style="padding:3px 5px;border-bottom:1px solid #e5e7eb;font-size:11px;color:#111827;">Rua Gabriel Ribeiro, 83</td></tr><tr><th style="padding:3px 5px;text-align:left;background:#f3f4f6;border-bottom:1px solid #d1d5db;width:30%;font-size:11px;font-weight:600;color:#1f2937;">Subprefeitura</th><td style="padding:3px 5px;border-bottom:1px solid #e5e7eb;font-size:11px;color:#111827;">Jaçanã/Tremembé</td></tr><tr><th style="padding:3px 5px;text-align:left;background:#f3f4f6;border-bottom:1px solid #d1d5db;width:30%;font-size:11px;font-weight:600;color:#1f2937;">Volumetria</th><td style="padding:3px 5px;border-bottom:1px solid #e5e7eb;font-size:11px;color:#111827;">Entre 1m³ e 5m³</td></tr><tr><th style="padding:3px 5px;text-align:left;background:#f3f4f6;border-bottom:1px solid #d1d5db;width:30%;font-size:11px;font-weight:600;color:#1f2937;">Status</th><td style="padding:3px 5px;border-bottom:1px solid #e5e7eb;font-size:11px;color:#111827;">Revitalizado</td></tr><tr><th style="padding:3px 5px;text-align:left;background:#f3f4f6;border-bottom:1px solid #d1d5db;width:30%;font-size:11px;font-weight:600;color:#1f2937;">Data</th><td style="padding:3px 5px;border-bottom:1px solid #e5e7eb;font-size:11px;color:#111827;">45948</td></tr></table>]]></description><Point><coordinates>-46.5731700,-23.4538100,0</coordinates></Point></Placemark>
<Style id="s-PV-152">
<LineStyle><color>ff82004b</color><width>2.0</width></LineStyle>
<PolyStyle><color>ff82004b</color></PolyStyle>
<IconStyle><color>ff82004b</color><scale>0.55</scale>
<Icon><href>http://maps.google.com/mapfiles/kml/shapes/placemark_circle.png</href></Icon>
</IconStyle>
<LabelStyle><scale>0.65</scale></LabelStyle>
</Style><Placemark><name>JT-028</name><styleUrl>#s-PV-152</styleUrl><description><![CDATA[<table style="border-collapse:collapse;width:100%;font-family:'Helvetica Neue',Helvetica,Arial,sans-serif;font-size:11px;border:1px solid #e5e7eb;border-radius:8px;overflow:hidden;"><tr><th colspan="2" style="padding:5px 8px;background:#1f6feb;color:#fff;text-align:left;font-size:12px;font-weight:600;">JT-028</th></tr><tr><th style="padding:3px 5px;text-align:left;background:#f3f4f6;border-bottom:1px solid #d1d5db;width:30%;font-size:11px;font-weight:600;color:#1f2937;">ID</th><td style="padding:3px 5px;border-bottom:1px solid #e5e7eb;font-size:11px;color:#111827;">JT-028</td></tr><tr><th style="padding:3px 5px;text-align:left;background:#f3f4f6;border-bottom:1px solid #d1d5db;width:30%;font-size:11px;font-weight:600;color:#1f2937;">Endereço</th><td style="padding:3px 5px;border-bottom:1px solid #e5e7eb;font-size:11px;color:#111827;">Rua Jaupaci, 567</td></tr><tr><th style="padding:3px 5px;text-align:left;background:#f3f4f6;border-bottom:1px solid #d1d5db;width:30%;font-size:11px;font-weight:600;color:#1f2937;">Subprefeitura</th><td style="padding:3px 5px;border-bottom:1px solid #e5e7eb;font-size:11px;color:#111827;">Jaçanã/Tremembé</td></tr><tr><th style="padding:3px 5px;text-align:left;background:#f3f4f6;border-bottom:1px solid #d1d5db;width:30%;font-size:11px;font-weight:600;color:#1f2937;">Volumetria</th><td style="padding:3px 5px;border-bottom:1px solid #e5e7eb;font-size:11px;color:#111827;">Entre 1m³ e 5m³</td></tr></table>]]></description><Point><coordinates>-46.5909600,-23.4522200,0</coordinates></Point></Placemark>
<Style id="s-PV-153">
<LineStyle><color>ff82004b</color><width>2.0</width></LineStyle>
<PolyStyle><color>ff82004b</color></PolyStyle>
<IconStyle><color>ff82004b</color><scale>0.55</scale>
<Icon><href>http://maps.google.com/mapfiles/kml/shapes/placemark_circle.png</href></Icon>
</IconStyle>
<LabelStyle><scale>0.65</scale></LabelStyle>
</Style><Placemark><name>JT-029</name><styleUrl>#s-PV-153</styleUrl><description><![CDATA[<table style="border-collapse:collapse;width:100%;font-family:'Helvetica Neue',Helvetica,Arial,sans-serif;font-size:11px;border:1px solid #e5e7eb;border-radius:8px;overflow:hidden;"><tr><th colspan="2" style="padding:5px 8px;background:#1f6feb;color:#fff;text-align:left;font-size:12px;font-weight:600;">JT-029</th></tr><tr><th style="padding:3px 5px;text-align:left;background:#f3f4f6;border-bottom:1px solid #d1d5db;width:30%;font-size:11px;font-weight:600;color:#1f2937;">ID</th><td style="padding:3px 5px;border-bottom:1px solid #e5e7eb;font-size:11px;color:#111827;">JT-029</td></tr><tr><th style="padding:3px 5px;text-align:left;background:#f3f4f6;border-bottom:1px solid #d1d5db;width:30%;font-size:11px;font-weight:600;color:#1f2937;">Endereço</th><td style="padding:3px 5px;border-bottom:1px solid #e5e7eb;font-size:11px;color:#111827;">Rua João Lucas Alves, 22</td></tr><tr><th style="padding:3px 5px;text-align:left;background:#f3f4f6;border-bottom:1px solid #d1d5db;width:30%;font-size:11px;font-weight:600;color:#1f2937;">Subprefeitura</th><td style="padding:3px 5px;border-bottom:1px solid #e5e7eb;font-size:11px;color:#111827;">Jaçanã/Tremembé</td></tr><tr><th style="padding:3px 5px;text-align:left;background:#f3f4f6;border-bottom:1px solid #d1d5db;width:30%;font-size:11px;font-weight:600;color:#1f2937;">Volumetria</th><td style="padding:3px 5px;border-bottom:1px solid #e5e7eb;font-size:11px;color:#111827;">Entre 1m³ e 5m³</td></tr></table>]]></description><Point><coordinates>-46.5799800,-23.4535300,0</coordinates></Point></Placemark>
<Style id="s-PV-154">
<LineStyle><color>ff82004b</color><width>2.0</width></LineStyle>
<PolyStyle><color>ff82004b</color></PolyStyle>
<IconStyle><color>ff82004b</color><scale>0.55</scale>
<Icon><href>http://maps.google.com/mapfiles/kml/shapes/placemark_circle.png</href></Icon>
</IconStyle>
<LabelStyle><scale>0.65</scale></LabelStyle>
</Style><Placemark><name>JT-030</name><styleUrl>#s-PV-154</styleUrl><description><![CDATA[<table style="border-collapse:collapse;width:100%;font-family:'Helvetica Neue',Helvetica,Arial,sans-serif;font-size:11px;border:1px solid #e5e7eb;border-radius:8px;overflow:hidden;"><tr><th colspan="2" style="padding:5px 8px;background:#1f6feb;color:#fff;text-align:left;font-size:12px;font-weight:600;">JT-030</th></tr><tr><th style="padding:3px 5px;text-align:left;background:#f3f4f6;border-bottom:1px solid #d1d5db;width:30%;font-size:11px;font-weight:600;color:#1f2937;">ID</th><td style="padding:3px 5px;border-bottom:1px solid #e5e7eb;font-size:11px;color:#111827;">JT-030</td></tr><tr><th style="padding:3px 5px;text-align:left;background:#f3f4f6;border-bottom:1px solid #d1d5db;width:30%;font-size:11px;font-weight:600;color:#1f2937;">Endereço</th><td style="padding:3px 5px;border-bottom:1px solid #e5e7eb;font-size:11px;color:#111827;">Rua João Mendes Araújo, 11</td></tr><tr><th style="padding:3px 5px;text-align:left;background:#f3f4f6;border-bottom:1px solid #d1d5db;width:30%;font-size:11px;font-weight:600;color:#1f2937;">Subprefeitura</th><td style="padding:3px 5px;border-bottom:1px solid #e5e7eb;font-size:11px;color:#111827;">Jaçanã/Tremembé</td></tr><tr><th style="padding:3px 5px;text-align:left;background:#f3f4f6;border-bottom:1px solid #d1d5db;width:30%;font-size:11px;font-weight:600;color:#1f2937;">Volumetria</th><td style="padding:3px 5px;border-bottom:1px solid #e5e7eb;font-size:11px;color:#111827;">Entre 1m³ e 5m³</td></tr></table>]]></description><Point><coordinates>-46.5799500,-23.4518700,0</coordinates></Point></Placemark>
<Style id="s-PV-155">
<LineStyle><color>ff82004b</color><width>2.0</width></LineStyle>
<PolyStyle><color>ff82004b</color></PolyStyle>
<IconStyle><color>ff82004b</color><scale>0.55</scale>
<Icon><href>http://maps.google.com/mapfiles/kml/shapes/placemark_circle.png</href></Icon>
</IconStyle>
<LabelStyle><scale>0.65</scale></LabelStyle>
</Style><Placemark><name>JT-031</name><styleUrl>#s-PV-155</styleUrl><description><![CDATA[<table style="border-collapse:collapse;width:100%;font-family:'Helvetica Neue',Helvetica,Arial,sans-serif;font-size:11px;border:1px solid #e5e7eb;border-radius:8px;overflow:hidden;"><tr><th colspan="2" style="padding:5px 8px;background:#1f6feb;color:#fff;text-align:left;font-size:12px;font-weight:600;">JT-031</th></tr><tr><th style="padding:3px 5px;text-align:left;background:#f3f4f6;border-bottom:1px solid #d1d5db;width:30%;font-size:11px;font-weight:600;color:#1f2937;">ID</th><td style="padding:3px 5px;border-bottom:1px solid #e5e7eb;font-size:11px;color:#111827;">JT-031</td></tr><tr><th style="padding:3px 5px;text-align:left;background:#f3f4f6;border-bottom:1px solid #d1d5db;width:30%;font-size:11px;font-weight:600;color:#1f2937;">Endereço</th><td style="padding:3px 5px;border-bottom:1px solid #e5e7eb;font-size:11px;color:#111827;">Rua José Figliolini, 409</td></tr><tr><th style="padding:3px 5px;text-align:left;background:#f3f4f6;border-bottom:1px solid #d1d5db;width:30%;font-size:11px;font-weight:600;color:#1f2937;">Subprefeitura</th><td style="padding:3px 5px;border-bottom:1px solid #e5e7eb;font-size:11px;color:#111827;">Jaçanã/Tremembé</td></tr><tr><th style="padding:3px 5px;text-align:left;background:#f3f4f6;border-bottom:1px solid #d1d5db;width:30%;font-size:11px;font-weight:600;color:#1f2937;">Volumetria</th><td style="padding:3px 5px;border-bottom:1px solid #e5e7eb;font-size:11px;color:#111827;">Entre 1m³ e 5m³</td></tr></table>]]></description><Point><coordinates>-46.5772000,-23.4599900,0</coordinates></Point></Placemark>
<Style id="s-PV-156">
<LineStyle><color>ff82004b</color><width>2.0</width></LineStyle>
<PolyStyle><color>ff82004b</color></PolyStyle>
<IconStyle><color>ff82004b</color><scale>0.55</scale>
<Icon><href>http://maps.google.com/mapfiles/kml/shapes/placemark_circle.png</href></Icon>
</IconStyle>
<LabelStyle><scale>0.65</scale></LabelStyle>
</Style><Placemark><name>JT-032</name><styleUrl>#s-PV-156</styleUrl><description><![CDATA[<table style="border-collapse:collapse;width:100%;font-family:'Helvetica Neue',Helvetica,Arial,sans-serif;font-size:11px;border:1px solid #e5e7eb;border-radius:8px;overflow:hidden;"><tr><th colspan="2" style="padding:5px 8px;background:#1f6feb;color:#fff;text-align:left;font-size:12px;font-weight:600;">JT-032</th></tr><tr><th style="padding:3px 5px;text-align:left;background:#f3f4f6;border-bottom:1px solid #d1d5db;width:30%;font-size:11px;font-weight:600;color:#1f2937;">ID</th><td style="padding:3px 5px;border-bottom:1px solid #e5e7eb;font-size:11px;color:#111827;">JT-032</td></tr><tr><th style="padding:3px 5px;text-align:left;background:#f3f4f6;border-bottom:1px solid #d1d5db;width:30%;font-size:11px;font-weight:600;color:#1f2937;">Endereço</th><td style="padding:3px 5px;border-bottom:1px solid #e5e7eb;font-size:11px;color:#111827;">Rua José Gomes de Gouveia, 10</td></tr><tr><th style="padding:3px 5px;text-align:left;background:#f3f4f6;border-bottom:1px solid #d1d5db;width:30%;font-size:11px;font-weight:600;color:#1f2937;">Subprefeitura</th><td style="padding:3px 5px;border-bottom:1px solid #e5e7eb;font-size:11px;color:#111827;">Jaçanã/Tremembé</td></tr><tr><th style="padding:3px 5px;text-align:left;background:#f3f4f6;border-bottom:1px solid #d1d5db;width:30%;font-size:11px;font-weight:600;color:#1f2937;">Volumetria</th><td style="padding:3px 5px;border-bottom:1px solid #e5e7eb;font-size:11px;color:#111827;">Entre 1m³ e 5m³</td></tr></table>]]></description><Point><coordinates>-46.5749300,-23.4548900,0</coordinates></Point></Placemark>
<Style id="s-PV-157">
<LineStyle><color>ff82004b</color><width>2.0</width></LineStyle>
<PolyStyle><color>ff82004b</color></PolyStyle>
<IconStyle><color>ff82004b</color><scale>0.55</scale>
<Icon><href>http://maps.google.com/mapfiles/kml/shapes/placemark_circle.png</href></Icon>
</IconStyle>
<LabelStyle><scale>0.65</scale></LabelStyle>
</Style><Placemark><name>JT-033</name><styleUrl>#s-PV-157</styleUrl><description><![CDATA[<table style="border-collapse:collapse;width:100%;font-family:'Helvetica Neue',Helvetica,Arial,sans-serif;font-size:11px;border:1px solid #e5e7eb;border-radius:8px;overflow:hidden;"><tr><th colspan="2" style="padding:5px 8px;background:#1f6feb;color:#fff;text-align:left;font-size:12px;font-weight:600;">JT-033</th></tr><tr><th style="padding:3px 5px;text-align:left;background:#f3f4f6;border-bottom:1px solid #d1d5db;width:30%;font-size:11px;font-weight:600;color:#1f2937;">ID</th><td style="padding:3px 5px;border-bottom:1px solid #e5e7eb;font-size:11px;color:#111827;">JT-033</td></tr><tr><th style="padding:3px 5px;text-align:left;background:#f3f4f6;border-bottom:1px solid #d1d5db;width:30%;font-size:11px;font-weight:600;color:#1f2937;">Endereço</th><td style="padding:3px 5px;border-bottom:1px solid #e5e7eb;font-size:11px;color:#111827;">Rua José Schreitt Miller, 73</td></tr><tr><th style="padding:3px 5px;text-align:left;background:#f3f4f6;border-bottom:1px solid #d1d5db;width:30%;font-size:11px;font-weight:600;color:#1f2937;">Subprefeitura</th><td style="padding:3px 5px;border-bottom:1px solid #e5e7eb;font-size:11px;color:#111827;">Jaçanã/Tremembé</td></tr><tr><th style="padding:3px 5px;text-align:left;background:#f3f4f6;border-bottom:1px solid #d1d5db;width:30%;font-size:11px;font-weight:600;color:#1f2937;">Volumetria</th><td style="padding:3px 5px;border-bottom:1px solid #e5e7eb;font-size:11px;color:#111827;">Entre 1m³ e 5m³</td></tr></table>]]></description><Point><coordinates>-46.6092800,-23.4471300,0</coordinates></Point></Placemark>
<Style id="s-PV-158">
<LineStyle><color>ff82004b</color><width>2.0</width></LineStyle>
<PolyStyle><color>ff82004b</color></PolyStyle>
<IconStyle><color>ff82004b</color><scale>0.55</scale>
<Icon><href>http://maps.google.com/mapfiles/kml/shapes/placemark_circle.png</href></Icon>
</IconStyle>
<LabelStyle><scale>0.65</scale></LabelStyle>
</Style><Placemark><name>JT-034</name><styleUrl>#s-PV-158</styleUrl><description><![CDATA[<table style="border-collapse:collapse;width:100%;font-family:'Helvetica Neue',Helvetica,Arial,sans-serif;font-size:11px;border:1px solid #e5e7eb;border-radius:8px;overflow:hidden;"><tr><th colspan="2" style="padding:5px 8px;background:#1f6feb;color:#fff;text-align:left;font-size:12px;font-weight:600;">JT-034</th></tr><tr><th style="padding:3px 5px;text-align:left;background:#f3f4f6;border-bottom:1px solid #d1d5db;width:30%;font-size:11px;font-weight:600;color:#1f2937;">ID</th><td style="padding:3px 5px;border-bottom:1px solid #e5e7eb;font-size:11px;color:#111827;">JT-034</td></tr><tr><th style="padding:3px 5px;text-align:left;background:#f3f4f6;border-bottom:1px solid #d1d5db;width:30%;font-size:11px;font-weight:600;color:#1f2937;">Endereço</th><td style="padding:3px 5px;border-bottom:1px solid #e5e7eb;font-size:11px;color:#111827;">Rua Liliental, 967</td></tr><tr><th style="padding:3px 5px;text-align:left;background:#f3f4f6;border-bottom:1px solid #d1d5db;width:30%;font-size:11px;font-weight:600;color:#1f2937;">Subprefeitura</th><td style="padding:3px 5px;border-bottom:1px solid #e5e7eb;font-size:11px;color:#111827;">Jaçanã/Tremembé</td></tr><tr><th style="padding:3px 5px;text-align:left;background:#f3f4f6;border-bottom:1px solid #d1d5db;width:30%;font-size:11px;font-weight:600;color:#1f2937;">Volumetria</th><td style="padding:3px 5px;border-bottom:1px solid #e5e7eb;font-size:11px;color:#111827;">Entre 1m³ e 5m³</td></tr></table>]]></description><Point><coordinates>-46.5666300,-23.4731900,0</coordinates></Point></Placemark>
<Style id="s-PV-159">
<LineStyle><color>ff82004b</color><width>2.0</width></LineStyle>
<PolyStyle><color>ff82004b</color></PolyStyle>
<IconStyle><color>ff82004b</color><scale>0.55</scale>
<Icon><href>http://maps.google.com/mapfiles/kml/shapes/placemark_circle.png</href></Icon>
</IconStyle>
<LabelStyle><scale>0.65</scale></LabelStyle>
</Style><Placemark><name>JT-035</name><styleUrl>#s-PV-159</styleUrl><description><![CDATA[<table style="border-collapse:collapse;width:100%;font-family:'Helvetica Neue',Helvetica,Arial,sans-serif;font-size:11px;border:1px solid #e5e7eb;border-radius:8px;overflow:hidden;"><tr><th colspan="2" style="padding:5px 8px;background:#1f6feb;color:#fff;text-align:left;font-size:12px;font-weight:600;">JT-035</th></tr><tr><th style="padding:3px 5px;text-align:left;background:#f3f4f6;border-bottom:1px solid #d1d5db;width:30%;font-size:11px;font-weight:600;color:#1f2937;">ID</th><td style="padding:3px 5px;border-bottom:1px solid #e5e7eb;font-size:11px;color:#111827;">JT-035</td></tr><tr><th style="padding:3px 5px;text-align:left;background:#f3f4f6;border-bottom:1px solid #d1d5db;width:30%;font-size:11px;font-weight:600;color:#1f2937;">Endereço</th><td style="padding:3px 5px;border-bottom:1px solid #e5e7eb;font-size:11px;color:#111827;">Rua Lopes da Costa, 1025</td></tr><tr><th style="padding:3px 5px;text-align:left;background:#f3f4f6;border-bottom:1px solid #d1d5db;width:30%;font-size:11px;font-weight:600;color:#1f2937;">Subprefeitura</th><td style="padding:3px 5px;border-bottom:1px solid #e5e7eb;font-size:11px;color:#111827;">Jaçanã/Tremembé</td></tr><tr><th style="padding:3px 5px;text-align:left;background:#f3f4f6;border-bottom:1px solid #d1d5db;width:30%;font-size:11px;font-weight:600;color:#1f2937;">Volumetria</th><td style="padding:3px 5px;border-bottom:1px solid #e5e7eb;font-size:11px;color:#111827;">Entre 1m³ e 5m³</td></tr></table>]]></description><Point><coordinates>-46.5719000,-23.4608400,0</coordinates></Point></Placemark>
<Style id="s-PV-160">
<LineStyle><color>ff82004b</color><width>2.0</width></LineStyle>
<PolyStyle><color>ff82004b</color></PolyStyle>
<IconStyle><color>ff82004b</color><scale>0.55</scale>
<Icon><href>http://maps.google.com/mapfiles/kml/shapes/placemark_circle.png</href></Icon>
</IconStyle>
<LabelStyle><scale>0.65</scale></LabelStyle>
</Style><Placemark><name>JT-036</name><styleUrl>#s-PV-160</styleUrl><description><![CDATA[<table style="border-collapse:collapse;width:100%;font-family:'Helvetica Neue',Helvetica,Arial,sans-serif;font-size:11px;border:1px solid #e5e7eb;border-radius:8px;overflow:hidden;"><tr><th colspan="2" style="padding:5px 8px;background:#1f6feb;color:#fff;text-align:left;font-size:12px;font-weight:600;">JT-036</th></tr><tr><th style="padding:3px 5px;text-align:left;background:#f3f4f6;border-bottom:1px solid #d1d5db;width:30%;font-size:11px;font-weight:600;color:#1f2937;">ID</th><td style="padding:3px 5px;border-bottom:1px solid #e5e7eb;font-size:11px;color:#111827;">JT-036</td></tr><tr><th style="padding:3px 5px;text-align:left;background:#f3f4f6;border-bottom:1px solid #d1d5db;width:30%;font-size:11px;font-weight:600;color:#1f2937;">Endereço</th><td style="padding:3px 5px;border-bottom:1px solid #e5e7eb;font-size:11px;color:#111827;">Rua Major Baracca, 584</td></tr><tr><th style="padding:3px 5px;text-align:left;background:#f3f4f6;border-bottom:1px solid #d1d5db;width:30%;font-size:11px;font-weight:600;color:#1f2937;">Subprefeitura</th><td style="padding:3px 5px;border-bottom:1px solid #e5e7eb;font-size:11px;color:#111827;">Jaçanã/Tremembé</td></tr><tr><th style="padding:3px 5px;text-align:left;background:#f3f4f6;border-bottom:1px solid #d1d5db;width:30%;font-size:11px;font-weight:600;color:#1f2937;">Volumetria</th><td style="padding:3px 5px;border-bottom:1px solid #e5e7eb;font-size:11px;color:#111827;">Entre 1m³ e 5m³</td></tr></table>]]></description><Point><coordinates>-46.5623300,-23.4783700,0</coordinates></Point></Placemark>
<Style id="s-PV-161">
<LineStyle><color>ff82004b</color><width>2.0</width></LineStyle>
<PolyStyle><color>ff82004b</color></PolyStyle>
<IconStyle><color>ff82004b</color><scale>0.55</scale>
<Icon><href>http://maps.google.com/mapfiles/kml/shapes/placemark_circle.png</href></Icon>
</IconStyle>
<LabelStyle><scale>0.65</scale></LabelStyle>
</Style><Placemark><name>JT-037</name><styleUrl>#s-PV-161</styleUrl><description><![CDATA[<table style="border-collapse:collapse;width:100%;font-family:'Helvetica Neue',Helvetica,Arial,sans-serif;font-size:11px;border:1px solid #e5e7eb;border-radius:8px;overflow:hidden;"><tr><th colspan="2" style="padding:5px 8px;background:#1f6feb;color:#fff;text-align:left;font-size:12px;font-weight:600;">JT-037</th></tr><tr><th style="padding:3px 5px;text-align:left;background:#f3f4f6;border-bottom:1px solid #d1d5db;width:30%;font-size:11px;font-weight:600;color:#1f2937;">ID</th><td style="padding:3px 5px;border-bottom:1px solid #e5e7eb;font-size:11px;color:#111827;">JT-037</td></tr><tr><th style="padding:3px 5px;text-align:left;background:#f3f4f6;border-bottom:1px solid #d1d5db;width:30%;font-size:11px;font-weight:600;color:#1f2937;">Endereço</th><td style="padding:3px 5px;border-bottom:1px solid #e5e7eb;font-size:11px;color:#111827;">Rua Manoel Simões da Silva, 436</td></tr><tr><th style="padding:3px 5px;text-align:left;background:#f3f4f6;border-bottom:1px solid #d1d5db;width:30%;font-size:11px;font-weight:600;color:#1f2937;">Subprefeitura</th><td style="padding:3px 5px;border-bottom:1px solid #e5e7eb;font-size:11px;color:#111827;">Jaçanã/Tremembé</td></tr><tr><th style="padding:3px 5px;text-align:left;background:#f3f4f6;border-bottom:1px solid #d1d5db;width:30%;font-size:11px;font-weight:600;color:#1f2937;">Volumetria</th><td style="padding:3px 5px;border-bottom:1px solid #e5e7eb;font-size:11px;color:#111827;">Entre 1m³ e 5m³</td></tr></table>]]></description><Point><coordinates>-46.6055200,-23.4538100,0</coordinates></Point></Placemark>
<Style id="s-PV-162">
<LineStyle><color>ff82004b</color><width>2.0</width></LineStyle>
<PolyStyle><color>ff82004b</color></PolyStyle>
<IconStyle><color>ff82004b</color><scale>0.55</scale>
<Icon><href>http://maps.google.com/mapfiles/kml/shapes/placemark_circle.png</href></Icon>
</IconStyle>
<LabelStyle><scale>0.65</scale></LabelStyle>
</Style><Placemark><name>JT-038</name><styleUrl>#s-PV-162</styleUrl><description><![CDATA[<table style="border-collapse:collapse;width:100%;font-family:'Helvetica Neue',Helvetica,Arial,sans-serif;font-size:11px;border:1px solid #e5e7eb;border-radius:8px;overflow:hidden;"><tr><th colspan="2" style="padding:5px 8px;background:#1f6feb;color:#fff;text-align:left;font-size:12px;font-weight:600;">JT-038</th></tr><tr><th style="padding:3px 5px;text-align:left;background:#f3f4f6;border-bottom:1px solid #d1d5db;width:30%;font-size:11px;font-weight:600;color:#1f2937;">ID</th><td style="padding:3px 5px;border-bottom:1px solid #e5e7eb;font-size:11px;color:#111827;">JT-038</td></tr><tr><th style="padding:3px 5px;text-align:left;background:#f3f4f6;border-bottom:1px solid #d1d5db;width:30%;font-size:11px;font-weight:600;color:#1f2937;">Endereço</th><td style="padding:3px 5px;border-bottom:1px solid #e5e7eb;font-size:11px;color:#111827;">Rua Manuel Gaya, 1500</td></tr><tr><th style="padding:3px 5px;text-align:left;background:#f3f4f6;border-bottom:1px solid #d1d5db;width:30%;font-size:11px;font-weight:600;color:#1f2937;">Subprefeitura</th><td style="padding:3px 5px;border-bottom:1px solid #e5e7eb;font-size:11px;color:#111827;">Jaçanã/Tremembé</td></tr><tr><th style="padding:3px 5px;text-align:left;background:#f3f4f6;border-bottom:1px solid #d1d5db;width:30%;font-size:11px;font-weight:600;color:#1f2937;">Volumetria</th><td style="padding:3px 5px;border-bottom:1px solid #e5e7eb;font-size:11px;color:#111827;">Entre 1m³ e 5m³</td></tr></table>]]></description><Point><coordinates>-46.6042900,-23.4609000,0</coordinates></Point></Placemark>
<Style id="s-PV-163">
<LineStyle><color>ff82004b</color><width>2.0</width></LineStyle>
<PolyStyle><color>ff82004b</color></PolyStyle>
<IconStyle><color>ff82004b</color><scale>0.55</scale>
<Icon><href>http://maps.google.com/mapfiles/kml/shapes/placemark_circle.png</href></Icon>
</IconStyle>
<LabelStyle><scale>0.65</scale></LabelStyle>
</Style><Placemark><name>JT-039</name><styleUrl>#s-PV-163</styleUrl><description><![CDATA[<table style="border-collapse:collapse;width:100%;font-family:'Helvetica Neue',Helvetica,Arial,sans-serif;font-size:11px;border:1px solid #e5e7eb;border-radius:8px;overflow:hidden;"><tr><th colspan="2" style="padding:5px 8px;background:#1f6feb;color:#fff;text-align:left;font-size:12px;font-weight:600;">JT-039</th></tr><tr><th style="padding:3px 5px;text-align:left;background:#f3f4f6;border-bottom:1px solid #d1d5db;width:30%;font-size:11px;font-weight:600;color:#1f2937;">ID</th><td style="padding:3px 5px;border-bottom:1px solid #e5e7eb;font-size:11px;color:#111827;">JT-039</td></tr><tr><th style="padding:3px 5px;text-align:left;background:#f3f4f6;border-bottom:1px solid #d1d5db;width:30%;font-size:11px;font-weight:600;color:#1f2937;">Endereço</th><td style="padding:3px 5px;border-bottom:1px solid #e5e7eb;font-size:11px;color:#111827;">Rua Manuel Vieira da Luz, 503</td></tr><tr><th style="padding:3px 5px;text-align:left;background:#f3f4f6;border-bottom:1px solid #d1d5db;width:30%;font-size:11px;font-weight:600;color:#1f2937;">Subprefeitura</th><td style="padding:3px 5px;border-bottom:1px solid #e5e7eb;font-size:11px;color:#111827;">Jaçanã/Tremembé</td></tr><tr><th style="padding:3px 5px;text-align:left;background:#f3f4f6;border-bottom:1px solid #d1d5db;width:30%;font-size:11px;font-weight:600;color:#1f2937;">Volumetria</th><td style="padding:3px 5px;border-bottom:1px solid #e5e7eb;font-size:11px;color:#111827;">Mais de 5m³</td></tr></table>]]></description><Point><coordinates>-46.5816300,-23.4474600,0</coordinates></Point></Placemark>
<Style id="s-PV-164">
<LineStyle><color>ff82004b</color><width>2.0</width></LineStyle>
<PolyStyle><color>ff82004b</color></PolyStyle>
<IconStyle><color>ff82004b</color><scale>0.55</scale>
<Icon><href>http://maps.google.com/mapfiles/kml/shapes/placemark_circle.png</href></Icon>
</IconStyle>
<LabelStyle><scale>0.65</scale></LabelStyle>
</Style><Placemark><name>JT-040</name><styleUrl>#s-PV-164</styleUrl><description><![CDATA[<table style="border-collapse:collapse;width:100%;font-family:'Helvetica Neue',Helvetica,Arial,sans-serif;font-size:11px;border:1px solid #e5e7eb;border-radius:8px;overflow:hidden;"><tr><th colspan="2" style="padding:5px 8px;background:#1f6feb;color:#fff;text-align:left;font-size:12px;font-weight:600;">JT-040</th></tr><tr><th style="padding:3px 5px;text-align:left;background:#f3f4f6;border-bottom:1px solid #d1d5db;width:30%;font-size:11px;font-weight:600;color:#1f2937;">ID</th><td style="padding:3px 5px;border-bottom:1px solid #e5e7eb;font-size:11px;color:#111827;">JT-040</td></tr><tr><th style="padding:3px 5px;text-align:left;background:#f3f4f6;border-bottom:1px solid #d1d5db;width:30%;font-size:11px;font-weight:600;color:#1f2937;">Endereço</th><td style="padding:3px 5px;border-bottom:1px solid #e5e7eb;font-size:11px;color:#111827;">Rua Manuel Vieira da Luz, 616</td></tr><tr><th style="padding:3px 5px;text-align:left;background:#f3f4f6;border-bottom:1px solid #d1d5db;width:30%;font-size:11px;font-weight:600;color:#1f2937;">Subprefeitura</th><td style="padding:3px 5px;border-bottom:1px solid #e5e7eb;font-size:11px;color:#111827;">Jaçanã/Tremembé</td></tr><tr><th style="padding:3px 5px;text-align:left;background:#f3f4f6;border-bottom:1px solid #d1d5db;width:30%;font-size:11px;font-weight:600;color:#1f2937;">Volumetria</th><td style="padding:3px 5px;border-bottom:1px solid #e5e7eb;font-size:11px;color:#111827;">Entre 1m³ e 5m³</td></tr></table>]]></description><Point><coordinates>-46.5781600,-23.4454000,0</coordinates></Point></Placemark>
<Style id="s-PV-165">
<LineStyle><color>ff82004b</color><width>2.0</width></LineStyle>
<PolyStyle><color>ff82004b</color></PolyStyle>
<IconStyle><color>ff82004b</color><scale>0.55</scale>
<Icon><href>http://maps.google.com/mapfiles/kml/shapes/placemark_circle.png</href></Icon>
</IconStyle>
<LabelStyle><scale>0.65</scale></LabelStyle>
</Style><Placemark><name>JT-041</name><styleUrl>#s-PV-165</styleUrl><description><![CDATA[<table style="border-collapse:collapse;width:100%;font-family:'Helvetica Neue',Helvetica,Arial,sans-serif;font-size:11px;border:1px solid #e5e7eb;border-radius:8px;overflow:hidden;"><tr><th colspan="2" style="padding:5px 8px;background:#1f6feb;color:#fff;text-align:left;font-size:12px;font-weight:600;">JT-041</th></tr><tr><th style="padding:3px 5px;text-align:left;background:#f3f4f6;border-bottom:1px solid #d1d5db;width:30%;font-size:11px;font-weight:600;color:#1f2937;">ID</th><td style="padding:3px 5px;border-bottom:1px solid #e5e7eb;font-size:11px;color:#111827;">JT-041</td></tr><tr><th style="padding:3px 5px;text-align:left;background:#f3f4f6;border-bottom:1px solid #d1d5db;width:30%;font-size:11px;font-weight:600;color:#1f2937;">Endereço</th><td style="padding:3px 5px;border-bottom:1px solid #e5e7eb;font-size:11px;color:#111827;">Rua Marcelino Miranda, 25</td></tr><tr><th style="padding:3px 5px;text-align:left;background:#f3f4f6;border-bottom:1px solid #d1d5db;width:30%;font-size:11px;font-weight:600;color:#1f2937;">Subprefeitura</th><td style="padding:3px 5px;border-bottom:1px solid #e5e7eb;font-size:11px;color:#111827;">Jaçanã/Tremembé</td></tr><tr><th style="padding:3px 5px;text-align:left;background:#f3f4f6;border-bottom:1px solid #d1d5db;width:30%;font-size:11px;font-weight:600;color:#1f2937;">Volumetria</th><td style="padding:3px 5px;border-bottom:1px solid #e5e7eb;font-size:11px;color:#111827;">Entre 1m³ e 5m³</td></tr></table>]]></description><Point><coordinates>-46.6074000,-23.4533200,0</coordinates></Point></Placemark>
<Style id="s-PV-166">
<LineStyle><color>ff82004b</color><width>2.0</width></LineStyle>
<PolyStyle><color>ff82004b</color></PolyStyle>
<IconStyle><color>ff82004b</color><scale>0.55</scale>
<Icon><href>http://maps.google.com/mapfiles/kml/shapes/placemark_circle.png</href></Icon>
</IconStyle>
<LabelStyle><scale>0.65</scale></LabelStyle>
</Style><Placemark><name>JT-042</name><styleUrl>#s-PV-166</styleUrl><description><![CDATA[<table style="border-collapse:collapse;width:100%;font-family:'Helvetica Neue',Helvetica,Arial,sans-serif;font-size:11px;border:1px solid #e5e7eb;border-radius:8px;overflow:hidden;"><tr><th colspan="2" style="padding:5px 8px;background:#1f6feb;color:#fff;text-align:left;font-size:12px;font-weight:600;">JT-042</th></tr><tr><th style="padding:3px 5px;text-align:left;background:#f3f4f6;border-bottom:1px solid #d1d5db;width:30%;font-size:11px;font-weight:600;color:#1f2937;">ID</th><td style="padding:3px 5px;border-bottom:1px solid #e5e7eb;font-size:11px;color:#111827;">JT-042</td></tr><tr><th style="padding:3px 5px;text-align:left;background:#f3f4f6;border-bottom:1px solid #d1d5db;width:30%;font-size:11px;font-weight:600;color:#1f2937;">Endereço</th><td style="padding:3px 5px;border-bottom:1px solid #e5e7eb;font-size:11px;color:#111827;">Rua Maria Amália Lopes Azevedo, 4035</td></tr><tr><th style="padding:3px 5px;text-align:left;background:#f3f4f6;border-bottom:1px solid #d1d5db;width:30%;font-size:11px;font-weight:600;color:#1f2937;">Subprefeitura</th><td style="padding:3px 5px;border-bottom:1px solid #e5e7eb;font-size:11px;color:#111827;">Jaçanã/Tremembé</td></tr><tr><th style="padding:3px 5px;text-align:left;background:#f3f4f6;border-bottom:1px solid #d1d5db;width:30%;font-size:11px;font-weight:600;color:#1f2937;">Volumetria</th><td style="padding:3px 5px;border-bottom:1px solid #e5e7eb;font-size:11px;color:#111827;">Entre 1m³ e 5m³</td></tr></table>]]></description><Point><coordinates>-46.5886000,-23.4568600,0</coordinates></Point></Placemark>
<Style id="s-PV-167">
<LineStyle><color>ff82004b</color><width>2.0</width></LineStyle>
<PolyStyle><color>ff82004b</color></PolyStyle>
<IconStyle><color>ff82004b</color><scale>0.55</scale>
<Icon><href>http://maps.google.com/mapfiles/kml/shapes/placemark_circle.png</href></Icon>
</IconStyle>
<LabelStyle><scale>0.65</scale></LabelStyle>
</Style><Placemark><name>JT-043</name><styleUrl>#s-PV-167</styleUrl><description><![CDATA[<table style="border-collapse:collapse;width:100%;font-family:'Helvetica Neue',Helvetica,Arial,sans-serif;font-size:11px;border:1px solid #e5e7eb;border-radius:8px;overflow:hidden;"><tr><th colspan="2" style="padding:5px 8px;background:#1f6feb;color:#fff;text-align:left;font-size:12px;font-weight:600;">JT-043</th></tr><tr><th style="padding:3px 5px;text-align:left;background:#f3f4f6;border-bottom:1px solid #d1d5db;width:30%;font-size:11px;font-weight:600;color:#1f2937;">ID</th><td style="padding:3px 5px;border-bottom:1px solid #e5e7eb;font-size:11px;color:#111827;">JT-043</td></tr><tr><th style="padding:3px 5px;text-align:left;background:#f3f4f6;border-bottom:1px solid #d1d5db;width:30%;font-size:11px;font-weight:600;color:#1f2937;">Endereço</th><td style="padding:3px 5px;border-bottom:1px solid #e5e7eb;font-size:11px;color:#111827;">Rua Mario de Souza Prata, 32</td></tr><tr><th style="padding:3px 5px;text-align:left;background:#f3f4f6;border-bottom:1px solid #d1d5db;width:30%;font-size:11px;font-weight:600;color:#1f2937;">Subprefeitura</th><td style="padding:3px 5px;border-bottom:1px solid #e5e7eb;font-size:11px;color:#111827;">Jaçanã/Tremembé</td></tr><tr><th style="padding:3px 5px;text-align:left;background:#f3f4f6;border-bottom:1px solid #d1d5db;width:30%;font-size:11px;font-weight:600;color:#1f2937;">Volumetria</th><td style="padding:3px 5px;border-bottom:1px solid #e5e7eb;font-size:11px;color:#111827;">Entre 1m³ e 5m³</td></tr></table>]]></description><Point><coordinates>-46.5789400,-23.4518700,0</coordinates></Point></Placemark>
<Style id="s-PV-168">
<LineStyle><color>ff82004b</color><width>2.0</width></LineStyle>
<PolyStyle><color>ff82004b</color></PolyStyle>
<IconStyle><color>ff82004b</color><scale>0.55</scale>
<Icon><href>http://maps.google.com/mapfiles/kml/shapes/placemark_circle.png</href></Icon>
</IconStyle>
<LabelStyle><scale>0.65</scale></LabelStyle>
</Style><Placemark><name>JT-044</name><styleUrl>#s-PV-168</styleUrl><description><![CDATA[<table style="border-collapse:collapse;width:100%;font-family:'Helvetica Neue',Helvetica,Arial,sans-serif;font-size:11px;border:1px solid #e5e7eb;border-radius:8px;overflow:hidden;"><tr><th colspan="2" style="padding:5px 8px;background:#1f6feb;color:#fff;text-align:left;font-size:12px;font-weight:600;">JT-044</th></tr><tr><th style="padding:3px 5px;text-align:left;background:#f3f4f6;border-bottom:1px solid #d1d5db;width:30%;font-size:11px;font-weight:600;color:#1f2937;">ID</th><td style="padding:3px 5px;border-bottom:1px solid #e5e7eb;font-size:11px;color:#111827;">JT-044</td></tr><tr><th style="padding:3px 5px;text-align:left;background:#f3f4f6;border-bottom:1px solid #d1d5db;width:30%;font-size:11px;font-weight:600;color:#1f2937;">Endereço</th><td style="padding:3px 5px;border-bottom:1px solid #e5e7eb;font-size:11px;color:#111827;">Rua Mario Lago, 670</td></tr><tr><th style="padding:3px 5px;text-align:left;background:#f3f4f6;border-bottom:1px solid #d1d5db;width:30%;font-size:11px;font-weight:600;color:#1f2937;">Subprefeitura</th><td style="padding:3px 5px;border-bottom:1px solid #e5e7eb;font-size:11px;color:#111827;">Jaçanã/Tremembé</td></tr><tr><th style="padding:3px 5px;text-align:left;background:#f3f4f6;border-bottom:1px solid #d1d5db;width:30%;font-size:11px;font-weight:600;color:#1f2937;">Volumetria</th><td style="padding:3px 5px;border-bottom:1px solid #e5e7eb;font-size:11px;color:#111827;">Mais de 5m³</td></tr><tr><th style="padding:3px 5px;text-align:left;background:#f3f4f6;border-bottom:1px solid #d1d5db;width:30%;font-size:11px;font-weight:600;color:#1f2937;">Status</th><td style="padding:3px 5px;border-bottom:1px solid #e5e7eb;font-size:11px;color:#111827;">Revitalizado</td></tr><tr><th style="padding:3px 5px;text-align:left;background:#f3f4f6;border-bottom:1px solid #d1d5db;width:30%;font-size:11px;font-weight:600;color:#1f2937;">Data</th><td style="padding:3px 5px;border-bottom:1px solid #e5e7eb;font-size:11px;color:#111827;">46032</td></tr></table>]]></description><Point><coordinates>-46.5767900,-23.4543900,0</coordinates></Point></Placemark>
<Style id="s-PV-169">
<LineStyle><color>ff82004b</color><width>2.0</width></LineStyle>
<PolyStyle><color>ff82004b</color></PolyStyle>
<IconStyle><color>ff82004b</color><scale>0.55</scale>
<Icon><href>http://maps.google.com/mapfiles/kml/shapes/placemark_circle.png</href></Icon>
</IconStyle>
<LabelStyle><scale>0.65</scale></LabelStyle>
</Style><Placemark><name>JT-045</name><styleUrl>#s-PV-169</styleUrl><description><![CDATA[<table style="border-collapse:collapse;width:100%;font-family:'Helvetica Neue',Helvetica,Arial,sans-serif;font-size:11px;border:1px solid #e5e7eb;border-radius:8px;overflow:hidden;"><tr><th colspan="2" style="padding:5px 8px;background:#1f6feb;color:#fff;text-align:left;font-size:12px;font-weight:600;">JT-045</th></tr><tr><th style="padding:3px 5px;text-align:left;background:#f3f4f6;border-bottom:1px solid #d1d5db;width:30%;font-size:11px;font-weight:600;color:#1f2937;">ID</th><td style="padding:3px 5px;border-bottom:1px solid #e5e7eb;font-size:11px;color:#111827;">JT-045</td></tr><tr><th style="padding:3px 5px;text-align:left;background:#f3f4f6;border-bottom:1px solid #d1d5db;width:30%;font-size:11px;font-weight:600;color:#1f2937;">Endereço</th><td style="padding:3px 5px;border-bottom:1px solid #e5e7eb;font-size:11px;color:#111827;">Rua Mário Lago, 750</td></tr><tr><th style="padding:3px 5px;text-align:left;background:#f3f4f6;border-bottom:1px solid #d1d5db;width:30%;font-size:11px;font-weight:600;color:#1f2937;">Subprefeitura</th><td style="padding:3px 5px;border-bottom:1px solid #e5e7eb;font-size:11px;color:#111827;">Jaçanã/Tremembé</td></tr><tr><th style="padding:3px 5px;text-align:left;background:#f3f4f6;border-bottom:1px solid #d1d5db;width:30%;font-size:11px;font-weight:600;color:#1f2937;">Volumetria</th><td style="padding:3px 5px;border-bottom:1px solid #e5e7eb;font-size:11px;color:#111827;">Mais de 5m³</td></tr></table>]]></description><Point><coordinates>-46.5765100,-23.4538900,0</coordinates></Point></Placemark>
<Style id="s-PV-170">
<LineStyle><color>ff82004b</color><width>2.0</width></LineStyle>
<PolyStyle><color>ff82004b</color></PolyStyle>
<IconStyle><color>ff82004b</color><scale>0.55</scale>
<Icon><href>http://maps.google.com/mapfiles/kml/shapes/placemark_circle.png</href></Icon>
</IconStyle>
<LabelStyle><scale>0.65</scale></LabelStyle>
</Style><Placemark><name>JT-046</name><styleUrl>#s-PV-170</styleUrl><description><![CDATA[<table style="border-collapse:collapse;width:100%;font-family:'Helvetica Neue',Helvetica,Arial,sans-serif;font-size:11px;border:1px solid #e5e7eb;border-radius:8px;overflow:hidden;"><tr><th colspan="2" style="padding:5px 8px;background:#1f6feb;color:#fff;text-align:left;font-size:12px;font-weight:600;">JT-046</th></tr><tr><th style="padding:3px 5px;text-align:left;background:#f3f4f6;border-bottom:1px solid #d1d5db;width:30%;font-size:11px;font-weight:600;color:#1f2937;">ID</th><td style="padding:3px 5px;border-bottom:1px solid #e5e7eb;font-size:11px;color:#111827;">JT-046</td></tr><tr><th style="padding:3px 5px;text-align:left;background:#f3f4f6;border-bottom:1px solid #d1d5db;width:30%;font-size:11px;font-weight:600;color:#1f2937;">Endereço</th><td style="padding:3px 5px;border-bottom:1px solid #e5e7eb;font-size:11px;color:#111827;">Rua Morro do Livramento, 40</td></tr><tr><th style="padding:3px 5px;text-align:left;background:#f3f4f6;border-bottom:1px solid #d1d5db;width:30%;font-size:11px;font-weight:600;color:#1f2937;">Subprefeitura</th><td style="padding:3px 5px;border-bottom:1px solid #e5e7eb;font-size:11px;color:#111827;">Jaçanã/Tremembé</td></tr><tr><th style="padding:3px 5px;text-align:left;background:#f3f4f6;border-bottom:1px solid #d1d5db;width:30%;font-size:11px;font-weight:600;color:#1f2937;">Volumetria</th><td style="padding:3px 5px;border-bottom:1px solid #e5e7eb;font-size:11px;color:#111827;">Entre 1m³ e 5m³</td></tr></table>]]></description><Point><coordinates>-46.5730400,-23.4497200,0</coordinates></Point></Placemark>
<Style id="s-PV-171">
<LineStyle><color>ff82004b</color><width>2.0</width></LineStyle>
<PolyStyle><color>ff82004b</color></PolyStyle>
<IconStyle><color>ff82004b</color><scale>0.55</scale>
<Icon><href>http://maps.google.com/mapfiles/kml/shapes/placemark_circle.png</href></Icon>
</IconStyle>
<LabelStyle><scale>0.65</scale></LabelStyle>
</Style><Placemark><name>JT-047</name><styleUrl>#s-PV-171</styleUrl><description><![CDATA[<table style="border-collapse:collapse;width:100%;font-family:'Helvetica Neue',Helvetica,Arial,sans-serif;font-size:11px;border:1px solid #e5e7eb;border-radius:8px;overflow:hidden;"><tr><th colspan="2" style="padding:5px 8px;background:#1f6feb;color:#fff;text-align:left;font-size:12px;font-weight:600;">JT-047</th></tr><tr><th style="padding:3px 5px;text-align:left;background:#f3f4f6;border-bottom:1px solid #d1d5db;width:30%;font-size:11px;font-weight:600;color:#1f2937;">ID</th><td style="padding:3px 5px;border-bottom:1px solid #e5e7eb;font-size:11px;color:#111827;">JT-047</td></tr><tr><th style="padding:3px 5px;text-align:left;background:#f3f4f6;border-bottom:1px solid #d1d5db;width:30%;font-size:11px;font-weight:600;color:#1f2937;">Endereço</th><td style="padding:3px 5px;border-bottom:1px solid #e5e7eb;font-size:11px;color:#111827;">Rua Mota, 21</td></tr><tr><th style="padding:3px 5px;text-align:left;background:#f3f4f6;border-bottom:1px solid #d1d5db;width:30%;font-size:11px;font-weight:600;color:#1f2937;">Subprefeitura</th><td style="padding:3px 5px;border-bottom:1px solid #e5e7eb;font-size:11px;color:#111827;">Jaçanã/Tremembé</td></tr><tr><th style="padding:3px 5px;text-align:left;background:#f3f4f6;border-bottom:1px solid #d1d5db;width:30%;font-size:11px;font-weight:600;color:#1f2937;">Volumetria</th><td style="padding:3px 5px;border-bottom:1px solid #e5e7eb;font-size:11px;color:#111827;">Não se aplica (inativo).</td></tr><tr><th style="padding:3px 5px;text-align:left;background:#f3f4f6;border-bottom:1px solid #d1d5db;width:30%;font-size:11px;font-weight:600;color:#1f2937;">Status</th><td style="padding:3px 5px;border-bottom:1px solid #e5e7eb;font-size:11px;color:#111827;">Inativo</td></tr><tr><th style="padding:3px 5px;text-align:left;background:#f3f4f6;border-bottom:1px solid #d1d5db;width:30%;font-size:11px;font-weight:600;color:#1f2937;">Data</th><td style="padding:3px 5px;border-bottom:1px solid #e5e7eb;font-size:11px;color:#111827;">Inativo</td></tr></table>]]></description><Point><coordinates>-46.5717400,-23.4394600,0</coordinates></Point></Placemark>
<Style id="s-PV-172">
<LineStyle><color>ff82004b</color><width>2.0</width></LineStyle>
<PolyStyle><color>ff82004b</color></PolyStyle>
<IconStyle><color>ff82004b</color><scale>0.55</scale>
<Icon><href>http://maps.google.com/mapfiles/kml/shapes/placemark_circle.png</href></Icon>
</IconStyle>
<LabelStyle><scale>0.65</scale></LabelStyle>
</Style><Placemark><name>JT-048</name><styleUrl>#s-PV-172</styleUrl><description><![CDATA[<table style="border-collapse:collapse;width:100%;font-family:'Helvetica Neue',Helvetica,Arial,sans-serif;font-size:11px;border:1px solid #e5e7eb;border-radius:8px;overflow:hidden;"><tr><th colspan="2" style="padding:5px 8px;background:#1f6feb;color:#fff;text-align:left;font-size:12px;font-weight:600;">JT-048</th></tr><tr><th style="padding:3px 5px;text-align:left;background:#f3f4f6;border-bottom:1px solid #d1d5db;width:30%;font-size:11px;font-weight:600;color:#1f2937;">ID</th><td style="padding:3px 5px;border-bottom:1px solid #e5e7eb;font-size:11px;color:#111827;">JT-048</td></tr><tr><th style="padding:3px 5px;text-align:left;background:#f3f4f6;border-bottom:1px solid #d1d5db;width:30%;font-size:11px;font-weight:600;color:#1f2937;">Endereço</th><td style="padding:3px 5px;border-bottom:1px solid #e5e7eb;font-size:11px;color:#111827;">Rua Nova Londrina, 118</td></tr><tr><th style="padding:3px 5px;text-align:left;background:#f3f4f6;border-bottom:1px solid #d1d5db;width:30%;font-size:11px;font-weight:600;color:#1f2937;">Subprefeitura</th><td style="padding:3px 5px;border-bottom:1px solid #e5e7eb;font-size:11px;color:#111827;">Jaçanã/Tremembé</td></tr><tr><th style="padding:3px 5px;text-align:left;background:#f3f4f6;border-bottom:1px solid #d1d5db;width:30%;font-size:11px;font-weight:600;color:#1f2937;">Volumetria</th><td style="padding:3px 5px;border-bottom:1px solid #e5e7eb;font-size:11px;color:#111827;">Não se aplica (inativo).</td></tr><tr><th style="padding:3px 5px;text-align:left;background:#f3f4f6;border-bottom:1px solid #d1d5db;width:30%;font-size:11px;font-weight:600;color:#1f2937;">Status</th><td style="padding:3px 5px;border-bottom:1px solid #e5e7eb;font-size:11px;color:#111827;">Inativo</td></tr><tr><th style="padding:3px 5px;text-align:left;background:#f3f4f6;border-bottom:1px solid #d1d5db;width:30%;font-size:11px;font-weight:600;color:#1f2937;">Data</th><td style="padding:3px 5px;border-bottom:1px solid #e5e7eb;font-size:11px;color:#111827;">Inativo</td></tr></table>]]></description><Point><coordinates>-46.5919500,-23.4526700,0</coordinates></Point></Placemark>
<Style id="s-PV-173">
<LineStyle><color>ff82004b</color><width>2.0</width></LineStyle>
<PolyStyle><color>ff82004b</color></PolyStyle>
<IconStyle><color>ff82004b</color><scale>0.55</scale>
<Icon><href>http://maps.google.com/mapfiles/kml/shapes/placemark_circle.png</href></Icon>
</IconStyle>
<LabelStyle><scale>0.65</scale></LabelStyle>
</Style><Placemark><name>JT-049</name><styleUrl>#s-PV-173</styleUrl><description><![CDATA[<table style="border-collapse:collapse;width:100%;font-family:'Helvetica Neue',Helvetica,Arial,sans-serif;font-size:11px;border:1px solid #e5e7eb;border-radius:8px;overflow:hidden;"><tr><th colspan="2" style="padding:5px 8px;background:#1f6feb;color:#fff;text-align:left;font-size:12px;font-weight:600;">JT-049</th></tr><tr><th style="padding:3px 5px;text-align:left;background:#f3f4f6;border-bottom:1px solid #d1d5db;width:30%;font-size:11px;font-weight:600;color:#1f2937;">ID</th><td style="padding:3px 5px;border-bottom:1px solid #e5e7eb;font-size:11px;color:#111827;">JT-049</td></tr><tr><th style="padding:3px 5px;text-align:left;background:#f3f4f6;border-bottom:1px solid #d1d5db;width:30%;font-size:11px;font-weight:600;color:#1f2937;">Endereço</th><td style="padding:3px 5px;border-bottom:1px solid #e5e7eb;font-size:11px;color:#111827;">Rua País Natal, 54</td></tr><tr><th style="padding:3px 5px;text-align:left;background:#f3f4f6;border-bottom:1px solid #d1d5db;width:30%;font-size:11px;font-weight:600;color:#1f2937;">Subprefeitura</th><td style="padding:3px 5px;border-bottom:1px solid #e5e7eb;font-size:11px;color:#111827;">Jaçanã/Tremembé</td></tr><tr><th style="padding:3px 5px;text-align:left;background:#f3f4f6;border-bottom:1px solid #d1d5db;width:30%;font-size:11px;font-weight:600;color:#1f2937;">Volumetria</th><td style="padding:3px 5px;border-bottom:1px solid #e5e7eb;font-size:11px;color:#111827;">Mais de 5m³</td></tr></table>]]></description><Point><coordinates>-46.5873700,-23.4563400,0</coordinates></Point></Placemark>
<Style id="s-PV-174">
<LineStyle><color>ff82004b</color><width>2.0</width></LineStyle>
<PolyStyle><color>ff82004b</color></PolyStyle>
<IconStyle><color>ff82004b</color><scale>0.55</scale>
<Icon><href>http://maps.google.com/mapfiles/kml/shapes/placemark_circle.png</href></Icon>
</IconStyle>
<LabelStyle><scale>0.65</scale></LabelStyle>
</Style><Placemark><name>JT-050</name><styleUrl>#s-PV-174</styleUrl><description><![CDATA[<table style="border-collapse:collapse;width:100%;font-family:'Helvetica Neue',Helvetica,Arial,sans-serif;font-size:11px;border:1px solid #e5e7eb;border-radius:8px;overflow:hidden;"><tr><th colspan="2" style="padding:5px 8px;background:#1f6feb;color:#fff;text-align:left;font-size:12px;font-weight:600;">JT-050</th></tr><tr><th style="padding:3px 5px;text-align:left;background:#f3f4f6;border-bottom:1px solid #d1d5db;width:30%;font-size:11px;font-weight:600;color:#1f2937;">ID</th><td style="padding:3px 5px;border-bottom:1px solid #e5e7eb;font-size:11px;color:#111827;">JT-050</td></tr><tr><th style="padding:3px 5px;text-align:left;background:#f3f4f6;border-bottom:1px solid #d1d5db;width:30%;font-size:11px;font-weight:600;color:#1f2937;">Endereço</th><td style="padding:3px 5px;border-bottom:1px solid #e5e7eb;font-size:11px;color:#111827;">Rua Pires da Fonseca, 169</td></tr><tr><th style="padding:3px 5px;text-align:left;background:#f3f4f6;border-bottom:1px solid #d1d5db;width:30%;font-size:11px;font-weight:600;color:#1f2937;">Subprefeitura</th><td style="padding:3px 5px;border-bottom:1px solid #e5e7eb;font-size:11px;color:#111827;">Jaçanã/Tremembé</td></tr><tr><th style="padding:3px 5px;text-align:left;background:#f3f4f6;border-bottom:1px solid #d1d5db;width:30%;font-size:11px;font-weight:600;color:#1f2937;">Volumetria</th><td style="padding:3px 5px;border-bottom:1px solid #e5e7eb;font-size:11px;color:#111827;">Mais de 5m³</td></tr></table>]]></description><Point><coordinates>-46.5778800,-23.4698100,0</coordinates></Point></Placemark>
<Style id="s-PV-175">
<LineStyle><color>ff82004b</color><width>2.0</width></LineStyle>
<PolyStyle><color>ff82004b</color></PolyStyle>
<IconStyle><color>ff82004b</color><scale>0.55</scale>
<Icon><href>http://maps.google.com/mapfiles/kml/shapes/placemark_circle.png</href></Icon>
</IconStyle>
<LabelStyle><scale>0.65</scale></LabelStyle>
</Style><Placemark><name>JT-051</name><styleUrl>#s-PV-175</styleUrl><description><![CDATA[<table style="border-collapse:collapse;width:100%;font-family:'Helvetica Neue',Helvetica,Arial,sans-serif;font-size:11px;border:1px solid #e5e7eb;border-radius:8px;overflow:hidden;"><tr><th colspan="2" style="padding:5px 8px;background:#1f6feb;color:#fff;text-align:left;font-size:12px;font-weight:600;">JT-051</th></tr><tr><th style="padding:3px 5px;text-align:left;background:#f3f4f6;border-bottom:1px solid #d1d5db;width:30%;font-size:11px;font-weight:600;color:#1f2937;">ID</th><td style="padding:3px 5px;border-bottom:1px solid #e5e7eb;font-size:11px;color:#111827;">JT-051</td></tr><tr><th style="padding:3px 5px;text-align:left;background:#f3f4f6;border-bottom:1px solid #d1d5db;width:30%;font-size:11px;font-weight:600;color:#1f2937;">Endereço</th><td style="padding:3px 5px;border-bottom:1px solid #e5e7eb;font-size:11px;color:#111827;">Rua Ranusia Alves Rodrigues, 2</td></tr><tr><th style="padding:3px 5px;text-align:left;background:#f3f4f6;border-bottom:1px solid #d1d5db;width:30%;font-size:11px;font-weight:600;color:#1f2937;">Subprefeitura</th><td style="padding:3px 5px;border-bottom:1px solid #e5e7eb;font-size:11px;color:#111827;">Jaçanã/Tremembé</td></tr><tr><th style="padding:3px 5px;text-align:left;background:#f3f4f6;border-bottom:1px solid #d1d5db;width:30%;font-size:11px;font-weight:600;color:#1f2937;">Volumetria</th><td style="padding:3px 5px;border-bottom:1px solid #e5e7eb;font-size:11px;color:#111827;">Não se aplica (inativo).</td></tr><tr><th style="padding:3px 5px;text-align:left;background:#f3f4f6;border-bottom:1px solid #d1d5db;width:30%;font-size:11px;font-weight:600;color:#1f2937;">Status</th><td style="padding:3px 5px;border-bottom:1px solid #e5e7eb;font-size:11px;color:#111827;">Inativo</td></tr><tr><th style="padding:3px 5px;text-align:left;background:#f3f4f6;border-bottom:1px solid #d1d5db;width:30%;font-size:11px;font-weight:600;color:#1f2937;">Data</th><td style="padding:3px 5px;border-bottom:1px solid #e5e7eb;font-size:11px;color:#111827;">Inativo</td></tr></table>]]></description><Point><coordinates>-46.5773300,-23.4507900,0</coordinates></Point></Placemark>
<Style id="s-PV-176">
<LineStyle><color>ff82004b</color><width>2.0</width></LineStyle>
<PolyStyle><color>ff82004b</color></PolyStyle>
<IconStyle><color>ff82004b</color><scale>0.55</scale>
<Icon><href>http://maps.google.com/mapfiles/kml/shapes/placemark_circle.png</href></Icon>
</IconStyle>
<LabelStyle><scale>0.65</scale></LabelStyle>
</Style><Placemark><name>JT-052</name><styleUrl>#s-PV-176</styleUrl><description><![CDATA[<table style="border-collapse:collapse;width:100%;font-family:'Helvetica Neue',Helvetica,Arial,sans-serif;font-size:11px;border:1px solid #e5e7eb;border-radius:8px;overflow:hidden;"><tr><th colspan="2" style="padding:5px 8px;background:#1f6feb;color:#fff;text-align:left;font-size:12px;font-weight:600;">JT-052</th></tr><tr><th style="padding:3px 5px;text-align:left;background:#f3f4f6;border-bottom:1px solid #d1d5db;width:30%;font-size:11px;font-weight:600;color:#1f2937;">ID</th><td style="padding:3px 5px;border-bottom:1px solid #e5e7eb;font-size:11px;color:#111827;">JT-052</td></tr><tr><th style="padding:3px 5px;text-align:left;background:#f3f4f6;border-bottom:1px solid #d1d5db;width:30%;font-size:11px;font-weight:600;color:#1f2937;">Endereço</th><td style="padding:3px 5px;border-bottom:1px solid #e5e7eb;font-size:11px;color:#111827;">Rua Reinaldo Silveira Pimenta, 22</td></tr><tr><th style="padding:3px 5px;text-align:left;background:#f3f4f6;border-bottom:1px solid #d1d5db;width:30%;font-size:11px;font-weight:600;color:#1f2937;">Subprefeitura</th><td style="padding:3px 5px;border-bottom:1px solid #e5e7eb;font-size:11px;color:#111827;">Jaçanã/Tremembé</td></tr><tr><th style="padding:3px 5px;text-align:left;background:#f3f4f6;border-bottom:1px solid #d1d5db;width:30%;font-size:11px;font-weight:600;color:#1f2937;">Volumetria</th><td style="padding:3px 5px;border-bottom:1px solid #e5e7eb;font-size:11px;color:#111827;">Mais de 5m³</td></tr></table>]]></description><Point><coordinates>-46.5777500,-23.4514300,0</coordinates></Point></Placemark>
<Style id="s-PV-177">
<LineStyle><color>ff82004b</color><width>2.0</width></LineStyle>
<PolyStyle><color>ff82004b</color></PolyStyle>
<IconStyle><color>ff82004b</color><scale>0.55</scale>
<Icon><href>http://maps.google.com/mapfiles/kml/shapes/placemark_circle.png</href></Icon>
</IconStyle>
<LabelStyle><scale>0.65</scale></LabelStyle>
</Style><Placemark><name>JT-053</name><styleUrl>#s-PV-177</styleUrl><description><![CDATA[<table style="border-collapse:collapse;width:100%;font-family:'Helvetica Neue',Helvetica,Arial,sans-serif;font-size:11px;border:1px solid #e5e7eb;border-radius:8px;overflow:hidden;"><tr><th colspan="2" style="padding:5px 8px;background:#1f6feb;color:#fff;text-align:left;font-size:12px;font-weight:600;">JT-053</th></tr><tr><th style="padding:3px 5px;text-align:left;background:#f3f4f6;border-bottom:1px solid #d1d5db;width:30%;font-size:11px;font-weight:600;color:#1f2937;">ID</th><td style="padding:3px 5px;border-bottom:1px solid #e5e7eb;font-size:11px;color:#111827;">JT-053</td></tr><tr><th style="padding:3px 5px;text-align:left;background:#f3f4f6;border-bottom:1px solid #d1d5db;width:30%;font-size:11px;font-weight:600;color:#1f2937;">Endereço</th><td style="padding:3px 5px;border-bottom:1px solid #e5e7eb;font-size:11px;color:#111827;">Rua Roberto Lanari, 406</td></tr><tr><th style="padding:3px 5px;text-align:left;background:#f3f4f6;border-bottom:1px solid #d1d5db;width:30%;font-size:11px;font-weight:600;color:#1f2937;">Subprefeitura</th><td style="padding:3px 5px;border-bottom:1px solid #e5e7eb;font-size:11px;color:#111827;">Jaçanã/Tremembé</td></tr><tr><th style="padding:3px 5px;text-align:left;background:#f3f4f6;border-bottom:1px solid #d1d5db;width:30%;font-size:11px;font-weight:600;color:#1f2937;">Volumetria</th><td style="padding:3px 5px;border-bottom:1px solid #e5e7eb;font-size:11px;color:#111827;">Entre 1m³ e 5m³</td></tr></table>]]></description><Point><coordinates>-46.5750900,-23.4497500,0</coordinates></Point></Placemark>
<Style id="s-PV-178">
<LineStyle><color>ff82004b</color><width>2.0</width></LineStyle>
<PolyStyle><color>ff82004b</color></PolyStyle>
<IconStyle><color>ff82004b</color><scale>0.55</scale>
<Icon><href>http://maps.google.com/mapfiles/kml/shapes/placemark_circle.png</href></Icon>
</IconStyle>
<LabelStyle><scale>0.65</scale></LabelStyle>
</Style><Placemark><name>JT-054</name><styleUrl>#s-PV-178</styleUrl><description><![CDATA[<table style="border-collapse:collapse;width:100%;font-family:'Helvetica Neue',Helvetica,Arial,sans-serif;font-size:11px;border:1px solid #e5e7eb;border-radius:8px;overflow:hidden;"><tr><th colspan="2" style="padding:5px 8px;background:#1f6feb;color:#fff;text-align:left;font-size:12px;font-weight:600;">JT-054</th></tr><tr><th style="padding:3px 5px;text-align:left;background:#f3f4f6;border-bottom:1px solid #d1d5db;width:30%;font-size:11px;font-weight:600;color:#1f2937;">ID</th><td style="padding:3px 5px;border-bottom:1px solid #e5e7eb;font-size:11px;color:#111827;">JT-054</td></tr><tr><th style="padding:3px 5px;text-align:left;background:#f3f4f6;border-bottom:1px solid #d1d5db;width:30%;font-size:11px;font-weight:600;color:#1f2937;">Endereço</th><td style="padding:3px 5px;border-bottom:1px solid #e5e7eb;font-size:11px;color:#111827;">Rua São Simplicio, 3</td></tr><tr><th style="padding:3px 5px;text-align:left;background:#f3f4f6;border-bottom:1px solid #d1d5db;width:30%;font-size:11px;font-weight:600;color:#1f2937;">Subprefeitura</th><td style="padding:3px 5px;border-bottom:1px solid #e5e7eb;font-size:11px;color:#111827;">Jaçanã/Tremembé</td></tr><tr><th style="padding:3px 5px;text-align:left;background:#f3f4f6;border-bottom:1px solid #d1d5db;width:30%;font-size:11px;font-weight:600;color:#1f2937;">Volumetria</th><td style="padding:3px 5px;border-bottom:1px solid #e5e7eb;font-size:11px;color:#111827;">Mais de 5m³</td></tr></table>]]></description><Point><coordinates>-46.5751200,-23.4375100,0</coordinates></Point></Placemark>
<Style id="s-PV-179">
<LineStyle><color>ff82004b</color><width>2.0</width></LineStyle>
<PolyStyle><color>ff82004b</color></PolyStyle>
<IconStyle><color>ff82004b</color><scale>0.55</scale>
<Icon><href>http://maps.google.com/mapfiles/kml/shapes/placemark_circle.png</href></Icon>
</IconStyle>
<LabelStyle><scale>0.65</scale></LabelStyle>
</Style><Placemark><name>JT-055</name><styleUrl>#s-PV-179</styleUrl><description><![CDATA[<table style="border-collapse:collapse;width:100%;font-family:'Helvetica Neue',Helvetica,Arial,sans-serif;font-size:11px;border:1px solid #e5e7eb;border-radius:8px;overflow:hidden;"><tr><th colspan="2" style="padding:5px 8px;background:#1f6feb;color:#fff;text-align:left;font-size:12px;font-weight:600;">JT-055</th></tr><tr><th style="padding:3px 5px;text-align:left;background:#f3f4f6;border-bottom:1px solid #d1d5db;width:30%;font-size:11px;font-weight:600;color:#1f2937;">ID</th><td style="padding:3px 5px;border-bottom:1px solid #e5e7eb;font-size:11px;color:#111827;">JT-055</td></tr><tr><th style="padding:3px 5px;text-align:left;background:#f3f4f6;border-bottom:1px solid #d1d5db;width:30%;font-size:11px;font-weight:600;color:#1f2937;">Endereço</th><td style="padding:3px 5px;border-bottom:1px solid #e5e7eb;font-size:11px;color:#111827;">Rua Tarso de Castro, 9</td></tr><tr><th style="padding:3px 5px;text-align:left;background:#f3f4f6;border-bottom:1px solid #d1d5db;width:30%;font-size:11px;font-weight:600;color:#1f2937;">Subprefeitura</th><td style="padding:3px 5px;border-bottom:1px solid #e5e7eb;font-size:11px;color:#111827;">Jaçanã/Tremembé</td></tr><tr><th style="padding:3px 5px;text-align:left;background:#f3f4f6;border-bottom:1px solid #d1d5db;width:30%;font-size:11px;font-weight:600;color:#1f2937;">Volumetria</th><td style="padding:3px 5px;border-bottom:1px solid #e5e7eb;font-size:11px;color:#111827;">Mais de 5m³</td></tr></table>]]></description><Point><coordinates>-46.5864800,-23.4397900,0</coordinates></Point></Placemark>
<Style id="s-PV-180">
<LineStyle><color>ff82004b</color><width>2.0</width></LineStyle>
<PolyStyle><color>ff82004b</color></PolyStyle>
<IconStyle><color>ff82004b</color><scale>0.55</scale>
<Icon><href>http://maps.google.com/mapfiles/kml/shapes/placemark_circle.png</href></Icon>
</IconStyle>
<LabelStyle><scale>0.65</scale></LabelStyle>
</Style><Placemark><name>JT-056</name><styleUrl>#s-PV-180</styleUrl><description><![CDATA[<table style="border-collapse:collapse;width:100%;font-family:'Helvetica Neue',Helvetica,Arial,sans-serif;font-size:11px;border:1px solid #e5e7eb;border-radius:8px;overflow:hidden;"><tr><th colspan="2" style="padding:5px 8px;background:#1f6feb;color:#fff;text-align:left;font-size:12px;font-weight:600;">JT-056</th></tr><tr><th style="padding:3px 5px;text-align:left;background:#f3f4f6;border-bottom:1px solid #d1d5db;width:30%;font-size:11px;font-weight:600;color:#1f2937;">ID</th><td style="padding:3px 5px;border-bottom:1px solid #e5e7eb;font-size:11px;color:#111827;">JT-056</td></tr><tr><th style="padding:3px 5px;text-align:left;background:#f3f4f6;border-bottom:1px solid #d1d5db;width:30%;font-size:11px;font-weight:600;color:#1f2937;">Endereço</th><td style="padding:3px 5px;border-bottom:1px solid #e5e7eb;font-size:11px;color:#111827;">Rua Ushikichi Kamiya, 2021</td></tr><tr><th style="padding:3px 5px;text-align:left;background:#f3f4f6;border-bottom:1px solid #d1d5db;width:30%;font-size:11px;font-weight:600;color:#1f2937;">Subprefeitura</th><td style="padding:3px 5px;border-bottom:1px solid #e5e7eb;font-size:11px;color:#111827;">Jaçanã/Tremembé</td></tr><tr><th style="padding:3px 5px;text-align:left;background:#f3f4f6;border-bottom:1px solid #d1d5db;width:30%;font-size:11px;font-weight:600;color:#1f2937;">Volumetria</th><td style="padding:3px 5px;border-bottom:1px solid #e5e7eb;font-size:11px;color:#111827;">Mais de 5m³</td></tr></table>]]></description><Point><coordinates>-46.5770700,-23.4404300,0</coordinates></Point></Placemark>
<Style id="s-PV-181">
<LineStyle><color>ff82004b</color><width>2.0</width></LineStyle>
<PolyStyle><color>ff82004b</color></PolyStyle>
<IconStyle><color>ff82004b</color><scale>0.55</scale>
<Icon><href>http://maps.google.com/mapfiles/kml/shapes/placemark_circle.png</href></Icon>
</IconStyle>
<LabelStyle><scale>0.65</scale></LabelStyle>
</Style><Placemark><name>JT-057</name><styleUrl>#s-PV-181</styleUrl><description><![CDATA[<table style="border-collapse:collapse;width:100%;font-family:'Helvetica Neue',Helvetica,Arial,sans-serif;font-size:11px;border:1px solid #e5e7eb;border-radius:8px;overflow:hidden;"><tr><th colspan="2" style="padding:5px 8px;background:#1f6feb;color:#fff;text-align:left;font-size:12px;font-weight:600;">JT-057</th></tr><tr><th style="padding:3px 5px;text-align:left;background:#f3f4f6;border-bottom:1px solid #d1d5db;width:30%;font-size:11px;font-weight:600;color:#1f2937;">ID</th><td style="padding:3px 5px;border-bottom:1px solid #e5e7eb;font-size:11px;color:#111827;">JT-057</td></tr><tr><th style="padding:3px 5px;text-align:left;background:#f3f4f6;border-bottom:1px solid #d1d5db;width:30%;font-size:11px;font-weight:600;color:#1f2937;">Endereço</th><td style="padding:3px 5px;border-bottom:1px solid #e5e7eb;font-size:11px;color:#111827;">Rua Ushikichi Kamiya, 1400</td></tr><tr><th style="padding:3px 5px;text-align:left;background:#f3f4f6;border-bottom:1px solid #d1d5db;width:30%;font-size:11px;font-weight:600;color:#1f2937;">Subprefeitura</th><td style="padding:3px 5px;border-bottom:1px solid #e5e7eb;font-size:11px;color:#111827;">Jaçanã/Tremembé</td></tr><tr><th style="padding:3px 5px;text-align:left;background:#f3f4f6;border-bottom:1px solid #d1d5db;width:30%;font-size:11px;font-weight:600;color:#1f2937;">Volumetria</th><td style="padding:3px 5px;border-bottom:1px solid #e5e7eb;font-size:11px;color:#111827;">Mais de 5m³</td></tr></table>]]></description><Point><coordinates>-46.5803600,-23.4390500,0</coordinates></Point></Placemark>
<Style id="s-PV-182">
<LineStyle><color>ff82004b</color><width>2.0</width></LineStyle>
<PolyStyle><color>ff82004b</color></PolyStyle>
<IconStyle><color>ff82004b</color><scale>0.55</scale>
<Icon><href>http://maps.google.com/mapfiles/kml/shapes/placemark_circle.png</href></Icon>
</IconStyle>
<LabelStyle><scale>0.65</scale></LabelStyle>
</Style><Placemark><name>JT-058</name><styleUrl>#s-PV-182</styleUrl><description><![CDATA[<table style="border-collapse:collapse;width:100%;font-family:'Helvetica Neue',Helvetica,Arial,sans-serif;font-size:11px;border:1px solid #e5e7eb;border-radius:8px;overflow:hidden;"><tr><th colspan="2" style="padding:5px 8px;background:#1f6feb;color:#fff;text-align:left;font-size:12px;font-weight:600;">JT-058</th></tr><tr><th style="padding:3px 5px;text-align:left;background:#f3f4f6;border-bottom:1px solid #d1d5db;width:30%;font-size:11px;font-weight:600;color:#1f2937;">ID</th><td style="padding:3px 5px;border-bottom:1px solid #e5e7eb;font-size:11px;color:#111827;">JT-058</td></tr><tr><th style="padding:3px 5px;text-align:left;background:#f3f4f6;border-bottom:1px solid #d1d5db;width:30%;font-size:11px;font-weight:600;color:#1f2937;">Endereço</th><td style="padding:3px 5px;border-bottom:1px solid #e5e7eb;font-size:11px;color:#111827;">Rua Ushikichi Kamiya, 1460</td></tr><tr><th style="padding:3px 5px;text-align:left;background:#f3f4f6;border-bottom:1px solid #d1d5db;width:30%;font-size:11px;font-weight:600;color:#1f2937;">Subprefeitura</th><td style="padding:3px 5px;border-bottom:1px solid #e5e7eb;font-size:11px;color:#111827;">Jaçanã/Tremembé</td></tr><tr><th style="padding:3px 5px;text-align:left;background:#f3f4f6;border-bottom:1px solid #d1d5db;width:30%;font-size:11px;font-weight:600;color:#1f2937;">Volumetria</th><td style="padding:3px 5px;border-bottom:1px solid #e5e7eb;font-size:11px;color:#111827;">Mais de 5m³</td></tr></table>]]></description><Point><coordinates>-46.5714800,-23.4399400,0</coordinates></Point></Placemark>
<Style id="s-PV-183">
<LineStyle><color>ff82004b</color><width>2.0</width></LineStyle>
<PolyStyle><color>ff82004b</color></PolyStyle>
<IconStyle><color>ff82004b</color><scale>0.55</scale>
<Icon><href>http://maps.google.com/mapfiles/kml/shapes/placemark_circle.png</href></Icon>
</IconStyle>
<LabelStyle><scale>0.65</scale></LabelStyle>
</Style><Placemark><name>JT-059</name><styleUrl>#s-PV-183</styleUrl><description><![CDATA[<table style="border-collapse:collapse;width:100%;font-family:'Helvetica Neue',Helvetica,Arial,sans-serif;font-size:11px;border:1px solid #e5e7eb;border-radius:8px;overflow:hidden;"><tr><th colspan="2" style="padding:5px 8px;background:#1f6feb;color:#fff;text-align:left;font-size:12px;font-weight:600;">JT-059</th></tr><tr><th style="padding:3px 5px;text-align:left;background:#f3f4f6;border-bottom:1px solid #d1d5db;width:30%;font-size:11px;font-weight:600;color:#1f2937;">ID</th><td style="padding:3px 5px;border-bottom:1px solid #e5e7eb;font-size:11px;color:#111827;">JT-059</td></tr><tr><th style="padding:3px 5px;text-align:left;background:#f3f4f6;border-bottom:1px solid #d1d5db;width:30%;font-size:11px;font-weight:600;color:#1f2937;">Endereço</th><td style="padding:3px 5px;border-bottom:1px solid #e5e7eb;font-size:11px;color:#111827;">Rua Ushikichi Kamiya, 151</td></tr><tr><th style="padding:3px 5px;text-align:left;background:#f3f4f6;border-bottom:1px solid #d1d5db;width:30%;font-size:11px;font-weight:600;color:#1f2937;">Subprefeitura</th><td style="padding:3px 5px;border-bottom:1px solid #e5e7eb;font-size:11px;color:#111827;">Jaçanã/Tremembé</td></tr><tr><th style="padding:3px 5px;text-align:left;background:#f3f4f6;border-bottom:1px solid #d1d5db;width:30%;font-size:11px;font-weight:600;color:#1f2937;">Volumetria</th><td style="padding:3px 5px;border-bottom:1px solid #e5e7eb;font-size:11px;color:#111827;">Mais de 5m³</td></tr></table>]]></description><Point><coordinates>-46.5932600,-23.4428700,0</coordinates></Point></Placemark>
<Style id="s-PV-184">
<LineStyle><color>ff82004b</color><width>2.0</width></LineStyle>
<PolyStyle><color>ff82004b</color></PolyStyle>
<IconStyle><color>ff82004b</color><scale>0.55</scale>
<Icon><href>http://maps.google.com/mapfiles/kml/shapes/placemark_circle.png</href></Icon>
</IconStyle>
<LabelStyle><scale>0.65</scale></LabelStyle>
</Style><Placemark><name>JT-060</name><styleUrl>#s-PV-184</styleUrl><description><![CDATA[<table style="border-collapse:collapse;width:100%;font-family:'Helvetica Neue',Helvetica,Arial,sans-serif;font-size:11px;border:1px solid #e5e7eb;border-radius:8px;overflow:hidden;"><tr><th colspan="2" style="padding:5px 8px;background:#1f6feb;color:#fff;text-align:left;font-size:12px;font-weight:600;">JT-060</th></tr><tr><th style="padding:3px 5px;text-align:left;background:#f3f4f6;border-bottom:1px solid #d1d5db;width:30%;font-size:11px;font-weight:600;color:#1f2937;">ID</th><td style="padding:3px 5px;border-bottom:1px solid #e5e7eb;font-size:11px;color:#111827;">JT-060</td></tr><tr><th style="padding:3px 5px;text-align:left;background:#f3f4f6;border-bottom:1px solid #d1d5db;width:30%;font-size:11px;font-weight:600;color:#1f2937;">Endereço</th><td style="padding:3px 5px;border-bottom:1px solid #e5e7eb;font-size:11px;color:#111827;">Rua Ushikichi Kamiya, 1556</td></tr><tr><th style="padding:3px 5px;text-align:left;background:#f3f4f6;border-bottom:1px solid #d1d5db;width:30%;font-size:11px;font-weight:600;color:#1f2937;">Subprefeitura</th><td style="padding:3px 5px;border-bottom:1px solid #e5e7eb;font-size:11px;color:#111827;">Jaçanã/Tremembé</td></tr><tr><th style="padding:3px 5px;text-align:left;background:#f3f4f6;border-bottom:1px solid #d1d5db;width:30%;font-size:11px;font-weight:600;color:#1f2937;">Volumetria</th><td style="padding:3px 5px;border-bottom:1px solid #e5e7eb;font-size:11px;color:#111827;">Mais de 5m³</td></tr></table>]]></description><Point><coordinates>-46.5789800,-23.4392100,0</coordinates></Point></Placemark>
<Style id="s-PV-185">
<LineStyle><color>ff82004b</color><width>2.0</width></LineStyle>
<PolyStyle><color>ff82004b</color></PolyStyle>
<IconStyle><color>ff82004b</color><scale>0.55</scale>
<Icon><href>http://maps.google.com/mapfiles/kml/shapes/placemark_circle.png</href></Icon>
</IconStyle>
<LabelStyle><scale>0.65</scale></LabelStyle>
</Style><Placemark><name>JT-061</name><styleUrl>#s-PV-185</styleUrl><description><![CDATA[<table style="border-collapse:collapse;width:100%;font-family:'Helvetica Neue',Helvetica,Arial,sans-serif;font-size:11px;border:1px solid #e5e7eb;border-radius:8px;overflow:hidden;"><tr><th colspan="2" style="padding:5px 8px;background:#1f6feb;color:#fff;text-align:left;font-size:12px;font-weight:600;">JT-061</th></tr><tr><th style="padding:3px 5px;text-align:left;background:#f3f4f6;border-bottom:1px solid #d1d5db;width:30%;font-size:11px;font-weight:600;color:#1f2937;">ID</th><td style="padding:3px 5px;border-bottom:1px solid #e5e7eb;font-size:11px;color:#111827;">JT-061</td></tr><tr><th style="padding:3px 5px;text-align:left;background:#f3f4f6;border-bottom:1px solid #d1d5db;width:30%;font-size:11px;font-weight:600;color:#1f2937;">Endereço</th><td style="padding:3px 5px;border-bottom:1px solid #e5e7eb;font-size:11px;color:#111827;">Rua Ushikichi Kamiya, 1700</td></tr><tr><th style="padding:3px 5px;text-align:left;background:#f3f4f6;border-bottom:1px solid #d1d5db;width:30%;font-size:11px;font-weight:600;color:#1f2937;">Subprefeitura</th><td style="padding:3px 5px;border-bottom:1px solid #e5e7eb;font-size:11px;color:#111827;">Jaçanã/Tremembé</td></tr><tr><th style="padding:3px 5px;text-align:left;background:#f3f4f6;border-bottom:1px solid #d1d5db;width:30%;font-size:11px;font-weight:600;color:#1f2937;">Volumetria</th><td style="padding:3px 5px;border-bottom:1px solid #e5e7eb;font-size:11px;color:#111827;">Mais de 5m³</td></tr><tr><th style="padding:3px 5px;text-align:left;background:#f3f4f6;border-bottom:1px solid #d1d5db;width:30%;font-size:11px;font-weight:600;color:#1f2937;">Status</th><td style="padding:3px 5px;border-bottom:1px solid #e5e7eb;font-size:11px;color:#111827;">Revitalizado</td></tr><tr><th style="padding:3px 5px;text-align:left;background:#f3f4f6;border-bottom:1px solid #d1d5db;width:30%;font-size:11px;font-weight:600;color:#1f2937;">Data</th><td style="padding:3px 5px;border-bottom:1px solid #e5e7eb;font-size:11px;color:#111827;">46018</td></tr></table>]]></description><Point><coordinates>-46.5677200,-23.4384500,0</coordinates></Point></Placemark>
<Style id="s-PV-186">
<LineStyle><color>ff82004b</color><width>2.0</width></LineStyle>
<PolyStyle><color>ff82004b</color></PolyStyle>
<IconStyle><color>ff82004b</color><scale>0.55</scale>
<Icon><href>http://maps.google.com/mapfiles/kml/shapes/placemark_circle.png</href></Icon>
</IconStyle>
<LabelStyle><scale>0.65</scale></LabelStyle>
</Style><Placemark><name>JT-062</name><styleUrl>#s-PV-186</styleUrl><description><![CDATA[<table style="border-collapse:collapse;width:100%;font-family:'Helvetica Neue',Helvetica,Arial,sans-serif;font-size:11px;border:1px solid #e5e7eb;border-radius:8px;overflow:hidden;"><tr><th colspan="2" style="padding:5px 8px;background:#1f6feb;color:#fff;text-align:left;font-size:12px;font-weight:600;">JT-062</th></tr><tr><th style="padding:3px 5px;text-align:left;background:#f3f4f6;border-bottom:1px solid #d1d5db;width:30%;font-size:11px;font-weight:600;color:#1f2937;">ID</th><td style="padding:3px 5px;border-bottom:1px solid #e5e7eb;font-size:11px;color:#111827;">JT-062</td></tr><tr><th style="padding:3px 5px;text-align:left;background:#f3f4f6;border-bottom:1px solid #d1d5db;width:30%;font-size:11px;font-weight:600;color:#1f2937;">Endereço</th><td style="padding:3px 5px;border-bottom:1px solid #e5e7eb;font-size:11px;color:#111827;">Rua Ushikichi Kamiya, 196</td></tr><tr><th style="padding:3px 5px;text-align:left;background:#f3f4f6;border-bottom:1px solid #d1d5db;width:30%;font-size:11px;font-weight:600;color:#1f2937;">Subprefeitura</th><td style="padding:3px 5px;border-bottom:1px solid #e5e7eb;font-size:11px;color:#111827;">Jaçanã/Tremembé</td></tr><tr><th style="padding:3px 5px;text-align:left;background:#f3f4f6;border-bottom:1px solid #d1d5db;width:30%;font-size:11px;font-weight:600;color:#1f2937;">Volumetria</th><td style="padding:3px 5px;border-bottom:1px solid #e5e7eb;font-size:11px;color:#111827;">Mais de 5m³</td></tr></table>]]></description><Point><coordinates>-46.5918200,-23.4429900,0</coordinates></Point></Placemark>
<Style id="s-PV-187">
<LineStyle><color>ff82004b</color><width>2.0</width></LineStyle>
<PolyStyle><color>ff82004b</color></PolyStyle>
<IconStyle><color>ff82004b</color><scale>0.55</scale>
<Icon><href>http://maps.google.com/mapfiles/kml/shapes/placemark_circle.png</href></Icon>
</IconStyle>
<LabelStyle><scale>0.65</scale></LabelStyle>
</Style><Placemark><name>JT-063</name><styleUrl>#s-PV-187</styleUrl><description><![CDATA[<table style="border-collapse:collapse;width:100%;font-family:'Helvetica Neue',Helvetica,Arial,sans-serif;font-size:11px;border:1px solid #e5e7eb;border-radius:8px;overflow:hidden;"><tr><th colspan="2" style="padding:5px 8px;background:#1f6feb;color:#fff;text-align:left;font-size:12px;font-weight:600;">JT-063</th></tr><tr><th style="padding:3px 5px;text-align:left;background:#f3f4f6;border-bottom:1px solid #d1d5db;width:30%;font-size:11px;font-weight:600;color:#1f2937;">ID</th><td style="padding:3px 5px;border-bottom:1px solid #e5e7eb;font-size:11px;color:#111827;">JT-063</td></tr><tr><th style="padding:3px 5px;text-align:left;background:#f3f4f6;border-bottom:1px solid #d1d5db;width:30%;font-size:11px;font-weight:600;color:#1f2937;">Endereço</th><td style="padding:3px 5px;border-bottom:1px solid #e5e7eb;font-size:11px;color:#111827;">Rua Ushikichi Kamiya, 2425</td></tr><tr><th style="padding:3px 5px;text-align:left;background:#f3f4f6;border-bottom:1px solid #d1d5db;width:30%;font-size:11px;font-weight:600;color:#1f2937;">Subprefeitura</th><td style="padding:3px 5px;border-bottom:1px solid #e5e7eb;font-size:11px;color:#111827;">Jaçanã/Tremembé</td></tr><tr><th style="padding:3px 5px;text-align:left;background:#f3f4f6;border-bottom:1px solid #d1d5db;width:30%;font-size:11px;font-weight:600;color:#1f2937;">Volumetria</th><td style="padding:3px 5px;border-bottom:1px solid #e5e7eb;font-size:11px;color:#111827;">Mais de 5m³</td></tr></table>]]></description><Point><coordinates>-46.5756000,-23.4392200,0</coordinates></Point></Placemark>
<Style id="s-PV-188">
<LineStyle><color>ff82004b</color><width>2.0</width></LineStyle>
<PolyStyle><color>ff82004b</color></PolyStyle>
<IconStyle><color>ff82004b</color><scale>0.55</scale>
<Icon><href>http://maps.google.com/mapfiles/kml/shapes/placemark_circle.png</href></Icon>
</IconStyle>
<LabelStyle><scale>0.65</scale></LabelStyle>
</Style><Placemark><name>JT-064</name><styleUrl>#s-PV-188</styleUrl><description><![CDATA[<table style="border-collapse:collapse;width:100%;font-family:'Helvetica Neue',Helvetica,Arial,sans-serif;font-size:11px;border:1px solid #e5e7eb;border-radius:8px;overflow:hidden;"><tr><th colspan="2" style="padding:5px 8px;background:#1f6feb;color:#fff;text-align:left;font-size:12px;font-weight:600;">JT-064</th></tr><tr><th style="padding:3px 5px;text-align:left;background:#f3f4f6;border-bottom:1px solid #d1d5db;width:30%;font-size:11px;font-weight:600;color:#1f2937;">ID</th><td style="padding:3px 5px;border-bottom:1px solid #e5e7eb;font-size:11px;color:#111827;">JT-064</td></tr><tr><th style="padding:3px 5px;text-align:left;background:#f3f4f6;border-bottom:1px solid #d1d5db;width:30%;font-size:11px;font-weight:600;color:#1f2937;">Endereço</th><td style="padding:3px 5px;border-bottom:1px solid #e5e7eb;font-size:11px;color:#111827;">Rua Ushikichi Kamiya, 38</td></tr><tr><th style="padding:3px 5px;text-align:left;background:#f3f4f6;border-bottom:1px solid #d1d5db;width:30%;font-size:11px;font-weight:600;color:#1f2937;">Subprefeitura</th><td style="padding:3px 5px;border-bottom:1px solid #e5e7eb;font-size:11px;color:#111827;">Jaçanã/Tremembé</td></tr><tr><th style="padding:3px 5px;text-align:left;background:#f3f4f6;border-bottom:1px solid #d1d5db;width:30%;font-size:11px;font-weight:600;color:#1f2937;">Volumetria</th><td style="padding:3px 5px;border-bottom:1px solid #e5e7eb;font-size:11px;color:#111827;">Entre 1m³ e 5m³</td></tr></table>]]></description><Point><coordinates>-46.5941900,-23.4430000,0</coordinates></Point></Placemark>
<Style id="s-PV-189">
<LineStyle><color>ff82004b</color><width>2.0</width></LineStyle>
<PolyStyle><color>ff82004b</color></PolyStyle>
<IconStyle><color>ff82004b</color><scale>0.55</scale>
<Icon><href>http://maps.google.com/mapfiles/kml/shapes/placemark_circle.png</href></Icon>
</IconStyle>
<LabelStyle><scale>0.65</scale></LabelStyle>
</Style><Placemark><name>JT-065</name><styleUrl>#s-PV-189</styleUrl><description><![CDATA[<table style="border-collapse:collapse;width:100%;font-family:'Helvetica Neue',Helvetica,Arial,sans-serif;font-size:11px;border:1px solid #e5e7eb;border-radius:8px;overflow:hidden;"><tr><th colspan="2" style="padding:5px 8px;background:#1f6feb;color:#fff;text-align:left;font-size:12px;font-weight:600;">JT-065</th></tr><tr><th style="padding:3px 5px;text-align:left;background:#f3f4f6;border-bottom:1px solid #d1d5db;width:30%;font-size:11px;font-weight:600;color:#1f2937;">ID</th><td style="padding:3px 5px;border-bottom:1px solid #e5e7eb;font-size:11px;color:#111827;">JT-065</td></tr><tr><th style="padding:3px 5px;text-align:left;background:#f3f4f6;border-bottom:1px solid #d1d5db;width:30%;font-size:11px;font-weight:600;color:#1f2937;">Endereço</th><td style="padding:3px 5px;border-bottom:1px solid #e5e7eb;font-size:11px;color:#111827;">Rua Ushikichi Kamiya, 790</td></tr><tr><th style="padding:3px 5px;text-align:left;background:#f3f4f6;border-bottom:1px solid #d1d5db;width:30%;font-size:11px;font-weight:600;color:#1f2937;">Subprefeitura</th><td style="padding:3px 5px;border-bottom:1px solid #e5e7eb;font-size:11px;color:#111827;">Jaçanã/Tremembé</td></tr><tr><th style="padding:3px 5px;text-align:left;background:#f3f4f6;border-bottom:1px solid #d1d5db;width:30%;font-size:11px;font-weight:600;color:#1f2937;">Volumetria</th><td style="padding:3px 5px;border-bottom:1px solid #e5e7eb;font-size:11px;color:#111827;">Entre 1m³ e 5m³</td></tr></table>]]></description><Point><coordinates>-46.5880300,-23.4412000,0</coordinates></Point></Placemark>
<Style id="s-PV-190">
<LineStyle><color>ff82004b</color><width>2.0</width></LineStyle>
<PolyStyle><color>ff82004b</color></PolyStyle>
<IconStyle><color>ff82004b</color><scale>0.55</scale>
<Icon><href>http://maps.google.com/mapfiles/kml/shapes/placemark_circle.png</href></Icon>
</IconStyle>
<LabelStyle><scale>0.65</scale></LabelStyle>
</Style><Placemark><name>JT-066</name><styleUrl>#s-PV-190</styleUrl><description><![CDATA[<table style="border-collapse:collapse;width:100%;font-family:'Helvetica Neue',Helvetica,Arial,sans-serif;font-size:11px;border:1px solid #e5e7eb;border-radius:8px;overflow:hidden;"><tr><th colspan="2" style="padding:5px 8px;background:#1f6feb;color:#fff;text-align:left;font-size:12px;font-weight:600;">JT-066</th></tr><tr><th style="padding:3px 5px;text-align:left;background:#f3f4f6;border-bottom:1px solid #d1d5db;width:30%;font-size:11px;font-weight:600;color:#1f2937;">ID</th><td style="padding:3px 5px;border-bottom:1px solid #e5e7eb;font-size:11px;color:#111827;">JT-066</td></tr><tr><th style="padding:3px 5px;text-align:left;background:#f3f4f6;border-bottom:1px solid #d1d5db;width:30%;font-size:11px;font-weight:600;color:#1f2937;">Endereço</th><td style="padding:3px 5px;border-bottom:1px solid #e5e7eb;font-size:11px;color:#111827;">Rua Ushikichi Kamiya, 810</td></tr><tr><th style="padding:3px 5px;text-align:left;background:#f3f4f6;border-bottom:1px solid #d1d5db;width:30%;font-size:11px;font-weight:600;color:#1f2937;">Subprefeitura</th><td style="padding:3px 5px;border-bottom:1px solid #e5e7eb;font-size:11px;color:#111827;">Jaçanã/Tremembé</td></tr><tr><th style="padding:3px 5px;text-align:left;background:#f3f4f6;border-bottom:1px solid #d1d5db;width:30%;font-size:11px;font-weight:600;color:#1f2937;">Volumetria</th><td style="padding:3px 5px;border-bottom:1px solid #e5e7eb;font-size:11px;color:#111827;">Entre 1m³ e 5m³</td></tr></table>]]></description><Point><coordinates>-46.5767800,-23.4404900,0</coordinates></Point></Placemark>
<Style id="s-PV-191">
<LineStyle><color>ff82004b</color><width>2.0</width></LineStyle>
<PolyStyle><color>ff82004b</color></PolyStyle>
<IconStyle><color>ff82004b</color><scale>0.55</scale>
<Icon><href>http://maps.google.com/mapfiles/kml/shapes/placemark_circle.png</href></Icon>
</IconStyle>
<LabelStyle><scale>0.65</scale></LabelStyle>
</Style><Placemark><name>JT-067</name><styleUrl>#s-PV-191</styleUrl><description><![CDATA[<table style="border-collapse:collapse;width:100%;font-family:'Helvetica Neue',Helvetica,Arial,sans-serif;font-size:11px;border:1px solid #e5e7eb;border-radius:8px;overflow:hidden;"><tr><th colspan="2" style="padding:5px 8px;background:#1f6feb;color:#fff;text-align:left;font-size:12px;font-weight:600;">JT-067</th></tr><tr><th style="padding:3px 5px;text-align:left;background:#f3f4f6;border-bottom:1px solid #d1d5db;width:30%;font-size:11px;font-weight:600;color:#1f2937;">ID</th><td style="padding:3px 5px;border-bottom:1px solid #e5e7eb;font-size:11px;color:#111827;">JT-067</td></tr><tr><th style="padding:3px 5px;text-align:left;background:#f3f4f6;border-bottom:1px solid #d1d5db;width:30%;font-size:11px;font-weight:600;color:#1f2937;">Endereço</th><td style="padding:3px 5px;border-bottom:1px solid #e5e7eb;font-size:11px;color:#111827;">Rua Vinte e Um de Março, 7</td></tr><tr><th style="padding:3px 5px;text-align:left;background:#f3f4f6;border-bottom:1px solid #d1d5db;width:30%;font-size:11px;font-weight:600;color:#1f2937;">Subprefeitura</th><td style="padding:3px 5px;border-bottom:1px solid #e5e7eb;font-size:11px;color:#111827;">Jaçanã/Tremembé</td></tr><tr><th style="padding:3px 5px;text-align:left;background:#f3f4f6;border-bottom:1px solid #d1d5db;width:30%;font-size:11px;font-weight:600;color:#1f2937;">Volumetria</th><td style="padding:3px 5px;border-bottom:1px solid #e5e7eb;font-size:11px;color:#111827;">Entre 1m³ e 5m³</td></tr><tr><th style="padding:3px 5px;text-align:left;background:#f3f4f6;border-bottom:1px solid #d1d5db;width:30%;font-size:11px;font-weight:600;color:#1f2937;">Status</th><td style="padding:3px 5px;border-bottom:1px solid #e5e7eb;font-size:11px;color:#111827;">Revitalizado</td></tr><tr><th style="padding:3px 5px;text-align:left;background:#f3f4f6;border-bottom:1px solid #d1d5db;width:30%;font-size:11px;font-weight:600;color:#1f2937;">Data</th><td style="padding:3px 5px;border-bottom:1px solid #e5e7eb;font-size:11px;color:#111827;">45962</td></tr></table>]]></description><Point><coordinates>-46.5775700,-23.4416100,0</coordinates></Point></Placemark>
<Style id="s-PV-192">
<LineStyle><color>ff82004b</color><width>2.0</width></LineStyle>
<PolyStyle><color>ff82004b</color></PolyStyle>
<IconStyle><color>ff82004b</color><scale>0.55</scale>
<Icon><href>http://maps.google.com/mapfiles/kml/shapes/placemark_circle.png</href></Icon>
</IconStyle>
<LabelStyle><scale>0.65</scale></LabelStyle>
</Style><Placemark><name>JT-068</name><styleUrl>#s-PV-192</styleUrl><description><![CDATA[<table style="border-collapse:collapse;width:100%;font-family:'Helvetica Neue',Helvetica,Arial,sans-serif;font-size:11px;border:1px solid #e5e7eb;border-radius:8px;overflow:hidden;"><tr><th colspan="2" style="padding:5px 8px;background:#1f6feb;color:#fff;text-align:left;font-size:12px;font-weight:600;">JT-068</th></tr><tr><th style="padding:3px 5px;text-align:left;background:#f3f4f6;border-bottom:1px solid #d1d5db;width:30%;font-size:11px;font-weight:600;color:#1f2937;">ID</th><td style="padding:3px 5px;border-bottom:1px solid #e5e7eb;font-size:11px;color:#111827;">JT-068</td></tr><tr><th style="padding:3px 5px;text-align:left;background:#f3f4f6;border-bottom:1px solid #d1d5db;width:30%;font-size:11px;font-weight:600;color:#1f2937;">Endereço</th><td style="padding:3px 5px;border-bottom:1px solid #e5e7eb;font-size:11px;color:#111827;">Travessa Igarapé Primavera, 277</td></tr><tr><th style="padding:3px 5px;text-align:left;background:#f3f4f6;border-bottom:1px solid #d1d5db;width:30%;font-size:11px;font-weight:600;color:#1f2937;">Subprefeitura</th><td style="padding:3px 5px;border-bottom:1px solid #e5e7eb;font-size:11px;color:#111827;">Jaçanã/Tremembé</td></tr><tr><th style="padding:3px 5px;text-align:left;background:#f3f4f6;border-bottom:1px solid #d1d5db;width:30%;font-size:11px;font-weight:600;color:#1f2937;">Volumetria</th><td style="padding:3px 5px;border-bottom:1px solid #e5e7eb;font-size:11px;color:#111827;">Mais de 5m³</td></tr></table>]]></description><Point><coordinates>-46.5815300,-23.4520500,0</coordinates></Point></Placemark>
<Style id="s-PV-193">
<LineStyle><color>ff82004b</color><width>2.0</width></LineStyle>
<PolyStyle><color>ff82004b</color></PolyStyle>
<IconStyle><color>ff82004b</color><scale>0.55</scale>
<Icon><href>http://maps.google.com/mapfiles/kml/shapes/placemark_circle.png</href></Icon>
</IconStyle>
<LabelStyle><scale>0.65</scale></LabelStyle>
</Style><Placemark><name>JT-069</name><styleUrl>#s-PV-193</styleUrl><description><![CDATA[<table style="border-collapse:collapse;width:100%;font-family:'Helvetica Neue',Helvetica,Arial,sans-serif;font-size:11px;border:1px solid #e5e7eb;border-radius:8px;overflow:hidden;"><tr><th colspan="2" style="padding:5px 8px;background:#1f6feb;color:#fff;text-align:left;font-size:12px;font-weight:600;">JT-069</th></tr><tr><th style="padding:3px 5px;text-align:left;background:#f3f4f6;border-bottom:1px solid #d1d5db;width:30%;font-size:11px;font-weight:600;color:#1f2937;">ID</th><td style="padding:3px 5px;border-bottom:1px solid #e5e7eb;font-size:11px;color:#111827;">JT-069</td></tr><tr><th style="padding:3px 5px;text-align:left;background:#f3f4f6;border-bottom:1px solid #d1d5db;width:30%;font-size:11px;font-weight:600;color:#1f2937;">Endereço</th><td style="padding:3px 5px;border-bottom:1px solid #e5e7eb;font-size:11px;color:#111827;">Travessa Waldemar de Almeida e Silva, 176</td></tr><tr><th style="padding:3px 5px;text-align:left;background:#f3f4f6;border-bottom:1px solid #d1d5db;width:30%;font-size:11px;font-weight:600;color:#1f2937;">Subprefeitura</th><td style="padding:3px 5px;border-bottom:1px solid #e5e7eb;font-size:11px;color:#111827;">Jaçanã/Tremembé</td></tr><tr><th style="padding:3px 5px;text-align:left;background:#f3f4f6;border-bottom:1px solid #d1d5db;width:30%;font-size:11px;font-weight:600;color:#1f2937;">Volumetria</th><td style="padding:3px 5px;border-bottom:1px solid #e5e7eb;font-size:11px;color:#111827;">Não se aplica (inativo).</td></tr><tr><th style="padding:3px 5px;text-align:left;background:#f3f4f6;border-bottom:1px solid #d1d5db;width:30%;font-size:11px;font-weight:600;color:#1f2937;">Status</th><td style="padding:3px 5px;border-bottom:1px solid #e5e7eb;font-size:11px;color:#111827;">Inativo</td></tr><tr><th style="padding:3px 5px;text-align:left;background:#f3f4f6;border-bottom:1px solid #d1d5db;width:30%;font-size:11px;font-weight:600;color:#1f2937;">Data</th><td style="padding:3px 5px;border-bottom:1px solid #e5e7eb;font-size:11px;color:#111827;">Inativo</td></tr></table>]]></description><Point><coordinates>-46.5832400,-23.4513700,0</coordinates></Point></Placemark>
<Style id="s-PV-194">
<LineStyle><color>ff82004b</color><width>2.0</width></LineStyle>
<PolyStyle><color>ff82004b</color></PolyStyle>
<IconStyle><color>ff82004b</color><scale>0.55</scale>
<Icon><href>http://maps.google.com/mapfiles/kml/shapes/placemark_circle.png</href></Icon>
</IconStyle>
<LabelStyle><scale>0.65</scale></LabelStyle>
</Style><Placemark><name>JT-070</name><styleUrl>#s-PV-194</styleUrl><description><![CDATA[<table style="border-collapse:collapse;width:100%;font-family:'Helvetica Neue',Helvetica,Arial,sans-serif;font-size:11px;border:1px solid #e5e7eb;border-radius:8px;overflow:hidden;"><tr><th colspan="2" style="padding:5px 8px;background:#1f6feb;color:#fff;text-align:left;font-size:12px;font-weight:600;">JT-070</th></tr><tr><th style="padding:3px 5px;text-align:left;background:#f3f4f6;border-bottom:1px solid #d1d5db;width:30%;font-size:11px;font-weight:600;color:#1f2937;">ID</th><td style="padding:3px 5px;border-bottom:1px solid #e5e7eb;font-size:11px;color:#111827;">JT-070</td></tr><tr><th style="padding:3px 5px;text-align:left;background:#f3f4f6;border-bottom:1px solid #d1d5db;width:30%;font-size:11px;font-weight:600;color:#1f2937;">Endereço</th><td style="padding:3px 5px;border-bottom:1px solid #e5e7eb;font-size:11px;color:#111827;">Avenida Marquês de Muritiba, 286</td></tr><tr><th style="padding:3px 5px;text-align:left;background:#f3f4f6;border-bottom:1px solid #d1d5db;width:30%;font-size:11px;font-weight:600;color:#1f2937;">Subprefeitura</th><td style="padding:3px 5px;border-bottom:1px solid #e5e7eb;font-size:11px;color:#111827;">Jaçanã/Tremembé</td></tr><tr><th style="padding:3px 5px;text-align:left;background:#f3f4f6;border-bottom:1px solid #d1d5db;width:30%;font-size:11px;font-weight:600;color:#1f2937;">Volumetria</th><td style="padding:3px 5px;border-bottom:1px solid #e5e7eb;font-size:11px;color:#111827;">Entre 1m³ e 5m³</td></tr><tr><th style="padding:3px 5px;text-align:left;background:#f3f4f6;border-bottom:1px solid #d1d5db;width:30%;font-size:11px;font-weight:600;color:#1f2937;">Status</th><td style="padding:3px 5px;border-bottom:1px solid #e5e7eb;font-size:11px;color:#111827;">Revitalizado</td></tr><tr><th style="padding:3px 5px;text-align:left;background:#f3f4f6;border-bottom:1px solid #d1d5db;width:30%;font-size:11px;font-weight:600;color:#1f2937;">Data</th><td style="padding:3px 5px;border-bottom:1px solid #e5e7eb;font-size:11px;color:#111827;">46011</td></tr></table>]]></description><Point><coordinates>-46.5794100,-23.4627500,0</coordinates></Point></Placemark>
<Style id="s-PV-195">
<LineStyle><color>ff82004b</color><width>2.0</width></LineStyle>
<PolyStyle><color>ff82004b</color></PolyStyle>
<IconStyle><color>ff82004b</color><scale>0.55</scale>
<Icon><href>http://maps.google.com/mapfiles/kml/shapes/placemark_circle.png</href></Icon>
</IconStyle>
<LabelStyle><scale>0.65</scale></LabelStyle>
</Style><Placemark><name>JT-071</name><styleUrl>#s-PV-195</styleUrl><description><![CDATA[<table style="border-collapse:collapse;width:100%;font-family:'Helvetica Neue',Helvetica,Arial,sans-serif;font-size:11px;border:1px solid #e5e7eb;border-radius:8px;overflow:hidden;"><tr><th colspan="2" style="padding:5px 8px;background:#1f6feb;color:#fff;text-align:left;font-size:12px;font-weight:600;">JT-071</th></tr><tr><th style="padding:3px 5px;text-align:left;background:#f3f4f6;border-bottom:1px solid #d1d5db;width:30%;font-size:11px;font-weight:600;color:#1f2937;">ID</th><td style="padding:3px 5px;border-bottom:1px solid #e5e7eb;font-size:11px;color:#111827;">JT-071</td></tr><tr><th style="padding:3px 5px;text-align:left;background:#f3f4f6;border-bottom:1px solid #d1d5db;width:30%;font-size:11px;font-weight:600;color:#1f2937;">Endereço</th><td style="padding:3px 5px;border-bottom:1px solid #e5e7eb;font-size:11px;color:#111827;">Rua Freire Bastos x Rua Guajarás</td></tr><tr><th style="padding:3px 5px;text-align:left;background:#f3f4f6;border-bottom:1px solid #d1d5db;width:30%;font-size:11px;font-weight:600;color:#1f2937;">Subprefeitura</th><td style="padding:3px 5px;border-bottom:1px solid #e5e7eb;font-size:11px;color:#111827;">Jaçanã/Tremembé</td></tr><tr><th style="padding:3px 5px;text-align:left;background:#f3f4f6;border-bottom:1px solid #d1d5db;width:30%;font-size:11px;font-weight:600;color:#1f2937;">Volumetria</th><td style="padding:3px 5px;border-bottom:1px solid #e5e7eb;font-size:11px;color:#111827;">Entre 1m³ e 5m³</td></tr></table>]]></description><Point><coordinates>-46.5775500,-23.4663900,0</coordinates></Point></Placemark>
<Style id="s-PV-196">
<LineStyle><color>ff82004b</color><width>2.0</width></LineStyle>
<PolyStyle><color>ff82004b</color></PolyStyle>
<IconStyle><color>ff82004b</color><scale>0.55</scale>
<Icon><href>http://maps.google.com/mapfiles/kml/shapes/placemark_circle.png</href></Icon>
</IconStyle>
<LabelStyle><scale>0.65</scale></LabelStyle>
</Style><Placemark><name>JT-072</name><styleUrl>#s-PV-196</styleUrl><description><![CDATA[<table style="border-collapse:collapse;width:100%;font-family:'Helvetica Neue',Helvetica,Arial,sans-serif;font-size:11px;border:1px solid #e5e7eb;border-radius:8px;overflow:hidden;"><tr><th colspan="2" style="padding:5px 8px;background:#1f6feb;color:#fff;text-align:left;font-size:12px;font-weight:600;">JT-072</th></tr><tr><th style="padding:3px 5px;text-align:left;background:#f3f4f6;border-bottom:1px solid #d1d5db;width:30%;font-size:11px;font-weight:600;color:#1f2937;">ID</th><td style="padding:3px 5px;border-bottom:1px solid #e5e7eb;font-size:11px;color:#111827;">JT-072</td></tr><tr><th style="padding:3px 5px;text-align:left;background:#f3f4f6;border-bottom:1px solid #d1d5db;width:30%;font-size:11px;font-weight:600;color:#1f2937;">Endereço</th><td style="padding:3px 5px;border-bottom:1px solid #e5e7eb;font-size:11px;color:#111827;">Rua Ari da Rocha Miranda, 311</td></tr><tr><th style="padding:3px 5px;text-align:left;background:#f3f4f6;border-bottom:1px solid #d1d5db;width:30%;font-size:11px;font-weight:600;color:#1f2937;">Subprefeitura</th><td style="padding:3px 5px;border-bottom:1px solid #e5e7eb;font-size:11px;color:#111827;">Jaçanã/Tremembé</td></tr><tr><th style="padding:3px 5px;text-align:left;background:#f3f4f6;border-bottom:1px solid #d1d5db;width:30%;font-size:11px;font-weight:600;color:#1f2937;">Volumetria</th><td style="padding:3px 5px;border-bottom:1px solid #e5e7eb;font-size:11px;color:#111827;">Mais de 5m³</td></tr></table>]]></description><Point><coordinates>-46.5844800,-23.4550300,0</coordinates></Point></Placemark>
<Style id="s-PV-197">
<LineStyle><color>ff82004b</color><width>2.0</width></LineStyle>
<PolyStyle><color>ff82004b</color></PolyStyle>
<IconStyle><color>ff82004b</color><scale>0.55</scale>
<Icon><href>http://maps.google.com/mapfiles/kml/shapes/placemark_circle.png</href></Icon>
</IconStyle>
<LabelStyle><scale>0.65</scale></LabelStyle>
</Style><Placemark><name>JT-073</name><styleUrl>#s-PV-197</styleUrl><description><![CDATA[<table style="border-collapse:collapse;width:100%;font-family:'Helvetica Neue',Helvetica,Arial,sans-serif;font-size:11px;border:1px solid #e5e7eb;border-radius:8px;overflow:hidden;"><tr><th colspan="2" style="padding:5px 8px;background:#1f6feb;color:#fff;text-align:left;font-size:12px;font-weight:600;">JT-073</th></tr><tr><th style="padding:3px 5px;text-align:left;background:#f3f4f6;border-bottom:1px solid #d1d5db;width:30%;font-size:11px;font-weight:600;color:#1f2937;">ID</th><td style="padding:3px 5px;border-bottom:1px solid #e5e7eb;font-size:11px;color:#111827;">JT-073</td></tr><tr><th style="padding:3px 5px;text-align:left;background:#f3f4f6;border-bottom:1px solid #d1d5db;width:30%;font-size:11px;font-weight:600;color:#1f2937;">Endereço</th><td style="padding:3px 5px;border-bottom:1px solid #e5e7eb;font-size:11px;color:#111827;">Avenida Mendes da Rocha x Rua Bacurizinho</td></tr><tr><th style="padding:3px 5px;text-align:left;background:#f3f4f6;border-bottom:1px solid #d1d5db;width:30%;font-size:11px;font-weight:600;color:#1f2937;">Subprefeitura</th><td style="padding:3px 5px;border-bottom:1px solid #e5e7eb;font-size:11px;color:#111827;">Jaçanã/Tremembé</td></tr><tr><th style="padding:3px 5px;text-align:left;background:#f3f4f6;border-bottom:1px solid #d1d5db;width:30%;font-size:11px;font-weight:600;color:#1f2937;">Volumetria</th><td style="padding:3px 5px;border-bottom:1px solid #e5e7eb;font-size:11px;color:#111827;">Entre 1m³ e 5m³</td></tr></table>]]></description><Point><coordinates>-46.5761900,-23.4728900,0</coordinates></Point></Placemark>
<Style id="s-PV-198">
<LineStyle><color>ff82004b</color><width>2.0</width></LineStyle>
<PolyStyle><color>ff82004b</color></PolyStyle>
<IconStyle><color>ff82004b</color><scale>0.55</scale>
<Icon><href>http://maps.google.com/mapfiles/kml/shapes/placemark_circle.png</href></Icon>
</IconStyle>
<LabelStyle><scale>0.65</scale></LabelStyle>
</Style><Placemark><name>JT-074</name><styleUrl>#s-PV-198</styleUrl><description><![CDATA[<table style="border-collapse:collapse;width:100%;font-family:'Helvetica Neue',Helvetica,Arial,sans-serif;font-size:11px;border:1px solid #e5e7eb;border-radius:8px;overflow:hidden;"><tr><th colspan="2" style="padding:5px 8px;background:#1f6feb;color:#fff;text-align:left;font-size:12px;font-weight:600;">JT-074</th></tr><tr><th style="padding:3px 5px;text-align:left;background:#f3f4f6;border-bottom:1px solid #d1d5db;width:30%;font-size:11px;font-weight:600;color:#1f2937;">ID</th><td style="padding:3px 5px;border-bottom:1px solid #e5e7eb;font-size:11px;color:#111827;">JT-074</td></tr><tr><th style="padding:3px 5px;text-align:left;background:#f3f4f6;border-bottom:1px solid #d1d5db;width:30%;font-size:11px;font-weight:600;color:#1f2937;">Endereço</th><td style="padding:3px 5px;border-bottom:1px solid #e5e7eb;font-size:11px;color:#111827;">Rua Antônio Nascente, 222</td></tr><tr><th style="padding:3px 5px;text-align:left;background:#f3f4f6;border-bottom:1px solid #d1d5db;width:30%;font-size:11px;font-weight:600;color:#1f2937;">Subprefeitura</th><td style="padding:3px 5px;border-bottom:1px solid #e5e7eb;font-size:11px;color:#111827;">Jaçanã/Tremembé</td></tr><tr><th style="padding:3px 5px;text-align:left;background:#f3f4f6;border-bottom:1px solid #d1d5db;width:30%;font-size:11px;font-weight:600;color:#1f2937;">Volumetria</th><td style="padding:3px 5px;border-bottom:1px solid #e5e7eb;font-size:11px;color:#111827;">Entre 1m³ e 5m³</td></tr></table>]]></description><Point><coordinates>-46.5738200,-23.4571700,0</coordinates></Point></Placemark>
<Style id="s-PV-199">
<LineStyle><color>ff82004b</color><width>2.0</width></LineStyle>
<PolyStyle><color>ff82004b</color></PolyStyle>
<IconStyle><color>ff82004b</color><scale>0.55</scale>
<Icon><href>http://maps.google.com/mapfiles/kml/shapes/placemark_circle.png</href></Icon>
</IconStyle>
<LabelStyle><scale>0.65</scale></LabelStyle>
</Style><Placemark><name>JT-075</name><styleUrl>#s-PV-199</styleUrl><description><![CDATA[<table style="border-collapse:collapse;width:100%;font-family:'Helvetica Neue',Helvetica,Arial,sans-serif;font-size:11px;border:1px solid #e5e7eb;border-radius:8px;overflow:hidden;"><tr><th colspan="2" style="padding:5px 8px;background:#1f6feb;color:#fff;text-align:left;font-size:12px;font-weight:600;">JT-075</th></tr><tr><th style="padding:3px 5px;text-align:left;background:#f3f4f6;border-bottom:1px solid #d1d5db;width:30%;font-size:11px;font-weight:600;color:#1f2937;">ID</th><td style="padding:3px 5px;border-bottom:1px solid #e5e7eb;font-size:11px;color:#111827;">JT-075</td></tr><tr><th style="padding:3px 5px;text-align:left;background:#f3f4f6;border-bottom:1px solid #d1d5db;width:30%;font-size:11px;font-weight:600;color:#1f2937;">Endereço</th><td style="padding:3px 5px;border-bottom:1px solid #e5e7eb;font-size:11px;color:#111827;">Avenida Antonelo da Messina, 1711B</td></tr><tr><th style="padding:3px 5px;text-align:left;background:#f3f4f6;border-bottom:1px solid #d1d5db;width:30%;font-size:11px;font-weight:600;color:#1f2937;">Subprefeitura</th><td style="padding:3px 5px;border-bottom:1px solid #e5e7eb;font-size:11px;color:#111827;">Jaçanã/Tremembé</td></tr><tr><th style="padding:3px 5px;text-align:left;background:#f3f4f6;border-bottom:1px solid #d1d5db;width:30%;font-size:11px;font-weight:600;color:#1f2937;">Volumetria</th><td style="padding:3px 5px;border-bottom:1px solid #e5e7eb;font-size:11px;color:#111827;">Entre 1m³ e 5m³</td></tr></table>]]></description><Point><coordinates>-46.5897500,-23.4419900,0</coordinates></Point></Placemark>
<Style id="s-PV-200">
<LineStyle><color>ff82004b</color><width>2.0</width></LineStyle>
<PolyStyle><color>ff82004b</color></PolyStyle>
<IconStyle><color>ff82004b</color><scale>0.55</scale>
<Icon><href>http://maps.google.com/mapfiles/kml/shapes/placemark_circle.png</href></Icon>
</IconStyle>
<LabelStyle><scale>0.65</scale></LabelStyle>
</Style><Placemark><name>JT-076</name><styleUrl>#s-PV-200</styleUrl><description><![CDATA[<table style="border-collapse:collapse;width:100%;font-family:'Helvetica Neue',Helvetica,Arial,sans-serif;font-size:11px;border:1px solid #e5e7eb;border-radius:8px;overflow:hidden;"><tr><th colspan="2" style="padding:5px 8px;background:#1f6feb;color:#fff;text-align:left;font-size:12px;font-weight:600;">JT-076</th></tr><tr><th style="padding:3px 5px;text-align:left;background:#f3f4f6;border-bottom:1px solid #d1d5db;width:30%;font-size:11px;font-weight:600;color:#1f2937;">ID</th><td style="padding:3px 5px;border-bottom:1px solid #e5e7eb;font-size:11px;color:#111827;">JT-076</td></tr><tr><th style="padding:3px 5px;text-align:left;background:#f3f4f6;border-bottom:1px solid #d1d5db;width:30%;font-size:11px;font-weight:600;color:#1f2937;">Endereço</th><td style="padding:3px 5px;border-bottom:1px solid #e5e7eb;font-size:11px;color:#111827;">Rua Luís Martins, 59A</td></tr><tr><th style="padding:3px 5px;text-align:left;background:#f3f4f6;border-bottom:1px solid #d1d5db;width:30%;font-size:11px;font-weight:600;color:#1f2937;">Subprefeitura</th><td style="padding:3px 5px;border-bottom:1px solid #e5e7eb;font-size:11px;color:#111827;">Jaçanã/Tremembé</td></tr><tr><th style="padding:3px 5px;text-align:left;background:#f3f4f6;border-bottom:1px solid #d1d5db;width:30%;font-size:11px;font-weight:600;color:#1f2937;">Volumetria</th><td style="padding:3px 5px;border-bottom:1px solid #e5e7eb;font-size:11px;color:#111827;">Entre 1m³ e 5m³</td></tr></table>]]></description><Point><coordinates>-46.5786000,-23.4424500,0</coordinates></Point></Placemark>
<Style id="s-PV-201">
<LineStyle><color>ff82004b</color><width>2.0</width></LineStyle>
<PolyStyle><color>ff82004b</color></PolyStyle>
<IconStyle><color>ff82004b</color><scale>0.55</scale>
<Icon><href>http://maps.google.com/mapfiles/kml/shapes/placemark_circle.png</href></Icon>
</IconStyle>
<LabelStyle><scale>0.65</scale></LabelStyle>
</Style><Placemark><name>JT-077</name><styleUrl>#s-PV-201</styleUrl><description><![CDATA[<table style="border-collapse:collapse;width:100%;font-family:'Helvetica Neue',Helvetica,Arial,sans-serif;font-size:11px;border:1px solid #e5e7eb;border-radius:8px;overflow:hidden;"><tr><th colspan="2" style="padding:5px 8px;background:#1f6feb;color:#fff;text-align:left;font-size:12px;font-weight:600;">JT-077</th></tr><tr><th style="padding:3px 5px;text-align:left;background:#f3f4f6;border-bottom:1px solid #d1d5db;width:30%;font-size:11px;font-weight:600;color:#1f2937;">ID</th><td style="padding:3px 5px;border-bottom:1px solid #e5e7eb;font-size:11px;color:#111827;">JT-077</td></tr><tr><th style="padding:3px 5px;text-align:left;background:#f3f4f6;border-bottom:1px solid #d1d5db;width:30%;font-size:11px;font-weight:600;color:#1f2937;">Endereço</th><td style="padding:3px 5px;border-bottom:1px solid #e5e7eb;font-size:11px;color:#111827;">Rua Atos Ribeiro x Rua Florinda Barbosa</td></tr><tr><th style="padding:3px 5px;text-align:left;background:#f3f4f6;border-bottom:1px solid #d1d5db;width:30%;font-size:11px;font-weight:600;color:#1f2937;">Subprefeitura</th><td style="padding:3px 5px;border-bottom:1px solid #e5e7eb;font-size:11px;color:#111827;">Jaçanã/Tremembé</td></tr><tr><th style="padding:3px 5px;text-align:left;background:#f3f4f6;border-bottom:1px solid #d1d5db;width:30%;font-size:11px;font-weight:600;color:#1f2937;">Volumetria</th><td style="padding:3px 5px;border-bottom:1px solid #e5e7eb;font-size:11px;color:#111827;">Entre 1m³ e 5m³</td></tr><tr><th style="padding:3px 5px;text-align:left;background:#f3f4f6;border-bottom:1px solid #d1d5db;width:30%;font-size:11px;font-weight:600;color:#1f2937;">Status</th><td style="padding:3px 5px;border-bottom:1px solid #e5e7eb;font-size:11px;color:#111827;">Revitalizado</td></tr><tr><th style="padding:3px 5px;text-align:left;background:#f3f4f6;border-bottom:1px solid #d1d5db;width:30%;font-size:11px;font-weight:600;color:#1f2937;">Data</th><td style="padding:3px 5px;border-bottom:1px solid #e5e7eb;font-size:11px;color:#111827;">46053</td></tr></table>]]></description><Point><coordinates>-46.5887200,-23.4643600,0</coordinates></Point></Placemark>
<Style id="s-PV-202">
<LineStyle><color>ff82004b</color><width>2.0</width></LineStyle>
<PolyStyle><color>ff82004b</color></PolyStyle>
<IconStyle><color>ff82004b</color><scale>0.55</scale>
<Icon><href>http://maps.google.com/mapfiles/kml/shapes/placemark_circle.png</href></Icon>
</IconStyle>
<LabelStyle><scale>0.65</scale></LabelStyle>
</Style><Placemark><name>JT-078</name><styleUrl>#s-PV-202</styleUrl><description><![CDATA[<table style="border-collapse:collapse;width:100%;font-family:'Helvetica Neue',Helvetica,Arial,sans-serif;font-size:11px;border:1px solid #e5e7eb;border-radius:8px;overflow:hidden;"><tr><th colspan="2" style="padding:5px 8px;background:#1f6feb;color:#fff;text-align:left;font-size:12px;font-weight:600;">JT-078</th></tr><tr><th style="padding:3px 5px;text-align:left;background:#f3f4f6;border-bottom:1px solid #d1d5db;width:30%;font-size:11px;font-weight:600;color:#1f2937;">ID</th><td style="padding:3px 5px;border-bottom:1px solid #e5e7eb;font-size:11px;color:#111827;">JT-078</td></tr><tr><th style="padding:3px 5px;text-align:left;background:#f3f4f6;border-bottom:1px solid #d1d5db;width:30%;font-size:11px;font-weight:600;color:#1f2937;">Endereço</th><td style="padding:3px 5px;border-bottom:1px solid #e5e7eb;font-size:11px;color:#111827;">Rua Guajarás, 12</td></tr><tr><th style="padding:3px 5px;text-align:left;background:#f3f4f6;border-bottom:1px solid #d1d5db;width:30%;font-size:11px;font-weight:600;color:#1f2937;">Subprefeitura</th><td style="padding:3px 5px;border-bottom:1px solid #e5e7eb;font-size:11px;color:#111827;">Jaçanã/Tremembé</td></tr><tr><th style="padding:3px 5px;text-align:left;background:#f3f4f6;border-bottom:1px solid #d1d5db;width:30%;font-size:11px;font-weight:600;color:#1f2937;">Volumetria</th><td style="padding:3px 5px;border-bottom:1px solid #e5e7eb;font-size:11px;color:#111827;">Entre 1m³ e 5m³</td></tr></table>]]></description><Point><coordinates>-46.5799800,-23.4658600,0</coordinates></Point></Placemark>
<Style id="s-PV-203">
<LineStyle><color>ff82004b</color><width>2.0</width></LineStyle>
<PolyStyle><color>ff82004b</color></PolyStyle>
<IconStyle><color>ff82004b</color><scale>0.55</scale>
<Icon><href>http://maps.google.com/mapfiles/kml/shapes/placemark_circle.png</href></Icon>
</IconStyle>
<LabelStyle><scale>0.65</scale></LabelStyle>
</Style><Placemark><name>JT-079</name><styleUrl>#s-PV-203</styleUrl><description><![CDATA[<table style="border-collapse:collapse;width:100%;font-family:'Helvetica Neue',Helvetica,Arial,sans-serif;font-size:11px;border:1px solid #e5e7eb;border-radius:8px;overflow:hidden;"><tr><th colspan="2" style="padding:5px 8px;background:#1f6feb;color:#fff;text-align:left;font-size:12px;font-weight:600;">JT-079</th></tr><tr><th style="padding:3px 5px;text-align:left;background:#f3f4f6;border-bottom:1px solid #d1d5db;width:30%;font-size:11px;font-weight:600;color:#1f2937;">ID</th><td style="padding:3px 5px;border-bottom:1px solid #e5e7eb;font-size:11px;color:#111827;">JT-079</td></tr><tr><th style="padding:3px 5px;text-align:left;background:#f3f4f6;border-bottom:1px solid #d1d5db;width:30%;font-size:11px;font-weight:600;color:#1f2937;">Endereço</th><td style="padding:3px 5px;border-bottom:1px solid #e5e7eb;font-size:11px;color:#111827;">Avenida Edu Chaves, 05</td></tr><tr><th style="padding:3px 5px;text-align:left;background:#f3f4f6;border-bottom:1px solid #d1d5db;width:30%;font-size:11px;font-weight:600;color:#1f2937;">Subprefeitura</th><td style="padding:3px 5px;border-bottom:1px solid #e5e7eb;font-size:11px;color:#111827;">Jaçanã/Tremembé</td></tr><tr><th style="padding:3px 5px;text-align:left;background:#f3f4f6;border-bottom:1px solid #d1d5db;width:30%;font-size:11px;font-weight:600;color:#1f2937;">Volumetria</th><td style="padding:3px 5px;border-bottom:1px solid #e5e7eb;font-size:11px;color:#111827;">Entre 1m³ e 5m³</td></tr><tr><th style="padding:3px 5px;text-align:left;background:#f3f4f6;border-bottom:1px solid #d1d5db;width:30%;font-size:11px;font-weight:600;color:#1f2937;">Status</th><td style="padding:3px 5px;border-bottom:1px solid #e5e7eb;font-size:11px;color:#111827;">Revitalizado</td></tr><tr><th style="padding:3px 5px;text-align:left;background:#f3f4f6;border-bottom:1px solid #d1d5db;width:30%;font-size:11px;font-weight:600;color:#1f2937;">Data</th><td style="padding:3px 5px;border-bottom:1px solid #e5e7eb;font-size:11px;color:#111827;">45955</td></tr></table>]]></description><Point><coordinates>-46.5738500,-23.4682700,0</coordinates></Point></Placemark>
<Style id="s-PV-204">
<LineStyle><color>ff82004b</color><width>2.0</width></LineStyle>
<PolyStyle><color>ff82004b</color></PolyStyle>
<IconStyle><color>ff82004b</color><scale>0.55</scale>
<Icon><href>http://maps.google.com/mapfiles/kml/shapes/placemark_circle.png</href></Icon>
</IconStyle>
<LabelStyle><scale>0.65</scale></LabelStyle>
</Style><Placemark><name>JT-080</name><styleUrl>#s-PV-204</styleUrl><description><![CDATA[<table style="border-collapse:collapse;width:100%;font-family:'Helvetica Neue',Helvetica,Arial,sans-serif;font-size:11px;border:1px solid #e5e7eb;border-radius:8px;overflow:hidden;"><tr><th colspan="2" style="padding:5px 8px;background:#1f6feb;color:#fff;text-align:left;font-size:12px;font-weight:600;">JT-080</th></tr><tr><th style="padding:3px 5px;text-align:left;background:#f3f4f6;border-bottom:1px solid #d1d5db;width:30%;font-size:11px;font-weight:600;color:#1f2937;">ID</th><td style="padding:3px 5px;border-bottom:1px solid #e5e7eb;font-size:11px;color:#111827;">JT-080</td></tr><tr><th style="padding:3px 5px;text-align:left;background:#f3f4f6;border-bottom:1px solid #d1d5db;width:30%;font-size:11px;font-weight:600;color:#1f2937;">Endereço</th><td style="padding:3px 5px;border-bottom:1px solid #e5e7eb;font-size:11px;color:#111827;">Avenida Antonelo da Messina, 50</td></tr><tr><th style="padding:3px 5px;text-align:left;background:#f3f4f6;border-bottom:1px solid #d1d5db;width:30%;font-size:11px;font-weight:600;color:#1f2937;">Subprefeitura</th><td style="padding:3px 5px;border-bottom:1px solid #e5e7eb;font-size:11px;color:#111827;">Jaçanã/Tremembé</td></tr><tr><th style="padding:3px 5px;text-align:left;background:#f3f4f6;border-bottom:1px solid #d1d5db;width:30%;font-size:11px;font-weight:600;color:#1f2937;">Volumetria</th><td style="padding:3px 5px;border-bottom:1px solid #e5e7eb;font-size:11px;color:#111827;">Entre 1m³ e 5m³</td></tr></table>]]></description><Point><coordinates>-46.5902800,-23.4561300,0</coordinates></Point></Placemark>
<Style id="s-PV-205">
<LineStyle><color>ff82004b</color><width>2.0</width></LineStyle>
<PolyStyle><color>ff82004b</color></PolyStyle>
<IconStyle><color>ff82004b</color><scale>0.55</scale>
<Icon><href>http://maps.google.com/mapfiles/kml/shapes/placemark_circle.png</href></Icon>
</IconStyle>
<LabelStyle><scale>0.65</scale></LabelStyle>
</Style><Placemark><name>JT-081</name><styleUrl>#s-PV-205</styleUrl><description><![CDATA[<table style="border-collapse:collapse;width:100%;font-family:'Helvetica Neue',Helvetica,Arial,sans-serif;font-size:11px;border:1px solid #e5e7eb;border-radius:8px;overflow:hidden;"><tr><th colspan="2" style="padding:5px 8px;background:#1f6feb;color:#fff;text-align:left;font-size:12px;font-weight:600;">JT-081</th></tr><tr><th style="padding:3px 5px;text-align:left;background:#f3f4f6;border-bottom:1px solid #d1d5db;width:30%;font-size:11px;font-weight:600;color:#1f2937;">ID</th><td style="padding:3px 5px;border-bottom:1px solid #e5e7eb;font-size:11px;color:#111827;">JT-081</td></tr><tr><th style="padding:3px 5px;text-align:left;background:#f3f4f6;border-bottom:1px solid #d1d5db;width:30%;font-size:11px;font-weight:600;color:#1f2937;">Endereço</th><td style="padding:3px 5px;border-bottom:1px solid #e5e7eb;font-size:11px;color:#111827;">Rua Ushikichi Kamiya, 1039</td></tr><tr><th style="padding:3px 5px;text-align:left;background:#f3f4f6;border-bottom:1px solid #d1d5db;width:30%;font-size:11px;font-weight:600;color:#1f2937;">Subprefeitura</th><td style="padding:3px 5px;border-bottom:1px solid #e5e7eb;font-size:11px;color:#111827;">Jaçanã/Tremembé</td></tr><tr><th style="padding:3px 5px;text-align:left;background:#f3f4f6;border-bottom:1px solid #d1d5db;width:30%;font-size:11px;font-weight:600;color:#1f2937;">Volumetria</th><td style="padding:3px 5px;border-bottom:1px solid #e5e7eb;font-size:11px;color:#111827;">Mais de 5m³</td></tr></table>]]></description><Point><coordinates>-46.5751400,-23.4387500,0</coordinates></Point></Placemark>
<Style id="s-PV-206">
<LineStyle><color>ff82004b</color><width>2.0</width></LineStyle>
<PolyStyle><color>ff82004b</color></PolyStyle>
<IconStyle><color>ff82004b</color><scale>0.55</scale>
<Icon><href>http://maps.google.com/mapfiles/kml/shapes/placemark_circle.png</href></Icon>
</IconStyle>
<LabelStyle><scale>0.65</scale></LabelStyle>
</Style><Placemark><name>JT-082</name><styleUrl>#s-PV-206</styleUrl><description><![CDATA[<table style="border-collapse:collapse;width:100%;font-family:'Helvetica Neue',Helvetica,Arial,sans-serif;font-size:11px;border:1px solid #e5e7eb;border-radius:8px;overflow:hidden;"><tr><th colspan="2" style="padding:5px 8px;background:#1f6feb;color:#fff;text-align:left;font-size:12px;font-weight:600;">JT-082</th></tr><tr><th style="padding:3px 5px;text-align:left;background:#f3f4f6;border-bottom:1px solid #d1d5db;width:30%;font-size:11px;font-weight:600;color:#1f2937;">ID</th><td style="padding:3px 5px;border-bottom:1px solid #e5e7eb;font-size:11px;color:#111827;">JT-082</td></tr><tr><th style="padding:3px 5px;text-align:left;background:#f3f4f6;border-bottom:1px solid #d1d5db;width:30%;font-size:11px;font-weight:600;color:#1f2937;">Endereço</th><td style="padding:3px 5px;border-bottom:1px solid #e5e7eb;font-size:11px;color:#111827;">Rua Diego Leiva, 12</td></tr><tr><th style="padding:3px 5px;text-align:left;background:#f3f4f6;border-bottom:1px solid #d1d5db;width:30%;font-size:11px;font-weight:600;color:#1f2937;">Subprefeitura</th><td style="padding:3px 5px;border-bottom:1px solid #e5e7eb;font-size:11px;color:#111827;">Jaçanã/Tremembé</td></tr><tr><th style="padding:3px 5px;text-align:left;background:#f3f4f6;border-bottom:1px solid #d1d5db;width:30%;font-size:11px;font-weight:600;color:#1f2937;">Volumetria</th><td style="padding:3px 5px;border-bottom:1px solid #e5e7eb;font-size:11px;color:#111827;">Entre 1m³ e 5m³</td></tr></table>]]></description><Point><coordinates>-46.5932700,-23.4431300,0</coordinates></Point></Placemark>
<Style id="s-PV-207">
<LineStyle><color>ff82004b</color><width>2.0</width></LineStyle>
<PolyStyle><color>ff82004b</color></PolyStyle>
<IconStyle><color>ff82004b</color><scale>0.55</scale>
<Icon><href>http://maps.google.com/mapfiles/kml/shapes/placemark_circle.png</href></Icon>
</IconStyle>
<LabelStyle><scale>0.65</scale></LabelStyle>
</Style><Placemark><name>JT-083</name><styleUrl>#s-PV-207</styleUrl><description><![CDATA[<table style="border-collapse:collapse;width:100%;font-family:'Helvetica Neue',Helvetica,Arial,sans-serif;font-size:11px;border:1px solid #e5e7eb;border-radius:8px;overflow:hidden;"><tr><th colspan="2" style="padding:5px 8px;background:#1f6feb;color:#fff;text-align:left;font-size:12px;font-weight:600;">JT-083</th></tr><tr><th style="padding:3px 5px;text-align:left;background:#f3f4f6;border-bottom:1px solid #d1d5db;width:30%;font-size:11px;font-weight:600;color:#1f2937;">ID</th><td style="padding:3px 5px;border-bottom:1px solid #e5e7eb;font-size:11px;color:#111827;">JT-083</td></tr><tr><th style="padding:3px 5px;text-align:left;background:#f3f4f6;border-bottom:1px solid #d1d5db;width:30%;font-size:11px;font-weight:600;color:#1f2937;">Endereço</th><td style="padding:3px 5px;border-bottom:1px solid #e5e7eb;font-size:11px;color:#111827;">Rua David Alan, 24</td></tr><tr><th style="padding:3px 5px;text-align:left;background:#f3f4f6;border-bottom:1px solid #d1d5db;width:30%;font-size:11px;font-weight:600;color:#1f2937;">Subprefeitura</th><td style="padding:3px 5px;border-bottom:1px solid #e5e7eb;font-size:11px;color:#111827;">Jaçanã/Tremembé</td></tr><tr><th style="padding:3px 5px;text-align:left;background:#f3f4f6;border-bottom:1px solid #d1d5db;width:30%;font-size:11px;font-weight:600;color:#1f2937;">Volumetria</th><td style="padding:3px 5px;border-bottom:1px solid #e5e7eb;font-size:11px;color:#111827;">Entre 1m³ e 5m³</td></tr></table>]]></description><Point><coordinates>-46.5889000,-23.4509800,0</coordinates></Point></Placemark>
<Style id="s-PV-208">
<LineStyle><color>ff82004b</color><width>2.0</width></LineStyle>
<PolyStyle><color>ff82004b</color></PolyStyle>
<IconStyle><color>ff82004b</color><scale>0.55</scale>
<Icon><href>http://maps.google.com/mapfiles/kml/shapes/placemark_circle.png</href></Icon>
</IconStyle>
<LabelStyle><scale>0.65</scale></LabelStyle>
</Style><Placemark><name>JT-084</name><styleUrl>#s-PV-208</styleUrl><description><![CDATA[<table style="border-collapse:collapse;width:100%;font-family:'Helvetica Neue',Helvetica,Arial,sans-serif;font-size:11px;border:1px solid #e5e7eb;border-radius:8px;overflow:hidden;"><tr><th colspan="2" style="padding:5px 8px;background:#1f6feb;color:#fff;text-align:left;font-size:12px;font-weight:600;">JT-084</th></tr><tr><th style="padding:3px 5px;text-align:left;background:#f3f4f6;border-bottom:1px solid #d1d5db;width:30%;font-size:11px;font-weight:600;color:#1f2937;">ID</th><td style="padding:3px 5px;border-bottom:1px solid #e5e7eb;font-size:11px;color:#111827;">JT-084</td></tr><tr><th style="padding:3px 5px;text-align:left;background:#f3f4f6;border-bottom:1px solid #d1d5db;width:30%;font-size:11px;font-weight:600;color:#1f2937;">Endereço</th><td style="padding:3px 5px;border-bottom:1px solid #e5e7eb;font-size:11px;color:#111827;">Rua Panorama, 2</td></tr><tr><th style="padding:3px 5px;text-align:left;background:#f3f4f6;border-bottom:1px solid #d1d5db;width:30%;font-size:11px;font-weight:600;color:#1f2937;">Subprefeitura</th><td style="padding:3px 5px;border-bottom:1px solid #e5e7eb;font-size:11px;color:#111827;">Jaçanã/Tremembé</td></tr><tr><th style="padding:3px 5px;text-align:left;background:#f3f4f6;border-bottom:1px solid #d1d5db;width:30%;font-size:11px;font-weight:600;color:#1f2937;">Volumetria</th><td style="padding:3px 5px;border-bottom:1px solid #e5e7eb;font-size:11px;color:#111827;">Entre 1m³ e 5m³</td></tr></table>]]></description><Point><coordinates>-46.5858500,-23.4520900,0</coordinates></Point></Placemark>
<Style id="s-PV-209">
<LineStyle><color>ff82004b</color><width>2.0</width></LineStyle>
<PolyStyle><color>ff82004b</color></PolyStyle>
<IconStyle><color>ff82004b</color><scale>0.55</scale>
<Icon><href>http://maps.google.com/mapfiles/kml/shapes/placemark_circle.png</href></Icon>
</IconStyle>
<LabelStyle><scale>0.65</scale></LabelStyle>
</Style><Placemark><name>JT-085</name><styleUrl>#s-PV-209</styleUrl><description><![CDATA[<table style="border-collapse:collapse;width:100%;font-family:'Helvetica Neue',Helvetica,Arial,sans-serif;font-size:11px;border:1px solid #e5e7eb;border-radius:8px;overflow:hidden;"><tr><th colspan="2" style="padding:5px 8px;background:#1f6feb;color:#fff;text-align:left;font-size:12px;font-weight:600;">JT-085</th></tr><tr><th style="padding:3px 5px;text-align:left;background:#f3f4f6;border-bottom:1px solid #d1d5db;width:30%;font-size:11px;font-weight:600;color:#1f2937;">ID</th><td style="padding:3px 5px;border-bottom:1px solid #e5e7eb;font-size:11px;color:#111827;">JT-085</td></tr><tr><th style="padding:3px 5px;text-align:left;background:#f3f4f6;border-bottom:1px solid #d1d5db;width:30%;font-size:11px;font-weight:600;color:#1f2937;">Endereço</th><td style="padding:3px 5px;border-bottom:1px solid #e5e7eb;font-size:11px;color:#111827;">Travessa Igarapé Primavera, 6</td></tr><tr><th style="padding:3px 5px;text-align:left;background:#f3f4f6;border-bottom:1px solid #d1d5db;width:30%;font-size:11px;font-weight:600;color:#1f2937;">Subprefeitura</th><td style="padding:3px 5px;border-bottom:1px solid #e5e7eb;font-size:11px;color:#111827;">Jaçanã/Tremembé</td></tr><tr><th style="padding:3px 5px;text-align:left;background:#f3f4f6;border-bottom:1px solid #d1d5db;width:30%;font-size:11px;font-weight:600;color:#1f2937;">Volumetria</th><td style="padding:3px 5px;border-bottom:1px solid #e5e7eb;font-size:11px;color:#111827;">Entre 1m³ e 5m³</td></tr></table>]]></description><Point><coordinates>-46.5838200,-23.4539100,0</coordinates></Point></Placemark>
<Style id="s-PV-210">
<LineStyle><color>ff82004b</color><width>2.0</width></LineStyle>
<PolyStyle><color>ff82004b</color></PolyStyle>
<IconStyle><color>ff82004b</color><scale>0.55</scale>
<Icon><href>http://maps.google.com/mapfiles/kml/shapes/placemark_circle.png</href></Icon>
</IconStyle>
<LabelStyle><scale>0.65</scale></LabelStyle>
</Style><Placemark><name>JT-086</name><styleUrl>#s-PV-210</styleUrl><description><![CDATA[<table style="border-collapse:collapse;width:100%;font-family:'Helvetica Neue',Helvetica,Arial,sans-serif;font-size:11px;border:1px solid #e5e7eb;border-radius:8px;overflow:hidden;"><tr><th colspan="2" style="padding:5px 8px;background:#1f6feb;color:#fff;text-align:left;font-size:12px;font-weight:600;">JT-086</th></tr><tr><th style="padding:3px 5px;text-align:left;background:#f3f4f6;border-bottom:1px solid #d1d5db;width:30%;font-size:11px;font-weight:600;color:#1f2937;">ID</th><td style="padding:3px 5px;border-bottom:1px solid #e5e7eb;font-size:11px;color:#111827;">JT-086</td></tr><tr><th style="padding:3px 5px;text-align:left;background:#f3f4f6;border-bottom:1px solid #d1d5db;width:30%;font-size:11px;font-weight:600;color:#1f2937;">Endereço</th><td style="padding:3px 5px;border-bottom:1px solid #e5e7eb;font-size:11px;color:#111827;">Av. Luís Carlos Gentile de Laet, 1882</td></tr><tr><th style="padding:3px 5px;text-align:left;background:#f3f4f6;border-bottom:1px solid #d1d5db;width:30%;font-size:11px;font-weight:600;color:#1f2937;">Subprefeitura</th><td style="padding:3px 5px;border-bottom:1px solid #e5e7eb;font-size:11px;color:#111827;">Jaçanã/Tremembé</td></tr><tr><th style="padding:3px 5px;text-align:left;background:#f3f4f6;border-bottom:1px solid #d1d5db;width:30%;font-size:11px;font-weight:600;color:#1f2937;">Volumetria</th><td style="padding:3px 5px;border-bottom:1px solid #e5e7eb;font-size:11px;color:#111827;">Entre 1m³ e 5m³</td></tr><tr><th style="padding:3px 5px;text-align:left;background:#f3f4f6;border-bottom:1px solid #d1d5db;width:30%;font-size:11px;font-weight:600;color:#1f2937;">Status</th><td style="padding:3px 5px;border-bottom:1px solid #e5e7eb;font-size:11px;color:#111827;">Revitalizado</td></tr><tr><th style="padding:3px 5px;text-align:left;background:#f3f4f6;border-bottom:1px solid #d1d5db;width:30%;font-size:11px;font-weight:600;color:#1f2937;">Data</th><td style="padding:3px 5px;border-bottom:1px solid #e5e7eb;font-size:11px;color:#111827;">45941</td></tr></table>]]></description><Point><coordinates>-46.6281300,-23.4514700,0</coordinates></Point></Placemark>
<Style id="s-PV-211">
<LineStyle><color>ff82004b</color><width>2.0</width></LineStyle>
<PolyStyle><color>ff82004b</color></PolyStyle>
<IconStyle><color>ff82004b</color><scale>0.55</scale>
<Icon><href>http://maps.google.com/mapfiles/kml/shapes/placemark_circle.png</href></Icon>
</IconStyle>
<LabelStyle><scale>0.65</scale></LabelStyle>
</Style><Placemark><name>JT-087</name><styleUrl>#s-PV-211</styleUrl><description><![CDATA[<table style="border-collapse:collapse;width:100%;font-family:'Helvetica Neue',Helvetica,Arial,sans-serif;font-size:11px;border:1px solid #e5e7eb;border-radius:8px;overflow:hidden;"><tr><th colspan="2" style="padding:5px 8px;background:#1f6feb;color:#fff;text-align:left;font-size:12px;font-weight:600;">JT-087</th></tr><tr><th style="padding:3px 5px;text-align:left;background:#f3f4f6;border-bottom:1px solid #d1d5db;width:30%;font-size:11px;font-weight:600;color:#1f2937;">ID</th><td style="padding:3px 5px;border-bottom:1px solid #e5e7eb;font-size:11px;color:#111827;">JT-087</td></tr><tr><th style="padding:3px 5px;text-align:left;background:#f3f4f6;border-bottom:1px solid #d1d5db;width:30%;font-size:11px;font-weight:600;color:#1f2937;">Endereço</th><td style="padding:3px 5px;border-bottom:1px solid #e5e7eb;font-size:11px;color:#111827;">Rua Benjamin Pereira, 899</td></tr><tr><th style="padding:3px 5px;text-align:left;background:#f3f4f6;border-bottom:1px solid #d1d5db;width:30%;font-size:11px;font-weight:600;color:#1f2937;">Subprefeitura</th><td style="padding:3px 5px;border-bottom:1px solid #e5e7eb;font-size:11px;color:#111827;">Jaçanã/Tremembé</td></tr><tr><th style="padding:3px 5px;text-align:left;background:#f3f4f6;border-bottom:1px solid #d1d5db;width:30%;font-size:11px;font-weight:600;color:#1f2937;">Volumetria</th><td style="padding:3px 5px;border-bottom:1px solid #e5e7eb;font-size:11px;color:#111827;">Entre 1m³ e 5m³</td></tr><tr><th style="padding:3px 5px;text-align:left;background:#f3f4f6;border-bottom:1px solid #d1d5db;width:30%;font-size:11px;font-weight:600;color:#1f2937;">Status</th><td style="padding:3px 5px;border-bottom:1px solid #e5e7eb;font-size:11px;color:#111827;">Revitalizado</td></tr><tr><th style="padding:3px 5px;text-align:left;background:#f3f4f6;border-bottom:1px solid #d1d5db;width:30%;font-size:11px;font-weight:600;color:#1f2937;">Data</th><td style="padding:3px 5px;border-bottom:1px solid #e5e7eb;font-size:11px;color:#111827;">45927</td></tr></table>]]></description><Point><coordinates>-46.5662900,-23.4663300,0</coordinates></Point></Placemark>
<Style id="s-PV-212">
<LineStyle><color>ff82004b</color><width>2.0</width></LineStyle>
<PolyStyle><color>ff82004b</color></PolyStyle>
<IconStyle><color>ff82004b</color><scale>0.55</scale>
<Icon><href>http://maps.google.com/mapfiles/kml/shapes/placemark_circle.png</href></Icon>
</IconStyle>
<LabelStyle><scale>0.65</scale></LabelStyle>
</Style><Placemark><name>JT-088</name><styleUrl>#s-PV-212</styleUrl><description><![CDATA[<table style="border-collapse:collapse;width:100%;font-family:'Helvetica Neue',Helvetica,Arial,sans-serif;font-size:11px;border:1px solid #e5e7eb;border-radius:8px;overflow:hidden;"><tr><th colspan="2" style="padding:5px 8px;background:#1f6feb;color:#fff;text-align:left;font-size:12px;font-weight:600;">JT-088</th></tr><tr><th style="padding:3px 5px;text-align:left;background:#f3f4f6;border-bottom:1px solid #d1d5db;width:30%;font-size:11px;font-weight:600;color:#1f2937;">ID</th><td style="padding:3px 5px;border-bottom:1px solid #e5e7eb;font-size:11px;color:#111827;">JT-088</td></tr><tr><th style="padding:3px 5px;text-align:left;background:#f3f4f6;border-bottom:1px solid #d1d5db;width:30%;font-size:11px;font-weight:600;color:#1f2937;">Endereço</th><td style="padding:3px 5px;border-bottom:1px solid #e5e7eb;font-size:11px;color:#111827;">Rua Matos Costa, 26</td></tr><tr><th style="padding:3px 5px;text-align:left;background:#f3f4f6;border-bottom:1px solid #d1d5db;width:30%;font-size:11px;font-weight:600;color:#1f2937;">Subprefeitura</th><td style="padding:3px 5px;border-bottom:1px solid #e5e7eb;font-size:11px;color:#111827;">Jaçanã/Tremembé</td></tr><tr><th style="padding:3px 5px;text-align:left;background:#f3f4f6;border-bottom:1px solid #d1d5db;width:30%;font-size:11px;font-weight:600;color:#1f2937;">Volumetria</th><td style="padding:3px 5px;border-bottom:1px solid #e5e7eb;font-size:11px;color:#111827;">Mais de 5m³</td></tr><tr><th style="padding:3px 5px;text-align:left;background:#f3f4f6;border-bottom:1px solid #d1d5db;width:30%;font-size:11px;font-weight:600;color:#1f2937;">Status</th><td style="padding:3px 5px;border-bottom:1px solid #e5e7eb;font-size:11px;color:#111827;">Revitalizado</td></tr><tr><th style="padding:3px 5px;text-align:left;background:#f3f4f6;border-bottom:1px solid #d1d5db;width:30%;font-size:11px;font-weight:600;color:#1f2937;">Data</th><td style="padding:3px 5px;border-bottom:1px solid #e5e7eb;font-size:11px;color:#111827;">45969</td></tr></table>]]></description><Point><coordinates>-46.5719000,-23.4511000,0</coordinates></Point></Placemark>
<Style id="s-PV-213">
<LineStyle><color>ff82004b</color><width>2.0</width></LineStyle>
<PolyStyle><color>ff82004b</color></PolyStyle>
<IconStyle><color>ff82004b</color><scale>0.55</scale>
<Icon><href>http://maps.google.com/mapfiles/kml/shapes/placemark_circle.png</href></Icon>
</IconStyle>
<LabelStyle><scale>0.65</scale></LabelStyle>
</Style><Placemark><name>JT-089</name><styleUrl>#s-PV-213</styleUrl><description><![CDATA[<table style="border-collapse:collapse;width:100%;font-family:'Helvetica Neue',Helvetica,Arial,sans-serif;font-size:11px;border:1px solid #e5e7eb;border-radius:8px;overflow:hidden;"><tr><th colspan="2" style="padding:5px 8px;background:#1f6feb;color:#fff;text-align:left;font-size:12px;font-weight:600;">JT-089</th></tr><tr><th style="padding:3px 5px;text-align:left;background:#f3f4f6;border-bottom:1px solid #d1d5db;width:30%;font-size:11px;font-weight:600;color:#1f2937;">ID</th><td style="padding:3px 5px;border-bottom:1px solid #e5e7eb;font-size:11px;color:#111827;">JT-089</td></tr><tr><th style="padding:3px 5px;text-align:left;background:#f3f4f6;border-bottom:1px solid #d1d5db;width:30%;font-size:11px;font-weight:600;color:#1f2937;">Endereço</th><td style="padding:3px 5px;border-bottom:1px solid #e5e7eb;font-size:11px;color:#111827;">Rua Aperibé x Rua João Luís Bozzi</td></tr><tr><th style="padding:3px 5px;text-align:left;background:#f3f4f6;border-bottom:1px solid #d1d5db;width:30%;font-size:11px;font-weight:600;color:#1f2937;">Subprefeitura</th><td style="padding:3px 5px;border-bottom:1px solid #e5e7eb;font-size:11px;color:#111827;">Jaçanã/Tremembé</td></tr><tr><th style="padding:3px 5px;text-align:left;background:#f3f4f6;border-bottom:1px solid #d1d5db;width:30%;font-size:11px;font-weight:600;color:#1f2937;">Volumetria</th><td style="padding:3px 5px;border-bottom:1px solid #e5e7eb;font-size:11px;color:#111827;">Entre 1m³ e 5m³</td></tr><tr><th style="padding:3px 5px;text-align:left;background:#f3f4f6;border-bottom:1px solid #d1d5db;width:30%;font-size:11px;font-weight:600;color:#1f2937;">Status</th><td style="padding:3px 5px;border-bottom:1px solid #e5e7eb;font-size:11px;color:#111827;">Revitalizado</td></tr><tr><th style="padding:3px 5px;text-align:left;background:#f3f4f6;border-bottom:1px solid #d1d5db;width:30%;font-size:11px;font-weight:600;color:#1f2937;">Data</th><td style="padding:3px 5px;border-bottom:1px solid #e5e7eb;font-size:11px;color:#111827;">46088</td></tr></table>]]></description><Point><coordinates>-46.5693600,-23.4719900,0</coordinates></Point></Placemark>
<Style id="s-PV-214">
<LineStyle><color>ff82004b</color><width>2.0</width></LineStyle>
<PolyStyle><color>ff82004b</color></PolyStyle>
<IconStyle><color>ff82004b</color><scale>0.55</scale>
<Icon><href>http://maps.google.com/mapfiles/kml/shapes/placemark_circle.png</href></Icon>
</IconStyle>
<LabelStyle><scale>0.65</scale></LabelStyle>
</Style><Placemark><name>JT-090</name><styleUrl>#s-PV-214</styleUrl><description><![CDATA[<table style="border-collapse:collapse;width:100%;font-family:'Helvetica Neue',Helvetica,Arial,sans-serif;font-size:11px;border:1px solid #e5e7eb;border-radius:8px;overflow:hidden;"><tr><th colspan="2" style="padding:5px 8px;background:#1f6feb;color:#fff;text-align:left;font-size:12px;font-weight:600;">JT-090</th></tr><tr><th style="padding:3px 5px;text-align:left;background:#f3f4f6;border-bottom:1px solid #d1d5db;width:30%;font-size:11px;font-weight:600;color:#1f2937;">ID</th><td style="padding:3px 5px;border-bottom:1px solid #e5e7eb;font-size:11px;color:#111827;">JT-090</td></tr><tr><th style="padding:3px 5px;text-align:left;background:#f3f4f6;border-bottom:1px solid #d1d5db;width:30%;font-size:11px;font-weight:600;color:#1f2937;">Endereço</th><td style="padding:3px 5px;border-bottom:1px solid #e5e7eb;font-size:11px;color:#111827;">R. Guajarás, 787</td></tr><tr><th style="padding:3px 5px;text-align:left;background:#f3f4f6;border-bottom:1px solid #d1d5db;width:30%;font-size:11px;font-weight:600;color:#1f2937;">Subprefeitura</th><td style="padding:3px 5px;border-bottom:1px solid #e5e7eb;font-size:11px;color:#111827;">Jaçanã/Tremembé</td></tr><tr><th style="padding:3px 5px;text-align:left;background:#f3f4f6;border-bottom:1px solid #d1d5db;width:30%;font-size:11px;font-weight:600;color:#1f2937;">Volumetria</th><td style="padding:3px 5px;border-bottom:1px solid #e5e7eb;font-size:11px;color:#111827;">Entre 1m³ e 5m³</td></tr><tr><th style="padding:3px 5px;text-align:left;background:#f3f4f6;border-bottom:1px solid #d1d5db;width:30%;font-size:11px;font-weight:600;color:#1f2937;">Status</th><td style="padding:3px 5px;border-bottom:1px solid #e5e7eb;font-size:11px;color:#111827;">Revitalizado</td></tr><tr><th style="padding:3px 5px;text-align:left;background:#f3f4f6;border-bottom:1px solid #d1d5db;width:30%;font-size:11px;font-weight:600;color:#1f2937;">Data</th><td style="padding:3px 5px;border-bottom:1px solid #e5e7eb;font-size:11px;color:#111827;">45990</td></tr></table>]]></description><Point><coordinates>-46.5726100,-23.4671000,0</coordinates></Point></Placemark>
<Style id="s-PV-215">
<LineStyle><color>ff82004b</color><width>2.0</width></LineStyle>
<PolyStyle><color>ff82004b</color></PolyStyle>
<IconStyle><color>ff82004b</color><scale>0.55</scale>
<Icon><href>http://maps.google.com/mapfiles/kml/shapes/placemark_circle.png</href></Icon>
</IconStyle>
<LabelStyle><scale>0.65</scale></LabelStyle>
</Style><Placemark><name>JT-091</name><styleUrl>#s-PV-215</styleUrl><description><![CDATA[<table style="border-collapse:collapse;width:100%;font-family:'Helvetica Neue',Helvetica,Arial,sans-serif;font-size:11px;border:1px solid #e5e7eb;border-radius:8px;overflow:hidden;"><tr><th colspan="2" style="padding:5px 8px;background:#1f6feb;color:#fff;text-align:left;font-size:12px;font-weight:600;">JT-091</th></tr><tr><th style="padding:3px 5px;text-align:left;background:#f3f4f6;border-bottom:1px solid #d1d5db;width:30%;font-size:11px;font-weight:600;color:#1f2937;">ID</th><td style="padding:3px 5px;border-bottom:1px solid #e5e7eb;font-size:11px;color:#111827;">JT-091</td></tr><tr><th style="padding:3px 5px;text-align:left;background:#f3f4f6;border-bottom:1px solid #d1d5db;width:30%;font-size:11px;font-weight:600;color:#1f2937;">Endereço</th><td style="padding:3px 5px;border-bottom:1px solid #e5e7eb;font-size:11px;color:#111827;">Av. Mário Pernambuco x Rua Luiz Antônio de Oliveira Alves</td></tr><tr><th style="padding:3px 5px;text-align:left;background:#f3f4f6;border-bottom:1px solid #d1d5db;width:30%;font-size:11px;font-weight:600;color:#1f2937;">Subprefeitura</th><td style="padding:3px 5px;border-bottom:1px solid #e5e7eb;font-size:11px;color:#111827;">Jaçanã/Tremembé</td></tr><tr><th style="padding:3px 5px;text-align:left;background:#f3f4f6;border-bottom:1px solid #d1d5db;width:30%;font-size:11px;font-weight:600;color:#1f2937;">Volumetria</th><td style="padding:3px 5px;border-bottom:1px solid #e5e7eb;font-size:11px;color:#111827;">Entre 1m³ e 5m³</td></tr><tr><th style="padding:3px 5px;text-align:left;background:#f3f4f6;border-bottom:1px solid #d1d5db;width:30%;font-size:11px;font-weight:600;color:#1f2937;">Status</th><td style="padding:3px 5px;border-bottom:1px solid #e5e7eb;font-size:11px;color:#111827;">Revitalizado</td></tr><tr><th style="padding:3px 5px;text-align:left;background:#f3f4f6;border-bottom:1px solid #d1d5db;width:30%;font-size:11px;font-weight:600;color:#1f2937;">Data</th><td style="padding:3px 5px;border-bottom:1px solid #e5e7eb;font-size:11px;color:#111827;">46007</td></tr></table>]]></description><Point><coordinates>-46.5983600,-23.4625200,0</coordinates></Point></Placemark>
<Style id="s-PV-216">
<LineStyle><color>ff82004b</color><width>2.0</width></LineStyle>
<PolyStyle><color>ff82004b</color></PolyStyle>
<IconStyle><color>ff82004b</color><scale>0.55</scale>
<Icon><href>http://maps.google.com/mapfiles/kml/shapes/placemark_circle.png</href></Icon>
</IconStyle>
<LabelStyle><scale>0.65</scale></LabelStyle>
</Style><Placemark><name>JT-092</name><styleUrl>#s-PV-216</styleUrl><description><![CDATA[<table style="border-collapse:collapse;width:100%;font-family:'Helvetica Neue',Helvetica,Arial,sans-serif;font-size:11px;border:1px solid #e5e7eb;border-radius:8px;overflow:hidden;"><tr><th colspan="2" style="padding:5px 8px;background:#1f6feb;color:#fff;text-align:left;font-size:12px;font-weight:600;">JT-092</th></tr><tr><th style="padding:3px 5px;text-align:left;background:#f3f4f6;border-bottom:1px solid #d1d5db;width:30%;font-size:11px;font-weight:600;color:#1f2937;">ID</th><td style="padding:3px 5px;border-bottom:1px solid #e5e7eb;font-size:11px;color:#111827;">JT-092</td></tr><tr><th style="padding:3px 5px;text-align:left;background:#f3f4f6;border-bottom:1px solid #d1d5db;width:30%;font-size:11px;font-weight:600;color:#1f2937;">Endereço</th><td style="padding:3px 5px;border-bottom:1px solid #e5e7eb;font-size:11px;color:#111827;">Rua Olavo Alves de Moura</td></tr><tr><th style="padding:3px 5px;text-align:left;background:#f3f4f6;border-bottom:1px solid #d1d5db;width:30%;font-size:11px;font-weight:600;color:#1f2937;">Subprefeitura</th><td style="padding:3px 5px;border-bottom:1px solid #e5e7eb;font-size:11px;color:#111827;">Jaçanã/Tremembé</td></tr><tr><th style="padding:3px 5px;text-align:left;background:#f3f4f6;border-bottom:1px solid #d1d5db;width:30%;font-size:11px;font-weight:600;color:#1f2937;">Volumetria</th><td style="padding:3px 5px;border-bottom:1px solid #e5e7eb;font-size:11px;color:#111827;">Mais de 5m³</td></tr><tr><th style="padding:3px 5px;text-align:left;background:#f3f4f6;border-bottom:1px solid #d1d5db;width:30%;font-size:11px;font-weight:600;color:#1f2937;">Status</th><td style="padding:3px 5px;border-bottom:1px solid #e5e7eb;font-size:11px;color:#111827;">Revitalizado</td></tr><tr><th style="padding:3px 5px;text-align:left;background:#f3f4f6;border-bottom:1px solid #d1d5db;width:30%;font-size:11px;font-weight:600;color:#1f2937;">Data</th><td style="padding:3px 5px;border-bottom:1px solid #e5e7eb;font-size:11px;color:#111827;">46060</td></tr></table>]]></description><Point><coordinates>-46.5623000,-23.4737700,0</coordinates></Point></Placemark>
<Style id="s-PV-217">
<LineStyle><color>ff82004b</color><width>2.0</width></LineStyle>
<PolyStyle><color>ff82004b</color></PolyStyle>
<IconStyle><color>ff82004b</color><scale>0.55</scale>
<Icon><href>http://maps.google.com/mapfiles/kml/shapes/placemark_circle.png</href></Icon>
</IconStyle>
<LabelStyle><scale>0.65</scale></LabelStyle>
</Style><Placemark><name>JT-093</name><styleUrl>#s-PV-217</styleUrl><description><![CDATA[<table style="border-collapse:collapse;width:100%;font-family:'Helvetica Neue',Helvetica,Arial,sans-serif;font-size:11px;border:1px solid #e5e7eb;border-radius:8px;overflow:hidden;"><tr><th colspan="2" style="padding:5px 8px;background:#1f6feb;color:#fff;text-align:left;font-size:12px;font-weight:600;">JT-093</th></tr><tr><th style="padding:3px 5px;text-align:left;background:#f3f4f6;border-bottom:1px solid #d1d5db;width:30%;font-size:11px;font-weight:600;color:#1f2937;">ID</th><td style="padding:3px 5px;border-bottom:1px solid #e5e7eb;font-size:11px;color:#111827;">JT-093</td></tr><tr><th style="padding:3px 5px;text-align:left;background:#f3f4f6;border-bottom:1px solid #d1d5db;width:30%;font-size:11px;font-weight:600;color:#1f2937;">Endereço</th><td style="padding:3px 5px;border-bottom:1px solid #e5e7eb;font-size:11px;color:#111827;">Rua José Fonseca Cavalcanti, 331</td></tr><tr><th style="padding:3px 5px;text-align:left;background:#f3f4f6;border-bottom:1px solid #d1d5db;width:30%;font-size:11px;font-weight:600;color:#1f2937;">Subprefeitura</th><td style="padding:3px 5px;border-bottom:1px solid #e5e7eb;font-size:11px;color:#111827;">Jaçanã/Tremembé</td></tr><tr><th style="padding:3px 5px;text-align:left;background:#f3f4f6;border-bottom:1px solid #d1d5db;width:30%;font-size:11px;font-weight:600;color:#1f2937;">Volumetria</th><td style="padding:3px 5px;border-bottom:1px solid #e5e7eb;font-size:11px;color:#111827;">Mais de 5m³</td></tr><tr><th style="padding:3px 5px;text-align:left;background:#f3f4f6;border-bottom:1px solid #d1d5db;width:30%;font-size:11px;font-weight:600;color:#1f2937;">Status</th><td style="padding:3px 5px;border-bottom:1px solid #e5e7eb;font-size:11px;color:#111827;">Revitalizado</td></tr><tr><th style="padding:3px 5px;text-align:left;background:#f3f4f6;border-bottom:1px solid #d1d5db;width:30%;font-size:11px;font-weight:600;color:#1f2937;">Data</th><td style="padding:3px 5px;border-bottom:1px solid #e5e7eb;font-size:11px;color:#111827;">46067</td></tr></table>]]></description><Point><coordinates>-46.5852800,-23.4498600,0</coordinates></Point></Placemark>
<Style id="s-PV-218">
<LineStyle><color>ff82004b</color><width>2.0</width></LineStyle>
<PolyStyle><color>ff82004b</color></PolyStyle>
<IconStyle><color>ff82004b</color><scale>0.55</scale>
<Icon><href>http://maps.google.com/mapfiles/kml/shapes/placemark_circle.png</href></Icon>
</IconStyle>
<LabelStyle><scale>0.65</scale></LabelStyle>
</Style><Placemark><name>JT-094</name><styleUrl>#s-PV-218</styleUrl><description><![CDATA[<table style="border-collapse:collapse;width:100%;font-family:'Helvetica Neue',Helvetica,Arial,sans-serif;font-size:11px;border:1px solid #e5e7eb;border-radius:8px;overflow:hidden;"><tr><th colspan="2" style="padding:5px 8px;background:#1f6feb;color:#fff;text-align:left;font-size:12px;font-weight:600;">JT-094</th></tr><tr><th style="padding:3px 5px;text-align:left;background:#f3f4f6;border-bottom:1px solid #d1d5db;width:30%;font-size:11px;font-weight:600;color:#1f2937;">ID</th><td style="padding:3px 5px;border-bottom:1px solid #e5e7eb;font-size:11px;color:#111827;">JT-094</td></tr><tr><th style="padding:3px 5px;text-align:left;background:#f3f4f6;border-bottom:1px solid #d1d5db;width:30%;font-size:11px;font-weight:600;color:#1f2937;">Endereço</th><td style="padding:3px 5px;border-bottom:1px solid #e5e7eb;font-size:11px;color:#111827;">Rua Camarupim x Rua São Geraldino</td></tr><tr><th style="padding:3px 5px;text-align:left;background:#f3f4f6;border-bottom:1px solid #d1d5db;width:30%;font-size:11px;font-weight:600;color:#1f2937;">Subprefeitura</th><td style="padding:3px 5px;border-bottom:1px solid #e5e7eb;font-size:11px;color:#111827;">Jaçanã/Tremembé</td></tr><tr><th style="padding:3px 5px;text-align:left;background:#f3f4f6;border-bottom:1px solid #d1d5db;width:30%;font-size:11px;font-weight:600;color:#1f2937;">Volumetria</th><td style="padding:3px 5px;border-bottom:1px solid #e5e7eb;font-size:11px;color:#111827;">Entre 1m³ e 5m³</td></tr><tr><th style="padding:3px 5px;text-align:left;background:#f3f4f6;border-bottom:1px solid #d1d5db;width:30%;font-size:11px;font-weight:600;color:#1f2937;">Status</th><td style="padding:3px 5px;border-bottom:1px solid #e5e7eb;font-size:11px;color:#111827;">Revitalizado</td></tr><tr><th style="padding:3px 5px;text-align:left;background:#f3f4f6;border-bottom:1px solid #d1d5db;width:30%;font-size:11px;font-weight:600;color:#1f2937;">Data</th><td style="padding:3px 5px;border-bottom:1px solid #e5e7eb;font-size:11px;color:#111827;">46074</td></tr></table>]]></description><Point><coordinates>-46.5825800,-23.4754400,0</coordinates></Point></Placemark>
<Style id="s-PV-219">
<LineStyle><color>ff82004b</color><width>2.0</width></LineStyle>
<PolyStyle><color>ff82004b</color></PolyStyle>
<IconStyle><color>ff82004b</color><scale>0.55</scale>
<Icon><href>http://maps.google.com/mapfiles/kml/shapes/placemark_circle.png</href></Icon>
</IconStyle>
<LabelStyle><scale>0.65</scale></LabelStyle>
</Style><Placemark><name>JT-095</name><styleUrl>#s-PV-219</styleUrl><description><![CDATA[<table style="border-collapse:collapse;width:100%;font-family:'Helvetica Neue',Helvetica,Arial,sans-serif;font-size:11px;border:1px solid #e5e7eb;border-radius:8px;overflow:hidden;"><tr><th colspan="2" style="padding:5px 8px;background:#1f6feb;color:#fff;text-align:left;font-size:12px;font-weight:600;">JT-095</th></tr><tr><th style="padding:3px 5px;text-align:left;background:#f3f4f6;border-bottom:1px solid #d1d5db;width:30%;font-size:11px;font-weight:600;color:#1f2937;">ID</th><td style="padding:3px 5px;border-bottom:1px solid #e5e7eb;font-size:11px;color:#111827;">JT-095</td></tr><tr><th style="padding:3px 5px;text-align:left;background:#f3f4f6;border-bottom:1px solid #d1d5db;width:30%;font-size:11px;font-weight:600;color:#1f2937;">Endereço</th><td style="padding:3px 5px;border-bottom:1px solid #e5e7eb;font-size:11px;color:#111827;">Av. Sanatório x R. Liliental</td></tr><tr><th style="padding:3px 5px;text-align:left;background:#f3f4f6;border-bottom:1px solid #d1d5db;width:30%;font-size:11px;font-weight:600;color:#1f2937;">Subprefeitura</th><td style="padding:3px 5px;border-bottom:1px solid #e5e7eb;font-size:11px;color:#111827;">Jaçanã/Tremembé</td></tr><tr><th style="padding:3px 5px;text-align:left;background:#f3f4f6;border-bottom:1px solid #d1d5db;width:30%;font-size:11px;font-weight:600;color:#1f2937;">Volumetria</th><td style="padding:3px 5px;border-bottom:1px solid #e5e7eb;font-size:11px;color:#111827;">Entre 1m³ e 5m³</td></tr><tr><th style="padding:3px 5px;text-align:left;background:#f3f4f6;border-bottom:1px solid #d1d5db;width:30%;font-size:11px;font-weight:600;color:#1f2937;">Status</th><td style="padding:3px 5px;border-bottom:1px solid #e5e7eb;font-size:11px;color:#111827;">Revitalizado</td></tr><tr><th style="padding:3px 5px;text-align:left;background:#f3f4f6;border-bottom:1px solid #d1d5db;width:30%;font-size:11px;font-weight:600;color:#1f2937;">Data</th><td style="padding:3px 5px;border-bottom:1px solid #e5e7eb;font-size:11px;color:#111827;">46081</td></tr></table>]]></description><Point><coordinates>-46.5679900,-23.4710100,0</coordinates></Point></Placemark>
<Style id="s-PV-220">
<LineStyle><color>ff82004b</color><width>2.0</width></LineStyle>
<PolyStyle><color>ff82004b</color></PolyStyle>
<IconStyle><color>ff82004b</color><scale>0.55</scale>
<Icon><href>http://maps.google.com/mapfiles/kml/shapes/placemark_circle.png</href></Icon>
</IconStyle>
<LabelStyle><scale>0.65</scale></LabelStyle>
</Style><Placemark><name>JT-096</name><styleUrl>#s-PV-220</styleUrl><description><![CDATA[<table style="border-collapse:collapse;width:100%;font-family:'Helvetica Neue',Helvetica,Arial,sans-serif;font-size:11px;border:1px solid #e5e7eb;border-radius:8px;overflow:hidden;"><tr><th colspan="2" style="padding:5px 8px;background:#1f6feb;color:#fff;text-align:left;font-size:12px;font-weight:600;">JT-096</th></tr><tr><th style="padding:3px 5px;text-align:left;background:#f3f4f6;border-bottom:1px solid #d1d5db;width:30%;font-size:11px;font-weight:600;color:#1f2937;">ID</th><td style="padding:3px 5px;border-bottom:1px solid #e5e7eb;font-size:11px;color:#111827;">JT-096</td></tr><tr><th style="padding:3px 5px;text-align:left;background:#f3f4f6;border-bottom:1px solid #d1d5db;width:30%;font-size:11px;font-weight:600;color:#1f2937;">Endereço</th><td style="padding:3px 5px;border-bottom:1px solid #e5e7eb;font-size:11px;color:#111827;">R. Ari da Rocha Miranda x R. Mário Lago</td></tr><tr><th style="padding:3px 5px;text-align:left;background:#f3f4f6;border-bottom:1px solid #d1d5db;width:30%;font-size:11px;font-weight:600;color:#1f2937;">Subprefeitura</th><td style="padding:3px 5px;border-bottom:1px solid #e5e7eb;font-size:11px;color:#111827;">Jaçanã/Tremembé</td></tr><tr><th style="padding:3px 5px;text-align:left;background:#f3f4f6;border-bottom:1px solid #d1d5db;width:30%;font-size:11px;font-weight:600;color:#1f2937;">Volumetria</th><td style="padding:3px 5px;border-bottom:1px solid #e5e7eb;font-size:11px;color:#111827;">Entre 1m³ e 5m³</td></tr><tr><th style="padding:3px 5px;text-align:left;background:#f3f4f6;border-bottom:1px solid #d1d5db;width:30%;font-size:11px;font-weight:600;color:#1f2937;">Status</th><td style="padding:3px 5px;border-bottom:1px solid #e5e7eb;font-size:11px;color:#111827;">Revitalizado</td></tr><tr><th style="padding:3px 5px;text-align:left;background:#f3f4f6;border-bottom:1px solid #d1d5db;width:30%;font-size:11px;font-weight:600;color:#1f2937;">Data</th><td style="padding:3px 5px;border-bottom:1px solid #e5e7eb;font-size:11px;color:#111827;">46067</td></tr></table>]]></description><Point><coordinates>-46.5846700,-23.4563900,0</coordinates></Point></Placemark>
<Style id="s-PV-221">
<LineStyle><color>ff82004b</color><width>2.0</width></LineStyle>
<PolyStyle><color>ff82004b</color></PolyStyle>
<IconStyle><color>ff82004b</color><scale>0.55</scale>
<Icon><href>http://maps.google.com/mapfiles/kml/shapes/placemark_circle.png</href></Icon>
</IconStyle>
<LabelStyle><scale>0.65</scale></LabelStyle>
</Style><Placemark><name>JT-097</name><styleUrl>#s-PV-221</styleUrl><description><![CDATA[<table style="border-collapse:collapse;width:100%;font-family:'Helvetica Neue',Helvetica,Arial,sans-serif;font-size:11px;border:1px solid #e5e7eb;border-radius:8px;overflow:hidden;"><tr><th colspan="2" style="padding:5px 8px;background:#1f6feb;color:#fff;text-align:left;font-size:12px;font-weight:600;">JT-097</th></tr><tr><th style="padding:3px 5px;text-align:left;background:#f3f4f6;border-bottom:1px solid #d1d5db;width:30%;font-size:11px;font-weight:600;color:#1f2937;">ID</th><td style="padding:3px 5px;border-bottom:1px solid #e5e7eb;font-size:11px;color:#111827;">JT-097</td></tr><tr><th style="padding:3px 5px;text-align:left;background:#f3f4f6;border-bottom:1px solid #d1d5db;width:30%;font-size:11px;font-weight:600;color:#1f2937;">Endereço</th><td style="padding:3px 5px;border-bottom:1px solid #e5e7eb;font-size:11px;color:#111827;">R. Paulo Prado, 29</td></tr><tr><th style="padding:3px 5px;text-align:left;background:#f3f4f6;border-bottom:1px solid #d1d5db;width:30%;font-size:11px;font-weight:600;color:#1f2937;">Subprefeitura</th><td style="padding:3px 5px;border-bottom:1px solid #e5e7eb;font-size:11px;color:#111827;">Jaçanã/Tremembé</td></tr><tr><th style="padding:3px 5px;text-align:left;background:#f3f4f6;border-bottom:1px solid #d1d5db;width:30%;font-size:11px;font-weight:600;color:#1f2937;">Volumetria</th><td style="padding:3px 5px;border-bottom:1px solid #e5e7eb;font-size:11px;color:#111827;">Entre 1m³ e 5m³</td></tr><tr><th style="padding:3px 5px;text-align:left;background:#f3f4f6;border-bottom:1px solid #d1d5db;width:30%;font-size:11px;font-weight:600;color:#1f2937;">Data</th><td style="padding:3px 5px;border-bottom:1px solid #e5e7eb;font-size:11px;color:#111827;">46095</td></tr></table>]]></description><Point><coordinates>-46.5850600,-23.4735600,0</coordinates></Point></Placemark>
<Style id="s-PV-222">
<LineStyle><color>ff82004b</color><width>2.0</width></LineStyle>
<PolyStyle><color>ff82004b</color></PolyStyle>
<IconStyle><color>ff82004b</color><scale>0.55</scale>
<Icon><href>http://maps.google.com/mapfiles/kml/shapes/placemark_circle.png</href></Icon>
</IconStyle>
<LabelStyle><scale>0.65</scale></LabelStyle>
</Style><Placemark><name>JT-098</name><styleUrl>#s-PV-222</styleUrl><description><![CDATA[<table style="border-collapse:collapse;width:100%;font-family:'Helvetica Neue',Helvetica,Arial,sans-serif;font-size:11px;border:1px solid #e5e7eb;border-radius:8px;overflow:hidden;"><tr><th colspan="2" style="padding:5px 8px;background:#1f6feb;color:#fff;text-align:left;font-size:12px;font-weight:600;">JT-098</th></tr><tr><th style="padding:3px 5px;text-align:left;background:#f3f4f6;border-bottom:1px solid #d1d5db;width:30%;font-size:11px;font-weight:600;color:#1f2937;">ID</th><td style="padding:3px 5px;border-bottom:1px solid #e5e7eb;font-size:11px;color:#111827;">JT-098</td></tr><tr><th style="padding:3px 5px;text-align:left;background:#f3f4f6;border-bottom:1px solid #d1d5db;width:30%;font-size:11px;font-weight:600;color:#1f2937;">Endereço</th><td style="padding:3px 5px;border-bottom:1px solid #e5e7eb;font-size:11px;color:#111827;">R. Profa. Jacira de Carvalho, 310</td></tr><tr><th style="padding:3px 5px;text-align:left;background:#f3f4f6;border-bottom:1px solid #d1d5db;width:30%;font-size:11px;font-weight:600;color:#1f2937;">Subprefeitura</th><td style="padding:3px 5px;border-bottom:1px solid #e5e7eb;font-size:11px;color:#111827;">Jaçanã/Tremembé</td></tr><tr><th style="padding:3px 5px;text-align:left;background:#f3f4f6;border-bottom:1px solid #d1d5db;width:30%;font-size:11px;font-weight:600;color:#1f2937;">Volumetria</th><td style="padding:3px 5px;border-bottom:1px solid #e5e7eb;font-size:11px;color:#111827;">Entre 1m³ e 5m³</td></tr><tr><th style="padding:3px 5px;text-align:left;background:#f3f4f6;border-bottom:1px solid #d1d5db;width:30%;font-size:11px;font-weight:600;color:#1f2937;">Data</th><td style="padding:3px 5px;border-bottom:1px solid #e5e7eb;font-size:11px;color:#111827;">46102</td></tr></table>]]></description><Point><coordinates>-46.5836100,-23.4726000,0</coordinates></Point></Placemark>
<Style id="s-PV-223">
<LineStyle><color>ff82004b</color><width>2.0</width></LineStyle>
<PolyStyle><color>ff82004b</color></PolyStyle>
<IconStyle><color>ff82004b</color><scale>0.55</scale>
<Icon><href>http://maps.google.com/mapfiles/kml/shapes/placemark_circle.png</href></Icon>
</IconStyle>
<LabelStyle><scale>0.65</scale></LabelStyle>
</Style><Placemark><name>JT-099</name><styleUrl>#s-PV-223</styleUrl><description><![CDATA[<table style="border-collapse:collapse;width:100%;font-family:'Helvetica Neue',Helvetica,Arial,sans-serif;font-size:11px;border:1px solid #e5e7eb;border-radius:8px;overflow:hidden;"><tr><th colspan="2" style="padding:5px 8px;background:#1f6feb;color:#fff;text-align:left;font-size:12px;font-weight:600;">JT-099</th></tr><tr><th style="padding:3px 5px;text-align:left;background:#f3f4f6;border-bottom:1px solid #d1d5db;width:30%;font-size:11px;font-weight:600;color:#1f2937;">ID</th><td style="padding:3px 5px;border-bottom:1px solid #e5e7eb;font-size:11px;color:#111827;">JT-099</td></tr><tr><th style="padding:3px 5px;text-align:left;background:#f3f4f6;border-bottom:1px solid #d1d5db;width:30%;font-size:11px;font-weight:600;color:#1f2937;">Endereço</th><td style="padding:3px 5px;border-bottom:1px solid #e5e7eb;font-size:11px;color:#111827;">Av. Mendes da Rocha, 2131</td></tr><tr><th style="padding:3px 5px;text-align:left;background:#f3f4f6;border-bottom:1px solid #d1d5db;width:30%;font-size:11px;font-weight:600;color:#1f2937;">Subprefeitura</th><td style="padding:3px 5px;border-bottom:1px solid #e5e7eb;font-size:11px;color:#111827;">Jaçanã/Tremembé</td></tr><tr><th style="padding:3px 5px;text-align:left;background:#f3f4f6;border-bottom:1px solid #d1d5db;width:30%;font-size:11px;font-weight:600;color:#1f2937;">Volumetria</th><td style="padding:3px 5px;border-bottom:1px solid #e5e7eb;font-size:11px;color:#111827;">Entre 1m³ e 5m³</td></tr><tr><th style="padding:3px 5px;text-align:left;background:#f3f4f6;border-bottom:1px solid #d1d5db;width:30%;font-size:11px;font-weight:600;color:#1f2937;">Data</th><td style="padding:3px 5px;border-bottom:1px solid #e5e7eb;font-size:11px;color:#111827;">46109</td></tr></table>]]></description><Point><coordinates>-46.5774500,-23.4698700,0</coordinates></Point></Placemark>
<Style id="s-PV-224">
<LineStyle><color>ffebce87</color><width>2.0</width></LineStyle>
<PolyStyle><color>ffebce87</color></PolyStyle>
<IconStyle><color>ffebce87</color><scale>0.55</scale>
<Icon><href>http://maps.google.com/mapfiles/kml/shapes/placemark_circle.png</href></Icon>
</IconStyle>
<LabelStyle><scale>0.65</scale></LabelStyle>
</Style><Placemark><name>MG-001</name><styleUrl>#s-PV-224</styleUrl><description><![CDATA[<table style="border-collapse:collapse;width:100%;font-family:'Helvetica Neue',Helvetica,Arial,sans-serif;font-size:11px;border:1px solid #e5e7eb;border-radius:8px;overflow:hidden;"><tr><th colspan="2" style="padding:5px 8px;background:#1f6feb;color:#fff;text-align:left;font-size:12px;font-weight:600;">MG-001</th></tr><tr><th style="padding:3px 5px;text-align:left;background:#f3f4f6;border-bottom:1px solid #d1d5db;width:30%;font-size:11px;font-weight:600;color:#1f2937;">ID</th><td style="padding:3px 5px;border-bottom:1px solid #e5e7eb;font-size:11px;color:#111827;">MG-001</td></tr><tr><th style="padding:3px 5px;text-align:left;background:#f3f4f6;border-bottom:1px solid #d1d5db;width:30%;font-size:11px;font-weight:600;color:#1f2937;">Endereço</th><td style="padding:3px 5px;border-bottom:1px solid #e5e7eb;font-size:11px;color:#111827;">Alameda Segundo Sargento Nevio Baracho dos Santos, 590</td></tr><tr><th style="padding:3px 5px;text-align:left;background:#f3f4f6;border-bottom:1px solid #d1d5db;width:30%;font-size:11px;font-weight:600;color:#1f2937;">Subprefeitura</th><td style="padding:3px 5px;border-bottom:1px solid #e5e7eb;font-size:11px;color:#111827;">Vila Maria/Vila Guilherme</td></tr><tr><th style="padding:3px 5px;text-align:left;background:#f3f4f6;border-bottom:1px solid #d1d5db;width:30%;font-size:11px;font-weight:600;color:#1f2937;">Volumetria</th><td style="padding:3px 5px;border-bottom:1px solid #e5e7eb;font-size:11px;color:#111827;">Entre 1m³ e 5m³</td></tr></table>]]></description><Point><coordinates>-46.5618800,-23.5177900,0</coordinates></Point></Placemark>
<Style id="s-PV-225">
<LineStyle><color>ffebce87</color><width>2.0</width></LineStyle>
<PolyStyle><color>ffebce87</color></PolyStyle>
<IconStyle><color>ffebce87</color><scale>0.55</scale>
<Icon><href>http://maps.google.com/mapfiles/kml/shapes/placemark_circle.png</href></Icon>
</IconStyle>
<LabelStyle><scale>0.65</scale></LabelStyle>
</Style><Placemark><name>MG-002</name><styleUrl>#s-PV-225</styleUrl><description><![CDATA[<table style="border-collapse:collapse;width:100%;font-family:'Helvetica Neue',Helvetica,Arial,sans-serif;font-size:11px;border:1px solid #e5e7eb;border-radius:8px;overflow:hidden;"><tr><th colspan="2" style="padding:5px 8px;background:#1f6feb;color:#fff;text-align:left;font-size:12px;font-weight:600;">MG-002</th></tr><tr><th style="padding:3px 5px;text-align:left;background:#f3f4f6;border-bottom:1px solid #d1d5db;width:30%;font-size:11px;font-weight:600;color:#1f2937;">ID</th><td style="padding:3px 5px;border-bottom:1px solid #e5e7eb;font-size:11px;color:#111827;">MG-002</td></tr><tr><th style="padding:3px 5px;text-align:left;background:#f3f4f6;border-bottom:1px solid #d1d5db;width:30%;font-size:11px;font-weight:600;color:#1f2937;">Endereço</th><td style="padding:3px 5px;border-bottom:1px solid #e5e7eb;font-size:11px;color:#111827;">Alameda Segundo Sargento Rubens Leite, 263</td></tr><tr><th style="padding:3px 5px;text-align:left;background:#f3f4f6;border-bottom:1px solid #d1d5db;width:30%;font-size:11px;font-weight:600;color:#1f2937;">Subprefeitura</th><td style="padding:3px 5px;border-bottom:1px solid #e5e7eb;font-size:11px;color:#111827;">Vila Maria/Vila Guilherme</td></tr><tr><th style="padding:3px 5px;text-align:left;background:#f3f4f6;border-bottom:1px solid #d1d5db;width:30%;font-size:11px;font-weight:600;color:#1f2937;">Volumetria</th><td style="padding:3px 5px;border-bottom:1px solid #e5e7eb;font-size:11px;color:#111827;">Entre 1m³ e 5m³</td></tr></table>]]></description><Point><coordinates>-46.5657400,-23.4999700,0</coordinates></Point></Placemark>
<Style id="s-PV-226">
<LineStyle><color>ffebce87</color><width>2.0</width></LineStyle>
<PolyStyle><color>ffebce87</color></PolyStyle>
<IconStyle><color>ffebce87</color><scale>0.55</scale>
<Icon><href>http://maps.google.com/mapfiles/kml/shapes/placemark_circle.png</href></Icon>
</IconStyle>
<LabelStyle><scale>0.65</scale></LabelStyle>
</Style><Placemark><name>MG-003</name><styleUrl>#s-PV-226</styleUrl><description><![CDATA[<table style="border-collapse:collapse;width:100%;font-family:'Helvetica Neue',Helvetica,Arial,sans-serif;font-size:11px;border:1px solid #e5e7eb;border-radius:8px;overflow:hidden;"><tr><th colspan="2" style="padding:5px 8px;background:#1f6feb;color:#fff;text-align:left;font-size:12px;font-weight:600;">MG-003</th></tr><tr><th style="padding:3px 5px;text-align:left;background:#f3f4f6;border-bottom:1px solid #d1d5db;width:30%;font-size:11px;font-weight:600;color:#1f2937;">ID</th><td style="padding:3px 5px;border-bottom:1px solid #e5e7eb;font-size:11px;color:#111827;">MG-003</td></tr><tr><th style="padding:3px 5px;text-align:left;background:#f3f4f6;border-bottom:1px solid #d1d5db;width:30%;font-size:11px;font-weight:600;color:#1f2937;">Endereço</th><td style="padding:3px 5px;border-bottom:1px solid #e5e7eb;font-size:11px;color:#111827;">Alameda Terceiro Sargento Alcides de Oliveira, 549</td></tr><tr><th style="padding:3px 5px;text-align:left;background:#f3f4f6;border-bottom:1px solid #d1d5db;width:30%;font-size:11px;font-weight:600;color:#1f2937;">Subprefeitura</th><td style="padding:3px 5px;border-bottom:1px solid #e5e7eb;font-size:11px;color:#111827;">Vila Maria/Vila Guilherme</td></tr><tr><th style="padding:3px 5px;text-align:left;background:#f3f4f6;border-bottom:1px solid #d1d5db;width:30%;font-size:11px;font-weight:600;color:#1f2937;">Volumetria</th><td style="padding:3px 5px;border-bottom:1px solid #e5e7eb;font-size:11px;color:#111827;">Entre 1m³ e 5m³</td></tr></table>]]></description><Point><coordinates>-46.5653500,-23.5015300,0</coordinates></Point></Placemark>
<Style id="s-PV-227">
<LineStyle><color>ffebce87</color><width>2.0</width></LineStyle>
<PolyStyle><color>ffebce87</color></PolyStyle>
<IconStyle><color>ffebce87</color><scale>0.55</scale>
<Icon><href>http://maps.google.com/mapfiles/kml/shapes/placemark_circle.png</href></Icon>
</IconStyle>
<LabelStyle><scale>0.65</scale></LabelStyle>
</Style><Placemark><name>MG-004</name><styleUrl>#s-PV-227</styleUrl><description><![CDATA[<table style="border-collapse:collapse;width:100%;font-family:'Helvetica Neue',Helvetica,Arial,sans-serif;font-size:11px;border:1px solid #e5e7eb;border-radius:8px;overflow:hidden;"><tr><th colspan="2" style="padding:5px 8px;background:#1f6feb;color:#fff;text-align:left;font-size:12px;font-weight:600;">MG-004</th></tr><tr><th style="padding:3px 5px;text-align:left;background:#f3f4f6;border-bottom:1px solid #d1d5db;width:30%;font-size:11px;font-weight:600;color:#1f2937;">ID</th><td style="padding:3px 5px;border-bottom:1px solid #e5e7eb;font-size:11px;color:#111827;">MG-004</td></tr><tr><th style="padding:3px 5px;text-align:left;background:#f3f4f6;border-bottom:1px solid #d1d5db;width:30%;font-size:11px;font-weight:600;color:#1f2937;">Endereço</th><td style="padding:3px 5px;border-bottom:1px solid #e5e7eb;font-size:11px;color:#111827;">Avenida Antenor Navarro, 1135</td></tr><tr><th style="padding:3px 5px;text-align:left;background:#f3f4f6;border-bottom:1px solid #d1d5db;width:30%;font-size:11px;font-weight:600;color:#1f2937;">Subprefeitura</th><td style="padding:3px 5px;border-bottom:1px solid #e5e7eb;font-size:11px;color:#111827;">Vila Maria/Vila Guilherme</td></tr><tr><th style="padding:3px 5px;text-align:left;background:#f3f4f6;border-bottom:1px solid #d1d5db;width:30%;font-size:11px;font-weight:600;color:#1f2937;">Volumetria</th><td style="padding:3px 5px;border-bottom:1px solid #e5e7eb;font-size:11px;color:#111827;">Entre 1m³ e 5m³</td></tr></table>]]></description><Point><coordinates>-46.5683800,-23.4818800,0</coordinates></Point></Placemark>
<Style id="s-PV-228">
<LineStyle><color>ffebce87</color><width>2.0</width></LineStyle>
<PolyStyle><color>ffebce87</color></PolyStyle>
<IconStyle><color>ffebce87</color><scale>0.55</scale>
<Icon><href>http://maps.google.com/mapfiles/kml/shapes/placemark_circle.png</href></Icon>
</IconStyle>
<LabelStyle><scale>0.65</scale></LabelStyle>
</Style><Placemark><name>MG-005</name><styleUrl>#s-PV-228</styleUrl><description><![CDATA[<table style="border-collapse:collapse;width:100%;font-family:'Helvetica Neue',Helvetica,Arial,sans-serif;font-size:11px;border:1px solid #e5e7eb;border-radius:8px;overflow:hidden;"><tr><th colspan="2" style="padding:5px 8px;background:#1f6feb;color:#fff;text-align:left;font-size:12px;font-weight:600;">MG-005</th></tr><tr><th style="padding:3px 5px;text-align:left;background:#f3f4f6;border-bottom:1px solid #d1d5db;width:30%;font-size:11px;font-weight:600;color:#1f2937;">ID</th><td style="padding:3px 5px;border-bottom:1px solid #e5e7eb;font-size:11px;color:#111827;">MG-005</td></tr><tr><th style="padding:3px 5px;text-align:left;background:#f3f4f6;border-bottom:1px solid #d1d5db;width:30%;font-size:11px;font-weight:600;color:#1f2937;">Endereço</th><td style="padding:3px 5px;border-bottom:1px solid #e5e7eb;font-size:11px;color:#111827;">Avenida Bandeirantes do Sul, 1221</td></tr><tr><th style="padding:3px 5px;text-align:left;background:#f3f4f6;border-bottom:1px solid #d1d5db;width:30%;font-size:11px;font-weight:600;color:#1f2937;">Subprefeitura</th><td style="padding:3px 5px;border-bottom:1px solid #e5e7eb;font-size:11px;color:#111827;">Vila Maria/Vila Guilherme</td></tr><tr><th style="padding:3px 5px;text-align:left;background:#f3f4f6;border-bottom:1px solid #d1d5db;width:30%;font-size:11px;font-weight:600;color:#1f2937;">Volumetria</th><td style="padding:3px 5px;border-bottom:1px solid #e5e7eb;font-size:11px;color:#111827;">Entre 1m³ e 5m³</td></tr></table>]]></description><Point><coordinates>-46.5743900,-23.5101100,0</coordinates></Point></Placemark>
<Style id="s-PV-229">
<LineStyle><color>ffebce87</color><width>2.0</width></LineStyle>
<PolyStyle><color>ffebce87</color></PolyStyle>
<IconStyle><color>ffebce87</color><scale>0.55</scale>
<Icon><href>http://maps.google.com/mapfiles/kml/shapes/placemark_circle.png</href></Icon>
</IconStyle>
<LabelStyle><scale>0.65</scale></LabelStyle>
</Style><Placemark><name>MG-006</name><styleUrl>#s-PV-229</styleUrl><description><![CDATA[<table style="border-collapse:collapse;width:100%;font-family:'Helvetica Neue',Helvetica,Arial,sans-serif;font-size:11px;border:1px solid #e5e7eb;border-radius:8px;overflow:hidden;"><tr><th colspan="2" style="padding:5px 8px;background:#1f6feb;color:#fff;text-align:left;font-size:12px;font-weight:600;">MG-006</th></tr><tr><th style="padding:3px 5px;text-align:left;background:#f3f4f6;border-bottom:1px solid #d1d5db;width:30%;font-size:11px;font-weight:600;color:#1f2937;">ID</th><td style="padding:3px 5px;border-bottom:1px solid #e5e7eb;font-size:11px;color:#111827;">MG-006</td></tr><tr><th style="padding:3px 5px;text-align:left;background:#f3f4f6;border-bottom:1px solid #d1d5db;width:30%;font-size:11px;font-weight:600;color:#1f2937;">Endereço</th><td style="padding:3px 5px;border-bottom:1px solid #e5e7eb;font-size:11px;color:#111827;">Avenida Bandeirantes do Sul, 311</td></tr><tr><th style="padding:3px 5px;text-align:left;background:#f3f4f6;border-bottom:1px solid #d1d5db;width:30%;font-size:11px;font-weight:600;color:#1f2937;">Subprefeitura</th><td style="padding:3px 5px;border-bottom:1px solid #e5e7eb;font-size:11px;color:#111827;">Vila Maria/Vila Guilherme</td></tr><tr><th style="padding:3px 5px;text-align:left;background:#f3f4f6;border-bottom:1px solid #d1d5db;width:30%;font-size:11px;font-weight:600;color:#1f2937;">Volumetria</th><td style="padding:3px 5px;border-bottom:1px solid #e5e7eb;font-size:11px;color:#111827;">Entre 1m³ e 5m³</td></tr></table>]]></description><Point><coordinates>-46.5803200,-23.5161300,0</coordinates></Point></Placemark>
<Style id="s-PV-230">
<LineStyle><color>ffebce87</color><width>2.0</width></LineStyle>
<PolyStyle><color>ffebce87</color></PolyStyle>
<IconStyle><color>ffebce87</color><scale>0.55</scale>
<Icon><href>http://maps.google.com/mapfiles/kml/shapes/placemark_circle.png</href></Icon>
</IconStyle>
<LabelStyle><scale>0.65</scale></LabelStyle>
</Style><Placemark><name>MG-007</name><styleUrl>#s-PV-230</styleUrl><description><![CDATA[<table style="border-collapse:collapse;width:100%;font-family:'Helvetica Neue',Helvetica,Arial,sans-serif;font-size:11px;border:1px solid #e5e7eb;border-radius:8px;overflow:hidden;"><tr><th colspan="2" style="padding:5px 8px;background:#1f6feb;color:#fff;text-align:left;font-size:12px;font-weight:600;">MG-007</th></tr><tr><th style="padding:3px 5px;text-align:left;background:#f3f4f6;border-bottom:1px solid #d1d5db;width:30%;font-size:11px;font-weight:600;color:#1f2937;">ID</th><td style="padding:3px 5px;border-bottom:1px solid #e5e7eb;font-size:11px;color:#111827;">MG-007</td></tr><tr><th style="padding:3px 5px;text-align:left;background:#f3f4f6;border-bottom:1px solid #d1d5db;width:30%;font-size:11px;font-weight:600;color:#1f2937;">Endereço</th><td style="padding:3px 5px;border-bottom:1px solid #e5e7eb;font-size:11px;color:#111827;">Avenida Bandeirantes do Sul, 43</td></tr><tr><th style="padding:3px 5px;text-align:left;background:#f3f4f6;border-bottom:1px solid #d1d5db;width:30%;font-size:11px;font-weight:600;color:#1f2937;">Subprefeitura</th><td style="padding:3px 5px;border-bottom:1px solid #e5e7eb;font-size:11px;color:#111827;">Vila Maria/Vila Guilherme</td></tr><tr><th style="padding:3px 5px;text-align:left;background:#f3f4f6;border-bottom:1px solid #d1d5db;width:30%;font-size:11px;font-weight:600;color:#1f2937;">Volumetria</th><td style="padding:3px 5px;border-bottom:1px solid #e5e7eb;font-size:11px;color:#111827;">Entre 1m³ e 5m³</td></tr></table>]]></description><Point><coordinates>-46.5797300,-23.5156300,0</coordinates></Point></Placemark>
<Style id="s-PV-231">
<LineStyle><color>ffebce87</color><width>2.0</width></LineStyle>
<PolyStyle><color>ffebce87</color></PolyStyle>
<IconStyle><color>ffebce87</color><scale>0.55</scale>
<Icon><href>http://maps.google.com/mapfiles/kml/shapes/placemark_circle.png</href></Icon>
</IconStyle>
<LabelStyle><scale>0.65</scale></LabelStyle>
</Style><Placemark><name>MG-008</name><styleUrl>#s-PV-231</styleUrl><description><![CDATA[<table style="border-collapse:collapse;width:100%;font-family:'Helvetica Neue',Helvetica,Arial,sans-serif;font-size:11px;border:1px solid #e5e7eb;border-radius:8px;overflow:hidden;"><tr><th colspan="2" style="padding:5px 8px;background:#1f6feb;color:#fff;text-align:left;font-size:12px;font-weight:600;">MG-008</th></tr><tr><th style="padding:3px 5px;text-align:left;background:#f3f4f6;border-bottom:1px solid #d1d5db;width:30%;font-size:11px;font-weight:600;color:#1f2937;">ID</th><td style="padding:3px 5px;border-bottom:1px solid #e5e7eb;font-size:11px;color:#111827;">MG-008</td></tr><tr><th style="padding:3px 5px;text-align:left;background:#f3f4f6;border-bottom:1px solid #d1d5db;width:30%;font-size:11px;font-weight:600;color:#1f2937;">Endereço</th><td style="padding:3px 5px;border-bottom:1px solid #e5e7eb;font-size:11px;color:#111827;">Avenida Combate da Lagoa Branca X Rua Tenente Sotomano</td></tr><tr><th style="padding:3px 5px;text-align:left;background:#f3f4f6;border-bottom:1px solid #d1d5db;width:30%;font-size:11px;font-weight:600;color:#1f2937;">Subprefeitura</th><td style="padding:3px 5px;border-bottom:1px solid #e5e7eb;font-size:11px;color:#111827;">Vila Maria/Vila Guilherme</td></tr><tr><th style="padding:3px 5px;text-align:left;background:#f3f4f6;border-bottom:1px solid #d1d5db;width:30%;font-size:11px;font-weight:600;color:#1f2937;">Volumetria</th><td style="padding:3px 5px;border-bottom:1px solid #e5e7eb;font-size:11px;color:#111827;">Entre 1m³ e 5m³</td></tr></table>]]></description><Point><coordinates>-46.5709000,-23.4869300,0</coordinates></Point></Placemark>
<Style id="s-PV-232">
<LineStyle><color>ffebce87</color><width>2.0</width></LineStyle>
<PolyStyle><color>ffebce87</color></PolyStyle>
<IconStyle><color>ffebce87</color><scale>0.55</scale>
<Icon><href>http://maps.google.com/mapfiles/kml/shapes/placemark_circle.png</href></Icon>
</IconStyle>
<LabelStyle><scale>0.65</scale></LabelStyle>
</Style><Placemark><name>MG-009</name><styleUrl>#s-PV-232</styleUrl><description><![CDATA[<table style="border-collapse:collapse;width:100%;font-family:'Helvetica Neue',Helvetica,Arial,sans-serif;font-size:11px;border:1px solid #e5e7eb;border-radius:8px;overflow:hidden;"><tr><th colspan="2" style="padding:5px 8px;background:#1f6feb;color:#fff;text-align:left;font-size:12px;font-weight:600;">MG-009</th></tr><tr><th style="padding:3px 5px;text-align:left;background:#f3f4f6;border-bottom:1px solid #d1d5db;width:30%;font-size:11px;font-weight:600;color:#1f2937;">ID</th><td style="padding:3px 5px;border-bottom:1px solid #e5e7eb;font-size:11px;color:#111827;">MG-009</td></tr><tr><th style="padding:3px 5px;text-align:left;background:#f3f4f6;border-bottom:1px solid #d1d5db;width:30%;font-size:11px;font-weight:600;color:#1f2937;">Endereço</th><td style="padding:3px 5px;border-bottom:1px solid #e5e7eb;font-size:11px;color:#111827;">Avenida Conceição X Rua José de Araújo</td></tr><tr><th style="padding:3px 5px;text-align:left;background:#f3f4f6;border-bottom:1px solid #d1d5db;width:30%;font-size:11px;font-weight:600;color:#1f2937;">Subprefeitura</th><td style="padding:3px 5px;border-bottom:1px solid #e5e7eb;font-size:11px;color:#111827;">Vila Maria/Vila Guilherme</td></tr><tr><th style="padding:3px 5px;text-align:left;background:#f3f4f6;border-bottom:1px solid #d1d5db;width:30%;font-size:11px;font-weight:600;color:#1f2937;">Volumetria</th><td style="padding:3px 5px;border-bottom:1px solid #e5e7eb;font-size:11px;color:#111827;">Entre 1m³ e 5m³</td></tr></table>]]></description><Point><coordinates>-46.5864400,-23.4965400,0</coordinates></Point></Placemark>
<Style id="s-PV-233">
<LineStyle><color>ffebce87</color><width>2.0</width></LineStyle>
<PolyStyle><color>ffebce87</color></PolyStyle>
<IconStyle><color>ffebce87</color><scale>0.55</scale>
<Icon><href>http://maps.google.com/mapfiles/kml/shapes/placemark_circle.png</href></Icon>
</IconStyle>
<LabelStyle><scale>0.65</scale></LabelStyle>
</Style><Placemark><name>MG-010</name><styleUrl>#s-PV-233</styleUrl><description><![CDATA[<table style="border-collapse:collapse;width:100%;font-family:'Helvetica Neue',Helvetica,Arial,sans-serif;font-size:11px;border:1px solid #e5e7eb;border-radius:8px;overflow:hidden;"><tr><th colspan="2" style="padding:5px 8px;background:#1f6feb;color:#fff;text-align:left;font-size:12px;font-weight:600;">MG-010</th></tr><tr><th style="padding:3px 5px;text-align:left;background:#f3f4f6;border-bottom:1px solid #d1d5db;width:30%;font-size:11px;font-weight:600;color:#1f2937;">ID</th><td style="padding:3px 5px;border-bottom:1px solid #e5e7eb;font-size:11px;color:#111827;">MG-010</td></tr><tr><th style="padding:3px 5px;text-align:left;background:#f3f4f6;border-bottom:1px solid #d1d5db;width:30%;font-size:11px;font-weight:600;color:#1f2937;">Endereço</th><td style="padding:3px 5px;border-bottom:1px solid #e5e7eb;font-size:11px;color:#111827;">Avenida das Gueixas, 2</td></tr><tr><th style="padding:3px 5px;text-align:left;background:#f3f4f6;border-bottom:1px solid #d1d5db;width:30%;font-size:11px;font-weight:600;color:#1f2937;">Subprefeitura</th><td style="padding:3px 5px;border-bottom:1px solid #e5e7eb;font-size:11px;color:#111827;">Vila Maria/Vila Guilherme</td></tr><tr><th style="padding:3px 5px;text-align:left;background:#f3f4f6;border-bottom:1px solid #d1d5db;width:30%;font-size:11px;font-weight:600;color:#1f2937;">Volumetria</th><td style="padding:3px 5px;border-bottom:1px solid #e5e7eb;font-size:11px;color:#111827;">Entre 1m³ e 5m³</td></tr></table>]]></description><Point><coordinates>-46.5780300,-23.5138000,0</coordinates></Point></Placemark>
<Style id="s-PV-234">
<LineStyle><color>ffebce87</color><width>2.0</width></LineStyle>
<PolyStyle><color>ffebce87</color></PolyStyle>
<IconStyle><color>ffebce87</color><scale>0.55</scale>
<Icon><href>http://maps.google.com/mapfiles/kml/shapes/placemark_circle.png</href></Icon>
</IconStyle>
<LabelStyle><scale>0.65</scale></LabelStyle>
</Style><Placemark><name>MG-011</name><styleUrl>#s-PV-234</styleUrl><description><![CDATA[<table style="border-collapse:collapse;width:100%;font-family:'Helvetica Neue',Helvetica,Arial,sans-serif;font-size:11px;border:1px solid #e5e7eb;border-radius:8px;overflow:hidden;"><tr><th colspan="2" style="padding:5px 8px;background:#1f6feb;color:#fff;text-align:left;font-size:12px;font-weight:600;">MG-011</th></tr><tr><th style="padding:3px 5px;text-align:left;background:#f3f4f6;border-bottom:1px solid #d1d5db;width:30%;font-size:11px;font-weight:600;color:#1f2937;">ID</th><td style="padding:3px 5px;border-bottom:1px solid #e5e7eb;font-size:11px;color:#111827;">MG-011</td></tr><tr><th style="padding:3px 5px;text-align:left;background:#f3f4f6;border-bottom:1px solid #d1d5db;width:30%;font-size:11px;font-weight:600;color:#1f2937;">Endereço</th><td style="padding:3px 5px;border-bottom:1px solid #e5e7eb;font-size:11px;color:#111827;">Avenida do Birimbau, 177</td></tr><tr><th style="padding:3px 5px;text-align:left;background:#f3f4f6;border-bottom:1px solid #d1d5db;width:30%;font-size:11px;font-weight:600;color:#1f2937;">Subprefeitura</th><td style="padding:3px 5px;border-bottom:1px solid #e5e7eb;font-size:11px;color:#111827;">Vila Maria/Vila Guilherme</td></tr><tr><th style="padding:3px 5px;text-align:left;background:#f3f4f6;border-bottom:1px solid #d1d5db;width:30%;font-size:11px;font-weight:600;color:#1f2937;">Volumetria</th><td style="padding:3px 5px;border-bottom:1px solid #e5e7eb;font-size:11px;color:#111827;">Entre 1m³ e 5m³</td></tr><tr><th style="padding:3px 5px;text-align:left;background:#f3f4f6;border-bottom:1px solid #d1d5db;width:30%;font-size:11px;font-weight:600;color:#1f2937;">Status</th><td style="padding:3px 5px;border-bottom:1px solid #e5e7eb;font-size:11px;color:#111827;">Revitalizado</td></tr><tr><th style="padding:3px 5px;text-align:left;background:#f3f4f6;border-bottom:1px solid #d1d5db;width:30%;font-size:11px;font-weight:600;color:#1f2937;">Data</th><td style="padding:3px 5px;border-bottom:1px solid #e5e7eb;font-size:11px;color:#111827;">46088</td></tr></table>]]></description><Point><coordinates>-46.5751400,-23.5160100,0</coordinates></Point></Placemark>
<Style id="s-PV-235">
<LineStyle><color>ffebce87</color><width>2.0</width></LineStyle>
<PolyStyle><color>ffebce87</color></PolyStyle>
<IconStyle><color>ffebce87</color><scale>0.55</scale>
<Icon><href>http://maps.google.com/mapfiles/kml/shapes/placemark_circle.png</href></Icon>
</IconStyle>
<LabelStyle><scale>0.65</scale></LabelStyle>
</Style><Placemark><name>MG-012</name><styleUrl>#s-PV-235</styleUrl><description><![CDATA[<table style="border-collapse:collapse;width:100%;font-family:'Helvetica Neue',Helvetica,Arial,sans-serif;font-size:11px;border:1px solid #e5e7eb;border-radius:8px;overflow:hidden;"><tr><th colspan="2" style="padding:5px 8px;background:#1f6feb;color:#fff;text-align:left;font-size:12px;font-weight:600;">MG-012</th></tr><tr><th style="padding:3px 5px;text-align:left;background:#f3f4f6;border-bottom:1px solid #d1d5db;width:30%;font-size:11px;font-weight:600;color:#1f2937;">ID</th><td style="padding:3px 5px;border-bottom:1px solid #e5e7eb;font-size:11px;color:#111827;">MG-012</td></tr><tr><th style="padding:3px 5px;text-align:left;background:#f3f4f6;border-bottom:1px solid #d1d5db;width:30%;font-size:11px;font-weight:600;color:#1f2937;">Endereço</th><td style="padding:3px 5px;border-bottom:1px solid #e5e7eb;font-size:11px;color:#111827;">Avenida do Birimbau, 92</td></tr><tr><th style="padding:3px 5px;text-align:left;background:#f3f4f6;border-bottom:1px solid #d1d5db;width:30%;font-size:11px;font-weight:600;color:#1f2937;">Subprefeitura</th><td style="padding:3px 5px;border-bottom:1px solid #e5e7eb;font-size:11px;color:#111827;">Vila Maria/Vila Guilherme</td></tr><tr><th style="padding:3px 5px;text-align:left;background:#f3f4f6;border-bottom:1px solid #d1d5db;width:30%;font-size:11px;font-weight:600;color:#1f2937;">Volumetria</th><td style="padding:3px 5px;border-bottom:1px solid #e5e7eb;font-size:11px;color:#111827;">Entre 1m³ e 5m³</td></tr><tr><th style="padding:3px 5px;text-align:left;background:#f3f4f6;border-bottom:1px solid #d1d5db;width:30%;font-size:11px;font-weight:600;color:#1f2937;">Data</th><td style="padding:3px 5px;border-bottom:1px solid #e5e7eb;font-size:11px;color:#111827;">46095</td></tr></table>]]></description><Point><coordinates>-46.5748100,-23.5163400,0</coordinates></Point></Placemark>
<Style id="s-PV-236">
<LineStyle><color>ffebce87</color><width>2.0</width></LineStyle>
<PolyStyle><color>ffebce87</color></PolyStyle>
<IconStyle><color>ffebce87</color><scale>0.55</scale>
<Icon><href>http://maps.google.com/mapfiles/kml/shapes/placemark_circle.png</href></Icon>
</IconStyle>
<LabelStyle><scale>0.65</scale></LabelStyle>
</Style><Placemark><name>MG-013</name><styleUrl>#s-PV-236</styleUrl><description><![CDATA[<table style="border-collapse:collapse;width:100%;font-family:'Helvetica Neue',Helvetica,Arial,sans-serif;font-size:11px;border:1px solid #e5e7eb;border-radius:8px;overflow:hidden;"><tr><th colspan="2" style="padding:5px 8px;background:#1f6feb;color:#fff;text-align:left;font-size:12px;font-weight:600;">MG-013</th></tr><tr><th style="padding:3px 5px;text-align:left;background:#f3f4f6;border-bottom:1px solid #d1d5db;width:30%;font-size:11px;font-weight:600;color:#1f2937;">ID</th><td style="padding:3px 5px;border-bottom:1px solid #e5e7eb;font-size:11px;color:#111827;">MG-013</td></tr><tr><th style="padding:3px 5px;text-align:left;background:#f3f4f6;border-bottom:1px solid #d1d5db;width:30%;font-size:11px;font-weight:600;color:#1f2937;">Endereço</th><td style="padding:3px 5px;border-bottom:1px solid #e5e7eb;font-size:11px;color:#111827;">Avenida do Poeta X Avenida João Simão de Castro</td></tr><tr><th style="padding:3px 5px;text-align:left;background:#f3f4f6;border-bottom:1px solid #d1d5db;width:30%;font-size:11px;font-weight:600;color:#1f2937;">Subprefeitura</th><td style="padding:3px 5px;border-bottom:1px solid #e5e7eb;font-size:11px;color:#111827;">Vila Maria/Vila Guilherme</td></tr><tr><th style="padding:3px 5px;text-align:left;background:#f3f4f6;border-bottom:1px solid #d1d5db;width:30%;font-size:11px;font-weight:600;color:#1f2937;">Volumetria</th><td style="padding:3px 5px;border-bottom:1px solid #e5e7eb;font-size:11px;color:#111827;">Mais de 5m³</td></tr><tr><th style="padding:3px 5px;text-align:left;background:#f3f4f6;border-bottom:1px solid #d1d5db;width:30%;font-size:11px;font-weight:600;color:#1f2937;">Status</th><td style="padding:3px 5px;border-bottom:1px solid #e5e7eb;font-size:11px;color:#111827;">Revitalizado</td></tr><tr><th style="padding:3px 5px;text-align:left;background:#f3f4f6;border-bottom:1px solid #d1d5db;width:30%;font-size:11px;font-weight:600;color:#1f2937;">Data</th><td style="padding:3px 5px;border-bottom:1px solid #e5e7eb;font-size:11px;color:#111827;">46041</td></tr></table>]]></description><Point><coordinates>-46.5662900,-23.4889900,0</coordinates></Point></Placemark>
<Style id="s-PV-237">
<LineStyle><color>ffebce87</color><width>2.0</width></LineStyle>
<PolyStyle><color>ffebce87</color></PolyStyle>
<IconStyle><color>ffebce87</color><scale>0.55</scale>
<Icon><href>http://maps.google.com/mapfiles/kml/shapes/placemark_circle.png</href></Icon>
</IconStyle>
<LabelStyle><scale>0.65</scale></LabelStyle>
</Style><Placemark><name>MG-014</name><styleUrl>#s-PV-237</styleUrl><description><![CDATA[<table style="border-collapse:collapse;width:100%;font-family:'Helvetica Neue',Helvetica,Arial,sans-serif;font-size:11px;border:1px solid #e5e7eb;border-radius:8px;overflow:hidden;"><tr><th colspan="2" style="padding:5px 8px;background:#1f6feb;color:#fff;text-align:left;font-size:12px;font-weight:600;">MG-014</th></tr><tr><th style="padding:3px 5px;text-align:left;background:#f3f4f6;border-bottom:1px solid #d1d5db;width:30%;font-size:11px;font-weight:600;color:#1f2937;">ID</th><td style="padding:3px 5px;border-bottom:1px solid #e5e7eb;font-size:11px;color:#111827;">MG-014</td></tr><tr><th style="padding:3px 5px;text-align:left;background:#f3f4f6;border-bottom:1px solid #d1d5db;width:30%;font-size:11px;font-weight:600;color:#1f2937;">Endereço</th><td style="padding:3px 5px;border-bottom:1px solid #e5e7eb;font-size:11px;color:#111827;">Avenida Doutor Benedito Estevam dos Santos, 953</td></tr><tr><th style="padding:3px 5px;text-align:left;background:#f3f4f6;border-bottom:1px solid #d1d5db;width:30%;font-size:11px;font-weight:600;color:#1f2937;">Subprefeitura</th><td style="padding:3px 5px;border-bottom:1px solid #e5e7eb;font-size:11px;color:#111827;">Vila Maria/Vila Guilherme</td></tr><tr><th style="padding:3px 5px;text-align:left;background:#f3f4f6;border-bottom:1px solid #d1d5db;width:30%;font-size:11px;font-weight:600;color:#1f2937;">Volumetria</th><td style="padding:3px 5px;border-bottom:1px solid #e5e7eb;font-size:11px;color:#111827;">Entre 1m³ e 5m³</td></tr></table>]]></description><Point><coordinates>-46.5835000,-23.4979000,0</coordinates></Point></Placemark>
<Style id="s-PV-238">
<LineStyle><color>ffebce87</color><width>2.0</width></LineStyle>
<PolyStyle><color>ffebce87</color></PolyStyle>
<IconStyle><color>ffebce87</color><scale>0.55</scale>
<Icon><href>http://maps.google.com/mapfiles/kml/shapes/placemark_circle.png</href></Icon>
</IconStyle>
<LabelStyle><scale>0.65</scale></LabelStyle>
</Style><Placemark><name>MG-015</name><styleUrl>#s-PV-238</styleUrl><description><![CDATA[<table style="border-collapse:collapse;width:100%;font-family:'Helvetica Neue',Helvetica,Arial,sans-serif;font-size:11px;border:1px solid #e5e7eb;border-radius:8px;overflow:hidden;"><tr><th colspan="2" style="padding:5px 8px;background:#1f6feb;color:#fff;text-align:left;font-size:12px;font-weight:600;">MG-015</th></tr><tr><th style="padding:3px 5px;text-align:left;background:#f3f4f6;border-bottom:1px solid #d1d5db;width:30%;font-size:11px;font-weight:600;color:#1f2937;">ID</th><td style="padding:3px 5px;border-bottom:1px solid #e5e7eb;font-size:11px;color:#111827;">MG-015</td></tr><tr><th style="padding:3px 5px;text-align:left;background:#f3f4f6;border-bottom:1px solid #d1d5db;width:30%;font-size:11px;font-weight:600;color:#1f2937;">Endereço</th><td style="padding:3px 5px;border-bottom:1px solid #e5e7eb;font-size:11px;color:#111827;">Avenida Ede X Rua Ida Boschetti</td></tr><tr><th style="padding:3px 5px;text-align:left;background:#f3f4f6;border-bottom:1px solid #d1d5db;width:30%;font-size:11px;font-weight:600;color:#1f2937;">Subprefeitura</th><td style="padding:3px 5px;border-bottom:1px solid #e5e7eb;font-size:11px;color:#111827;">Vila Maria/Vila Guilherme</td></tr><tr><th style="padding:3px 5px;text-align:left;background:#f3f4f6;border-bottom:1px solid #d1d5db;width:30%;font-size:11px;font-weight:600;color:#1f2937;">Volumetria</th><td style="padding:3px 5px;border-bottom:1px solid #e5e7eb;font-size:11px;color:#111827;">Entre 1m³ e 5m³</td></tr></table>]]></description><Point><coordinates>-46.5892400,-23.4902700,0</coordinates></Point></Placemark>
<Style id="s-PV-239">
<LineStyle><color>ffebce87</color><width>2.0</width></LineStyle>
<PolyStyle><color>ffebce87</color></PolyStyle>
<IconStyle><color>ffebce87</color><scale>0.55</scale>
<Icon><href>http://maps.google.com/mapfiles/kml/shapes/placemark_circle.png</href></Icon>
</IconStyle>
<LabelStyle><scale>0.65</scale></LabelStyle>
</Style><Placemark><name>MG-016</name><styleUrl>#s-PV-239</styleUrl><description><![CDATA[<table style="border-collapse:collapse;width:100%;font-family:'Helvetica Neue',Helvetica,Arial,sans-serif;font-size:11px;border:1px solid #e5e7eb;border-radius:8px;overflow:hidden;"><tr><th colspan="2" style="padding:5px 8px;background:#1f6feb;color:#fff;text-align:left;font-size:12px;font-weight:600;">MG-016</th></tr><tr><th style="padding:3px 5px;text-align:left;background:#f3f4f6;border-bottom:1px solid #d1d5db;width:30%;font-size:11px;font-weight:600;color:#1f2937;">ID</th><td style="padding:3px 5px;border-bottom:1px solid #e5e7eb;font-size:11px;color:#111827;">MG-016</td></tr><tr><th style="padding:3px 5px;text-align:left;background:#f3f4f6;border-bottom:1px solid #d1d5db;width:30%;font-size:11px;font-weight:600;color:#1f2937;">Endereço</th><td style="padding:3px 5px;border-bottom:1px solid #e5e7eb;font-size:11px;color:#111827;">Avenida Ede X Rua Zalina Rolim</td></tr><tr><th style="padding:3px 5px;text-align:left;background:#f3f4f6;border-bottom:1px solid #d1d5db;width:30%;font-size:11px;font-weight:600;color:#1f2937;">Subprefeitura</th><td style="padding:3px 5px;border-bottom:1px solid #e5e7eb;font-size:11px;color:#111827;">Vila Maria/Vila Guilherme</td></tr><tr><th style="padding:3px 5px;text-align:left;background:#f3f4f6;border-bottom:1px solid #d1d5db;width:30%;font-size:11px;font-weight:600;color:#1f2937;">Volumetria</th><td style="padding:3px 5px;border-bottom:1px solid #e5e7eb;font-size:11px;color:#111827;">Entre 1m³ e 5m³</td></tr></table>]]></description><Point><coordinates>-46.5922600,-23.4948100,0</coordinates></Point></Placemark>
<Style id="s-PV-240">
<LineStyle><color>ffebce87</color><width>2.0</width></LineStyle>
<PolyStyle><color>ffebce87</color></PolyStyle>
<IconStyle><color>ffebce87</color><scale>0.55</scale>
<Icon><href>http://maps.google.com/mapfiles/kml/shapes/placemark_circle.png</href></Icon>
</IconStyle>
<LabelStyle><scale>0.65</scale></LabelStyle>
</Style><Placemark><name>MG-017</name><styleUrl>#s-PV-240</styleUrl><description><![CDATA[<table style="border-collapse:collapse;width:100%;font-family:'Helvetica Neue',Helvetica,Arial,sans-serif;font-size:11px;border:1px solid #e5e7eb;border-radius:8px;overflow:hidden;"><tr><th colspan="2" style="padding:5px 8px;background:#1f6feb;color:#fff;text-align:left;font-size:12px;font-weight:600;">MG-017</th></tr><tr><th style="padding:3px 5px;text-align:left;background:#f3f4f6;border-bottom:1px solid #d1d5db;width:30%;font-size:11px;font-weight:600;color:#1f2937;">ID</th><td style="padding:3px 5px;border-bottom:1px solid #e5e7eb;font-size:11px;color:#111827;">MG-017</td></tr><tr><th style="padding:3px 5px;text-align:left;background:#f3f4f6;border-bottom:1px solid #d1d5db;width:30%;font-size:11px;font-weight:600;color:#1f2937;">Endereço</th><td style="padding:3px 5px;border-bottom:1px solid #e5e7eb;font-size:11px;color:#111827;">Avenida Educador Paulo Freire, 371</td></tr><tr><th style="padding:3px 5px;text-align:left;background:#f3f4f6;border-bottom:1px solid #d1d5db;width:30%;font-size:11px;font-weight:600;color:#1f2937;">Subprefeitura</th><td style="padding:3px 5px;border-bottom:1px solid #e5e7eb;font-size:11px;color:#111827;">Vila Maria/Vila Guilherme</td></tr><tr><th style="padding:3px 5px;text-align:left;background:#f3f4f6;border-bottom:1px solid #d1d5db;width:30%;font-size:11px;font-weight:600;color:#1f2937;">Volumetria</th><td style="padding:3px 5px;border-bottom:1px solid #e5e7eb;font-size:11px;color:#111827;">Entre 1m³ e 5m³</td></tr></table>]]></description><Point><coordinates>-46.5614000,-23.5164000,0</coordinates></Point></Placemark>
<Style id="s-PV-241">
<LineStyle><color>ffebce87</color><width>2.0</width></LineStyle>
<PolyStyle><color>ffebce87</color></PolyStyle>
<IconStyle><color>ffebce87</color><scale>0.55</scale>
<Icon><href>http://maps.google.com/mapfiles/kml/shapes/placemark_circle.png</href></Icon>
</IconStyle>
<LabelStyle><scale>0.65</scale></LabelStyle>
</Style><Placemark><name>MG-018</name><styleUrl>#s-PV-241</styleUrl><description><![CDATA[<table style="border-collapse:collapse;width:100%;font-family:'Helvetica Neue',Helvetica,Arial,sans-serif;font-size:11px;border:1px solid #e5e7eb;border-radius:8px;overflow:hidden;"><tr><th colspan="2" style="padding:5px 8px;background:#1f6feb;color:#fff;text-align:left;font-size:12px;font-weight:600;">MG-018</th></tr><tr><th style="padding:3px 5px;text-align:left;background:#f3f4f6;border-bottom:1px solid #d1d5db;width:30%;font-size:11px;font-weight:600;color:#1f2937;">ID</th><td style="padding:3px 5px;border-bottom:1px solid #e5e7eb;font-size:11px;color:#111827;">MG-018</td></tr><tr><th style="padding:3px 5px;text-align:left;background:#f3f4f6;border-bottom:1px solid #d1d5db;width:30%;font-size:11px;font-weight:600;color:#1f2937;">Endereço</th><td style="padding:3px 5px;border-bottom:1px solid #e5e7eb;font-size:11px;color:#111827;">Avenida Ernesto Augusto Lopes, 298</td></tr><tr><th style="padding:3px 5px;text-align:left;background:#f3f4f6;border-bottom:1px solid #d1d5db;width:30%;font-size:11px;font-weight:600;color:#1f2937;">Subprefeitura</th><td style="padding:3px 5px;border-bottom:1px solid #e5e7eb;font-size:11px;color:#111827;">Vila Maria/Vila Guilherme</td></tr><tr><th style="padding:3px 5px;text-align:left;background:#f3f4f6;border-bottom:1px solid #d1d5db;width:30%;font-size:11px;font-weight:600;color:#1f2937;">Volumetria</th><td style="padding:3px 5px;border-bottom:1px solid #e5e7eb;font-size:11px;color:#111827;">Entre 1m³ e 5m³</td></tr></table>]]></description><Point><coordinates>-46.5745400,-23.5168600,0</coordinates></Point></Placemark>
<Style id="s-PV-242">
<LineStyle><color>ffebce87</color><width>2.0</width></LineStyle>
<PolyStyle><color>ffebce87</color></PolyStyle>
<IconStyle><color>ffebce87</color><scale>0.55</scale>
<Icon><href>http://maps.google.com/mapfiles/kml/shapes/placemark_circle.png</href></Icon>
</IconStyle>
<LabelStyle><scale>0.65</scale></LabelStyle>
</Style><Placemark><name>MG-019</name><styleUrl>#s-PV-242</styleUrl><description><![CDATA[<table style="border-collapse:collapse;width:100%;font-family:'Helvetica Neue',Helvetica,Arial,sans-serif;font-size:11px;border:1px solid #e5e7eb;border-radius:8px;overflow:hidden;"><tr><th colspan="2" style="padding:5px 8px;background:#1f6feb;color:#fff;text-align:left;font-size:12px;font-weight:600;">MG-019</th></tr><tr><th style="padding:3px 5px;text-align:left;background:#f3f4f6;border-bottom:1px solid #d1d5db;width:30%;font-size:11px;font-weight:600;color:#1f2937;">ID</th><td style="padding:3px 5px;border-bottom:1px solid #e5e7eb;font-size:11px;color:#111827;">MG-019</td></tr><tr><th style="padding:3px 5px;text-align:left;background:#f3f4f6;border-bottom:1px solid #d1d5db;width:30%;font-size:11px;font-weight:600;color:#1f2937;">Endereço</th><td style="padding:3px 5px;border-bottom:1px solid #e5e7eb;font-size:11px;color:#111827;">Avenida Franz Liszt, 153</td></tr><tr><th style="padding:3px 5px;text-align:left;background:#f3f4f6;border-bottom:1px solid #d1d5db;width:30%;font-size:11px;font-weight:600;color:#1f2937;">Subprefeitura</th><td style="padding:3px 5px;border-bottom:1px solid #e5e7eb;font-size:11px;color:#111827;">Vila Maria/Vila Guilherme</td></tr><tr><th style="padding:3px 5px;text-align:left;background:#f3f4f6;border-bottom:1px solid #d1d5db;width:30%;font-size:11px;font-weight:600;color:#1f2937;">Volumetria</th><td style="padding:3px 5px;border-bottom:1px solid #e5e7eb;font-size:11px;color:#111827;">Entre 1m³ e 5m³</td></tr></table>]]></description><Point><coordinates>-46.5665100,-23.4934500,0</coordinates></Point></Placemark>
<Style id="s-PV-243">
<LineStyle><color>ffebce87</color><width>2.0</width></LineStyle>
<PolyStyle><color>ffebce87</color></PolyStyle>
<IconStyle><color>ffebce87</color><scale>0.55</scale>
<Icon><href>http://maps.google.com/mapfiles/kml/shapes/placemark_circle.png</href></Icon>
</IconStyle>
<LabelStyle><scale>0.65</scale></LabelStyle>
</Style><Placemark><name>MG-020</name><styleUrl>#s-PV-243</styleUrl><description><![CDATA[<table style="border-collapse:collapse;width:100%;font-family:'Helvetica Neue',Helvetica,Arial,sans-serif;font-size:11px;border:1px solid #e5e7eb;border-radius:8px;overflow:hidden;"><tr><th colspan="2" style="padding:5px 8px;background:#1f6feb;color:#fff;text-align:left;font-size:12px;font-weight:600;">MG-020</th></tr><tr><th style="padding:3px 5px;text-align:left;background:#f3f4f6;border-bottom:1px solid #d1d5db;width:30%;font-size:11px;font-weight:600;color:#1f2937;">ID</th><td style="padding:3px 5px;border-bottom:1px solid #e5e7eb;font-size:11px;color:#111827;">MG-020</td></tr><tr><th style="padding:3px 5px;text-align:left;background:#f3f4f6;border-bottom:1px solid #d1d5db;width:30%;font-size:11px;font-weight:600;color:#1f2937;">Endereço</th><td style="padding:3px 5px;border-bottom:1px solid #e5e7eb;font-size:11px;color:#111827;">Avenida Franz Liszt, 225</td></tr><tr><th style="padding:3px 5px;text-align:left;background:#f3f4f6;border-bottom:1px solid #d1d5db;width:30%;font-size:11px;font-weight:600;color:#1f2937;">Subprefeitura</th><td style="padding:3px 5px;border-bottom:1px solid #e5e7eb;font-size:11px;color:#111827;">Vila Maria/Vila Guilherme</td></tr><tr><th style="padding:3px 5px;text-align:left;background:#f3f4f6;border-bottom:1px solid #d1d5db;width:30%;font-size:11px;font-weight:600;color:#1f2937;">Volumetria</th><td style="padding:3px 5px;border-bottom:1px solid #e5e7eb;font-size:11px;color:#111827;">Entre 1m³ e 5m³</td></tr></table>]]></description><Point><coordinates>-46.5665200,-23.4922900,0</coordinates></Point></Placemark>
<Style id="s-PV-244">
<LineStyle><color>ffebce87</color><width>2.0</width></LineStyle>
<PolyStyle><color>ffebce87</color></PolyStyle>
<IconStyle><color>ffebce87</color><scale>0.55</scale>
<Icon><href>http://maps.google.com/mapfiles/kml/shapes/placemark_circle.png</href></Icon>
</IconStyle>
<LabelStyle><scale>0.65</scale></LabelStyle>
</Style><Placemark><name>MG-021</name><styleUrl>#s-PV-244</styleUrl><description><![CDATA[<table style="border-collapse:collapse;width:100%;font-family:'Helvetica Neue',Helvetica,Arial,sans-serif;font-size:11px;border:1px solid #e5e7eb;border-radius:8px;overflow:hidden;"><tr><th colspan="2" style="padding:5px 8px;background:#1f6feb;color:#fff;text-align:left;font-size:12px;font-weight:600;">MG-021</th></tr><tr><th style="padding:3px 5px;text-align:left;background:#f3f4f6;border-bottom:1px solid #d1d5db;width:30%;font-size:11px;font-weight:600;color:#1f2937;">ID</th><td style="padding:3px 5px;border-bottom:1px solid #e5e7eb;font-size:11px;color:#111827;">MG-021</td></tr><tr><th style="padding:3px 5px;text-align:left;background:#f3f4f6;border-bottom:1px solid #d1d5db;width:30%;font-size:11px;font-weight:600;color:#1f2937;">Endereço</th><td style="padding:3px 5px;border-bottom:1px solid #e5e7eb;font-size:11px;color:#111827;">Avenida Guilherme X Rua João Veloso Filho</td></tr><tr><th style="padding:3px 5px;text-align:left;background:#f3f4f6;border-bottom:1px solid #d1d5db;width:30%;font-size:11px;font-weight:600;color:#1f2937;">Subprefeitura</th><td style="padding:3px 5px;border-bottom:1px solid #e5e7eb;font-size:11px;color:#111827;">Vila Maria/Vila Guilherme</td></tr><tr><th style="padding:3px 5px;text-align:left;background:#f3f4f6;border-bottom:1px solid #d1d5db;width:30%;font-size:11px;font-weight:600;color:#1f2937;">Volumetria</th><td style="padding:3px 5px;border-bottom:1px solid #e5e7eb;font-size:11px;color:#111827;">Entre 1m³ e 5m³</td></tr></table>]]></description><Point><coordinates>-46.6025100,-23.5126500,0</coordinates></Point></Placemark>
<Style id="s-PV-245">
<LineStyle><color>ffebce87</color><width>2.0</width></LineStyle>
<PolyStyle><color>ffebce87</color></PolyStyle>
<IconStyle><color>ffebce87</color><scale>0.55</scale>
<Icon><href>http://maps.google.com/mapfiles/kml/shapes/placemark_circle.png</href></Icon>
</IconStyle>
<LabelStyle><scale>0.65</scale></LabelStyle>
</Style><Placemark><name>MG-022</name><styleUrl>#s-PV-245</styleUrl><description><![CDATA[<table style="border-collapse:collapse;width:100%;font-family:'Helvetica Neue',Helvetica,Arial,sans-serif;font-size:11px;border:1px solid #e5e7eb;border-radius:8px;overflow:hidden;"><tr><th colspan="2" style="padding:5px 8px;background:#1f6feb;color:#fff;text-align:left;font-size:12px;font-weight:600;">MG-022</th></tr><tr><th style="padding:3px 5px;text-align:left;background:#f3f4f6;border-bottom:1px solid #d1d5db;width:30%;font-size:11px;font-weight:600;color:#1f2937;">ID</th><td style="padding:3px 5px;border-bottom:1px solid #e5e7eb;font-size:11px;color:#111827;">MG-022</td></tr><tr><th style="padding:3px 5px;text-align:left;background:#f3f4f6;border-bottom:1px solid #d1d5db;width:30%;font-size:11px;font-weight:600;color:#1f2937;">Endereço</th><td style="padding:3px 5px;border-bottom:1px solid #e5e7eb;font-size:11px;color:#111827;">Avenida Guilherme, 1179</td></tr><tr><th style="padding:3px 5px;text-align:left;background:#f3f4f6;border-bottom:1px solid #d1d5db;width:30%;font-size:11px;font-weight:600;color:#1f2937;">Subprefeitura</th><td style="padding:3px 5px;border-bottom:1px solid #e5e7eb;font-size:11px;color:#111827;">Vila Maria/Vila Guilherme</td></tr><tr><th style="padding:3px 5px;text-align:left;background:#f3f4f6;border-bottom:1px solid #d1d5db;width:30%;font-size:11px;font-weight:600;color:#1f2937;">Volumetria</th><td style="padding:3px 5px;border-bottom:1px solid #e5e7eb;font-size:11px;color:#111827;">Entre 1m³ e 5m³</td></tr><tr><th style="padding:3px 5px;text-align:left;background:#f3f4f6;border-bottom:1px solid #d1d5db;width:30%;font-size:11px;font-weight:600;color:#1f2937;">Data</th><td style="padding:3px 5px;border-bottom:1px solid #e5e7eb;font-size:11px;color:#111827;">46102</td></tr></table>]]></description><Point><coordinates>-46.6024100,-23.5125000,0</coordinates></Point></Placemark>
<Style id="s-PV-246">
<LineStyle><color>ffebce87</color><width>2.0</width></LineStyle>
<PolyStyle><color>ffebce87</color></PolyStyle>
<IconStyle><color>ffebce87</color><scale>0.55</scale>
<Icon><href>http://maps.google.com/mapfiles/kml/shapes/placemark_circle.png</href></Icon>
</IconStyle>
<LabelStyle><scale>0.65</scale></LabelStyle>
</Style><Placemark><name>MG-023</name><styleUrl>#s-PV-246</styleUrl><description><![CDATA[<table style="border-collapse:collapse;width:100%;font-family:'Helvetica Neue',Helvetica,Arial,sans-serif;font-size:11px;border:1px solid #e5e7eb;border-radius:8px;overflow:hidden;"><tr><th colspan="2" style="padding:5px 8px;background:#1f6feb;color:#fff;text-align:left;font-size:12px;font-weight:600;">MG-023</th></tr><tr><th style="padding:3px 5px;text-align:left;background:#f3f4f6;border-bottom:1px solid #d1d5db;width:30%;font-size:11px;font-weight:600;color:#1f2937;">ID</th><td style="padding:3px 5px;border-bottom:1px solid #e5e7eb;font-size:11px;color:#111827;">MG-023</td></tr><tr><th style="padding:3px 5px;text-align:left;background:#f3f4f6;border-bottom:1px solid #d1d5db;width:30%;font-size:11px;font-weight:600;color:#1f2937;">Endereço</th><td style="padding:3px 5px;border-bottom:1px solid #e5e7eb;font-size:11px;color:#111827;">Avenida Guilherme, 1384</td></tr><tr><th style="padding:3px 5px;text-align:left;background:#f3f4f6;border-bottom:1px solid #d1d5db;width:30%;font-size:11px;font-weight:600;color:#1f2937;">Subprefeitura</th><td style="padding:3px 5px;border-bottom:1px solid #e5e7eb;font-size:11px;color:#111827;">Vila Maria/Vila Guilherme</td></tr><tr><th style="padding:3px 5px;text-align:left;background:#f3f4f6;border-bottom:1px solid #d1d5db;width:30%;font-size:11px;font-weight:600;color:#1f2937;">Volumetria</th><td style="padding:3px 5px;border-bottom:1px solid #e5e7eb;font-size:11px;color:#111827;">Entre 1m³ e 5m³</td></tr></table>]]></description><Point><coordinates>-46.6013500,-23.5108000,0</coordinates></Point></Placemark>
<Style id="s-PV-247">
<LineStyle><color>ffebce87</color><width>2.0</width></LineStyle>
<PolyStyle><color>ffebce87</color></PolyStyle>
<IconStyle><color>ffebce87</color><scale>0.55</scale>
<Icon><href>http://maps.google.com/mapfiles/kml/shapes/placemark_circle.png</href></Icon>
</IconStyle>
<LabelStyle><scale>0.65</scale></LabelStyle>
</Style><Placemark><name>MG-024</name><styleUrl>#s-PV-247</styleUrl><description><![CDATA[<table style="border-collapse:collapse;width:100%;font-family:'Helvetica Neue',Helvetica,Arial,sans-serif;font-size:11px;border:1px solid #e5e7eb;border-radius:8px;overflow:hidden;"><tr><th colspan="2" style="padding:5px 8px;background:#1f6feb;color:#fff;text-align:left;font-size:12px;font-weight:600;">MG-024</th></tr><tr><th style="padding:3px 5px;text-align:left;background:#f3f4f6;border-bottom:1px solid #d1d5db;width:30%;font-size:11px;font-weight:600;color:#1f2937;">ID</th><td style="padding:3px 5px;border-bottom:1px solid #e5e7eb;font-size:11px;color:#111827;">MG-024</td></tr><tr><th style="padding:3px 5px;text-align:left;background:#f3f4f6;border-bottom:1px solid #d1d5db;width:30%;font-size:11px;font-weight:600;color:#1f2937;">Endereço</th><td style="padding:3px 5px;border-bottom:1px solid #e5e7eb;font-size:11px;color:#111827;">Avenida Guilherme, 1515</td></tr><tr><th style="padding:3px 5px;text-align:left;background:#f3f4f6;border-bottom:1px solid #d1d5db;width:30%;font-size:11px;font-weight:600;color:#1f2937;">Subprefeitura</th><td style="padding:3px 5px;border-bottom:1px solid #e5e7eb;font-size:11px;color:#111827;">Vila Maria/Vila Guilherme</td></tr><tr><th style="padding:3px 5px;text-align:left;background:#f3f4f6;border-bottom:1px solid #d1d5db;width:30%;font-size:11px;font-weight:600;color:#1f2937;">Volumetria</th><td style="padding:3px 5px;border-bottom:1px solid #e5e7eb;font-size:11px;color:#111827;">Entre 1m³ e 5m³</td></tr></table>]]></description><Point><coordinates>-46.6008600,-23.5098200,0</coordinates></Point></Placemark>
<Style id="s-PV-248">
<LineStyle><color>ffebce87</color><width>2.0</width></LineStyle>
<PolyStyle><color>ffebce87</color></PolyStyle>
<IconStyle><color>ffebce87</color><scale>0.55</scale>
<Icon><href>http://maps.google.com/mapfiles/kml/shapes/placemark_circle.png</href></Icon>
</IconStyle>
<LabelStyle><scale>0.65</scale></LabelStyle>
</Style><Placemark><name>MG-025</name><styleUrl>#s-PV-248</styleUrl><description><![CDATA[<table style="border-collapse:collapse;width:100%;font-family:'Helvetica Neue',Helvetica,Arial,sans-serif;font-size:11px;border:1px solid #e5e7eb;border-radius:8px;overflow:hidden;"><tr><th colspan="2" style="padding:5px 8px;background:#1f6feb;color:#fff;text-align:left;font-size:12px;font-weight:600;">MG-025</th></tr><tr><th style="padding:3px 5px;text-align:left;background:#f3f4f6;border-bottom:1px solid #d1d5db;width:30%;font-size:11px;font-weight:600;color:#1f2937;">ID</th><td style="padding:3px 5px;border-bottom:1px solid #e5e7eb;font-size:11px;color:#111827;">MG-025</td></tr><tr><th style="padding:3px 5px;text-align:left;background:#f3f4f6;border-bottom:1px solid #d1d5db;width:30%;font-size:11px;font-weight:600;color:#1f2937;">Endereço</th><td style="padding:3px 5px;border-bottom:1px solid #e5e7eb;font-size:11px;color:#111827;">Avenida João Simão de Castro, 427</td></tr><tr><th style="padding:3px 5px;text-align:left;background:#f3f4f6;border-bottom:1px solid #d1d5db;width:30%;font-size:11px;font-weight:600;color:#1f2937;">Subprefeitura</th><td style="padding:3px 5px;border-bottom:1px solid #e5e7eb;font-size:11px;color:#111827;">Vila Maria/Vila Guilherme</td></tr><tr><th style="padding:3px 5px;text-align:left;background:#f3f4f6;border-bottom:1px solid #d1d5db;width:30%;font-size:11px;font-weight:600;color:#1f2937;">Volumetria</th><td style="padding:3px 5px;border-bottom:1px solid #e5e7eb;font-size:11px;color:#111827;">Entre 1m³ e 5m³</td></tr></table>]]></description><Point><coordinates>-46.5655900,-23.4889700,0</coordinates></Point></Placemark>
<Style id="s-PV-249">
<LineStyle><color>ffebce87</color><width>2.0</width></LineStyle>
<PolyStyle><color>ffebce87</color></PolyStyle>
<IconStyle><color>ffebce87</color><scale>0.55</scale>
<Icon><href>http://maps.google.com/mapfiles/kml/shapes/placemark_circle.png</href></Icon>
</IconStyle>
<LabelStyle><scale>0.65</scale></LabelStyle>
</Style><Placemark><name>MG-026</name><styleUrl>#s-PV-249</styleUrl><description><![CDATA[<table style="border-collapse:collapse;width:100%;font-family:'Helvetica Neue',Helvetica,Arial,sans-serif;font-size:11px;border:1px solid #e5e7eb;border-radius:8px;overflow:hidden;"><tr><th colspan="2" style="padding:5px 8px;background:#1f6feb;color:#fff;text-align:left;font-size:12px;font-weight:600;">MG-026</th></tr><tr><th style="padding:3px 5px;text-align:left;background:#f3f4f6;border-bottom:1px solid #d1d5db;width:30%;font-size:11px;font-weight:600;color:#1f2937;">ID</th><td style="padding:3px 5px;border-bottom:1px solid #e5e7eb;font-size:11px;color:#111827;">MG-026</td></tr><tr><th style="padding:3px 5px;text-align:left;background:#f3f4f6;border-bottom:1px solid #d1d5db;width:30%;font-size:11px;font-weight:600;color:#1f2937;">Endereço</th><td style="padding:3px 5px;border-bottom:1px solid #e5e7eb;font-size:11px;color:#111827;">Avenida Joaquina Ramalho, 26</td></tr><tr><th style="padding:3px 5px;text-align:left;background:#f3f4f6;border-bottom:1px solid #d1d5db;width:30%;font-size:11px;font-weight:600;color:#1f2937;">Subprefeitura</th><td style="padding:3px 5px;border-bottom:1px solid #e5e7eb;font-size:11px;color:#111827;">Vila Maria/Vila Guilherme</td></tr><tr><th style="padding:3px 5px;text-align:left;background:#f3f4f6;border-bottom:1px solid #d1d5db;width:30%;font-size:11px;font-weight:600;color:#1f2937;">Volumetria</th><td style="padding:3px 5px;border-bottom:1px solid #e5e7eb;font-size:11px;color:#111827;">Entre 1m³ e 5m³</td></tr></table>]]></description><Point><coordinates>-46.6083600,-23.5161900,0</coordinates></Point></Placemark>
<Style id="s-PV-250">
<LineStyle><color>ffebce87</color><width>2.0</width></LineStyle>
<PolyStyle><color>ffebce87</color></PolyStyle>
<IconStyle><color>ffebce87</color><scale>0.55</scale>
<Icon><href>http://maps.google.com/mapfiles/kml/shapes/placemark_circle.png</href></Icon>
</IconStyle>
<LabelStyle><scale>0.65</scale></LabelStyle>
</Style><Placemark><name>MG-027</name><styleUrl>#s-PV-250</styleUrl><description><![CDATA[<table style="border-collapse:collapse;width:100%;font-family:'Helvetica Neue',Helvetica,Arial,sans-serif;font-size:11px;border:1px solid #e5e7eb;border-radius:8px;overflow:hidden;"><tr><th colspan="2" style="padding:5px 8px;background:#1f6feb;color:#fff;text-align:left;font-size:12px;font-weight:600;">MG-027</th></tr><tr><th style="padding:3px 5px;text-align:left;background:#f3f4f6;border-bottom:1px solid #d1d5db;width:30%;font-size:11px;font-weight:600;color:#1f2937;">ID</th><td style="padding:3px 5px;border-bottom:1px solid #e5e7eb;font-size:11px;color:#111827;">MG-027</td></tr><tr><th style="padding:3px 5px;text-align:left;background:#f3f4f6;border-bottom:1px solid #d1d5db;width:30%;font-size:11px;font-weight:600;color:#1f2937;">Endereço</th><td style="padding:3px 5px;border-bottom:1px solid #e5e7eb;font-size:11px;color:#111827;">Avenida José Maria Fernandes, 1176</td></tr><tr><th style="padding:3px 5px;text-align:left;background:#f3f4f6;border-bottom:1px solid #d1d5db;width:30%;font-size:11px;font-weight:600;color:#1f2937;">Subprefeitura</th><td style="padding:3px 5px;border-bottom:1px solid #e5e7eb;font-size:11px;color:#111827;">Vila Maria/Vila Guilherme</td></tr><tr><th style="padding:3px 5px;text-align:left;background:#f3f4f6;border-bottom:1px solid #d1d5db;width:30%;font-size:11px;font-weight:600;color:#1f2937;">Volumetria</th><td style="padding:3px 5px;border-bottom:1px solid #e5e7eb;font-size:11px;color:#111827;">Entre 1m³ e 5m³</td></tr></table>]]></description><Point><coordinates>-46.5675500,-23.5057200,0</coordinates></Point></Placemark>
<Style id="s-PV-251">
<LineStyle><color>ffebce87</color><width>2.0</width></LineStyle>
<PolyStyle><color>ffebce87</color></PolyStyle>
<IconStyle><color>ffebce87</color><scale>0.55</scale>
<Icon><href>http://maps.google.com/mapfiles/kml/shapes/placemark_circle.png</href></Icon>
</IconStyle>
<LabelStyle><scale>0.65</scale></LabelStyle>
</Style><Placemark><name>MG-028</name><styleUrl>#s-PV-251</styleUrl><description><![CDATA[<table style="border-collapse:collapse;width:100%;font-family:'Helvetica Neue',Helvetica,Arial,sans-serif;font-size:11px;border:1px solid #e5e7eb;border-radius:8px;overflow:hidden;"><tr><th colspan="2" style="padding:5px 8px;background:#1f6feb;color:#fff;text-align:left;font-size:12px;font-weight:600;">MG-028</th></tr><tr><th style="padding:3px 5px;text-align:left;background:#f3f4f6;border-bottom:1px solid #d1d5db;width:30%;font-size:11px;font-weight:600;color:#1f2937;">ID</th><td style="padding:3px 5px;border-bottom:1px solid #e5e7eb;font-size:11px;color:#111827;">MG-028</td></tr><tr><th style="padding:3px 5px;text-align:left;background:#f3f4f6;border-bottom:1px solid #d1d5db;width:30%;font-size:11px;font-weight:600;color:#1f2937;">Endereço</th><td style="padding:3px 5px;border-bottom:1px solid #e5e7eb;font-size:11px;color:#111827;">Avenida Julio Buono, 3136</td></tr><tr><th style="padding:3px 5px;text-align:left;background:#f3f4f6;border-bottom:1px solid #d1d5db;width:30%;font-size:11px;font-weight:600;color:#1f2937;">Subprefeitura</th><td style="padding:3px 5px;border-bottom:1px solid #e5e7eb;font-size:11px;color:#111827;">Vila Maria/Vila Guilherme</td></tr><tr><th style="padding:3px 5px;text-align:left;background:#f3f4f6;border-bottom:1px solid #d1d5db;width:30%;font-size:11px;font-weight:600;color:#1f2937;">Volumetria</th><td style="padding:3px 5px;border-bottom:1px solid #e5e7eb;font-size:11px;color:#111827;">Entre 1m³ e 5m³</td></tr></table>]]></description><Point><coordinates>-46.5815300,-23.4766000,0</coordinates></Point></Placemark>
<Style id="s-PV-252">
<LineStyle><color>ffebce87</color><width>2.0</width></LineStyle>
<PolyStyle><color>ffebce87</color></PolyStyle>
<IconStyle><color>ffebce87</color><scale>0.55</scale>
<Icon><href>http://maps.google.com/mapfiles/kml/shapes/placemark_circle.png</href></Icon>
</IconStyle>
<LabelStyle><scale>0.65</scale></LabelStyle>
</Style><Placemark><name>MG-029</name><styleUrl>#s-PV-252</styleUrl><description><![CDATA[<table style="border-collapse:collapse;width:100%;font-family:'Helvetica Neue',Helvetica,Arial,sans-serif;font-size:11px;border:1px solid #e5e7eb;border-radius:8px;overflow:hidden;"><tr><th colspan="2" style="padding:5px 8px;background:#1f6feb;color:#fff;text-align:left;font-size:12px;font-weight:600;">MG-029</th></tr><tr><th style="padding:3px 5px;text-align:left;background:#f3f4f6;border-bottom:1px solid #d1d5db;width:30%;font-size:11px;font-weight:600;color:#1f2937;">ID</th><td style="padding:3px 5px;border-bottom:1px solid #e5e7eb;font-size:11px;color:#111827;">MG-029</td></tr><tr><th style="padding:3px 5px;text-align:left;background:#f3f4f6;border-bottom:1px solid #d1d5db;width:30%;font-size:11px;font-weight:600;color:#1f2937;">Endereço</th><td style="padding:3px 5px;border-bottom:1px solid #e5e7eb;font-size:11px;color:#111827;">Avenida Julio Buono, 3586</td></tr><tr><th style="padding:3px 5px;text-align:left;background:#f3f4f6;border-bottom:1px solid #d1d5db;width:30%;font-size:11px;font-weight:600;color:#1f2937;">Subprefeitura</th><td style="padding:3px 5px;border-bottom:1px solid #e5e7eb;font-size:11px;color:#111827;">Vila Maria/Vila Guilherme</td></tr><tr><th style="padding:3px 5px;text-align:left;background:#f3f4f6;border-bottom:1px solid #d1d5db;width:30%;font-size:11px;font-weight:600;color:#1f2937;">Volumetria</th><td style="padding:3px 5px;border-bottom:1px solid #e5e7eb;font-size:11px;color:#111827;">Entre 1m³ e 5m³</td></tr></table>]]></description><Point><coordinates>-46.5778100,-23.4747700,0</coordinates></Point></Placemark>
<Style id="s-PV-253">
<LineStyle><color>ffebce87</color><width>2.0</width></LineStyle>
<PolyStyle><color>ffebce87</color></PolyStyle>
<IconStyle><color>ffebce87</color><scale>0.55</scale>
<Icon><href>http://maps.google.com/mapfiles/kml/shapes/placemark_circle.png</href></Icon>
</IconStyle>
<LabelStyle><scale>0.65</scale></LabelStyle>
</Style><Placemark><name>MG-030</name><styleUrl>#s-PV-253</styleUrl><description><![CDATA[<table style="border-collapse:collapse;width:100%;font-family:'Helvetica Neue',Helvetica,Arial,sans-serif;font-size:11px;border:1px solid #e5e7eb;border-radius:8px;overflow:hidden;"><tr><th colspan="2" style="padding:5px 8px;background:#1f6feb;color:#fff;text-align:left;font-size:12px;font-weight:600;">MG-030</th></tr><tr><th style="padding:3px 5px;text-align:left;background:#f3f4f6;border-bottom:1px solid #d1d5db;width:30%;font-size:11px;font-weight:600;color:#1f2937;">ID</th><td style="padding:3px 5px;border-bottom:1px solid #e5e7eb;font-size:11px;color:#111827;">MG-030</td></tr><tr><th style="padding:3px 5px;text-align:left;background:#f3f4f6;border-bottom:1px solid #d1d5db;width:30%;font-size:11px;font-weight:600;color:#1f2937;">Endereço</th><td style="padding:3px 5px;border-bottom:1px solid #e5e7eb;font-size:11px;color:#111827;">Avenida Julio Buono, 3681</td></tr><tr><th style="padding:3px 5px;text-align:left;background:#f3f4f6;border-bottom:1px solid #d1d5db;width:30%;font-size:11px;font-weight:600;color:#1f2937;">Subprefeitura</th><td style="padding:3px 5px;border-bottom:1px solid #e5e7eb;font-size:11px;color:#111827;">Vila Maria/Vila Guilherme</td></tr><tr><th style="padding:3px 5px;text-align:left;background:#f3f4f6;border-bottom:1px solid #d1d5db;width:30%;font-size:11px;font-weight:600;color:#1f2937;">Volumetria</th><td style="padding:3px 5px;border-bottom:1px solid #e5e7eb;font-size:11px;color:#111827;">Entre 1m³ e 5m³</td></tr></table>]]></description><Point><coordinates>-46.5770800,-23.4743100,0</coordinates></Point></Placemark>
<Style id="s-PV-254">
<LineStyle><color>ffebce87</color><width>2.0</width></LineStyle>
<PolyStyle><color>ffebce87</color></PolyStyle>
<IconStyle><color>ffebce87</color><scale>0.55</scale>
<Icon><href>http://maps.google.com/mapfiles/kml/shapes/placemark_circle.png</href></Icon>
</IconStyle>
<LabelStyle><scale>0.65</scale></LabelStyle>
</Style><Placemark><name>MG-031</name><styleUrl>#s-PV-254</styleUrl><description><![CDATA[<table style="border-collapse:collapse;width:100%;font-family:'Helvetica Neue',Helvetica,Arial,sans-serif;font-size:11px;border:1px solid #e5e7eb;border-radius:8px;overflow:hidden;"><tr><th colspan="2" style="padding:5px 8px;background:#1f6feb;color:#fff;text-align:left;font-size:12px;font-weight:600;">MG-031</th></tr><tr><th style="padding:3px 5px;text-align:left;background:#f3f4f6;border-bottom:1px solid #d1d5db;width:30%;font-size:11px;font-weight:600;color:#1f2937;">ID</th><td style="padding:3px 5px;border-bottom:1px solid #e5e7eb;font-size:11px;color:#111827;">MG-031</td></tr><tr><th style="padding:3px 5px;text-align:left;background:#f3f4f6;border-bottom:1px solid #d1d5db;width:30%;font-size:11px;font-weight:600;color:#1f2937;">Endereço</th><td style="padding:3px 5px;border-bottom:1px solid #e5e7eb;font-size:11px;color:#111827;">Avenida Julio Buono, 3733</td></tr><tr><th style="padding:3px 5px;text-align:left;background:#f3f4f6;border-bottom:1px solid #d1d5db;width:30%;font-size:11px;font-weight:600;color:#1f2937;">Subprefeitura</th><td style="padding:3px 5px;border-bottom:1px solid #e5e7eb;font-size:11px;color:#111827;">Vila Maria/Vila Guilherme</td></tr><tr><th style="padding:3px 5px;text-align:left;background:#f3f4f6;border-bottom:1px solid #d1d5db;width:30%;font-size:11px;font-weight:600;color:#1f2937;">Volumetria</th><td style="padding:3px 5px;border-bottom:1px solid #e5e7eb;font-size:11px;color:#111827;">Entre 1m³ e 5m³</td></tr></table>]]></description><Point><coordinates>-46.5765300,-23.4740600,0</coordinates></Point></Placemark>
<Style id="s-PV-255">
<LineStyle><color>ffebce87</color><width>2.0</width></LineStyle>
<PolyStyle><color>ffebce87</color></PolyStyle>
<IconStyle><color>ffebce87</color><scale>0.55</scale>
<Icon><href>http://maps.google.com/mapfiles/kml/shapes/placemark_circle.png</href></Icon>
</IconStyle>
<LabelStyle><scale>0.65</scale></LabelStyle>
</Style><Placemark><name>MG-032</name><styleUrl>#s-PV-255</styleUrl><description><![CDATA[<table style="border-collapse:collapse;width:100%;font-family:'Helvetica Neue',Helvetica,Arial,sans-serif;font-size:11px;border:1px solid #e5e7eb;border-radius:8px;overflow:hidden;"><tr><th colspan="2" style="padding:5px 8px;background:#1f6feb;color:#fff;text-align:left;font-size:12px;font-weight:600;">MG-032</th></tr><tr><th style="padding:3px 5px;text-align:left;background:#f3f4f6;border-bottom:1px solid #d1d5db;width:30%;font-size:11px;font-weight:600;color:#1f2937;">ID</th><td style="padding:3px 5px;border-bottom:1px solid #e5e7eb;font-size:11px;color:#111827;">MG-032</td></tr><tr><th style="padding:3px 5px;text-align:left;background:#f3f4f6;border-bottom:1px solid #d1d5db;width:30%;font-size:11px;font-weight:600;color:#1f2937;">Endereço</th><td style="padding:3px 5px;border-bottom:1px solid #e5e7eb;font-size:11px;color:#111827;">Avenida Mendes da Rocha, 1453</td></tr><tr><th style="padding:3px 5px;text-align:left;background:#f3f4f6;border-bottom:1px solid #d1d5db;width:30%;font-size:11px;font-weight:600;color:#1f2937;">Subprefeitura</th><td style="padding:3px 5px;border-bottom:1px solid #e5e7eb;font-size:11px;color:#111827;">Vila Maria/Vila Guilherme</td></tr><tr><th style="padding:3px 5px;text-align:left;background:#f3f4f6;border-bottom:1px solid #d1d5db;width:30%;font-size:11px;font-weight:600;color:#1f2937;">Volumetria</th><td style="padding:3px 5px;border-bottom:1px solid #e5e7eb;font-size:11px;color:#111827;">Entre 1m³ e 5m³</td></tr></table>]]></description><Point><coordinates>-46.5751000,-23.4748800,0</coordinates></Point></Placemark>
<Style id="s-PV-256">
<LineStyle><color>ffebce87</color><width>2.0</width></LineStyle>
<PolyStyle><color>ffebce87</color></PolyStyle>
<IconStyle><color>ffebce87</color><scale>0.55</scale>
<Icon><href>http://maps.google.com/mapfiles/kml/shapes/placemark_circle.png</href></Icon>
</IconStyle>
<LabelStyle><scale>0.65</scale></LabelStyle>
</Style><Placemark><name>MG-033</name><styleUrl>#s-PV-256</styleUrl><description><![CDATA[<table style="border-collapse:collapse;width:100%;font-family:'Helvetica Neue',Helvetica,Arial,sans-serif;font-size:11px;border:1px solid #e5e7eb;border-radius:8px;overflow:hidden;"><tr><th colspan="2" style="padding:5px 8px;background:#1f6feb;color:#fff;text-align:left;font-size:12px;font-weight:600;">MG-033</th></tr><tr><th style="padding:3px 5px;text-align:left;background:#f3f4f6;border-bottom:1px solid #d1d5db;width:30%;font-size:11px;font-weight:600;color:#1f2937;">ID</th><td style="padding:3px 5px;border-bottom:1px solid #e5e7eb;font-size:11px;color:#111827;">MG-033</td></tr><tr><th style="padding:3px 5px;text-align:left;background:#f3f4f6;border-bottom:1px solid #d1d5db;width:30%;font-size:11px;font-weight:600;color:#1f2937;">Endereço</th><td style="padding:3px 5px;border-bottom:1px solid #e5e7eb;font-size:11px;color:#111827;">Avenida Mendes da Rocha, 700</td></tr><tr><th style="padding:3px 5px;text-align:left;background:#f3f4f6;border-bottom:1px solid #d1d5db;width:30%;font-size:11px;font-weight:600;color:#1f2937;">Subprefeitura</th><td style="padding:3px 5px;border-bottom:1px solid #e5e7eb;font-size:11px;color:#111827;">Vila Maria/Vila Guilherme</td></tr><tr><th style="padding:3px 5px;text-align:left;background:#f3f4f6;border-bottom:1px solid #d1d5db;width:30%;font-size:11px;font-weight:600;color:#1f2937;">Volumetria</th><td style="padding:3px 5px;border-bottom:1px solid #e5e7eb;font-size:11px;color:#111827;">Entre 1m³ e 5m³</td></tr><tr><th style="padding:3px 5px;text-align:left;background:#f3f4f6;border-bottom:1px solid #d1d5db;width:30%;font-size:11px;font-weight:600;color:#1f2937;">Status</th><td style="padding:3px 5px;border-bottom:1px solid #e5e7eb;font-size:11px;color:#111827;">Revitalizado</td></tr><tr><th style="padding:3px 5px;text-align:left;background:#f3f4f6;border-bottom:1px solid #d1d5db;width:30%;font-size:11px;font-weight:600;color:#1f2937;">Data</th><td style="padding:3px 5px;border-bottom:1px solid #e5e7eb;font-size:11px;color:#111827;">46074</td></tr></table>]]></description><Point><coordinates>-46.5716000,-23.4809100,0</coordinates></Point></Placemark>
<Style id="s-PV-257">
<LineStyle><color>ffebce87</color><width>2.0</width></LineStyle>
<PolyStyle><color>ffebce87</color></PolyStyle>
<IconStyle><color>ffebce87</color><scale>0.55</scale>
<Icon><href>http://maps.google.com/mapfiles/kml/shapes/placemark_circle.png</href></Icon>
</IconStyle>
<LabelStyle><scale>0.65</scale></LabelStyle>
</Style><Placemark><name>MG-034</name><styleUrl>#s-PV-257</styleUrl><description><![CDATA[<table style="border-collapse:collapse;width:100%;font-family:'Helvetica Neue',Helvetica,Arial,sans-serif;font-size:11px;border:1px solid #e5e7eb;border-radius:8px;overflow:hidden;"><tr><th colspan="2" style="padding:5px 8px;background:#1f6feb;color:#fff;text-align:left;font-size:12px;font-weight:600;">MG-034</th></tr><tr><th style="padding:3px 5px;text-align:left;background:#f3f4f6;border-bottom:1px solid #d1d5db;width:30%;font-size:11px;font-weight:600;color:#1f2937;">ID</th><td style="padding:3px 5px;border-bottom:1px solid #e5e7eb;font-size:11px;color:#111827;">MG-034</td></tr><tr><th style="padding:3px 5px;text-align:left;background:#f3f4f6;border-bottom:1px solid #d1d5db;width:30%;font-size:11px;font-weight:600;color:#1f2937;">Endereço</th><td style="padding:3px 5px;border-bottom:1px solid #e5e7eb;font-size:11px;color:#111827;">Avenida Nadir Dias de Figueiredo, 1022</td></tr><tr><th style="padding:3px 5px;text-align:left;background:#f3f4f6;border-bottom:1px solid #d1d5db;width:30%;font-size:11px;font-weight:600;color:#1f2937;">Subprefeitura</th><td style="padding:3px 5px;border-bottom:1px solid #e5e7eb;font-size:11px;color:#111827;">Vila Maria/Vila Guilherme</td></tr><tr><th style="padding:3px 5px;text-align:left;background:#f3f4f6;border-bottom:1px solid #d1d5db;width:30%;font-size:11px;font-weight:600;color:#1f2937;">Volumetria</th><td style="padding:3px 5px;border-bottom:1px solid #e5e7eb;font-size:11px;color:#111827;">Entre 1m³ e 5m³</td></tr></table>]]></description><Point><coordinates>-46.5952700,-23.5168800,0</coordinates></Point></Placemark>
<Style id="s-PV-258">
<LineStyle><color>ffebce87</color><width>2.0</width></LineStyle>
<PolyStyle><color>ffebce87</color></PolyStyle>
<IconStyle><color>ffebce87</color><scale>0.55</scale>
<Icon><href>http://maps.google.com/mapfiles/kml/shapes/placemark_circle.png</href></Icon>
</IconStyle>
<LabelStyle><scale>0.65</scale></LabelStyle>
</Style><Placemark><name>MG-035</name><styleUrl>#s-PV-258</styleUrl><description><![CDATA[<table style="border-collapse:collapse;width:100%;font-family:'Helvetica Neue',Helvetica,Arial,sans-serif;font-size:11px;border:1px solid #e5e7eb;border-radius:8px;overflow:hidden;"><tr><th colspan="2" style="padding:5px 8px;background:#1f6feb;color:#fff;text-align:left;font-size:12px;font-weight:600;">MG-035</th></tr><tr><th style="padding:3px 5px;text-align:left;background:#f3f4f6;border-bottom:1px solid #d1d5db;width:30%;font-size:11px;font-weight:600;color:#1f2937;">ID</th><td style="padding:3px 5px;border-bottom:1px solid #e5e7eb;font-size:11px;color:#111827;">MG-035</td></tr><tr><th style="padding:3px 5px;text-align:left;background:#f3f4f6;border-bottom:1px solid #d1d5db;width:30%;font-size:11px;font-weight:600;color:#1f2937;">Endereço</th><td style="padding:3px 5px;border-bottom:1px solid #e5e7eb;font-size:11px;color:#111827;">Avenida Nadir Dias de Figueiredo, 1206</td></tr><tr><th style="padding:3px 5px;text-align:left;background:#f3f4f6;border-bottom:1px solid #d1d5db;width:30%;font-size:11px;font-weight:600;color:#1f2937;">Subprefeitura</th><td style="padding:3px 5px;border-bottom:1px solid #e5e7eb;font-size:11px;color:#111827;">Vila Maria/Vila Guilherme</td></tr><tr><th style="padding:3px 5px;text-align:left;background:#f3f4f6;border-bottom:1px solid #d1d5db;width:30%;font-size:11px;font-weight:600;color:#1f2937;">Volumetria</th><td style="padding:3px 5px;border-bottom:1px solid #e5e7eb;font-size:11px;color:#111827;">Entre 1m³ e 5m³</td></tr></table>]]></description><Point><coordinates>-46.5948700,-23.5143800,0</coordinates></Point></Placemark>
<Style id="s-PV-259">
<LineStyle><color>ffebce87</color><width>2.0</width></LineStyle>
<PolyStyle><color>ffebce87</color></PolyStyle>
<IconStyle><color>ffebce87</color><scale>0.55</scale>
<Icon><href>http://maps.google.com/mapfiles/kml/shapes/placemark_circle.png</href></Icon>
</IconStyle>
<LabelStyle><scale>0.65</scale></LabelStyle>
</Style><Placemark><name>MG-036</name><styleUrl>#s-PV-259</styleUrl><description><![CDATA[<table style="border-collapse:collapse;width:100%;font-family:'Helvetica Neue',Helvetica,Arial,sans-serif;font-size:11px;border:1px solid #e5e7eb;border-radius:8px;overflow:hidden;"><tr><th colspan="2" style="padding:5px 8px;background:#1f6feb;color:#fff;text-align:left;font-size:12px;font-weight:600;">MG-036</th></tr><tr><th style="padding:3px 5px;text-align:left;background:#f3f4f6;border-bottom:1px solid #d1d5db;width:30%;font-size:11px;font-weight:600;color:#1f2937;">ID</th><td style="padding:3px 5px;border-bottom:1px solid #e5e7eb;font-size:11px;color:#111827;">MG-036</td></tr><tr><th style="padding:3px 5px;text-align:left;background:#f3f4f6;border-bottom:1px solid #d1d5db;width:30%;font-size:11px;font-weight:600;color:#1f2937;">Endereço</th><td style="padding:3px 5px;border-bottom:1px solid #e5e7eb;font-size:11px;color:#111827;">Avenida Nadir Dias de Figueiredo, 64</td></tr><tr><th style="padding:3px 5px;text-align:left;background:#f3f4f6;border-bottom:1px solid #d1d5db;width:30%;font-size:11px;font-weight:600;color:#1f2937;">Subprefeitura</th><td style="padding:3px 5px;border-bottom:1px solid #e5e7eb;font-size:11px;color:#111827;">Vila Maria/Vila Guilherme</td></tr><tr><th style="padding:3px 5px;text-align:left;background:#f3f4f6;border-bottom:1px solid #d1d5db;width:30%;font-size:11px;font-weight:600;color:#1f2937;">Volumetria</th><td style="padding:3px 5px;border-bottom:1px solid #e5e7eb;font-size:11px;color:#111827;">Entre 1m³ e 5m³</td></tr></table>]]></description><Point><coordinates>-46.5959100,-23.5225700,0</coordinates></Point></Placemark>
<Style id="s-PV-260">
<LineStyle><color>ffebce87</color><width>2.0</width></LineStyle>
<PolyStyle><color>ffebce87</color></PolyStyle>
<IconStyle><color>ffebce87</color><scale>0.55</scale>
<Icon><href>http://maps.google.com/mapfiles/kml/shapes/placemark_circle.png</href></Icon>
</IconStyle>
<LabelStyle><scale>0.65</scale></LabelStyle>
</Style><Placemark><name>MG-037</name><styleUrl>#s-PV-260</styleUrl><description><![CDATA[<table style="border-collapse:collapse;width:100%;font-family:'Helvetica Neue',Helvetica,Arial,sans-serif;font-size:11px;border:1px solid #e5e7eb;border-radius:8px;overflow:hidden;"><tr><th colspan="2" style="padding:5px 8px;background:#1f6feb;color:#fff;text-align:left;font-size:12px;font-weight:600;">MG-037</th></tr><tr><th style="padding:3px 5px;text-align:left;background:#f3f4f6;border-bottom:1px solid #d1d5db;width:30%;font-size:11px;font-weight:600;color:#1f2937;">ID</th><td style="padding:3px 5px;border-bottom:1px solid #e5e7eb;font-size:11px;color:#111827;">MG-037</td></tr><tr><th style="padding:3px 5px;text-align:left;background:#f3f4f6;border-bottom:1px solid #d1d5db;width:30%;font-size:11px;font-weight:600;color:#1f2937;">Endereço</th><td style="padding:3px 5px;border-bottom:1px solid #e5e7eb;font-size:11px;color:#111827;">Avenida Ramiz Galvão, 1058</td></tr><tr><th style="padding:3px 5px;text-align:left;background:#f3f4f6;border-bottom:1px solid #d1d5db;width:30%;font-size:11px;font-weight:600;color:#1f2937;">Subprefeitura</th><td style="padding:3px 5px;border-bottom:1px solid #e5e7eb;font-size:11px;color:#111827;">Vila Maria/Vila Guilherme</td></tr><tr><th style="padding:3px 5px;text-align:left;background:#f3f4f6;border-bottom:1px solid #d1d5db;width:30%;font-size:11px;font-weight:600;color:#1f2937;">Volumetria</th><td style="padding:3px 5px;border-bottom:1px solid #e5e7eb;font-size:11px;color:#111827;">Entre 1m³ e 5m³</td></tr></table>]]></description><Point><coordinates>-46.5767500,-23.4846300,0</coordinates></Point></Placemark>
<Style id="s-PV-261">
<LineStyle><color>ffebce87</color><width>2.0</width></LineStyle>
<PolyStyle><color>ffebce87</color></PolyStyle>
<IconStyle><color>ffebce87</color><scale>0.55</scale>
<Icon><href>http://maps.google.com/mapfiles/kml/shapes/placemark_circle.png</href></Icon>
</IconStyle>
<LabelStyle><scale>0.65</scale></LabelStyle>
</Style><Placemark><name>MG-038</name><styleUrl>#s-PV-261</styleUrl><description><![CDATA[<table style="border-collapse:collapse;width:100%;font-family:'Helvetica Neue',Helvetica,Arial,sans-serif;font-size:11px;border:1px solid #e5e7eb;border-radius:8px;overflow:hidden;"><tr><th colspan="2" style="padding:5px 8px;background:#1f6feb;color:#fff;text-align:left;font-size:12px;font-weight:600;">MG-038</th></tr><tr><th style="padding:3px 5px;text-align:left;background:#f3f4f6;border-bottom:1px solid #d1d5db;width:30%;font-size:11px;font-weight:600;color:#1f2937;">ID</th><td style="padding:3px 5px;border-bottom:1px solid #e5e7eb;font-size:11px;color:#111827;">MG-038</td></tr><tr><th style="padding:3px 5px;text-align:left;background:#f3f4f6;border-bottom:1px solid #d1d5db;width:30%;font-size:11px;font-weight:600;color:#1f2937;">Endereço</th><td style="padding:3px 5px;border-bottom:1px solid #e5e7eb;font-size:11px;color:#111827;">Avenida Ramiz Galvão, 1126</td></tr><tr><th style="padding:3px 5px;text-align:left;background:#f3f4f6;border-bottom:1px solid #d1d5db;width:30%;font-size:11px;font-weight:600;color:#1f2937;">Subprefeitura</th><td style="padding:3px 5px;border-bottom:1px solid #e5e7eb;font-size:11px;color:#111827;">Vila Maria/Vila Guilherme</td></tr><tr><th style="padding:3px 5px;text-align:left;background:#f3f4f6;border-bottom:1px solid #d1d5db;width:30%;font-size:11px;font-weight:600;color:#1f2937;">Volumetria</th><td style="padding:3px 5px;border-bottom:1px solid #e5e7eb;font-size:11px;color:#111827;">Entre 1m³ e 5m³</td></tr></table>]]></description><Point><coordinates>-46.5764300,-23.4852300,0</coordinates></Point></Placemark>
<Style id="s-PV-262">
<LineStyle><color>ffebce87</color><width>2.0</width></LineStyle>
<PolyStyle><color>ffebce87</color></PolyStyle>
<IconStyle><color>ffebce87</color><scale>0.55</scale>
<Icon><href>http://maps.google.com/mapfiles/kml/shapes/placemark_circle.png</href></Icon>
</IconStyle>
<LabelStyle><scale>0.65</scale></LabelStyle>
</Style><Placemark><name>MG-039</name><styleUrl>#s-PV-262</styleUrl><description><![CDATA[<table style="border-collapse:collapse;width:100%;font-family:'Helvetica Neue',Helvetica,Arial,sans-serif;font-size:11px;border:1px solid #e5e7eb;border-radius:8px;overflow:hidden;"><tr><th colspan="2" style="padding:5px 8px;background:#1f6feb;color:#fff;text-align:left;font-size:12px;font-weight:600;">MG-039</th></tr><tr><th style="padding:3px 5px;text-align:left;background:#f3f4f6;border-bottom:1px solid #d1d5db;width:30%;font-size:11px;font-weight:600;color:#1f2937;">ID</th><td style="padding:3px 5px;border-bottom:1px solid #e5e7eb;font-size:11px;color:#111827;">MG-039</td></tr><tr><th style="padding:3px 5px;text-align:left;background:#f3f4f6;border-bottom:1px solid #d1d5db;width:30%;font-size:11px;font-weight:600;color:#1f2937;">Endereço</th><td style="padding:3px 5px;border-bottom:1px solid #e5e7eb;font-size:11px;color:#111827;">Avenida Ramiz Galvão, 47</td></tr><tr><th style="padding:3px 5px;text-align:left;background:#f3f4f6;border-bottom:1px solid #d1d5db;width:30%;font-size:11px;font-weight:600;color:#1f2937;">Subprefeitura</th><td style="padding:3px 5px;border-bottom:1px solid #e5e7eb;font-size:11px;color:#111827;">Vila Maria/Vila Guilherme</td></tr><tr><th style="padding:3px 5px;text-align:left;background:#f3f4f6;border-bottom:1px solid #d1d5db;width:30%;font-size:11px;font-weight:600;color:#1f2937;">Volumetria</th><td style="padding:3px 5px;border-bottom:1px solid #e5e7eb;font-size:11px;color:#111827;">Entre 1m³ e 5m³</td></tr></table>]]></description><Point><coordinates>-46.5805800,-23.4763400,0</coordinates></Point></Placemark>
<Style id="s-PV-263">
<LineStyle><color>ffebce87</color><width>2.0</width></LineStyle>
<PolyStyle><color>ffebce87</color></PolyStyle>
<IconStyle><color>ffebce87</color><scale>0.55</scale>
<Icon><href>http://maps.google.com/mapfiles/kml/shapes/placemark_circle.png</href></Icon>
</IconStyle>
<LabelStyle><scale>0.65</scale></LabelStyle>
</Style><Placemark><name>MG-040</name><styleUrl>#s-PV-263</styleUrl><description><![CDATA[<table style="border-collapse:collapse;width:100%;font-family:'Helvetica Neue',Helvetica,Arial,sans-serif;font-size:11px;border:1px solid #e5e7eb;border-radius:8px;overflow:hidden;"><tr><th colspan="2" style="padding:5px 8px;background:#1f6feb;color:#fff;text-align:left;font-size:12px;font-weight:600;">MG-040</th></tr><tr><th style="padding:3px 5px;text-align:left;background:#f3f4f6;border-bottom:1px solid #d1d5db;width:30%;font-size:11px;font-weight:600;color:#1f2937;">ID</th><td style="padding:3px 5px;border-bottom:1px solid #e5e7eb;font-size:11px;color:#111827;">MG-040</td></tr><tr><th style="padding:3px 5px;text-align:left;background:#f3f4f6;border-bottom:1px solid #d1d5db;width:30%;font-size:11px;font-weight:600;color:#1f2937;">Endereço</th><td style="padding:3px 5px;border-bottom:1px solid #e5e7eb;font-size:11px;color:#111827;">Avenida Ramiz Galvão, 594</td></tr><tr><th style="padding:3px 5px;text-align:left;background:#f3f4f6;border-bottom:1px solid #d1d5db;width:30%;font-size:11px;font-weight:600;color:#1f2937;">Subprefeitura</th><td style="padding:3px 5px;border-bottom:1px solid #e5e7eb;font-size:11px;color:#111827;">Vila Maria/Vila Guilherme</td></tr><tr><th style="padding:3px 5px;text-align:left;background:#f3f4f6;border-bottom:1px solid #d1d5db;width:30%;font-size:11px;font-weight:600;color:#1f2937;">Volumetria</th><td style="padding:3px 5px;border-bottom:1px solid #e5e7eb;font-size:11px;color:#111827;">Entre 1m³ e 5m³</td></tr></table>]]></description><Point><coordinates>-46.5788100,-23.4809200,0</coordinates></Point></Placemark>
<Style id="s-PV-264">
<LineStyle><color>ffebce87</color><width>2.0</width></LineStyle>
<PolyStyle><color>ffebce87</color></PolyStyle>
<IconStyle><color>ffebce87</color><scale>0.55</scale>
<Icon><href>http://maps.google.com/mapfiles/kml/shapes/placemark_circle.png</href></Icon>
</IconStyle>
<LabelStyle><scale>0.65</scale></LabelStyle>
</Style><Placemark><name>MG-041</name><styleUrl>#s-PV-264</styleUrl><description><![CDATA[<table style="border-collapse:collapse;width:100%;font-family:'Helvetica Neue',Helvetica,Arial,sans-serif;font-size:11px;border:1px solid #e5e7eb;border-radius:8px;overflow:hidden;"><tr><th colspan="2" style="padding:5px 8px;background:#1f6feb;color:#fff;text-align:left;font-size:12px;font-weight:600;">MG-041</th></tr><tr><th style="padding:3px 5px;text-align:left;background:#f3f4f6;border-bottom:1px solid #d1d5db;width:30%;font-size:11px;font-weight:600;color:#1f2937;">ID</th><td style="padding:3px 5px;border-bottom:1px solid #e5e7eb;font-size:11px;color:#111827;">MG-041</td></tr><tr><th style="padding:3px 5px;text-align:left;background:#f3f4f6;border-bottom:1px solid #d1d5db;width:30%;font-size:11px;font-weight:600;color:#1f2937;">Endereço</th><td style="padding:3px 5px;border-bottom:1px solid #e5e7eb;font-size:11px;color:#111827;">Avenida Sanatório X Rua Francisco Alves Bezerra</td></tr><tr><th style="padding:3px 5px;text-align:left;background:#f3f4f6;border-bottom:1px solid #d1d5db;width:30%;font-size:11px;font-weight:600;color:#1f2937;">Subprefeitura</th><td style="padding:3px 5px;border-bottom:1px solid #e5e7eb;font-size:11px;color:#111827;">Vila Maria/Vila Guilherme</td></tr><tr><th style="padding:3px 5px;text-align:left;background:#f3f4f6;border-bottom:1px solid #d1d5db;width:30%;font-size:11px;font-weight:600;color:#1f2937;">Volumetria</th><td style="padding:3px 5px;border-bottom:1px solid #e5e7eb;font-size:11px;color:#111827;">Entre 1m³ e 5m³</td></tr></table>]]></description><Point><coordinates>-46.5732900,-23.4735800,0</coordinates></Point></Placemark>
<Style id="s-PV-265">
<LineStyle><color>ffebce87</color><width>2.0</width></LineStyle>
<PolyStyle><color>ffebce87</color></PolyStyle>
<IconStyle><color>ffebce87</color><scale>0.55</scale>
<Icon><href>http://maps.google.com/mapfiles/kml/shapes/placemark_circle.png</href></Icon>
</IconStyle>
<LabelStyle><scale>0.65</scale></LabelStyle>
</Style><Placemark><name>MG-042</name><styleUrl>#s-PV-265</styleUrl><description><![CDATA[<table style="border-collapse:collapse;width:100%;font-family:'Helvetica Neue',Helvetica,Arial,sans-serif;font-size:11px;border:1px solid #e5e7eb;border-radius:8px;overflow:hidden;"><tr><th colspan="2" style="padding:5px 8px;background:#1f6feb;color:#fff;text-align:left;font-size:12px;font-weight:600;">MG-042</th></tr><tr><th style="padding:3px 5px;text-align:left;background:#f3f4f6;border-bottom:1px solid #d1d5db;width:30%;font-size:11px;font-weight:600;color:#1f2937;">ID</th><td style="padding:3px 5px;border-bottom:1px solid #e5e7eb;font-size:11px;color:#111827;">MG-042</td></tr><tr><th style="padding:3px 5px;text-align:left;background:#f3f4f6;border-bottom:1px solid #d1d5db;width:30%;font-size:11px;font-weight:600;color:#1f2937;">Endereço</th><td style="padding:3px 5px;border-bottom:1px solid #e5e7eb;font-size:11px;color:#111827;">Avenida Sanatório, 790</td></tr><tr><th style="padding:3px 5px;text-align:left;background:#f3f4f6;border-bottom:1px solid #d1d5db;width:30%;font-size:11px;font-weight:600;color:#1f2937;">Subprefeitura</th><td style="padding:3px 5px;border-bottom:1px solid #e5e7eb;font-size:11px;color:#111827;">Vila Maria/Vila Guilherme</td></tr><tr><th style="padding:3px 5px;text-align:left;background:#f3f4f6;border-bottom:1px solid #d1d5db;width:30%;font-size:11px;font-weight:600;color:#1f2937;">Volumetria</th><td style="padding:3px 5px;border-bottom:1px solid #e5e7eb;font-size:11px;color:#111827;">Entre 1m³ e 5m³</td></tr></table>]]></description><Point><coordinates>-46.5763500,-23.4750100,0</coordinates></Point></Placemark>
<Style id="s-PV-266">
<LineStyle><color>ffebce87</color><width>2.0</width></LineStyle>
<PolyStyle><color>ffebce87</color></PolyStyle>
<IconStyle><color>ffebce87</color><scale>0.55</scale>
<Icon><href>http://maps.google.com/mapfiles/kml/shapes/placemark_circle.png</href></Icon>
</IconStyle>
<LabelStyle><scale>0.65</scale></LabelStyle>
</Style><Placemark><name>MG-043</name><styleUrl>#s-PV-266</styleUrl><description><![CDATA[<table style="border-collapse:collapse;width:100%;font-family:'Helvetica Neue',Helvetica,Arial,sans-serif;font-size:11px;border:1px solid #e5e7eb;border-radius:8px;overflow:hidden;"><tr><th colspan="2" style="padding:5px 8px;background:#1f6feb;color:#fff;text-align:left;font-size:12px;font-weight:600;">MG-043</th></tr><tr><th style="padding:3px 5px;text-align:left;background:#f3f4f6;border-bottom:1px solid #d1d5db;width:30%;font-size:11px;font-weight:600;color:#1f2937;">ID</th><td style="padding:3px 5px;border-bottom:1px solid #e5e7eb;font-size:11px;color:#111827;">MG-043</td></tr><tr><th style="padding:3px 5px;text-align:left;background:#f3f4f6;border-bottom:1px solid #d1d5db;width:30%;font-size:11px;font-weight:600;color:#1f2937;">Endereço</th><td style="padding:3px 5px;border-bottom:1px solid #e5e7eb;font-size:11px;color:#111827;">Avenida Tenente Amaro Felicíssimo da Silveira, 1165</td></tr><tr><th style="padding:3px 5px;text-align:left;background:#f3f4f6;border-bottom:1px solid #d1d5db;width:30%;font-size:11px;font-weight:600;color:#1f2937;">Subprefeitura</th><td style="padding:3px 5px;border-bottom:1px solid #e5e7eb;font-size:11px;color:#111827;">Vila Maria/Vila Guilherme</td></tr><tr><th style="padding:3px 5px;text-align:left;background:#f3f4f6;border-bottom:1px solid #d1d5db;width:30%;font-size:11px;font-weight:600;color:#1f2937;">Volumetria</th><td style="padding:3px 5px;border-bottom:1px solid #e5e7eb;font-size:11px;color:#111827;">Entre 1m³ e 5m³</td></tr></table>]]></description><Point><coordinates>-46.5714800,-23.5148500,0</coordinates></Point></Placemark>
<Style id="s-PV-267">
<LineStyle><color>ffebce87</color><width>2.0</width></LineStyle>
<PolyStyle><color>ffebce87</color></PolyStyle>
<IconStyle><color>ffebce87</color><scale>0.55</scale>
<Icon><href>http://maps.google.com/mapfiles/kml/shapes/placemark_circle.png</href></Icon>
</IconStyle>
<LabelStyle><scale>0.65</scale></LabelStyle>
</Style><Placemark><name>MG-044</name><styleUrl>#s-PV-267</styleUrl><description><![CDATA[<table style="border-collapse:collapse;width:100%;font-family:'Helvetica Neue',Helvetica,Arial,sans-serif;font-size:11px;border:1px solid #e5e7eb;border-radius:8px;overflow:hidden;"><tr><th colspan="2" style="padding:5px 8px;background:#1f6feb;color:#fff;text-align:left;font-size:12px;font-weight:600;">MG-044</th></tr><tr><th style="padding:3px 5px;text-align:left;background:#f3f4f6;border-bottom:1px solid #d1d5db;width:30%;font-size:11px;font-weight:600;color:#1f2937;">ID</th><td style="padding:3px 5px;border-bottom:1px solid #e5e7eb;font-size:11px;color:#111827;">MG-044</td></tr><tr><th style="padding:3px 5px;text-align:left;background:#f3f4f6;border-bottom:1px solid #d1d5db;width:30%;font-size:11px;font-weight:600;color:#1f2937;">Endereço</th><td style="padding:3px 5px;border-bottom:1px solid #e5e7eb;font-size:11px;color:#111827;">Avenida Tenente Amaro Felicíssimo da Silveira, 1551</td></tr><tr><th style="padding:3px 5px;text-align:left;background:#f3f4f6;border-bottom:1px solid #d1d5db;width:30%;font-size:11px;font-weight:600;color:#1f2937;">Subprefeitura</th><td style="padding:3px 5px;border-bottom:1px solid #e5e7eb;font-size:11px;color:#111827;">Vila Maria/Vila Guilherme</td></tr><tr><th style="padding:3px 5px;text-align:left;background:#f3f4f6;border-bottom:1px solid #d1d5db;width:30%;font-size:11px;font-weight:600;color:#1f2937;">Volumetria</th><td style="padding:3px 5px;border-bottom:1px solid #e5e7eb;font-size:11px;color:#111827;">Entre 1m³ e 5m³</td></tr></table>]]></description><Point><coordinates>-46.5713600,-23.5114000,0</coordinates></Point></Placemark>
<Style id="s-PV-268">
<LineStyle><color>ffebce87</color><width>2.0</width></LineStyle>
<PolyStyle><color>ffebce87</color></PolyStyle>
<IconStyle><color>ffebce87</color><scale>0.55</scale>
<Icon><href>http://maps.google.com/mapfiles/kml/shapes/placemark_circle.png</href></Icon>
</IconStyle>
<LabelStyle><scale>0.65</scale></LabelStyle>
</Style><Placemark><name>MG-045</name><styleUrl>#s-PV-268</styleUrl><description><![CDATA[<table style="border-collapse:collapse;width:100%;font-family:'Helvetica Neue',Helvetica,Arial,sans-serif;font-size:11px;border:1px solid #e5e7eb;border-radius:8px;overflow:hidden;"><tr><th colspan="2" style="padding:5px 8px;background:#1f6feb;color:#fff;text-align:left;font-size:12px;font-weight:600;">MG-045</th></tr><tr><th style="padding:3px 5px;text-align:left;background:#f3f4f6;border-bottom:1px solid #d1d5db;width:30%;font-size:11px;font-weight:600;color:#1f2937;">ID</th><td style="padding:3px 5px;border-bottom:1px solid #e5e7eb;font-size:11px;color:#111827;">MG-045</td></tr><tr><th style="padding:3px 5px;text-align:left;background:#f3f4f6;border-bottom:1px solid #d1d5db;width:30%;font-size:11px;font-weight:600;color:#1f2937;">Endereço</th><td style="padding:3px 5px;border-bottom:1px solid #e5e7eb;font-size:11px;color:#111827;">Avenida Tenente Amaro Felicíssimo da Silveira, 230</td></tr><tr><th style="padding:3px 5px;text-align:left;background:#f3f4f6;border-bottom:1px solid #d1d5db;width:30%;font-size:11px;font-weight:600;color:#1f2937;">Subprefeitura</th><td style="padding:3px 5px;border-bottom:1px solid #e5e7eb;font-size:11px;color:#111827;">Vila Maria/Vila Guilherme</td></tr><tr><th style="padding:3px 5px;text-align:left;background:#f3f4f6;border-bottom:1px solid #d1d5db;width:30%;font-size:11px;font-weight:600;color:#1f2937;">Volumetria</th><td style="padding:3px 5px;border-bottom:1px solid #e5e7eb;font-size:11px;color:#111827;">Entre 1m³ e 5m³</td></tr></table>]]></description><Point><coordinates>-46.5716900,-23.5233900,0</coordinates></Point></Placemark>
<Style id="s-PV-269">
<LineStyle><color>ffebce87</color><width>2.0</width></LineStyle>
<PolyStyle><color>ffebce87</color></PolyStyle>
<IconStyle><color>ffebce87</color><scale>0.55</scale>
<Icon><href>http://maps.google.com/mapfiles/kml/shapes/placemark_circle.png</href></Icon>
</IconStyle>
<LabelStyle><scale>0.65</scale></LabelStyle>
</Style><Placemark><name>MG-046</name><styleUrl>#s-PV-269</styleUrl><description><![CDATA[<table style="border-collapse:collapse;width:100%;font-family:'Helvetica Neue',Helvetica,Arial,sans-serif;font-size:11px;border:1px solid #e5e7eb;border-radius:8px;overflow:hidden;"><tr><th colspan="2" style="padding:5px 8px;background:#1f6feb;color:#fff;text-align:left;font-size:12px;font-weight:600;">MG-046</th></tr><tr><th style="padding:3px 5px;text-align:left;background:#f3f4f6;border-bottom:1px solid #d1d5db;width:30%;font-size:11px;font-weight:600;color:#1f2937;">ID</th><td style="padding:3px 5px;border-bottom:1px solid #e5e7eb;font-size:11px;color:#111827;">MG-046</td></tr><tr><th style="padding:3px 5px;text-align:left;background:#f3f4f6;border-bottom:1px solid #d1d5db;width:30%;font-size:11px;font-weight:600;color:#1f2937;">Endereço</th><td style="padding:3px 5px;border-bottom:1px solid #e5e7eb;font-size:11px;color:#111827;">Avenida Tenente Amaro Felicíssimo da Silveira, 452</td></tr><tr><th style="padding:3px 5px;text-align:left;background:#f3f4f6;border-bottom:1px solid #d1d5db;width:30%;font-size:11px;font-weight:600;color:#1f2937;">Subprefeitura</th><td style="padding:3px 5px;border-bottom:1px solid #e5e7eb;font-size:11px;color:#111827;">Vila Maria/Vila Guilherme</td></tr><tr><th style="padding:3px 5px;text-align:left;background:#f3f4f6;border-bottom:1px solid #d1d5db;width:30%;font-size:11px;font-weight:600;color:#1f2937;">Volumetria</th><td style="padding:3px 5px;border-bottom:1px solid #e5e7eb;font-size:11px;color:#111827;">Entre 1m³ e 5m³</td></tr></table>]]></description><Point><coordinates>-46.5714900,-23.5168700,0</coordinates></Point></Placemark>
<Style id="s-PV-270">
<LineStyle><color>ffebce87</color><width>2.0</width></LineStyle>
<PolyStyle><color>ffebce87</color></PolyStyle>
<IconStyle><color>ffebce87</color><scale>0.55</scale>
<Icon><href>http://maps.google.com/mapfiles/kml/shapes/placemark_circle.png</href></Icon>
</IconStyle>
<LabelStyle><scale>0.65</scale></LabelStyle>
</Style><Placemark><name>MG-047</name><styleUrl>#s-PV-270</styleUrl><description><![CDATA[<table style="border-collapse:collapse;width:100%;font-family:'Helvetica Neue',Helvetica,Arial,sans-serif;font-size:11px;border:1px solid #e5e7eb;border-radius:8px;overflow:hidden;"><tr><th colspan="2" style="padding:5px 8px;background:#1f6feb;color:#fff;text-align:left;font-size:12px;font-weight:600;">MG-047</th></tr><tr><th style="padding:3px 5px;text-align:left;background:#f3f4f6;border-bottom:1px solid #d1d5db;width:30%;font-size:11px;font-weight:600;color:#1f2937;">ID</th><td style="padding:3px 5px;border-bottom:1px solid #e5e7eb;font-size:11px;color:#111827;">MG-047</td></tr><tr><th style="padding:3px 5px;text-align:left;background:#f3f4f6;border-bottom:1px solid #d1d5db;width:30%;font-size:11px;font-weight:600;color:#1f2937;">Endereço</th><td style="padding:3px 5px;border-bottom:1px solid #e5e7eb;font-size:11px;color:#111827;">Avenida Tenente Amaro Felicíssimo da Silveira, 665</td></tr><tr><th style="padding:3px 5px;text-align:left;background:#f3f4f6;border-bottom:1px solid #d1d5db;width:30%;font-size:11px;font-weight:600;color:#1f2937;">Subprefeitura</th><td style="padding:3px 5px;border-bottom:1px solid #e5e7eb;font-size:11px;color:#111827;">Vila Maria/Vila Guilherme</td></tr><tr><th style="padding:3px 5px;text-align:left;background:#f3f4f6;border-bottom:1px solid #d1d5db;width:30%;font-size:11px;font-weight:600;color:#1f2937;">Volumetria</th><td style="padding:3px 5px;border-bottom:1px solid #e5e7eb;font-size:11px;color:#111827;">Entre 1m³ e 5m³</td></tr></table>]]></description><Point><coordinates>-46.5715300,-23.5190800,0</coordinates></Point></Placemark>
<Style id="s-PV-271">
<LineStyle><color>ffebce87</color><width>2.0</width></LineStyle>
<PolyStyle><color>ffebce87</color></PolyStyle>
<IconStyle><color>ffebce87</color><scale>0.55</scale>
<Icon><href>http://maps.google.com/mapfiles/kml/shapes/placemark_circle.png</href></Icon>
</IconStyle>
<LabelStyle><scale>0.65</scale></LabelStyle>
</Style><Placemark><name>MG-048</name><styleUrl>#s-PV-271</styleUrl><description><![CDATA[<table style="border-collapse:collapse;width:100%;font-family:'Helvetica Neue',Helvetica,Arial,sans-serif;font-size:11px;border:1px solid #e5e7eb;border-radius:8px;overflow:hidden;"><tr><th colspan="2" style="padding:5px 8px;background:#1f6feb;color:#fff;text-align:left;font-size:12px;font-weight:600;">MG-048</th></tr><tr><th style="padding:3px 5px;text-align:left;background:#f3f4f6;border-bottom:1px solid #d1d5db;width:30%;font-size:11px;font-weight:600;color:#1f2937;">ID</th><td style="padding:3px 5px;border-bottom:1px solid #e5e7eb;font-size:11px;color:#111827;">MG-048</td></tr><tr><th style="padding:3px 5px;text-align:left;background:#f3f4f6;border-bottom:1px solid #d1d5db;width:30%;font-size:11px;font-weight:600;color:#1f2937;">Endereço</th><td style="padding:3px 5px;border-bottom:1px solid #e5e7eb;font-size:11px;color:#111827;">Avenida Tenente Amaro Felicíssimo da Silveira, 856</td></tr><tr><th style="padding:3px 5px;text-align:left;background:#f3f4f6;border-bottom:1px solid #d1d5db;width:30%;font-size:11px;font-weight:600;color:#1f2937;">Subprefeitura</th><td style="padding:3px 5px;border-bottom:1px solid #e5e7eb;font-size:11px;color:#111827;">Vila Maria/Vila Guilherme</td></tr><tr><th style="padding:3px 5px;text-align:left;background:#f3f4f6;border-bottom:1px solid #d1d5db;width:30%;font-size:11px;font-weight:600;color:#1f2937;">Volumetria</th><td style="padding:3px 5px;border-bottom:1px solid #e5e7eb;font-size:11px;color:#111827;">Entre 1m³ e 5m³</td></tr></table>]]></description><Point><coordinates>-46.5712100,-23.5179600,0</coordinates></Point></Placemark>
<Style id="s-PV-272">
<LineStyle><color>ffebce87</color><width>2.0</width></LineStyle>
<PolyStyle><color>ffebce87</color></PolyStyle>
<IconStyle><color>ffebce87</color><scale>0.55</scale>
<Icon><href>http://maps.google.com/mapfiles/kml/shapes/placemark_circle.png</href></Icon>
</IconStyle>
<LabelStyle><scale>0.65</scale></LabelStyle>
</Style><Placemark><name>MG-049</name><styleUrl>#s-PV-272</styleUrl><description><![CDATA[<table style="border-collapse:collapse;width:100%;font-family:'Helvetica Neue',Helvetica,Arial,sans-serif;font-size:11px;border:1px solid #e5e7eb;border-radius:8px;overflow:hidden;"><tr><th colspan="2" style="padding:5px 8px;background:#1f6feb;color:#fff;text-align:left;font-size:12px;font-weight:600;">MG-049</th></tr><tr><th style="padding:3px 5px;text-align:left;background:#f3f4f6;border-bottom:1px solid #d1d5db;width:30%;font-size:11px;font-weight:600;color:#1f2937;">ID</th><td style="padding:3px 5px;border-bottom:1px solid #e5e7eb;font-size:11px;color:#111827;">MG-049</td></tr><tr><th style="padding:3px 5px;text-align:left;background:#f3f4f6;border-bottom:1px solid #d1d5db;width:30%;font-size:11px;font-weight:600;color:#1f2937;">Endereço</th><td style="padding:3px 5px;border-bottom:1px solid #e5e7eb;font-size:11px;color:#111827;">Avenida Tenente Amaro Felicíssimo da Silveira, 90</td></tr><tr><th style="padding:3px 5px;text-align:left;background:#f3f4f6;border-bottom:1px solid #d1d5db;width:30%;font-size:11px;font-weight:600;color:#1f2937;">Subprefeitura</th><td style="padding:3px 5px;border-bottom:1px solid #e5e7eb;font-size:11px;color:#111827;">Vila Maria/Vila Guilherme</td></tr><tr><th style="padding:3px 5px;text-align:left;background:#f3f4f6;border-bottom:1px solid #d1d5db;width:30%;font-size:11px;font-weight:600;color:#1f2937;">Volumetria</th><td style="padding:3px 5px;border-bottom:1px solid #e5e7eb;font-size:11px;color:#111827;">Entre 1m³ e 5m³</td></tr></table>]]></description><Point><coordinates>-46.5715600,-23.5200300,0</coordinates></Point></Placemark>
<Style id="s-PV-273">
<LineStyle><color>ffebce87</color><width>2.0</width></LineStyle>
<PolyStyle><color>ffebce87</color></PolyStyle>
<IconStyle><color>ffebce87</color><scale>0.55</scale>
<Icon><href>http://maps.google.com/mapfiles/kml/shapes/placemark_circle.png</href></Icon>
</IconStyle>
<LabelStyle><scale>0.65</scale></LabelStyle>
</Style><Placemark><name>MG-050</name><styleUrl>#s-PV-273</styleUrl><description><![CDATA[<table style="border-collapse:collapse;width:100%;font-family:'Helvetica Neue',Helvetica,Arial,sans-serif;font-size:11px;border:1px solid #e5e7eb;border-radius:8px;overflow:hidden;"><tr><th colspan="2" style="padding:5px 8px;background:#1f6feb;color:#fff;text-align:left;font-size:12px;font-weight:600;">MG-050</th></tr><tr><th style="padding:3px 5px;text-align:left;background:#f3f4f6;border-bottom:1px solid #d1d5db;width:30%;font-size:11px;font-weight:600;color:#1f2937;">ID</th><td style="padding:3px 5px;border-bottom:1px solid #e5e7eb;font-size:11px;color:#111827;">MG-050</td></tr><tr><th style="padding:3px 5px;text-align:left;background:#f3f4f6;border-bottom:1px solid #d1d5db;width:30%;font-size:11px;font-weight:600;color:#1f2937;">Endereço</th><td style="padding:3px 5px;border-bottom:1px solid #e5e7eb;font-size:11px;color:#111827;">Avenida Tenente José Jerônimo de Mesquita, 76</td></tr><tr><th style="padding:3px 5px;text-align:left;background:#f3f4f6;border-bottom:1px solid #d1d5db;width:30%;font-size:11px;font-weight:600;color:#1f2937;">Subprefeitura</th><td style="padding:3px 5px;border-bottom:1px solid #e5e7eb;font-size:11px;color:#111827;">Vila Maria/Vila Guilherme</td></tr><tr><th style="padding:3px 5px;text-align:left;background:#f3f4f6;border-bottom:1px solid #d1d5db;width:30%;font-size:11px;font-weight:600;color:#1f2937;">Volumetria</th><td style="padding:3px 5px;border-bottom:1px solid #e5e7eb;font-size:11px;color:#111827;">Entre 1m³ e 5m³</td></tr></table>]]></description><Point><coordinates>-46.5674900,-23.5031200,0</coordinates></Point></Placemark>
<Style id="s-PV-274">
<LineStyle><color>ffebce87</color><width>2.0</width></LineStyle>
<PolyStyle><color>ffebce87</color></PolyStyle>
<IconStyle><color>ffebce87</color><scale>0.55</scale>
<Icon><href>http://maps.google.com/mapfiles/kml/shapes/placemark_circle.png</href></Icon>
</IconStyle>
<LabelStyle><scale>0.65</scale></LabelStyle>
</Style><Placemark><name>MG-051</name><styleUrl>#s-PV-274</styleUrl><description><![CDATA[<table style="border-collapse:collapse;width:100%;font-family:'Helvetica Neue',Helvetica,Arial,sans-serif;font-size:11px;border:1px solid #e5e7eb;border-radius:8px;overflow:hidden;"><tr><th colspan="2" style="padding:5px 8px;background:#1f6feb;color:#fff;text-align:left;font-size:12px;font-weight:600;">MG-051</th></tr><tr><th style="padding:3px 5px;text-align:left;background:#f3f4f6;border-bottom:1px solid #d1d5db;width:30%;font-size:11px;font-weight:600;color:#1f2937;">ID</th><td style="padding:3px 5px;border-bottom:1px solid #e5e7eb;font-size:11px;color:#111827;">MG-051</td></tr><tr><th style="padding:3px 5px;text-align:left;background:#f3f4f6;border-bottom:1px solid #d1d5db;width:30%;font-size:11px;font-weight:600;color:#1f2937;">Endereço</th><td style="padding:3px 5px;border-bottom:1px solid #e5e7eb;font-size:11px;color:#111827;">Rua Água Encantada, 70</td></tr><tr><th style="padding:3px 5px;text-align:left;background:#f3f4f6;border-bottom:1px solid #d1d5db;width:30%;font-size:11px;font-weight:600;color:#1f2937;">Subprefeitura</th><td style="padding:3px 5px;border-bottom:1px solid #e5e7eb;font-size:11px;color:#111827;">Vila Maria/Vila Guilherme</td></tr><tr><th style="padding:3px 5px;text-align:left;background:#f3f4f6;border-bottom:1px solid #d1d5db;width:30%;font-size:11px;font-weight:600;color:#1f2937;">Volumetria</th><td style="padding:3px 5px;border-bottom:1px solid #e5e7eb;font-size:11px;color:#111827;">Entre 1m³ e 5m³</td></tr></table>]]></description><Point><coordinates>-46.5941100,-23.4919400,0</coordinates></Point></Placemark>
<Style id="s-PV-275">
<LineStyle><color>ffebce87</color><width>2.0</width></LineStyle>
<PolyStyle><color>ffebce87</color></PolyStyle>
<IconStyle><color>ffebce87</color><scale>0.55</scale>
<Icon><href>http://maps.google.com/mapfiles/kml/shapes/placemark_circle.png</href></Icon>
</IconStyle>
<LabelStyle><scale>0.65</scale></LabelStyle>
</Style><Placemark><name>MG-052</name><styleUrl>#s-PV-275</styleUrl><description><![CDATA[<table style="border-collapse:collapse;width:100%;font-family:'Helvetica Neue',Helvetica,Arial,sans-serif;font-size:11px;border:1px solid #e5e7eb;border-radius:8px;overflow:hidden;"><tr><th colspan="2" style="padding:5px 8px;background:#1f6feb;color:#fff;text-align:left;font-size:12px;font-weight:600;">MG-052</th></tr><tr><th style="padding:3px 5px;text-align:left;background:#f3f4f6;border-bottom:1px solid #d1d5db;width:30%;font-size:11px;font-weight:600;color:#1f2937;">ID</th><td style="padding:3px 5px;border-bottom:1px solid #e5e7eb;font-size:11px;color:#111827;">MG-052</td></tr><tr><th style="padding:3px 5px;text-align:left;background:#f3f4f6;border-bottom:1px solid #d1d5db;width:30%;font-size:11px;font-weight:600;color:#1f2937;">Endereço</th><td style="padding:3px 5px;border-bottom:1px solid #e5e7eb;font-size:11px;color:#111827;">Rua Amazonas da Silva, 240</td></tr><tr><th style="padding:3px 5px;text-align:left;background:#f3f4f6;border-bottom:1px solid #d1d5db;width:30%;font-size:11px;font-weight:600;color:#1f2937;">Subprefeitura</th><td style="padding:3px 5px;border-bottom:1px solid #e5e7eb;font-size:11px;color:#111827;">Vila Maria/Vila Guilherme</td></tr><tr><th style="padding:3px 5px;text-align:left;background:#f3f4f6;border-bottom:1px solid #d1d5db;width:30%;font-size:11px;font-weight:600;color:#1f2937;">Volumetria</th><td style="padding:3px 5px;border-bottom:1px solid #e5e7eb;font-size:11px;color:#111827;">Entre 1m³ e 5m³</td></tr></table>]]></description><Point><coordinates>-46.6114500,-23.5172300,0</coordinates></Point></Placemark>
<Style id="s-PV-276">
<LineStyle><color>ffebce87</color><width>2.0</width></LineStyle>
<PolyStyle><color>ffebce87</color></PolyStyle>
<IconStyle><color>ffebce87</color><scale>0.55</scale>
<Icon><href>http://maps.google.com/mapfiles/kml/shapes/placemark_circle.png</href></Icon>
</IconStyle>
<LabelStyle><scale>0.65</scale></LabelStyle>
</Style><Placemark><name>MG-053</name><styleUrl>#s-PV-276</styleUrl><description><![CDATA[<table style="border-collapse:collapse;width:100%;font-family:'Helvetica Neue',Helvetica,Arial,sans-serif;font-size:11px;border:1px solid #e5e7eb;border-radius:8px;overflow:hidden;"><tr><th colspan="2" style="padding:5px 8px;background:#1f6feb;color:#fff;text-align:left;font-size:12px;font-weight:600;">MG-053</th></tr><tr><th style="padding:3px 5px;text-align:left;background:#f3f4f6;border-bottom:1px solid #d1d5db;width:30%;font-size:11px;font-weight:600;color:#1f2937;">ID</th><td style="padding:3px 5px;border-bottom:1px solid #e5e7eb;font-size:11px;color:#111827;">MG-053</td></tr><tr><th style="padding:3px 5px;text-align:left;background:#f3f4f6;border-bottom:1px solid #d1d5db;width:30%;font-size:11px;font-weight:600;color:#1f2937;">Endereço</th><td style="padding:3px 5px;border-bottom:1px solid #e5e7eb;font-size:11px;color:#111827;">Rua Antonio de Alencar, 189</td></tr><tr><th style="padding:3px 5px;text-align:left;background:#f3f4f6;border-bottom:1px solid #d1d5db;width:30%;font-size:11px;font-weight:600;color:#1f2937;">Subprefeitura</th><td style="padding:3px 5px;border-bottom:1px solid #e5e7eb;font-size:11px;color:#111827;">Vila Maria/Vila Guilherme</td></tr><tr><th style="padding:3px 5px;text-align:left;background:#f3f4f6;border-bottom:1px solid #d1d5db;width:30%;font-size:11px;font-weight:600;color:#1f2937;">Volumetria</th><td style="padding:3px 5px;border-bottom:1px solid #e5e7eb;font-size:11px;color:#111827;">Entre 1m³ e 5m³</td></tr><tr><th style="padding:3px 5px;text-align:left;background:#f3f4f6;border-bottom:1px solid #d1d5db;width:30%;font-size:11px;font-weight:600;color:#1f2937;">Status</th><td style="padding:3px 5px;border-bottom:1px solid #e5e7eb;font-size:11px;color:#111827;">Revitalizado</td></tr><tr><th style="padding:3px 5px;text-align:left;background:#f3f4f6;border-bottom:1px solid #d1d5db;width:30%;font-size:11px;font-weight:600;color:#1f2937;">Data</th><td style="padding:3px 5px;border-bottom:1px solid #e5e7eb;font-size:11px;color:#111827;">46013</td></tr></table>]]></description><Point><coordinates>-46.5791600,-23.4776200,0</coordinates></Point></Placemark>
<Style id="s-PV-277">
<LineStyle><color>ffebce87</color><width>2.0</width></LineStyle>
<PolyStyle><color>ffebce87</color></PolyStyle>
<IconStyle><color>ffebce87</color><scale>0.55</scale>
<Icon><href>http://maps.google.com/mapfiles/kml/shapes/placemark_circle.png</href></Icon>
</IconStyle>
<LabelStyle><scale>0.65</scale></LabelStyle>
</Style><Placemark><name>MG-054</name><styleUrl>#s-PV-277</styleUrl><description><![CDATA[<table style="border-collapse:collapse;width:100%;font-family:'Helvetica Neue',Helvetica,Arial,sans-serif;font-size:11px;border:1px solid #e5e7eb;border-radius:8px;overflow:hidden;"><tr><th colspan="2" style="padding:5px 8px;background:#1f6feb;color:#fff;text-align:left;font-size:12px;font-weight:600;">MG-054</th></tr><tr><th style="padding:3px 5px;text-align:left;background:#f3f4f6;border-bottom:1px solid #d1d5db;width:30%;font-size:11px;font-weight:600;color:#1f2937;">ID</th><td style="padding:3px 5px;border-bottom:1px solid #e5e7eb;font-size:11px;color:#111827;">MG-054</td></tr><tr><th style="padding:3px 5px;text-align:left;background:#f3f4f6;border-bottom:1px solid #d1d5db;width:30%;font-size:11px;font-weight:600;color:#1f2937;">Endereço</th><td style="padding:3px 5px;border-bottom:1px solid #e5e7eb;font-size:11px;color:#111827;">Rua Antonio Fonseca, 694</td></tr><tr><th style="padding:3px 5px;text-align:left;background:#f3f4f6;border-bottom:1px solid #d1d5db;width:30%;font-size:11px;font-weight:600;color:#1f2937;">Subprefeitura</th><td style="padding:3px 5px;border-bottom:1px solid #e5e7eb;font-size:11px;color:#111827;">Vila Maria/Vila Guilherme</td></tr><tr><th style="padding:3px 5px;text-align:left;background:#f3f4f6;border-bottom:1px solid #d1d5db;width:30%;font-size:11px;font-weight:600;color:#1f2937;">Volumetria</th><td style="padding:3px 5px;border-bottom:1px solid #e5e7eb;font-size:11px;color:#111827;">Entre 1m³ e 5m³</td></tr></table>]]></description><Point><coordinates>-46.5894100,-23.5267400,0</coordinates></Point></Placemark>
<Style id="s-PV-278">
<LineStyle><color>ffebce87</color><width>2.0</width></LineStyle>
<PolyStyle><color>ffebce87</color></PolyStyle>
<IconStyle><color>ffebce87</color><scale>0.55</scale>
<Icon><href>http://maps.google.com/mapfiles/kml/shapes/placemark_circle.png</href></Icon>
</IconStyle>
<LabelStyle><scale>0.65</scale></LabelStyle>
</Style><Placemark><name>MG-055</name><styleUrl>#s-PV-278</styleUrl><description><![CDATA[<table style="border-collapse:collapse;width:100%;font-family:'Helvetica Neue',Helvetica,Arial,sans-serif;font-size:11px;border:1px solid #e5e7eb;border-radius:8px;overflow:hidden;"><tr><th colspan="2" style="padding:5px 8px;background:#1f6feb;color:#fff;text-align:left;font-size:12px;font-weight:600;">MG-055</th></tr><tr><th style="padding:3px 5px;text-align:left;background:#f3f4f6;border-bottom:1px solid #d1d5db;width:30%;font-size:11px;font-weight:600;color:#1f2937;">ID</th><td style="padding:3px 5px;border-bottom:1px solid #e5e7eb;font-size:11px;color:#111827;">MG-055</td></tr><tr><th style="padding:3px 5px;text-align:left;background:#f3f4f6;border-bottom:1px solid #d1d5db;width:30%;font-size:11px;font-weight:600;color:#1f2937;">Endereço</th><td style="padding:3px 5px;border-bottom:1px solid #e5e7eb;font-size:11px;color:#111827;">Rua Arapira, 59</td></tr><tr><th style="padding:3px 5px;text-align:left;background:#f3f4f6;border-bottom:1px solid #d1d5db;width:30%;font-size:11px;font-weight:600;color:#1f2937;">Subprefeitura</th><td style="padding:3px 5px;border-bottom:1px solid #e5e7eb;font-size:11px;color:#111827;">Vila Maria/Vila Guilherme</td></tr><tr><th style="padding:3px 5px;text-align:left;background:#f3f4f6;border-bottom:1px solid #d1d5db;width:30%;font-size:11px;font-weight:600;color:#1f2937;">Volumetria</th><td style="padding:3px 5px;border-bottom:1px solid #e5e7eb;font-size:11px;color:#111827;">Entre 1m³ e 5m³</td></tr></table>]]></description><Point><coordinates>-46.5623000,-23.5199700,0</coordinates></Point></Placemark>
<Style id="s-PV-279">
<LineStyle><color>ffebce87</color><width>2.0</width></LineStyle>
<PolyStyle><color>ffebce87</color></PolyStyle>
<IconStyle><color>ffebce87</color><scale>0.55</scale>
<Icon><href>http://maps.google.com/mapfiles/kml/shapes/placemark_circle.png</href></Icon>
</IconStyle>
<LabelStyle><scale>0.65</scale></LabelStyle>
</Style><Placemark><name>MG-056</name><styleUrl>#s-PV-279</styleUrl><description><![CDATA[<table style="border-collapse:collapse;width:100%;font-family:'Helvetica Neue',Helvetica,Arial,sans-serif;font-size:11px;border:1px solid #e5e7eb;border-radius:8px;overflow:hidden;"><tr><th colspan="2" style="padding:5px 8px;background:#1f6feb;color:#fff;text-align:left;font-size:12px;font-weight:600;">MG-056</th></tr><tr><th style="padding:3px 5px;text-align:left;background:#f3f4f6;border-bottom:1px solid #d1d5db;width:30%;font-size:11px;font-weight:600;color:#1f2937;">ID</th><td style="padding:3px 5px;border-bottom:1px solid #e5e7eb;font-size:11px;color:#111827;">MG-056</td></tr><tr><th style="padding:3px 5px;text-align:left;background:#f3f4f6;border-bottom:1px solid #d1d5db;width:30%;font-size:11px;font-weight:600;color:#1f2937;">Endereço</th><td style="padding:3px 5px;border-bottom:1px solid #e5e7eb;font-size:11px;color:#111827;">Rua Arari Leite X Rua Arenal</td></tr><tr><th style="padding:3px 5px;text-align:left;background:#f3f4f6;border-bottom:1px solid #d1d5db;width:30%;font-size:11px;font-weight:600;color:#1f2937;">Subprefeitura</th><td style="padding:3px 5px;border-bottom:1px solid #e5e7eb;font-size:11px;color:#111827;">Vila Maria/Vila Guilherme</td></tr><tr><th style="padding:3px 5px;text-align:left;background:#f3f4f6;border-bottom:1px solid #d1d5db;width:30%;font-size:11px;font-weight:600;color:#1f2937;">Volumetria</th><td style="padding:3px 5px;border-bottom:1px solid #e5e7eb;font-size:11px;color:#111827;">Entre 1m³ e 5m³</td></tr></table>]]></description><Point><coordinates>-46.5798300,-23.5148000,0</coordinates></Point></Placemark>
<Style id="s-PV-280">
<LineStyle><color>ffebce87</color><width>2.0</width></LineStyle>
<PolyStyle><color>ffebce87</color></PolyStyle>
<IconStyle><color>ffebce87</color><scale>0.55</scale>
<Icon><href>http://maps.google.com/mapfiles/kml/shapes/placemark_circle.png</href></Icon>
</IconStyle>
<LabelStyle><scale>0.65</scale></LabelStyle>
</Style><Placemark><name>MG-057</name><styleUrl>#s-PV-280</styleUrl><description><![CDATA[<table style="border-collapse:collapse;width:100%;font-family:'Helvetica Neue',Helvetica,Arial,sans-serif;font-size:11px;border:1px solid #e5e7eb;border-radius:8px;overflow:hidden;"><tr><th colspan="2" style="padding:5px 8px;background:#1f6feb;color:#fff;text-align:left;font-size:12px;font-weight:600;">MG-057</th></tr><tr><th style="padding:3px 5px;text-align:left;background:#f3f4f6;border-bottom:1px solid #d1d5db;width:30%;font-size:11px;font-weight:600;color:#1f2937;">ID</th><td style="padding:3px 5px;border-bottom:1px solid #e5e7eb;font-size:11px;color:#111827;">MG-057</td></tr><tr><th style="padding:3px 5px;text-align:left;background:#f3f4f6;border-bottom:1px solid #d1d5db;width:30%;font-size:11px;font-weight:600;color:#1f2937;">Endereço</th><td style="padding:3px 5px;border-bottom:1px solid #e5e7eb;font-size:11px;color:#111827;">Rua Armação X Rua Doutor Vidal Reis</td></tr><tr><th style="padding:3px 5px;text-align:left;background:#f3f4f6;border-bottom:1px solid #d1d5db;width:30%;font-size:11px;font-weight:600;color:#1f2937;">Subprefeitura</th><td style="padding:3px 5px;border-bottom:1px solid #e5e7eb;font-size:11px;color:#111827;">Vila Maria/Vila Guilherme</td></tr><tr><th style="padding:3px 5px;text-align:left;background:#f3f4f6;border-bottom:1px solid #d1d5db;width:30%;font-size:11px;font-weight:600;color:#1f2937;">Volumetria</th><td style="padding:3px 5px;border-bottom:1px solid #e5e7eb;font-size:11px;color:#111827;">Entre 1m³ e 5m³</td></tr></table>]]></description><Point><coordinates>-46.5634100,-23.5163400,0</coordinates></Point></Placemark>
<Style id="s-PV-281">
<LineStyle><color>ffebce87</color><width>2.0</width></LineStyle>
<PolyStyle><color>ffebce87</color></PolyStyle>
<IconStyle><color>ffebce87</color><scale>0.55</scale>
<Icon><href>http://maps.google.com/mapfiles/kml/shapes/placemark_circle.png</href></Icon>
</IconStyle>
<LabelStyle><scale>0.65</scale></LabelStyle>
</Style><Placemark><name>MG-058</name><styleUrl>#s-PV-281</styleUrl><description><![CDATA[<table style="border-collapse:collapse;width:100%;font-family:'Helvetica Neue',Helvetica,Arial,sans-serif;font-size:11px;border:1px solid #e5e7eb;border-radius:8px;overflow:hidden;"><tr><th colspan="2" style="padding:5px 8px;background:#1f6feb;color:#fff;text-align:left;font-size:12px;font-weight:600;">MG-058</th></tr><tr><th style="padding:3px 5px;text-align:left;background:#f3f4f6;border-bottom:1px solid #d1d5db;width:30%;font-size:11px;font-weight:600;color:#1f2937;">ID</th><td style="padding:3px 5px;border-bottom:1px solid #e5e7eb;font-size:11px;color:#111827;">MG-058</td></tr><tr><th style="padding:3px 5px;text-align:left;background:#f3f4f6;border-bottom:1px solid #d1d5db;width:30%;font-size:11px;font-weight:600;color:#1f2937;">Endereço</th><td style="padding:3px 5px;border-bottom:1px solid #e5e7eb;font-size:11px;color:#111827;">Rua Augusto Montenegro, 598</td></tr><tr><th style="padding:3px 5px;text-align:left;background:#f3f4f6;border-bottom:1px solid #d1d5db;width:30%;font-size:11px;font-weight:600;color:#1f2937;">Subprefeitura</th><td style="padding:3px 5px;border-bottom:1px solid #e5e7eb;font-size:11px;color:#111827;">Vila Maria/Vila Guilherme</td></tr><tr><th style="padding:3px 5px;text-align:left;background:#f3f4f6;border-bottom:1px solid #d1d5db;width:30%;font-size:11px;font-weight:600;color:#1f2937;">Volumetria</th><td style="padding:3px 5px;border-bottom:1px solid #e5e7eb;font-size:11px;color:#111827;">Entre 1m³ e 5m³</td></tr></table>]]></description><Point><coordinates>-46.5615500,-23.4871100,0</coordinates></Point></Placemark>
<Style id="s-PV-282">
<LineStyle><color>ffebce87</color><width>2.0</width></LineStyle>
<PolyStyle><color>ffebce87</color></PolyStyle>
<IconStyle><color>ffebce87</color><scale>0.55</scale>
<Icon><href>http://maps.google.com/mapfiles/kml/shapes/placemark_circle.png</href></Icon>
</IconStyle>
<LabelStyle><scale>0.65</scale></LabelStyle>
</Style><Placemark><name>MG-059</name><styleUrl>#s-PV-282</styleUrl><description><![CDATA[<table style="border-collapse:collapse;width:100%;font-family:'Helvetica Neue',Helvetica,Arial,sans-serif;font-size:11px;border:1px solid #e5e7eb;border-radius:8px;overflow:hidden;"><tr><th colspan="2" style="padding:5px 8px;background:#1f6feb;color:#fff;text-align:left;font-size:12px;font-weight:600;">MG-059</th></tr><tr><th style="padding:3px 5px;text-align:left;background:#f3f4f6;border-bottom:1px solid #d1d5db;width:30%;font-size:11px;font-weight:600;color:#1f2937;">ID</th><td style="padding:3px 5px;border-bottom:1px solid #e5e7eb;font-size:11px;color:#111827;">MG-059</td></tr><tr><th style="padding:3px 5px;text-align:left;background:#f3f4f6;border-bottom:1px solid #d1d5db;width:30%;font-size:11px;font-weight:600;color:#1f2937;">Endereço</th><td style="padding:3px 5px;border-bottom:1px solid #e5e7eb;font-size:11px;color:#111827;">Rua Banduira, 39</td></tr><tr><th style="padding:3px 5px;text-align:left;background:#f3f4f6;border-bottom:1px solid #d1d5db;width:30%;font-size:11px;font-weight:600;color:#1f2937;">Subprefeitura</th><td style="padding:3px 5px;border-bottom:1px solid #e5e7eb;font-size:11px;color:#111827;">Vila Maria/Vila Guilherme</td></tr><tr><th style="padding:3px 5px;text-align:left;background:#f3f4f6;border-bottom:1px solid #d1d5db;width:30%;font-size:11px;font-weight:600;color:#1f2937;">Volumetria</th><td style="padding:3px 5px;border-bottom:1px solid #e5e7eb;font-size:11px;color:#111827;">Entre 1m³ e 5m³</td></tr><tr><th style="padding:3px 5px;text-align:left;background:#f3f4f6;border-bottom:1px solid #d1d5db;width:30%;font-size:11px;font-weight:600;color:#1f2937;">Status</th><td style="padding:3px 5px;border-bottom:1px solid #e5e7eb;font-size:11px;color:#111827;">Revitalizado</td></tr><tr><th style="padding:3px 5px;text-align:left;background:#f3f4f6;border-bottom:1px solid #d1d5db;width:30%;font-size:11px;font-weight:600;color:#1f2937;">Data</th><td style="padding:3px 5px;border-bottom:1px solid #e5e7eb;font-size:11px;color:#111827;">46055</td></tr></table>]]></description><Point><coordinates>-46.5617500,-23.5179400,0</coordinates></Point></Placemark>
<Style id="s-PV-283">
<LineStyle><color>ffebce87</color><width>2.0</width></LineStyle>
<PolyStyle><color>ffebce87</color></PolyStyle>
<IconStyle><color>ffebce87</color><scale>0.55</scale>
<Icon><href>http://maps.google.com/mapfiles/kml/shapes/placemark_circle.png</href></Icon>
</IconStyle>
<LabelStyle><scale>0.65</scale></LabelStyle>
</Style><Placemark><name>MG-060</name><styleUrl>#s-PV-283</styleUrl><description><![CDATA[<table style="border-collapse:collapse;width:100%;font-family:'Helvetica Neue',Helvetica,Arial,sans-serif;font-size:11px;border:1px solid #e5e7eb;border-radius:8px;overflow:hidden;"><tr><th colspan="2" style="padding:5px 8px;background:#1f6feb;color:#fff;text-align:left;font-size:12px;font-weight:600;">MG-060</th></tr><tr><th style="padding:3px 5px;text-align:left;background:#f3f4f6;border-bottom:1px solid #d1d5db;width:30%;font-size:11px;font-weight:600;color:#1f2937;">ID</th><td style="padding:3px 5px;border-bottom:1px solid #e5e7eb;font-size:11px;color:#111827;">MG-060</td></tr><tr><th style="padding:3px 5px;text-align:left;background:#f3f4f6;border-bottom:1px solid #d1d5db;width:30%;font-size:11px;font-weight:600;color:#1f2937;">Endereço</th><td style="padding:3px 5px;border-bottom:1px solid #e5e7eb;font-size:11px;color:#111827;">Rua Benedita Dornellas Claro, 451</td></tr><tr><th style="padding:3px 5px;text-align:left;background:#f3f4f6;border-bottom:1px solid #d1d5db;width:30%;font-size:11px;font-weight:600;color:#1f2937;">Subprefeitura</th><td style="padding:3px 5px;border-bottom:1px solid #e5e7eb;font-size:11px;color:#111827;">Vila Maria/Vila Guilherme</td></tr><tr><th style="padding:3px 5px;text-align:left;background:#f3f4f6;border-bottom:1px solid #d1d5db;width:30%;font-size:11px;font-weight:600;color:#1f2937;">Volumetria</th><td style="padding:3px 5px;border-bottom:1px solid #e5e7eb;font-size:11px;color:#111827;">Entre 1m³ e 5m³</td></tr></table>]]></description><Point><coordinates>-46.5765100,-23.5175900,0</coordinates></Point></Placemark>
<Style id="s-PV-284">
<LineStyle><color>ffebce87</color><width>2.0</width></LineStyle>
<PolyStyle><color>ffebce87</color></PolyStyle>
<IconStyle><color>ffebce87</color><scale>0.55</scale>
<Icon><href>http://maps.google.com/mapfiles/kml/shapes/placemark_circle.png</href></Icon>
</IconStyle>
<LabelStyle><scale>0.65</scale></LabelStyle>
</Style><Placemark><name>MG-061</name><styleUrl>#s-PV-284</styleUrl><description><![CDATA[<table style="border-collapse:collapse;width:100%;font-family:'Helvetica Neue',Helvetica,Arial,sans-serif;font-size:11px;border:1px solid #e5e7eb;border-radius:8px;overflow:hidden;"><tr><th colspan="2" style="padding:5px 8px;background:#1f6feb;color:#fff;text-align:left;font-size:12px;font-weight:600;">MG-061</th></tr><tr><th style="padding:3px 5px;text-align:left;background:#f3f4f6;border-bottom:1px solid #d1d5db;width:30%;font-size:11px;font-weight:600;color:#1f2937;">ID</th><td style="padding:3px 5px;border-bottom:1px solid #e5e7eb;font-size:11px;color:#111827;">MG-061</td></tr><tr><th style="padding:3px 5px;text-align:left;background:#f3f4f6;border-bottom:1px solid #d1d5db;width:30%;font-size:11px;font-weight:600;color:#1f2937;">Endereço</th><td style="padding:3px 5px;border-bottom:1px solid #e5e7eb;font-size:11px;color:#111827;">Rua Benfica, 1101</td></tr><tr><th style="padding:3px 5px;text-align:left;background:#f3f4f6;border-bottom:1px solid #d1d5db;width:30%;font-size:11px;font-weight:600;color:#1f2937;">Subprefeitura</th><td style="padding:3px 5px;border-bottom:1px solid #e5e7eb;font-size:11px;color:#111827;">Vila Maria/Vila Guilherme</td></tr><tr><th style="padding:3px 5px;text-align:left;background:#f3f4f6;border-bottom:1px solid #d1d5db;width:30%;font-size:11px;font-weight:600;color:#1f2937;">Volumetria</th><td style="padding:3px 5px;border-bottom:1px solid #e5e7eb;font-size:11px;color:#111827;">Entre 1m³ e 5m³</td></tr></table>]]></description><Point><coordinates>-46.5752700,-23.4767900,0</coordinates></Point></Placemark>
<Style id="s-PV-285">
<LineStyle><color>ffebce87</color><width>2.0</width></LineStyle>
<PolyStyle><color>ffebce87</color></PolyStyle>
<IconStyle><color>ffebce87</color><scale>0.55</scale>
<Icon><href>http://maps.google.com/mapfiles/kml/shapes/placemark_circle.png</href></Icon>
</IconStyle>
<LabelStyle><scale>0.65</scale></LabelStyle>
</Style><Placemark><name>MG-062</name><styleUrl>#s-PV-285</styleUrl><description><![CDATA[<table style="border-collapse:collapse;width:100%;font-family:'Helvetica Neue',Helvetica,Arial,sans-serif;font-size:11px;border:1px solid #e5e7eb;border-radius:8px;overflow:hidden;"><tr><th colspan="2" style="padding:5px 8px;background:#1f6feb;color:#fff;text-align:left;font-size:12px;font-weight:600;">MG-062</th></tr><tr><th style="padding:3px 5px;text-align:left;background:#f3f4f6;border-bottom:1px solid #d1d5db;width:30%;font-size:11px;font-weight:600;color:#1f2937;">ID</th><td style="padding:3px 5px;border-bottom:1px solid #e5e7eb;font-size:11px;color:#111827;">MG-062</td></tr><tr><th style="padding:3px 5px;text-align:left;background:#f3f4f6;border-bottom:1px solid #d1d5db;width:30%;font-size:11px;font-weight:600;color:#1f2937;">Endereço</th><td style="padding:3px 5px;border-bottom:1px solid #e5e7eb;font-size:11px;color:#111827;">Rua Benfica, 593</td></tr><tr><th style="padding:3px 5px;text-align:left;background:#f3f4f6;border-bottom:1px solid #d1d5db;width:30%;font-size:11px;font-weight:600;color:#1f2937;">Subprefeitura</th><td style="padding:3px 5px;border-bottom:1px solid #e5e7eb;font-size:11px;color:#111827;">Vila Maria/Vila Guilherme</td></tr><tr><th style="padding:3px 5px;text-align:left;background:#f3f4f6;border-bottom:1px solid #d1d5db;width:30%;font-size:11px;font-weight:600;color:#1f2937;">Volumetria</th><td style="padding:3px 5px;border-bottom:1px solid #e5e7eb;font-size:11px;color:#111827;">Entre 1m³ e 5m³</td></tr></table>]]></description><Point><coordinates>-46.5730200,-23.4808400,0</coordinates></Point></Placemark>
<Style id="s-PV-286">
<LineStyle><color>ffebce87</color><width>2.0</width></LineStyle>
<PolyStyle><color>ffebce87</color></PolyStyle>
<IconStyle><color>ffebce87</color><scale>0.55</scale>
<Icon><href>http://maps.google.com/mapfiles/kml/shapes/placemark_circle.png</href></Icon>
</IconStyle>
<LabelStyle><scale>0.65</scale></LabelStyle>
</Style><Placemark><name>MG-063</name><styleUrl>#s-PV-286</styleUrl><description><![CDATA[<table style="border-collapse:collapse;width:100%;font-family:'Helvetica Neue',Helvetica,Arial,sans-serif;font-size:11px;border:1px solid #e5e7eb;border-radius:8px;overflow:hidden;"><tr><th colspan="2" style="padding:5px 8px;background:#1f6feb;color:#fff;text-align:left;font-size:12px;font-weight:600;">MG-063</th></tr><tr><th style="padding:3px 5px;text-align:left;background:#f3f4f6;border-bottom:1px solid #d1d5db;width:30%;font-size:11px;font-weight:600;color:#1f2937;">ID</th><td style="padding:3px 5px;border-bottom:1px solid #e5e7eb;font-size:11px;color:#111827;">MG-063</td></tr><tr><th style="padding:3px 5px;text-align:left;background:#f3f4f6;border-bottom:1px solid #d1d5db;width:30%;font-size:11px;font-weight:600;color:#1f2937;">Endereço</th><td style="padding:3px 5px;border-bottom:1px solid #e5e7eb;font-size:11px;color:#111827;">Rua Bentureli, 180</td></tr><tr><th style="padding:3px 5px;text-align:left;background:#f3f4f6;border-bottom:1px solid #d1d5db;width:30%;font-size:11px;font-weight:600;color:#1f2937;">Subprefeitura</th><td style="padding:3px 5px;border-bottom:1px solid #e5e7eb;font-size:11px;color:#111827;">Vila Maria/Vila Guilherme</td></tr><tr><th style="padding:3px 5px;text-align:left;background:#f3f4f6;border-bottom:1px solid #d1d5db;width:30%;font-size:11px;font-weight:600;color:#1f2937;">Volumetria</th><td style="padding:3px 5px;border-bottom:1px solid #e5e7eb;font-size:11px;color:#111827;">Entre 1m³ e 5m³</td></tr></table>]]></description><Point><coordinates>-46.5905100,-23.4926300,0</coordinates></Point></Placemark>
<Style id="s-PV-287">
<LineStyle><color>ffebce87</color><width>2.0</width></LineStyle>
<PolyStyle><color>ffebce87</color></PolyStyle>
<IconStyle><color>ffebce87</color><scale>0.55</scale>
<Icon><href>http://maps.google.com/mapfiles/kml/shapes/placemark_circle.png</href></Icon>
</IconStyle>
<LabelStyle><scale>0.65</scale></LabelStyle>
</Style><Placemark><name>MG-064</name><styleUrl>#s-PV-287</styleUrl><description><![CDATA[<table style="border-collapse:collapse;width:100%;font-family:'Helvetica Neue',Helvetica,Arial,sans-serif;font-size:11px;border:1px solid #e5e7eb;border-radius:8px;overflow:hidden;"><tr><th colspan="2" style="padding:5px 8px;background:#1f6feb;color:#fff;text-align:left;font-size:12px;font-weight:600;">MG-064</th></tr><tr><th style="padding:3px 5px;text-align:left;background:#f3f4f6;border-bottom:1px solid #d1d5db;width:30%;font-size:11px;font-weight:600;color:#1f2937;">ID</th><td style="padding:3px 5px;border-bottom:1px solid #e5e7eb;font-size:11px;color:#111827;">MG-064</td></tr><tr><th style="padding:3px 5px;text-align:left;background:#f3f4f6;border-bottom:1px solid #d1d5db;width:30%;font-size:11px;font-weight:600;color:#1f2937;">Endereço</th><td style="padding:3px 5px;border-bottom:1px solid #e5e7eb;font-size:11px;color:#111827;">Rua Cabo Antonio Pinton, 309</td></tr><tr><th style="padding:3px 5px;text-align:left;background:#f3f4f6;border-bottom:1px solid #d1d5db;width:30%;font-size:11px;font-weight:600;color:#1f2937;">Subprefeitura</th><td style="padding:3px 5px;border-bottom:1px solid #e5e7eb;font-size:11px;color:#111827;">Vila Maria/Vila Guilherme</td></tr><tr><th style="padding:3px 5px;text-align:left;background:#f3f4f6;border-bottom:1px solid #d1d5db;width:30%;font-size:11px;font-weight:600;color:#1f2937;">Volumetria</th><td style="padding:3px 5px;border-bottom:1px solid #e5e7eb;font-size:11px;color:#111827;">Entre 1m³ e 5m³</td></tr></table>]]></description><Point><coordinates>-46.5687800,-23.5126300,0</coordinates></Point></Placemark>
<Style id="s-PV-288">
<LineStyle><color>ffebce87</color><width>2.0</width></LineStyle>
<PolyStyle><color>ffebce87</color></PolyStyle>
<IconStyle><color>ffebce87</color><scale>0.55</scale>
<Icon><href>http://maps.google.com/mapfiles/kml/shapes/placemark_circle.png</href></Icon>
</IconStyle>
<LabelStyle><scale>0.65</scale></LabelStyle>
</Style><Placemark><name>MG-065</name><styleUrl>#s-PV-288</styleUrl><description><![CDATA[<table style="border-collapse:collapse;width:100%;font-family:'Helvetica Neue',Helvetica,Arial,sans-serif;font-size:11px;border:1px solid #e5e7eb;border-radius:8px;overflow:hidden;"><tr><th colspan="2" style="padding:5px 8px;background:#1f6feb;color:#fff;text-align:left;font-size:12px;font-weight:600;">MG-065</th></tr><tr><th style="padding:3px 5px;text-align:left;background:#f3f4f6;border-bottom:1px solid #d1d5db;width:30%;font-size:11px;font-weight:600;color:#1f2937;">ID</th><td style="padding:3px 5px;border-bottom:1px solid #e5e7eb;font-size:11px;color:#111827;">MG-065</td></tr><tr><th style="padding:3px 5px;text-align:left;background:#f3f4f6;border-bottom:1px solid #d1d5db;width:30%;font-size:11px;font-weight:600;color:#1f2937;">Endereço</th><td style="padding:3px 5px;border-bottom:1px solid #e5e7eb;font-size:11px;color:#111827;">Rua Cachoeira do Arari, 335</td></tr><tr><th style="padding:3px 5px;text-align:left;background:#f3f4f6;border-bottom:1px solid #d1d5db;width:30%;font-size:11px;font-weight:600;color:#1f2937;">Subprefeitura</th><td style="padding:3px 5px;border-bottom:1px solid #e5e7eb;font-size:11px;color:#111827;">Vila Maria/Vila Guilherme</td></tr><tr><th style="padding:3px 5px;text-align:left;background:#f3f4f6;border-bottom:1px solid #d1d5db;width:30%;font-size:11px;font-weight:600;color:#1f2937;">Volumetria</th><td style="padding:3px 5px;border-bottom:1px solid #e5e7eb;font-size:11px;color:#111827;">Entre 1m³ e 5m³</td></tr></table>]]></description><Point><coordinates>-46.5959000,-23.5032500,0</coordinates></Point></Placemark>
<Style id="s-PV-289">
<LineStyle><color>ffebce87</color><width>2.0</width></LineStyle>
<PolyStyle><color>ffebce87</color></PolyStyle>
<IconStyle><color>ffebce87</color><scale>0.55</scale>
<Icon><href>http://maps.google.com/mapfiles/kml/shapes/placemark_circle.png</href></Icon>
</IconStyle>
<LabelStyle><scale>0.65</scale></LabelStyle>
</Style><Placemark><name>MG-066</name><styleUrl>#s-PV-289</styleUrl><description><![CDATA[<table style="border-collapse:collapse;width:100%;font-family:'Helvetica Neue',Helvetica,Arial,sans-serif;font-size:11px;border:1px solid #e5e7eb;border-radius:8px;overflow:hidden;"><tr><th colspan="2" style="padding:5px 8px;background:#1f6feb;color:#fff;text-align:left;font-size:12px;font-weight:600;">MG-066</th></tr><tr><th style="padding:3px 5px;text-align:left;background:#f3f4f6;border-bottom:1px solid #d1d5db;width:30%;font-size:11px;font-weight:600;color:#1f2937;">ID</th><td style="padding:3px 5px;border-bottom:1px solid #e5e7eb;font-size:11px;color:#111827;">MG-066</td></tr><tr><th style="padding:3px 5px;text-align:left;background:#f3f4f6;border-bottom:1px solid #d1d5db;width:30%;font-size:11px;font-weight:600;color:#1f2937;">Endereço</th><td style="padding:3px 5px;border-bottom:1px solid #e5e7eb;font-size:11px;color:#111827;">Rua Cachoeira do Arari, 496</td></tr><tr><th style="padding:3px 5px;text-align:left;background:#f3f4f6;border-bottom:1px solid #d1d5db;width:30%;font-size:11px;font-weight:600;color:#1f2937;">Subprefeitura</th><td style="padding:3px 5px;border-bottom:1px solid #e5e7eb;font-size:11px;color:#111827;">Vila Maria/Vila Guilherme</td></tr><tr><th style="padding:3px 5px;text-align:left;background:#f3f4f6;border-bottom:1px solid #d1d5db;width:30%;font-size:11px;font-weight:600;color:#1f2937;">Volumetria</th><td style="padding:3px 5px;border-bottom:1px solid #e5e7eb;font-size:11px;color:#111827;">Entre 1m³ e 5m³</td></tr></table>]]></description><Point><coordinates>-46.5955100,-23.5018100,0</coordinates></Point></Placemark>
<Style id="s-PV-290">
<LineStyle><color>ffebce87</color><width>2.0</width></LineStyle>
<PolyStyle><color>ffebce87</color></PolyStyle>
<IconStyle><color>ffebce87</color><scale>0.55</scale>
<Icon><href>http://maps.google.com/mapfiles/kml/shapes/placemark_circle.png</href></Icon>
</IconStyle>
<LabelStyle><scale>0.65</scale></LabelStyle>
</Style><Placemark><name>MG-067</name><styleUrl>#s-PV-290</styleUrl><description><![CDATA[<table style="border-collapse:collapse;width:100%;font-family:'Helvetica Neue',Helvetica,Arial,sans-serif;font-size:11px;border:1px solid #e5e7eb;border-radius:8px;overflow:hidden;"><tr><th colspan="2" style="padding:5px 8px;background:#1f6feb;color:#fff;text-align:left;font-size:12px;font-weight:600;">MG-067</th></tr><tr><th style="padding:3px 5px;text-align:left;background:#f3f4f6;border-bottom:1px solid #d1d5db;width:30%;font-size:11px;font-weight:600;color:#1f2937;">ID</th><td style="padding:3px 5px;border-bottom:1px solid #e5e7eb;font-size:11px;color:#111827;">MG-067</td></tr><tr><th style="padding:3px 5px;text-align:left;background:#f3f4f6;border-bottom:1px solid #d1d5db;width:30%;font-size:11px;font-weight:600;color:#1f2937;">Endereço</th><td style="padding:3px 5px;border-bottom:1px solid #e5e7eb;font-size:11px;color:#111827;">Rua Cachoeira do Arari, 567</td></tr><tr><th style="padding:3px 5px;text-align:left;background:#f3f4f6;border-bottom:1px solid #d1d5db;width:30%;font-size:11px;font-weight:600;color:#1f2937;">Subprefeitura</th><td style="padding:3px 5px;border-bottom:1px solid #e5e7eb;font-size:11px;color:#111827;">Vila Maria/Vila Guilherme</td></tr><tr><th style="padding:3px 5px;text-align:left;background:#f3f4f6;border-bottom:1px solid #d1d5db;width:30%;font-size:11px;font-weight:600;color:#1f2937;">Volumetria</th><td style="padding:3px 5px;border-bottom:1px solid #e5e7eb;font-size:11px;color:#111827;">Entre 1m³ e 5m³</td></tr></table>]]></description><Point><coordinates>-46.5954900,-23.5011700,0</coordinates></Point></Placemark>
<Style id="s-PV-291">
<LineStyle><color>ffebce87</color><width>2.0</width></LineStyle>
<PolyStyle><color>ffebce87</color></PolyStyle>
<IconStyle><color>ffebce87</color><scale>0.55</scale>
<Icon><href>http://maps.google.com/mapfiles/kml/shapes/placemark_circle.png</href></Icon>
</IconStyle>
<LabelStyle><scale>0.65</scale></LabelStyle>
</Style><Placemark><name>MG-068</name><styleUrl>#s-PV-291</styleUrl><description><![CDATA[<table style="border-collapse:collapse;width:100%;font-family:'Helvetica Neue',Helvetica,Arial,sans-serif;font-size:11px;border:1px solid #e5e7eb;border-radius:8px;overflow:hidden;"><tr><th colspan="2" style="padding:5px 8px;background:#1f6feb;color:#fff;text-align:left;font-size:12px;font-weight:600;">MG-068</th></tr><tr><th style="padding:3px 5px;text-align:left;background:#f3f4f6;border-bottom:1px solid #d1d5db;width:30%;font-size:11px;font-weight:600;color:#1f2937;">ID</th><td style="padding:3px 5px;border-bottom:1px solid #e5e7eb;font-size:11px;color:#111827;">MG-068</td></tr><tr><th style="padding:3px 5px;text-align:left;background:#f3f4f6;border-bottom:1px solid #d1d5db;width:30%;font-size:11px;font-weight:600;color:#1f2937;">Endereço</th><td style="padding:3px 5px;border-bottom:1px solid #e5e7eb;font-size:11px;color:#111827;">Rua Canhoneira Belmonte, 110</td></tr><tr><th style="padding:3px 5px;text-align:left;background:#f3f4f6;border-bottom:1px solid #d1d5db;width:30%;font-size:11px;font-weight:600;color:#1f2937;">Subprefeitura</th><td style="padding:3px 5px;border-bottom:1px solid #e5e7eb;font-size:11px;color:#111827;">Vila Maria/Vila Guilherme</td></tr><tr><th style="padding:3px 5px;text-align:left;background:#f3f4f6;border-bottom:1px solid #d1d5db;width:30%;font-size:11px;font-weight:600;color:#1f2937;">Volumetria</th><td style="padding:3px 5px;border-bottom:1px solid #e5e7eb;font-size:11px;color:#111827;">Entre 1m³ e 5m³</td></tr></table>]]></description><Point><coordinates>-46.5961500,-23.5158900,0</coordinates></Point></Placemark>
<Style id="s-PV-292">
<LineStyle><color>ffebce87</color><width>2.0</width></LineStyle>
<PolyStyle><color>ffebce87</color></PolyStyle>
<IconStyle><color>ffebce87</color><scale>0.55</scale>
<Icon><href>http://maps.google.com/mapfiles/kml/shapes/placemark_circle.png</href></Icon>
</IconStyle>
<LabelStyle><scale>0.65</scale></LabelStyle>
</Style><Placemark><name>MG-069</name><styleUrl>#s-PV-292</styleUrl><description><![CDATA[<table style="border-collapse:collapse;width:100%;font-family:'Helvetica Neue',Helvetica,Arial,sans-serif;font-size:11px;border:1px solid #e5e7eb;border-radius:8px;overflow:hidden;"><tr><th colspan="2" style="padding:5px 8px;background:#1f6feb;color:#fff;text-align:left;font-size:12px;font-weight:600;">MG-069</th></tr><tr><th style="padding:3px 5px;text-align:left;background:#f3f4f6;border-bottom:1px solid #d1d5db;width:30%;font-size:11px;font-weight:600;color:#1f2937;">ID</th><td style="padding:3px 5px;border-bottom:1px solid #e5e7eb;font-size:11px;color:#111827;">MG-069</td></tr><tr><th style="padding:3px 5px;text-align:left;background:#f3f4f6;border-bottom:1px solid #d1d5db;width:30%;font-size:11px;font-weight:600;color:#1f2937;">Endereço</th><td style="padding:3px 5px;border-bottom:1px solid #e5e7eb;font-size:11px;color:#111827;">Rua Canhoneira Belmonte, 20</td></tr><tr><th style="padding:3px 5px;text-align:left;background:#f3f4f6;border-bottom:1px solid #d1d5db;width:30%;font-size:11px;font-weight:600;color:#1f2937;">Subprefeitura</th><td style="padding:3px 5px;border-bottom:1px solid #e5e7eb;font-size:11px;color:#111827;">Vila Maria/Vila Guilherme</td></tr><tr><th style="padding:3px 5px;text-align:left;background:#f3f4f6;border-bottom:1px solid #d1d5db;width:30%;font-size:11px;font-weight:600;color:#1f2937;">Volumetria</th><td style="padding:3px 5px;border-bottom:1px solid #e5e7eb;font-size:11px;color:#111827;">Entre 1m³ e 5m³</td></tr></table>]]></description><Point><coordinates>-46.5963900,-23.5161800,0</coordinates></Point></Placemark>
<Style id="s-PV-293">
<LineStyle><color>ffebce87</color><width>2.0</width></LineStyle>
<PolyStyle><color>ffebce87</color></PolyStyle>
<IconStyle><color>ffebce87</color><scale>0.55</scale>
<Icon><href>http://maps.google.com/mapfiles/kml/shapes/placemark_circle.png</href></Icon>
</IconStyle>
<LabelStyle><scale>0.65</scale></LabelStyle>
</Style><Placemark><name>MG-070</name><styleUrl>#s-PV-293</styleUrl><description><![CDATA[<table style="border-collapse:collapse;width:100%;font-family:'Helvetica Neue',Helvetica,Arial,sans-serif;font-size:11px;border:1px solid #e5e7eb;border-radius:8px;overflow:hidden;"><tr><th colspan="2" style="padding:5px 8px;background:#1f6feb;color:#fff;text-align:left;font-size:12px;font-weight:600;">MG-070</th></tr><tr><th style="padding:3px 5px;text-align:left;background:#f3f4f6;border-bottom:1px solid #d1d5db;width:30%;font-size:11px;font-weight:600;color:#1f2937;">ID</th><td style="padding:3px 5px;border-bottom:1px solid #e5e7eb;font-size:11px;color:#111827;">MG-070</td></tr><tr><th style="padding:3px 5px;text-align:left;background:#f3f4f6;border-bottom:1px solid #d1d5db;width:30%;font-size:11px;font-weight:600;color:#1f2937;">Endereço</th><td style="padding:3px 5px;border-bottom:1px solid #e5e7eb;font-size:11px;color:#111827;">Rua Carlos dos Santos, 516</td></tr><tr><th style="padding:3px 5px;text-align:left;background:#f3f4f6;border-bottom:1px solid #d1d5db;width:30%;font-size:11px;font-weight:600;color:#1f2937;">Subprefeitura</th><td style="padding:3px 5px;border-bottom:1px solid #e5e7eb;font-size:11px;color:#111827;">Vila Maria/Vila Guilherme</td></tr><tr><th style="padding:3px 5px;text-align:left;background:#f3f4f6;border-bottom:1px solid #d1d5db;width:30%;font-size:11px;font-weight:600;color:#1f2937;">Volumetria</th><td style="padding:3px 5px;border-bottom:1px solid #e5e7eb;font-size:11px;color:#111827;">Entre 1m³ e 5m³</td></tr></table>]]></description><Point><coordinates>-46.5755300,-23.4809700,0</coordinates></Point></Placemark>
<Style id="s-PV-294">
<LineStyle><color>ffebce87</color><width>2.0</width></LineStyle>
<PolyStyle><color>ffebce87</color></PolyStyle>
<IconStyle><color>ffebce87</color><scale>0.55</scale>
<Icon><href>http://maps.google.com/mapfiles/kml/shapes/placemark_circle.png</href></Icon>
</IconStyle>
<LabelStyle><scale>0.65</scale></LabelStyle>
</Style><Placemark><name>MG-071</name><styleUrl>#s-PV-294</styleUrl><description><![CDATA[<table style="border-collapse:collapse;width:100%;font-family:'Helvetica Neue',Helvetica,Arial,sans-serif;font-size:11px;border:1px solid #e5e7eb;border-radius:8px;overflow:hidden;"><tr><th colspan="2" style="padding:5px 8px;background:#1f6feb;color:#fff;text-align:left;font-size:12px;font-weight:600;">MG-071</th></tr><tr><th style="padding:3px 5px;text-align:left;background:#f3f4f6;border-bottom:1px solid #d1d5db;width:30%;font-size:11px;font-weight:600;color:#1f2937;">ID</th><td style="padding:3px 5px;border-bottom:1px solid #e5e7eb;font-size:11px;color:#111827;">MG-071</td></tr><tr><th style="padding:3px 5px;text-align:left;background:#f3f4f6;border-bottom:1px solid #d1d5db;width:30%;font-size:11px;font-weight:600;color:#1f2937;">Endereço</th><td style="padding:3px 5px;border-bottom:1px solid #e5e7eb;font-size:11px;color:#111827;">Rua Carlos José Michelon, 1122</td></tr><tr><th style="padding:3px 5px;text-align:left;background:#f3f4f6;border-bottom:1px solid #d1d5db;width:30%;font-size:11px;font-weight:600;color:#1f2937;">Subprefeitura</th><td style="padding:3px 5px;border-bottom:1px solid #e5e7eb;font-size:11px;color:#111827;">Vila Maria/Vila Guilherme</td></tr><tr><th style="padding:3px 5px;text-align:left;background:#f3f4f6;border-bottom:1px solid #d1d5db;width:30%;font-size:11px;font-weight:600;color:#1f2937;">Volumetria</th><td style="padding:3px 5px;border-bottom:1px solid #e5e7eb;font-size:11px;color:#111827;">Entre 1m³ e 5m³</td></tr></table>]]></description><Point><coordinates>-46.5861600,-23.5251200,0</coordinates></Point></Placemark>
<Style id="s-PV-295">
<LineStyle><color>ffebce87</color><width>2.0</width></LineStyle>
<PolyStyle><color>ffebce87</color></PolyStyle>
<IconStyle><color>ffebce87</color><scale>0.55</scale>
<Icon><href>http://maps.google.com/mapfiles/kml/shapes/placemark_circle.png</href></Icon>
</IconStyle>
<LabelStyle><scale>0.65</scale></LabelStyle>
</Style><Placemark><name>MG-072</name><styleUrl>#s-PV-295</styleUrl><description><![CDATA[<table style="border-collapse:collapse;width:100%;font-family:'Helvetica Neue',Helvetica,Arial,sans-serif;font-size:11px;border:1px solid #e5e7eb;border-radius:8px;overflow:hidden;"><tr><th colspan="2" style="padding:5px 8px;background:#1f6feb;color:#fff;text-align:left;font-size:12px;font-weight:600;">MG-072</th></tr><tr><th style="padding:3px 5px;text-align:left;background:#f3f4f6;border-bottom:1px solid #d1d5db;width:30%;font-size:11px;font-weight:600;color:#1f2937;">ID</th><td style="padding:3px 5px;border-bottom:1px solid #e5e7eb;font-size:11px;color:#111827;">MG-072</td></tr><tr><th style="padding:3px 5px;text-align:left;background:#f3f4f6;border-bottom:1px solid #d1d5db;width:30%;font-size:11px;font-weight:600;color:#1f2937;">Endereço</th><td style="padding:3px 5px;border-bottom:1px solid #e5e7eb;font-size:11px;color:#111827;">Rua Cassio de Almeida, 480</td></tr><tr><th style="padding:3px 5px;text-align:left;background:#f3f4f6;border-bottom:1px solid #d1d5db;width:30%;font-size:11px;font-weight:600;color:#1f2937;">Subprefeitura</th><td style="padding:3px 5px;border-bottom:1px solid #e5e7eb;font-size:11px;color:#111827;">Vila Maria/Vila Guilherme</td></tr><tr><th style="padding:3px 5px;text-align:left;background:#f3f4f6;border-bottom:1px solid #d1d5db;width:30%;font-size:11px;font-weight:600;color:#1f2937;">Volumetria</th><td style="padding:3px 5px;border-bottom:1px solid #e5e7eb;font-size:11px;color:#111827;">Entre 1m³ e 5m³</td></tr></table>]]></description><Point><coordinates>-46.5965500,-23.5090300,0</coordinates></Point></Placemark>
<Style id="s-PV-296">
<LineStyle><color>ffebce87</color><width>2.0</width></LineStyle>
<PolyStyle><color>ffebce87</color></PolyStyle>
<IconStyle><color>ffebce87</color><scale>0.55</scale>
<Icon><href>http://maps.google.com/mapfiles/kml/shapes/placemark_circle.png</href></Icon>
</IconStyle>
<LabelStyle><scale>0.65</scale></LabelStyle>
</Style><Placemark><name>MG-073</name><styleUrl>#s-PV-296</styleUrl><description><![CDATA[<table style="border-collapse:collapse;width:100%;font-family:'Helvetica Neue',Helvetica,Arial,sans-serif;font-size:11px;border:1px solid #e5e7eb;border-radius:8px;overflow:hidden;"><tr><th colspan="2" style="padding:5px 8px;background:#1f6feb;color:#fff;text-align:left;font-size:12px;font-weight:600;">MG-073</th></tr><tr><th style="padding:3px 5px;text-align:left;background:#f3f4f6;border-bottom:1px solid #d1d5db;width:30%;font-size:11px;font-weight:600;color:#1f2937;">ID</th><td style="padding:3px 5px;border-bottom:1px solid #e5e7eb;font-size:11px;color:#111827;">MG-073</td></tr><tr><th style="padding:3px 5px;text-align:left;background:#f3f4f6;border-bottom:1px solid #d1d5db;width:30%;font-size:11px;font-weight:600;color:#1f2937;">Endereço</th><td style="padding:3px 5px;border-bottom:1px solid #e5e7eb;font-size:11px;color:#111827;">Rua Cavalgada, 924A</td></tr><tr><th style="padding:3px 5px;text-align:left;background:#f3f4f6;border-bottom:1px solid #d1d5db;width:30%;font-size:11px;font-weight:600;color:#1f2937;">Subprefeitura</th><td style="padding:3px 5px;border-bottom:1px solid #e5e7eb;font-size:11px;color:#111827;">Vila Maria/Vila Guilherme</td></tr><tr><th style="padding:3px 5px;text-align:left;background:#f3f4f6;border-bottom:1px solid #d1d5db;width:30%;font-size:11px;font-weight:600;color:#1f2937;">Volumetria</th><td style="padding:3px 5px;border-bottom:1px solid #e5e7eb;font-size:11px;color:#111827;">Entre 1m³ e 5m³</td></tr></table>]]></description><Point><coordinates>-46.5651000,-23.4852800,0</coordinates></Point></Placemark>
<Style id="s-PV-297">
<LineStyle><color>ffebce87</color><width>2.0</width></LineStyle>
<PolyStyle><color>ffebce87</color></PolyStyle>
<IconStyle><color>ffebce87</color><scale>0.55</scale>
<Icon><href>http://maps.google.com/mapfiles/kml/shapes/placemark_circle.png</href></Icon>
</IconStyle>
<LabelStyle><scale>0.65</scale></LabelStyle>
</Style><Placemark><name>MG-074</name><styleUrl>#s-PV-297</styleUrl><description><![CDATA[<table style="border-collapse:collapse;width:100%;font-family:'Helvetica Neue',Helvetica,Arial,sans-serif;font-size:11px;border:1px solid #e5e7eb;border-radius:8px;overflow:hidden;"><tr><th colspan="2" style="padding:5px 8px;background:#1f6feb;color:#fff;text-align:left;font-size:12px;font-weight:600;">MG-074</th></tr><tr><th style="padding:3px 5px;text-align:left;background:#f3f4f6;border-bottom:1px solid #d1d5db;width:30%;font-size:11px;font-weight:600;color:#1f2937;">ID</th><td style="padding:3px 5px;border-bottom:1px solid #e5e7eb;font-size:11px;color:#111827;">MG-074</td></tr><tr><th style="padding:3px 5px;text-align:left;background:#f3f4f6;border-bottom:1px solid #d1d5db;width:30%;font-size:11px;font-weight:600;color:#1f2937;">Endereço</th><td style="padding:3px 5px;border-bottom:1px solid #e5e7eb;font-size:11px;color:#111827;">Avenida das Cerejeiras, 928</td></tr><tr><th style="padding:3px 5px;text-align:left;background:#f3f4f6;border-bottom:1px solid #d1d5db;width:30%;font-size:11px;font-weight:600;color:#1f2937;">Subprefeitura</th><td style="padding:3px 5px;border-bottom:1px solid #e5e7eb;font-size:11px;color:#111827;">Vila Maria/Vila Guilherme</td></tr><tr><th style="padding:3px 5px;text-align:left;background:#f3f4f6;border-bottom:1px solid #d1d5db;width:30%;font-size:11px;font-weight:600;color:#1f2937;">Volumetria</th><td style="padding:3px 5px;border-bottom:1px solid #e5e7eb;font-size:11px;color:#111827;">Entre 1m³ e 5m³</td></tr></table>]]></description><Point><coordinates>-46.5796700,-23.5081000,0</coordinates></Point></Placemark>
<Style id="s-PV-298">
<LineStyle><color>ffebce87</color><width>2.0</width></LineStyle>
<PolyStyle><color>ffebce87</color></PolyStyle>
<IconStyle><color>ffebce87</color><scale>0.55</scale>
<Icon><href>http://maps.google.com/mapfiles/kml/shapes/placemark_circle.png</href></Icon>
</IconStyle>
<LabelStyle><scale>0.65</scale></LabelStyle>
</Style><Placemark><name>MG-075</name><styleUrl>#s-PV-298</styleUrl><description><![CDATA[<table style="border-collapse:collapse;width:100%;font-family:'Helvetica Neue',Helvetica,Arial,sans-serif;font-size:11px;border:1px solid #e5e7eb;border-radius:8px;overflow:hidden;"><tr><th colspan="2" style="padding:5px 8px;background:#1f6feb;color:#fff;text-align:left;font-size:12px;font-weight:600;">MG-075</th></tr><tr><th style="padding:3px 5px;text-align:left;background:#f3f4f6;border-bottom:1px solid #d1d5db;width:30%;font-size:11px;font-weight:600;color:#1f2937;">ID</th><td style="padding:3px 5px;border-bottom:1px solid #e5e7eb;font-size:11px;color:#111827;">MG-075</td></tr><tr><th style="padding:3px 5px;text-align:left;background:#f3f4f6;border-bottom:1px solid #d1d5db;width:30%;font-size:11px;font-weight:600;color:#1f2937;">Endereço</th><td style="padding:3px 5px;border-bottom:1px solid #e5e7eb;font-size:11px;color:#111827;">Rua Chico Pontes, 529</td></tr><tr><th style="padding:3px 5px;text-align:left;background:#f3f4f6;border-bottom:1px solid #d1d5db;width:30%;font-size:11px;font-weight:600;color:#1f2937;">Subprefeitura</th><td style="padding:3px 5px;border-bottom:1px solid #e5e7eb;font-size:11px;color:#111827;">Vila Maria/Vila Guilherme</td></tr><tr><th style="padding:3px 5px;text-align:left;background:#f3f4f6;border-bottom:1px solid #d1d5db;width:30%;font-size:11px;font-weight:600;color:#1f2937;">Volumetria</th><td style="padding:3px 5px;border-bottom:1px solid #e5e7eb;font-size:11px;color:#111827;">Entre 1m³ e 5m³</td></tr><tr><th style="padding:3px 5px;text-align:left;background:#f3f4f6;border-bottom:1px solid #d1d5db;width:30%;font-size:11px;font-weight:600;color:#1f2937;">Status</th><td style="padding:3px 5px;border-bottom:1px solid #e5e7eb;font-size:11px;color:#111827;">Revitalizado</td></tr><tr><th style="padding:3px 5px;text-align:left;background:#f3f4f6;border-bottom:1px solid #d1d5db;width:30%;font-size:11px;font-weight:600;color:#1f2937;">Data</th><td style="padding:3px 5px;border-bottom:1px solid #e5e7eb;font-size:11px;color:#111827;">46067</td></tr></table>]]></description><Point><coordinates>-46.6067900,-23.5056400,0</coordinates></Point></Placemark>
<Style id="s-PV-299">
<LineStyle><color>ffebce87</color><width>2.0</width></LineStyle>
<PolyStyle><color>ffebce87</color></PolyStyle>
<IconStyle><color>ffebce87</color><scale>0.55</scale>
<Icon><href>http://maps.google.com/mapfiles/kml/shapes/placemark_circle.png</href></Icon>
</IconStyle>
<LabelStyle><scale>0.65</scale></LabelStyle>
</Style><Placemark><name>MG-076</name><styleUrl>#s-PV-299</styleUrl><description><![CDATA[<table style="border-collapse:collapse;width:100%;font-family:'Helvetica Neue',Helvetica,Arial,sans-serif;font-size:11px;border:1px solid #e5e7eb;border-radius:8px;overflow:hidden;"><tr><th colspan="2" style="padding:5px 8px;background:#1f6feb;color:#fff;text-align:left;font-size:12px;font-weight:600;">MG-076</th></tr><tr><th style="padding:3px 5px;text-align:left;background:#f3f4f6;border-bottom:1px solid #d1d5db;width:30%;font-size:11px;font-weight:600;color:#1f2937;">ID</th><td style="padding:3px 5px;border-bottom:1px solid #e5e7eb;font-size:11px;color:#111827;">MG-076</td></tr><tr><th style="padding:3px 5px;text-align:left;background:#f3f4f6;border-bottom:1px solid #d1d5db;width:30%;font-size:11px;font-weight:600;color:#1f2937;">Endereço</th><td style="padding:3px 5px;border-bottom:1px solid #e5e7eb;font-size:11px;color:#111827;">Rua Ciro Soares de Almeida, 104</td></tr><tr><th style="padding:3px 5px;text-align:left;background:#f3f4f6;border-bottom:1px solid #d1d5db;width:30%;font-size:11px;font-weight:600;color:#1f2937;">Subprefeitura</th><td style="padding:3px 5px;border-bottom:1px solid #e5e7eb;font-size:11px;color:#111827;">Vila Maria/Vila Guilherme</td></tr><tr><th style="padding:3px 5px;text-align:left;background:#f3f4f6;border-bottom:1px solid #d1d5db;width:30%;font-size:11px;font-weight:600;color:#1f2937;">Volumetria</th><td style="padding:3px 5px;border-bottom:1px solid #e5e7eb;font-size:11px;color:#111827;">Entre 1m³ e 5m³</td></tr></table>]]></description><Point><coordinates>-46.5749000,-23.5118800,0</coordinates></Point></Placemark>
<Style id="s-PV-300">
<LineStyle><color>ffebce87</color><width>2.0</width></LineStyle>
<PolyStyle><color>ffebce87</color></PolyStyle>
<IconStyle><color>ffebce87</color><scale>0.55</scale>
<Icon><href>http://maps.google.com/mapfiles/kml/shapes/placemark_circle.png</href></Icon>
</IconStyle>
<LabelStyle><scale>0.65</scale></LabelStyle>
</Style><Placemark><name>MG-077</name><styleUrl>#s-PV-300</styleUrl><description><![CDATA[<table style="border-collapse:collapse;width:100%;font-family:'Helvetica Neue',Helvetica,Arial,sans-serif;font-size:11px;border:1px solid #e5e7eb;border-radius:8px;overflow:hidden;"><tr><th colspan="2" style="padding:5px 8px;background:#1f6feb;color:#fff;text-align:left;font-size:12px;font-weight:600;">MG-077</th></tr><tr><th style="padding:3px 5px;text-align:left;background:#f3f4f6;border-bottom:1px solid #d1d5db;width:30%;font-size:11px;font-weight:600;color:#1f2937;">ID</th><td style="padding:3px 5px;border-bottom:1px solid #e5e7eb;font-size:11px;color:#111827;">MG-077</td></tr><tr><th style="padding:3px 5px;text-align:left;background:#f3f4f6;border-bottom:1px solid #d1d5db;width:30%;font-size:11px;font-weight:600;color:#1f2937;">Endereço</th><td style="padding:3px 5px;border-bottom:1px solid #e5e7eb;font-size:11px;color:#111827;">Rua Combate da Lagoa Branca X Rua Jota Carlos</td></tr><tr><th style="padding:3px 5px;text-align:left;background:#f3f4f6;border-bottom:1px solid #d1d5db;width:30%;font-size:11px;font-weight:600;color:#1f2937;">Subprefeitura</th><td style="padding:3px 5px;border-bottom:1px solid #e5e7eb;font-size:11px;color:#111827;">Vila Maria/Vila Guilherme</td></tr><tr><th style="padding:3px 5px;text-align:left;background:#f3f4f6;border-bottom:1px solid #d1d5db;width:30%;font-size:11px;font-weight:600;color:#1f2937;">Volumetria</th><td style="padding:3px 5px;border-bottom:1px solid #e5e7eb;font-size:11px;color:#111827;">Entre 1m³ e 5m³</td></tr><tr><th style="padding:3px 5px;text-align:left;background:#f3f4f6;border-bottom:1px solid #d1d5db;width:30%;font-size:11px;font-weight:600;color:#1f2937;">Status</th><td style="padding:3px 5px;border-bottom:1px solid #e5e7eb;font-size:11px;color:#111827;">Revitalizado</td></tr><tr><th style="padding:3px 5px;text-align:left;background:#f3f4f6;border-bottom:1px solid #d1d5db;width:30%;font-size:11px;font-weight:600;color:#1f2937;">Data</th><td style="padding:3px 5px;border-bottom:1px solid #e5e7eb;font-size:11px;color:#111827;">46046</td></tr></table>]]></description><Point><coordinates>-46.5727500,-23.4867500,0</coordinates></Point></Placemark>
<Style id="s-PV-301">
<LineStyle><color>ffebce87</color><width>2.0</width></LineStyle>
<PolyStyle><color>ffebce87</color></PolyStyle>
<IconStyle><color>ffebce87</color><scale>0.55</scale>
<Icon><href>http://maps.google.com/mapfiles/kml/shapes/placemark_circle.png</href></Icon>
</IconStyle>
<LabelStyle><scale>0.65</scale></LabelStyle>
</Style><Placemark><name>MG-078</name><styleUrl>#s-PV-301</styleUrl><description><![CDATA[<table style="border-collapse:collapse;width:100%;font-family:'Helvetica Neue',Helvetica,Arial,sans-serif;font-size:11px;border:1px solid #e5e7eb;border-radius:8px;overflow:hidden;"><tr><th colspan="2" style="padding:5px 8px;background:#1f6feb;color:#fff;text-align:left;font-size:12px;font-weight:600;">MG-078</th></tr><tr><th style="padding:3px 5px;text-align:left;background:#f3f4f6;border-bottom:1px solid #d1d5db;width:30%;font-size:11px;font-weight:600;color:#1f2937;">ID</th><td style="padding:3px 5px;border-bottom:1px solid #e5e7eb;font-size:11px;color:#111827;">MG-078</td></tr><tr><th style="padding:3px 5px;text-align:left;background:#f3f4f6;border-bottom:1px solid #d1d5db;width:30%;font-size:11px;font-weight:600;color:#1f2937;">Endereço</th><td style="padding:3px 5px;border-bottom:1px solid #e5e7eb;font-size:11px;color:#111827;">Rua Capitão Luis Ramos X Rua Coronel Marques Ribeiro</td></tr><tr><th style="padding:3px 5px;text-align:left;background:#f3f4f6;border-bottom:1px solid #d1d5db;width:30%;font-size:11px;font-weight:600;color:#1f2937;">Subprefeitura</th><td style="padding:3px 5px;border-bottom:1px solid #e5e7eb;font-size:11px;color:#111827;">Vila Maria/Vila Guilherme</td></tr><tr><th style="padding:3px 5px;text-align:left;background:#f3f4f6;border-bottom:1px solid #d1d5db;width:30%;font-size:11px;font-weight:600;color:#1f2937;">Volumetria</th><td style="padding:3px 5px;border-bottom:1px solid #e5e7eb;font-size:11px;color:#111827;">Entre 1m³ e 5m³</td></tr></table>]]></description><Point><coordinates>-46.6090700,-23.5097300,0</coordinates></Point></Placemark>
<Style id="s-PV-302">
<LineStyle><color>ffebce87</color><width>2.0</width></LineStyle>
<PolyStyle><color>ffebce87</color></PolyStyle>
<IconStyle><color>ffebce87</color><scale>0.55</scale>
<Icon><href>http://maps.google.com/mapfiles/kml/shapes/placemark_circle.png</href></Icon>
</IconStyle>
<LabelStyle><scale>0.65</scale></LabelStyle>
</Style><Placemark><name>MG-079</name><styleUrl>#s-PV-302</styleUrl><description><![CDATA[<table style="border-collapse:collapse;width:100%;font-family:'Helvetica Neue',Helvetica,Arial,sans-serif;font-size:11px;border:1px solid #e5e7eb;border-radius:8px;overflow:hidden;"><tr><th colspan="2" style="padding:5px 8px;background:#1f6feb;color:#fff;text-align:left;font-size:12px;font-weight:600;">MG-079</th></tr><tr><th style="padding:3px 5px;text-align:left;background:#f3f4f6;border-bottom:1px solid #d1d5db;width:30%;font-size:11px;font-weight:600;color:#1f2937;">ID</th><td style="padding:3px 5px;border-bottom:1px solid #e5e7eb;font-size:11px;color:#111827;">MG-079</td></tr><tr><th style="padding:3px 5px;text-align:left;background:#f3f4f6;border-bottom:1px solid #d1d5db;width:30%;font-size:11px;font-weight:600;color:#1f2937;">Endereço</th><td style="padding:3px 5px;border-bottom:1px solid #e5e7eb;font-size:11px;color:#111827;">Rua Crisciuma, 1248</td></tr><tr><th style="padding:3px 5px;text-align:left;background:#f3f4f6;border-bottom:1px solid #d1d5db;width:30%;font-size:11px;font-weight:600;color:#1f2937;">Subprefeitura</th><td style="padding:3px 5px;border-bottom:1px solid #e5e7eb;font-size:11px;color:#111827;">Vila Maria/Vila Guilherme</td></tr><tr><th style="padding:3px 5px;text-align:left;background:#f3f4f6;border-bottom:1px solid #d1d5db;width:30%;font-size:11px;font-weight:600;color:#1f2937;">Volumetria</th><td style="padding:3px 5px;border-bottom:1px solid #e5e7eb;font-size:11px;color:#111827;">Entre 1m³ e 5m³</td></tr></table>]]></description><Point><coordinates>-46.5760700,-23.4813800,0</coordinates></Point></Placemark>
<Style id="s-PV-303">
<LineStyle><color>ffebce87</color><width>2.0</width></LineStyle>
<PolyStyle><color>ffebce87</color></PolyStyle>
<IconStyle><color>ffebce87</color><scale>0.55</scale>
<Icon><href>http://maps.google.com/mapfiles/kml/shapes/placemark_circle.png</href></Icon>
</IconStyle>
<LabelStyle><scale>0.65</scale></LabelStyle>
</Style><Placemark><name>MG-080</name><styleUrl>#s-PV-303</styleUrl><description><![CDATA[<table style="border-collapse:collapse;width:100%;font-family:'Helvetica Neue',Helvetica,Arial,sans-serif;font-size:11px;border:1px solid #e5e7eb;border-radius:8px;overflow:hidden;"><tr><th colspan="2" style="padding:5px 8px;background:#1f6feb;color:#fff;text-align:left;font-size:12px;font-weight:600;">MG-080</th></tr><tr><th style="padding:3px 5px;text-align:left;background:#f3f4f6;border-bottom:1px solid #d1d5db;width:30%;font-size:11px;font-weight:600;color:#1f2937;">ID</th><td style="padding:3px 5px;border-bottom:1px solid #e5e7eb;font-size:11px;color:#111827;">MG-080</td></tr><tr><th style="padding:3px 5px;text-align:left;background:#f3f4f6;border-bottom:1px solid #d1d5db;width:30%;font-size:11px;font-weight:600;color:#1f2937;">Endereço</th><td style="padding:3px 5px;border-bottom:1px solid #e5e7eb;font-size:11px;color:#111827;">Rua Crispin Duarte, 692</td></tr><tr><th style="padding:3px 5px;text-align:left;background:#f3f4f6;border-bottom:1px solid #d1d5db;width:30%;font-size:11px;font-weight:600;color:#1f2937;">Subprefeitura</th><td style="padding:3px 5px;border-bottom:1px solid #e5e7eb;font-size:11px;color:#111827;">Vila Maria/Vila Guilherme</td></tr><tr><th style="padding:3px 5px;text-align:left;background:#f3f4f6;border-bottom:1px solid #d1d5db;width:30%;font-size:11px;font-weight:600;color:#1f2937;">Volumetria</th><td style="padding:3px 5px;border-bottom:1px solid #e5e7eb;font-size:11px;color:#111827;">Entre 1m³ e 5m³</td></tr></table>]]></description><Point><coordinates>-46.5890800,-23.4904800,0</coordinates></Point></Placemark>
<Style id="s-PV-304">
<LineStyle><color>ffebce87</color><width>2.0</width></LineStyle>
<PolyStyle><color>ffebce87</color></PolyStyle>
<IconStyle><color>ffebce87</color><scale>0.55</scale>
<Icon><href>http://maps.google.com/mapfiles/kml/shapes/placemark_circle.png</href></Icon>
</IconStyle>
<LabelStyle><scale>0.65</scale></LabelStyle>
</Style><Placemark><name>MG-081</name><styleUrl>#s-PV-304</styleUrl><description><![CDATA[<table style="border-collapse:collapse;width:100%;font-family:'Helvetica Neue',Helvetica,Arial,sans-serif;font-size:11px;border:1px solid #e5e7eb;border-radius:8px;overflow:hidden;"><tr><th colspan="2" style="padding:5px 8px;background:#1f6feb;color:#fff;text-align:left;font-size:12px;font-weight:600;">MG-081</th></tr><tr><th style="padding:3px 5px;text-align:left;background:#f3f4f6;border-bottom:1px solid #d1d5db;width:30%;font-size:11px;font-weight:600;color:#1f2937;">ID</th><td style="padding:3px 5px;border-bottom:1px solid #e5e7eb;font-size:11px;color:#111827;">MG-081</td></tr><tr><th style="padding:3px 5px;text-align:left;background:#f3f4f6;border-bottom:1px solid #d1d5db;width:30%;font-size:11px;font-weight:600;color:#1f2937;">Endereço</th><td style="padding:3px 5px;border-bottom:1px solid #e5e7eb;font-size:11px;color:#111827;">Rua das Pitangas, 10</td></tr><tr><th style="padding:3px 5px;text-align:left;background:#f3f4f6;border-bottom:1px solid #d1d5db;width:30%;font-size:11px;font-weight:600;color:#1f2937;">Subprefeitura</th><td style="padding:3px 5px;border-bottom:1px solid #e5e7eb;font-size:11px;color:#111827;">Vila Maria/Vila Guilherme</td></tr><tr><th style="padding:3px 5px;text-align:left;background:#f3f4f6;border-bottom:1px solid #d1d5db;width:30%;font-size:11px;font-weight:600;color:#1f2937;">Volumetria</th><td style="padding:3px 5px;border-bottom:1px solid #e5e7eb;font-size:11px;color:#111827;">Entre 1m³ e 5m³</td></tr></table>]]></description><Point><coordinates>-46.5801300,-23.5219700,0</coordinates></Point></Placemark>
<Style id="s-PV-305">
<LineStyle><color>ffebce87</color><width>2.0</width></LineStyle>
<PolyStyle><color>ffebce87</color></PolyStyle>
<IconStyle><color>ffebce87</color><scale>0.55</scale>
<Icon><href>http://maps.google.com/mapfiles/kml/shapes/placemark_circle.png</href></Icon>
</IconStyle>
<LabelStyle><scale>0.65</scale></LabelStyle>
</Style><Placemark><name>MG-082</name><styleUrl>#s-PV-305</styleUrl><description><![CDATA[<table style="border-collapse:collapse;width:100%;font-family:'Helvetica Neue',Helvetica,Arial,sans-serif;font-size:11px;border:1px solid #e5e7eb;border-radius:8px;overflow:hidden;"><tr><th colspan="2" style="padding:5px 8px;background:#1f6feb;color:#fff;text-align:left;font-size:12px;font-weight:600;">MG-082</th></tr><tr><th style="padding:3px 5px;text-align:left;background:#f3f4f6;border-bottom:1px solid #d1d5db;width:30%;font-size:11px;font-weight:600;color:#1f2937;">ID</th><td style="padding:3px 5px;border-bottom:1px solid #e5e7eb;font-size:11px;color:#111827;">MG-082</td></tr><tr><th style="padding:3px 5px;text-align:left;background:#f3f4f6;border-bottom:1px solid #d1d5db;width:30%;font-size:11px;font-weight:600;color:#1f2937;">Endereço</th><td style="padding:3px 5px;border-bottom:1px solid #e5e7eb;font-size:11px;color:#111827;">Rua Dilce Freitas da Silva, 111</td></tr><tr><th style="padding:3px 5px;text-align:left;background:#f3f4f6;border-bottom:1px solid #d1d5db;width:30%;font-size:11px;font-weight:600;color:#1f2937;">Subprefeitura</th><td style="padding:3px 5px;border-bottom:1px solid #e5e7eb;font-size:11px;color:#111827;">Vila Maria/Vila Guilherme</td></tr><tr><th style="padding:3px 5px;text-align:left;background:#f3f4f6;border-bottom:1px solid #d1d5db;width:30%;font-size:11px;font-weight:600;color:#1f2937;">Volumetria</th><td style="padding:3px 5px;border-bottom:1px solid #e5e7eb;font-size:11px;color:#111827;">Entre 1m³ e 5m³</td></tr></table>]]></description><Point><coordinates>-46.5711400,-23.5215600,0</coordinates></Point></Placemark>
<Style id="s-PV-306">
<LineStyle><color>ffebce87</color><width>2.0</width></LineStyle>
<PolyStyle><color>ffebce87</color></PolyStyle>
<IconStyle><color>ffebce87</color><scale>0.55</scale>
<Icon><href>http://maps.google.com/mapfiles/kml/shapes/placemark_circle.png</href></Icon>
</IconStyle>
<LabelStyle><scale>0.65</scale></LabelStyle>
</Style><Placemark><name>MG-083</name><styleUrl>#s-PV-306</styleUrl><description><![CDATA[<table style="border-collapse:collapse;width:100%;font-family:'Helvetica Neue',Helvetica,Arial,sans-serif;font-size:11px;border:1px solid #e5e7eb;border-radius:8px;overflow:hidden;"><tr><th colspan="2" style="padding:5px 8px;background:#1f6feb;color:#fff;text-align:left;font-size:12px;font-weight:600;">MG-083</th></tr><tr><th style="padding:3px 5px;text-align:left;background:#f3f4f6;border-bottom:1px solid #d1d5db;width:30%;font-size:11px;font-weight:600;color:#1f2937;">ID</th><td style="padding:3px 5px;border-bottom:1px solid #e5e7eb;font-size:11px;color:#111827;">MG-083</td></tr><tr><th style="padding:3px 5px;text-align:left;background:#f3f4f6;border-bottom:1px solid #d1d5db;width:30%;font-size:11px;font-weight:600;color:#1f2937;">Endereço</th><td style="padding:3px 5px;border-bottom:1px solid #e5e7eb;font-size:11px;color:#111827;">Rua Doutor Alexandre Ferreira, 16</td></tr><tr><th style="padding:3px 5px;text-align:left;background:#f3f4f6;border-bottom:1px solid #d1d5db;width:30%;font-size:11px;font-weight:600;color:#1f2937;">Subprefeitura</th><td style="padding:3px 5px;border-bottom:1px solid #e5e7eb;font-size:11px;color:#111827;">Vila Maria/Vila Guilherme</td></tr><tr><th style="padding:3px 5px;text-align:left;background:#f3f4f6;border-bottom:1px solid #d1d5db;width:30%;font-size:11px;font-weight:600;color:#1f2937;">Volumetria</th><td style="padding:3px 5px;border-bottom:1px solid #e5e7eb;font-size:11px;color:#111827;">Entre 1m³ e 5m³</td></tr></table>]]></description><Point><coordinates>-46.5800100,-23.4750300,0</coordinates></Point></Placemark>
<Style id="s-PV-307">
<LineStyle><color>ffebce87</color><width>2.0</width></LineStyle>
<PolyStyle><color>ffebce87</color></PolyStyle>
<IconStyle><color>ffebce87</color><scale>0.55</scale>
<Icon><href>http://maps.google.com/mapfiles/kml/shapes/placemark_circle.png</href></Icon>
</IconStyle>
<LabelStyle><scale>0.65</scale></LabelStyle>
</Style><Placemark><name>MG-084</name><styleUrl>#s-PV-307</styleUrl><description><![CDATA[<table style="border-collapse:collapse;width:100%;font-family:'Helvetica Neue',Helvetica,Arial,sans-serif;font-size:11px;border:1px solid #e5e7eb;border-radius:8px;overflow:hidden;"><tr><th colspan="2" style="padding:5px 8px;background:#1f6feb;color:#fff;text-align:left;font-size:12px;font-weight:600;">MG-084</th></tr><tr><th style="padding:3px 5px;text-align:left;background:#f3f4f6;border-bottom:1px solid #d1d5db;width:30%;font-size:11px;font-weight:600;color:#1f2937;">ID</th><td style="padding:3px 5px;border-bottom:1px solid #e5e7eb;font-size:11px;color:#111827;">MG-084</td></tr><tr><th style="padding:3px 5px;text-align:left;background:#f3f4f6;border-bottom:1px solid #d1d5db;width:30%;font-size:11px;font-weight:600;color:#1f2937;">Endereço</th><td style="padding:3px 5px;border-bottom:1px solid #e5e7eb;font-size:11px;color:#111827;">Rua Doutor Vidal Reis, 295</td></tr><tr><th style="padding:3px 5px;text-align:left;background:#f3f4f6;border-bottom:1px solid #d1d5db;width:30%;font-size:11px;font-weight:600;color:#1f2937;">Subprefeitura</th><td style="padding:3px 5px;border-bottom:1px solid #e5e7eb;font-size:11px;color:#111827;">Vila Maria/Vila Guilherme</td></tr><tr><th style="padding:3px 5px;text-align:left;background:#f3f4f6;border-bottom:1px solid #d1d5db;width:30%;font-size:11px;font-weight:600;color:#1f2937;">Volumetria</th><td style="padding:3px 5px;border-bottom:1px solid #e5e7eb;font-size:11px;color:#111827;">Entre 1m³ e 5m³</td></tr></table>]]></description><Point><coordinates>-46.5647400,-23.5209100,0</coordinates></Point></Placemark>
<Style id="s-PV-308">
<LineStyle><color>ffebce87</color><width>2.0</width></LineStyle>
<PolyStyle><color>ffebce87</color></PolyStyle>
<IconStyle><color>ffebce87</color><scale>0.55</scale>
<Icon><href>http://maps.google.com/mapfiles/kml/shapes/placemark_circle.png</href></Icon>
</IconStyle>
<LabelStyle><scale>0.65</scale></LabelStyle>
</Style><Placemark><name>MG-085</name><styleUrl>#s-PV-308</styleUrl><description><![CDATA[<table style="border-collapse:collapse;width:100%;font-family:'Helvetica Neue',Helvetica,Arial,sans-serif;font-size:11px;border:1px solid #e5e7eb;border-radius:8px;overflow:hidden;"><tr><th colspan="2" style="padding:5px 8px;background:#1f6feb;color:#fff;text-align:left;font-size:12px;font-weight:600;">MG-085</th></tr><tr><th style="padding:3px 5px;text-align:left;background:#f3f4f6;border-bottom:1px solid #d1d5db;width:30%;font-size:11px;font-weight:600;color:#1f2937;">ID</th><td style="padding:3px 5px;border-bottom:1px solid #e5e7eb;font-size:11px;color:#111827;">MG-085</td></tr><tr><th style="padding:3px 5px;text-align:left;background:#f3f4f6;border-bottom:1px solid #d1d5db;width:30%;font-size:11px;font-weight:600;color:#1f2937;">Endereço</th><td style="padding:3px 5px;border-bottom:1px solid #e5e7eb;font-size:11px;color:#111827;">Rua Doutor Vidal Reis, 551</td></tr><tr><th style="padding:3px 5px;text-align:left;background:#f3f4f6;border-bottom:1px solid #d1d5db;width:30%;font-size:11px;font-weight:600;color:#1f2937;">Subprefeitura</th><td style="padding:3px 5px;border-bottom:1px solid #e5e7eb;font-size:11px;color:#111827;">Vila Maria/Vila Guilherme</td></tr><tr><th style="padding:3px 5px;text-align:left;background:#f3f4f6;border-bottom:1px solid #d1d5db;width:30%;font-size:11px;font-weight:600;color:#1f2937;">Volumetria</th><td style="padding:3px 5px;border-bottom:1px solid #e5e7eb;font-size:11px;color:#111827;">Entre 1m³ e 5m³</td></tr></table>]]></description><Point><coordinates>-46.5641000,-23.5183300,0</coordinates></Point></Placemark>
<Style id="s-PV-309">
<LineStyle><color>ffebce87</color><width>2.0</width></LineStyle>
<PolyStyle><color>ffebce87</color></PolyStyle>
<IconStyle><color>ffebce87</color><scale>0.55</scale>
<Icon><href>http://maps.google.com/mapfiles/kml/shapes/placemark_circle.png</href></Icon>
</IconStyle>
<LabelStyle><scale>0.65</scale></LabelStyle>
</Style><Placemark><name>MG-086</name><styleUrl>#s-PV-309</styleUrl><description><![CDATA[<table style="border-collapse:collapse;width:100%;font-family:'Helvetica Neue',Helvetica,Arial,sans-serif;font-size:11px;border:1px solid #e5e7eb;border-radius:8px;overflow:hidden;"><tr><th colspan="2" style="padding:5px 8px;background:#1f6feb;color:#fff;text-align:left;font-size:12px;font-weight:600;">MG-086</th></tr><tr><th style="padding:3px 5px;text-align:left;background:#f3f4f6;border-bottom:1px solid #d1d5db;width:30%;font-size:11px;font-weight:600;color:#1f2937;">ID</th><td style="padding:3px 5px;border-bottom:1px solid #e5e7eb;font-size:11px;color:#111827;">MG-086</td></tr><tr><th style="padding:3px 5px;text-align:left;background:#f3f4f6;border-bottom:1px solid #d1d5db;width:30%;font-size:11px;font-weight:600;color:#1f2937;">Endereço</th><td style="padding:3px 5px;border-bottom:1px solid #e5e7eb;font-size:11px;color:#111827;">Rua Flávia, 165</td></tr><tr><th style="padding:3px 5px;text-align:left;background:#f3f4f6;border-bottom:1px solid #d1d5db;width:30%;font-size:11px;font-weight:600;color:#1f2937;">Subprefeitura</th><td style="padding:3px 5px;border-bottom:1px solid #e5e7eb;font-size:11px;color:#111827;">Vila Maria/Vila Guilherme</td></tr><tr><th style="padding:3px 5px;text-align:left;background:#f3f4f6;border-bottom:1px solid #d1d5db;width:30%;font-size:11px;font-weight:600;color:#1f2937;">Volumetria</th><td style="padding:3px 5px;border-bottom:1px solid #e5e7eb;font-size:11px;color:#111827;">Entre 1m³ e 5m³</td></tr></table>]]></description><Point><coordinates>-46.5784500,-23.4749400,0</coordinates></Point></Placemark>
<Style id="s-PV-310">
<LineStyle><color>ffebce87</color><width>2.0</width></LineStyle>
<PolyStyle><color>ffebce87</color></PolyStyle>
<IconStyle><color>ffebce87</color><scale>0.55</scale>
<Icon><href>http://maps.google.com/mapfiles/kml/shapes/placemark_circle.png</href></Icon>
</IconStyle>
<LabelStyle><scale>0.65</scale></LabelStyle>
</Style><Placemark><name>MG-087</name><styleUrl>#s-PV-310</styleUrl><description><![CDATA[<table style="border-collapse:collapse;width:100%;font-family:'Helvetica Neue',Helvetica,Arial,sans-serif;font-size:11px;border:1px solid #e5e7eb;border-radius:8px;overflow:hidden;"><tr><th colspan="2" style="padding:5px 8px;background:#1f6feb;color:#fff;text-align:left;font-size:12px;font-weight:600;">MG-087</th></tr><tr><th style="padding:3px 5px;text-align:left;background:#f3f4f6;border-bottom:1px solid #d1d5db;width:30%;font-size:11px;font-weight:600;color:#1f2937;">ID</th><td style="padding:3px 5px;border-bottom:1px solid #e5e7eb;font-size:11px;color:#111827;">MG-087</td></tr><tr><th style="padding:3px 5px;text-align:left;background:#f3f4f6;border-bottom:1px solid #d1d5db;width:30%;font-size:11px;font-weight:600;color:#1f2937;">Endereço</th><td style="padding:3px 5px;border-bottom:1px solid #e5e7eb;font-size:11px;color:#111827;">Rua Flávia, 20</td></tr><tr><th style="padding:3px 5px;text-align:left;background:#f3f4f6;border-bottom:1px solid #d1d5db;width:30%;font-size:11px;font-weight:600;color:#1f2937;">Subprefeitura</th><td style="padding:3px 5px;border-bottom:1px solid #e5e7eb;font-size:11px;color:#111827;">Vila Maria/Vila Guilherme</td></tr><tr><th style="padding:3px 5px;text-align:left;background:#f3f4f6;border-bottom:1px solid #d1d5db;width:30%;font-size:11px;font-weight:600;color:#1f2937;">Volumetria</th><td style="padding:3px 5px;border-bottom:1px solid #e5e7eb;font-size:11px;color:#111827;">Entre 1m³ e 5m³</td></tr></table>]]></description><Point><coordinates>-46.5796300,-23.4746600,0</coordinates></Point></Placemark>
<Style id="s-PV-311">
<LineStyle><color>ffebce87</color><width>2.0</width></LineStyle>
<PolyStyle><color>ffebce87</color></PolyStyle>
<IconStyle><color>ffebce87</color><scale>0.55</scale>
<Icon><href>http://maps.google.com/mapfiles/kml/shapes/placemark_circle.png</href></Icon>
</IconStyle>
<LabelStyle><scale>0.65</scale></LabelStyle>
</Style><Placemark><name>MG-088</name><styleUrl>#s-PV-311</styleUrl><description><![CDATA[<table style="border-collapse:collapse;width:100%;font-family:'Helvetica Neue',Helvetica,Arial,sans-serif;font-size:11px;border:1px solid #e5e7eb;border-radius:8px;overflow:hidden;"><tr><th colspan="2" style="padding:5px 8px;background:#1f6feb;color:#fff;text-align:left;font-size:12px;font-weight:600;">MG-088</th></tr><tr><th style="padding:3px 5px;text-align:left;background:#f3f4f6;border-bottom:1px solid #d1d5db;width:30%;font-size:11px;font-weight:600;color:#1f2937;">ID</th><td style="padding:3px 5px;border-bottom:1px solid #e5e7eb;font-size:11px;color:#111827;">MG-088</td></tr><tr><th style="padding:3px 5px;text-align:left;background:#f3f4f6;border-bottom:1px solid #d1d5db;width:30%;font-size:11px;font-weight:600;color:#1f2937;">Endereço</th><td style="padding:3px 5px;border-bottom:1px solid #e5e7eb;font-size:11px;color:#111827;">Rua Flávia, 32</td></tr><tr><th style="padding:3px 5px;text-align:left;background:#f3f4f6;border-bottom:1px solid #d1d5db;width:30%;font-size:11px;font-weight:600;color:#1f2937;">Subprefeitura</th><td style="padding:3px 5px;border-bottom:1px solid #e5e7eb;font-size:11px;color:#111827;">Vila Maria/Vila Guilherme</td></tr><tr><th style="padding:3px 5px;text-align:left;background:#f3f4f6;border-bottom:1px solid #d1d5db;width:30%;font-size:11px;font-weight:600;color:#1f2937;">Volumetria</th><td style="padding:3px 5px;border-bottom:1px solid #e5e7eb;font-size:11px;color:#111827;">Entre 1m³ e 5m³</td></tr><tr><th style="padding:3px 5px;text-align:left;background:#f3f4f6;border-bottom:1px solid #d1d5db;width:30%;font-size:11px;font-weight:600;color:#1f2937;">Status</th><td style="padding:3px 5px;border-bottom:1px solid #e5e7eb;font-size:11px;color:#111827;">Revitalizado</td></tr><tr><th style="padding:3px 5px;text-align:left;background:#f3f4f6;border-bottom:1px solid #d1d5db;width:30%;font-size:11px;font-weight:600;color:#1f2937;">Data</th><td style="padding:3px 5px;border-bottom:1px solid #e5e7eb;font-size:11px;color:#111827;">45997</td></tr></table>]]></description><Point><coordinates>-46.5797700,-23.4745400,0</coordinates></Point></Placemark>
<Style id="s-PV-312">
<LineStyle><color>ffebce87</color><width>2.0</width></LineStyle>
<PolyStyle><color>ffebce87</color></PolyStyle>
<IconStyle><color>ffebce87</color><scale>0.55</scale>
<Icon><href>http://maps.google.com/mapfiles/kml/shapes/placemark_circle.png</href></Icon>
</IconStyle>
<LabelStyle><scale>0.65</scale></LabelStyle>
</Style><Placemark><name>MG-089</name><styleUrl>#s-PV-312</styleUrl><description><![CDATA[<table style="border-collapse:collapse;width:100%;font-family:'Helvetica Neue',Helvetica,Arial,sans-serif;font-size:11px;border:1px solid #e5e7eb;border-radius:8px;overflow:hidden;"><tr><th colspan="2" style="padding:5px 8px;background:#1f6feb;color:#fff;text-align:left;font-size:12px;font-weight:600;">MG-089</th></tr><tr><th style="padding:3px 5px;text-align:left;background:#f3f4f6;border-bottom:1px solid #d1d5db;width:30%;font-size:11px;font-weight:600;color:#1f2937;">ID</th><td style="padding:3px 5px;border-bottom:1px solid #e5e7eb;font-size:11px;color:#111827;">MG-089</td></tr><tr><th style="padding:3px 5px;text-align:left;background:#f3f4f6;border-bottom:1px solid #d1d5db;width:30%;font-size:11px;font-weight:600;color:#1f2937;">Endereço</th><td style="padding:3px 5px;border-bottom:1px solid #e5e7eb;font-size:11px;color:#111827;">Rua Francisco Leopoldo e Silva, 185</td></tr><tr><th style="padding:3px 5px;text-align:left;background:#f3f4f6;border-bottom:1px solid #d1d5db;width:30%;font-size:11px;font-weight:600;color:#1f2937;">Subprefeitura</th><td style="padding:3px 5px;border-bottom:1px solid #e5e7eb;font-size:11px;color:#111827;">Vila Maria/Vila Guilherme</td></tr><tr><th style="padding:3px 5px;text-align:left;background:#f3f4f6;border-bottom:1px solid #d1d5db;width:30%;font-size:11px;font-weight:600;color:#1f2937;">Volumetria</th><td style="padding:3px 5px;border-bottom:1px solid #e5e7eb;font-size:11px;color:#111827;">Entre 1m³ e 5m³</td></tr></table>]]></description><Point><coordinates>-46.5844400,-23.5240900,0</coordinates></Point></Placemark>
<Style id="s-PV-313">
<LineStyle><color>ffebce87</color><width>2.0</width></LineStyle>
<PolyStyle><color>ffebce87</color></PolyStyle>
<IconStyle><color>ffebce87</color><scale>0.55</scale>
<Icon><href>http://maps.google.com/mapfiles/kml/shapes/placemark_circle.png</href></Icon>
</IconStyle>
<LabelStyle><scale>0.65</scale></LabelStyle>
</Style><Placemark><name>MG-090</name><styleUrl>#s-PV-313</styleUrl><description><![CDATA[<table style="border-collapse:collapse;width:100%;font-family:'Helvetica Neue',Helvetica,Arial,sans-serif;font-size:11px;border:1px solid #e5e7eb;border-radius:8px;overflow:hidden;"><tr><th colspan="2" style="padding:5px 8px;background:#1f6feb;color:#fff;text-align:left;font-size:12px;font-weight:600;">MG-090</th></tr><tr><th style="padding:3px 5px;text-align:left;background:#f3f4f6;border-bottom:1px solid #d1d5db;width:30%;font-size:11px;font-weight:600;color:#1f2937;">ID</th><td style="padding:3px 5px;border-bottom:1px solid #e5e7eb;font-size:11px;color:#111827;">MG-090</td></tr><tr><th style="padding:3px 5px;text-align:left;background:#f3f4f6;border-bottom:1px solid #d1d5db;width:30%;font-size:11px;font-weight:600;color:#1f2937;">Endereço</th><td style="padding:3px 5px;border-bottom:1px solid #e5e7eb;font-size:11px;color:#111827;">Rua Francisco Peixoto Bizerra, 1081</td></tr><tr><th style="padding:3px 5px;text-align:left;background:#f3f4f6;border-bottom:1px solid #d1d5db;width:30%;font-size:11px;font-weight:600;color:#1f2937;">Subprefeitura</th><td style="padding:3px 5px;border-bottom:1px solid #e5e7eb;font-size:11px;color:#111827;">Vila Maria/Vila Guilherme</td></tr><tr><th style="padding:3px 5px;text-align:left;background:#f3f4f6;border-bottom:1px solid #d1d5db;width:30%;font-size:11px;font-weight:600;color:#1f2937;">Volumetria</th><td style="padding:3px 5px;border-bottom:1px solid #e5e7eb;font-size:11px;color:#111827;">Entre 1m³ e 5m³</td></tr></table>]]></description><Point><coordinates>-46.5800300,-23.4808200,0</coordinates></Point></Placemark>
<Style id="s-PV-314">
<LineStyle><color>ffebce87</color><width>2.0</width></LineStyle>
<PolyStyle><color>ffebce87</color></PolyStyle>
<IconStyle><color>ffebce87</color><scale>0.55</scale>
<Icon><href>http://maps.google.com/mapfiles/kml/shapes/placemark_circle.png</href></Icon>
</IconStyle>
<LabelStyle><scale>0.65</scale></LabelStyle>
</Style><Placemark><name>MG-091</name><styleUrl>#s-PV-314</styleUrl><description><![CDATA[<table style="border-collapse:collapse;width:100%;font-family:'Helvetica Neue',Helvetica,Arial,sans-serif;font-size:11px;border:1px solid #e5e7eb;border-radius:8px;overflow:hidden;"><tr><th colspan="2" style="padding:5px 8px;background:#1f6feb;color:#fff;text-align:left;font-size:12px;font-weight:600;">MG-091</th></tr><tr><th style="padding:3px 5px;text-align:left;background:#f3f4f6;border-bottom:1px solid #d1d5db;width:30%;font-size:11px;font-weight:600;color:#1f2937;">ID</th><td style="padding:3px 5px;border-bottom:1px solid #e5e7eb;font-size:11px;color:#111827;">MG-091</td></tr><tr><th style="padding:3px 5px;text-align:left;background:#f3f4f6;border-bottom:1px solid #d1d5db;width:30%;font-size:11px;font-weight:600;color:#1f2937;">Endereço</th><td style="padding:3px 5px;border-bottom:1px solid #e5e7eb;font-size:11px;color:#111827;">Rua Galileu Gaia, 396</td></tr><tr><th style="padding:3px 5px;text-align:left;background:#f3f4f6;border-bottom:1px solid #d1d5db;width:30%;font-size:11px;font-weight:600;color:#1f2937;">Subprefeitura</th><td style="padding:3px 5px;border-bottom:1px solid #e5e7eb;font-size:11px;color:#111827;">Vila Maria/Vila Guilherme</td></tr><tr><th style="padding:3px 5px;text-align:left;background:#f3f4f6;border-bottom:1px solid #d1d5db;width:30%;font-size:11px;font-weight:600;color:#1f2937;">Volumetria</th><td style="padding:3px 5px;border-bottom:1px solid #e5e7eb;font-size:11px;color:#111827;">Entre 1m³ e 5m³</td></tr></table>]]></description><Point><coordinates>-46.5828800,-23.5222800,0</coordinates></Point></Placemark>
<Style id="s-PV-315">
<LineStyle><color>ffebce87</color><width>2.0</width></LineStyle>
<PolyStyle><color>ffebce87</color></PolyStyle>
<IconStyle><color>ffebce87</color><scale>0.55</scale>
<Icon><href>http://maps.google.com/mapfiles/kml/shapes/placemark_circle.png</href></Icon>
</IconStyle>
<LabelStyle><scale>0.65</scale></LabelStyle>
</Style><Placemark><name>MG-092</name><styleUrl>#s-PV-315</styleUrl><description><![CDATA[<table style="border-collapse:collapse;width:100%;font-family:'Helvetica Neue',Helvetica,Arial,sans-serif;font-size:11px;border:1px solid #e5e7eb;border-radius:8px;overflow:hidden;"><tr><th colspan="2" style="padding:5px 8px;background:#1f6feb;color:#fff;text-align:left;font-size:12px;font-weight:600;">MG-092</th></tr><tr><th style="padding:3px 5px;text-align:left;background:#f3f4f6;border-bottom:1px solid #d1d5db;width:30%;font-size:11px;font-weight:600;color:#1f2937;">ID</th><td style="padding:3px 5px;border-bottom:1px solid #e5e7eb;font-size:11px;color:#111827;">MG-092</td></tr><tr><th style="padding:3px 5px;text-align:left;background:#f3f4f6;border-bottom:1px solid #d1d5db;width:30%;font-size:11px;font-weight:600;color:#1f2937;">Endereço</th><td style="padding:3px 5px;border-bottom:1px solid #e5e7eb;font-size:11px;color:#111827;">Rua Giuseppe Marino, 305</td></tr><tr><th style="padding:3px 5px;text-align:left;background:#f3f4f6;border-bottom:1px solid #d1d5db;width:30%;font-size:11px;font-weight:600;color:#1f2937;">Subprefeitura</th><td style="padding:3px 5px;border-bottom:1px solid #e5e7eb;font-size:11px;color:#111827;">Vila Maria/Vila Guilherme</td></tr><tr><th style="padding:3px 5px;text-align:left;background:#f3f4f6;border-bottom:1px solid #d1d5db;width:30%;font-size:11px;font-weight:600;color:#1f2937;">Volumetria</th><td style="padding:3px 5px;border-bottom:1px solid #e5e7eb;font-size:11px;color:#111827;">Entre 1m³ e 5m³</td></tr></table>]]></description><Point><coordinates>-46.5575200,-23.5180300,0</coordinates></Point></Placemark>
<Style id="s-PV-316">
<LineStyle><color>ffebce87</color><width>2.0</width></LineStyle>
<PolyStyle><color>ffebce87</color></PolyStyle>
<IconStyle><color>ffebce87</color><scale>0.55</scale>
<Icon><href>http://maps.google.com/mapfiles/kml/shapes/placemark_circle.png</href></Icon>
</IconStyle>
<LabelStyle><scale>0.65</scale></LabelStyle>
</Style><Placemark><name>MG-093</name><styleUrl>#s-PV-316</styleUrl><description><![CDATA[<table style="border-collapse:collapse;width:100%;font-family:'Helvetica Neue',Helvetica,Arial,sans-serif;font-size:11px;border:1px solid #e5e7eb;border-radius:8px;overflow:hidden;"><tr><th colspan="2" style="padding:5px 8px;background:#1f6feb;color:#fff;text-align:left;font-size:12px;font-weight:600;">MG-093</th></tr><tr><th style="padding:3px 5px;text-align:left;background:#f3f4f6;border-bottom:1px solid #d1d5db;width:30%;font-size:11px;font-weight:600;color:#1f2937;">ID</th><td style="padding:3px 5px;border-bottom:1px solid #e5e7eb;font-size:11px;color:#111827;">MG-093</td></tr><tr><th style="padding:3px 5px;text-align:left;background:#f3f4f6;border-bottom:1px solid #d1d5db;width:30%;font-size:11px;font-weight:600;color:#1f2937;">Endereço</th><td style="padding:3px 5px;border-bottom:1px solid #e5e7eb;font-size:11px;color:#111827;">Rua Índio Barnabé, 80</td></tr><tr><th style="padding:3px 5px;text-align:left;background:#f3f4f6;border-bottom:1px solid #d1d5db;width:30%;font-size:11px;font-weight:600;color:#1f2937;">Subprefeitura</th><td style="padding:3px 5px;border-bottom:1px solid #e5e7eb;font-size:11px;color:#111827;">Vila Maria/Vila Guilherme</td></tr><tr><th style="padding:3px 5px;text-align:left;background:#f3f4f6;border-bottom:1px solid #d1d5db;width:30%;font-size:11px;font-weight:600;color:#1f2937;">Volumetria</th><td style="padding:3px 5px;border-bottom:1px solid #e5e7eb;font-size:11px;color:#111827;">Entre 1m³ e 5m³</td></tr></table>]]></description><Point><coordinates>-46.6076200,-23.5161900,0</coordinates></Point></Placemark>
<Style id="s-PV-317">
<LineStyle><color>ffebce87</color><width>2.0</width></LineStyle>
<PolyStyle><color>ffebce87</color></PolyStyle>
<IconStyle><color>ffebce87</color><scale>0.55</scale>
<Icon><href>http://maps.google.com/mapfiles/kml/shapes/placemark_circle.png</href></Icon>
</IconStyle>
<LabelStyle><scale>0.65</scale></LabelStyle>
</Style><Placemark><name>MG-094</name><styleUrl>#s-PV-317</styleUrl><description><![CDATA[<table style="border-collapse:collapse;width:100%;font-family:'Helvetica Neue',Helvetica,Arial,sans-serif;font-size:11px;border:1px solid #e5e7eb;border-radius:8px;overflow:hidden;"><tr><th colspan="2" style="padding:5px 8px;background:#1f6feb;color:#fff;text-align:left;font-size:12px;font-weight:600;">MG-094</th></tr><tr><th style="padding:3px 5px;text-align:left;background:#f3f4f6;border-bottom:1px solid #d1d5db;width:30%;font-size:11px;font-weight:600;color:#1f2937;">ID</th><td style="padding:3px 5px;border-bottom:1px solid #e5e7eb;font-size:11px;color:#111827;">MG-094</td></tr><tr><th style="padding:3px 5px;text-align:left;background:#f3f4f6;border-bottom:1px solid #d1d5db;width:30%;font-size:11px;font-weight:600;color:#1f2937;">Endereço</th><td style="padding:3px 5px;border-bottom:1px solid #e5e7eb;font-size:11px;color:#111827;">Rua Ité, 78</td></tr><tr><th style="padding:3px 5px;text-align:left;background:#f3f4f6;border-bottom:1px solid #d1d5db;width:30%;font-size:11px;font-weight:600;color:#1f2937;">Subprefeitura</th><td style="padding:3px 5px;border-bottom:1px solid #e5e7eb;font-size:11px;color:#111827;">Vila Maria/Vila Guilherme</td></tr><tr><th style="padding:3px 5px;text-align:left;background:#f3f4f6;border-bottom:1px solid #d1d5db;width:30%;font-size:11px;font-weight:600;color:#1f2937;">Volumetria</th><td style="padding:3px 5px;border-bottom:1px solid #e5e7eb;font-size:11px;color:#111827;">Entre 1m³ e 5m³</td></tr></table>]]></description><Point><coordinates>-46.6094300,-23.5217600,0</coordinates></Point></Placemark>
<Style id="s-PV-318">
<LineStyle><color>ffebce87</color><width>2.0</width></LineStyle>
<PolyStyle><color>ffebce87</color></PolyStyle>
<IconStyle><color>ffebce87</color><scale>0.55</scale>
<Icon><href>http://maps.google.com/mapfiles/kml/shapes/placemark_circle.png</href></Icon>
</IconStyle>
<LabelStyle><scale>0.65</scale></LabelStyle>
</Style><Placemark><name>MG-095</name><styleUrl>#s-PV-318</styleUrl><description><![CDATA[<table style="border-collapse:collapse;width:100%;font-family:'Helvetica Neue',Helvetica,Arial,sans-serif;font-size:11px;border:1px solid #e5e7eb;border-radius:8px;overflow:hidden;"><tr><th colspan="2" style="padding:5px 8px;background:#1f6feb;color:#fff;text-align:left;font-size:12px;font-weight:600;">MG-095</th></tr><tr><th style="padding:3px 5px;text-align:left;background:#f3f4f6;border-bottom:1px solid #d1d5db;width:30%;font-size:11px;font-weight:600;color:#1f2937;">ID</th><td style="padding:3px 5px;border-bottom:1px solid #e5e7eb;font-size:11px;color:#111827;">MG-095</td></tr><tr><th style="padding:3px 5px;text-align:left;background:#f3f4f6;border-bottom:1px solid #d1d5db;width:30%;font-size:11px;font-weight:600;color:#1f2937;">Endereço</th><td style="padding:3px 5px;border-bottom:1px solid #e5e7eb;font-size:11px;color:#111827;">Rua João Veloso Filho, 674</td></tr><tr><th style="padding:3px 5px;text-align:left;background:#f3f4f6;border-bottom:1px solid #d1d5db;width:30%;font-size:11px;font-weight:600;color:#1f2937;">Subprefeitura</th><td style="padding:3px 5px;border-bottom:1px solid #e5e7eb;font-size:11px;color:#111827;">Vila Maria/Vila Guilherme</td></tr><tr><th style="padding:3px 5px;text-align:left;background:#f3f4f6;border-bottom:1px solid #d1d5db;width:30%;font-size:11px;font-weight:600;color:#1f2937;">Volumetria</th><td style="padding:3px 5px;border-bottom:1px solid #e5e7eb;font-size:11px;color:#111827;">Entre 1m³ e 5m³</td></tr></table>]]></description><Point><coordinates>-46.6011500,-23.5147200,0</coordinates></Point></Placemark>
<Style id="s-PV-319">
<LineStyle><color>ffebce87</color><width>2.0</width></LineStyle>
<PolyStyle><color>ffebce87</color></PolyStyle>
<IconStyle><color>ffebce87</color><scale>0.55</scale>
<Icon><href>http://maps.google.com/mapfiles/kml/shapes/placemark_circle.png</href></Icon>
</IconStyle>
<LabelStyle><scale>0.65</scale></LabelStyle>
</Style><Placemark><name>MG-096</name><styleUrl>#s-PV-319</styleUrl><description><![CDATA[<table style="border-collapse:collapse;width:100%;font-family:'Helvetica Neue',Helvetica,Arial,sans-serif;font-size:11px;border:1px solid #e5e7eb;border-radius:8px;overflow:hidden;"><tr><th colspan="2" style="padding:5px 8px;background:#1f6feb;color:#fff;text-align:left;font-size:12px;font-weight:600;">MG-096</th></tr><tr><th style="padding:3px 5px;text-align:left;background:#f3f4f6;border-bottom:1px solid #d1d5db;width:30%;font-size:11px;font-weight:600;color:#1f2937;">ID</th><td style="padding:3px 5px;border-bottom:1px solid #e5e7eb;font-size:11px;color:#111827;">MG-096</td></tr><tr><th style="padding:3px 5px;text-align:left;background:#f3f4f6;border-bottom:1px solid #d1d5db;width:30%;font-size:11px;font-weight:600;color:#1f2937;">Endereço</th><td style="padding:3px 5px;border-bottom:1px solid #e5e7eb;font-size:11px;color:#111827;">Rua Doze de Setembro X Rua José Duran</td></tr><tr><th style="padding:3px 5px;text-align:left;background:#f3f4f6;border-bottom:1px solid #d1d5db;width:30%;font-size:11px;font-weight:600;color:#1f2937;">Subprefeitura</th><td style="padding:3px 5px;border-bottom:1px solid #e5e7eb;font-size:11px;color:#111827;">Vila Maria/Vila Guilherme</td></tr><tr><th style="padding:3px 5px;text-align:left;background:#f3f4f6;border-bottom:1px solid #d1d5db;width:30%;font-size:11px;font-weight:600;color:#1f2937;">Volumetria</th><td style="padding:3px 5px;border-bottom:1px solid #e5e7eb;font-size:11px;color:#111827;">Entre 1m³ e 5m³</td></tr></table>]]></description><Point><coordinates>-46.6066500,-23.5106100,0</coordinates></Point></Placemark>
<Style id="s-PV-320">
<LineStyle><color>ffebce87</color><width>2.0</width></LineStyle>
<PolyStyle><color>ffebce87</color></PolyStyle>
<IconStyle><color>ffebce87</color><scale>0.55</scale>
<Icon><href>http://maps.google.com/mapfiles/kml/shapes/placemark_circle.png</href></Icon>
</IconStyle>
<LabelStyle><scale>0.65</scale></LabelStyle>
</Style><Placemark><name>MG-097</name><styleUrl>#s-PV-320</styleUrl><description><![CDATA[<table style="border-collapse:collapse;width:100%;font-family:'Helvetica Neue',Helvetica,Arial,sans-serif;font-size:11px;border:1px solid #e5e7eb;border-radius:8px;overflow:hidden;"><tr><th colspan="2" style="padding:5px 8px;background:#1f6feb;color:#fff;text-align:left;font-size:12px;font-weight:600;">MG-097</th></tr><tr><th style="padding:3px 5px;text-align:left;background:#f3f4f6;border-bottom:1px solid #d1d5db;width:30%;font-size:11px;font-weight:600;color:#1f2937;">ID</th><td style="padding:3px 5px;border-bottom:1px solid #e5e7eb;font-size:11px;color:#111827;">MG-097</td></tr><tr><th style="padding:3px 5px;text-align:left;background:#f3f4f6;border-bottom:1px solid #d1d5db;width:30%;font-size:11px;font-weight:600;color:#1f2937;">Endereço</th><td style="padding:3px 5px;border-bottom:1px solid #e5e7eb;font-size:11px;color:#111827;">Rua Luiz Matheus Alpiovezza, 120</td></tr><tr><th style="padding:3px 5px;text-align:left;background:#f3f4f6;border-bottom:1px solid #d1d5db;width:30%;font-size:11px;font-weight:600;color:#1f2937;">Subprefeitura</th><td style="padding:3px 5px;border-bottom:1px solid #e5e7eb;font-size:11px;color:#111827;">Vila Maria/Vila Guilherme</td></tr><tr><th style="padding:3px 5px;text-align:left;background:#f3f4f6;border-bottom:1px solid #d1d5db;width:30%;font-size:11px;font-weight:600;color:#1f2937;">Volumetria</th><td style="padding:3px 5px;border-bottom:1px solid #e5e7eb;font-size:11px;color:#111827;">Entre 1m³ e 5m³</td></tr></table>]]></description><Point><coordinates>-46.6016000,-23.5155100,0</coordinates></Point></Placemark>
<Style id="s-PV-321">
<LineStyle><color>ffebce87</color><width>2.0</width></LineStyle>
<PolyStyle><color>ffebce87</color></PolyStyle>
<IconStyle><color>ffebce87</color><scale>0.55</scale>
<Icon><href>http://maps.google.com/mapfiles/kml/shapes/placemark_circle.png</href></Icon>
</IconStyle>
<LabelStyle><scale>0.65</scale></LabelStyle>
</Style><Placemark><name>MG-098</name><styleUrl>#s-PV-321</styleUrl><description><![CDATA[<table style="border-collapse:collapse;width:100%;font-family:'Helvetica Neue',Helvetica,Arial,sans-serif;font-size:11px;border:1px solid #e5e7eb;border-radius:8px;overflow:hidden;"><tr><th colspan="2" style="padding:5px 8px;background:#1f6feb;color:#fff;text-align:left;font-size:12px;font-weight:600;">MG-098</th></tr><tr><th style="padding:3px 5px;text-align:left;background:#f3f4f6;border-bottom:1px solid #d1d5db;width:30%;font-size:11px;font-weight:600;color:#1f2937;">ID</th><td style="padding:3px 5px;border-bottom:1px solid #e5e7eb;font-size:11px;color:#111827;">MG-098</td></tr><tr><th style="padding:3px 5px;text-align:left;background:#f3f4f6;border-bottom:1px solid #d1d5db;width:30%;font-size:11px;font-weight:600;color:#1f2937;">Endereço</th><td style="padding:3px 5px;border-bottom:1px solid #e5e7eb;font-size:11px;color:#111827;">Rua Major Dantas Cortêz, 1600</td></tr><tr><th style="padding:3px 5px;text-align:left;background:#f3f4f6;border-bottom:1px solid #d1d5db;width:30%;font-size:11px;font-weight:600;color:#1f2937;">Subprefeitura</th><td style="padding:3px 5px;border-bottom:1px solid #e5e7eb;font-size:11px;color:#111827;">Vila Maria/Vila Guilherme</td></tr><tr><th style="padding:3px 5px;text-align:left;background:#f3f4f6;border-bottom:1px solid #d1d5db;width:30%;font-size:11px;font-weight:600;color:#1f2937;">Volumetria</th><td style="padding:3px 5px;border-bottom:1px solid #e5e7eb;font-size:11px;color:#111827;">Entre 1m³ e 5m³</td></tr><tr><th style="padding:3px 5px;text-align:left;background:#f3f4f6;border-bottom:1px solid #d1d5db;width:30%;font-size:11px;font-weight:600;color:#1f2937;">Status</th><td style="padding:3px 5px;border-bottom:1px solid #e5e7eb;font-size:11px;color:#111827;">Revitalizado</td></tr><tr><th style="padding:3px 5px;text-align:left;background:#f3f4f6;border-bottom:1px solid #d1d5db;width:30%;font-size:11px;font-weight:600;color:#1f2937;">Data</th><td style="padding:3px 5px;border-bottom:1px solid #e5e7eb;font-size:11px;color:#111827;">45983</td></tr></table>]]></description><Point><coordinates>-46.5879700,-23.4886300,0</coordinates></Point></Placemark>
<Style id="s-PV-322">
<LineStyle><color>ffebce87</color><width>2.0</width></LineStyle>
<PolyStyle><color>ffebce87</color></PolyStyle>
<IconStyle><color>ffebce87</color><scale>0.55</scale>
<Icon><href>http://maps.google.com/mapfiles/kml/shapes/placemark_circle.png</href></Icon>
</IconStyle>
<LabelStyle><scale>0.65</scale></LabelStyle>
</Style><Placemark><name>MG-099</name><styleUrl>#s-PV-322</styleUrl><description><![CDATA[<table style="border-collapse:collapse;width:100%;font-family:'Helvetica Neue',Helvetica,Arial,sans-serif;font-size:11px;border:1px solid #e5e7eb;border-radius:8px;overflow:hidden;"><tr><th colspan="2" style="padding:5px 8px;background:#1f6feb;color:#fff;text-align:left;font-size:12px;font-weight:600;">MG-099</th></tr><tr><th style="padding:3px 5px;text-align:left;background:#f3f4f6;border-bottom:1px solid #d1d5db;width:30%;font-size:11px;font-weight:600;color:#1f2937;">ID</th><td style="padding:3px 5px;border-bottom:1px solid #e5e7eb;font-size:11px;color:#111827;">MG-099</td></tr><tr><th style="padding:3px 5px;text-align:left;background:#f3f4f6;border-bottom:1px solid #d1d5db;width:30%;font-size:11px;font-weight:600;color:#1f2937;">Endereço</th><td style="padding:3px 5px;border-bottom:1px solid #e5e7eb;font-size:11px;color:#111827;">Rua Maria Aparecida Pinto, 285</td></tr><tr><th style="padding:3px 5px;text-align:left;background:#f3f4f6;border-bottom:1px solid #d1d5db;width:30%;font-size:11px;font-weight:600;color:#1f2937;">Subprefeitura</th><td style="padding:3px 5px;border-bottom:1px solid #e5e7eb;font-size:11px;color:#111827;">Vila Maria/Vila Guilherme</td></tr><tr><th style="padding:3px 5px;text-align:left;background:#f3f4f6;border-bottom:1px solid #d1d5db;width:30%;font-size:11px;font-weight:600;color:#1f2937;">Volumetria</th><td style="padding:3px 5px;border-bottom:1px solid #e5e7eb;font-size:11px;color:#111827;">Entre 1m³ e 5m³</td></tr></table>]]></description><Point><coordinates>-46.5782400,-23.4744900,0</coordinates></Point></Placemark>
<Style id="s-PV-323">
<LineStyle><color>ffebce87</color><width>2.0</width></LineStyle>
<PolyStyle><color>ffebce87</color></PolyStyle>
<IconStyle><color>ffebce87</color><scale>0.55</scale>
<Icon><href>http://maps.google.com/mapfiles/kml/shapes/placemark_circle.png</href></Icon>
</IconStyle>
<LabelStyle><scale>0.65</scale></LabelStyle>
</Style><Placemark><name>MG-100</name><styleUrl>#s-PV-323</styleUrl><description><![CDATA[<table style="border-collapse:collapse;width:100%;font-family:'Helvetica Neue',Helvetica,Arial,sans-serif;font-size:11px;border:1px solid #e5e7eb;border-radius:8px;overflow:hidden;"><tr><th colspan="2" style="padding:5px 8px;background:#1f6feb;color:#fff;text-align:left;font-size:12px;font-weight:600;">MG-100</th></tr><tr><th style="padding:3px 5px;text-align:left;background:#f3f4f6;border-bottom:1px solid #d1d5db;width:30%;font-size:11px;font-weight:600;color:#1f2937;">ID</th><td style="padding:3px 5px;border-bottom:1px solid #e5e7eb;font-size:11px;color:#111827;">MG-100</td></tr><tr><th style="padding:3px 5px;text-align:left;background:#f3f4f6;border-bottom:1px solid #d1d5db;width:30%;font-size:11px;font-weight:600;color:#1f2937;">Endereço</th><td style="padding:3px 5px;border-bottom:1px solid #e5e7eb;font-size:11px;color:#111827;">Rua Mário Haberfeld, 50</td></tr><tr><th style="padding:3px 5px;text-align:left;background:#f3f4f6;border-bottom:1px solid #d1d5db;width:30%;font-size:11px;font-weight:600;color:#1f2937;">Subprefeitura</th><td style="padding:3px 5px;border-bottom:1px solid #e5e7eb;font-size:11px;color:#111827;">Vila Maria/Vila Guilherme</td></tr><tr><th style="padding:3px 5px;text-align:left;background:#f3f4f6;border-bottom:1px solid #d1d5db;width:30%;font-size:11px;font-weight:600;color:#1f2937;">Volumetria</th><td style="padding:3px 5px;border-bottom:1px solid #e5e7eb;font-size:11px;color:#111827;">Entre 1m³ e 5m³</td></tr></table>]]></description><Point><coordinates>-46.5648400,-23.5014400,0</coordinates></Point></Placemark>
<Style id="s-PV-324">
<LineStyle><color>ffebce87</color><width>2.0</width></LineStyle>
<PolyStyle><color>ffebce87</color></PolyStyle>
<IconStyle><color>ffebce87</color><scale>0.55</scale>
<Icon><href>http://maps.google.com/mapfiles/kml/shapes/placemark_circle.png</href></Icon>
</IconStyle>
<LabelStyle><scale>0.65</scale></LabelStyle>
</Style><Placemark><name>MG-101</name><styleUrl>#s-PV-324</styleUrl><description><![CDATA[<table style="border-collapse:collapse;width:100%;font-family:'Helvetica Neue',Helvetica,Arial,sans-serif;font-size:11px;border:1px solid #e5e7eb;border-radius:8px;overflow:hidden;"><tr><th colspan="2" style="padding:5px 8px;background:#1f6feb;color:#fff;text-align:left;font-size:12px;font-weight:600;">MG-101</th></tr><tr><th style="padding:3px 5px;text-align:left;background:#f3f4f6;border-bottom:1px solid #d1d5db;width:30%;font-size:11px;font-weight:600;color:#1f2937;">ID</th><td style="padding:3px 5px;border-bottom:1px solid #e5e7eb;font-size:11px;color:#111827;">MG-101</td></tr><tr><th style="padding:3px 5px;text-align:left;background:#f3f4f6;border-bottom:1px solid #d1d5db;width:30%;font-size:11px;font-weight:600;color:#1f2937;">Endereço</th><td style="padding:3px 5px;border-bottom:1px solid #e5e7eb;font-size:11px;color:#111827;">Avenida Mendes da Rocha, 1229</td></tr><tr><th style="padding:3px 5px;text-align:left;background:#f3f4f6;border-bottom:1px solid #d1d5db;width:30%;font-size:11px;font-weight:600;color:#1f2937;">Subprefeitura</th><td style="padding:3px 5px;border-bottom:1px solid #e5e7eb;font-size:11px;color:#111827;">Vila Maria/Vila Guilherme</td></tr><tr><th style="padding:3px 5px;text-align:left;background:#f3f4f6;border-bottom:1px solid #d1d5db;width:30%;font-size:11px;font-weight:600;color:#1f2937;">Volumetria</th><td style="padding:3px 5px;border-bottom:1px solid #e5e7eb;font-size:11px;color:#111827;">Entre 1m³ e 5m³</td></tr></table>]]></description><Point><coordinates>-46.5740500,-23.4767400,0</coordinates></Point></Placemark>
<Style id="s-PV-325">
<LineStyle><color>ffebce87</color><width>2.0</width></LineStyle>
<PolyStyle><color>ffebce87</color></PolyStyle>
<IconStyle><color>ffebce87</color><scale>0.55</scale>
<Icon><href>http://maps.google.com/mapfiles/kml/shapes/placemark_circle.png</href></Icon>
</IconStyle>
<LabelStyle><scale>0.65</scale></LabelStyle>
</Style><Placemark><name>MG-102</name><styleUrl>#s-PV-325</styleUrl><description><![CDATA[<table style="border-collapse:collapse;width:100%;font-family:'Helvetica Neue',Helvetica,Arial,sans-serif;font-size:11px;border:1px solid #e5e7eb;border-radius:8px;overflow:hidden;"><tr><th colspan="2" style="padding:5px 8px;background:#1f6feb;color:#fff;text-align:left;font-size:12px;font-weight:600;">MG-102</th></tr><tr><th style="padding:3px 5px;text-align:left;background:#f3f4f6;border-bottom:1px solid #d1d5db;width:30%;font-size:11px;font-weight:600;color:#1f2937;">ID</th><td style="padding:3px 5px;border-bottom:1px solid #e5e7eb;font-size:11px;color:#111827;">MG-102</td></tr><tr><th style="padding:3px 5px;text-align:left;background:#f3f4f6;border-bottom:1px solid #d1d5db;width:30%;font-size:11px;font-weight:600;color:#1f2937;">Endereço</th><td style="padding:3px 5px;border-bottom:1px solid #e5e7eb;font-size:11px;color:#111827;">Avenida Mendes da Rocha, 1302</td></tr><tr><th style="padding:3px 5px;text-align:left;background:#f3f4f6;border-bottom:1px solid #d1d5db;width:30%;font-size:11px;font-weight:600;color:#1f2937;">Subprefeitura</th><td style="padding:3px 5px;border-bottom:1px solid #e5e7eb;font-size:11px;color:#111827;">Vila Maria/Vila Guilherme</td></tr><tr><th style="padding:3px 5px;text-align:left;background:#f3f4f6;border-bottom:1px solid #d1d5db;width:30%;font-size:11px;font-weight:600;color:#1f2937;">Volumetria</th><td style="padding:3px 5px;border-bottom:1px solid #e5e7eb;font-size:11px;color:#111827;">Entre 1m³ e 5m³</td></tr></table>]]></description><Point><coordinates>-46.5743900,-23.4761400,0</coordinates></Point></Placemark>
<Style id="s-PV-326">
<LineStyle><color>ffebce87</color><width>2.0</width></LineStyle>
<PolyStyle><color>ffebce87</color></PolyStyle>
<IconStyle><color>ffebce87</color><scale>0.55</scale>
<Icon><href>http://maps.google.com/mapfiles/kml/shapes/placemark_circle.png</href></Icon>
</IconStyle>
<LabelStyle><scale>0.65</scale></LabelStyle>
</Style><Placemark><name>MG-103</name><styleUrl>#s-PV-326</styleUrl><description><![CDATA[<table style="border-collapse:collapse;width:100%;font-family:'Helvetica Neue',Helvetica,Arial,sans-serif;font-size:11px;border:1px solid #e5e7eb;border-radius:8px;overflow:hidden;"><tr><th colspan="2" style="padding:5px 8px;background:#1f6feb;color:#fff;text-align:left;font-size:12px;font-weight:600;">MG-103</th></tr><tr><th style="padding:3px 5px;text-align:left;background:#f3f4f6;border-bottom:1px solid #d1d5db;width:30%;font-size:11px;font-weight:600;color:#1f2937;">ID</th><td style="padding:3px 5px;border-bottom:1px solid #e5e7eb;font-size:11px;color:#111827;">MG-103</td></tr><tr><th style="padding:3px 5px;text-align:left;background:#f3f4f6;border-bottom:1px solid #d1d5db;width:30%;font-size:11px;font-weight:600;color:#1f2937;">Endereço</th><td style="padding:3px 5px;border-bottom:1px solid #e5e7eb;font-size:11px;color:#111827;">Avenida Mendes da Rocha, 906</td></tr><tr><th style="padding:3px 5px;text-align:left;background:#f3f4f6;border-bottom:1px solid #d1d5db;width:30%;font-size:11px;font-weight:600;color:#1f2937;">Subprefeitura</th><td style="padding:3px 5px;border-bottom:1px solid #e5e7eb;font-size:11px;color:#111827;">Vila Maria/Vila Guilherme</td></tr><tr><th style="padding:3px 5px;text-align:left;background:#f3f4f6;border-bottom:1px solid #d1d5db;width:30%;font-size:11px;font-weight:600;color:#1f2937;">Volumetria</th><td style="padding:3px 5px;border-bottom:1px solid #e5e7eb;font-size:11px;color:#111827;">Entre 1m³ e 5m³</td></tr></table>]]></description><Point><coordinates>-46.5726400,-23.4793000,0</coordinates></Point></Placemark>
<Style id="s-PV-327">
<LineStyle><color>ffebce87</color><width>2.0</width></LineStyle>
<PolyStyle><color>ffebce87</color></PolyStyle>
<IconStyle><color>ffebce87</color><scale>0.55</scale>
<Icon><href>http://maps.google.com/mapfiles/kml/shapes/placemark_circle.png</href></Icon>
</IconStyle>
<LabelStyle><scale>0.65</scale></LabelStyle>
</Style><Placemark><name>MG-104</name><styleUrl>#s-PV-327</styleUrl><description><![CDATA[<table style="border-collapse:collapse;width:100%;font-family:'Helvetica Neue',Helvetica,Arial,sans-serif;font-size:11px;border:1px solid #e5e7eb;border-radius:8px;overflow:hidden;"><tr><th colspan="2" style="padding:5px 8px;background:#1f6feb;color:#fff;text-align:left;font-size:12px;font-weight:600;">MG-104</th></tr><tr><th style="padding:3px 5px;text-align:left;background:#f3f4f6;border-bottom:1px solid #d1d5db;width:30%;font-size:11px;font-weight:600;color:#1f2937;">ID</th><td style="padding:3px 5px;border-bottom:1px solid #e5e7eb;font-size:11px;color:#111827;">MG-104</td></tr><tr><th style="padding:3px 5px;text-align:left;background:#f3f4f6;border-bottom:1px solid #d1d5db;width:30%;font-size:11px;font-weight:600;color:#1f2937;">Endereço</th><td style="padding:3px 5px;border-bottom:1px solid #e5e7eb;font-size:11px;color:#111827;">Rua Miguel Mentem, 154</td></tr><tr><th style="padding:3px 5px;text-align:left;background:#f3f4f6;border-bottom:1px solid #d1d5db;width:30%;font-size:11px;font-weight:600;color:#1f2937;">Subprefeitura</th><td style="padding:3px 5px;border-bottom:1px solid #e5e7eb;font-size:11px;color:#111827;">Vila Maria/Vila Guilherme</td></tr><tr><th style="padding:3px 5px;text-align:left;background:#f3f4f6;border-bottom:1px solid #d1d5db;width:30%;font-size:11px;font-weight:600;color:#1f2937;">Volumetria</th><td style="padding:3px 5px;border-bottom:1px solid #e5e7eb;font-size:11px;color:#111827;">Entre 1m³ e 5m³</td></tr></table>]]></description><Point><coordinates>-46.6140600,-23.5172800,0</coordinates></Point></Placemark>
<Style id="s-PV-328">
<LineStyle><color>ffebce87</color><width>2.0</width></LineStyle>
<PolyStyle><color>ffebce87</color></PolyStyle>
<IconStyle><color>ffebce87</color><scale>0.55</scale>
<Icon><href>http://maps.google.com/mapfiles/kml/shapes/placemark_circle.png</href></Icon>
</IconStyle>
<LabelStyle><scale>0.65</scale></LabelStyle>
</Style><Placemark><name>MG-105</name><styleUrl>#s-PV-328</styleUrl><description><![CDATA[<table style="border-collapse:collapse;width:100%;font-family:'Helvetica Neue',Helvetica,Arial,sans-serif;font-size:11px;border:1px solid #e5e7eb;border-radius:8px;overflow:hidden;"><tr><th colspan="2" style="padding:5px 8px;background:#1f6feb;color:#fff;text-align:left;font-size:12px;font-weight:600;">MG-105</th></tr><tr><th style="padding:3px 5px;text-align:left;background:#f3f4f6;border-bottom:1px solid #d1d5db;width:30%;font-size:11px;font-weight:600;color:#1f2937;">ID</th><td style="padding:3px 5px;border-bottom:1px solid #e5e7eb;font-size:11px;color:#111827;">MG-105</td></tr><tr><th style="padding:3px 5px;text-align:left;background:#f3f4f6;border-bottom:1px solid #d1d5db;width:30%;font-size:11px;font-weight:600;color:#1f2937;">Endereço</th><td style="padding:3px 5px;border-bottom:1px solid #e5e7eb;font-size:11px;color:#111827;">Rua Nilton Coelho de Andrade, 959</td></tr><tr><th style="padding:3px 5px;text-align:left;background:#f3f4f6;border-bottom:1px solid #d1d5db;width:30%;font-size:11px;font-weight:600;color:#1f2937;">Subprefeitura</th><td style="padding:3px 5px;border-bottom:1px solid #e5e7eb;font-size:11px;color:#111827;">Vila Maria/Vila Guilherme</td></tr><tr><th style="padding:3px 5px;text-align:left;background:#f3f4f6;border-bottom:1px solid #d1d5db;width:30%;font-size:11px;font-weight:600;color:#1f2937;">Volumetria</th><td style="padding:3px 5px;border-bottom:1px solid #e5e7eb;font-size:11px;color:#111827;">Entre 1m³ e 5m³</td></tr></table>]]></description><Point><coordinates>-46.5781200,-23.5161800,0</coordinates></Point></Placemark>
<Style id="s-PV-329">
<LineStyle><color>ffebce87</color><width>2.0</width></LineStyle>
<PolyStyle><color>ffebce87</color></PolyStyle>
<IconStyle><color>ffebce87</color><scale>0.55</scale>
<Icon><href>http://maps.google.com/mapfiles/kml/shapes/placemark_circle.png</href></Icon>
</IconStyle>
<LabelStyle><scale>0.65</scale></LabelStyle>
</Style><Placemark><name>MG-106</name><styleUrl>#s-PV-329</styleUrl><description><![CDATA[<table style="border-collapse:collapse;width:100%;font-family:'Helvetica Neue',Helvetica,Arial,sans-serif;font-size:11px;border:1px solid #e5e7eb;border-radius:8px;overflow:hidden;"><tr><th colspan="2" style="padding:5px 8px;background:#1f6feb;color:#fff;text-align:left;font-size:12px;font-weight:600;">MG-106</th></tr><tr><th style="padding:3px 5px;text-align:left;background:#f3f4f6;border-bottom:1px solid #d1d5db;width:30%;font-size:11px;font-weight:600;color:#1f2937;">ID</th><td style="padding:3px 5px;border-bottom:1px solid #e5e7eb;font-size:11px;color:#111827;">MG-106</td></tr><tr><th style="padding:3px 5px;text-align:left;background:#f3f4f6;border-bottom:1px solid #d1d5db;width:30%;font-size:11px;font-weight:600;color:#1f2937;">Endereço</th><td style="padding:3px 5px;border-bottom:1px solid #e5e7eb;font-size:11px;color:#111827;">Rua Nossa Senhora Operária, 485</td></tr><tr><th style="padding:3px 5px;text-align:left;background:#f3f4f6;border-bottom:1px solid #d1d5db;width:30%;font-size:11px;font-weight:600;color:#1f2937;">Subprefeitura</th><td style="padding:3px 5px;border-bottom:1px solid #e5e7eb;font-size:11px;color:#111827;">Vila Maria/Vila Guilherme</td></tr><tr><th style="padding:3px 5px;text-align:left;background:#f3f4f6;border-bottom:1px solid #d1d5db;width:30%;font-size:11px;font-weight:600;color:#1f2937;">Volumetria</th><td style="padding:3px 5px;border-bottom:1px solid #e5e7eb;font-size:11px;color:#111827;">Entre 1m³ e 5m³</td></tr></table>]]></description><Point><coordinates>-46.6023100,-23.5153600,0</coordinates></Point></Placemark>
<Style id="s-PV-330">
<LineStyle><color>ffebce87</color><width>2.0</width></LineStyle>
<PolyStyle><color>ffebce87</color></PolyStyle>
<IconStyle><color>ffebce87</color><scale>0.55</scale>
<Icon><href>http://maps.google.com/mapfiles/kml/shapes/placemark_circle.png</href></Icon>
</IconStyle>
<LabelStyle><scale>0.65</scale></LabelStyle>
</Style><Placemark><name>MG-107</name><styleUrl>#s-PV-330</styleUrl><description><![CDATA[<table style="border-collapse:collapse;width:100%;font-family:'Helvetica Neue',Helvetica,Arial,sans-serif;font-size:11px;border:1px solid #e5e7eb;border-radius:8px;overflow:hidden;"><tr><th colspan="2" style="padding:5px 8px;background:#1f6feb;color:#fff;text-align:left;font-size:12px;font-weight:600;">MG-107</th></tr><tr><th style="padding:3px 5px;text-align:left;background:#f3f4f6;border-bottom:1px solid #d1d5db;width:30%;font-size:11px;font-weight:600;color:#1f2937;">ID</th><td style="padding:3px 5px;border-bottom:1px solid #e5e7eb;font-size:11px;color:#111827;">MG-107</td></tr><tr><th style="padding:3px 5px;text-align:left;background:#f3f4f6;border-bottom:1px solid #d1d5db;width:30%;font-size:11px;font-weight:600;color:#1f2937;">Endereço</th><td style="padding:3px 5px;border-bottom:1px solid #e5e7eb;font-size:11px;color:#111827;">Rua Paulino de Brito, 582</td></tr><tr><th style="padding:3px 5px;text-align:left;background:#f3f4f6;border-bottom:1px solid #d1d5db;width:30%;font-size:11px;font-weight:600;color:#1f2937;">Subprefeitura</th><td style="padding:3px 5px;border-bottom:1px solid #e5e7eb;font-size:11px;color:#111827;">Vila Maria/Vila Guilherme</td></tr><tr><th style="padding:3px 5px;text-align:left;background:#f3f4f6;border-bottom:1px solid #d1d5db;width:30%;font-size:11px;font-weight:600;color:#1f2937;">Volumetria</th><td style="padding:3px 5px;border-bottom:1px solid #e5e7eb;font-size:11px;color:#111827;">Entre 1m³ e 5m³</td></tr></table>]]></description><Point><coordinates>-46.5771200,-23.4767200,0</coordinates></Point></Placemark>
<Style id="s-PV-331">
<LineStyle><color>ffebce87</color><width>2.0</width></LineStyle>
<PolyStyle><color>ffebce87</color></PolyStyle>
<IconStyle><color>ffebce87</color><scale>0.55</scale>
<Icon><href>http://maps.google.com/mapfiles/kml/shapes/placemark_circle.png</href></Icon>
</IconStyle>
<LabelStyle><scale>0.65</scale></LabelStyle>
</Style><Placemark><name>MG-108</name><styleUrl>#s-PV-331</styleUrl><description><![CDATA[<table style="border-collapse:collapse;width:100%;font-family:'Helvetica Neue',Helvetica,Arial,sans-serif;font-size:11px;border:1px solid #e5e7eb;border-radius:8px;overflow:hidden;"><tr><th colspan="2" style="padding:5px 8px;background:#1f6feb;color:#fff;text-align:left;font-size:12px;font-weight:600;">MG-108</th></tr><tr><th style="padding:3px 5px;text-align:left;background:#f3f4f6;border-bottom:1px solid #d1d5db;width:30%;font-size:11px;font-weight:600;color:#1f2937;">ID</th><td style="padding:3px 5px;border-bottom:1px solid #e5e7eb;font-size:11px;color:#111827;">MG-108</td></tr><tr><th style="padding:3px 5px;text-align:left;background:#f3f4f6;border-bottom:1px solid #d1d5db;width:30%;font-size:11px;font-weight:600;color:#1f2937;">Endereço</th><td style="padding:3px 5px;border-bottom:1px solid #e5e7eb;font-size:11px;color:#111827;">Rua Paulino de Brito, 679</td></tr><tr><th style="padding:3px 5px;text-align:left;background:#f3f4f6;border-bottom:1px solid #d1d5db;width:30%;font-size:11px;font-weight:600;color:#1f2937;">Subprefeitura</th><td style="padding:3px 5px;border-bottom:1px solid #e5e7eb;font-size:11px;color:#111827;">Vila Maria/Vila Guilherme</td></tr><tr><th style="padding:3px 5px;text-align:left;background:#f3f4f6;border-bottom:1px solid #d1d5db;width:30%;font-size:11px;font-weight:600;color:#1f2937;">Volumetria</th><td style="padding:3px 5px;border-bottom:1px solid #e5e7eb;font-size:11px;color:#111827;">Entre 1m³ e 5m³</td></tr></table>]]></description><Point><coordinates>-46.5763200,-23.4762600,0</coordinates></Point></Placemark>
<Style id="s-PV-332">
<LineStyle><color>ffebce87</color><width>2.0</width></LineStyle>
<PolyStyle><color>ffebce87</color></PolyStyle>
<IconStyle><color>ffebce87</color><scale>0.55</scale>
<Icon><href>http://maps.google.com/mapfiles/kml/shapes/placemark_circle.png</href></Icon>
</IconStyle>
<LabelStyle><scale>0.65</scale></LabelStyle>
</Style><Placemark><name>MG-109</name><styleUrl>#s-PV-332</styleUrl><description><![CDATA[<table style="border-collapse:collapse;width:100%;font-family:'Helvetica Neue',Helvetica,Arial,sans-serif;font-size:11px;border:1px solid #e5e7eb;border-radius:8px;overflow:hidden;"><tr><th colspan="2" style="padding:5px 8px;background:#1f6feb;color:#fff;text-align:left;font-size:12px;font-weight:600;">MG-109</th></tr><tr><th style="padding:3px 5px;text-align:left;background:#f3f4f6;border-bottom:1px solid #d1d5db;width:30%;font-size:11px;font-weight:600;color:#1f2937;">ID</th><td style="padding:3px 5px;border-bottom:1px solid #e5e7eb;font-size:11px;color:#111827;">MG-109</td></tr><tr><th style="padding:3px 5px;text-align:left;background:#f3f4f6;border-bottom:1px solid #d1d5db;width:30%;font-size:11px;font-weight:600;color:#1f2937;">Endereço</th><td style="padding:3px 5px;border-bottom:1px solid #e5e7eb;font-size:11px;color:#111827;">Rua Pedro Taques Pires, 168</td></tr><tr><th style="padding:3px 5px;text-align:left;background:#f3f4f6;border-bottom:1px solid #d1d5db;width:30%;font-size:11px;font-weight:600;color:#1f2937;">Subprefeitura</th><td style="padding:3px 5px;border-bottom:1px solid #e5e7eb;font-size:11px;color:#111827;">Vila Maria/Vila Guilherme</td></tr><tr><th style="padding:3px 5px;text-align:left;background:#f3f4f6;border-bottom:1px solid #d1d5db;width:30%;font-size:11px;font-weight:600;color:#1f2937;">Volumetria</th><td style="padding:3px 5px;border-bottom:1px solid #e5e7eb;font-size:11px;color:#111827;">Entre 1m³ e 5m³</td></tr></table>]]></description><Point><coordinates>-46.5626900,-23.5106000,0</coordinates></Point></Placemark>
<Style id="s-PV-333">
<LineStyle><color>ffebce87</color><width>2.0</width></LineStyle>
<PolyStyle><color>ffebce87</color></PolyStyle>
<IconStyle><color>ffebce87</color><scale>0.55</scale>
<Icon><href>http://maps.google.com/mapfiles/kml/shapes/placemark_circle.png</href></Icon>
</IconStyle>
<LabelStyle><scale>0.65</scale></LabelStyle>
</Style><Placemark><name>MG-110</name><styleUrl>#s-PV-333</styleUrl><description><![CDATA[<table style="border-collapse:collapse;width:100%;font-family:'Helvetica Neue',Helvetica,Arial,sans-serif;font-size:11px;border:1px solid #e5e7eb;border-radius:8px;overflow:hidden;"><tr><th colspan="2" style="padding:5px 8px;background:#1f6feb;color:#fff;text-align:left;font-size:12px;font-weight:600;">MG-110</th></tr><tr><th style="padding:3px 5px;text-align:left;background:#f3f4f6;border-bottom:1px solid #d1d5db;width:30%;font-size:11px;font-weight:600;color:#1f2937;">ID</th><td style="padding:3px 5px;border-bottom:1px solid #e5e7eb;font-size:11px;color:#111827;">MG-110</td></tr><tr><th style="padding:3px 5px;text-align:left;background:#f3f4f6;border-bottom:1px solid #d1d5db;width:30%;font-size:11px;font-weight:600;color:#1f2937;">Endereço</th><td style="padding:3px 5px;border-bottom:1px solid #e5e7eb;font-size:11px;color:#111827;">Rua Pedro Taques Pires, 3</td></tr><tr><th style="padding:3px 5px;text-align:left;background:#f3f4f6;border-bottom:1px solid #d1d5db;width:30%;font-size:11px;font-weight:600;color:#1f2937;">Subprefeitura</th><td style="padding:3px 5px;border-bottom:1px solid #e5e7eb;font-size:11px;color:#111827;">Vila Maria/Vila Guilherme</td></tr><tr><th style="padding:3px 5px;text-align:left;background:#f3f4f6;border-bottom:1px solid #d1d5db;width:30%;font-size:11px;font-weight:600;color:#1f2937;">Volumetria</th><td style="padding:3px 5px;border-bottom:1px solid #e5e7eb;font-size:11px;color:#111827;">Entre 1m³ e 5m³</td></tr></table>]]></description><Point><coordinates>-46.5632700,-23.5119300,0</coordinates></Point></Placemark>
<Style id="s-PV-334">
<LineStyle><color>ffebce87</color><width>2.0</width></LineStyle>
<PolyStyle><color>ffebce87</color></PolyStyle>
<IconStyle><color>ffebce87</color><scale>0.55</scale>
<Icon><href>http://maps.google.com/mapfiles/kml/shapes/placemark_circle.png</href></Icon>
</IconStyle>
<LabelStyle><scale>0.65</scale></LabelStyle>
</Style><Placemark><name>MG-111</name><styleUrl>#s-PV-334</styleUrl><description><![CDATA[<table style="border-collapse:collapse;width:100%;font-family:'Helvetica Neue',Helvetica,Arial,sans-serif;font-size:11px;border:1px solid #e5e7eb;border-radius:8px;overflow:hidden;"><tr><th colspan="2" style="padding:5px 8px;background:#1f6feb;color:#fff;text-align:left;font-size:12px;font-weight:600;">MG-111</th></tr><tr><th style="padding:3px 5px;text-align:left;background:#f3f4f6;border-bottom:1px solid #d1d5db;width:30%;font-size:11px;font-weight:600;color:#1f2937;">ID</th><td style="padding:3px 5px;border-bottom:1px solid #e5e7eb;font-size:11px;color:#111827;">MG-111</td></tr><tr><th style="padding:3px 5px;text-align:left;background:#f3f4f6;border-bottom:1px solid #d1d5db;width:30%;font-size:11px;font-weight:600;color:#1f2937;">Endereço</th><td style="padding:3px 5px;border-bottom:1px solid #e5e7eb;font-size:11px;color:#111827;">Rua Sargento Alberto Melo da Costa, 206</td></tr><tr><th style="padding:3px 5px;text-align:left;background:#f3f4f6;border-bottom:1px solid #d1d5db;width:30%;font-size:11px;font-weight:600;color:#1f2937;">Subprefeitura</th><td style="padding:3px 5px;border-bottom:1px solid #e5e7eb;font-size:11px;color:#111827;">Vila Maria/Vila Guilherme</td></tr><tr><th style="padding:3px 5px;text-align:left;background:#f3f4f6;border-bottom:1px solid #d1d5db;width:30%;font-size:11px;font-weight:600;color:#1f2937;">Volumetria</th><td style="padding:3px 5px;border-bottom:1px solid #e5e7eb;font-size:11px;color:#111827;">Entre 1m³ e 5m³</td></tr></table>]]></description><Point><coordinates>-46.5752700,-23.5092400,0</coordinates></Point></Placemark>
<Style id="s-PV-335">
<LineStyle><color>ffebce87</color><width>2.0</width></LineStyle>
<PolyStyle><color>ffebce87</color></PolyStyle>
<IconStyle><color>ffebce87</color><scale>0.55</scale>
<Icon><href>http://maps.google.com/mapfiles/kml/shapes/placemark_circle.png</href></Icon>
</IconStyle>
<LabelStyle><scale>0.65</scale></LabelStyle>
</Style><Placemark><name>MG-112</name><styleUrl>#s-PV-335</styleUrl><description><![CDATA[<table style="border-collapse:collapse;width:100%;font-family:'Helvetica Neue',Helvetica,Arial,sans-serif;font-size:11px;border:1px solid #e5e7eb;border-radius:8px;overflow:hidden;"><tr><th colspan="2" style="padding:5px 8px;background:#1f6feb;color:#fff;text-align:left;font-size:12px;font-weight:600;">MG-112</th></tr><tr><th style="padding:3px 5px;text-align:left;background:#f3f4f6;border-bottom:1px solid #d1d5db;width:30%;font-size:11px;font-weight:600;color:#1f2937;">ID</th><td style="padding:3px 5px;border-bottom:1px solid #e5e7eb;font-size:11px;color:#111827;">MG-112</td></tr><tr><th style="padding:3px 5px;text-align:left;background:#f3f4f6;border-bottom:1px solid #d1d5db;width:30%;font-size:11px;font-weight:600;color:#1f2937;">Endereço</th><td style="padding:3px 5px;border-bottom:1px solid #e5e7eb;font-size:11px;color:#111827;">Rua Sebastian Bach, 226</td></tr><tr><th style="padding:3px 5px;text-align:left;background:#f3f4f6;border-bottom:1px solid #d1d5db;width:30%;font-size:11px;font-weight:600;color:#1f2937;">Subprefeitura</th><td style="padding:3px 5px;border-bottom:1px solid #e5e7eb;font-size:11px;color:#111827;">Vila Maria/Vila Guilherme</td></tr><tr><th style="padding:3px 5px;text-align:left;background:#f3f4f6;border-bottom:1px solid #d1d5db;width:30%;font-size:11px;font-weight:600;color:#1f2937;">Volumetria</th><td style="padding:3px 5px;border-bottom:1px solid #e5e7eb;font-size:11px;color:#111827;">Entre 1m³ e 5m³</td></tr></table>]]></description><Point><coordinates>-46.5690300,-23.4976100,0</coordinates></Point></Placemark>
<Style id="s-PV-336">
<LineStyle><color>ffebce87</color><width>2.0</width></LineStyle>
<PolyStyle><color>ffebce87</color></PolyStyle>
<IconStyle><color>ffebce87</color><scale>0.55</scale>
<Icon><href>http://maps.google.com/mapfiles/kml/shapes/placemark_circle.png</href></Icon>
</IconStyle>
<LabelStyle><scale>0.65</scale></LabelStyle>
</Style><Placemark><name>MG-113</name><styleUrl>#s-PV-336</styleUrl><description><![CDATA[<table style="border-collapse:collapse;width:100%;font-family:'Helvetica Neue',Helvetica,Arial,sans-serif;font-size:11px;border:1px solid #e5e7eb;border-radius:8px;overflow:hidden;"><tr><th colspan="2" style="padding:5px 8px;background:#1f6feb;color:#fff;text-align:left;font-size:12px;font-weight:600;">MG-113</th></tr><tr><th style="padding:3px 5px;text-align:left;background:#f3f4f6;border-bottom:1px solid #d1d5db;width:30%;font-size:11px;font-weight:600;color:#1f2937;">ID</th><td style="padding:3px 5px;border-bottom:1px solid #e5e7eb;font-size:11px;color:#111827;">MG-113</td></tr><tr><th style="padding:3px 5px;text-align:left;background:#f3f4f6;border-bottom:1px solid #d1d5db;width:30%;font-size:11px;font-weight:600;color:#1f2937;">Endereço</th><td style="padding:3px 5px;border-bottom:1px solid #e5e7eb;font-size:11px;color:#111827;">Rua Simão Pedroso, 303</td></tr><tr><th style="padding:3px 5px;text-align:left;background:#f3f4f6;border-bottom:1px solid #d1d5db;width:30%;font-size:11px;font-weight:600;color:#1f2937;">Subprefeitura</th><td style="padding:3px 5px;border-bottom:1px solid #e5e7eb;font-size:11px;color:#111827;">Vila Maria/Vila Guilherme</td></tr><tr><th style="padding:3px 5px;text-align:left;background:#f3f4f6;border-bottom:1px solid #d1d5db;width:30%;font-size:11px;font-weight:600;color:#1f2937;">Volumetria</th><td style="padding:3px 5px;border-bottom:1px solid #e5e7eb;font-size:11px;color:#111827;">Entre 1m³ e 5m³</td></tr></table>]]></description><Point><coordinates>-46.5929500,-23.4922500,0</coordinates></Point></Placemark>
<Style id="s-PV-337">
<LineStyle><color>ffebce87</color><width>2.0</width></LineStyle>
<PolyStyle><color>ffebce87</color></PolyStyle>
<IconStyle><color>ffebce87</color><scale>0.55</scale>
<Icon><href>http://maps.google.com/mapfiles/kml/shapes/placemark_circle.png</href></Icon>
</IconStyle>
<LabelStyle><scale>0.65</scale></LabelStyle>
</Style><Placemark><name>MG-114</name><styleUrl>#s-PV-337</styleUrl><description><![CDATA[<table style="border-collapse:collapse;width:100%;font-family:'Helvetica Neue',Helvetica,Arial,sans-serif;font-size:11px;border:1px solid #e5e7eb;border-radius:8px;overflow:hidden;"><tr><th colspan="2" style="padding:5px 8px;background:#1f6feb;color:#fff;text-align:left;font-size:12px;font-weight:600;">MG-114</th></tr><tr><th style="padding:3px 5px;text-align:left;background:#f3f4f6;border-bottom:1px solid #d1d5db;width:30%;font-size:11px;font-weight:600;color:#1f2937;">ID</th><td style="padding:3px 5px;border-bottom:1px solid #e5e7eb;font-size:11px;color:#111827;">MG-114</td></tr><tr><th style="padding:3px 5px;text-align:left;background:#f3f4f6;border-bottom:1px solid #d1d5db;width:30%;font-size:11px;font-weight:600;color:#1f2937;">Endereço</th><td style="padding:3px 5px;border-bottom:1px solid #e5e7eb;font-size:11px;color:#111827;">Rua Simão Pedroso, 333</td></tr><tr><th style="padding:3px 5px;text-align:left;background:#f3f4f6;border-bottom:1px solid #d1d5db;width:30%;font-size:11px;font-weight:600;color:#1f2937;">Subprefeitura</th><td style="padding:3px 5px;border-bottom:1px solid #e5e7eb;font-size:11px;color:#111827;">Vila Maria/Vila Guilherme</td></tr><tr><th style="padding:3px 5px;text-align:left;background:#f3f4f6;border-bottom:1px solid #d1d5db;width:30%;font-size:11px;font-weight:600;color:#1f2937;">Volumetria</th><td style="padding:3px 5px;border-bottom:1px solid #e5e7eb;font-size:11px;color:#111827;">Entre 1m³ e 5m³</td></tr></table>]]></description><Point><coordinates>-46.5928400,-23.4921600,0</coordinates></Point></Placemark>
<Style id="s-PV-338">
<LineStyle><color>ffebce87</color><width>2.0</width></LineStyle>
<PolyStyle><color>ffebce87</color></PolyStyle>
<IconStyle><color>ffebce87</color><scale>0.55</scale>
<Icon><href>http://maps.google.com/mapfiles/kml/shapes/placemark_circle.png</href></Icon>
</IconStyle>
<LabelStyle><scale>0.65</scale></LabelStyle>
</Style><Placemark><name>MG-115</name><styleUrl>#s-PV-338</styleUrl><description><![CDATA[<table style="border-collapse:collapse;width:100%;font-family:'Helvetica Neue',Helvetica,Arial,sans-serif;font-size:11px;border:1px solid #e5e7eb;border-radius:8px;overflow:hidden;"><tr><th colspan="2" style="padding:5px 8px;background:#1f6feb;color:#fff;text-align:left;font-size:12px;font-weight:600;">MG-115</th></tr><tr><th style="padding:3px 5px;text-align:left;background:#f3f4f6;border-bottom:1px solid #d1d5db;width:30%;font-size:11px;font-weight:600;color:#1f2937;">ID</th><td style="padding:3px 5px;border-bottom:1px solid #e5e7eb;font-size:11px;color:#111827;">MG-115</td></tr><tr><th style="padding:3px 5px;text-align:left;background:#f3f4f6;border-bottom:1px solid #d1d5db;width:30%;font-size:11px;font-weight:600;color:#1f2937;">Endereço</th><td style="padding:3px 5px;border-bottom:1px solid #e5e7eb;font-size:11px;color:#111827;">Rua Soldado Almir Bernardino, 38</td></tr><tr><th style="padding:3px 5px;text-align:left;background:#f3f4f6;border-bottom:1px solid #d1d5db;width:30%;font-size:11px;font-weight:600;color:#1f2937;">Subprefeitura</th><td style="padding:3px 5px;border-bottom:1px solid #e5e7eb;font-size:11px;color:#111827;">Vila Maria/Vila Guilherme</td></tr><tr><th style="padding:3px 5px;text-align:left;background:#f3f4f6;border-bottom:1px solid #d1d5db;width:30%;font-size:11px;font-weight:600;color:#1f2937;">Volumetria</th><td style="padding:3px 5px;border-bottom:1px solid #e5e7eb;font-size:11px;color:#111827;">Entre 1m³ e 5m³</td></tr></table>]]></description><Point><coordinates>-46.5654100,-23.5156200,0</coordinates></Point></Placemark>
<Style id="s-PV-339">
<LineStyle><color>ffebce87</color><width>2.0</width></LineStyle>
<PolyStyle><color>ffebce87</color></PolyStyle>
<IconStyle><color>ffebce87</color><scale>0.55</scale>
<Icon><href>http://maps.google.com/mapfiles/kml/shapes/placemark_circle.png</href></Icon>
</IconStyle>
<LabelStyle><scale>0.65</scale></LabelStyle>
</Style><Placemark><name>MG-116</name><styleUrl>#s-PV-339</styleUrl><description><![CDATA[<table style="border-collapse:collapse;width:100%;font-family:'Helvetica Neue',Helvetica,Arial,sans-serif;font-size:11px;border:1px solid #e5e7eb;border-radius:8px;overflow:hidden;"><tr><th colspan="2" style="padding:5px 8px;background:#1f6feb;color:#fff;text-align:left;font-size:12px;font-weight:600;">MG-116</th></tr><tr><th style="padding:3px 5px;text-align:left;background:#f3f4f6;border-bottom:1px solid #d1d5db;width:30%;font-size:11px;font-weight:600;color:#1f2937;">ID</th><td style="padding:3px 5px;border-bottom:1px solid #e5e7eb;font-size:11px;color:#111827;">MG-116</td></tr><tr><th style="padding:3px 5px;text-align:left;background:#f3f4f6;border-bottom:1px solid #d1d5db;width:30%;font-size:11px;font-weight:600;color:#1f2937;">Endereço</th><td style="padding:3px 5px;border-bottom:1px solid #e5e7eb;font-size:11px;color:#111827;">Rua Soldado Antonio Aparecido, 28</td></tr><tr><th style="padding:3px 5px;text-align:left;background:#f3f4f6;border-bottom:1px solid #d1d5db;width:30%;font-size:11px;font-weight:600;color:#1f2937;">Subprefeitura</th><td style="padding:3px 5px;border-bottom:1px solid #e5e7eb;font-size:11px;color:#111827;">Vila Maria/Vila Guilherme</td></tr><tr><th style="padding:3px 5px;text-align:left;background:#f3f4f6;border-bottom:1px solid #d1d5db;width:30%;font-size:11px;font-weight:600;color:#1f2937;">Volumetria</th><td style="padding:3px 5px;border-bottom:1px solid #e5e7eb;font-size:11px;color:#111827;">Entre 1m³ e 5m³</td></tr></table>]]></description><Point><coordinates>-46.5644800,-23.5129400,0</coordinates></Point></Placemark>
<Style id="s-PV-340">
<LineStyle><color>ffebce87</color><width>2.0</width></LineStyle>
<PolyStyle><color>ffebce87</color></PolyStyle>
<IconStyle><color>ffebce87</color><scale>0.55</scale>
<Icon><href>http://maps.google.com/mapfiles/kml/shapes/placemark_circle.png</href></Icon>
</IconStyle>
<LabelStyle><scale>0.65</scale></LabelStyle>
</Style><Placemark><name>MG-117</name><styleUrl>#s-PV-340</styleUrl><description><![CDATA[<table style="border-collapse:collapse;width:100%;font-family:'Helvetica Neue',Helvetica,Arial,sans-serif;font-size:11px;border:1px solid #e5e7eb;border-radius:8px;overflow:hidden;"><tr><th colspan="2" style="padding:5px 8px;background:#1f6feb;color:#fff;text-align:left;font-size:12px;font-weight:600;">MG-117</th></tr><tr><th style="padding:3px 5px;text-align:left;background:#f3f4f6;border-bottom:1px solid #d1d5db;width:30%;font-size:11px;font-weight:600;color:#1f2937;">ID</th><td style="padding:3px 5px;border-bottom:1px solid #e5e7eb;font-size:11px;color:#111827;">MG-117</td></tr><tr><th style="padding:3px 5px;text-align:left;background:#f3f4f6;border-bottom:1px solid #d1d5db;width:30%;font-size:11px;font-weight:600;color:#1f2937;">Endereço</th><td style="padding:3px 5px;border-bottom:1px solid #e5e7eb;font-size:11px;color:#111827;">Rua Soldado Aristides Gouveia, 5</td></tr><tr><th style="padding:3px 5px;text-align:left;background:#f3f4f6;border-bottom:1px solid #d1d5db;width:30%;font-size:11px;font-weight:600;color:#1f2937;">Subprefeitura</th><td style="padding:3px 5px;border-bottom:1px solid #e5e7eb;font-size:11px;color:#111827;">Vila Maria/Vila Guilherme</td></tr><tr><th style="padding:3px 5px;text-align:left;background:#f3f4f6;border-bottom:1px solid #d1d5db;width:30%;font-size:11px;font-weight:600;color:#1f2937;">Volumetria</th><td style="padding:3px 5px;border-bottom:1px solid #e5e7eb;font-size:11px;color:#111827;">Entre 1m³ e 5m³</td></tr><tr><th style="padding:3px 5px;text-align:left;background:#f3f4f6;border-bottom:1px solid #d1d5db;width:30%;font-size:11px;font-weight:600;color:#1f2937;">Status</th><td style="padding:3px 5px;border-bottom:1px solid #e5e7eb;font-size:11px;color:#111827;">Revitalizado</td></tr><tr><th style="padding:3px 5px;text-align:left;background:#f3f4f6;border-bottom:1px solid #d1d5db;width:30%;font-size:11px;font-weight:600;color:#1f2937;">Data</th><td style="padding:3px 5px;border-bottom:1px solid #e5e7eb;font-size:11px;color:#111827;">45948</td></tr></table>]]></description><Point><coordinates>-46.5693600,-23.5103400,0</coordinates></Point></Placemark>
<Style id="s-PV-341">
<LineStyle><color>ffebce87</color><width>2.0</width></LineStyle>
<PolyStyle><color>ffebce87</color></PolyStyle>
<IconStyle><color>ffebce87</color><scale>0.55</scale>
<Icon><href>http://maps.google.com/mapfiles/kml/shapes/placemark_circle.png</href></Icon>
</IconStyle>
<LabelStyle><scale>0.65</scale></LabelStyle>
</Style><Placemark><name>MG-118</name><styleUrl>#s-PV-341</styleUrl><description><![CDATA[<table style="border-collapse:collapse;width:100%;font-family:'Helvetica Neue',Helvetica,Arial,sans-serif;font-size:11px;border:1px solid #e5e7eb;border-radius:8px;overflow:hidden;"><tr><th colspan="2" style="padding:5px 8px;background:#1f6feb;color:#fff;text-align:left;font-size:12px;font-weight:600;">MG-118</th></tr><tr><th style="padding:3px 5px;text-align:left;background:#f3f4f6;border-bottom:1px solid #d1d5db;width:30%;font-size:11px;font-weight:600;color:#1f2937;">ID</th><td style="padding:3px 5px;border-bottom:1px solid #e5e7eb;font-size:11px;color:#111827;">MG-118</td></tr><tr><th style="padding:3px 5px;text-align:left;background:#f3f4f6;border-bottom:1px solid #d1d5db;width:30%;font-size:11px;font-weight:600;color:#1f2937;">Endereço</th><td style="padding:3px 5px;border-bottom:1px solid #e5e7eb;font-size:11px;color:#111827;">Rua Soldado Aristides Gouveia, 60</td></tr><tr><th style="padding:3px 5px;text-align:left;background:#f3f4f6;border-bottom:1px solid #d1d5db;width:30%;font-size:11px;font-weight:600;color:#1f2937;">Subprefeitura</th><td style="padding:3px 5px;border-bottom:1px solid #e5e7eb;font-size:11px;color:#111827;">Vila Maria/Vila Guilherme</td></tr><tr><th style="padding:3px 5px;text-align:left;background:#f3f4f6;border-bottom:1px solid #d1d5db;width:30%;font-size:11px;font-weight:600;color:#1f2937;">Volumetria</th><td style="padding:3px 5px;border-bottom:1px solid #e5e7eb;font-size:11px;color:#111827;">Entre 1m³ e 5m³</td></tr><tr><th style="padding:3px 5px;text-align:left;background:#f3f4f6;border-bottom:1px solid #d1d5db;width:30%;font-size:11px;font-weight:600;color:#1f2937;">Status</th><td style="padding:3px 5px;border-bottom:1px solid #e5e7eb;font-size:11px;color:#111827;">Revitalizado</td></tr><tr><th style="padding:3px 5px;text-align:left;background:#f3f4f6;border-bottom:1px solid #d1d5db;width:30%;font-size:11px;font-weight:600;color:#1f2937;">Data</th><td style="padding:3px 5px;border-bottom:1px solid #e5e7eb;font-size:11px;color:#111827;">46032</td></tr></table>]]></description><Point><coordinates>-46.5685400,-23.5108900,0</coordinates></Point></Placemark>
<Style id="s-PV-342">
<LineStyle><color>ffebce87</color><width>2.0</width></LineStyle>
<PolyStyle><color>ffebce87</color></PolyStyle>
<IconStyle><color>ffebce87</color><scale>0.55</scale>
<Icon><href>http://maps.google.com/mapfiles/kml/shapes/placemark_circle.png</href></Icon>
</IconStyle>
<LabelStyle><scale>0.65</scale></LabelStyle>
</Style><Placemark><name>MG-119</name><styleUrl>#s-PV-342</styleUrl><description><![CDATA[<table style="border-collapse:collapse;width:100%;font-family:'Helvetica Neue',Helvetica,Arial,sans-serif;font-size:11px;border:1px solid #e5e7eb;border-radius:8px;overflow:hidden;"><tr><th colspan="2" style="padding:5px 8px;background:#1f6feb;color:#fff;text-align:left;font-size:12px;font-weight:600;">MG-119</th></tr><tr><th style="padding:3px 5px;text-align:left;background:#f3f4f6;border-bottom:1px solid #d1d5db;width:30%;font-size:11px;font-weight:600;color:#1f2937;">ID</th><td style="padding:3px 5px;border-bottom:1px solid #e5e7eb;font-size:11px;color:#111827;">MG-119</td></tr><tr><th style="padding:3px 5px;text-align:left;background:#f3f4f6;border-bottom:1px solid #d1d5db;width:30%;font-size:11px;font-weight:600;color:#1f2937;">Endereço</th><td style="padding:3px 5px;border-bottom:1px solid #e5e7eb;font-size:11px;color:#111827;">Rua Soldado Cristóvão Morais Garcia, 460</td></tr><tr><th style="padding:3px 5px;text-align:left;background:#f3f4f6;border-bottom:1px solid #d1d5db;width:30%;font-size:11px;font-weight:600;color:#1f2937;">Subprefeitura</th><td style="padding:3px 5px;border-bottom:1px solid #e5e7eb;font-size:11px;color:#111827;">Vila Maria/Vila Guilherme</td></tr><tr><th style="padding:3px 5px;text-align:left;background:#f3f4f6;border-bottom:1px solid #d1d5db;width:30%;font-size:11px;font-weight:600;color:#1f2937;">Volumetria</th><td style="padding:3px 5px;border-bottom:1px solid #e5e7eb;font-size:11px;color:#111827;">Entre 1m³ e 5m³</td></tr></table>]]></description><Point><coordinates>-46.5643800,-23.5163800,0</coordinates></Point></Placemark>
<Style id="s-PV-343">
<LineStyle><color>ffebce87</color><width>2.0</width></LineStyle>
<PolyStyle><color>ffebce87</color></PolyStyle>
<IconStyle><color>ffebce87</color><scale>0.55</scale>
<Icon><href>http://maps.google.com/mapfiles/kml/shapes/placemark_circle.png</href></Icon>
</IconStyle>
<LabelStyle><scale>0.65</scale></LabelStyle>
</Style><Placemark><name>MG-120</name><styleUrl>#s-PV-343</styleUrl><description><![CDATA[<table style="border-collapse:collapse;width:100%;font-family:'Helvetica Neue',Helvetica,Arial,sans-serif;font-size:11px;border:1px solid #e5e7eb;border-radius:8px;overflow:hidden;"><tr><th colspan="2" style="padding:5px 8px;background:#1f6feb;color:#fff;text-align:left;font-size:12px;font-weight:600;">MG-120</th></tr><tr><th style="padding:3px 5px;text-align:left;background:#f3f4f6;border-bottom:1px solid #d1d5db;width:30%;font-size:11px;font-weight:600;color:#1f2937;">ID</th><td style="padding:3px 5px;border-bottom:1px solid #e5e7eb;font-size:11px;color:#111827;">MG-120</td></tr><tr><th style="padding:3px 5px;text-align:left;background:#f3f4f6;border-bottom:1px solid #d1d5db;width:30%;font-size:11px;font-weight:600;color:#1f2937;">Endereço</th><td style="padding:3px 5px;border-bottom:1px solid #e5e7eb;font-size:11px;color:#111827;">Rua Soldado Cristóvão Morais Garcia, 521</td></tr><tr><th style="padding:3px 5px;text-align:left;background:#f3f4f6;border-bottom:1px solid #d1d5db;width:30%;font-size:11px;font-weight:600;color:#1f2937;">Subprefeitura</th><td style="padding:3px 5px;border-bottom:1px solid #e5e7eb;font-size:11px;color:#111827;">Vila Maria/Vila Guilherme</td></tr><tr><th style="padding:3px 5px;text-align:left;background:#f3f4f6;border-bottom:1px solid #d1d5db;width:30%;font-size:11px;font-weight:600;color:#1f2937;">Volumetria</th><td style="padding:3px 5px;border-bottom:1px solid #e5e7eb;font-size:11px;color:#111827;">Entre 1m³ e 5m³</td></tr><tr><th style="padding:3px 5px;text-align:left;background:#f3f4f6;border-bottom:1px solid #d1d5db;width:30%;font-size:11px;font-weight:600;color:#1f2937;">Status</th><td style="padding:3px 5px;border-bottom:1px solid #e5e7eb;font-size:11px;color:#111827;">Revitalizado</td></tr><tr><th style="padding:3px 5px;text-align:left;background:#f3f4f6;border-bottom:1px solid #d1d5db;width:30%;font-size:11px;font-weight:600;color:#1f2937;">Data</th><td style="padding:3px 5px;border-bottom:1px solid #e5e7eb;font-size:11px;color:#111827;">46020</td></tr></table>]]></description><Point><coordinates>-46.5642400,-23.5159800,0</coordinates></Point></Placemark>
<Style id="s-PV-344">
<LineStyle><color>ffebce87</color><width>2.0</width></LineStyle>
<PolyStyle><color>ffebce87</color></PolyStyle>
<IconStyle><color>ffebce87</color><scale>0.55</scale>
<Icon><href>http://maps.google.com/mapfiles/kml/shapes/placemark_circle.png</href></Icon>
</IconStyle>
<LabelStyle><scale>0.65</scale></LabelStyle>
</Style><Placemark><name>MG-121</name><styleUrl>#s-PV-344</styleUrl><description><![CDATA[<table style="border-collapse:collapse;width:100%;font-family:'Helvetica Neue',Helvetica,Arial,sans-serif;font-size:11px;border:1px solid #e5e7eb;border-radius:8px;overflow:hidden;"><tr><th colspan="2" style="padding:5px 8px;background:#1f6feb;color:#fff;text-align:left;font-size:12px;font-weight:600;">MG-121</th></tr><tr><th style="padding:3px 5px;text-align:left;background:#f3f4f6;border-bottom:1px solid #d1d5db;width:30%;font-size:11px;font-weight:600;color:#1f2937;">ID</th><td style="padding:3px 5px;border-bottom:1px solid #e5e7eb;font-size:11px;color:#111827;">MG-121</td></tr><tr><th style="padding:3px 5px;text-align:left;background:#f3f4f6;border-bottom:1px solid #d1d5db;width:30%;font-size:11px;font-weight:600;color:#1f2937;">Endereço</th><td style="padding:3px 5px;border-bottom:1px solid #e5e7eb;font-size:11px;color:#111827;">Rua Soldado Francisco Franco, 81</td></tr><tr><th style="padding:3px 5px;text-align:left;background:#f3f4f6;border-bottom:1px solid #d1d5db;width:30%;font-size:11px;font-weight:600;color:#1f2937;">Subprefeitura</th><td style="padding:3px 5px;border-bottom:1px solid #e5e7eb;font-size:11px;color:#111827;">Vila Maria/Vila Guilherme</td></tr><tr><th style="padding:3px 5px;text-align:left;background:#f3f4f6;border-bottom:1px solid #d1d5db;width:30%;font-size:11px;font-weight:600;color:#1f2937;">Volumetria</th><td style="padding:3px 5px;border-bottom:1px solid #e5e7eb;font-size:11px;color:#111827;">Entre 1m³ e 5m³</td></tr></table>]]></description><Point><coordinates>-46.5659800,-23.5229200,0</coordinates></Point></Placemark>
<Style id="s-PV-345">
<LineStyle><color>ffebce87</color><width>2.0</width></LineStyle>
<PolyStyle><color>ffebce87</color></PolyStyle>
<IconStyle><color>ffebce87</color><scale>0.55</scale>
<Icon><href>http://maps.google.com/mapfiles/kml/shapes/placemark_circle.png</href></Icon>
</IconStyle>
<LabelStyle><scale>0.65</scale></LabelStyle>
</Style><Placemark><name>MG-122</name><styleUrl>#s-PV-345</styleUrl><description><![CDATA[<table style="border-collapse:collapse;width:100%;font-family:'Helvetica Neue',Helvetica,Arial,sans-serif;font-size:11px;border:1px solid #e5e7eb;border-radius:8px;overflow:hidden;"><tr><th colspan="2" style="padding:5px 8px;background:#1f6feb;color:#fff;text-align:left;font-size:12px;font-weight:600;">MG-122</th></tr><tr><th style="padding:3px 5px;text-align:left;background:#f3f4f6;border-bottom:1px solid #d1d5db;width:30%;font-size:11px;font-weight:600;color:#1f2937;">ID</th><td style="padding:3px 5px;border-bottom:1px solid #e5e7eb;font-size:11px;color:#111827;">MG-122</td></tr><tr><th style="padding:3px 5px;text-align:left;background:#f3f4f6;border-bottom:1px solid #d1d5db;width:30%;font-size:11px;font-weight:600;color:#1f2937;">Endereço</th><td style="padding:3px 5px;border-bottom:1px solid #e5e7eb;font-size:11px;color:#111827;">Rua Soldado Francisco Tamborim, 205</td></tr><tr><th style="padding:3px 5px;text-align:left;background:#f3f4f6;border-bottom:1px solid #d1d5db;width:30%;font-size:11px;font-weight:600;color:#1f2937;">Subprefeitura</th><td style="padding:3px 5px;border-bottom:1px solid #e5e7eb;font-size:11px;color:#111827;">Vila Maria/Vila Guilherme</td></tr><tr><th style="padding:3px 5px;text-align:left;background:#f3f4f6;border-bottom:1px solid #d1d5db;width:30%;font-size:11px;font-weight:600;color:#1f2937;">Volumetria</th><td style="padding:3px 5px;border-bottom:1px solid #e5e7eb;font-size:11px;color:#111827;">Entre 1m³ e 5m³</td></tr><tr><th style="padding:3px 5px;text-align:left;background:#f3f4f6;border-bottom:1px solid #d1d5db;width:30%;font-size:11px;font-weight:600;color:#1f2937;">Status</th><td style="padding:3px 5px;border-bottom:1px solid #e5e7eb;font-size:11px;color:#111827;">Revitalizado</td></tr><tr><th style="padding:3px 5px;text-align:left;background:#f3f4f6;border-bottom:1px solid #d1d5db;width:30%;font-size:11px;font-weight:600;color:#1f2937;">Data</th><td style="padding:3px 5px;border-bottom:1px solid #e5e7eb;font-size:11px;color:#111827;">45997</td></tr></table>]]></description><Point><coordinates>-46.5731100,-23.5156600,0</coordinates></Point></Placemark>
<Style id="s-PV-346">
<LineStyle><color>ffebce87</color><width>2.0</width></LineStyle>
<PolyStyle><color>ffebce87</color></PolyStyle>
<IconStyle><color>ffebce87</color><scale>0.55</scale>
<Icon><href>http://maps.google.com/mapfiles/kml/shapes/placemark_circle.png</href></Icon>
</IconStyle>
<LabelStyle><scale>0.65</scale></LabelStyle>
</Style><Placemark><name>MG-123</name><styleUrl>#s-PV-346</styleUrl><description><![CDATA[<table style="border-collapse:collapse;width:100%;font-family:'Helvetica Neue',Helvetica,Arial,sans-serif;font-size:11px;border:1px solid #e5e7eb;border-radius:8px;overflow:hidden;"><tr><th colspan="2" style="padding:5px 8px;background:#1f6feb;color:#fff;text-align:left;font-size:12px;font-weight:600;">MG-123</th></tr><tr><th style="padding:3px 5px;text-align:left;background:#f3f4f6;border-bottom:1px solid #d1d5db;width:30%;font-size:11px;font-weight:600;color:#1f2937;">ID</th><td style="padding:3px 5px;border-bottom:1px solid #e5e7eb;font-size:11px;color:#111827;">MG-123</td></tr><tr><th style="padding:3px 5px;text-align:left;background:#f3f4f6;border-bottom:1px solid #d1d5db;width:30%;font-size:11px;font-weight:600;color:#1f2937;">Endereço</th><td style="padding:3px 5px;border-bottom:1px solid #e5e7eb;font-size:11px;color:#111827;">Rua Soldado Geraldo Augusto dos Santos, 40</td></tr><tr><th style="padding:3px 5px;text-align:left;background:#f3f4f6;border-bottom:1px solid #d1d5db;width:30%;font-size:11px;font-weight:600;color:#1f2937;">Subprefeitura</th><td style="padding:3px 5px;border-bottom:1px solid #e5e7eb;font-size:11px;color:#111827;">Vila Maria/Vila Guilherme</td></tr><tr><th style="padding:3px 5px;text-align:left;background:#f3f4f6;border-bottom:1px solid #d1d5db;width:30%;font-size:11px;font-weight:600;color:#1f2937;">Volumetria</th><td style="padding:3px 5px;border-bottom:1px solid #e5e7eb;font-size:11px;color:#111827;">Entre 1m³ e 5m³</td></tr></table>]]></description><Point><coordinates>-46.5705100,-23.5124400,0</coordinates></Point></Placemark>
<Style id="s-PV-347">
<LineStyle><color>ffebce87</color><width>2.0</width></LineStyle>
<PolyStyle><color>ffebce87</color></PolyStyle>
<IconStyle><color>ffebce87</color><scale>0.55</scale>
<Icon><href>http://maps.google.com/mapfiles/kml/shapes/placemark_circle.png</href></Icon>
</IconStyle>
<LabelStyle><scale>0.65</scale></LabelStyle>
</Style><Placemark><name>MG-124</name><styleUrl>#s-PV-347</styleUrl><description><![CDATA[<table style="border-collapse:collapse;width:100%;font-family:'Helvetica Neue',Helvetica,Arial,sans-serif;font-size:11px;border:1px solid #e5e7eb;border-radius:8px;overflow:hidden;"><tr><th colspan="2" style="padding:5px 8px;background:#1f6feb;color:#fff;text-align:left;font-size:12px;font-weight:600;">MG-124</th></tr><tr><th style="padding:3px 5px;text-align:left;background:#f3f4f6;border-bottom:1px solid #d1d5db;width:30%;font-size:11px;font-weight:600;color:#1f2937;">ID</th><td style="padding:3px 5px;border-bottom:1px solid #e5e7eb;font-size:11px;color:#111827;">MG-124</td></tr><tr><th style="padding:3px 5px;text-align:left;background:#f3f4f6;border-bottom:1px solid #d1d5db;width:30%;font-size:11px;font-weight:600;color:#1f2937;">Endereço</th><td style="padding:3px 5px;border-bottom:1px solid #e5e7eb;font-size:11px;color:#111827;">Rua Soldado Hilário Décimo Zanesco, 332</td></tr><tr><th style="padding:3px 5px;text-align:left;background:#f3f4f6;border-bottom:1px solid #d1d5db;width:30%;font-size:11px;font-weight:600;color:#1f2937;">Subprefeitura</th><td style="padding:3px 5px;border-bottom:1px solid #e5e7eb;font-size:11px;color:#111827;">Vila Maria/Vila Guilherme</td></tr><tr><th style="padding:3px 5px;text-align:left;background:#f3f4f6;border-bottom:1px solid #d1d5db;width:30%;font-size:11px;font-weight:600;color:#1f2937;">Volumetria</th><td style="padding:3px 5px;border-bottom:1px solid #e5e7eb;font-size:11px;color:#111827;">Entre 1m³ e 5m³</td></tr></table>]]></description><Point><coordinates>-46.5668000,-23.5063700,0</coordinates></Point></Placemark>
<Style id="s-PV-348">
<LineStyle><color>ffebce87</color><width>2.0</width></LineStyle>
<PolyStyle><color>ffebce87</color></PolyStyle>
<IconStyle><color>ffebce87</color><scale>0.55</scale>
<Icon><href>http://maps.google.com/mapfiles/kml/shapes/placemark_circle.png</href></Icon>
</IconStyle>
<LabelStyle><scale>0.65</scale></LabelStyle>
</Style><Placemark><name>MG-125</name><styleUrl>#s-PV-348</styleUrl><description><![CDATA[<table style="border-collapse:collapse;width:100%;font-family:'Helvetica Neue',Helvetica,Arial,sans-serif;font-size:11px;border:1px solid #e5e7eb;border-radius:8px;overflow:hidden;"><tr><th colspan="2" style="padding:5px 8px;background:#1f6feb;color:#fff;text-align:left;font-size:12px;font-weight:600;">MG-125</th></tr><tr><th style="padding:3px 5px;text-align:left;background:#f3f4f6;border-bottom:1px solid #d1d5db;width:30%;font-size:11px;font-weight:600;color:#1f2937;">ID</th><td style="padding:3px 5px;border-bottom:1px solid #e5e7eb;font-size:11px;color:#111827;">MG-125</td></tr><tr><th style="padding:3px 5px;text-align:left;background:#f3f4f6;border-bottom:1px solid #d1d5db;width:30%;font-size:11px;font-weight:600;color:#1f2937;">Endereço</th><td style="padding:3px 5px;border-bottom:1px solid #e5e7eb;font-size:11px;color:#111827;">Rua Soldado José Rufino Costa, 428</td></tr><tr><th style="padding:3px 5px;text-align:left;background:#f3f4f6;border-bottom:1px solid #d1d5db;width:30%;font-size:11px;font-weight:600;color:#1f2937;">Subprefeitura</th><td style="padding:3px 5px;border-bottom:1px solid #e5e7eb;font-size:11px;color:#111827;">Vila Maria/Vila Guilherme</td></tr><tr><th style="padding:3px 5px;text-align:left;background:#f3f4f6;border-bottom:1px solid #d1d5db;width:30%;font-size:11px;font-weight:600;color:#1f2937;">Volumetria</th><td style="padding:3px 5px;border-bottom:1px solid #e5e7eb;font-size:11px;color:#111827;">Entre 1m³ e 5m³</td></tr></table>]]></description><Point><coordinates>-46.5698500,-23.5015600,0</coordinates></Point></Placemark>
<Style id="s-PV-349">
<LineStyle><color>ffebce87</color><width>2.0</width></LineStyle>
<PolyStyle><color>ffebce87</color></PolyStyle>
<IconStyle><color>ffebce87</color><scale>0.55</scale>
<Icon><href>http://maps.google.com/mapfiles/kml/shapes/placemark_circle.png</href></Icon>
</IconStyle>
<LabelStyle><scale>0.65</scale></LabelStyle>
</Style><Placemark><name>MG-126</name><styleUrl>#s-PV-349</styleUrl><description><![CDATA[<table style="border-collapse:collapse;width:100%;font-family:'Helvetica Neue',Helvetica,Arial,sans-serif;font-size:11px;border:1px solid #e5e7eb;border-radius:8px;overflow:hidden;"><tr><th colspan="2" style="padding:5px 8px;background:#1f6feb;color:#fff;text-align:left;font-size:12px;font-weight:600;">MG-126</th></tr><tr><th style="padding:3px 5px;text-align:left;background:#f3f4f6;border-bottom:1px solid #d1d5db;width:30%;font-size:11px;font-weight:600;color:#1f2937;">ID</th><td style="padding:3px 5px;border-bottom:1px solid #e5e7eb;font-size:11px;color:#111827;">MG-126</td></tr><tr><th style="padding:3px 5px;text-align:left;background:#f3f4f6;border-bottom:1px solid #d1d5db;width:30%;font-size:11px;font-weight:600;color:#1f2937;">Endereço</th><td style="padding:3px 5px;border-bottom:1px solid #e5e7eb;font-size:11px;color:#111827;">Rua Soldado Sebastião Felicio, 15</td></tr><tr><th style="padding:3px 5px;text-align:left;background:#f3f4f6;border-bottom:1px solid #d1d5db;width:30%;font-size:11px;font-weight:600;color:#1f2937;">Subprefeitura</th><td style="padding:3px 5px;border-bottom:1px solid #e5e7eb;font-size:11px;color:#111827;">Vila Maria/Vila Guilherme</td></tr><tr><th style="padding:3px 5px;text-align:left;background:#f3f4f6;border-bottom:1px solid #d1d5db;width:30%;font-size:11px;font-weight:600;color:#1f2937;">Volumetria</th><td style="padding:3px 5px;border-bottom:1px solid #e5e7eb;font-size:11px;color:#111827;">Entre 1m³ e 5m³</td></tr></table>]]></description><Point><coordinates>-46.5717100,-23.5041400,0</coordinates></Point></Placemark>
<Style id="s-PV-350">
<LineStyle><color>ffebce87</color><width>2.0</width></LineStyle>
<PolyStyle><color>ffebce87</color></PolyStyle>
<IconStyle><color>ffebce87</color><scale>0.55</scale>
<Icon><href>http://maps.google.com/mapfiles/kml/shapes/placemark_circle.png</href></Icon>
</IconStyle>
<LabelStyle><scale>0.65</scale></LabelStyle>
</Style><Placemark><name>MG-127</name><styleUrl>#s-PV-350</styleUrl><description><![CDATA[<table style="border-collapse:collapse;width:100%;font-family:'Helvetica Neue',Helvetica,Arial,sans-serif;font-size:11px;border:1px solid #e5e7eb;border-radius:8px;overflow:hidden;"><tr><th colspan="2" style="padding:5px 8px;background:#1f6feb;color:#fff;text-align:left;font-size:12px;font-weight:600;">MG-127</th></tr><tr><th style="padding:3px 5px;text-align:left;background:#f3f4f6;border-bottom:1px solid #d1d5db;width:30%;font-size:11px;font-weight:600;color:#1f2937;">ID</th><td style="padding:3px 5px;border-bottom:1px solid #e5e7eb;font-size:11px;color:#111827;">MG-127</td></tr><tr><th style="padding:3px 5px;text-align:left;background:#f3f4f6;border-bottom:1px solid #d1d5db;width:30%;font-size:11px;font-weight:600;color:#1f2937;">Endereço</th><td style="padding:3px 5px;border-bottom:1px solid #e5e7eb;font-size:11px;color:#111827;">Rua Tenente Sotomano, 657</td></tr><tr><th style="padding:3px 5px;text-align:left;background:#f3f4f6;border-bottom:1px solid #d1d5db;width:30%;font-size:11px;font-weight:600;color:#1f2937;">Subprefeitura</th><td style="padding:3px 5px;border-bottom:1px solid #e5e7eb;font-size:11px;color:#111827;">Vila Maria/Vila Guilherme</td></tr><tr><th style="padding:3px 5px;text-align:left;background:#f3f4f6;border-bottom:1px solid #d1d5db;width:30%;font-size:11px;font-weight:600;color:#1f2937;">Volumetria</th><td style="padding:3px 5px;border-bottom:1px solid #e5e7eb;font-size:11px;color:#111827;">Entre 1m³ e 5m³</td></tr></table>]]></description><Point><coordinates>-46.5765600,-23.4762200,0</coordinates></Point></Placemark>
<Style id="s-PV-351">
<LineStyle><color>ffebce87</color><width>2.0</width></LineStyle>
<PolyStyle><color>ffebce87</color></PolyStyle>
<IconStyle><color>ffebce87</color><scale>0.55</scale>
<Icon><href>http://maps.google.com/mapfiles/kml/shapes/placemark_circle.png</href></Icon>
</IconStyle>
<LabelStyle><scale>0.65</scale></LabelStyle>
</Style><Placemark><name>MG-128</name><styleUrl>#s-PV-351</styleUrl><description><![CDATA[<table style="border-collapse:collapse;width:100%;font-family:'Helvetica Neue',Helvetica,Arial,sans-serif;font-size:11px;border:1px solid #e5e7eb;border-radius:8px;overflow:hidden;"><tr><th colspan="2" style="padding:5px 8px;background:#1f6feb;color:#fff;text-align:left;font-size:12px;font-weight:600;">MG-128</th></tr><tr><th style="padding:3px 5px;text-align:left;background:#f3f4f6;border-bottom:1px solid #d1d5db;width:30%;font-size:11px;font-weight:600;color:#1f2937;">ID</th><td style="padding:3px 5px;border-bottom:1px solid #e5e7eb;font-size:11px;color:#111827;">MG-128</td></tr><tr><th style="padding:3px 5px;text-align:left;background:#f3f4f6;border-bottom:1px solid #d1d5db;width:30%;font-size:11px;font-weight:600;color:#1f2937;">Endereço</th><td style="padding:3px 5px;border-bottom:1px solid #e5e7eb;font-size:11px;color:#111827;">Rua Thomas Losito, 12</td></tr><tr><th style="padding:3px 5px;text-align:left;background:#f3f4f6;border-bottom:1px solid #d1d5db;width:30%;font-size:11px;font-weight:600;color:#1f2937;">Subprefeitura</th><td style="padding:3px 5px;border-bottom:1px solid #e5e7eb;font-size:11px;color:#111827;">Vila Maria/Vila Guilherme</td></tr><tr><th style="padding:3px 5px;text-align:left;background:#f3f4f6;border-bottom:1px solid #d1d5db;width:30%;font-size:11px;font-weight:600;color:#1f2937;">Volumetria</th><td style="padding:3px 5px;border-bottom:1px solid #e5e7eb;font-size:11px;color:#111827;">Entre 1m³ e 5m³</td></tr></table>]]></description><Point><coordinates>-46.5632500,-23.5191300,0</coordinates></Point></Placemark>
<Style id="s-PV-352">
<LineStyle><color>ffebce87</color><width>2.0</width></LineStyle>
<PolyStyle><color>ffebce87</color></PolyStyle>
<IconStyle><color>ffebce87</color><scale>0.55</scale>
<Icon><href>http://maps.google.com/mapfiles/kml/shapes/placemark_circle.png</href></Icon>
</IconStyle>
<LabelStyle><scale>0.65</scale></LabelStyle>
</Style><Placemark><name>MG-129</name><styleUrl>#s-PV-352</styleUrl><description><![CDATA[<table style="border-collapse:collapse;width:100%;font-family:'Helvetica Neue',Helvetica,Arial,sans-serif;font-size:11px;border:1px solid #e5e7eb;border-radius:8px;overflow:hidden;"><tr><th colspan="2" style="padding:5px 8px;background:#1f6feb;color:#fff;text-align:left;font-size:12px;font-weight:600;">MG-129</th></tr><tr><th style="padding:3px 5px;text-align:left;background:#f3f4f6;border-bottom:1px solid #d1d5db;width:30%;font-size:11px;font-weight:600;color:#1f2937;">ID</th><td style="padding:3px 5px;border-bottom:1px solid #e5e7eb;font-size:11px;color:#111827;">MG-129</td></tr><tr><th style="padding:3px 5px;text-align:left;background:#f3f4f6;border-bottom:1px solid #d1d5db;width:30%;font-size:11px;font-weight:600;color:#1f2937;">Endereço</th><td style="padding:3px 5px;border-bottom:1px solid #e5e7eb;font-size:11px;color:#111827;">Rua Tomás Speers, 419</td></tr><tr><th style="padding:3px 5px;text-align:left;background:#f3f4f6;border-bottom:1px solid #d1d5db;width:30%;font-size:11px;font-weight:600;color:#1f2937;">Subprefeitura</th><td style="padding:3px 5px;border-bottom:1px solid #e5e7eb;font-size:11px;color:#111827;">Vila Maria/Vila Guilherme</td></tr><tr><th style="padding:3px 5px;text-align:left;background:#f3f4f6;border-bottom:1px solid #d1d5db;width:30%;font-size:11px;font-weight:600;color:#1f2937;">Volumetria</th><td style="padding:3px 5px;border-bottom:1px solid #e5e7eb;font-size:11px;color:#111827;">Entre 1m³ e 5m³</td></tr></table>]]></description><Point><coordinates>-46.5925500,-23.5146100,0</coordinates></Point></Placemark>
<Style id="s-PV-353">
<LineStyle><color>ffebce87</color><width>2.0</width></LineStyle>
<PolyStyle><color>ffebce87</color></PolyStyle>
<IconStyle><color>ffebce87</color><scale>0.55</scale>
<Icon><href>http://maps.google.com/mapfiles/kml/shapes/placemark_circle.png</href></Icon>
</IconStyle>
<LabelStyle><scale>0.65</scale></LabelStyle>
</Style><Placemark><name>MG-130</name><styleUrl>#s-PV-353</styleUrl><description><![CDATA[<table style="border-collapse:collapse;width:100%;font-family:'Helvetica Neue',Helvetica,Arial,sans-serif;font-size:11px;border:1px solid #e5e7eb;border-radius:8px;overflow:hidden;"><tr><th colspan="2" style="padding:5px 8px;background:#1f6feb;color:#fff;text-align:left;font-size:12px;font-weight:600;">MG-130</th></tr><tr><th style="padding:3px 5px;text-align:left;background:#f3f4f6;border-bottom:1px solid #d1d5db;width:30%;font-size:11px;font-weight:600;color:#1f2937;">ID</th><td style="padding:3px 5px;border-bottom:1px solid #e5e7eb;font-size:11px;color:#111827;">MG-130</td></tr><tr><th style="padding:3px 5px;text-align:left;background:#f3f4f6;border-bottom:1px solid #d1d5db;width:30%;font-size:11px;font-weight:600;color:#1f2937;">Endereço</th><td style="padding:3px 5px;border-bottom:1px solid #e5e7eb;font-size:11px;color:#111827;">Avenida Tenente Amaro Felicíssimo da Silveira X Rua Trafalgar</td></tr><tr><th style="padding:3px 5px;text-align:left;background:#f3f4f6;border-bottom:1px solid #d1d5db;width:30%;font-size:11px;font-weight:600;color:#1f2937;">Subprefeitura</th><td style="padding:3px 5px;border-bottom:1px solid #e5e7eb;font-size:11px;color:#111827;">Vila Maria/Vila Guilherme</td></tr><tr><th style="padding:3px 5px;text-align:left;background:#f3f4f6;border-bottom:1px solid #d1d5db;width:30%;font-size:11px;font-weight:600;color:#1f2937;">Volumetria</th><td style="padding:3px 5px;border-bottom:1px solid #e5e7eb;font-size:11px;color:#111827;">Entre 1m³ e 5m³</td></tr></table>]]></description><Point><coordinates>-46.5714000,-23.5232600,0</coordinates></Point></Placemark>
<Style id="s-PV-354">
<LineStyle><color>ffebce87</color><width>2.0</width></LineStyle>
<PolyStyle><color>ffebce87</color></PolyStyle>
<IconStyle><color>ffebce87</color><scale>0.55</scale>
<Icon><href>http://maps.google.com/mapfiles/kml/shapes/placemark_circle.png</href></Icon>
</IconStyle>
<LabelStyle><scale>0.65</scale></LabelStyle>
</Style><Placemark><name>MG-131</name><styleUrl>#s-PV-354</styleUrl><description><![CDATA[<table style="border-collapse:collapse;width:100%;font-family:'Helvetica Neue',Helvetica,Arial,sans-serif;font-size:11px;border:1px solid #e5e7eb;border-radius:8px;overflow:hidden;"><tr><th colspan="2" style="padding:5px 8px;background:#1f6feb;color:#fff;text-align:left;font-size:12px;font-weight:600;">MG-131</th></tr><tr><th style="padding:3px 5px;text-align:left;background:#f3f4f6;border-bottom:1px solid #d1d5db;width:30%;font-size:11px;font-weight:600;color:#1f2937;">ID</th><td style="padding:3px 5px;border-bottom:1px solid #e5e7eb;font-size:11px;color:#111827;">MG-131</td></tr><tr><th style="padding:3px 5px;text-align:left;background:#f3f4f6;border-bottom:1px solid #d1d5db;width:30%;font-size:11px;font-weight:600;color:#1f2937;">Endereço</th><td style="padding:3px 5px;border-bottom:1px solid #e5e7eb;font-size:11px;color:#111827;">Alameda Segundo Sargento Andiras Nogueira de Abreu X Rua Doutor Vidal Reis</td></tr><tr><th style="padding:3px 5px;text-align:left;background:#f3f4f6;border-bottom:1px solid #d1d5db;width:30%;font-size:11px;font-weight:600;color:#1f2937;">Subprefeitura</th><td style="padding:3px 5px;border-bottom:1px solid #e5e7eb;font-size:11px;color:#111827;">Vila Maria/Vila Guilherme</td></tr><tr><th style="padding:3px 5px;text-align:left;background:#f3f4f6;border-bottom:1px solid #d1d5db;width:30%;font-size:11px;font-weight:600;color:#1f2937;">Volumetria</th><td style="padding:3px 5px;border-bottom:1px solid #e5e7eb;font-size:11px;color:#111827;">Entre 1m³ e 5m³</td></tr></table>]]></description><Point><coordinates>-46.5648000,-23.5210900,0</coordinates></Point></Placemark>
<Style id="s-PV-355">
<LineStyle><color>ffebce87</color><width>2.0</width></LineStyle>
<PolyStyle><color>ffebce87</color></PolyStyle>
<IconStyle><color>ffebce87</color><scale>0.55</scale>
<Icon><href>http://maps.google.com/mapfiles/kml/shapes/placemark_circle.png</href></Icon>
</IconStyle>
<LabelStyle><scale>0.65</scale></LabelStyle>
</Style><Placemark><name>MG-132</name><styleUrl>#s-PV-355</styleUrl><description><![CDATA[<table style="border-collapse:collapse;width:100%;font-family:'Helvetica Neue',Helvetica,Arial,sans-serif;font-size:11px;border:1px solid #e5e7eb;border-radius:8px;overflow:hidden;"><tr><th colspan="2" style="padding:5px 8px;background:#1f6feb;color:#fff;text-align:left;font-size:12px;font-weight:600;">MG-132</th></tr><tr><th style="padding:3px 5px;text-align:left;background:#f3f4f6;border-bottom:1px solid #d1d5db;width:30%;font-size:11px;font-weight:600;color:#1f2937;">ID</th><td style="padding:3px 5px;border-bottom:1px solid #e5e7eb;font-size:11px;color:#111827;">MG-132</td></tr><tr><th style="padding:3px 5px;text-align:left;background:#f3f4f6;border-bottom:1px solid #d1d5db;width:30%;font-size:11px;font-weight:600;color:#1f2937;">Endereço</th><td style="padding:3px 5px;border-bottom:1px solid #e5e7eb;font-size:11px;color:#111827;">Rua Balaiada, 130</td></tr><tr><th style="padding:3px 5px;text-align:left;background:#f3f4f6;border-bottom:1px solid #d1d5db;width:30%;font-size:11px;font-weight:600;color:#1f2937;">Subprefeitura</th><td style="padding:3px 5px;border-bottom:1px solid #e5e7eb;font-size:11px;color:#111827;">Vila Maria/Vila Guilherme</td></tr><tr><th style="padding:3px 5px;text-align:left;background:#f3f4f6;border-bottom:1px solid #d1d5db;width:30%;font-size:11px;font-weight:600;color:#1f2937;">Volumetria</th><td style="padding:3px 5px;border-bottom:1px solid #e5e7eb;font-size:11px;color:#111827;">Entre 1m³ e 5m³</td></tr></table>]]></description><Point><coordinates>-46.5753100,-23.5144700,0</coordinates></Point></Placemark>
<Style id="s-PV-356">
<LineStyle><color>ffebce87</color><width>2.0</width></LineStyle>
<PolyStyle><color>ffebce87</color></PolyStyle>
<IconStyle><color>ffebce87</color><scale>0.55</scale>
<Icon><href>http://maps.google.com/mapfiles/kml/shapes/placemark_circle.png</href></Icon>
</IconStyle>
<LabelStyle><scale>0.65</scale></LabelStyle>
</Style><Placemark><name>MG-133</name><styleUrl>#s-PV-356</styleUrl><description><![CDATA[<table style="border-collapse:collapse;width:100%;font-family:'Helvetica Neue',Helvetica,Arial,sans-serif;font-size:11px;border:1px solid #e5e7eb;border-radius:8px;overflow:hidden;"><tr><th colspan="2" style="padding:5px 8px;background:#1f6feb;color:#fff;text-align:left;font-size:12px;font-weight:600;">MG-133</th></tr><tr><th style="padding:3px 5px;text-align:left;background:#f3f4f6;border-bottom:1px solid #d1d5db;width:30%;font-size:11px;font-weight:600;color:#1f2937;">ID</th><td style="padding:3px 5px;border-bottom:1px solid #e5e7eb;font-size:11px;color:#111827;">MG-133</td></tr><tr><th style="padding:3px 5px;text-align:left;background:#f3f4f6;border-bottom:1px solid #d1d5db;width:30%;font-size:11px;font-weight:600;color:#1f2937;">Endereço</th><td style="padding:3px 5px;border-bottom:1px solid #e5e7eb;font-size:11px;color:#111827;">Rua dos Anjos, 59</td></tr><tr><th style="padding:3px 5px;text-align:left;background:#f3f4f6;border-bottom:1px solid #d1d5db;width:30%;font-size:11px;font-weight:600;color:#1f2937;">Subprefeitura</th><td style="padding:3px 5px;border-bottom:1px solid #e5e7eb;font-size:11px;color:#111827;">Vila Maria/Vila Guilherme</td></tr><tr><th style="padding:3px 5px;text-align:left;background:#f3f4f6;border-bottom:1px solid #d1d5db;width:30%;font-size:11px;font-weight:600;color:#1f2937;">Volumetria</th><td style="padding:3px 5px;border-bottom:1px solid #e5e7eb;font-size:11px;color:#111827;">Mais de 5m³</td></tr></table>]]></description><Point><coordinates>-46.5606800,-23.5165200,0</coordinates></Point></Placemark>
<Style id="s-PV-357">
<LineStyle><color>ffebce87</color><width>2.0</width></LineStyle>
<PolyStyle><color>ffebce87</color></PolyStyle>
<IconStyle><color>ffebce87</color><scale>0.55</scale>
<Icon><href>http://maps.google.com/mapfiles/kml/shapes/placemark_circle.png</href></Icon>
</IconStyle>
<LabelStyle><scale>0.65</scale></LabelStyle>
</Style><Placemark><name>MG-134</name><styleUrl>#s-PV-357</styleUrl><description><![CDATA[<table style="border-collapse:collapse;width:100%;font-family:'Helvetica Neue',Helvetica,Arial,sans-serif;font-size:11px;border:1px solid #e5e7eb;border-radius:8px;overflow:hidden;"><tr><th colspan="2" style="padding:5px 8px;background:#1f6feb;color:#fff;text-align:left;font-size:12px;font-weight:600;">MG-134</th></tr><tr><th style="padding:3px 5px;text-align:left;background:#f3f4f6;border-bottom:1px solid #d1d5db;width:30%;font-size:11px;font-weight:600;color:#1f2937;">ID</th><td style="padding:3px 5px;border-bottom:1px solid #e5e7eb;font-size:11px;color:#111827;">MG-134</td></tr><tr><th style="padding:3px 5px;text-align:left;background:#f3f4f6;border-bottom:1px solid #d1d5db;width:30%;font-size:11px;font-weight:600;color:#1f2937;">Endereço</th><td style="padding:3px 5px;border-bottom:1px solid #e5e7eb;font-size:11px;color:#111827;">Avenida João Simão de Castro, 995 x Rua Irineu Portela</td></tr><tr><th style="padding:3px 5px;text-align:left;background:#f3f4f6;border-bottom:1px solid #d1d5db;width:30%;font-size:11px;font-weight:600;color:#1f2937;">Subprefeitura</th><td style="padding:3px 5px;border-bottom:1px solid #e5e7eb;font-size:11px;color:#111827;">Vila Maria/Vila Guilherme</td></tr><tr><th style="padding:3px 5px;text-align:left;background:#f3f4f6;border-bottom:1px solid #d1d5db;width:30%;font-size:11px;font-weight:600;color:#1f2937;">Volumetria</th><td style="padding:3px 5px;border-bottom:1px solid #e5e7eb;font-size:11px;color:#111827;">Não se aplica (inativo).</td></tr><tr><th style="padding:3px 5px;text-align:left;background:#f3f4f6;border-bottom:1px solid #d1d5db;width:30%;font-size:11px;font-weight:600;color:#1f2937;">Status</th><td style="padding:3px 5px;border-bottom:1px solid #e5e7eb;font-size:11px;color:#111827;">Inativo</td></tr><tr><th style="padding:3px 5px;text-align:left;background:#f3f4f6;border-bottom:1px solid #d1d5db;width:30%;font-size:11px;font-weight:600;color:#1f2937;">Data</th><td style="padding:3px 5px;border-bottom:1px solid #e5e7eb;font-size:11px;color:#111827;">Inativo</td></tr></table>]]></description><Point><coordinates>-46.5625800,-23.4890000,0</coordinates></Point></Placemark>
<Style id="s-PV-358">
<LineStyle><color>ffebce87</color><width>2.0</width></LineStyle>
<PolyStyle><color>ffebce87</color></PolyStyle>
<IconStyle><color>ffebce87</color><scale>0.55</scale>
<Icon><href>http://maps.google.com/mapfiles/kml/shapes/placemark_circle.png</href></Icon>
</IconStyle>
<LabelStyle><scale>0.65</scale></LabelStyle>
</Style><Placemark><name>MG-135</name><styleUrl>#s-PV-358</styleUrl><description><![CDATA[<table style="border-collapse:collapse;width:100%;font-family:'Helvetica Neue',Helvetica,Arial,sans-serif;font-size:11px;border:1px solid #e5e7eb;border-radius:8px;overflow:hidden;"><tr><th colspan="2" style="padding:5px 8px;background:#1f6feb;color:#fff;text-align:left;font-size:12px;font-weight:600;">MG-135</th></tr><tr><th style="padding:3px 5px;text-align:left;background:#f3f4f6;border-bottom:1px solid #d1d5db;width:30%;font-size:11px;font-weight:600;color:#1f2937;">ID</th><td style="padding:3px 5px;border-bottom:1px solid #e5e7eb;font-size:11px;color:#111827;">MG-135</td></tr><tr><th style="padding:3px 5px;text-align:left;background:#f3f4f6;border-bottom:1px solid #d1d5db;width:30%;font-size:11px;font-weight:600;color:#1f2937;">Endereço</th><td style="padding:3px 5px;border-bottom:1px solid #e5e7eb;font-size:11px;color:#111827;">Avenida João Simão de Castro, 975 x Rua Cláudio Santos</td></tr><tr><th style="padding:3px 5px;text-align:left;background:#f3f4f6;border-bottom:1px solid #d1d5db;width:30%;font-size:11px;font-weight:600;color:#1f2937;">Subprefeitura</th><td style="padding:3px 5px;border-bottom:1px solid #e5e7eb;font-size:11px;color:#111827;">Vila Maria/Vila Guilherme</td></tr><tr><th style="padding:3px 5px;text-align:left;background:#f3f4f6;border-bottom:1px solid #d1d5db;width:30%;font-size:11px;font-weight:600;color:#1f2937;">Volumetria</th><td style="padding:3px 5px;border-bottom:1px solid #e5e7eb;font-size:11px;color:#111827;">Não se aplica (inativo).</td></tr><tr><th style="padding:3px 5px;text-align:left;background:#f3f4f6;border-bottom:1px solid #d1d5db;width:30%;font-size:11px;font-weight:600;color:#1f2937;">Status</th><td style="padding:3px 5px;border-bottom:1px solid #e5e7eb;font-size:11px;color:#111827;">Inativo</td></tr><tr><th style="padding:3px 5px;text-align:left;background:#f3f4f6;border-bottom:1px solid #d1d5db;width:30%;font-size:11px;font-weight:600;color:#1f2937;">Data</th><td style="padding:3px 5px;border-bottom:1px solid #e5e7eb;font-size:11px;color:#111827;">Inativo</td></tr></table>]]></description><Point><coordinates>-46.5639500,-23.4891400,0</coordinates></Point></Placemark>
<Style id="s-PV-359">
<LineStyle><color>ffebce87</color><width>2.0</width></LineStyle>
<PolyStyle><color>ffebce87</color></PolyStyle>
<IconStyle><color>ffebce87</color><scale>0.55</scale>
<Icon><href>http://maps.google.com/mapfiles/kml/shapes/placemark_circle.png</href></Icon>
</IconStyle>
<LabelStyle><scale>0.65</scale></LabelStyle>
</Style><Placemark><name>MG-136</name><styleUrl>#s-PV-359</styleUrl><description><![CDATA[<table style="border-collapse:collapse;width:100%;font-family:'Helvetica Neue',Helvetica,Arial,sans-serif;font-size:11px;border:1px solid #e5e7eb;border-radius:8px;overflow:hidden;"><tr><th colspan="2" style="padding:5px 8px;background:#1f6feb;color:#fff;text-align:left;font-size:12px;font-weight:600;">MG-136</th></tr><tr><th style="padding:3px 5px;text-align:left;background:#f3f4f6;border-bottom:1px solid #d1d5db;width:30%;font-size:11px;font-weight:600;color:#1f2937;">ID</th><td style="padding:3px 5px;border-bottom:1px solid #e5e7eb;font-size:11px;color:#111827;">MG-136</td></tr><tr><th style="padding:3px 5px;text-align:left;background:#f3f4f6;border-bottom:1px solid #d1d5db;width:30%;font-size:11px;font-weight:600;color:#1f2937;">Endereço</th><td style="padding:3px 5px;border-bottom:1px solid #e5e7eb;font-size:11px;color:#111827;">Rua Curuçá, 1700</td></tr><tr><th style="padding:3px 5px;text-align:left;background:#f3f4f6;border-bottom:1px solid #d1d5db;width:30%;font-size:11px;font-weight:600;color:#1f2937;">Subprefeitura</th><td style="padding:3px 5px;border-bottom:1px solid #e5e7eb;font-size:11px;color:#111827;">Vila Maria/Vila Guilherme</td></tr><tr><th style="padding:3px 5px;text-align:left;background:#f3f4f6;border-bottom:1px solid #d1d5db;width:30%;font-size:11px;font-weight:600;color:#1f2937;">Volumetria</th><td style="padding:3px 5px;border-bottom:1px solid #e5e7eb;font-size:11px;color:#111827;">Entre 1m³ e 5m³</td></tr></table>]]></description><Point><coordinates>-46.5809800,-23.5197000,0</coordinates></Point></Placemark>
<Style id="s-PV-360">
<LineStyle><color>ffebce87</color><width>2.0</width></LineStyle>
<PolyStyle><color>ffebce87</color></PolyStyle>
<IconStyle><color>ffebce87</color><scale>0.55</scale>
<Icon><href>http://maps.google.com/mapfiles/kml/shapes/placemark_circle.png</href></Icon>
</IconStyle>
<LabelStyle><scale>0.65</scale></LabelStyle>
</Style><Placemark><name>MG-137</name><styleUrl>#s-PV-360</styleUrl><description><![CDATA[<table style="border-collapse:collapse;width:100%;font-family:'Helvetica Neue',Helvetica,Arial,sans-serif;font-size:11px;border:1px solid #e5e7eb;border-radius:8px;overflow:hidden;"><tr><th colspan="2" style="padding:5px 8px;background:#1f6feb;color:#fff;text-align:left;font-size:12px;font-weight:600;">MG-137</th></tr><tr><th style="padding:3px 5px;text-align:left;background:#f3f4f6;border-bottom:1px solid #d1d5db;width:30%;font-size:11px;font-weight:600;color:#1f2937;">ID</th><td style="padding:3px 5px;border-bottom:1px solid #e5e7eb;font-size:11px;color:#111827;">MG-137</td></tr><tr><th style="padding:3px 5px;text-align:left;background:#f3f4f6;border-bottom:1px solid #d1d5db;width:30%;font-size:11px;font-weight:600;color:#1f2937;">Endereço</th><td style="padding:3px 5px;border-bottom:1px solid #e5e7eb;font-size:11px;color:#111827;">Rua dos Anjos, 99</td></tr><tr><th style="padding:3px 5px;text-align:left;background:#f3f4f6;border-bottom:1px solid #d1d5db;width:30%;font-size:11px;font-weight:600;color:#1f2937;">Subprefeitura</th><td style="padding:3px 5px;border-bottom:1px solid #e5e7eb;font-size:11px;color:#111827;">Vila Maria/Vila Guilherme</td></tr><tr><th style="padding:3px 5px;text-align:left;background:#f3f4f6;border-bottom:1px solid #d1d5db;width:30%;font-size:11px;font-weight:600;color:#1f2937;">Volumetria</th><td style="padding:3px 5px;border-bottom:1px solid #e5e7eb;font-size:11px;color:#111827;">Mais de 5m³</td></tr></table>]]></description><Point><coordinates>-46.5599700,-23.5180400,0</coordinates></Point></Placemark>
<Style id="s-PV-361">
<LineStyle><color>ffebce87</color><width>2.0</width></LineStyle>
<PolyStyle><color>ffebce87</color></PolyStyle>
<IconStyle><color>ffebce87</color><scale>0.55</scale>
<Icon><href>http://maps.google.com/mapfiles/kml/shapes/placemark_circle.png</href></Icon>
</IconStyle>
<LabelStyle><scale>0.65</scale></LabelStyle>
</Style><Placemark><name>MG-138</name><styleUrl>#s-PV-361</styleUrl><description><![CDATA[<table style="border-collapse:collapse;width:100%;font-family:'Helvetica Neue',Helvetica,Arial,sans-serif;font-size:11px;border:1px solid #e5e7eb;border-radius:8px;overflow:hidden;"><tr><th colspan="2" style="padding:5px 8px;background:#1f6feb;color:#fff;text-align:left;font-size:12px;font-weight:600;">MG-138</th></tr><tr><th style="padding:3px 5px;text-align:left;background:#f3f4f6;border-bottom:1px solid #d1d5db;width:30%;font-size:11px;font-weight:600;color:#1f2937;">ID</th><td style="padding:3px 5px;border-bottom:1px solid #e5e7eb;font-size:11px;color:#111827;">MG-138</td></tr><tr><th style="padding:3px 5px;text-align:left;background:#f3f4f6;border-bottom:1px solid #d1d5db;width:30%;font-size:11px;font-weight:600;color:#1f2937;">Endereço</th><td style="padding:3px 5px;border-bottom:1px solid #e5e7eb;font-size:11px;color:#111827;">Rua Geolândia, 25</td></tr><tr><th style="padding:3px 5px;text-align:left;background:#f3f4f6;border-bottom:1px solid #d1d5db;width:30%;font-size:11px;font-weight:600;color:#1f2937;">Subprefeitura</th><td style="padding:3px 5px;border-bottom:1px solid #e5e7eb;font-size:11px;color:#111827;">Vila Maria/Vila Guilherme</td></tr><tr><th style="padding:3px 5px;text-align:left;background:#f3f4f6;border-bottom:1px solid #d1d5db;width:30%;font-size:11px;font-weight:600;color:#1f2937;">Volumetria</th><td style="padding:3px 5px;border-bottom:1px solid #e5e7eb;font-size:11px;color:#111827;">Entre 1m³ e 5m³</td></tr></table>]]></description><Point><coordinates>-46.5860400,-23.4854300,0</coordinates></Point></Placemark>
<Style id="s-PV-362">
<LineStyle><color>ffebce87</color><width>2.0</width></LineStyle>
<PolyStyle><color>ffebce87</color></PolyStyle>
<IconStyle><color>ffebce87</color><scale>0.55</scale>
<Icon><href>http://maps.google.com/mapfiles/kml/shapes/placemark_circle.png</href></Icon>
</IconStyle>
<LabelStyle><scale>0.65</scale></LabelStyle>
</Style><Placemark><name>MG-139</name><styleUrl>#s-PV-362</styleUrl><description><![CDATA[<table style="border-collapse:collapse;width:100%;font-family:'Helvetica Neue',Helvetica,Arial,sans-serif;font-size:11px;border:1px solid #e5e7eb;border-radius:8px;overflow:hidden;"><tr><th colspan="2" style="padding:5px 8px;background:#1f6feb;color:#fff;text-align:left;font-size:12px;font-weight:600;">MG-139</th></tr><tr><th style="padding:3px 5px;text-align:left;background:#f3f4f6;border-bottom:1px solid #d1d5db;width:30%;font-size:11px;font-weight:600;color:#1f2937;">ID</th><td style="padding:3px 5px;border-bottom:1px solid #e5e7eb;font-size:11px;color:#111827;">MG-139</td></tr><tr><th style="padding:3px 5px;text-align:left;background:#f3f4f6;border-bottom:1px solid #d1d5db;width:30%;font-size:11px;font-weight:600;color:#1f2937;">Endereço</th><td style="padding:3px 5px;border-bottom:1px solid #e5e7eb;font-size:11px;color:#111827;">Rua Manguari, 389</td></tr><tr><th style="padding:3px 5px;text-align:left;background:#f3f4f6;border-bottom:1px solid #d1d5db;width:30%;font-size:11px;font-weight:600;color:#1f2937;">Subprefeitura</th><td style="padding:3px 5px;border-bottom:1px solid #e5e7eb;font-size:11px;color:#111827;">Vila Maria/Vila Guilherme</td></tr><tr><th style="padding:3px 5px;text-align:left;background:#f3f4f6;border-bottom:1px solid #d1d5db;width:30%;font-size:11px;font-weight:600;color:#1f2937;">Volumetria</th><td style="padding:3px 5px;border-bottom:1px solid #e5e7eb;font-size:11px;color:#111827;">Entre 1m³ e 5m³</td></tr></table>]]></description><Point><coordinates>-46.5812200,-23.5235900,0</coordinates></Point></Placemark>
<Style id="s-PV-363">
<LineStyle><color>ffebce87</color><width>2.0</width></LineStyle>
<PolyStyle><color>ffebce87</color></PolyStyle>
<IconStyle><color>ffebce87</color><scale>0.55</scale>
<Icon><href>http://maps.google.com/mapfiles/kml/shapes/placemark_circle.png</href></Icon>
</IconStyle>
<LabelStyle><scale>0.65</scale></LabelStyle>
</Style><Placemark><name>MG-140</name><styleUrl>#s-PV-363</styleUrl><description><![CDATA[<table style="border-collapse:collapse;width:100%;font-family:'Helvetica Neue',Helvetica,Arial,sans-serif;font-size:11px;border:1px solid #e5e7eb;border-radius:8px;overflow:hidden;"><tr><th colspan="2" style="padding:5px 8px;background:#1f6feb;color:#fff;text-align:left;font-size:12px;font-weight:600;">MG-140</th></tr><tr><th style="padding:3px 5px;text-align:left;background:#f3f4f6;border-bottom:1px solid #d1d5db;width:30%;font-size:11px;font-weight:600;color:#1f2937;">ID</th><td style="padding:3px 5px;border-bottom:1px solid #e5e7eb;font-size:11px;color:#111827;">MG-140</td></tr><tr><th style="padding:3px 5px;text-align:left;background:#f3f4f6;border-bottom:1px solid #d1d5db;width:30%;font-size:11px;font-weight:600;color:#1f2937;">Endereço</th><td style="padding:3px 5px;border-bottom:1px solid #e5e7eb;font-size:11px;color:#111827;">Avenida Alberto Byington, 507</td></tr><tr><th style="padding:3px 5px;text-align:left;background:#f3f4f6;border-bottom:1px solid #d1d5db;width:30%;font-size:11px;font-weight:600;color:#1f2937;">Subprefeitura</th><td style="padding:3px 5px;border-bottom:1px solid #e5e7eb;font-size:11px;color:#111827;">Vila Maria/Vila Guilherme</td></tr><tr><th style="padding:3px 5px;text-align:left;background:#f3f4f6;border-bottom:1px solid #d1d5db;width:30%;font-size:11px;font-weight:600;color:#1f2937;">Volumetria</th><td style="padding:3px 5px;border-bottom:1px solid #e5e7eb;font-size:11px;color:#111827;">Entre 1m³ e 5m³</td></tr></table>]]></description><Point><coordinates>-46.5867300,-23.5080500,0</coordinates></Point></Placemark>
<Style id="s-PV-364">
<LineStyle><color>ffebce87</color><width>2.0</width></LineStyle>
<PolyStyle><color>ffebce87</color></PolyStyle>
<IconStyle><color>ffebce87</color><scale>0.55</scale>
<Icon><href>http://maps.google.com/mapfiles/kml/shapes/placemark_circle.png</href></Icon>
</IconStyle>
<LabelStyle><scale>0.65</scale></LabelStyle>
</Style><Placemark><name>MG-141</name><styleUrl>#s-PV-364</styleUrl><description><![CDATA[<table style="border-collapse:collapse;width:100%;font-family:'Helvetica Neue',Helvetica,Arial,sans-serif;font-size:11px;border:1px solid #e5e7eb;border-radius:8px;overflow:hidden;"><tr><th colspan="2" style="padding:5px 8px;background:#1f6feb;color:#fff;text-align:left;font-size:12px;font-weight:600;">MG-141</th></tr><tr><th style="padding:3px 5px;text-align:left;background:#f3f4f6;border-bottom:1px solid #d1d5db;width:30%;font-size:11px;font-weight:600;color:#1f2937;">ID</th><td style="padding:3px 5px;border-bottom:1px solid #e5e7eb;font-size:11px;color:#111827;">MG-141</td></tr><tr><th style="padding:3px 5px;text-align:left;background:#f3f4f6;border-bottom:1px solid #d1d5db;width:30%;font-size:11px;font-weight:600;color:#1f2937;">Endereço</th><td style="padding:3px 5px;border-bottom:1px solid #e5e7eb;font-size:11px;color:#111827;">Avenida Tenente Amaro Felicíssimo da Silveira, 326</td></tr><tr><th style="padding:3px 5px;text-align:left;background:#f3f4f6;border-bottom:1px solid #d1d5db;width:30%;font-size:11px;font-weight:600;color:#1f2937;">Subprefeitura</th><td style="padding:3px 5px;border-bottom:1px solid #e5e7eb;font-size:11px;color:#111827;">Vila Maria/Vila Guilherme</td></tr><tr><th style="padding:3px 5px;text-align:left;background:#f3f4f6;border-bottom:1px solid #d1d5db;width:30%;font-size:11px;font-weight:600;color:#1f2937;">Volumetria</th><td style="padding:3px 5px;border-bottom:1px solid #e5e7eb;font-size:11px;color:#111827;">Entre 1m³ e 5m³</td></tr></table>]]></description><Point><coordinates>-46.5713700,-23.5222000,0</coordinates></Point></Placemark>
<Style id="s-PV-365">
<LineStyle><color>ffebce87</color><width>2.0</width></LineStyle>
<PolyStyle><color>ffebce87</color></PolyStyle>
<IconStyle><color>ffebce87</color><scale>0.55</scale>
<Icon><href>http://maps.google.com/mapfiles/kml/shapes/placemark_circle.png</href></Icon>
</IconStyle>
<LabelStyle><scale>0.65</scale></LabelStyle>
</Style><Placemark><name>MG-142</name><styleUrl>#s-PV-365</styleUrl><description><![CDATA[<table style="border-collapse:collapse;width:100%;font-family:'Helvetica Neue',Helvetica,Arial,sans-serif;font-size:11px;border:1px solid #e5e7eb;border-radius:8px;overflow:hidden;"><tr><th colspan="2" style="padding:5px 8px;background:#1f6feb;color:#fff;text-align:left;font-size:12px;font-weight:600;">MG-142</th></tr><tr><th style="padding:3px 5px;text-align:left;background:#f3f4f6;border-bottom:1px solid #d1d5db;width:30%;font-size:11px;font-weight:600;color:#1f2937;">ID</th><td style="padding:3px 5px;border-bottom:1px solid #e5e7eb;font-size:11px;color:#111827;">MG-142</td></tr><tr><th style="padding:3px 5px;text-align:left;background:#f3f4f6;border-bottom:1px solid #d1d5db;width:30%;font-size:11px;font-weight:600;color:#1f2937;">Endereço</th><td style="padding:3px 5px;border-bottom:1px solid #e5e7eb;font-size:11px;color:#111827;">Rua José Monteiro Mesquita x Rua Yamato</td></tr><tr><th style="padding:3px 5px;text-align:left;background:#f3f4f6;border-bottom:1px solid #d1d5db;width:30%;font-size:11px;font-weight:600;color:#1f2937;">Subprefeitura</th><td style="padding:3px 5px;border-bottom:1px solid #e5e7eb;font-size:11px;color:#111827;">Vila Maria/Vila Guilherme</td></tr><tr><th style="padding:3px 5px;text-align:left;background:#f3f4f6;border-bottom:1px solid #d1d5db;width:30%;font-size:11px;font-weight:600;color:#1f2937;">Volumetria</th><td style="padding:3px 5px;border-bottom:1px solid #e5e7eb;font-size:11px;color:#111827;">Entre 1m³ e 5m³</td></tr></table>]]></description><Point><coordinates>-46.5773900,-23.5004400,0</coordinates></Point></Placemark>
<Style id="s-PV-366">
<LineStyle><color>ffebce87</color><width>2.0</width></LineStyle>
<PolyStyle><color>ffebce87</color></PolyStyle>
<IconStyle><color>ffebce87</color><scale>0.55</scale>
<Icon><href>http://maps.google.com/mapfiles/kml/shapes/placemark_circle.png</href></Icon>
</IconStyle>
<LabelStyle><scale>0.65</scale></LabelStyle>
</Style><Placemark><name>MG-143</name><styleUrl>#s-PV-366</styleUrl><description><![CDATA[<table style="border-collapse:collapse;width:100%;font-family:'Helvetica Neue',Helvetica,Arial,sans-serif;font-size:11px;border:1px solid #e5e7eb;border-radius:8px;overflow:hidden;"><tr><th colspan="2" style="padding:5px 8px;background:#1f6feb;color:#fff;text-align:left;font-size:12px;font-weight:600;">MG-143</th></tr><tr><th style="padding:3px 5px;text-align:left;background:#f3f4f6;border-bottom:1px solid #d1d5db;width:30%;font-size:11px;font-weight:600;color:#1f2937;">ID</th><td style="padding:3px 5px;border-bottom:1px solid #e5e7eb;font-size:11px;color:#111827;">MG-143</td></tr><tr><th style="padding:3px 5px;text-align:left;background:#f3f4f6;border-bottom:1px solid #d1d5db;width:30%;font-size:11px;font-weight:600;color:#1f2937;">Endereço</th><td style="padding:3px 5px;border-bottom:1px solid #e5e7eb;font-size:11px;color:#111827;">Avenida Nadir Dias de Figueiredo, 1232</td></tr><tr><th style="padding:3px 5px;text-align:left;background:#f3f4f6;border-bottom:1px solid #d1d5db;width:30%;font-size:11px;font-weight:600;color:#1f2937;">Subprefeitura</th><td style="padding:3px 5px;border-bottom:1px solid #e5e7eb;font-size:11px;color:#111827;">Vila Maria/Vila Guilherme</td></tr><tr><th style="padding:3px 5px;text-align:left;background:#f3f4f6;border-bottom:1px solid #d1d5db;width:30%;font-size:11px;font-weight:600;color:#1f2937;">Volumetria</th><td style="padding:3px 5px;border-bottom:1px solid #e5e7eb;font-size:11px;color:#111827;">Entre 1m³ e 5m³</td></tr></table>]]></description><Point><coordinates>-46.5949400,-23.5139200,0</coordinates></Point></Placemark>
<Style id="s-PV-367">
<LineStyle><color>ffebce87</color><width>2.0</width></LineStyle>
<PolyStyle><color>ffebce87</color></PolyStyle>
<IconStyle><color>ffebce87</color><scale>0.55</scale>
<Icon><href>http://maps.google.com/mapfiles/kml/shapes/placemark_circle.png</href></Icon>
</IconStyle>
<LabelStyle><scale>0.65</scale></LabelStyle>
</Style><Placemark><name>MG-144</name><styleUrl>#s-PV-367</styleUrl><description><![CDATA[<table style="border-collapse:collapse;width:100%;font-family:'Helvetica Neue',Helvetica,Arial,sans-serif;font-size:11px;border:1px solid #e5e7eb;border-radius:8px;overflow:hidden;"><tr><th colspan="2" style="padding:5px 8px;background:#1f6feb;color:#fff;text-align:left;font-size:12px;font-weight:600;">MG-144</th></tr><tr><th style="padding:3px 5px;text-align:left;background:#f3f4f6;border-bottom:1px solid #d1d5db;width:30%;font-size:11px;font-weight:600;color:#1f2937;">ID</th><td style="padding:3px 5px;border-bottom:1px solid #e5e7eb;font-size:11px;color:#111827;">MG-144</td></tr><tr><th style="padding:3px 5px;text-align:left;background:#f3f4f6;border-bottom:1px solid #d1d5db;width:30%;font-size:11px;font-weight:600;color:#1f2937;">Endereço</th><td style="padding:3px 5px;border-bottom:1px solid #e5e7eb;font-size:11px;color:#111827;">Rua Doutor Alexandre Ferreira, 121</td></tr><tr><th style="padding:3px 5px;text-align:left;background:#f3f4f6;border-bottom:1px solid #d1d5db;width:30%;font-size:11px;font-weight:600;color:#1f2937;">Subprefeitura</th><td style="padding:3px 5px;border-bottom:1px solid #e5e7eb;font-size:11px;color:#111827;">Vila Maria/Vila Guilherme</td></tr><tr><th style="padding:3px 5px;text-align:left;background:#f3f4f6;border-bottom:1px solid #d1d5db;width:30%;font-size:11px;font-weight:600;color:#1f2937;">Volumetria</th><td style="padding:3px 5px;border-bottom:1px solid #e5e7eb;font-size:11px;color:#111827;">Entre 1m³ e 5m³</td></tr></table>]]></description><Point><coordinates>-46.5800300,-23.4742600,0</coordinates></Point></Placemark>
<Style id="s-PV-368">
<LineStyle><color>ffebce87</color><width>2.0</width></LineStyle>
<PolyStyle><color>ffebce87</color></PolyStyle>
<IconStyle><color>ffebce87</color><scale>0.55</scale>
<Icon><href>http://maps.google.com/mapfiles/kml/shapes/placemark_circle.png</href></Icon>
</IconStyle>
<LabelStyle><scale>0.65</scale></LabelStyle>
</Style><Placemark><name>MG-145</name><styleUrl>#s-PV-368</styleUrl><description><![CDATA[<table style="border-collapse:collapse;width:100%;font-family:'Helvetica Neue',Helvetica,Arial,sans-serif;font-size:11px;border:1px solid #e5e7eb;border-radius:8px;overflow:hidden;"><tr><th colspan="2" style="padding:5px 8px;background:#1f6feb;color:#fff;text-align:left;font-size:12px;font-weight:600;">MG-145</th></tr><tr><th style="padding:3px 5px;text-align:left;background:#f3f4f6;border-bottom:1px solid #d1d5db;width:30%;font-size:11px;font-weight:600;color:#1f2937;">ID</th><td style="padding:3px 5px;border-bottom:1px solid #e5e7eb;font-size:11px;color:#111827;">MG-145</td></tr><tr><th style="padding:3px 5px;text-align:left;background:#f3f4f6;border-bottom:1px solid #d1d5db;width:30%;font-size:11px;font-weight:600;color:#1f2937;">Endereço</th><td style="padding:3px 5px;border-bottom:1px solid #e5e7eb;font-size:11px;color:#111827;">Rua Estevão Mélio, 613</td></tr><tr><th style="padding:3px 5px;text-align:left;background:#f3f4f6;border-bottom:1px solid #d1d5db;width:30%;font-size:11px;font-weight:600;color:#1f2937;">Subprefeitura</th><td style="padding:3px 5px;border-bottom:1px solid #e5e7eb;font-size:11px;color:#111827;">Vila Maria/Vila Guilherme</td></tr><tr><th style="padding:3px 5px;text-align:left;background:#f3f4f6;border-bottom:1px solid #d1d5db;width:30%;font-size:11px;font-weight:600;color:#1f2937;">Volumetria</th><td style="padding:3px 5px;border-bottom:1px solid #e5e7eb;font-size:11px;color:#111827;">Entre 1m³ e 5m³</td></tr></table>]]></description><Point><coordinates>-46.5779400,-23.4955100,0</coordinates></Point></Placemark>
<Style id="s-PV-369">
<LineStyle><color>ffebce87</color><width>2.0</width></LineStyle>
<PolyStyle><color>ffebce87</color></PolyStyle>
<IconStyle><color>ffebce87</color><scale>0.55</scale>
<Icon><href>http://maps.google.com/mapfiles/kml/shapes/placemark_circle.png</href></Icon>
</IconStyle>
<LabelStyle><scale>0.65</scale></LabelStyle>
</Style><Placemark><name>MG-146</name><styleUrl>#s-PV-369</styleUrl><description><![CDATA[<table style="border-collapse:collapse;width:100%;font-family:'Helvetica Neue',Helvetica,Arial,sans-serif;font-size:11px;border:1px solid #e5e7eb;border-radius:8px;overflow:hidden;"><tr><th colspan="2" style="padding:5px 8px;background:#1f6feb;color:#fff;text-align:left;font-size:12px;font-weight:600;">MG-146</th></tr><tr><th style="padding:3px 5px;text-align:left;background:#f3f4f6;border-bottom:1px solid #d1d5db;width:30%;font-size:11px;font-weight:600;color:#1f2937;">ID</th><td style="padding:3px 5px;border-bottom:1px solid #e5e7eb;font-size:11px;color:#111827;">MG-146</td></tr><tr><th style="padding:3px 5px;text-align:left;background:#f3f4f6;border-bottom:1px solid #d1d5db;width:30%;font-size:11px;font-weight:600;color:#1f2937;">Endereço</th><td style="padding:3px 5px;border-bottom:1px solid #e5e7eb;font-size:11px;color:#111827;">Av. Edgar Ruzzant, 1011</td></tr><tr><th style="padding:3px 5px;text-align:left;background:#f3f4f6;border-bottom:1px solid #d1d5db;width:30%;font-size:11px;font-weight:600;color:#1f2937;">Subprefeitura</th><td style="padding:3px 5px;border-bottom:1px solid #e5e7eb;font-size:11px;color:#111827;">Vila Maria/Vila Guilherme</td></tr><tr><th style="padding:3px 5px;text-align:left;background:#f3f4f6;border-bottom:1px solid #d1d5db;width:30%;font-size:11px;font-weight:600;color:#1f2937;">Volumetria</th><td style="padding:3px 5px;border-bottom:1px solid #e5e7eb;font-size:11px;color:#111827;">Entre 1m³ e 5m³</td></tr><tr><th style="padding:3px 5px;text-align:left;background:#f3f4f6;border-bottom:1px solid #d1d5db;width:30%;font-size:11px;font-weight:600;color:#1f2937;">Status</th><td style="padding:3px 5px;border-bottom:1px solid #e5e7eb;font-size:11px;color:#111827;">Revitalizado</td></tr><tr><th style="padding:3px 5px;text-align:left;background:#f3f4f6;border-bottom:1px solid #d1d5db;width:30%;font-size:11px;font-weight:600;color:#1f2937;">Data</th><td style="padding:3px 5px;border-bottom:1px solid #e5e7eb;font-size:11px;color:#111827;">46006</td></tr></table>]]></description><Point><coordinates>-46.5728700,-23.4846100,0</coordinates></Point></Placemark>
<Style id="s-PV-370">
<LineStyle><color>ffebce87</color><width>2.0</width></LineStyle>
<PolyStyle><color>ffebce87</color></PolyStyle>
<IconStyle><color>ffebce87</color><scale>0.55</scale>
<Icon><href>http://maps.google.com/mapfiles/kml/shapes/placemark_circle.png</href></Icon>
</IconStyle>
<LabelStyle><scale>0.65</scale></LabelStyle>
</Style><Placemark><name>MG-147</name><styleUrl>#s-PV-370</styleUrl><description><![CDATA[<table style="border-collapse:collapse;width:100%;font-family:'Helvetica Neue',Helvetica,Arial,sans-serif;font-size:11px;border:1px solid #e5e7eb;border-radius:8px;overflow:hidden;"><tr><th colspan="2" style="padding:5px 8px;background:#1f6feb;color:#fff;text-align:left;font-size:12px;font-weight:600;">MG-147</th></tr><tr><th style="padding:3px 5px;text-align:left;background:#f3f4f6;border-bottom:1px solid #d1d5db;width:30%;font-size:11px;font-weight:600;color:#1f2937;">ID</th><td style="padding:3px 5px;border-bottom:1px solid #e5e7eb;font-size:11px;color:#111827;">MG-147</td></tr><tr><th style="padding:3px 5px;text-align:left;background:#f3f4f6;border-bottom:1px solid #d1d5db;width:30%;font-size:11px;font-weight:600;color:#1f2937;">Endereço</th><td style="padding:3px 5px;border-bottom:1px solid #e5e7eb;font-size:11px;color:#111827;">Travessa Lucas Alber, 126</td></tr><tr><th style="padding:3px 5px;text-align:left;background:#f3f4f6;border-bottom:1px solid #d1d5db;width:30%;font-size:11px;font-weight:600;color:#1f2937;">Subprefeitura</th><td style="padding:3px 5px;border-bottom:1px solid #e5e7eb;font-size:11px;color:#111827;">Vila Maria/Vila Guilherme</td></tr><tr><th style="padding:3px 5px;text-align:left;background:#f3f4f6;border-bottom:1px solid #d1d5db;width:30%;font-size:11px;font-weight:600;color:#1f2937;">Volumetria</th><td style="padding:3px 5px;border-bottom:1px solid #e5e7eb;font-size:11px;color:#111827;">Entre 1m³ e 5m³</td></tr><tr><th style="padding:3px 5px;text-align:left;background:#f3f4f6;border-bottom:1px solid #d1d5db;width:30%;font-size:11px;font-weight:600;color:#1f2937;">Status</th><td style="padding:3px 5px;border-bottom:1px solid #e5e7eb;font-size:11px;color:#111827;">Revitalizado</td></tr><tr><th style="padding:3px 5px;text-align:left;background:#f3f4f6;border-bottom:1px solid #d1d5db;width:30%;font-size:11px;font-weight:600;color:#1f2937;">Data</th><td style="padding:3px 5px;border-bottom:1px solid #e5e7eb;font-size:11px;color:#111827;">45990</td></tr></table>]]></description><Point><coordinates>-46.6034600,-23.5108400,0</coordinates></Point></Placemark>
<Style id="s-PV-371">
<LineStyle><color>ffebce87</color><width>2.0</width></LineStyle>
<PolyStyle><color>ffebce87</color></PolyStyle>
<IconStyle><color>ffebce87</color><scale>0.55</scale>
<Icon><href>http://maps.google.com/mapfiles/kml/shapes/placemark_circle.png</href></Icon>
</IconStyle>
<LabelStyle><scale>0.65</scale></LabelStyle>
</Style><Placemark><name>MG-148</name><styleUrl>#s-PV-371</styleUrl><description><![CDATA[<table style="border-collapse:collapse;width:100%;font-family:'Helvetica Neue',Helvetica,Arial,sans-serif;font-size:11px;border:1px solid #e5e7eb;border-radius:8px;overflow:hidden;"><tr><th colspan="2" style="padding:5px 8px;background:#1f6feb;color:#fff;text-align:left;font-size:12px;font-weight:600;">MG-148</th></tr><tr><th style="padding:3px 5px;text-align:left;background:#f3f4f6;border-bottom:1px solid #d1d5db;width:30%;font-size:11px;font-weight:600;color:#1f2937;">ID</th><td style="padding:3px 5px;border-bottom:1px solid #e5e7eb;font-size:11px;color:#111827;">MG-148</td></tr><tr><th style="padding:3px 5px;text-align:left;background:#f3f4f6;border-bottom:1px solid #d1d5db;width:30%;font-size:11px;font-weight:600;color:#1f2937;">Endereço</th><td style="padding:3px 5px;border-bottom:1px solid #e5e7eb;font-size:11px;color:#111827;">Avenida do Poeta, 843</td></tr><tr><th style="padding:3px 5px;text-align:left;background:#f3f4f6;border-bottom:1px solid #d1d5db;width:30%;font-size:11px;font-weight:600;color:#1f2937;">Subprefeitura</th><td style="padding:3px 5px;border-bottom:1px solid #e5e7eb;font-size:11px;color:#111827;">Vila Maria/Vila Guilherme</td></tr><tr><th style="padding:3px 5px;text-align:left;background:#f3f4f6;border-bottom:1px solid #d1d5db;width:30%;font-size:11px;font-weight:600;color:#1f2937;">Volumetria</th><td style="padding:3px 5px;border-bottom:1px solid #e5e7eb;font-size:11px;color:#111827;">Entre 1m³ e 5m³</td></tr><tr><th style="padding:3px 5px;text-align:left;background:#f3f4f6;border-bottom:1px solid #d1d5db;width:30%;font-size:11px;font-weight:600;color:#1f2937;">Status</th><td style="padding:3px 5px;border-bottom:1px solid #e5e7eb;font-size:11px;color:#111827;">Revitalizado</td></tr><tr><th style="padding:3px 5px;text-align:left;background:#f3f4f6;border-bottom:1px solid #d1d5db;width:30%;font-size:11px;font-weight:600;color:#1f2937;">Data</th><td style="padding:3px 5px;border-bottom:1px solid #e5e7eb;font-size:11px;color:#111827;">46060</td></tr></table>]]></description><Point><coordinates>-46.5661500,-23.4862500,0</coordinates></Point></Placemark>
<Style id="s-PV-372">
<LineStyle><color>ffebce87</color><width>2.0</width></LineStyle>
<PolyStyle><color>ffebce87</color></PolyStyle>
<IconStyle><color>ffebce87</color><scale>0.55</scale>
<Icon><href>http://maps.google.com/mapfiles/kml/shapes/placemark_circle.png</href></Icon>
</IconStyle>
<LabelStyle><scale>0.65</scale></LabelStyle>
</Style><Placemark><name>MG-149</name><styleUrl>#s-PV-372</styleUrl><description><![CDATA[<table style="border-collapse:collapse;width:100%;font-family:'Helvetica Neue',Helvetica,Arial,sans-serif;font-size:11px;border:1px solid #e5e7eb;border-radius:8px;overflow:hidden;"><tr><th colspan="2" style="padding:5px 8px;background:#1f6feb;color:#fff;text-align:left;font-size:12px;font-weight:600;">MG-149</th></tr><tr><th style="padding:3px 5px;text-align:left;background:#f3f4f6;border-bottom:1px solid #d1d5db;width:30%;font-size:11px;font-weight:600;color:#1f2937;">ID</th><td style="padding:3px 5px;border-bottom:1px solid #e5e7eb;font-size:11px;color:#111827;">MG-149</td></tr><tr><th style="padding:3px 5px;text-align:left;background:#f3f4f6;border-bottom:1px solid #d1d5db;width:30%;font-size:11px;font-weight:600;color:#1f2937;">Endereço</th><td style="padding:3px 5px;border-bottom:1px solid #e5e7eb;font-size:11px;color:#111827;">Rua Santo Antônio de Lisboa, 565</td></tr><tr><th style="padding:3px 5px;text-align:left;background:#f3f4f6;border-bottom:1px solid #d1d5db;width:30%;font-size:11px;font-weight:600;color:#1f2937;">Subprefeitura</th><td style="padding:3px 5px;border-bottom:1px solid #e5e7eb;font-size:11px;color:#111827;">Vila Maria/Vila Guilherme</td></tr><tr><th style="padding:3px 5px;text-align:left;background:#f3f4f6;border-bottom:1px solid #d1d5db;width:30%;font-size:11px;font-weight:600;color:#1f2937;">Volumetria</th><td style="padding:3px 5px;border-bottom:1px solid #e5e7eb;font-size:11px;color:#111827;">Entre 1m³ e 5m³</td></tr><tr><th style="padding:3px 5px;text-align:left;background:#f3f4f6;border-bottom:1px solid #d1d5db;width:30%;font-size:11px;font-weight:600;color:#1f2937;">Status</th><td style="padding:3px 5px;border-bottom:1px solid #e5e7eb;font-size:11px;color:#111827;">Revitalizado</td></tr><tr><th style="padding:3px 5px;text-align:left;background:#f3f4f6;border-bottom:1px solid #d1d5db;width:30%;font-size:11px;font-weight:600;color:#1f2937;">Data</th><td style="padding:3px 5px;border-bottom:1px solid #e5e7eb;font-size:11px;color:#111827;">46081</td></tr></table>]]></description><Point><coordinates>-46.5908200,-23.4908000,0</coordinates></Point></Placemark>
<Style id="s-PV-373">
<LineStyle><color>ffebce87</color><width>2.0</width></LineStyle>
<PolyStyle><color>ffebce87</color></PolyStyle>
<IconStyle><color>ffebce87</color><scale>0.55</scale>
<Icon><href>http://maps.google.com/mapfiles/kml/shapes/placemark_circle.png</href></Icon>
</IconStyle>
<LabelStyle><scale>0.65</scale></LabelStyle>
</Style><Placemark><name>MG-150</name><styleUrl>#s-PV-373</styleUrl><description><![CDATA[<table style="border-collapse:collapse;width:100%;font-family:'Helvetica Neue',Helvetica,Arial,sans-serif;font-size:11px;border:1px solid #e5e7eb;border-radius:8px;overflow:hidden;"><tr><th colspan="2" style="padding:5px 8px;background:#1f6feb;color:#fff;text-align:left;font-size:12px;font-weight:600;">MG-150</th></tr><tr><th style="padding:3px 5px;text-align:left;background:#f3f4f6;border-bottom:1px solid #d1d5db;width:30%;font-size:11px;font-weight:600;color:#1f2937;">ID</th><td style="padding:3px 5px;border-bottom:1px solid #e5e7eb;font-size:11px;color:#111827;">MG-150</td></tr><tr><th style="padding:3px 5px;text-align:left;background:#f3f4f6;border-bottom:1px solid #d1d5db;width:30%;font-size:11px;font-weight:600;color:#1f2937;">Endereço</th><td style="padding:3px 5px;border-bottom:1px solid #e5e7eb;font-size:11px;color:#111827;">Rua Serafim Poli, 232</td></tr><tr><th style="padding:3px 5px;text-align:left;background:#f3f4f6;border-bottom:1px solid #d1d5db;width:30%;font-size:11px;font-weight:600;color:#1f2937;">Subprefeitura</th><td style="padding:3px 5px;border-bottom:1px solid #e5e7eb;font-size:11px;color:#111827;">Vila Maria/Vila Guilherme</td></tr><tr><th style="padding:3px 5px;text-align:left;background:#f3f4f6;border-bottom:1px solid #d1d5db;width:30%;font-size:11px;font-weight:600;color:#1f2937;">Volumetria</th><td style="padding:3px 5px;border-bottom:1px solid #e5e7eb;font-size:11px;color:#111827;">Entre 1m³ e 5m³</td></tr><tr><th style="padding:3px 5px;text-align:left;background:#f3f4f6;border-bottom:1px solid #d1d5db;width:30%;font-size:11px;font-weight:600;color:#1f2937;">Data</th><td style="padding:3px 5px;border-bottom:1px solid #e5e7eb;font-size:11px;color:#111827;">46109</td></tr></table>]]></description><Point><coordinates>-46.5779100,-23.5198000,0</coordinates></Point></Placemark>
<Style id="s-PV-374">
<LineStyle><color>ff00d7ff</color><width>2.0</width></LineStyle>
<PolyStyle><color>ff00d7ff</color></PolyStyle>
<IconStyle><color>ff00d7ff</color><scale>0.55</scale>
<Icon><href>http://maps.google.com/mapfiles/kml/shapes/placemark_circle.png</href></Icon>
</IconStyle>
<LabelStyle><scale>0.65</scale></LabelStyle>
</Style><Placemark><name>ST-001</name><styleUrl>#s-PV-374</styleUrl><description><![CDATA[<table style="border-collapse:collapse;width:100%;font-family:'Helvetica Neue',Helvetica,Arial,sans-serif;font-size:11px;border:1px solid #e5e7eb;border-radius:8px;overflow:hidden;"><tr><th colspan="2" style="padding:5px 8px;background:#1f6feb;color:#fff;text-align:left;font-size:12px;font-weight:600;">ST-001</th></tr><tr><th style="padding:3px 5px;text-align:left;background:#f3f4f6;border-bottom:1px solid #d1d5db;width:30%;font-size:11px;font-weight:600;color:#1f2937;">ID</th><td style="padding:3px 5px;border-bottom:1px solid #e5e7eb;font-size:11px;color:#111827;">ST-001</td></tr><tr><th style="padding:3px 5px;text-align:left;background:#f3f4f6;border-bottom:1px solid #d1d5db;width:30%;font-size:11px;font-weight:600;color:#1f2937;">Endereço</th><td style="padding:3px 5px;border-bottom:1px solid #e5e7eb;font-size:11px;color:#111827;">Avenida Doutor Antônio Maria Laet, 533</td></tr><tr><th style="padding:3px 5px;text-align:left;background:#f3f4f6;border-bottom:1px solid #d1d5db;width:30%;font-size:11px;font-weight:600;color:#1f2937;">Subprefeitura</th><td style="padding:3px 5px;border-bottom:1px solid #e5e7eb;font-size:11px;color:#111827;">Santana/Tucuruvi</td></tr><tr><th style="padding:3px 5px;text-align:left;background:#f3f4f6;border-bottom:1px solid #d1d5db;width:30%;font-size:11px;font-weight:600;color:#1f2937;">Volumetria</th><td style="padding:3px 5px;border-bottom:1px solid #e5e7eb;font-size:11px;color:#111827;">Entre 1m³ e 5m³</td></tr></table>]]></description><Point><coordinates>-46.6011300,-23.4767700,0</coordinates></Point></Placemark>
<Style id="s-PV-375">
<LineStyle><color>ff00d7ff</color><width>2.0</width></LineStyle>
<PolyStyle><color>ff00d7ff</color></PolyStyle>
<IconStyle><color>ff00d7ff</color><scale>0.55</scale>
<Icon><href>http://maps.google.com/mapfiles/kml/shapes/placemark_circle.png</href></Icon>
</IconStyle>
<LabelStyle><scale>0.65</scale></LabelStyle>
</Style><Placemark><name>ST-002</name><styleUrl>#s-PV-375</styleUrl><description><![CDATA[<table style="border-collapse:collapse;width:100%;font-family:'Helvetica Neue',Helvetica,Arial,sans-serif;font-size:11px;border:1px solid #e5e7eb;border-radius:8px;overflow:hidden;"><tr><th colspan="2" style="padding:5px 8px;background:#1f6feb;color:#fff;text-align:left;font-size:12px;font-weight:600;">ST-002</th></tr><tr><th style="padding:3px 5px;text-align:left;background:#f3f4f6;border-bottom:1px solid #d1d5db;width:30%;font-size:11px;font-weight:600;color:#1f2937;">ID</th><td style="padding:3px 5px;border-bottom:1px solid #e5e7eb;font-size:11px;color:#111827;">ST-002</td></tr><tr><th style="padding:3px 5px;text-align:left;background:#f3f4f6;border-bottom:1px solid #d1d5db;width:30%;font-size:11px;font-weight:600;color:#1f2937;">Endereço</th><td style="padding:3px 5px;border-bottom:1px solid #e5e7eb;font-size:11px;color:#111827;">Avenida Brás Leme , 1636</td></tr><tr><th style="padding:3px 5px;text-align:left;background:#f3f4f6;border-bottom:1px solid #d1d5db;width:30%;font-size:11px;font-weight:600;color:#1f2937;">Subprefeitura</th><td style="padding:3px 5px;border-bottom:1px solid #e5e7eb;font-size:11px;color:#111827;">Santana/Tucuruvi</td></tr><tr><th style="padding:3px 5px;text-align:left;background:#f3f4f6;border-bottom:1px solid #d1d5db;width:30%;font-size:11px;font-weight:600;color:#1f2937;">Volumetria</th><td style="padding:3px 5px;border-bottom:1px solid #e5e7eb;font-size:11px;color:#111827;">Não se aplica (inativo).</td></tr><tr><th style="padding:3px 5px;text-align:left;background:#f3f4f6;border-bottom:1px solid #d1d5db;width:30%;font-size:11px;font-weight:600;color:#1f2937;">Status</th><td style="padding:3px 5px;border-bottom:1px solid #e5e7eb;font-size:11px;color:#111827;">Inativo</td></tr><tr><th style="padding:3px 5px;text-align:left;background:#f3f4f6;border-bottom:1px solid #d1d5db;width:30%;font-size:11px;font-weight:600;color:#1f2937;">Data</th><td style="padding:3px 5px;border-bottom:1px solid #e5e7eb;font-size:11px;color:#111827;">Inativo</td></tr></table>]]></description><Point><coordinates>-46.6437400,-23.5066000,0</coordinates></Point></Placemark>
<Style id="s-PV-376">
<LineStyle><color>ff00d7ff</color><width>2.0</width></LineStyle>
<PolyStyle><color>ff00d7ff</color></PolyStyle>
<IconStyle><color>ff00d7ff</color><scale>0.55</scale>
<Icon><href>http://maps.google.com/mapfiles/kml/shapes/placemark_circle.png</href></Icon>
</IconStyle>
<LabelStyle><scale>0.65</scale></LabelStyle>
</Style><Placemark><name>ST-003</name><styleUrl>#s-PV-376</styleUrl><description><![CDATA[<table style="border-collapse:collapse;width:100%;font-family:'Helvetica Neue',Helvetica,Arial,sans-serif;font-size:11px;border:1px solid #e5e7eb;border-radius:8px;overflow:hidden;"><tr><th colspan="2" style="padding:5px 8px;background:#1f6feb;color:#fff;text-align:left;font-size:12px;font-weight:600;">ST-003</th></tr><tr><th style="padding:3px 5px;text-align:left;background:#f3f4f6;border-bottom:1px solid #d1d5db;width:30%;font-size:11px;font-weight:600;color:#1f2937;">ID</th><td style="padding:3px 5px;border-bottom:1px solid #e5e7eb;font-size:11px;color:#111827;">ST-003</td></tr><tr><th style="padding:3px 5px;text-align:left;background:#f3f4f6;border-bottom:1px solid #d1d5db;width:30%;font-size:11px;font-weight:600;color:#1f2937;">Endereço</th><td style="padding:3px 5px;border-bottom:1px solid #e5e7eb;font-size:11px;color:#111827;">Avenida Conselheiro Moreira de Barros, 4010</td></tr><tr><th style="padding:3px 5px;text-align:left;background:#f3f4f6;border-bottom:1px solid #d1d5db;width:30%;font-size:11px;font-weight:600;color:#1f2937;">Subprefeitura</th><td style="padding:3px 5px;border-bottom:1px solid #e5e7eb;font-size:11px;color:#111827;">Santana/Tucuruvi</td></tr><tr><th style="padding:3px 5px;text-align:left;background:#f3f4f6;border-bottom:1px solid #d1d5db;width:30%;font-size:11px;font-weight:600;color:#1f2937;">Volumetria</th><td style="padding:3px 5px;border-bottom:1px solid #e5e7eb;font-size:11px;color:#111827;">Mais de 5m³</td></tr></table>]]></description><Point><coordinates>-46.6497400,-23.4746000,0</coordinates></Point></Placemark>
<Style id="s-PV-377">
<LineStyle><color>ff00d7ff</color><width>2.0</width></LineStyle>
<PolyStyle><color>ff00d7ff</color></PolyStyle>
<IconStyle><color>ff00d7ff</color><scale>0.55</scale>
<Icon><href>http://maps.google.com/mapfiles/kml/shapes/placemark_circle.png</href></Icon>
</IconStyle>
<LabelStyle><scale>0.65</scale></LabelStyle>
</Style><Placemark><name>ST-004</name><styleUrl>#s-PV-377</styleUrl><description><![CDATA[<table style="border-collapse:collapse;width:100%;font-family:'Helvetica Neue',Helvetica,Arial,sans-serif;font-size:11px;border:1px solid #e5e7eb;border-radius:8px;overflow:hidden;"><tr><th colspan="2" style="padding:5px 8px;background:#1f6feb;color:#fff;text-align:left;font-size:12px;font-weight:600;">ST-004</th></tr><tr><th style="padding:3px 5px;text-align:left;background:#f3f4f6;border-bottom:1px solid #d1d5db;width:30%;font-size:11px;font-weight:600;color:#1f2937;">ID</th><td style="padding:3px 5px;border-bottom:1px solid #e5e7eb;font-size:11px;color:#111827;">ST-004</td></tr><tr><th style="padding:3px 5px;text-align:left;background:#f3f4f6;border-bottom:1px solid #d1d5db;width:30%;font-size:11px;font-weight:600;color:#1f2937;">Endereço</th><td style="padding:3px 5px;border-bottom:1px solid #e5e7eb;font-size:11px;color:#111827;">Avenida Coronel Manuel Py, 137</td></tr><tr><th style="padding:3px 5px;text-align:left;background:#f3f4f6;border-bottom:1px solid #d1d5db;width:30%;font-size:11px;font-weight:600;color:#1f2937;">Subprefeitura</th><td style="padding:3px 5px;border-bottom:1px solid #e5e7eb;font-size:11px;color:#111827;">Santana/Tucuruvi</td></tr><tr><th style="padding:3px 5px;text-align:left;background:#f3f4f6;border-bottom:1px solid #d1d5db;width:30%;font-size:11px;font-weight:600;color:#1f2937;">Volumetria</th><td style="padding:3px 5px;border-bottom:1px solid #e5e7eb;font-size:11px;color:#111827;">Não se aplica (inativo).</td></tr><tr><th style="padding:3px 5px;text-align:left;background:#f3f4f6;border-bottom:1px solid #d1d5db;width:30%;font-size:11px;font-weight:600;color:#1f2937;">Status</th><td style="padding:3px 5px;border-bottom:1px solid #e5e7eb;font-size:11px;color:#111827;">Inativo</td></tr><tr><th style="padding:3px 5px;text-align:left;background:#f3f4f6;border-bottom:1px solid #d1d5db;width:30%;font-size:11px;font-weight:600;color:#1f2937;">Data</th><td style="padding:3px 5px;border-bottom:1px solid #e5e7eb;font-size:11px;color:#111827;">Inativo</td></tr></table>]]></description><Point><coordinates>-46.6449800,-23.4736500,0</coordinates></Point></Placemark>
<Style id="s-PV-378">
<LineStyle><color>ff00d7ff</color><width>2.0</width></LineStyle>
<PolyStyle><color>ff00d7ff</color></PolyStyle>
<IconStyle><color>ff00d7ff</color><scale>0.55</scale>
<Icon><href>http://maps.google.com/mapfiles/kml/shapes/placemark_circle.png</href></Icon>
</IconStyle>
<LabelStyle><scale>0.65</scale></LabelStyle>
</Style><Placemark><name>ST-005</name><styleUrl>#s-PV-378</styleUrl><description><![CDATA[<table style="border-collapse:collapse;width:100%;font-family:'Helvetica Neue',Helvetica,Arial,sans-serif;font-size:11px;border:1px solid #e5e7eb;border-radius:8px;overflow:hidden;"><tr><th colspan="2" style="padding:5px 8px;background:#1f6feb;color:#fff;text-align:left;font-size:12px;font-weight:600;">ST-005</th></tr><tr><th style="padding:3px 5px;text-align:left;background:#f3f4f6;border-bottom:1px solid #d1d5db;width:30%;font-size:11px;font-weight:600;color:#1f2937;">ID</th><td style="padding:3px 5px;border-bottom:1px solid #e5e7eb;font-size:11px;color:#111827;">ST-005</td></tr><tr><th style="padding:3px 5px;text-align:left;background:#f3f4f6;border-bottom:1px solid #d1d5db;width:30%;font-size:11px;font-weight:600;color:#1f2937;">Endereço</th><td style="padding:3px 5px;border-bottom:1px solid #e5e7eb;font-size:11px;color:#111827;">Avenida Cruzeiro do Sul, 2092</td></tr><tr><th style="padding:3px 5px;text-align:left;background:#f3f4f6;border-bottom:1px solid #d1d5db;width:30%;font-size:11px;font-weight:600;color:#1f2937;">Subprefeitura</th><td style="padding:3px 5px;border-bottom:1px solid #e5e7eb;font-size:11px;color:#111827;">Santana/Tucuruvi</td></tr><tr><th style="padding:3px 5px;text-align:left;background:#f3f4f6;border-bottom:1px solid #d1d5db;width:30%;font-size:11px;font-weight:600;color:#1f2937;">Volumetria</th><td style="padding:3px 5px;border-bottom:1px solid #e5e7eb;font-size:11px;color:#111827;">Não se aplica (inativo).</td></tr><tr><th style="padding:3px 5px;text-align:left;background:#f3f4f6;border-bottom:1px solid #d1d5db;width:30%;font-size:11px;font-weight:600;color:#1f2937;">Status</th><td style="padding:3px 5px;border-bottom:1px solid #e5e7eb;font-size:11px;color:#111827;">Inativo</td></tr><tr><th style="padding:3px 5px;text-align:left;background:#f3f4f6;border-bottom:1px solid #d1d5db;width:30%;font-size:11px;font-weight:600;color:#1f2937;">Data</th><td style="padding:3px 5px;border-bottom:1px solid #e5e7eb;font-size:11px;color:#111827;">Inativo</td></tr></table>]]></description><Point><coordinates>-46.6249900,-23.5126700,0</coordinates></Point></Placemark>
<Style id="s-PV-379">
<LineStyle><color>ff00d7ff</color><width>2.0</width></LineStyle>
<PolyStyle><color>ff00d7ff</color></PolyStyle>
<IconStyle><color>ff00d7ff</color><scale>0.55</scale>
<Icon><href>http://maps.google.com/mapfiles/kml/shapes/placemark_circle.png</href></Icon>
</IconStyle>
<LabelStyle><scale>0.65</scale></LabelStyle>
</Style><Placemark><name>ST-006</name><styleUrl>#s-PV-379</styleUrl><description><![CDATA[<table style="border-collapse:collapse;width:100%;font-family:'Helvetica Neue',Helvetica,Arial,sans-serif;font-size:11px;border:1px solid #e5e7eb;border-radius:8px;overflow:hidden;"><tr><th colspan="2" style="padding:5px 8px;background:#1f6feb;color:#fff;text-align:left;font-size:12px;font-weight:600;">ST-006</th></tr><tr><th style="padding:3px 5px;text-align:left;background:#f3f4f6;border-bottom:1px solid #d1d5db;width:30%;font-size:11px;font-weight:600;color:#1f2937;">ID</th><td style="padding:3px 5px;border-bottom:1px solid #e5e7eb;font-size:11px;color:#111827;">ST-006</td></tr><tr><th style="padding:3px 5px;text-align:left;background:#f3f4f6;border-bottom:1px solid #d1d5db;width:30%;font-size:11px;font-weight:600;color:#1f2937;">Endereço</th><td style="padding:3px 5px;border-bottom:1px solid #e5e7eb;font-size:11px;color:#111827;">Avenida Cruzeiro do Sul, 2653</td></tr><tr><th style="padding:3px 5px;text-align:left;background:#f3f4f6;border-bottom:1px solid #d1d5db;width:30%;font-size:11px;font-weight:600;color:#1f2937;">Subprefeitura</th><td style="padding:3px 5px;border-bottom:1px solid #e5e7eb;font-size:11px;color:#111827;">Santana/Tucuruvi</td></tr><tr><th style="padding:3px 5px;text-align:left;background:#f3f4f6;border-bottom:1px solid #d1d5db;width:30%;font-size:11px;font-weight:600;color:#1f2937;">Volumetria</th><td style="padding:3px 5px;border-bottom:1px solid #e5e7eb;font-size:11px;color:#111827;">Entre 1m³ e 5m³</td></tr></table>]]></description><Point><coordinates>-46.6251500,-23.5077000,0</coordinates></Point></Placemark>
<Style id="s-PV-380">
<LineStyle><color>ff00d7ff</color><width>2.0</width></LineStyle>
<PolyStyle><color>ff00d7ff</color></PolyStyle>
<IconStyle><color>ff00d7ff</color><scale>0.55</scale>
<Icon><href>http://maps.google.com/mapfiles/kml/shapes/placemark_circle.png</href></Icon>
</IconStyle>
<LabelStyle><scale>0.65</scale></LabelStyle>
</Style><Placemark><name>ST-007</name><styleUrl>#s-PV-380</styleUrl><description><![CDATA[<table style="border-collapse:collapse;width:100%;font-family:'Helvetica Neue',Helvetica,Arial,sans-serif;font-size:11px;border:1px solid #e5e7eb;border-radius:8px;overflow:hidden;"><tr><th colspan="2" style="padding:5px 8px;background:#1f6feb;color:#fff;text-align:left;font-size:12px;font-weight:600;">ST-007</th></tr><tr><th style="padding:3px 5px;text-align:left;background:#f3f4f6;border-bottom:1px solid #d1d5db;width:30%;font-size:11px;font-weight:600;color:#1f2937;">ID</th><td style="padding:3px 5px;border-bottom:1px solid #e5e7eb;font-size:11px;color:#111827;">ST-007</td></tr><tr><th style="padding:3px 5px;text-align:left;background:#f3f4f6;border-bottom:1px solid #d1d5db;width:30%;font-size:11px;font-weight:600;color:#1f2937;">Endereço</th><td style="padding:3px 5px;border-bottom:1px solid #e5e7eb;font-size:11px;color:#111827;">Avenida Direitos Humanos, 1746</td></tr><tr><th style="padding:3px 5px;text-align:left;background:#f3f4f6;border-bottom:1px solid #d1d5db;width:30%;font-size:11px;font-weight:600;color:#1f2937;">Subprefeitura</th><td style="padding:3px 5px;border-bottom:1px solid #e5e7eb;font-size:11px;color:#111827;">Santana/Tucuruvi</td></tr><tr><th style="padding:3px 5px;text-align:left;background:#f3f4f6;border-bottom:1px solid #d1d5db;width:30%;font-size:11px;font-weight:600;color:#1f2937;">Volumetria</th><td style="padding:3px 5px;border-bottom:1px solid #e5e7eb;font-size:11px;color:#111827;">Mais de 5m³</td></tr></table>]]></description><Point><coordinates>-46.6451900,-23.4792300,0</coordinates></Point></Placemark>
<Style id="s-PV-381">
<LineStyle><color>ff00d7ff</color><width>2.0</width></LineStyle>
<PolyStyle><color>ff00d7ff</color></PolyStyle>
<IconStyle><color>ff00d7ff</color><scale>0.55</scale>
<Icon><href>http://maps.google.com/mapfiles/kml/shapes/placemark_circle.png</href></Icon>
</IconStyle>
<LabelStyle><scale>0.65</scale></LabelStyle>
</Style><Placemark><name>ST-008</name><styleUrl>#s-PV-381</styleUrl><description><![CDATA[<table style="border-collapse:collapse;width:100%;font-family:'Helvetica Neue',Helvetica,Arial,sans-serif;font-size:11px;border:1px solid #e5e7eb;border-radius:8px;overflow:hidden;"><tr><th colspan="2" style="padding:5px 8px;background:#1f6feb;color:#fff;text-align:left;font-size:12px;font-weight:600;">ST-008</th></tr><tr><th style="padding:3px 5px;text-align:left;background:#f3f4f6;border-bottom:1px solid #d1d5db;width:30%;font-size:11px;font-weight:600;color:#1f2937;">ID</th><td style="padding:3px 5px;border-bottom:1px solid #e5e7eb;font-size:11px;color:#111827;">ST-008</td></tr><tr><th style="padding:3px 5px;text-align:left;background:#f3f4f6;border-bottom:1px solid #d1d5db;width:30%;font-size:11px;font-weight:600;color:#1f2937;">Endereço</th><td style="padding:3px 5px;border-bottom:1px solid #e5e7eb;font-size:11px;color:#111827;">Avenida Direitos Humanos, 1869</td></tr><tr><th style="padding:3px 5px;text-align:left;background:#f3f4f6;border-bottom:1px solid #d1d5db;width:30%;font-size:11px;font-weight:600;color:#1f2937;">Subprefeitura</th><td style="padding:3px 5px;border-bottom:1px solid #e5e7eb;font-size:11px;color:#111827;">Santana/Tucuruvi</td></tr><tr><th style="padding:3px 5px;text-align:left;background:#f3f4f6;border-bottom:1px solid #d1d5db;width:30%;font-size:11px;font-weight:600;color:#1f2937;">Volumetria</th><td style="padding:3px 5px;border-bottom:1px solid #e5e7eb;font-size:11px;color:#111827;">Mais de 5m³</td></tr></table>]]></description><Point><coordinates>-46.6417000,-23.4769400,0</coordinates></Point></Placemark>
<Style id="s-PV-382">
<LineStyle><color>ff00d7ff</color><width>2.0</width></LineStyle>
<PolyStyle><color>ff00d7ff</color></PolyStyle>
<IconStyle><color>ff00d7ff</color><scale>0.55</scale>
<Icon><href>http://maps.google.com/mapfiles/kml/shapes/placemark_circle.png</href></Icon>
</IconStyle>
<LabelStyle><scale>0.65</scale></LabelStyle>
</Style><Placemark><name>ST-009</name><styleUrl>#s-PV-382</styleUrl><description><![CDATA[<table style="border-collapse:collapse;width:100%;font-family:'Helvetica Neue',Helvetica,Arial,sans-serif;font-size:11px;border:1px solid #e5e7eb;border-radius:8px;overflow:hidden;"><tr><th colspan="2" style="padding:5px 8px;background:#1f6feb;color:#fff;text-align:left;font-size:12px;font-weight:600;">ST-009</th></tr><tr><th style="padding:3px 5px;text-align:left;background:#f3f4f6;border-bottom:1px solid #d1d5db;width:30%;font-size:11px;font-weight:600;color:#1f2937;">ID</th><td style="padding:3px 5px;border-bottom:1px solid #e5e7eb;font-size:11px;color:#111827;">ST-009</td></tr><tr><th style="padding:3px 5px;text-align:left;background:#f3f4f6;border-bottom:1px solid #d1d5db;width:30%;font-size:11px;font-weight:600;color:#1f2937;">Endereço</th><td style="padding:3px 5px;border-bottom:1px solid #e5e7eb;font-size:11px;color:#111827;">Avenida Direitos Humanos, 267</td></tr><tr><th style="padding:3px 5px;text-align:left;background:#f3f4f6;border-bottom:1px solid #d1d5db;width:30%;font-size:11px;font-weight:600;color:#1f2937;">Subprefeitura</th><td style="padding:3px 5px;border-bottom:1px solid #e5e7eb;font-size:11px;color:#111827;">Santana/Tucuruvi</td></tr><tr><th style="padding:3px 5px;text-align:left;background:#f3f4f6;border-bottom:1px solid #d1d5db;width:30%;font-size:11px;font-weight:600;color:#1f2937;">Volumetria</th><td style="padding:3px 5px;border-bottom:1px solid #e5e7eb;font-size:11px;color:#111827;">Entre 1m³ e 5m³</td></tr></table>]]></description><Point><coordinates>-46.6526000,-23.4865400,0</coordinates></Point></Placemark>
<Style id="s-PV-383">
<LineStyle><color>ff00d7ff</color><width>2.0</width></LineStyle>
<PolyStyle><color>ff00d7ff</color></PolyStyle>
<IconStyle><color>ff00d7ff</color><scale>0.55</scale>
<Icon><href>http://maps.google.com/mapfiles/kml/shapes/placemark_circle.png</href></Icon>
</IconStyle>
<LabelStyle><scale>0.65</scale></LabelStyle>
</Style><Placemark><name>ST-010</name><styleUrl>#s-PV-383</styleUrl><description><![CDATA[<table style="border-collapse:collapse;width:100%;font-family:'Helvetica Neue',Helvetica,Arial,sans-serif;font-size:11px;border:1px solid #e5e7eb;border-radius:8px;overflow:hidden;"><tr><th colspan="2" style="padding:5px 8px;background:#1f6feb;color:#fff;text-align:left;font-size:12px;font-weight:600;">ST-010</th></tr><tr><th style="padding:3px 5px;text-align:left;background:#f3f4f6;border-bottom:1px solid #d1d5db;width:30%;font-size:11px;font-weight:600;color:#1f2937;">ID</th><td style="padding:3px 5px;border-bottom:1px solid #e5e7eb;font-size:11px;color:#111827;">ST-010</td></tr><tr><th style="padding:3px 5px;text-align:left;background:#f3f4f6;border-bottom:1px solid #d1d5db;width:30%;font-size:11px;font-weight:600;color:#1f2937;">Endereço</th><td style="padding:3px 5px;border-bottom:1px solid #e5e7eb;font-size:11px;color:#111827;">Avenida Direitos Humanos, 580</td></tr><tr><th style="padding:3px 5px;text-align:left;background:#f3f4f6;border-bottom:1px solid #d1d5db;width:30%;font-size:11px;font-weight:600;color:#1f2937;">Subprefeitura</th><td style="padding:3px 5px;border-bottom:1px solid #e5e7eb;font-size:11px;color:#111827;">Santana/Tucuruvi</td></tr><tr><th style="padding:3px 5px;text-align:left;background:#f3f4f6;border-bottom:1px solid #d1d5db;width:30%;font-size:11px;font-weight:600;color:#1f2937;">Volumetria</th><td style="padding:3px 5px;border-bottom:1px solid #e5e7eb;font-size:11px;color:#111827;">Entre 1m³ e 5m³</td></tr></table>]]></description><Point><coordinates>-46.6506900,-23.4845100,0</coordinates></Point></Placemark>
<Style id="s-PV-384">
<LineStyle><color>ff00d7ff</color><width>2.0</width></LineStyle>
<PolyStyle><color>ff00d7ff</color></PolyStyle>
<IconStyle><color>ff00d7ff</color><scale>0.55</scale>
<Icon><href>http://maps.google.com/mapfiles/kml/shapes/placemark_circle.png</href></Icon>
</IconStyle>
<LabelStyle><scale>0.65</scale></LabelStyle>
</Style><Placemark><name>ST-011</name><styleUrl>#s-PV-384</styleUrl><description><![CDATA[<table style="border-collapse:collapse;width:100%;font-family:'Helvetica Neue',Helvetica,Arial,sans-serif;font-size:11px;border:1px solid #e5e7eb;border-radius:8px;overflow:hidden;"><tr><th colspan="2" style="padding:5px 8px;background:#1f6feb;color:#fff;text-align:left;font-size:12px;font-weight:600;">ST-011</th></tr><tr><th style="padding:3px 5px;text-align:left;background:#f3f4f6;border-bottom:1px solid #d1d5db;width:30%;font-size:11px;font-weight:600;color:#1f2937;">ID</th><td style="padding:3px 5px;border-bottom:1px solid #e5e7eb;font-size:11px;color:#111827;">ST-011</td></tr><tr><th style="padding:3px 5px;text-align:left;background:#f3f4f6;border-bottom:1px solid #d1d5db;width:30%;font-size:11px;font-weight:600;color:#1f2937;">Endereço</th><td style="padding:3px 5px;border-bottom:1px solid #e5e7eb;font-size:11px;color:#111827;">Avenida Doutor Antonio Maria Laet, 1429</td></tr><tr><th style="padding:3px 5px;text-align:left;background:#f3f4f6;border-bottom:1px solid #d1d5db;width:30%;font-size:11px;font-weight:600;color:#1f2937;">Subprefeitura</th><td style="padding:3px 5px;border-bottom:1px solid #e5e7eb;font-size:11px;color:#111827;">Santana/Tucuruvi</td></tr><tr><th style="padding:3px 5px;text-align:left;background:#f3f4f6;border-bottom:1px solid #d1d5db;width:30%;font-size:11px;font-weight:600;color:#1f2937;">Volumetria</th><td style="padding:3px 5px;border-bottom:1px solid #e5e7eb;font-size:11px;color:#111827;">Não se aplica (inativo).</td></tr><tr><th style="padding:3px 5px;text-align:left;background:#f3f4f6;border-bottom:1px solid #d1d5db;width:30%;font-size:11px;font-weight:600;color:#1f2937;">Status</th><td style="padding:3px 5px;border-bottom:1px solid #e5e7eb;font-size:11px;color:#111827;">Inativo</td></tr><tr><th style="padding:3px 5px;text-align:left;background:#f3f4f6;border-bottom:1px solid #d1d5db;width:30%;font-size:11px;font-weight:600;color:#1f2937;">Data</th><td style="padding:3px 5px;border-bottom:1px solid #e5e7eb;font-size:11px;color:#111827;">Inativo</td></tr></table>]]></description><Point><coordinates>-46.5967300,-23.4700000,0</coordinates></Point></Placemark>
<Style id="s-PV-385">
<LineStyle><color>ff00d7ff</color><width>2.0</width></LineStyle>
<PolyStyle><color>ff00d7ff</color></PolyStyle>
<IconStyle><color>ff00d7ff</color><scale>0.55</scale>
<Icon><href>http://maps.google.com/mapfiles/kml/shapes/placemark_circle.png</href></Icon>
</IconStyle>
<LabelStyle><scale>0.65</scale></LabelStyle>
</Style><Placemark><name>ST-012</name><styleUrl>#s-PV-385</styleUrl><description><![CDATA[<table style="border-collapse:collapse;width:100%;font-family:'Helvetica Neue',Helvetica,Arial,sans-serif;font-size:11px;border:1px solid #e5e7eb;border-radius:8px;overflow:hidden;"><tr><th colspan="2" style="padding:5px 8px;background:#1f6feb;color:#fff;text-align:left;font-size:12px;font-weight:600;">ST-012</th></tr><tr><th style="padding:3px 5px;text-align:left;background:#f3f4f6;border-bottom:1px solid #d1d5db;width:30%;font-size:11px;font-weight:600;color:#1f2937;">ID</th><td style="padding:3px 5px;border-bottom:1px solid #e5e7eb;font-size:11px;color:#111827;">ST-012</td></tr><tr><th style="padding:3px 5px;text-align:left;background:#f3f4f6;border-bottom:1px solid #d1d5db;width:30%;font-size:11px;font-weight:600;color:#1f2937;">Endereço</th><td style="padding:3px 5px;border-bottom:1px solid #e5e7eb;font-size:11px;color:#111827;">Avenida General Pedro Leon Schneider X Avenida Santos Dumont</td></tr><tr><th style="padding:3px 5px;text-align:left;background:#f3f4f6;border-bottom:1px solid #d1d5db;width:30%;font-size:11px;font-weight:600;color:#1f2937;">Subprefeitura</th><td style="padding:3px 5px;border-bottom:1px solid #e5e7eb;font-size:11px;color:#111827;">Santana/Tucuruvi</td></tr><tr><th style="padding:3px 5px;text-align:left;background:#f3f4f6;border-bottom:1px solid #d1d5db;width:30%;font-size:11px;font-weight:600;color:#1f2937;">Volumetria</th><td style="padding:3px 5px;border-bottom:1px solid #e5e7eb;font-size:11px;color:#111827;">Não se aplica (inativo).</td></tr><tr><th style="padding:3px 5px;text-align:left;background:#f3f4f6;border-bottom:1px solid #d1d5db;width:30%;font-size:11px;font-weight:600;color:#1f2937;">Status</th><td style="padding:3px 5px;border-bottom:1px solid #e5e7eb;font-size:11px;color:#111827;">Inativo</td></tr><tr><th style="padding:3px 5px;text-align:left;background:#f3f4f6;border-bottom:1px solid #d1d5db;width:30%;font-size:11px;font-weight:600;color:#1f2937;">Data</th><td style="padding:3px 5px;border-bottom:1px solid #e5e7eb;font-size:11px;color:#111827;">Inativo</td></tr></table>]]></description><Point><coordinates>-46.6280700,-23.5092700,0</coordinates></Point></Placemark>
<Style id="s-PV-386">
<LineStyle><color>ff00d7ff</color><width>2.0</width></LineStyle>
<PolyStyle><color>ff00d7ff</color></PolyStyle>
<IconStyle><color>ff00d7ff</color><scale>0.55</scale>
<Icon><href>http://maps.google.com/mapfiles/kml/shapes/placemark_circle.png</href></Icon>
</IconStyle>
<LabelStyle><scale>0.65</scale></LabelStyle>
</Style><Placemark><name>ST-013</name><styleUrl>#s-PV-386</styleUrl><description><![CDATA[<table style="border-collapse:collapse;width:100%;font-family:'Helvetica Neue',Helvetica,Arial,sans-serif;font-size:11px;border:1px solid #e5e7eb;border-radius:8px;overflow:hidden;"><tr><th colspan="2" style="padding:5px 8px;background:#1f6feb;color:#fff;text-align:left;font-size:12px;font-weight:600;">ST-013</th></tr><tr><th style="padding:3px 5px;text-align:left;background:#f3f4f6;border-bottom:1px solid #d1d5db;width:30%;font-size:11px;font-weight:600;color:#1f2937;">ID</th><td style="padding:3px 5px;border-bottom:1px solid #e5e7eb;font-size:11px;color:#111827;">ST-013</td></tr><tr><th style="padding:3px 5px;text-align:left;background:#f3f4f6;border-bottom:1px solid #d1d5db;width:30%;font-size:11px;font-weight:600;color:#1f2937;">Endereço</th><td style="padding:3px 5px;border-bottom:1px solid #e5e7eb;font-size:11px;color:#111827;">Avenida Gustavo Adolfo, 459</td></tr><tr><th style="padding:3px 5px;text-align:left;background:#f3f4f6;border-bottom:1px solid #d1d5db;width:30%;font-size:11px;font-weight:600;color:#1f2937;">Subprefeitura</th><td style="padding:3px 5px;border-bottom:1px solid #e5e7eb;font-size:11px;color:#111827;">Santana/Tucuruvi</td></tr><tr><th style="padding:3px 5px;text-align:left;background:#f3f4f6;border-bottom:1px solid #d1d5db;width:30%;font-size:11px;font-weight:600;color:#1f2937;">Volumetria</th><td style="padding:3px 5px;border-bottom:1px solid #e5e7eb;font-size:11px;color:#111827;">Não se aplica (inativo).</td></tr><tr><th style="padding:3px 5px;text-align:left;background:#f3f4f6;border-bottom:1px solid #d1d5db;width:30%;font-size:11px;font-weight:600;color:#1f2937;">Status</th><td style="padding:3px 5px;border-bottom:1px solid #e5e7eb;font-size:11px;color:#111827;">Inativo</td></tr><tr><th style="padding:3px 5px;text-align:left;background:#f3f4f6;border-bottom:1px solid #d1d5db;width:30%;font-size:11px;font-weight:600;color:#1f2937;">Data</th><td style="padding:3px 5px;border-bottom:1px solid #e5e7eb;font-size:11px;color:#111827;">Inativo</td></tr></table>]]></description><Point><coordinates>-46.5949500,-23.4810600,0</coordinates></Point></Placemark>
<Style id="s-PV-387">
<LineStyle><color>ff00d7ff</color><width>2.0</width></LineStyle>
<PolyStyle><color>ff00d7ff</color></PolyStyle>
<IconStyle><color>ff00d7ff</color><scale>0.55</scale>
<Icon><href>http://maps.google.com/mapfiles/kml/shapes/placemark_circle.png</href></Icon>
</IconStyle>
<LabelStyle><scale>0.65</scale></LabelStyle>
</Style><Placemark><name>ST-014</name><styleUrl>#s-PV-387</styleUrl><description><![CDATA[<table style="border-collapse:collapse;width:100%;font-family:'Helvetica Neue',Helvetica,Arial,sans-serif;font-size:11px;border:1px solid #e5e7eb;border-radius:8px;overflow:hidden;"><tr><th colspan="2" style="padding:5px 8px;background:#1f6feb;color:#fff;text-align:left;font-size:12px;font-weight:600;">ST-014</th></tr><tr><th style="padding:3px 5px;text-align:left;background:#f3f4f6;border-bottom:1px solid #d1d5db;width:30%;font-size:11px;font-weight:600;color:#1f2937;">ID</th><td style="padding:3px 5px;border-bottom:1px solid #e5e7eb;font-size:11px;color:#111827;">ST-014</td></tr><tr><th style="padding:3px 5px;text-align:left;background:#f3f4f6;border-bottom:1px solid #d1d5db;width:30%;font-size:11px;font-weight:600;color:#1f2937;">Endereço</th><td style="padding:3px 5px;border-bottom:1px solid #e5e7eb;font-size:11px;color:#111827;">Avenida Imirim, 117</td></tr><tr><th style="padding:3px 5px;text-align:left;background:#f3f4f6;border-bottom:1px solid #d1d5db;width:30%;font-size:11px;font-weight:600;color:#1f2937;">Subprefeitura</th><td style="padding:3px 5px;border-bottom:1px solid #e5e7eb;font-size:11px;color:#111827;">Santana/Tucuruvi</td></tr><tr><th style="padding:3px 5px;text-align:left;background:#f3f4f6;border-bottom:1px solid #d1d5db;width:30%;font-size:11px;font-weight:600;color:#1f2937;">Volumetria</th><td style="padding:3px 5px;border-bottom:1px solid #e5e7eb;font-size:11px;color:#111827;">Entre 1m³ e 5m³</td></tr></table>]]></description><Point><coordinates>-46.6379100,-23.4969300,0</coordinates></Point></Placemark>
<Style id="s-PV-388">
<LineStyle><color>ff00d7ff</color><width>2.0</width></LineStyle>
<PolyStyle><color>ff00d7ff</color></PolyStyle>
<IconStyle><color>ff00d7ff</color><scale>0.55</scale>
<Icon><href>http://maps.google.com/mapfiles/kml/shapes/placemark_circle.png</href></Icon>
</IconStyle>
<LabelStyle><scale>0.65</scale></LabelStyle>
</Style><Placemark><name>ST-015</name><styleUrl>#s-PV-388</styleUrl><description><![CDATA[<table style="border-collapse:collapse;width:100%;font-family:'Helvetica Neue',Helvetica,Arial,sans-serif;font-size:11px;border:1px solid #e5e7eb;border-radius:8px;overflow:hidden;"><tr><th colspan="2" style="padding:5px 8px;background:#1f6feb;color:#fff;text-align:left;font-size:12px;font-weight:600;">ST-015</th></tr><tr><th style="padding:3px 5px;text-align:left;background:#f3f4f6;border-bottom:1px solid #d1d5db;width:30%;font-size:11px;font-weight:600;color:#1f2937;">ID</th><td style="padding:3px 5px;border-bottom:1px solid #e5e7eb;font-size:11px;color:#111827;">ST-015</td></tr><tr><th style="padding:3px 5px;text-align:left;background:#f3f4f6;border-bottom:1px solid #d1d5db;width:30%;font-size:11px;font-weight:600;color:#1f2937;">Endereço</th><td style="padding:3px 5px;border-bottom:1px solid #e5e7eb;font-size:11px;color:#111827;">Avenida Lauzane Paulista, 106</td></tr><tr><th style="padding:3px 5px;text-align:left;background:#f3f4f6;border-bottom:1px solid #d1d5db;width:30%;font-size:11px;font-weight:600;color:#1f2937;">Subprefeitura</th><td style="padding:3px 5px;border-bottom:1px solid #e5e7eb;font-size:11px;color:#111827;">Santana/Tucuruvi</td></tr><tr><th style="padding:3px 5px;text-align:left;background:#f3f4f6;border-bottom:1px solid #d1d5db;width:30%;font-size:11px;font-weight:600;color:#1f2937;">Volumetria</th><td style="padding:3px 5px;border-bottom:1px solid #e5e7eb;font-size:11px;color:#111827;">Entre 1m³ e 5m³</td></tr></table>]]></description><Point><coordinates>-46.6464700,-23.4750300,0</coordinates></Point></Placemark>
<Style id="s-PV-389">
<LineStyle><color>ff00d7ff</color><width>2.0</width></LineStyle>
<PolyStyle><color>ff00d7ff</color></PolyStyle>
<IconStyle><color>ff00d7ff</color><scale>0.55</scale>
<Icon><href>http://maps.google.com/mapfiles/kml/shapes/placemark_circle.png</href></Icon>
</IconStyle>
<LabelStyle><scale>0.65</scale></LabelStyle>
</Style><Placemark><name>ST-016</name><styleUrl>#s-PV-389</styleUrl><description><![CDATA[<table style="border-collapse:collapse;width:100%;font-family:'Helvetica Neue',Helvetica,Arial,sans-serif;font-size:11px;border:1px solid #e5e7eb;border-radius:8px;overflow:hidden;"><tr><th colspan="2" style="padding:5px 8px;background:#1f6feb;color:#fff;text-align:left;font-size:12px;font-weight:600;">ST-016</th></tr><tr><th style="padding:3px 5px;text-align:left;background:#f3f4f6;border-bottom:1px solid #d1d5db;width:30%;font-size:11px;font-weight:600;color:#1f2937;">ID</th><td style="padding:3px 5px;border-bottom:1px solid #e5e7eb;font-size:11px;color:#111827;">ST-016</td></tr><tr><th style="padding:3px 5px;text-align:left;background:#f3f4f6;border-bottom:1px solid #d1d5db;width:30%;font-size:11px;font-weight:600;color:#1f2937;">Endereço</th><td style="padding:3px 5px;border-bottom:1px solid #e5e7eb;font-size:11px;color:#111827;">Avenida Luiz Dumont Villares, 1529</td></tr><tr><th style="padding:3px 5px;text-align:left;background:#f3f4f6;border-bottom:1px solid #d1d5db;width:30%;font-size:11px;font-weight:600;color:#1f2937;">Subprefeitura</th><td style="padding:3px 5px;border-bottom:1px solid #e5e7eb;font-size:11px;color:#111827;">Santana/Tucuruvi</td></tr><tr><th style="padding:3px 5px;text-align:left;background:#f3f4f6;border-bottom:1px solid #d1d5db;width:30%;font-size:11px;font-weight:600;color:#1f2937;">Volumetria</th><td style="padding:3px 5px;border-bottom:1px solid #e5e7eb;font-size:11px;color:#111827;">Entre 1m³ e 5m³</td></tr></table>]]></description><Point><coordinates>-46.6104000,-23.4899600,0</coordinates></Point></Placemark>
<Style id="s-PV-390">
<LineStyle><color>ff00d7ff</color><width>2.0</width></LineStyle>
<PolyStyle><color>ff00d7ff</color></PolyStyle>
<IconStyle><color>ff00d7ff</color><scale>0.55</scale>
<Icon><href>http://maps.google.com/mapfiles/kml/shapes/placemark_circle.png</href></Icon>
</IconStyle>
<LabelStyle><scale>0.65</scale></LabelStyle>
</Style><Placemark><name>ST-017</name><styleUrl>#s-PV-390</styleUrl><description><![CDATA[<table style="border-collapse:collapse;width:100%;font-family:'Helvetica Neue',Helvetica,Arial,sans-serif;font-size:11px;border:1px solid #e5e7eb;border-radius:8px;overflow:hidden;"><tr><th colspan="2" style="padding:5px 8px;background:#1f6feb;color:#fff;text-align:left;font-size:12px;font-weight:600;">ST-017</th></tr><tr><th style="padding:3px 5px;text-align:left;background:#f3f4f6;border-bottom:1px solid #d1d5db;width:30%;font-size:11px;font-weight:600;color:#1f2937;">ID</th><td style="padding:3px 5px;border-bottom:1px solid #e5e7eb;font-size:11px;color:#111827;">ST-017</td></tr><tr><th style="padding:3px 5px;text-align:left;background:#f3f4f6;border-bottom:1px solid #d1d5db;width:30%;font-size:11px;font-weight:600;color:#1f2937;">Endereço</th><td style="padding:3px 5px;border-bottom:1px solid #e5e7eb;font-size:11px;color:#111827;">Avenida Maestro Villa-Lobos, 835</td></tr><tr><th style="padding:3px 5px;text-align:left;background:#f3f4f6;border-bottom:1px solid #d1d5db;width:30%;font-size:11px;font-weight:600;color:#1f2937;">Subprefeitura</th><td style="padding:3px 5px;border-bottom:1px solid #e5e7eb;font-size:11px;color:#111827;">Santana/Tucuruvi</td></tr><tr><th style="padding:3px 5px;text-align:left;background:#f3f4f6;border-bottom:1px solid #d1d5db;width:30%;font-size:11px;font-weight:600;color:#1f2937;">Volumetria</th><td style="padding:3px 5px;border-bottom:1px solid #e5e7eb;font-size:11px;color:#111827;">Entre 1m³ e 5m³</td></tr></table>]]></description><Point><coordinates>-46.5961700,-23.4757500,0</coordinates></Point></Placemark>
<Style id="s-PV-391">
<LineStyle><color>ff00d7ff</color><width>2.0</width></LineStyle>
<PolyStyle><color>ff00d7ff</color></PolyStyle>
<IconStyle><color>ff00d7ff</color><scale>0.55</scale>
<Icon><href>http://maps.google.com/mapfiles/kml/shapes/placemark_circle.png</href></Icon>
</IconStyle>
<LabelStyle><scale>0.65</scale></LabelStyle>
</Style><Placemark><name>ST-018</name><styleUrl>#s-PV-391</styleUrl><description><![CDATA[<table style="border-collapse:collapse;width:100%;font-family:'Helvetica Neue',Helvetica,Arial,sans-serif;font-size:11px;border:1px solid #e5e7eb;border-radius:8px;overflow:hidden;"><tr><th colspan="2" style="padding:5px 8px;background:#1f6feb;color:#fff;text-align:left;font-size:12px;font-weight:600;">ST-018</th></tr><tr><th style="padding:3px 5px;text-align:left;background:#f3f4f6;border-bottom:1px solid #d1d5db;width:30%;font-size:11px;font-weight:600;color:#1f2937;">ID</th><td style="padding:3px 5px;border-bottom:1px solid #e5e7eb;font-size:11px;color:#111827;">ST-018</td></tr><tr><th style="padding:3px 5px;text-align:left;background:#f3f4f6;border-bottom:1px solid #d1d5db;width:30%;font-size:11px;font-weight:600;color:#1f2937;">Endereço</th><td style="padding:3px 5px;border-bottom:1px solid #e5e7eb;font-size:11px;color:#111827;">Avenida Zaki Narchi, 435</td></tr><tr><th style="padding:3px 5px;text-align:left;background:#f3f4f6;border-bottom:1px solid #d1d5db;width:30%;font-size:11px;font-weight:600;color:#1f2937;">Subprefeitura</th><td style="padding:3px 5px;border-bottom:1px solid #e5e7eb;font-size:11px;color:#111827;">Santana/Tucuruvi</td></tr><tr><th style="padding:3px 5px;text-align:left;background:#f3f4f6;border-bottom:1px solid #d1d5db;width:30%;font-size:11px;font-weight:600;color:#1f2937;">Volumetria</th><td style="padding:3px 5px;border-bottom:1px solid #e5e7eb;font-size:11px;color:#111827;">Mais de 5m³</td></tr></table>]]></description><Point><coordinates>-46.6213600,-23.5111200,0</coordinates></Point></Placemark>
<Style id="s-PV-392">
<LineStyle><color>ff00d7ff</color><width>2.0</width></LineStyle>
<PolyStyle><color>ff00d7ff</color></PolyStyle>
<IconStyle><color>ff00d7ff</color><scale>0.55</scale>
<Icon><href>http://maps.google.com/mapfiles/kml/shapes/placemark_circle.png</href></Icon>
</IconStyle>
<LabelStyle><scale>0.65</scale></LabelStyle>
</Style><Placemark><name>ST-019</name><styleUrl>#s-PV-392</styleUrl><description><![CDATA[<table style="border-collapse:collapse;width:100%;font-family:'Helvetica Neue',Helvetica,Arial,sans-serif;font-size:11px;border:1px solid #e5e7eb;border-radius:8px;overflow:hidden;"><tr><th colspan="2" style="padding:5px 8px;background:#1f6feb;color:#fff;text-align:left;font-size:12px;font-weight:600;">ST-019</th></tr><tr><th style="padding:3px 5px;text-align:left;background:#f3f4f6;border-bottom:1px solid #d1d5db;width:30%;font-size:11px;font-weight:600;color:#1f2937;">ID</th><td style="padding:3px 5px;border-bottom:1px solid #e5e7eb;font-size:11px;color:#111827;">ST-019</td></tr><tr><th style="padding:3px 5px;text-align:left;background:#f3f4f6;border-bottom:1px solid #d1d5db;width:30%;font-size:11px;font-weight:600;color:#1f2937;">Endereço</th><td style="padding:3px 5px;border-bottom:1px solid #e5e7eb;font-size:11px;color:#111827;">Praça Domingues Álvares, 7</td></tr><tr><th style="padding:3px 5px;text-align:left;background:#f3f4f6;border-bottom:1px solid #d1d5db;width:30%;font-size:11px;font-weight:600;color:#1f2937;">Subprefeitura</th><td style="padding:3px 5px;border-bottom:1px solid #e5e7eb;font-size:11px;color:#111827;">Santana/Tucuruvi</td></tr><tr><th style="padding:3px 5px;text-align:left;background:#f3f4f6;border-bottom:1px solid #d1d5db;width:30%;font-size:11px;font-weight:600;color:#1f2937;">Volumetria</th><td style="padding:3px 5px;border-bottom:1px solid #e5e7eb;font-size:11px;color:#111827;">Entre 1m³ e 5m³</td></tr><tr><th style="padding:3px 5px;text-align:left;background:#f3f4f6;border-bottom:1px solid #d1d5db;width:30%;font-size:11px;font-weight:600;color:#1f2937;">Status</th><td style="padding:3px 5px;border-bottom:1px solid #e5e7eb;font-size:11px;color:#111827;">Revitalizado</td></tr><tr><th style="padding:3px 5px;text-align:left;background:#f3f4f6;border-bottom:1px solid #d1d5db;width:30%;font-size:11px;font-weight:600;color:#1f2937;">Data</th><td style="padding:3px 5px;border-bottom:1px solid #e5e7eb;font-size:11px;color:#111827;">46046</td></tr></table>]]></description><Point><coordinates>-46.6510400,-23.4817300,0</coordinates></Point></Placemark>
<Style id="s-PV-393">
<LineStyle><color>ff00d7ff</color><width>2.0</width></LineStyle>
<PolyStyle><color>ff00d7ff</color></PolyStyle>
<IconStyle><color>ff00d7ff</color><scale>0.55</scale>
<Icon><href>http://maps.google.com/mapfiles/kml/shapes/placemark_circle.png</href></Icon>
</IconStyle>
<LabelStyle><scale>0.65</scale></LabelStyle>
</Style><Placemark><name>ST-020</name><styleUrl>#s-PV-393</styleUrl><description><![CDATA[<table style="border-collapse:collapse;width:100%;font-family:'Helvetica Neue',Helvetica,Arial,sans-serif;font-size:11px;border:1px solid #e5e7eb;border-radius:8px;overflow:hidden;"><tr><th colspan="2" style="padding:5px 8px;background:#1f6feb;color:#fff;text-align:left;font-size:12px;font-weight:600;">ST-020</th></tr><tr><th style="padding:3px 5px;text-align:left;background:#f3f4f6;border-bottom:1px solid #d1d5db;width:30%;font-size:11px;font-weight:600;color:#1f2937;">ID</th><td style="padding:3px 5px;border-bottom:1px solid #e5e7eb;font-size:11px;color:#111827;">ST-020</td></tr><tr><th style="padding:3px 5px;text-align:left;background:#f3f4f6;border-bottom:1px solid #d1d5db;width:30%;font-size:11px;font-weight:600;color:#1f2937;">Endereço</th><td style="padding:3px 5px;border-bottom:1px solid #e5e7eb;font-size:11px;color:#111827;">Praça Marçal de Matos, 957</td></tr><tr><th style="padding:3px 5px;text-align:left;background:#f3f4f6;border-bottom:1px solid #d1d5db;width:30%;font-size:11px;font-weight:600;color:#1f2937;">Subprefeitura</th><td style="padding:3px 5px;border-bottom:1px solid #e5e7eb;font-size:11px;color:#111827;">Santana/Tucuruvi</td></tr><tr><th style="padding:3px 5px;text-align:left;background:#f3f4f6;border-bottom:1px solid #d1d5db;width:30%;font-size:11px;font-weight:600;color:#1f2937;">Volumetria</th><td style="padding:3px 5px;border-bottom:1px solid #e5e7eb;font-size:11px;color:#111827;">Não se aplica (inativo).</td></tr><tr><th style="padding:3px 5px;text-align:left;background:#f3f4f6;border-bottom:1px solid #d1d5db;width:30%;font-size:11px;font-weight:600;color:#1f2937;">Status</th><td style="padding:3px 5px;border-bottom:1px solid #e5e7eb;font-size:11px;color:#111827;">Inativo</td></tr><tr><th style="padding:3px 5px;text-align:left;background:#f3f4f6;border-bottom:1px solid #d1d5db;width:30%;font-size:11px;font-weight:600;color:#1f2937;">Data</th><td style="padding:3px 5px;border-bottom:1px solid #e5e7eb;font-size:11px;color:#111827;">Inativo</td></tr></table>]]></description><Point><coordinates>-46.6493900,-23.4834700,0</coordinates></Point></Placemark>
<Style id="s-PV-394">
<LineStyle><color>ff00d7ff</color><width>2.0</width></LineStyle>
<PolyStyle><color>ff00d7ff</color></PolyStyle>
<IconStyle><color>ff00d7ff</color><scale>0.55</scale>
<Icon><href>http://maps.google.com/mapfiles/kml/shapes/placemark_circle.png</href></Icon>
</IconStyle>
<LabelStyle><scale>0.65</scale></LabelStyle>
</Style><Placemark><name>ST-021</name><styleUrl>#s-PV-394</styleUrl><description><![CDATA[<table style="border-collapse:collapse;width:100%;font-family:'Helvetica Neue',Helvetica,Arial,sans-serif;font-size:11px;border:1px solid #e5e7eb;border-radius:8px;overflow:hidden;"><tr><th colspan="2" style="padding:5px 8px;background:#1f6feb;color:#fff;text-align:left;font-size:12px;font-weight:600;">ST-021</th></tr><tr><th style="padding:3px 5px;text-align:left;background:#f3f4f6;border-bottom:1px solid #d1d5db;width:30%;font-size:11px;font-weight:600;color:#1f2937;">ID</th><td style="padding:3px 5px;border-bottom:1px solid #e5e7eb;font-size:11px;color:#111827;">ST-021</td></tr><tr><th style="padding:3px 5px;text-align:left;background:#f3f4f6;border-bottom:1px solid #d1d5db;width:30%;font-size:11px;font-weight:600;color:#1f2937;">Endereço</th><td style="padding:3px 5px;border-bottom:1px solid #e5e7eb;font-size:11px;color:#111827;">Praça Santo Estevão de Briteiros, 16</td></tr><tr><th style="padding:3px 5px;text-align:left;background:#f3f4f6;border-bottom:1px solid #d1d5db;width:30%;font-size:11px;font-weight:600;color:#1f2937;">Subprefeitura</th><td style="padding:3px 5px;border-bottom:1px solid #e5e7eb;font-size:11px;color:#111827;">Santana/Tucuruvi</td></tr><tr><th style="padding:3px 5px;text-align:left;background:#f3f4f6;border-bottom:1px solid #d1d5db;width:30%;font-size:11px;font-weight:600;color:#1f2937;">Volumetria</th><td style="padding:3px 5px;border-bottom:1px solid #e5e7eb;font-size:11px;color:#111827;">Entre 1m³ e 5m³</td></tr><tr><th style="padding:3px 5px;text-align:left;background:#f3f4f6;border-bottom:1px solid #d1d5db;width:30%;font-size:11px;font-weight:600;color:#1f2937;">Status</th><td style="padding:3px 5px;border-bottom:1px solid #e5e7eb;font-size:11px;color:#111827;">Revitalizado</td></tr><tr><th style="padding:3px 5px;text-align:left;background:#f3f4f6;border-bottom:1px solid #d1d5db;width:30%;font-size:11px;font-weight:600;color:#1f2937;">Data</th><td style="padding:3px 5px;border-bottom:1px solid #e5e7eb;font-size:11px;color:#111827;">46060</td></tr></table>]]></description><Point><coordinates>-46.6474100,-23.4743500,0</coordinates></Point></Placemark>
<Style id="s-PV-395">
<LineStyle><color>ff00d7ff</color><width>2.0</width></LineStyle>
<PolyStyle><color>ff00d7ff</color></PolyStyle>
<IconStyle><color>ff00d7ff</color><scale>0.55</scale>
<Icon><href>http://maps.google.com/mapfiles/kml/shapes/placemark_circle.png</href></Icon>
</IconStyle>
<LabelStyle><scale>0.65</scale></LabelStyle>
</Style><Placemark><name>ST-022</name><styleUrl>#s-PV-395</styleUrl><description><![CDATA[<table style="border-collapse:collapse;width:100%;font-family:'Helvetica Neue',Helvetica,Arial,sans-serif;font-size:11px;border:1px solid #e5e7eb;border-radius:8px;overflow:hidden;"><tr><th colspan="2" style="padding:5px 8px;background:#1f6feb;color:#fff;text-align:left;font-size:12px;font-weight:600;">ST-022</th></tr><tr><th style="padding:3px 5px;text-align:left;background:#f3f4f6;border-bottom:1px solid #d1d5db;width:30%;font-size:11px;font-weight:600;color:#1f2937;">ID</th><td style="padding:3px 5px;border-bottom:1px solid #e5e7eb;font-size:11px;color:#111827;">ST-022</td></tr><tr><th style="padding:3px 5px;text-align:left;background:#f3f4f6;border-bottom:1px solid #d1d5db;width:30%;font-size:11px;font-weight:600;color:#1f2937;">Endereço</th><td style="padding:3px 5px;border-bottom:1px solid #e5e7eb;font-size:11px;color:#111827;">Avenida Adolfo Coelho X Rua Friburgo</td></tr><tr><th style="padding:3px 5px;text-align:left;background:#f3f4f6;border-bottom:1px solid #d1d5db;width:30%;font-size:11px;font-weight:600;color:#1f2937;">Subprefeitura</th><td style="padding:3px 5px;border-bottom:1px solid #e5e7eb;font-size:11px;color:#111827;">Santana/Tucuruvi</td></tr><tr><th style="padding:3px 5px;text-align:left;background:#f3f4f6;border-bottom:1px solid #d1d5db;width:30%;font-size:11px;font-weight:600;color:#1f2937;">Volumetria</th><td style="padding:3px 5px;border-bottom:1px solid #e5e7eb;font-size:11px;color:#111827;">Entre 1m³ e 5m³</td></tr><tr><th style="padding:3px 5px;text-align:left;background:#f3f4f6;border-bottom:1px solid #d1d5db;width:30%;font-size:11px;font-weight:600;color:#1f2937;">Status</th><td style="padding:3px 5px;border-bottom:1px solid #e5e7eb;font-size:11px;color:#111827;">Revitalizado</td></tr><tr><th style="padding:3px 5px;text-align:left;background:#f3f4f6;border-bottom:1px solid #d1d5db;width:30%;font-size:11px;font-weight:600;color:#1f2937;">Data</th><td style="padding:3px 5px;border-bottom:1px solid #e5e7eb;font-size:11px;color:#111827;">46067</td></tr></table>]]></description><Point><coordinates>-46.6455800,-23.4761800,0</coordinates></Point></Placemark>
<Style id="s-PV-396">
<LineStyle><color>ff00d7ff</color><width>2.0</width></LineStyle>
<PolyStyle><color>ff00d7ff</color></PolyStyle>
<IconStyle><color>ff00d7ff</color><scale>0.55</scale>
<Icon><href>http://maps.google.com/mapfiles/kml/shapes/placemark_circle.png</href></Icon>
</IconStyle>
<LabelStyle><scale>0.65</scale></LabelStyle>
</Style><Placemark><name>ST-023</name><styleUrl>#s-PV-396</styleUrl><description><![CDATA[<table style="border-collapse:collapse;width:100%;font-family:'Helvetica Neue',Helvetica,Arial,sans-serif;font-size:11px;border:1px solid #e5e7eb;border-radius:8px;overflow:hidden;"><tr><th colspan="2" style="padding:5px 8px;background:#1f6feb;color:#fff;text-align:left;font-size:12px;font-weight:600;">ST-023</th></tr><tr><th style="padding:3px 5px;text-align:left;background:#f3f4f6;border-bottom:1px solid #d1d5db;width:30%;font-size:11px;font-weight:600;color:#1f2937;">ID</th><td style="padding:3px 5px;border-bottom:1px solid #e5e7eb;font-size:11px;color:#111827;">ST-023</td></tr><tr><th style="padding:3px 5px;text-align:left;background:#f3f4f6;border-bottom:1px solid #d1d5db;width:30%;font-size:11px;font-weight:600;color:#1f2937;">Endereço</th><td style="padding:3px 5px;border-bottom:1px solid #e5e7eb;font-size:11px;color:#111827;">Rua Agudos Grandes, 138</td></tr><tr><th style="padding:3px 5px;text-align:left;background:#f3f4f6;border-bottom:1px solid #d1d5db;width:30%;font-size:11px;font-weight:600;color:#1f2937;">Subprefeitura</th><td style="padding:3px 5px;border-bottom:1px solid #e5e7eb;font-size:11px;color:#111827;">Santana/Tucuruvi</td></tr><tr><th style="padding:3px 5px;text-align:left;background:#f3f4f6;border-bottom:1px solid #d1d5db;width:30%;font-size:11px;font-weight:600;color:#1f2937;">Volumetria</th><td style="padding:3px 5px;border-bottom:1px solid #e5e7eb;font-size:11px;color:#111827;">Entre 1m³ e 5m³</td></tr><tr><th style="padding:3px 5px;text-align:left;background:#f3f4f6;border-bottom:1px solid #d1d5db;width:30%;font-size:11px;font-weight:600;color:#1f2937;">Status</th><td style="padding:3px 5px;border-bottom:1px solid #e5e7eb;font-size:11px;color:#111827;">Revitalizado</td></tr><tr><th style="padding:3px 5px;text-align:left;background:#f3f4f6;border-bottom:1px solid #d1d5db;width:30%;font-size:11px;font-weight:600;color:#1f2937;">Data</th><td style="padding:3px 5px;border-bottom:1px solid #e5e7eb;font-size:11px;color:#111827;">46088</td></tr></table>]]></description><Point><coordinates>-46.5955100,-23.4891000,0</coordinates></Point></Placemark>
<Style id="s-PV-397">
<LineStyle><color>ff00d7ff</color><width>2.0</width></LineStyle>
<PolyStyle><color>ff00d7ff</color></PolyStyle>
<IconStyle><color>ff00d7ff</color><scale>0.55</scale>
<Icon><href>http://maps.google.com/mapfiles/kml/shapes/placemark_circle.png</href></Icon>
</IconStyle>
<LabelStyle><scale>0.65</scale></LabelStyle>
</Style><Placemark><name>ST-024</name><styleUrl>#s-PV-397</styleUrl><description><![CDATA[<table style="border-collapse:collapse;width:100%;font-family:'Helvetica Neue',Helvetica,Arial,sans-serif;font-size:11px;border:1px solid #e5e7eb;border-radius:8px;overflow:hidden;"><tr><th colspan="2" style="padding:5px 8px;background:#1f6feb;color:#fff;text-align:left;font-size:12px;font-weight:600;">ST-024</th></tr><tr><th style="padding:3px 5px;text-align:left;background:#f3f4f6;border-bottom:1px solid #d1d5db;width:30%;font-size:11px;font-weight:600;color:#1f2937;">ID</th><td style="padding:3px 5px;border-bottom:1px solid #e5e7eb;font-size:11px;color:#111827;">ST-024</td></tr><tr><th style="padding:3px 5px;text-align:left;background:#f3f4f6;border-bottom:1px solid #d1d5db;width:30%;font-size:11px;font-weight:600;color:#1f2937;">Endereço</th><td style="padding:3px 5px;border-bottom:1px solid #e5e7eb;font-size:11px;color:#111827;">Rua Albertina Vieira da Silva Gordo, 517</td></tr><tr><th style="padding:3px 5px;text-align:left;background:#f3f4f6;border-bottom:1px solid #d1d5db;width:30%;font-size:11px;font-weight:600;color:#1f2937;">Subprefeitura</th><td style="padding:3px 5px;border-bottom:1px solid #e5e7eb;font-size:11px;color:#111827;">Santana/Tucuruvi</td></tr><tr><th style="padding:3px 5px;text-align:left;background:#f3f4f6;border-bottom:1px solid #d1d5db;width:30%;font-size:11px;font-weight:600;color:#1f2937;">Volumetria</th><td style="padding:3px 5px;border-bottom:1px solid #e5e7eb;font-size:11px;color:#111827;">Mais de 5m³</td></tr></table>]]></description><Point><coordinates>-46.6231300,-23.4739600,0</coordinates></Point></Placemark>
<Style id="s-PV-398">
<LineStyle><color>ff00d7ff</color><width>2.0</width></LineStyle>
<PolyStyle><color>ff00d7ff</color></PolyStyle>
<IconStyle><color>ff00d7ff</color><scale>0.55</scale>
<Icon><href>http://maps.google.com/mapfiles/kml/shapes/placemark_circle.png</href></Icon>
</IconStyle>
<LabelStyle><scale>0.65</scale></LabelStyle>
</Style><Placemark><name>ST-025</name><styleUrl>#s-PV-398</styleUrl><description><![CDATA[<table style="border-collapse:collapse;width:100%;font-family:'Helvetica Neue',Helvetica,Arial,sans-serif;font-size:11px;border:1px solid #e5e7eb;border-radius:8px;overflow:hidden;"><tr><th colspan="2" style="padding:5px 8px;background:#1f6feb;color:#fff;text-align:left;font-size:12px;font-weight:600;">ST-025</th></tr><tr><th style="padding:3px 5px;text-align:left;background:#f3f4f6;border-bottom:1px solid #d1d5db;width:30%;font-size:11px;font-weight:600;color:#1f2937;">ID</th><td style="padding:3px 5px;border-bottom:1px solid #e5e7eb;font-size:11px;color:#111827;">ST-025</td></tr><tr><th style="padding:3px 5px;text-align:left;background:#f3f4f6;border-bottom:1px solid #d1d5db;width:30%;font-size:11px;font-weight:600;color:#1f2937;">Endereço</th><td style="padding:3px 5px;border-bottom:1px solid #e5e7eb;font-size:11px;color:#111827;">Rua Alcides Godói, 132</td></tr><tr><th style="padding:3px 5px;text-align:left;background:#f3f4f6;border-bottom:1px solid #d1d5db;width:30%;font-size:11px;font-weight:600;color:#1f2937;">Subprefeitura</th><td style="padding:3px 5px;border-bottom:1px solid #e5e7eb;font-size:11px;color:#111827;">Santana/Tucuruvi</td></tr><tr><th style="padding:3px 5px;text-align:left;background:#f3f4f6;border-bottom:1px solid #d1d5db;width:30%;font-size:11px;font-weight:600;color:#1f2937;">Volumetria</th><td style="padding:3px 5px;border-bottom:1px solid #e5e7eb;font-size:11px;color:#111827;">Entre 1m³ e 5m³</td></tr><tr><th style="padding:3px 5px;text-align:left;background:#f3f4f6;border-bottom:1px solid #d1d5db;width:30%;font-size:11px;font-weight:600;color:#1f2937;">Status</th><td style="padding:3px 5px;border-bottom:1px solid #e5e7eb;font-size:11px;color:#111827;">Revitalizado</td></tr><tr><th style="padding:3px 5px;text-align:left;background:#f3f4f6;border-bottom:1px solid #d1d5db;width:30%;font-size:11px;font-weight:600;color:#1f2937;">Data</th><td style="padding:3px 5px;border-bottom:1px solid #e5e7eb;font-size:11px;color:#111827;">46074</td></tr></table>]]></description><Point><coordinates>-46.6353900,-23.4688900,0</coordinates></Point></Placemark>
<Style id="s-PV-399">
<LineStyle><color>ff00d7ff</color><width>2.0</width></LineStyle>
<PolyStyle><color>ff00d7ff</color></PolyStyle>
<IconStyle><color>ff00d7ff</color><scale>0.55</scale>
<Icon><href>http://maps.google.com/mapfiles/kml/shapes/placemark_circle.png</href></Icon>
</IconStyle>
<LabelStyle><scale>0.65</scale></LabelStyle>
</Style><Placemark><name>ST-026</name><styleUrl>#s-PV-399</styleUrl><description><![CDATA[<table style="border-collapse:collapse;width:100%;font-family:'Helvetica Neue',Helvetica,Arial,sans-serif;font-size:11px;border:1px solid #e5e7eb;border-radius:8px;overflow:hidden;"><tr><th colspan="2" style="padding:5px 8px;background:#1f6feb;color:#fff;text-align:left;font-size:12px;font-weight:600;">ST-026</th></tr><tr><th style="padding:3px 5px;text-align:left;background:#f3f4f6;border-bottom:1px solid #d1d5db;width:30%;font-size:11px;font-weight:600;color:#1f2937;">ID</th><td style="padding:3px 5px;border-bottom:1px solid #e5e7eb;font-size:11px;color:#111827;">ST-026</td></tr><tr><th style="padding:3px 5px;text-align:left;background:#f3f4f6;border-bottom:1px solid #d1d5db;width:30%;font-size:11px;font-weight:600;color:#1f2937;">Endereço</th><td style="padding:3px 5px;border-bottom:1px solid #e5e7eb;font-size:11px;color:#111827;">Rua Alcides Godói, 237</td></tr><tr><th style="padding:3px 5px;text-align:left;background:#f3f4f6;border-bottom:1px solid #d1d5db;width:30%;font-size:11px;font-weight:600;color:#1f2937;">Subprefeitura</th><td style="padding:3px 5px;border-bottom:1px solid #e5e7eb;font-size:11px;color:#111827;">Santana/Tucuruvi</td></tr><tr><th style="padding:3px 5px;text-align:left;background:#f3f4f6;border-bottom:1px solid #d1d5db;width:30%;font-size:11px;font-weight:600;color:#1f2937;">Volumetria</th><td style="padding:3px 5px;border-bottom:1px solid #e5e7eb;font-size:11px;color:#111827;">Entre 1m³ e 5m³</td></tr></table>]]></description><Point><coordinates>-46.6360500,-23.4680000,0</coordinates></Point></Placemark>
<Style id="s-PV-400">
<LineStyle><color>ff00d7ff</color><width>2.0</width></LineStyle>
<PolyStyle><color>ff00d7ff</color></PolyStyle>
<IconStyle><color>ff00d7ff</color><scale>0.55</scale>
<Icon><href>http://maps.google.com/mapfiles/kml/shapes/placemark_circle.png</href></Icon>
</IconStyle>
<LabelStyle><scale>0.65</scale></LabelStyle>
</Style><Placemark><name>ST-027</name><styleUrl>#s-PV-400</styleUrl><description><![CDATA[<table style="border-collapse:collapse;width:100%;font-family:'Helvetica Neue',Helvetica,Arial,sans-serif;font-size:11px;border:1px solid #e5e7eb;border-radius:8px;overflow:hidden;"><tr><th colspan="2" style="padding:5px 8px;background:#1f6feb;color:#fff;text-align:left;font-size:12px;font-weight:600;">ST-027</th></tr><tr><th style="padding:3px 5px;text-align:left;background:#f3f4f6;border-bottom:1px solid #d1d5db;width:30%;font-size:11px;font-weight:600;color:#1f2937;">ID</th><td style="padding:3px 5px;border-bottom:1px solid #e5e7eb;font-size:11px;color:#111827;">ST-027</td></tr><tr><th style="padding:3px 5px;text-align:left;background:#f3f4f6;border-bottom:1px solid #d1d5db;width:30%;font-size:11px;font-weight:600;color:#1f2937;">Endereço</th><td style="padding:3px 5px;border-bottom:1px solid #e5e7eb;font-size:11px;color:#111827;">Rua Alto de Montalegre, 273</td></tr><tr><th style="padding:3px 5px;text-align:left;background:#f3f4f6;border-bottom:1px solid #d1d5db;width:30%;font-size:11px;font-weight:600;color:#1f2937;">Subprefeitura</th><td style="padding:3px 5px;border-bottom:1px solid #e5e7eb;font-size:11px;color:#111827;">Santana/Tucuruvi</td></tr><tr><th style="padding:3px 5px;text-align:left;background:#f3f4f6;border-bottom:1px solid #d1d5db;width:30%;font-size:11px;font-weight:600;color:#1f2937;">Volumetria</th><td style="padding:3px 5px;border-bottom:1px solid #e5e7eb;font-size:11px;color:#111827;">Entre 1m³ e 5m³</td></tr></table>]]></description><Point><coordinates>-46.6485300,-23.4709300,0</coordinates></Point></Placemark>
<Style id="s-PV-401">
<LineStyle><color>ff00d7ff</color><width>2.0</width></LineStyle>
<PolyStyle><color>ff00d7ff</color></PolyStyle>
<IconStyle><color>ff00d7ff</color><scale>0.55</scale>
<Icon><href>http://maps.google.com/mapfiles/kml/shapes/placemark_circle.png</href></Icon>
</IconStyle>
<LabelStyle><scale>0.65</scale></LabelStyle>
</Style><Placemark><name>ST-028</name><styleUrl>#s-PV-401</styleUrl><description><![CDATA[<table style="border-collapse:collapse;width:100%;font-family:'Helvetica Neue',Helvetica,Arial,sans-serif;font-size:11px;border:1px solid #e5e7eb;border-radius:8px;overflow:hidden;"><tr><th colspan="2" style="padding:5px 8px;background:#1f6feb;color:#fff;text-align:left;font-size:12px;font-weight:600;">ST-028</th></tr><tr><th style="padding:3px 5px;text-align:left;background:#f3f4f6;border-bottom:1px solid #d1d5db;width:30%;font-size:11px;font-weight:600;color:#1f2937;">ID</th><td style="padding:3px 5px;border-bottom:1px solid #e5e7eb;font-size:11px;color:#111827;">ST-028</td></tr><tr><th style="padding:3px 5px;text-align:left;background:#f3f4f6;border-bottom:1px solid #d1d5db;width:30%;font-size:11px;font-weight:600;color:#1f2937;">Endereço</th><td style="padding:3px 5px;border-bottom:1px solid #e5e7eb;font-size:11px;color:#111827;">Rua Antonio dos Santos Neto, 152</td></tr><tr><th style="padding:3px 5px;text-align:left;background:#f3f4f6;border-bottom:1px solid #d1d5db;width:30%;font-size:11px;font-weight:600;color:#1f2937;">Subprefeitura</th><td style="padding:3px 5px;border-bottom:1px solid #e5e7eb;font-size:11px;color:#111827;">Santana/Tucuruvi</td></tr><tr><th style="padding:3px 5px;text-align:left;background:#f3f4f6;border-bottom:1px solid #d1d5db;width:30%;font-size:11px;font-weight:600;color:#1f2937;">Volumetria</th><td style="padding:3px 5px;border-bottom:1px solid #e5e7eb;font-size:11px;color:#111827;">Entre 1m³ e 5m³</td></tr></table>]]></description><Point><coordinates>-46.6220700,-23.5096700,0</coordinates></Point></Placemark>
<Style id="s-PV-402">
<LineStyle><color>ff00d7ff</color><width>2.0</width></LineStyle>
<PolyStyle><color>ff00d7ff</color></PolyStyle>
<IconStyle><color>ff00d7ff</color><scale>0.55</scale>
<Icon><href>http://maps.google.com/mapfiles/kml/shapes/placemark_circle.png</href></Icon>
</IconStyle>
<LabelStyle><scale>0.65</scale></LabelStyle>
</Style><Placemark><name>ST-029</name><styleUrl>#s-PV-402</styleUrl><description><![CDATA[<table style="border-collapse:collapse;width:100%;font-family:'Helvetica Neue',Helvetica,Arial,sans-serif;font-size:11px;border:1px solid #e5e7eb;border-radius:8px;overflow:hidden;"><tr><th colspan="2" style="padding:5px 8px;background:#1f6feb;color:#fff;text-align:left;font-size:12px;font-weight:600;">ST-029</th></tr><tr><th style="padding:3px 5px;text-align:left;background:#f3f4f6;border-bottom:1px solid #d1d5db;width:30%;font-size:11px;font-weight:600;color:#1f2937;">ID</th><td style="padding:3px 5px;border-bottom:1px solid #e5e7eb;font-size:11px;color:#111827;">ST-029</td></tr><tr><th style="padding:3px 5px;text-align:left;background:#f3f4f6;border-bottom:1px solid #d1d5db;width:30%;font-size:11px;font-weight:600;color:#1f2937;">Endereço</th><td style="padding:3px 5px;border-bottom:1px solid #e5e7eb;font-size:11px;color:#111827;">Rua Antonio dos Santos Neto, 124</td></tr><tr><th style="padding:3px 5px;text-align:left;background:#f3f4f6;border-bottom:1px solid #d1d5db;width:30%;font-size:11px;font-weight:600;color:#1f2937;">Subprefeitura</th><td style="padding:3px 5px;border-bottom:1px solid #e5e7eb;font-size:11px;color:#111827;">Santana/Tucuruvi</td></tr><tr><th style="padding:3px 5px;text-align:left;background:#f3f4f6;border-bottom:1px solid #d1d5db;width:30%;font-size:11px;font-weight:600;color:#1f2937;">Volumetria</th><td style="padding:3px 5px;border-bottom:1px solid #e5e7eb;font-size:11px;color:#111827;">Entre 1m³ e 5m³</td></tr></table>]]></description><Point><coordinates>-46.6227100,-23.5096400,0</coordinates></Point></Placemark>
<Style id="s-PV-403">
<LineStyle><color>ff00d7ff</color><width>2.0</width></LineStyle>
<PolyStyle><color>ff00d7ff</color></PolyStyle>
<IconStyle><color>ff00d7ff</color><scale>0.55</scale>
<Icon><href>http://maps.google.com/mapfiles/kml/shapes/placemark_circle.png</href></Icon>
</IconStyle>
<LabelStyle><scale>0.65</scale></LabelStyle>
</Style><Placemark><name>ST-030</name><styleUrl>#s-PV-403</styleUrl><description><![CDATA[<table style="border-collapse:collapse;width:100%;font-family:'Helvetica Neue',Helvetica,Arial,sans-serif;font-size:11px;border:1px solid #e5e7eb;border-radius:8px;overflow:hidden;"><tr><th colspan="2" style="padding:5px 8px;background:#1f6feb;color:#fff;text-align:left;font-size:12px;font-weight:600;">ST-030</th></tr><tr><th style="padding:3px 5px;text-align:left;background:#f3f4f6;border-bottom:1px solid #d1d5db;width:30%;font-size:11px;font-weight:600;color:#1f2937;">ID</th><td style="padding:3px 5px;border-bottom:1px solid #e5e7eb;font-size:11px;color:#111827;">ST-030</td></tr><tr><th style="padding:3px 5px;text-align:left;background:#f3f4f6;border-bottom:1px solid #d1d5db;width:30%;font-size:11px;font-weight:600;color:#1f2937;">Endereço</th><td style="padding:3px 5px;border-bottom:1px solid #e5e7eb;font-size:11px;color:#111827;">Rua Antônio dos Santos Neto, 47</td></tr><tr><th style="padding:3px 5px;text-align:left;background:#f3f4f6;border-bottom:1px solid #d1d5db;width:30%;font-size:11px;font-weight:600;color:#1f2937;">Subprefeitura</th><td style="padding:3px 5px;border-bottom:1px solid #e5e7eb;font-size:11px;color:#111827;">Santana/Tucuruvi</td></tr><tr><th style="padding:3px 5px;text-align:left;background:#f3f4f6;border-bottom:1px solid #d1d5db;width:30%;font-size:11px;font-weight:600;color:#1f2937;">Volumetria</th><td style="padding:3px 5px;border-bottom:1px solid #e5e7eb;font-size:11px;color:#111827;">Entre 1m³ e 5m³</td></tr></table>]]></description><Point><coordinates>-46.6234400,-23.5096200,0</coordinates></Point></Placemark>
<Style id="s-PV-404">
<LineStyle><color>ff00d7ff</color><width>2.0</width></LineStyle>
<PolyStyle><color>ff00d7ff</color></PolyStyle>
<IconStyle><color>ff00d7ff</color><scale>0.55</scale>
<Icon><href>http://maps.google.com/mapfiles/kml/shapes/placemark_circle.png</href></Icon>
</IconStyle>
<LabelStyle><scale>0.65</scale></LabelStyle>
</Style><Placemark><name>ST-031</name><styleUrl>#s-PV-404</styleUrl><description><![CDATA[<table style="border-collapse:collapse;width:100%;font-family:'Helvetica Neue',Helvetica,Arial,sans-serif;font-size:11px;border:1px solid #e5e7eb;border-radius:8px;overflow:hidden;"><tr><th colspan="2" style="padding:5px 8px;background:#1f6feb;color:#fff;text-align:left;font-size:12px;font-weight:600;">ST-031</th></tr><tr><th style="padding:3px 5px;text-align:left;background:#f3f4f6;border-bottom:1px solid #d1d5db;width:30%;font-size:11px;font-weight:600;color:#1f2937;">ID</th><td style="padding:3px 5px;border-bottom:1px solid #e5e7eb;font-size:11px;color:#111827;">ST-031</td></tr><tr><th style="padding:3px 5px;text-align:left;background:#f3f4f6;border-bottom:1px solid #d1d5db;width:30%;font-size:11px;font-weight:600;color:#1f2937;">Endereço</th><td style="padding:3px 5px;border-bottom:1px solid #e5e7eb;font-size:11px;color:#111827;">Rua Arantina, 22</td></tr><tr><th style="padding:3px 5px;text-align:left;background:#f3f4f6;border-bottom:1px solid #d1d5db;width:30%;font-size:11px;font-weight:600;color:#1f2937;">Subprefeitura</th><td style="padding:3px 5px;border-bottom:1px solid #e5e7eb;font-size:11px;color:#111827;">Santana/Tucuruvi</td></tr><tr><th style="padding:3px 5px;text-align:left;background:#f3f4f6;border-bottom:1px solid #d1d5db;width:30%;font-size:11px;font-weight:600;color:#1f2937;">Volumetria</th><td style="padding:3px 5px;border-bottom:1px solid #e5e7eb;font-size:11px;color:#111827;">Entre 1m³ e 5m³</td></tr></table>]]></description><Point><coordinates>-46.5957200,-23.4670000,0</coordinates></Point></Placemark>
<Style id="s-PV-405">
<LineStyle><color>ff00d7ff</color><width>2.0</width></LineStyle>
<PolyStyle><color>ff00d7ff</color></PolyStyle>
<IconStyle><color>ff00d7ff</color><scale>0.55</scale>
<Icon><href>http://maps.google.com/mapfiles/kml/shapes/placemark_circle.png</href></Icon>
</IconStyle>
<LabelStyle><scale>0.65</scale></LabelStyle>
</Style><Placemark><name>ST-032</name><styleUrl>#s-PV-405</styleUrl><description><![CDATA[<table style="border-collapse:collapse;width:100%;font-family:'Helvetica Neue',Helvetica,Arial,sans-serif;font-size:11px;border:1px solid #e5e7eb;border-radius:8px;overflow:hidden;"><tr><th colspan="2" style="padding:5px 8px;background:#1f6feb;color:#fff;text-align:left;font-size:12px;font-weight:600;">ST-032</th></tr><tr><th style="padding:3px 5px;text-align:left;background:#f3f4f6;border-bottom:1px solid #d1d5db;width:30%;font-size:11px;font-weight:600;color:#1f2937;">ID</th><td style="padding:3px 5px;border-bottom:1px solid #e5e7eb;font-size:11px;color:#111827;">ST-032</td></tr><tr><th style="padding:3px 5px;text-align:left;background:#f3f4f6;border-bottom:1px solid #d1d5db;width:30%;font-size:11px;font-weight:600;color:#1f2937;">Endereço</th><td style="padding:3px 5px;border-bottom:1px solid #e5e7eb;font-size:11px;color:#111827;">Rua Benvinda Aparecida de Abreu Leme, 193</td></tr><tr><th style="padding:3px 5px;text-align:left;background:#f3f4f6;border-bottom:1px solid #d1d5db;width:30%;font-size:11px;font-weight:600;color:#1f2937;">Subprefeitura</th><td style="padding:3px 5px;border-bottom:1px solid #e5e7eb;font-size:11px;color:#111827;">Santana/Tucuruvi</td></tr><tr><th style="padding:3px 5px;text-align:left;background:#f3f4f6;border-bottom:1px solid #d1d5db;width:30%;font-size:11px;font-weight:600;color:#1f2937;">Volumetria</th><td style="padding:3px 5px;border-bottom:1px solid #e5e7eb;font-size:11px;color:#111827;">Entre 1m³ e 5m³</td></tr><tr><th style="padding:3px 5px;text-align:left;background:#f3f4f6;border-bottom:1px solid #d1d5db;width:30%;font-size:11px;font-weight:600;color:#1f2937;">Status</th><td style="padding:3px 5px;border-bottom:1px solid #e5e7eb;font-size:11px;color:#111827;">Revitalizado</td></tr><tr><th style="padding:3px 5px;text-align:left;background:#f3f4f6;border-bottom:1px solid #d1d5db;width:30%;font-size:11px;font-weight:600;color:#1f2937;">Data</th><td style="padding:3px 5px;border-bottom:1px solid #e5e7eb;font-size:11px;color:#111827;">45934</td></tr></table>]]></description><Point><coordinates>-46.6231800,-23.4974500,0</coordinates></Point></Placemark>
<Style id="s-PV-406">
<LineStyle><color>ff00d7ff</color><width>2.0</width></LineStyle>
<PolyStyle><color>ff00d7ff</color></PolyStyle>
<IconStyle><color>ff00d7ff</color><scale>0.55</scale>
<Icon><href>http://maps.google.com/mapfiles/kml/shapes/placemark_circle.png</href></Icon>
</IconStyle>
<LabelStyle><scale>0.65</scale></LabelStyle>
</Style><Placemark><name>ST-033</name><styleUrl>#s-PV-406</styleUrl><description><![CDATA[<table style="border-collapse:collapse;width:100%;font-family:'Helvetica Neue',Helvetica,Arial,sans-serif;font-size:11px;border:1px solid #e5e7eb;border-radius:8px;overflow:hidden;"><tr><th colspan="2" style="padding:5px 8px;background:#1f6feb;color:#fff;text-align:left;font-size:12px;font-weight:600;">ST-033</th></tr><tr><th style="padding:3px 5px;text-align:left;background:#f3f4f6;border-bottom:1px solid #d1d5db;width:30%;font-size:11px;font-weight:600;color:#1f2937;">ID</th><td style="padding:3px 5px;border-bottom:1px solid #e5e7eb;font-size:11px;color:#111827;">ST-033</td></tr><tr><th style="padding:3px 5px;text-align:left;background:#f3f4f6;border-bottom:1px solid #d1d5db;width:30%;font-size:11px;font-weight:600;color:#1f2937;">Endereço</th><td style="padding:3px 5px;border-bottom:1px solid #e5e7eb;font-size:11px;color:#111827;">Rua Borges Ladário, 206</td></tr><tr><th style="padding:3px 5px;text-align:left;background:#f3f4f6;border-bottom:1px solid #d1d5db;width:30%;font-size:11px;font-weight:600;color:#1f2937;">Subprefeitura</th><td style="padding:3px 5px;border-bottom:1px solid #e5e7eb;font-size:11px;color:#111827;">Santana/Tucuruvi</td></tr><tr><th style="padding:3px 5px;text-align:left;background:#f3f4f6;border-bottom:1px solid #d1d5db;width:30%;font-size:11px;font-weight:600;color:#1f2937;">Volumetria</th><td style="padding:3px 5px;border-bottom:1px solid #e5e7eb;font-size:11px;color:#111827;">Entre 1m³ e 5m³</td></tr></table>]]></description><Point><coordinates>-46.6024200,-23.4844600,0</coordinates></Point></Placemark>
<Style id="s-PV-407">
<LineStyle><color>ff00d7ff</color><width>2.0</width></LineStyle>
<PolyStyle><color>ff00d7ff</color></PolyStyle>
<IconStyle><color>ff00d7ff</color><scale>0.55</scale>
<Icon><href>http://maps.google.com/mapfiles/kml/shapes/placemark_circle.png</href></Icon>
</IconStyle>
<LabelStyle><scale>0.65</scale></LabelStyle>
</Style><Placemark><name>ST-034</name><styleUrl>#s-PV-407</styleUrl><description><![CDATA[<table style="border-collapse:collapse;width:100%;font-family:'Helvetica Neue',Helvetica,Arial,sans-serif;font-size:11px;border:1px solid #e5e7eb;border-radius:8px;overflow:hidden;"><tr><th colspan="2" style="padding:5px 8px;background:#1f6feb;color:#fff;text-align:left;font-size:12px;font-weight:600;">ST-034</th></tr><tr><th style="padding:3px 5px;text-align:left;background:#f3f4f6;border-bottom:1px solid #d1d5db;width:30%;font-size:11px;font-weight:600;color:#1f2937;">ID</th><td style="padding:3px 5px;border-bottom:1px solid #e5e7eb;font-size:11px;color:#111827;">ST-034</td></tr><tr><th style="padding:3px 5px;text-align:left;background:#f3f4f6;border-bottom:1px solid #d1d5db;width:30%;font-size:11px;font-weight:600;color:#1f2937;">Endereço</th><td style="padding:3px 5px;border-bottom:1px solid #e5e7eb;font-size:11px;color:#111827;">Rua Borges Ladário, 438</td></tr><tr><th style="padding:3px 5px;text-align:left;background:#f3f4f6;border-bottom:1px solid #d1d5db;width:30%;font-size:11px;font-weight:600;color:#1f2937;">Subprefeitura</th><td style="padding:3px 5px;border-bottom:1px solid #e5e7eb;font-size:11px;color:#111827;">Santana/Tucuruvi</td></tr><tr><th style="padding:3px 5px;text-align:left;background:#f3f4f6;border-bottom:1px solid #d1d5db;width:30%;font-size:11px;font-weight:600;color:#1f2937;">Volumetria</th><td style="padding:3px 5px;border-bottom:1px solid #e5e7eb;font-size:11px;color:#111827;">Entre 1m³ e 5m³</td></tr></table>]]></description><Point><coordinates>-46.6011000,-23.4827500,0</coordinates></Point></Placemark>
<Style id="s-PV-408">
<LineStyle><color>ff00d7ff</color><width>2.0</width></LineStyle>
<PolyStyle><color>ff00d7ff</color></PolyStyle>
<IconStyle><color>ff00d7ff</color><scale>0.55</scale>
<Icon><href>http://maps.google.com/mapfiles/kml/shapes/placemark_circle.png</href></Icon>
</IconStyle>
<LabelStyle><scale>0.65</scale></LabelStyle>
</Style><Placemark><name>ST-035</name><styleUrl>#s-PV-408</styleUrl><description><![CDATA[<table style="border-collapse:collapse;width:100%;font-family:'Helvetica Neue',Helvetica,Arial,sans-serif;font-size:11px;border:1px solid #e5e7eb;border-radius:8px;overflow:hidden;"><tr><th colspan="2" style="padding:5px 8px;background:#1f6feb;color:#fff;text-align:left;font-size:12px;font-weight:600;">ST-035</th></tr><tr><th style="padding:3px 5px;text-align:left;background:#f3f4f6;border-bottom:1px solid #d1d5db;width:30%;font-size:11px;font-weight:600;color:#1f2937;">ID</th><td style="padding:3px 5px;border-bottom:1px solid #e5e7eb;font-size:11px;color:#111827;">ST-035</td></tr><tr><th style="padding:3px 5px;text-align:left;background:#f3f4f6;border-bottom:1px solid #d1d5db;width:30%;font-size:11px;font-weight:600;color:#1f2937;">Endereço</th><td style="padding:3px 5px;border-bottom:1px solid #e5e7eb;font-size:11px;color:#111827;">Rua Borges X Rua Borges Ladário</td></tr><tr><th style="padding:3px 5px;text-align:left;background:#f3f4f6;border-bottom:1px solid #d1d5db;width:30%;font-size:11px;font-weight:600;color:#1f2937;">Subprefeitura</th><td style="padding:3px 5px;border-bottom:1px solid #e5e7eb;font-size:11px;color:#111827;">Santana/Tucuruvi</td></tr><tr><th style="padding:3px 5px;text-align:left;background:#f3f4f6;border-bottom:1px solid #d1d5db;width:30%;font-size:11px;font-weight:600;color:#1f2937;">Volumetria</th><td style="padding:3px 5px;border-bottom:1px solid #e5e7eb;font-size:11px;color:#111827;">Entre 1m³ e 5m³</td></tr></table>]]></description><Point><coordinates>-46.6009900,-23.4825900,0</coordinates></Point></Placemark>
<Style id="s-PV-409">
<LineStyle><color>ff00d7ff</color><width>2.0</width></LineStyle>
<PolyStyle><color>ff00d7ff</color></PolyStyle>
<IconStyle><color>ff00d7ff</color><scale>0.55</scale>
<Icon><href>http://maps.google.com/mapfiles/kml/shapes/placemark_circle.png</href></Icon>
</IconStyle>
<LabelStyle><scale>0.65</scale></LabelStyle>
</Style><Placemark><name>ST-036</name><styleUrl>#s-PV-409</styleUrl><description><![CDATA[<table style="border-collapse:collapse;width:100%;font-family:'Helvetica Neue',Helvetica,Arial,sans-serif;font-size:11px;border:1px solid #e5e7eb;border-radius:8px;overflow:hidden;"><tr><th colspan="2" style="padding:5px 8px;background:#1f6feb;color:#fff;text-align:left;font-size:12px;font-weight:600;">ST-036</th></tr><tr><th style="padding:3px 5px;text-align:left;background:#f3f4f6;border-bottom:1px solid #d1d5db;width:30%;font-size:11px;font-weight:600;color:#1f2937;">ID</th><td style="padding:3px 5px;border-bottom:1px solid #e5e7eb;font-size:11px;color:#111827;">ST-036</td></tr><tr><th style="padding:3px 5px;text-align:left;background:#f3f4f6;border-bottom:1px solid #d1d5db;width:30%;font-size:11px;font-weight:600;color:#1f2937;">Endereço</th><td style="padding:3px 5px;border-bottom:1px solid #e5e7eb;font-size:11px;color:#111827;">Rua Capricho, 801</td></tr><tr><th style="padding:3px 5px;text-align:left;background:#f3f4f6;border-bottom:1px solid #d1d5db;width:30%;font-size:11px;font-weight:600;color:#1f2937;">Subprefeitura</th><td style="padding:3px 5px;border-bottom:1px solid #e5e7eb;font-size:11px;color:#111827;">Santana/Tucuruvi</td></tr><tr><th style="padding:3px 5px;text-align:left;background:#f3f4f6;border-bottom:1px solid #d1d5db;width:30%;font-size:11px;font-weight:600;color:#1f2937;">Volumetria</th><td style="padding:3px 5px;border-bottom:1px solid #e5e7eb;font-size:11px;color:#111827;">Entre 1m³ e 5m³</td></tr></table>]]></description><Point><coordinates>-46.5916500,-23.4793000,0</coordinates></Point></Placemark>
<Style id="s-PV-410">
<LineStyle><color>ff00d7ff</color><width>2.0</width></LineStyle>
<PolyStyle><color>ff00d7ff</color></PolyStyle>
<IconStyle><color>ff00d7ff</color><scale>0.55</scale>
<Icon><href>http://maps.google.com/mapfiles/kml/shapes/placemark_circle.png</href></Icon>
</IconStyle>
<LabelStyle><scale>0.65</scale></LabelStyle>
</Style><Placemark><name>ST-037</name><styleUrl>#s-PV-410</styleUrl><description><![CDATA[<table style="border-collapse:collapse;width:100%;font-family:'Helvetica Neue',Helvetica,Arial,sans-serif;font-size:11px;border:1px solid #e5e7eb;border-radius:8px;overflow:hidden;"><tr><th colspan="2" style="padding:5px 8px;background:#1f6feb;color:#fff;text-align:left;font-size:12px;font-weight:600;">ST-037</th></tr><tr><th style="padding:3px 5px;text-align:left;background:#f3f4f6;border-bottom:1px solid #d1d5db;width:30%;font-size:11px;font-weight:600;color:#1f2937;">ID</th><td style="padding:3px 5px;border-bottom:1px solid #e5e7eb;font-size:11px;color:#111827;">ST-037</td></tr><tr><th style="padding:3px 5px;text-align:left;background:#f3f4f6;border-bottom:1px solid #d1d5db;width:30%;font-size:11px;font-weight:600;color:#1f2937;">Endereço</th><td style="padding:3px 5px;border-bottom:1px solid #e5e7eb;font-size:11px;color:#111827;">Rua Carlos Fonseca da Silva, 1</td></tr><tr><th style="padding:3px 5px;text-align:left;background:#f3f4f6;border-bottom:1px solid #d1d5db;width:30%;font-size:11px;font-weight:600;color:#1f2937;">Subprefeitura</th><td style="padding:3px 5px;border-bottom:1px solid #e5e7eb;font-size:11px;color:#111827;">Santana/Tucuruvi</td></tr><tr><th style="padding:3px 5px;text-align:left;background:#f3f4f6;border-bottom:1px solid #d1d5db;width:30%;font-size:11px;font-weight:600;color:#1f2937;">Volumetria</th><td style="padding:3px 5px;border-bottom:1px solid #e5e7eb;font-size:11px;color:#111827;">Entre 1m³ e 5m³</td></tr></table>]]></description><Point><coordinates>-46.6508900,-23.4838600,0</coordinates></Point></Placemark>
<Style id="s-PV-411">
<LineStyle><color>ff00d7ff</color><width>2.0</width></LineStyle>
<PolyStyle><color>ff00d7ff</color></PolyStyle>
<IconStyle><color>ff00d7ff</color><scale>0.55</scale>
<Icon><href>http://maps.google.com/mapfiles/kml/shapes/placemark_circle.png</href></Icon>
</IconStyle>
<LabelStyle><scale>0.65</scale></LabelStyle>
</Style><Placemark><name>ST-038</name><styleUrl>#s-PV-411</styleUrl><description><![CDATA[<table style="border-collapse:collapse;width:100%;font-family:'Helvetica Neue',Helvetica,Arial,sans-serif;font-size:11px;border:1px solid #e5e7eb;border-radius:8px;overflow:hidden;"><tr><th colspan="2" style="padding:5px 8px;background:#1f6feb;color:#fff;text-align:left;font-size:12px;font-weight:600;">ST-038</th></tr><tr><th style="padding:3px 5px;text-align:left;background:#f3f4f6;border-bottom:1px solid #d1d5db;width:30%;font-size:11px;font-weight:600;color:#1f2937;">ID</th><td style="padding:3px 5px;border-bottom:1px solid #e5e7eb;font-size:11px;color:#111827;">ST-038</td></tr><tr><th style="padding:3px 5px;text-align:left;background:#f3f4f6;border-bottom:1px solid #d1d5db;width:30%;font-size:11px;font-weight:600;color:#1f2937;">Endereço</th><td style="padding:3px 5px;border-bottom:1px solid #e5e7eb;font-size:11px;color:#111827;">Rua Celia Caruso, 10</td></tr><tr><th style="padding:3px 5px;text-align:left;background:#f3f4f6;border-bottom:1px solid #d1d5db;width:30%;font-size:11px;font-weight:600;color:#1f2937;">Subprefeitura</th><td style="padding:3px 5px;border-bottom:1px solid #e5e7eb;font-size:11px;color:#111827;">Santana/Tucuruvi</td></tr><tr><th style="padding:3px 5px;text-align:left;background:#f3f4f6;border-bottom:1px solid #d1d5db;width:30%;font-size:11px;font-weight:600;color:#1f2937;">Volumetria</th><td style="padding:3px 5px;border-bottom:1px solid #e5e7eb;font-size:11px;color:#111827;">Não se aplica (inativo).</td></tr><tr><th style="padding:3px 5px;text-align:left;background:#f3f4f6;border-bottom:1px solid #d1d5db;width:30%;font-size:11px;font-weight:600;color:#1f2937;">Status</th><td style="padding:3px 5px;border-bottom:1px solid #e5e7eb;font-size:11px;color:#111827;">Inativo</td></tr><tr><th style="padding:3px 5px;text-align:left;background:#f3f4f6;border-bottom:1px solid #d1d5db;width:30%;font-size:11px;font-weight:600;color:#1f2937;">Data</th><td style="padding:3px 5px;border-bottom:1px solid #e5e7eb;font-size:11px;color:#111827;">Inativo</td></tr></table>]]></description><Point><coordinates>-46.6375000,-23.4745300,0</coordinates></Point></Placemark>
<Style id="s-PV-412">
<LineStyle><color>ff00d7ff</color><width>2.0</width></LineStyle>
<PolyStyle><color>ff00d7ff</color></PolyStyle>
<IconStyle><color>ff00d7ff</color><scale>0.55</scale>
<Icon><href>http://maps.google.com/mapfiles/kml/shapes/placemark_circle.png</href></Icon>
</IconStyle>
<LabelStyle><scale>0.65</scale></LabelStyle>
</Style><Placemark><name>ST-039</name><styleUrl>#s-PV-412</styleUrl><description><![CDATA[<table style="border-collapse:collapse;width:100%;font-family:'Helvetica Neue',Helvetica,Arial,sans-serif;font-size:11px;border:1px solid #e5e7eb;border-radius:8px;overflow:hidden;"><tr><th colspan="2" style="padding:5px 8px;background:#1f6feb;color:#fff;text-align:left;font-size:12px;font-weight:600;">ST-039</th></tr><tr><th style="padding:3px 5px;text-align:left;background:#f3f4f6;border-bottom:1px solid #d1d5db;width:30%;font-size:11px;font-weight:600;color:#1f2937;">ID</th><td style="padding:3px 5px;border-bottom:1px solid #e5e7eb;font-size:11px;color:#111827;">ST-039</td></tr><tr><th style="padding:3px 5px;text-align:left;background:#f3f4f6;border-bottom:1px solid #d1d5db;width:30%;font-size:11px;font-weight:600;color:#1f2937;">Endereço</th><td style="padding:3px 5px;border-bottom:1px solid #e5e7eb;font-size:11px;color:#111827;">Rua Charles Cameron, 96</td></tr><tr><th style="padding:3px 5px;text-align:left;background:#f3f4f6;border-bottom:1px solid #d1d5db;width:30%;font-size:11px;font-weight:600;color:#1f2937;">Subprefeitura</th><td style="padding:3px 5px;border-bottom:1px solid #e5e7eb;font-size:11px;color:#111827;">Santana/Tucuruvi</td></tr><tr><th style="padding:3px 5px;text-align:left;background:#f3f4f6;border-bottom:1px solid #d1d5db;width:30%;font-size:11px;font-weight:600;color:#1f2937;">Volumetria</th><td style="padding:3px 5px;border-bottom:1px solid #e5e7eb;font-size:11px;color:#111827;">Mais de 5m³</td></tr></table>]]></description><Point><coordinates>-46.6243600,-23.4727700,0</coordinates></Point></Placemark>
<Style id="s-PV-413">
<LineStyle><color>ff00d7ff</color><width>2.0</width></LineStyle>
<PolyStyle><color>ff00d7ff</color></PolyStyle>
<IconStyle><color>ff00d7ff</color><scale>0.55</scale>
<Icon><href>http://maps.google.com/mapfiles/kml/shapes/placemark_circle.png</href></Icon>
</IconStyle>
<LabelStyle><scale>0.65</scale></LabelStyle>
</Style><Placemark><name>ST-040</name><styleUrl>#s-PV-413</styleUrl><description><![CDATA[<table style="border-collapse:collapse;width:100%;font-family:'Helvetica Neue',Helvetica,Arial,sans-serif;font-size:11px;border:1px solid #e5e7eb;border-radius:8px;overflow:hidden;"><tr><th colspan="2" style="padding:5px 8px;background:#1f6feb;color:#fff;text-align:left;font-size:12px;font-weight:600;">ST-040</th></tr><tr><th style="padding:3px 5px;text-align:left;background:#f3f4f6;border-bottom:1px solid #d1d5db;width:30%;font-size:11px;font-weight:600;color:#1f2937;">ID</th><td style="padding:3px 5px;border-bottom:1px solid #e5e7eb;font-size:11px;color:#111827;">ST-040</td></tr><tr><th style="padding:3px 5px;text-align:left;background:#f3f4f6;border-bottom:1px solid #d1d5db;width:30%;font-size:11px;font-weight:600;color:#1f2937;">Endereço</th><td style="padding:3px 5px;border-bottom:1px solid #e5e7eb;font-size:11px;color:#111827;">Rua Deputado Cássio Siampolini, 210</td></tr><tr><th style="padding:3px 5px;text-align:left;background:#f3f4f6;border-bottom:1px solid #d1d5db;width:30%;font-size:11px;font-weight:600;color:#1f2937;">Subprefeitura</th><td style="padding:3px 5px;border-bottom:1px solid #e5e7eb;font-size:11px;color:#111827;">Santana/Tucuruvi</td></tr><tr><th style="padding:3px 5px;text-align:left;background:#f3f4f6;border-bottom:1px solid #d1d5db;width:30%;font-size:11px;font-weight:600;color:#1f2937;">Volumetria</th><td style="padding:3px 5px;border-bottom:1px solid #e5e7eb;font-size:11px;color:#111827;">Não se aplica (inativo).</td></tr><tr><th style="padding:3px 5px;text-align:left;background:#f3f4f6;border-bottom:1px solid #d1d5db;width:30%;font-size:11px;font-weight:600;color:#1f2937;">Status</th><td style="padding:3px 5px;border-bottom:1px solid #e5e7eb;font-size:11px;color:#111827;">Inativo</td></tr><tr><th style="padding:3px 5px;text-align:left;background:#f3f4f6;border-bottom:1px solid #d1d5db;width:30%;font-size:11px;font-weight:600;color:#1f2937;">Data</th><td style="padding:3px 5px;border-bottom:1px solid #e5e7eb;font-size:11px;color:#111827;">Inativo</td></tr></table>]]></description><Point><coordinates>-46.6493400,-23.4821300,0</coordinates></Point></Placemark>
<Style id="s-PV-414">
<LineStyle><color>ff00d7ff</color><width>2.0</width></LineStyle>
<PolyStyle><color>ff00d7ff</color></PolyStyle>
<IconStyle><color>ff00d7ff</color><scale>0.55</scale>
<Icon><href>http://maps.google.com/mapfiles/kml/shapes/placemark_circle.png</href></Icon>
</IconStyle>
<LabelStyle><scale>0.65</scale></LabelStyle>
</Style><Placemark><name>ST-041</name><styleUrl>#s-PV-414</styleUrl><description><![CDATA[<table style="border-collapse:collapse;width:100%;font-family:'Helvetica Neue',Helvetica,Arial,sans-serif;font-size:11px;border:1px solid #e5e7eb;border-radius:8px;overflow:hidden;"><tr><th colspan="2" style="padding:5px 8px;background:#1f6feb;color:#fff;text-align:left;font-size:12px;font-weight:600;">ST-041</th></tr><tr><th style="padding:3px 5px;text-align:left;background:#f3f4f6;border-bottom:1px solid #d1d5db;width:30%;font-size:11px;font-weight:600;color:#1f2937;">ID</th><td style="padding:3px 5px;border-bottom:1px solid #e5e7eb;font-size:11px;color:#111827;">ST-041</td></tr><tr><th style="padding:3px 5px;text-align:left;background:#f3f4f6;border-bottom:1px solid #d1d5db;width:30%;font-size:11px;font-weight:600;color:#1f2937;">Endereço</th><td style="padding:3px 5px;border-bottom:1px solid #e5e7eb;font-size:11px;color:#111827;">Rua Deputado Gouvea Franco, 204</td></tr><tr><th style="padding:3px 5px;text-align:left;background:#f3f4f6;border-bottom:1px solid #d1d5db;width:30%;font-size:11px;font-weight:600;color:#1f2937;">Subprefeitura</th><td style="padding:3px 5px;border-bottom:1px solid #e5e7eb;font-size:11px;color:#111827;">Santana/Tucuruvi</td></tr><tr><th style="padding:3px 5px;text-align:left;background:#f3f4f6;border-bottom:1px solid #d1d5db;width:30%;font-size:11px;font-weight:600;color:#1f2937;">Volumetria</th><td style="padding:3px 5px;border-bottom:1px solid #e5e7eb;font-size:11px;color:#111827;">Entre 1m³ e 5m³</td></tr></table>]]></description><Point><coordinates>-46.6356300,-23.4720100,0</coordinates></Point></Placemark>
<Style id="s-PV-415">
<LineStyle><color>ff00d7ff</color><width>2.0</width></LineStyle>
<PolyStyle><color>ff00d7ff</color></PolyStyle>
<IconStyle><color>ff00d7ff</color><scale>0.55</scale>
<Icon><href>http://maps.google.com/mapfiles/kml/shapes/placemark_circle.png</href></Icon>
</IconStyle>
<LabelStyle><scale>0.65</scale></LabelStyle>
</Style><Placemark><name>ST-042</name><styleUrl>#s-PV-415</styleUrl><description><![CDATA[<table style="border-collapse:collapse;width:100%;font-family:'Helvetica Neue',Helvetica,Arial,sans-serif;font-size:11px;border:1px solid #e5e7eb;border-radius:8px;overflow:hidden;"><tr><th colspan="2" style="padding:5px 8px;background:#1f6feb;color:#fff;text-align:left;font-size:12px;font-weight:600;">ST-042</th></tr><tr><th style="padding:3px 5px;text-align:left;background:#f3f4f6;border-bottom:1px solid #d1d5db;width:30%;font-size:11px;font-weight:600;color:#1f2937;">ID</th><td style="padding:3px 5px;border-bottom:1px solid #e5e7eb;font-size:11px;color:#111827;">ST-042</td></tr><tr><th style="padding:3px 5px;text-align:left;background:#f3f4f6;border-bottom:1px solid #d1d5db;width:30%;font-size:11px;font-weight:600;color:#1f2937;">Endereço</th><td style="padding:3px 5px;border-bottom:1px solid #e5e7eb;font-size:11px;color:#111827;">Rua Domingos da Costa Mata, 394</td></tr><tr><th style="padding:3px 5px;text-align:left;background:#f3f4f6;border-bottom:1px solid #d1d5db;width:30%;font-size:11px;font-weight:600;color:#1f2937;">Subprefeitura</th><td style="padding:3px 5px;border-bottom:1px solid #e5e7eb;font-size:11px;color:#111827;">Santana/Tucuruvi</td></tr><tr><th style="padding:3px 5px;text-align:left;background:#f3f4f6;border-bottom:1px solid #d1d5db;width:30%;font-size:11px;font-weight:600;color:#1f2937;">Volumetria</th><td style="padding:3px 5px;border-bottom:1px solid #e5e7eb;font-size:11px;color:#111827;">Entre 1m³ e 5m³</td></tr></table>]]></description><Point><coordinates>-46.6339100,-23.4868500,0</coordinates></Point></Placemark>
<Style id="s-PV-416">
<LineStyle><color>ff00d7ff</color><width>2.0</width></LineStyle>
<PolyStyle><color>ff00d7ff</color></PolyStyle>
<IconStyle><color>ff00d7ff</color><scale>0.55</scale>
<Icon><href>http://maps.google.com/mapfiles/kml/shapes/placemark_circle.png</href></Icon>
</IconStyle>
<LabelStyle><scale>0.65</scale></LabelStyle>
</Style><Placemark><name>ST-043</name><styleUrl>#s-PV-416</styleUrl><description><![CDATA[<table style="border-collapse:collapse;width:100%;font-family:'Helvetica Neue',Helvetica,Arial,sans-serif;font-size:11px;border:1px solid #e5e7eb;border-radius:8px;overflow:hidden;"><tr><th colspan="2" style="padding:5px 8px;background:#1f6feb;color:#fff;text-align:left;font-size:12px;font-weight:600;">ST-043</th></tr><tr><th style="padding:3px 5px;text-align:left;background:#f3f4f6;border-bottom:1px solid #d1d5db;width:30%;font-size:11px;font-weight:600;color:#1f2937;">ID</th><td style="padding:3px 5px;border-bottom:1px solid #e5e7eb;font-size:11px;color:#111827;">ST-043</td></tr><tr><th style="padding:3px 5px;text-align:left;background:#f3f4f6;border-bottom:1px solid #d1d5db;width:30%;font-size:11px;font-weight:600;color:#1f2937;">Endereço</th><td style="padding:3px 5px;border-bottom:1px solid #e5e7eb;font-size:11px;color:#111827;">Rua dos Coqueiros X Rua Manuel Querino</td></tr><tr><th style="padding:3px 5px;text-align:left;background:#f3f4f6;border-bottom:1px solid #d1d5db;width:30%;font-size:11px;font-weight:600;color:#1f2937;">Subprefeitura</th><td style="padding:3px 5px;border-bottom:1px solid #e5e7eb;font-size:11px;color:#111827;">Santana/Tucuruvi</td></tr><tr><th style="padding:3px 5px;text-align:left;background:#f3f4f6;border-bottom:1px solid #d1d5db;width:30%;font-size:11px;font-weight:600;color:#1f2937;">Volumetria</th><td style="padding:3px 5px;border-bottom:1px solid #e5e7eb;font-size:11px;color:#111827;">Não se aplica (inativo).</td></tr><tr><th style="padding:3px 5px;text-align:left;background:#f3f4f6;border-bottom:1px solid #d1d5db;width:30%;font-size:11px;font-weight:600;color:#1f2937;">Status</th><td style="padding:3px 5px;border-bottom:1px solid #e5e7eb;font-size:11px;color:#111827;">Inativo</td></tr><tr><th style="padding:3px 5px;text-align:left;background:#f3f4f6;border-bottom:1px solid #d1d5db;width:30%;font-size:11px;font-weight:600;color:#1f2937;">Data</th><td style="padding:3px 5px;border-bottom:1px solid #e5e7eb;font-size:11px;color:#111827;">Inativo</td></tr></table>]]></description><Point><coordinates>-46.5986100,-23.4656300,0</coordinates></Point></Placemark>
<Style id="s-PV-417">
<LineStyle><color>ff00d7ff</color><width>2.0</width></LineStyle>
<PolyStyle><color>ff00d7ff</color></PolyStyle>
<IconStyle><color>ff00d7ff</color><scale>0.55</scale>
<Icon><href>http://maps.google.com/mapfiles/kml/shapes/placemark_circle.png</href></Icon>
</IconStyle>
<LabelStyle><scale>0.65</scale></LabelStyle>
</Style><Placemark><name>ST-044</name><styleUrl>#s-PV-417</styleUrl><description><![CDATA[<table style="border-collapse:collapse;width:100%;font-family:'Helvetica Neue',Helvetica,Arial,sans-serif;font-size:11px;border:1px solid #e5e7eb;border-radius:8px;overflow:hidden;"><tr><th colspan="2" style="padding:5px 8px;background:#1f6feb;color:#fff;text-align:left;font-size:12px;font-weight:600;">ST-044</th></tr><tr><th style="padding:3px 5px;text-align:left;background:#f3f4f6;border-bottom:1px solid #d1d5db;width:30%;font-size:11px;font-weight:600;color:#1f2937;">ID</th><td style="padding:3px 5px;border-bottom:1px solid #e5e7eb;font-size:11px;color:#111827;">ST-044</td></tr><tr><th style="padding:3px 5px;text-align:left;background:#f3f4f6;border-bottom:1px solid #d1d5db;width:30%;font-size:11px;font-weight:600;color:#1f2937;">Endereço</th><td style="padding:3px 5px;border-bottom:1px solid #e5e7eb;font-size:11px;color:#111827;">Avenida Doutor Abílio Sampaio X Rua Salinas</td></tr><tr><th style="padding:3px 5px;text-align:left;background:#f3f4f6;border-bottom:1px solid #d1d5db;width:30%;font-size:11px;font-weight:600;color:#1f2937;">Subprefeitura</th><td style="padding:3px 5px;border-bottom:1px solid #e5e7eb;font-size:11px;color:#111827;">Santana/Tucuruvi</td></tr><tr><th style="padding:3px 5px;text-align:left;background:#f3f4f6;border-bottom:1px solid #d1d5db;width:30%;font-size:11px;font-weight:600;color:#1f2937;">Volumetria</th><td style="padding:3px 5px;border-bottom:1px solid #e5e7eb;font-size:11px;color:#111827;">Entre 1m³ e 5m³</td></tr></table>]]></description><Point><coordinates>-46.5879500,-23.4807200,0</coordinates></Point></Placemark>
<Style id="s-PV-418">
<LineStyle><color>ff00d7ff</color><width>2.0</width></LineStyle>
<PolyStyle><color>ff00d7ff</color></PolyStyle>
<IconStyle><color>ff00d7ff</color><scale>0.55</scale>
<Icon><href>http://maps.google.com/mapfiles/kml/shapes/placemark_circle.png</href></Icon>
</IconStyle>
<LabelStyle><scale>0.65</scale></LabelStyle>
</Style><Placemark><name>ST-045</name><styleUrl>#s-PV-418</styleUrl><description><![CDATA[<table style="border-collapse:collapse;width:100%;font-family:'Helvetica Neue',Helvetica,Arial,sans-serif;font-size:11px;border:1px solid #e5e7eb;border-radius:8px;overflow:hidden;"><tr><th colspan="2" style="padding:5px 8px;background:#1f6feb;color:#fff;text-align:left;font-size:12px;font-weight:600;">ST-045</th></tr><tr><th style="padding:3px 5px;text-align:left;background:#f3f4f6;border-bottom:1px solid #d1d5db;width:30%;font-size:11px;font-weight:600;color:#1f2937;">ID</th><td style="padding:3px 5px;border-bottom:1px solid #e5e7eb;font-size:11px;color:#111827;">ST-045</td></tr><tr><th style="padding:3px 5px;text-align:left;background:#f3f4f6;border-bottom:1px solid #d1d5db;width:30%;font-size:11px;font-weight:600;color:#1f2937;">Endereço</th><td style="padding:3px 5px;border-bottom:1px solid #e5e7eb;font-size:11px;color:#111827;">Rua Doutor Moacyr Vaz de Andrade, 559</td></tr><tr><th style="padding:3px 5px;text-align:left;background:#f3f4f6;border-bottom:1px solid #d1d5db;width:30%;font-size:11px;font-weight:600;color:#1f2937;">Subprefeitura</th><td style="padding:3px 5px;border-bottom:1px solid #e5e7eb;font-size:11px;color:#111827;">Santana/Tucuruvi</td></tr><tr><th style="padding:3px 5px;text-align:left;background:#f3f4f6;border-bottom:1px solid #d1d5db;width:30%;font-size:11px;font-weight:600;color:#1f2937;">Volumetria</th><td style="padding:3px 5px;border-bottom:1px solid #e5e7eb;font-size:11px;color:#111827;">Entre 1m³ e 5m³</td></tr></table>]]></description><Point><coordinates>-46.5978400,-23.4729200,0</coordinates></Point></Placemark>
<Style id="s-PV-419">
<LineStyle><color>ff00d7ff</color><width>2.0</width></LineStyle>
<PolyStyle><color>ff00d7ff</color></PolyStyle>
<IconStyle><color>ff00d7ff</color><scale>0.55</scale>
<Icon><href>http://maps.google.com/mapfiles/kml/shapes/placemark_circle.png</href></Icon>
</IconStyle>
<LabelStyle><scale>0.65</scale></LabelStyle>
</Style><Placemark><name>ST-046</name><styleUrl>#s-PV-419</styleUrl><description><![CDATA[<table style="border-collapse:collapse;width:100%;font-family:'Helvetica Neue',Helvetica,Arial,sans-serif;font-size:11px;border:1px solid #e5e7eb;border-radius:8px;overflow:hidden;"><tr><th colspan="2" style="padding:5px 8px;background:#1f6feb;color:#fff;text-align:left;font-size:12px;font-weight:600;">ST-046</th></tr><tr><th style="padding:3px 5px;text-align:left;background:#f3f4f6;border-bottom:1px solid #d1d5db;width:30%;font-size:11px;font-weight:600;color:#1f2937;">ID</th><td style="padding:3px 5px;border-bottom:1px solid #e5e7eb;font-size:11px;color:#111827;">ST-046</td></tr><tr><th style="padding:3px 5px;text-align:left;background:#f3f4f6;border-bottom:1px solid #d1d5db;width:30%;font-size:11px;font-weight:600;color:#1f2937;">Endereço</th><td style="padding:3px 5px;border-bottom:1px solid #e5e7eb;font-size:11px;color:#111827;">Rua Francisco Lipi, 1025</td></tr><tr><th style="padding:3px 5px;text-align:left;background:#f3f4f6;border-bottom:1px solid #d1d5db;width:30%;font-size:11px;font-weight:600;color:#1f2937;">Subprefeitura</th><td style="padding:3px 5px;border-bottom:1px solid #e5e7eb;font-size:11px;color:#111827;">Santana/Tucuruvi</td></tr><tr><th style="padding:3px 5px;text-align:left;background:#f3f4f6;border-bottom:1px solid #d1d5db;width:30%;font-size:11px;font-weight:600;color:#1f2937;">Volumetria</th><td style="padding:3px 5px;border-bottom:1px solid #e5e7eb;font-size:11px;color:#111827;">Entre 1m³ e 5m³</td></tr></table>]]></description><Point><coordinates>-46.6001900,-23.4911200,0</coordinates></Point></Placemark>
<Style id="s-PV-420">
<LineStyle><color>ff00d7ff</color><width>2.0</width></LineStyle>
<PolyStyle><color>ff00d7ff</color></PolyStyle>
<IconStyle><color>ff00d7ff</color><scale>0.55</scale>
<Icon><href>http://maps.google.com/mapfiles/kml/shapes/placemark_circle.png</href></Icon>
</IconStyle>
<LabelStyle><scale>0.65</scale></LabelStyle>
</Style><Placemark><name>ST-047</name><styleUrl>#s-PV-420</styleUrl><description><![CDATA[<table style="border-collapse:collapse;width:100%;font-family:'Helvetica Neue',Helvetica,Arial,sans-serif;font-size:11px;border:1px solid #e5e7eb;border-radius:8px;overflow:hidden;"><tr><th colspan="2" style="padding:5px 8px;background:#1f6feb;color:#fff;text-align:left;font-size:12px;font-weight:600;">ST-047</th></tr><tr><th style="padding:3px 5px;text-align:left;background:#f3f4f6;border-bottom:1px solid #d1d5db;width:30%;font-size:11px;font-weight:600;color:#1f2937;">ID</th><td style="padding:3px 5px;border-bottom:1px solid #e5e7eb;font-size:11px;color:#111827;">ST-047</td></tr><tr><th style="padding:3px 5px;text-align:left;background:#f3f4f6;border-bottom:1px solid #d1d5db;width:30%;font-size:11px;font-weight:600;color:#1f2937;">Endereço</th><td style="padding:3px 5px;border-bottom:1px solid #e5e7eb;font-size:11px;color:#111827;">Rua Francisco Pecoraro, 146</td></tr><tr><th style="padding:3px 5px;text-align:left;background:#f3f4f6;border-bottom:1px solid #d1d5db;width:30%;font-size:11px;font-weight:600;color:#1f2937;">Subprefeitura</th><td style="padding:3px 5px;border-bottom:1px solid #e5e7eb;font-size:11px;color:#111827;">Santana/Tucuruvi</td></tr><tr><th style="padding:3px 5px;text-align:left;background:#f3f4f6;border-bottom:1px solid #d1d5db;width:30%;font-size:11px;font-weight:600;color:#1f2937;">Volumetria</th><td style="padding:3px 5px;border-bottom:1px solid #e5e7eb;font-size:11px;color:#111827;">Entre 1m³ e 5m³</td></tr></table>]]></description><Point><coordinates>-46.6273500,-23.4799100,0</coordinates></Point></Placemark>
<Style id="s-PV-421">
<LineStyle><color>ff00d7ff</color><width>2.0</width></LineStyle>
<PolyStyle><color>ff00d7ff</color></PolyStyle>
<IconStyle><color>ff00d7ff</color><scale>0.55</scale>
<Icon><href>http://maps.google.com/mapfiles/kml/shapes/placemark_circle.png</href></Icon>
</IconStyle>
<LabelStyle><scale>0.65</scale></LabelStyle>
</Style><Placemark><name>ST-048</name><styleUrl>#s-PV-421</styleUrl><description><![CDATA[<table style="border-collapse:collapse;width:100%;font-family:'Helvetica Neue',Helvetica,Arial,sans-serif;font-size:11px;border:1px solid #e5e7eb;border-radius:8px;overflow:hidden;"><tr><th colspan="2" style="padding:5px 8px;background:#1f6feb;color:#fff;text-align:left;font-size:12px;font-weight:600;">ST-048</th></tr><tr><th style="padding:3px 5px;text-align:left;background:#f3f4f6;border-bottom:1px solid #d1d5db;width:30%;font-size:11px;font-weight:600;color:#1f2937;">ID</th><td style="padding:3px 5px;border-bottom:1px solid #e5e7eb;font-size:11px;color:#111827;">ST-048</td></tr><tr><th style="padding:3px 5px;text-align:left;background:#f3f4f6;border-bottom:1px solid #d1d5db;width:30%;font-size:11px;font-weight:600;color:#1f2937;">Endereço</th><td style="padding:3px 5px;border-bottom:1px solid #e5e7eb;font-size:11px;color:#111827;">Rua General José de Almeida Botelho, 359</td></tr><tr><th style="padding:3px 5px;text-align:left;background:#f3f4f6;border-bottom:1px solid #d1d5db;width:30%;font-size:11px;font-weight:600;color:#1f2937;">Subprefeitura</th><td style="padding:3px 5px;border-bottom:1px solid #e5e7eb;font-size:11px;color:#111827;">Santana/Tucuruvi</td></tr><tr><th style="padding:3px 5px;text-align:left;background:#f3f4f6;border-bottom:1px solid #d1d5db;width:30%;font-size:11px;font-weight:600;color:#1f2937;">Volumetria</th><td style="padding:3px 5px;border-bottom:1px solid #e5e7eb;font-size:11px;color:#111827;">Entre 1m³ e 5m³</td></tr></table>]]></description><Point><coordinates>-46.6332300,-23.4710100,0</coordinates></Point></Placemark>
<Style id="s-PV-422">
<LineStyle><color>ff00d7ff</color><width>2.0</width></LineStyle>
<PolyStyle><color>ff00d7ff</color></PolyStyle>
<IconStyle><color>ff00d7ff</color><scale>0.55</scale>
<Icon><href>http://maps.google.com/mapfiles/kml/shapes/placemark_circle.png</href></Icon>
</IconStyle>
<LabelStyle><scale>0.65</scale></LabelStyle>
</Style><Placemark><name>ST-049</name><styleUrl>#s-PV-422</styleUrl><description><![CDATA[<table style="border-collapse:collapse;width:100%;font-family:'Helvetica Neue',Helvetica,Arial,sans-serif;font-size:11px;border:1px solid #e5e7eb;border-radius:8px;overflow:hidden;"><tr><th colspan="2" style="padding:5px 8px;background:#1f6feb;color:#fff;text-align:left;font-size:12px;font-weight:600;">ST-049</th></tr><tr><th style="padding:3px 5px;text-align:left;background:#f3f4f6;border-bottom:1px solid #d1d5db;width:30%;font-size:11px;font-weight:600;color:#1f2937;">ID</th><td style="padding:3px 5px;border-bottom:1px solid #e5e7eb;font-size:11px;color:#111827;">ST-049</td></tr><tr><th style="padding:3px 5px;text-align:left;background:#f3f4f6;border-bottom:1px solid #d1d5db;width:30%;font-size:11px;font-weight:600;color:#1f2937;">Endereço</th><td style="padding:3px 5px;border-bottom:1px solid #e5e7eb;font-size:11px;color:#111827;">Avenida Mazzei X Rua Ibimirim</td></tr><tr><th style="padding:3px 5px;text-align:left;background:#f3f4f6;border-bottom:1px solid #d1d5db;width:30%;font-size:11px;font-weight:600;color:#1f2937;">Subprefeitura</th><td style="padding:3px 5px;border-bottom:1px solid #e5e7eb;font-size:11px;color:#111827;">Santana/Tucuruvi</td></tr><tr><th style="padding:3px 5px;text-align:left;background:#f3f4f6;border-bottom:1px solid #d1d5db;width:30%;font-size:11px;font-weight:600;color:#1f2937;">Volumetria</th><td style="padding:3px 5px;border-bottom:1px solid #e5e7eb;font-size:11px;color:#111827;">Não se aplica (inativo).</td></tr><tr><th style="padding:3px 5px;text-align:left;background:#f3f4f6;border-bottom:1px solid #d1d5db;width:30%;font-size:11px;font-weight:600;color:#1f2937;">Status</th><td style="padding:3px 5px;border-bottom:1px solid #e5e7eb;font-size:11px;color:#111827;">Inativo</td></tr><tr><th style="padding:3px 5px;text-align:left;background:#f3f4f6;border-bottom:1px solid #d1d5db;width:30%;font-size:11px;font-weight:600;color:#1f2937;">Data</th><td style="padding:3px 5px;border-bottom:1px solid #e5e7eb;font-size:11px;color:#111827;">Inativo</td></tr></table>]]></description><Point><coordinates>-46.5972600,-23.4674800,0</coordinates></Point></Placemark>
<Style id="s-PV-423">
<LineStyle><color>ff00d7ff</color><width>2.0</width></LineStyle>
<PolyStyle><color>ff00d7ff</color></PolyStyle>
<IconStyle><color>ff00d7ff</color><scale>0.55</scale>
<Icon><href>http://maps.google.com/mapfiles/kml/shapes/placemark_circle.png</href></Icon>
</IconStyle>
<LabelStyle><scale>0.65</scale></LabelStyle>
</Style><Placemark><name>ST-050</name><styleUrl>#s-PV-423</styleUrl><description><![CDATA[<table style="border-collapse:collapse;width:100%;font-family:'Helvetica Neue',Helvetica,Arial,sans-serif;font-size:11px;border:1px solid #e5e7eb;border-radius:8px;overflow:hidden;"><tr><th colspan="2" style="padding:5px 8px;background:#1f6feb;color:#fff;text-align:left;font-size:12px;font-weight:600;">ST-050</th></tr><tr><th style="padding:3px 5px;text-align:left;background:#f3f4f6;border-bottom:1px solid #d1d5db;width:30%;font-size:11px;font-weight:600;color:#1f2937;">ID</th><td style="padding:3px 5px;border-bottom:1px solid #e5e7eb;font-size:11px;color:#111827;">ST-050</td></tr><tr><th style="padding:3px 5px;text-align:left;background:#f3f4f6;border-bottom:1px solid #d1d5db;width:30%;font-size:11px;font-weight:600;color:#1f2937;">Endereço</th><td style="padding:3px 5px;border-bottom:1px solid #e5e7eb;font-size:11px;color:#111827;">Rua Ibimirim, 45</td></tr><tr><th style="padding:3px 5px;text-align:left;background:#f3f4f6;border-bottom:1px solid #d1d5db;width:30%;font-size:11px;font-weight:600;color:#1f2937;">Subprefeitura</th><td style="padding:3px 5px;border-bottom:1px solid #e5e7eb;font-size:11px;color:#111827;">Santana/Tucuruvi</td></tr><tr><th style="padding:3px 5px;text-align:left;background:#f3f4f6;border-bottom:1px solid #d1d5db;width:30%;font-size:11px;font-weight:600;color:#1f2937;">Volumetria</th><td style="padding:3px 5px;border-bottom:1px solid #e5e7eb;font-size:11px;color:#111827;">Entre 1m³ e 5m³</td></tr></table>]]></description><Point><coordinates>-46.5951500,-23.4674200,0</coordinates></Point></Placemark>
<Style id="s-PV-424">
<LineStyle><color>ff00d7ff</color><width>2.0</width></LineStyle>
<PolyStyle><color>ff00d7ff</color></PolyStyle>
<IconStyle><color>ff00d7ff</color><scale>0.55</scale>
<Icon><href>http://maps.google.com/mapfiles/kml/shapes/placemark_circle.png</href></Icon>
</IconStyle>
<LabelStyle><scale>0.65</scale></LabelStyle>
</Style><Placemark><name>ST-051</name><styleUrl>#s-PV-424</styleUrl><description><![CDATA[<table style="border-collapse:collapse;width:100%;font-family:'Helvetica Neue',Helvetica,Arial,sans-serif;font-size:11px;border:1px solid #e5e7eb;border-radius:8px;overflow:hidden;"><tr><th colspan="2" style="padding:5px 8px;background:#1f6feb;color:#fff;text-align:left;font-size:12px;font-weight:600;">ST-051</th></tr><tr><th style="padding:3px 5px;text-align:left;background:#f3f4f6;border-bottom:1px solid #d1d5db;width:30%;font-size:11px;font-weight:600;color:#1f2937;">ID</th><td style="padding:3px 5px;border-bottom:1px solid #e5e7eb;font-size:11px;color:#111827;">ST-051</td></tr><tr><th style="padding:3px 5px;text-align:left;background:#f3f4f6;border-bottom:1px solid #d1d5db;width:30%;font-size:11px;font-weight:600;color:#1f2937;">Endereço</th><td style="padding:3px 5px;border-bottom:1px solid #e5e7eb;font-size:11px;color:#111827;">Rua João de Laet, 1426</td></tr><tr><th style="padding:3px 5px;text-align:left;background:#f3f4f6;border-bottom:1px solid #d1d5db;width:30%;font-size:11px;font-weight:600;color:#1f2937;">Subprefeitura</th><td style="padding:3px 5px;border-bottom:1px solid #e5e7eb;font-size:11px;color:#111827;">Santana/Tucuruvi</td></tr><tr><th style="padding:3px 5px;text-align:left;background:#f3f4f6;border-bottom:1px solid #d1d5db;width:30%;font-size:11px;font-weight:600;color:#1f2937;">Volumetria</th><td style="padding:3px 5px;border-bottom:1px solid #e5e7eb;font-size:11px;color:#111827;">Entre 1m³ e 5m³</td></tr><tr><th style="padding:3px 5px;text-align:left;background:#f3f4f6;border-bottom:1px solid #d1d5db;width:30%;font-size:11px;font-weight:600;color:#1f2937;">Status</th><td style="padding:3px 5px;border-bottom:1px solid #e5e7eb;font-size:11px;color:#111827;">Revitalizado</td></tr><tr><th style="padding:3px 5px;text-align:left;background:#f3f4f6;border-bottom:1px solid #d1d5db;width:30%;font-size:11px;font-weight:600;color:#1f2937;">Data</th><td style="padding:3px 5px;border-bottom:1px solid #e5e7eb;font-size:11px;color:#111827;">45997</td></tr></table>]]></description><Point><coordinates>-46.6248500,-23.4781800,0</coordinates></Point></Placemark>
<Style id="s-PV-425">
<LineStyle><color>ff00d7ff</color><width>2.0</width></LineStyle>
<PolyStyle><color>ff00d7ff</color></PolyStyle>
<IconStyle><color>ff00d7ff</color><scale>0.55</scale>
<Icon><href>http://maps.google.com/mapfiles/kml/shapes/placemark_circle.png</href></Icon>
</IconStyle>
<LabelStyle><scale>0.65</scale></LabelStyle>
</Style><Placemark><name>ST-052</name><styleUrl>#s-PV-425</styleUrl><description><![CDATA[<table style="border-collapse:collapse;width:100%;font-family:'Helvetica Neue',Helvetica,Arial,sans-serif;font-size:11px;border:1px solid #e5e7eb;border-radius:8px;overflow:hidden;"><tr><th colspan="2" style="padding:5px 8px;background:#1f6feb;color:#fff;text-align:left;font-size:12px;font-weight:600;">ST-052</th></tr><tr><th style="padding:3px 5px;text-align:left;background:#f3f4f6;border-bottom:1px solid #d1d5db;width:30%;font-size:11px;font-weight:600;color:#1f2937;">ID</th><td style="padding:3px 5px;border-bottom:1px solid #e5e7eb;font-size:11px;color:#111827;">ST-052</td></tr><tr><th style="padding:3px 5px;text-align:left;background:#f3f4f6;border-bottom:1px solid #d1d5db;width:30%;font-size:11px;font-weight:600;color:#1f2937;">Endereço</th><td style="padding:3px 5px;border-bottom:1px solid #e5e7eb;font-size:11px;color:#111827;">Rua João de Laet, 254</td></tr><tr><th style="padding:3px 5px;text-align:left;background:#f3f4f6;border-bottom:1px solid #d1d5db;width:30%;font-size:11px;font-weight:600;color:#1f2937;">Subprefeitura</th><td style="padding:3px 5px;border-bottom:1px solid #e5e7eb;font-size:11px;color:#111827;">Santana/Tucuruvi</td></tr><tr><th style="padding:3px 5px;text-align:left;background:#f3f4f6;border-bottom:1px solid #d1d5db;width:30%;font-size:11px;font-weight:600;color:#1f2937;">Volumetria</th><td style="padding:3px 5px;border-bottom:1px solid #e5e7eb;font-size:11px;color:#111827;">Entre 1m³ e 5m³</td></tr><tr><th style="padding:3px 5px;text-align:left;background:#f3f4f6;border-bottom:1px solid #d1d5db;width:30%;font-size:11px;font-weight:600;color:#1f2937;">Status</th><td style="padding:3px 5px;border-bottom:1px solid #e5e7eb;font-size:11px;color:#111827;">Revitalizado</td></tr><tr><th style="padding:3px 5px;text-align:left;background:#f3f4f6;border-bottom:1px solid #d1d5db;width:30%;font-size:11px;font-weight:600;color:#1f2937;">Data</th><td style="padding:3px 5px;border-bottom:1px solid #e5e7eb;font-size:11px;color:#111827;">46039</td></tr></table>]]></description><Point><coordinates>-46.6254200,-23.4768000,0</coordinates></Point></Placemark>
<Style id="s-PV-426">
<LineStyle><color>ff00d7ff</color><width>2.0</width></LineStyle>
<PolyStyle><color>ff00d7ff</color></PolyStyle>
<IconStyle><color>ff00d7ff</color><scale>0.55</scale>
<Icon><href>http://maps.google.com/mapfiles/kml/shapes/placemark_circle.png</href></Icon>
</IconStyle>
<LabelStyle><scale>0.65</scale></LabelStyle>
</Style><Placemark><name>ST-053</name><styleUrl>#s-PV-426</styleUrl><description><![CDATA[<table style="border-collapse:collapse;width:100%;font-family:'Helvetica Neue',Helvetica,Arial,sans-serif;font-size:11px;border:1px solid #e5e7eb;border-radius:8px;overflow:hidden;"><tr><th colspan="2" style="padding:5px 8px;background:#1f6feb;color:#fff;text-align:left;font-size:12px;font-weight:600;">ST-053</th></tr><tr><th style="padding:3px 5px;text-align:left;background:#f3f4f6;border-bottom:1px solid #d1d5db;width:30%;font-size:11px;font-weight:600;color:#1f2937;">ID</th><td style="padding:3px 5px;border-bottom:1px solid #e5e7eb;font-size:11px;color:#111827;">ST-053</td></tr><tr><th style="padding:3px 5px;text-align:left;background:#f3f4f6;border-bottom:1px solid #d1d5db;width:30%;font-size:11px;font-weight:600;color:#1f2937;">Endereço</th><td style="padding:3px 5px;border-bottom:1px solid #e5e7eb;font-size:11px;color:#111827;">Rua José Debieux, 35</td></tr><tr><th style="padding:3px 5px;text-align:left;background:#f3f4f6;border-bottom:1px solid #d1d5db;width:30%;font-size:11px;font-weight:600;color:#1f2937;">Subprefeitura</th><td style="padding:3px 5px;border-bottom:1px solid #e5e7eb;font-size:11px;color:#111827;">Santana/Tucuruvi</td></tr><tr><th style="padding:3px 5px;text-align:left;background:#f3f4f6;border-bottom:1px solid #d1d5db;width:30%;font-size:11px;font-weight:600;color:#1f2937;">Volumetria</th><td style="padding:3px 5px;border-bottom:1px solid #e5e7eb;font-size:11px;color:#111827;">Entre 1m³ e 5m³</td></tr><tr><th style="padding:3px 5px;text-align:left;background:#f3f4f6;border-bottom:1px solid #d1d5db;width:30%;font-size:11px;font-weight:600;color:#1f2937;">Status</th><td style="padding:3px 5px;border-bottom:1px solid #e5e7eb;font-size:11px;color:#111827;">Revitalizado</td></tr><tr><th style="padding:3px 5px;text-align:left;background:#f3f4f6;border-bottom:1px solid #d1d5db;width:30%;font-size:11px;font-weight:600;color:#1f2937;">Data</th><td style="padding:3px 5px;border-bottom:1px solid #e5e7eb;font-size:11px;color:#111827;">45941</td></tr></table>]]></description><Point><coordinates>-46.6235000,-23.4965000,0</coordinates></Point></Placemark>
<Style id="s-PV-427">
<LineStyle><color>ff00d7ff</color><width>2.0</width></LineStyle>
<PolyStyle><color>ff00d7ff</color></PolyStyle>
<IconStyle><color>ff00d7ff</color><scale>0.55</scale>
<Icon><href>http://maps.google.com/mapfiles/kml/shapes/placemark_circle.png</href></Icon>
</IconStyle>
<LabelStyle><scale>0.65</scale></LabelStyle>
</Style><Placemark><name>ST-054</name><styleUrl>#s-PV-427</styleUrl><description><![CDATA[<table style="border-collapse:collapse;width:100%;font-family:'Helvetica Neue',Helvetica,Arial,sans-serif;font-size:11px;border:1px solid #e5e7eb;border-radius:8px;overflow:hidden;"><tr><th colspan="2" style="padding:5px 8px;background:#1f6feb;color:#fff;text-align:left;font-size:12px;font-weight:600;">ST-054</th></tr><tr><th style="padding:3px 5px;text-align:left;background:#f3f4f6;border-bottom:1px solid #d1d5db;width:30%;font-size:11px;font-weight:600;color:#1f2937;">ID</th><td style="padding:3px 5px;border-bottom:1px solid #e5e7eb;font-size:11px;color:#111827;">ST-054</td></tr><tr><th style="padding:3px 5px;text-align:left;background:#f3f4f6;border-bottom:1px solid #d1d5db;width:30%;font-size:11px;font-weight:600;color:#1f2937;">Endereço</th><td style="padding:3px 5px;border-bottom:1px solid #e5e7eb;font-size:11px;color:#111827;">Rua Julio Sanuto, 63</td></tr><tr><th style="padding:3px 5px;text-align:left;background:#f3f4f6;border-bottom:1px solid #d1d5db;width:30%;font-size:11px;font-weight:600;color:#1f2937;">Subprefeitura</th><td style="padding:3px 5px;border-bottom:1px solid #e5e7eb;font-size:11px;color:#111827;">Santana/Tucuruvi</td></tr><tr><th style="padding:3px 5px;text-align:left;background:#f3f4f6;border-bottom:1px solid #d1d5db;width:30%;font-size:11px;font-weight:600;color:#1f2937;">Volumetria</th><td style="padding:3px 5px;border-bottom:1px solid #e5e7eb;font-size:11px;color:#111827;">Entre 1m³ e 5m³</td></tr><tr><th style="padding:3px 5px;text-align:left;background:#f3f4f6;border-bottom:1px solid #d1d5db;width:30%;font-size:11px;font-weight:600;color:#1f2937;">Data</th><td style="padding:3px 5px;border-bottom:1px solid #e5e7eb;font-size:11px;color:#111827;">46109</td></tr></table>]]></description><Point><coordinates>-46.6520600,-23.4857700,0</coordinates></Point></Placemark>
<Style id="s-PV-428">
<LineStyle><color>ff00d7ff</color><width>2.0</width></LineStyle>
<PolyStyle><color>ff00d7ff</color></PolyStyle>
<IconStyle><color>ff00d7ff</color><scale>0.55</scale>
<Icon><href>http://maps.google.com/mapfiles/kml/shapes/placemark_circle.png</href></Icon>
</IconStyle>
<LabelStyle><scale>0.65</scale></LabelStyle>
</Style><Placemark><name>ST-055</name><styleUrl>#s-PV-428</styleUrl><description><![CDATA[<table style="border-collapse:collapse;width:100%;font-family:'Helvetica Neue',Helvetica,Arial,sans-serif;font-size:11px;border:1px solid #e5e7eb;border-radius:8px;overflow:hidden;"><tr><th colspan="2" style="padding:5px 8px;background:#1f6feb;color:#fff;text-align:left;font-size:12px;font-weight:600;">ST-055</th></tr><tr><th style="padding:3px 5px;text-align:left;background:#f3f4f6;border-bottom:1px solid #d1d5db;width:30%;font-size:11px;font-weight:600;color:#1f2937;">ID</th><td style="padding:3px 5px;border-bottom:1px solid #e5e7eb;font-size:11px;color:#111827;">ST-055</td></tr><tr><th style="padding:3px 5px;text-align:left;background:#f3f4f6;border-bottom:1px solid #d1d5db;width:30%;font-size:11px;font-weight:600;color:#1f2937;">Endereço</th><td style="padding:3px 5px;border-bottom:1px solid #e5e7eb;font-size:11px;color:#111827;">Rua Lacerda Marques, 7</td></tr><tr><th style="padding:3px 5px;text-align:left;background:#f3f4f6;border-bottom:1px solid #d1d5db;width:30%;font-size:11px;font-weight:600;color:#1f2937;">Subprefeitura</th><td style="padding:3px 5px;border-bottom:1px solid #e5e7eb;font-size:11px;color:#111827;">Santana/Tucuruvi</td></tr><tr><th style="padding:3px 5px;text-align:left;background:#f3f4f6;border-bottom:1px solid #d1d5db;width:30%;font-size:11px;font-weight:600;color:#1f2937;">Volumetria</th><td style="padding:3px 5px;border-bottom:1px solid #e5e7eb;font-size:11px;color:#111827;">Entre 1m³ e 5m³</td></tr><tr><th style="padding:3px 5px;text-align:left;background:#f3f4f6;border-bottom:1px solid #d1d5db;width:30%;font-size:11px;font-weight:600;color:#1f2937;">Status</th><td style="padding:3px 5px;border-bottom:1px solid #e5e7eb;font-size:11px;color:#111827;">Revitalizado</td></tr><tr><th style="padding:3px 5px;text-align:left;background:#f3f4f6;border-bottom:1px solid #d1d5db;width:30%;font-size:11px;font-weight:600;color:#1f2937;">Data</th><td style="padding:3px 5px;border-bottom:1px solid #e5e7eb;font-size:11px;color:#111827;">46081</td></tr></table>]]></description><Point><coordinates>-46.6475300,-23.4810700,0</coordinates></Point></Placemark>
<Style id="s-PV-429">
<LineStyle><color>ff00d7ff</color><width>2.0</width></LineStyle>
<PolyStyle><color>ff00d7ff</color></PolyStyle>
<IconStyle><color>ff00d7ff</color><scale>0.55</scale>
<Icon><href>http://maps.google.com/mapfiles/kml/shapes/placemark_circle.png</href></Icon>
</IconStyle>
<LabelStyle><scale>0.65</scale></LabelStyle>
</Style><Placemark><name>ST-056</name><styleUrl>#s-PV-429</styleUrl><description><![CDATA[<table style="border-collapse:collapse;width:100%;font-family:'Helvetica Neue',Helvetica,Arial,sans-serif;font-size:11px;border:1px solid #e5e7eb;border-radius:8px;overflow:hidden;"><tr><th colspan="2" style="padding:5px 8px;background:#1f6feb;color:#fff;text-align:left;font-size:12px;font-weight:600;">ST-056</th></tr><tr><th style="padding:3px 5px;text-align:left;background:#f3f4f6;border-bottom:1px solid #d1d5db;width:30%;font-size:11px;font-weight:600;color:#1f2937;">ID</th><td style="padding:3px 5px;border-bottom:1px solid #e5e7eb;font-size:11px;color:#111827;">ST-056</td></tr><tr><th style="padding:3px 5px;text-align:left;background:#f3f4f6;border-bottom:1px solid #d1d5db;width:30%;font-size:11px;font-weight:600;color:#1f2937;">Endereço</th><td style="padding:3px 5px;border-bottom:1px solid #e5e7eb;font-size:11px;color:#111827;">Avenida Santa Inês X Rua Maetinga</td></tr><tr><th style="padding:3px 5px;text-align:left;background:#f3f4f6;border-bottom:1px solid #d1d5db;width:30%;font-size:11px;font-weight:600;color:#1f2937;">Subprefeitura</th><td style="padding:3px 5px;border-bottom:1px solid #e5e7eb;font-size:11px;color:#111827;">Santana/Tucuruvi</td></tr><tr><th style="padding:3px 5px;text-align:left;background:#f3f4f6;border-bottom:1px solid #d1d5db;width:30%;font-size:11px;font-weight:600;color:#1f2937;">Volumetria</th><td style="padding:3px 5px;border-bottom:1px solid #e5e7eb;font-size:11px;color:#111827;">Entre 1m³ e 5m³</td></tr></table>]]></description><Point><coordinates>-46.6510700,-23.4545700,0</coordinates></Point></Placemark>
<Style id="s-PV-430">
<LineStyle><color>ff00d7ff</color><width>2.0</width></LineStyle>
<PolyStyle><color>ff00d7ff</color></PolyStyle>
<IconStyle><color>ff00d7ff</color><scale>0.55</scale>
<Icon><href>http://maps.google.com/mapfiles/kml/shapes/placemark_circle.png</href></Icon>
</IconStyle>
<LabelStyle><scale>0.65</scale></LabelStyle>
</Style><Placemark><name>ST-057</name><styleUrl>#s-PV-430</styleUrl><description><![CDATA[<table style="border-collapse:collapse;width:100%;font-family:'Helvetica Neue',Helvetica,Arial,sans-serif;font-size:11px;border:1px solid #e5e7eb;border-radius:8px;overflow:hidden;"><tr><th colspan="2" style="padding:5px 8px;background:#1f6feb;color:#fff;text-align:left;font-size:12px;font-weight:600;">ST-057</th></tr><tr><th style="padding:3px 5px;text-align:left;background:#f3f4f6;border-bottom:1px solid #d1d5db;width:30%;font-size:11px;font-weight:600;color:#1f2937;">ID</th><td style="padding:3px 5px;border-bottom:1px solid #e5e7eb;font-size:11px;color:#111827;">ST-057</td></tr><tr><th style="padding:3px 5px;text-align:left;background:#f3f4f6;border-bottom:1px solid #d1d5db;width:30%;font-size:11px;font-weight:600;color:#1f2937;">Endereço</th><td style="padding:3px 5px;border-bottom:1px solid #e5e7eb;font-size:11px;color:#111827;">Rua Manuel Alexandre, 188</td></tr><tr><th style="padding:3px 5px;text-align:left;background:#f3f4f6;border-bottom:1px solid #d1d5db;width:30%;font-size:11px;font-weight:600;color:#1f2937;">Subprefeitura</th><td style="padding:3px 5px;border-bottom:1px solid #e5e7eb;font-size:11px;color:#111827;">Santana/Tucuruvi</td></tr><tr><th style="padding:3px 5px;text-align:left;background:#f3f4f6;border-bottom:1px solid #d1d5db;width:30%;font-size:11px;font-weight:600;color:#1f2937;">Volumetria</th><td style="padding:3px 5px;border-bottom:1px solid #e5e7eb;font-size:11px;color:#111827;">Entre 1m³ e 5m³</td></tr><tr><th style="padding:3px 5px;text-align:left;background:#f3f4f6;border-bottom:1px solid #d1d5db;width:30%;font-size:11px;font-weight:600;color:#1f2937;">Status</th><td style="padding:3px 5px;border-bottom:1px solid #e5e7eb;font-size:11px;color:#111827;">Revitalizado</td></tr><tr><th style="padding:3px 5px;text-align:left;background:#f3f4f6;border-bottom:1px solid #d1d5db;width:30%;font-size:11px;font-weight:600;color:#1f2937;">Data</th><td style="padding:3px 5px;border-bottom:1px solid #e5e7eb;font-size:11px;color:#111827;">45969</td></tr></table>]]></description><Point><coordinates>-46.6211400,-23.4748300,0</coordinates></Point></Placemark>
<Style id="s-PV-431">
<LineStyle><color>ff00d7ff</color><width>2.0</width></LineStyle>
<PolyStyle><color>ff00d7ff</color></PolyStyle>
<IconStyle><color>ff00d7ff</color><scale>0.55</scale>
<Icon><href>http://maps.google.com/mapfiles/kml/shapes/placemark_circle.png</href></Icon>
</IconStyle>
<LabelStyle><scale>0.65</scale></LabelStyle>
</Style><Placemark><name>ST-058</name><styleUrl>#s-PV-431</styleUrl><description><![CDATA[<table style="border-collapse:collapse;width:100%;font-family:'Helvetica Neue',Helvetica,Arial,sans-serif;font-size:11px;border:1px solid #e5e7eb;border-radius:8px;overflow:hidden;"><tr><th colspan="2" style="padding:5px 8px;background:#1f6feb;color:#fff;text-align:left;font-size:12px;font-weight:600;">ST-058</th></tr><tr><th style="padding:3px 5px;text-align:left;background:#f3f4f6;border-bottom:1px solid #d1d5db;width:30%;font-size:11px;font-weight:600;color:#1f2937;">ID</th><td style="padding:3px 5px;border-bottom:1px solid #e5e7eb;font-size:11px;color:#111827;">ST-058</td></tr><tr><th style="padding:3px 5px;text-align:left;background:#f3f4f6;border-bottom:1px solid #d1d5db;width:30%;font-size:11px;font-weight:600;color:#1f2937;">Endereço</th><td style="padding:3px 5px;border-bottom:1px solid #e5e7eb;font-size:11px;color:#111827;">Rua Mateus Leme, 500</td></tr><tr><th style="padding:3px 5px;text-align:left;background:#f3f4f6;border-bottom:1px solid #d1d5db;width:30%;font-size:11px;font-weight:600;color:#1f2937;">Subprefeitura</th><td style="padding:3px 5px;border-bottom:1px solid #e5e7eb;font-size:11px;color:#111827;">Santana/Tucuruvi</td></tr><tr><th style="padding:3px 5px;text-align:left;background:#f3f4f6;border-bottom:1px solid #d1d5db;width:30%;font-size:11px;font-weight:600;color:#1f2937;">Volumetria</th><td style="padding:3px 5px;border-bottom:1px solid #e5e7eb;font-size:11px;color:#111827;">Entre 1m³ e 5m³</td></tr><tr><th style="padding:3px 5px;text-align:left;background:#f3f4f6;border-bottom:1px solid #d1d5db;width:30%;font-size:11px;font-weight:600;color:#1f2937;">Data</th><td style="padding:3px 5px;border-bottom:1px solid #e5e7eb;font-size:11px;color:#111827;">46102</td></tr></table>]]></description><Point><coordinates>-46.6262000,-23.4861200,0</coordinates></Point></Placemark>
<Style id="s-PV-432">
<LineStyle><color>ff00d7ff</color><width>2.0</width></LineStyle>
<PolyStyle><color>ff00d7ff</color></PolyStyle>
<IconStyle><color>ff00d7ff</color><scale>0.55</scale>
<Icon><href>http://maps.google.com/mapfiles/kml/shapes/placemark_circle.png</href></Icon>
</IconStyle>
<LabelStyle><scale>0.65</scale></LabelStyle>
</Style><Placemark><name>ST-059</name><styleUrl>#s-PV-432</styleUrl><description><![CDATA[<table style="border-collapse:collapse;width:100%;font-family:'Helvetica Neue',Helvetica,Arial,sans-serif;font-size:11px;border:1px solid #e5e7eb;border-radius:8px;overflow:hidden;"><tr><th colspan="2" style="padding:5px 8px;background:#1f6feb;color:#fff;text-align:left;font-size:12px;font-weight:600;">ST-059</th></tr><tr><th style="padding:3px 5px;text-align:left;background:#f3f4f6;border-bottom:1px solid #d1d5db;width:30%;font-size:11px;font-weight:600;color:#1f2937;">ID</th><td style="padding:3px 5px;border-bottom:1px solid #e5e7eb;font-size:11px;color:#111827;">ST-059</td></tr><tr><th style="padding:3px 5px;text-align:left;background:#f3f4f6;border-bottom:1px solid #d1d5db;width:30%;font-size:11px;font-weight:600;color:#1f2937;">Endereço</th><td style="padding:3px 5px;border-bottom:1px solid #e5e7eb;font-size:11px;color:#111827;">Rua Duarte de Azevedo X Rua Mimoso do Sul</td></tr><tr><th style="padding:3px 5px;text-align:left;background:#f3f4f6;border-bottom:1px solid #d1d5db;width:30%;font-size:11px;font-weight:600;color:#1f2937;">Subprefeitura</th><td style="padding:3px 5px;border-bottom:1px solid #e5e7eb;font-size:11px;color:#111827;">Santana/Tucuruvi</td></tr><tr><th style="padding:3px 5px;text-align:left;background:#f3f4f6;border-bottom:1px solid #d1d5db;width:30%;font-size:11px;font-weight:600;color:#1f2937;">Volumetria</th><td style="padding:3px 5px;border-bottom:1px solid #e5e7eb;font-size:11px;color:#111827;">Entre 1m³ e 5m³</td></tr></table>]]></description><Point><coordinates>-46.6170900,-23.5012000,0</coordinates></Point></Placemark>
<Style id="s-PV-433">
<LineStyle><color>ff00d7ff</color><width>2.0</width></LineStyle>
<PolyStyle><color>ff00d7ff</color></PolyStyle>
<IconStyle><color>ff00d7ff</color><scale>0.55</scale>
<Icon><href>http://maps.google.com/mapfiles/kml/shapes/placemark_circle.png</href></Icon>
</IconStyle>
<LabelStyle><scale>0.65</scale></LabelStyle>
</Style><Placemark><name>ST-060</name><styleUrl>#s-PV-433</styleUrl><description><![CDATA[<table style="border-collapse:collapse;width:100%;font-family:'Helvetica Neue',Helvetica,Arial,sans-serif;font-size:11px;border:1px solid #e5e7eb;border-radius:8px;overflow:hidden;"><tr><th colspan="2" style="padding:5px 8px;background:#1f6feb;color:#fff;text-align:left;font-size:12px;font-weight:600;">ST-060</th></tr><tr><th style="padding:3px 5px;text-align:left;background:#f3f4f6;border-bottom:1px solid #d1d5db;width:30%;font-size:11px;font-weight:600;color:#1f2937;">ID</th><td style="padding:3px 5px;border-bottom:1px solid #e5e7eb;font-size:11px;color:#111827;">ST-060</td></tr><tr><th style="padding:3px 5px;text-align:left;background:#f3f4f6;border-bottom:1px solid #d1d5db;width:30%;font-size:11px;font-weight:600;color:#1f2937;">Endereço</th><td style="padding:3px 5px;border-bottom:1px solid #e5e7eb;font-size:11px;color:#111827;">Rua Murilo Furtado, 836</td></tr><tr><th style="padding:3px 5px;text-align:left;background:#f3f4f6;border-bottom:1px solid #d1d5db;width:30%;font-size:11px;font-weight:600;color:#1f2937;">Subprefeitura</th><td style="padding:3px 5px;border-bottom:1px solid #e5e7eb;font-size:11px;color:#111827;">Santana/Tucuruvi</td></tr><tr><th style="padding:3px 5px;text-align:left;background:#f3f4f6;border-bottom:1px solid #d1d5db;width:30%;font-size:11px;font-weight:600;color:#1f2937;">Volumetria</th><td style="padding:3px 5px;border-bottom:1px solid #e5e7eb;font-size:11px;color:#111827;">Entre 1m³ e 5m³</td></tr></table>]]></description><Point><coordinates>-46.5921800,-23.4691200,0</coordinates></Point></Placemark>
<Style id="s-PV-434">
<LineStyle><color>ff00d7ff</color><width>2.0</width></LineStyle>
<PolyStyle><color>ff00d7ff</color></PolyStyle>
<IconStyle><color>ff00d7ff</color><scale>0.55</scale>
<Icon><href>http://maps.google.com/mapfiles/kml/shapes/placemark_circle.png</href></Icon>
</IconStyle>
<LabelStyle><scale>0.65</scale></LabelStyle>
</Style><Placemark><name>ST-061</name><styleUrl>#s-PV-434</styleUrl><description><![CDATA[<table style="border-collapse:collapse;width:100%;font-family:'Helvetica Neue',Helvetica,Arial,sans-serif;font-size:11px;border:1px solid #e5e7eb;border-radius:8px;overflow:hidden;"><tr><th colspan="2" style="padding:5px 8px;background:#1f6feb;color:#fff;text-align:left;font-size:12px;font-weight:600;">ST-061</th></tr><tr><th style="padding:3px 5px;text-align:left;background:#f3f4f6;border-bottom:1px solid #d1d5db;width:30%;font-size:11px;font-weight:600;color:#1f2937;">ID</th><td style="padding:3px 5px;border-bottom:1px solid #e5e7eb;font-size:11px;color:#111827;">ST-061</td></tr><tr><th style="padding:3px 5px;text-align:left;background:#f3f4f6;border-bottom:1px solid #d1d5db;width:30%;font-size:11px;font-weight:600;color:#1f2937;">Endereço</th><td style="padding:3px 5px;border-bottom:1px solid #e5e7eb;font-size:11px;color:#111827;">Rua Paineira do Campo, 71</td></tr><tr><th style="padding:3px 5px;text-align:left;background:#f3f4f6;border-bottom:1px solid #d1d5db;width:30%;font-size:11px;font-weight:600;color:#1f2937;">Subprefeitura</th><td style="padding:3px 5px;border-bottom:1px solid #e5e7eb;font-size:11px;color:#111827;">Santana/Tucuruvi</td></tr><tr><th style="padding:3px 5px;text-align:left;background:#f3f4f6;border-bottom:1px solid #d1d5db;width:30%;font-size:11px;font-weight:600;color:#1f2937;">Volumetria</th><td style="padding:3px 5px;border-bottom:1px solid #e5e7eb;font-size:11px;color:#111827;">Entre 1m³ e 5m³</td></tr></table>]]></description><Point><coordinates>-46.6274300,-23.5133800,0</coordinates></Point></Placemark>
<Style id="s-PV-435">
<LineStyle><color>ff00d7ff</color><width>2.0</width></LineStyle>
<PolyStyle><color>ff00d7ff</color></PolyStyle>
<IconStyle><color>ff00d7ff</color><scale>0.55</scale>
<Icon><href>http://maps.google.com/mapfiles/kml/shapes/placemark_circle.png</href></Icon>
</IconStyle>
<LabelStyle><scale>0.65</scale></LabelStyle>
</Style><Placemark><name>ST-062</name><styleUrl>#s-PV-435</styleUrl><description><![CDATA[<table style="border-collapse:collapse;width:100%;font-family:'Helvetica Neue',Helvetica,Arial,sans-serif;font-size:11px;border:1px solid #e5e7eb;border-radius:8px;overflow:hidden;"><tr><th colspan="2" style="padding:5px 8px;background:#1f6feb;color:#fff;text-align:left;font-size:12px;font-weight:600;">ST-062</th></tr><tr><th style="padding:3px 5px;text-align:left;background:#f3f4f6;border-bottom:1px solid #d1d5db;width:30%;font-size:11px;font-weight:600;color:#1f2937;">ID</th><td style="padding:3px 5px;border-bottom:1px solid #e5e7eb;font-size:11px;color:#111827;">ST-062</td></tr><tr><th style="padding:3px 5px;text-align:left;background:#f3f4f6;border-bottom:1px solid #d1d5db;width:30%;font-size:11px;font-weight:600;color:#1f2937;">Endereço</th><td style="padding:3px 5px;border-bottom:1px solid #e5e7eb;font-size:11px;color:#111827;">Rua Paula Balli</td></tr><tr><th style="padding:3px 5px;text-align:left;background:#f3f4f6;border-bottom:1px solid #d1d5db;width:30%;font-size:11px;font-weight:600;color:#1f2937;">Subprefeitura</th><td style="padding:3px 5px;border-bottom:1px solid #e5e7eb;font-size:11px;color:#111827;">Santana/Tucuruvi</td></tr><tr><th style="padding:3px 5px;text-align:left;background:#f3f4f6;border-bottom:1px solid #d1d5db;width:30%;font-size:11px;font-weight:600;color:#1f2937;">Volumetria</th><td style="padding:3px 5px;border-bottom:1px solid #e5e7eb;font-size:11px;color:#111827;">Entre 1m³ e 5m³</td></tr><tr><th style="padding:3px 5px;text-align:left;background:#f3f4f6;border-bottom:1px solid #d1d5db;width:30%;font-size:11px;font-weight:600;color:#1f2937;">Status</th><td style="padding:3px 5px;border-bottom:1px solid #e5e7eb;font-size:11px;color:#111827;">Revitalizado</td></tr><tr><th style="padding:3px 5px;text-align:left;background:#f3f4f6;border-bottom:1px solid #d1d5db;width:30%;font-size:11px;font-weight:600;color:#1f2937;">Data</th><td style="padding:3px 5px;border-bottom:1px solid #e5e7eb;font-size:11px;color:#111827;">46004</td></tr></table>]]></description><Point><coordinates>-46.6387000,-23.4738500,0</coordinates></Point></Placemark>
<Style id="s-PV-436">
<LineStyle><color>ff00d7ff</color><width>2.0</width></LineStyle>
<PolyStyle><color>ff00d7ff</color></PolyStyle>
<IconStyle><color>ff00d7ff</color><scale>0.55</scale>
<Icon><href>http://maps.google.com/mapfiles/kml/shapes/placemark_circle.png</href></Icon>
</IconStyle>
<LabelStyle><scale>0.65</scale></LabelStyle>
</Style><Placemark><name>ST-063</name><styleUrl>#s-PV-436</styleUrl><description><![CDATA[<table style="border-collapse:collapse;width:100%;font-family:'Helvetica Neue',Helvetica,Arial,sans-serif;font-size:11px;border:1px solid #e5e7eb;border-radius:8px;overflow:hidden;"><tr><th colspan="2" style="padding:5px 8px;background:#1f6feb;color:#fff;text-align:left;font-size:12px;font-weight:600;">ST-063</th></tr><tr><th style="padding:3px 5px;text-align:left;background:#f3f4f6;border-bottom:1px solid #d1d5db;width:30%;font-size:11px;font-weight:600;color:#1f2937;">ID</th><td style="padding:3px 5px;border-bottom:1px solid #e5e7eb;font-size:11px;color:#111827;">ST-063</td></tr><tr><th style="padding:3px 5px;text-align:left;background:#f3f4f6;border-bottom:1px solid #d1d5db;width:30%;font-size:11px;font-weight:600;color:#1f2937;">Endereço</th><td style="padding:3px 5px;border-bottom:1px solid #e5e7eb;font-size:11px;color:#111827;">Rua Paula Balli X Rua Teodoro Alba</td></tr><tr><th style="padding:3px 5px;text-align:left;background:#f3f4f6;border-bottom:1px solid #d1d5db;width:30%;font-size:11px;font-weight:600;color:#1f2937;">Subprefeitura</th><td style="padding:3px 5px;border-bottom:1px solid #e5e7eb;font-size:11px;color:#111827;">Santana/Tucuruvi</td></tr><tr><th style="padding:3px 5px;text-align:left;background:#f3f4f6;border-bottom:1px solid #d1d5db;width:30%;font-size:11px;font-weight:600;color:#1f2937;">Volumetria</th><td style="padding:3px 5px;border-bottom:1px solid #e5e7eb;font-size:11px;color:#111827;">Entre 1m³ e 5m³</td></tr><tr><th style="padding:3px 5px;text-align:left;background:#f3f4f6;border-bottom:1px solid #d1d5db;width:30%;font-size:11px;font-weight:600;color:#1f2937;">Status</th><td style="padding:3px 5px;border-bottom:1px solid #e5e7eb;font-size:11px;color:#111827;">Revitalizado</td></tr><tr><th style="padding:3px 5px;text-align:left;background:#f3f4f6;border-bottom:1px solid #d1d5db;width:30%;font-size:11px;font-weight:600;color:#1f2937;">Data</th><td style="padding:3px 5px;border-bottom:1px solid #e5e7eb;font-size:11px;color:#111827;">46032</td></tr></table>]]></description><Point><coordinates>-46.6381400,-23.4735700,0</coordinates></Point></Placemark>
<Style id="s-PV-437">
<LineStyle><color>ff00d7ff</color><width>2.0</width></LineStyle>
<PolyStyle><color>ff00d7ff</color></PolyStyle>
<IconStyle><color>ff00d7ff</color><scale>0.55</scale>
<Icon><href>http://maps.google.com/mapfiles/kml/shapes/placemark_circle.png</href></Icon>
</IconStyle>
<LabelStyle><scale>0.65</scale></LabelStyle>
</Style><Placemark><name>ST-064</name><styleUrl>#s-PV-437</styleUrl><description><![CDATA[<table style="border-collapse:collapse;width:100%;font-family:'Helvetica Neue',Helvetica,Arial,sans-serif;font-size:11px;border:1px solid #e5e7eb;border-radius:8px;overflow:hidden;"><tr><th colspan="2" style="padding:5px 8px;background:#1f6feb;color:#fff;text-align:left;font-size:12px;font-weight:600;">ST-064</th></tr><tr><th style="padding:3px 5px;text-align:left;background:#f3f4f6;border-bottom:1px solid #d1d5db;width:30%;font-size:11px;font-weight:600;color:#1f2937;">ID</th><td style="padding:3px 5px;border-bottom:1px solid #e5e7eb;font-size:11px;color:#111827;">ST-064</td></tr><tr><th style="padding:3px 5px;text-align:left;background:#f3f4f6;border-bottom:1px solid #d1d5db;width:30%;font-size:11px;font-weight:600;color:#1f2937;">Endereço</th><td style="padding:3px 5px;border-bottom:1px solid #e5e7eb;font-size:11px;color:#111827;">Rua Pero Vidal, 189</td></tr><tr><th style="padding:3px 5px;text-align:left;background:#f3f4f6;border-bottom:1px solid #d1d5db;width:30%;font-size:11px;font-weight:600;color:#1f2937;">Subprefeitura</th><td style="padding:3px 5px;border-bottom:1px solid #e5e7eb;font-size:11px;color:#111827;">Santana/Tucuruvi</td></tr><tr><th style="padding:3px 5px;text-align:left;background:#f3f4f6;border-bottom:1px solid #d1d5db;width:30%;font-size:11px;font-weight:600;color:#1f2937;">Volumetria</th><td style="padding:3px 5px;border-bottom:1px solid #e5e7eb;font-size:11px;color:#111827;">Entre 1m³ e 5m³</td></tr></table>]]></description><Point><coordinates>-46.5977000,-23.4736400,0</coordinates></Point></Placemark>
<Style id="s-PV-438">
<LineStyle><color>ff00d7ff</color><width>2.0</width></LineStyle>
<PolyStyle><color>ff00d7ff</color></PolyStyle>
<IconStyle><color>ff00d7ff</color><scale>0.55</scale>
<Icon><href>http://maps.google.com/mapfiles/kml/shapes/placemark_circle.png</href></Icon>
</IconStyle>
<LabelStyle><scale>0.65</scale></LabelStyle>
</Style><Placemark><name>ST-065</name><styleUrl>#s-PV-438</styleUrl><description><![CDATA[<table style="border-collapse:collapse;width:100%;font-family:'Helvetica Neue',Helvetica,Arial,sans-serif;font-size:11px;border:1px solid #e5e7eb;border-radius:8px;overflow:hidden;"><tr><th colspan="2" style="padding:5px 8px;background:#1f6feb;color:#fff;text-align:left;font-size:12px;font-weight:600;">ST-065</th></tr><tr><th style="padding:3px 5px;text-align:left;background:#f3f4f6;border-bottom:1px solid #d1d5db;width:30%;font-size:11px;font-weight:600;color:#1f2937;">ID</th><td style="padding:3px 5px;border-bottom:1px solid #e5e7eb;font-size:11px;color:#111827;">ST-065</td></tr><tr><th style="padding:3px 5px;text-align:left;background:#f3f4f6;border-bottom:1px solid #d1d5db;width:30%;font-size:11px;font-weight:600;color:#1f2937;">Endereço</th><td style="padding:3px 5px;border-bottom:1px solid #e5e7eb;font-size:11px;color:#111827;">Rua Porto Amarante, 82</td></tr><tr><th style="padding:3px 5px;text-align:left;background:#f3f4f6;border-bottom:1px solid #d1d5db;width:30%;font-size:11px;font-weight:600;color:#1f2937;">Subprefeitura</th><td style="padding:3px 5px;border-bottom:1px solid #e5e7eb;font-size:11px;color:#111827;">Santana/Tucuruvi</td></tr><tr><th style="padding:3px 5px;text-align:left;background:#f3f4f6;border-bottom:1px solid #d1d5db;width:30%;font-size:11px;font-weight:600;color:#1f2937;">Volumetria</th><td style="padding:3px 5px;border-bottom:1px solid #e5e7eb;font-size:11px;color:#111827;">Entre 1m³ e 5m³</td></tr><tr><th style="padding:3px 5px;text-align:left;background:#f3f4f6;border-bottom:1px solid #d1d5db;width:30%;font-size:11px;font-weight:600;color:#1f2937;">Data</th><td style="padding:3px 5px;border-bottom:1px solid #e5e7eb;font-size:11px;color:#111827;">46095</td></tr></table>]]></description><Point><coordinates>-46.6507800,-23.4811600,0</coordinates></Point></Placemark>
<Style id="s-PV-439">
<LineStyle><color>ff00d7ff</color><width>2.0</width></LineStyle>
<PolyStyle><color>ff00d7ff</color></PolyStyle>
<IconStyle><color>ff00d7ff</color><scale>0.55</scale>
<Icon><href>http://maps.google.com/mapfiles/kml/shapes/placemark_circle.png</href></Icon>
</IconStyle>
<LabelStyle><scale>0.65</scale></LabelStyle>
</Style><Placemark><name>ST-066</name><styleUrl>#s-PV-439</styleUrl><description><![CDATA[<table style="border-collapse:collapse;width:100%;font-family:'Helvetica Neue',Helvetica,Arial,sans-serif;font-size:11px;border:1px solid #e5e7eb;border-radius:8px;overflow:hidden;"><tr><th colspan="2" style="padding:5px 8px;background:#1f6feb;color:#fff;text-align:left;font-size:12px;font-weight:600;">ST-066</th></tr><tr><th style="padding:3px 5px;text-align:left;background:#f3f4f6;border-bottom:1px solid #d1d5db;width:30%;font-size:11px;font-weight:600;color:#1f2937;">ID</th><td style="padding:3px 5px;border-bottom:1px solid #e5e7eb;font-size:11px;color:#111827;">ST-066</td></tr><tr><th style="padding:3px 5px;text-align:left;background:#f3f4f6;border-bottom:1px solid #d1d5db;width:30%;font-size:11px;font-weight:600;color:#1f2937;">Endereço</th><td style="padding:3px 5px;border-bottom:1px solid #e5e7eb;font-size:11px;color:#111827;">Rua Professor Salomão Abdalla Sobrinho, 204</td></tr><tr><th style="padding:3px 5px;text-align:left;background:#f3f4f6;border-bottom:1px solid #d1d5db;width:30%;font-size:11px;font-weight:600;color:#1f2937;">Subprefeitura</th><td style="padding:3px 5px;border-bottom:1px solid #e5e7eb;font-size:11px;color:#111827;">Santana/Tucuruvi</td></tr><tr><th style="padding:3px 5px;text-align:left;background:#f3f4f6;border-bottom:1px solid #d1d5db;width:30%;font-size:11px;font-weight:600;color:#1f2937;">Volumetria</th><td style="padding:3px 5px;border-bottom:1px solid #e5e7eb;font-size:11px;color:#111827;">Entre 1m³ e 5m³</td></tr></table>]]></description><Point><coordinates>-46.6454400,-23.4744800,0</coordinates></Point></Placemark>
<Style id="s-PV-440">
<LineStyle><color>ff00d7ff</color><width>2.0</width></LineStyle>
<PolyStyle><color>ff00d7ff</color></PolyStyle>
<IconStyle><color>ff00d7ff</color><scale>0.55</scale>
<Icon><href>http://maps.google.com/mapfiles/kml/shapes/placemark_circle.png</href></Icon>
</IconStyle>
<LabelStyle><scale>0.65</scale></LabelStyle>
</Style><Placemark><name>ST-067</name><styleUrl>#s-PV-440</styleUrl><description><![CDATA[<table style="border-collapse:collapse;width:100%;font-family:'Helvetica Neue',Helvetica,Arial,sans-serif;font-size:11px;border:1px solid #e5e7eb;border-radius:8px;overflow:hidden;"><tr><th colspan="2" style="padding:5px 8px;background:#1f6feb;color:#fff;text-align:left;font-size:12px;font-weight:600;">ST-067</th></tr><tr><th style="padding:3px 5px;text-align:left;background:#f3f4f6;border-bottom:1px solid #d1d5db;width:30%;font-size:11px;font-weight:600;color:#1f2937;">ID</th><td style="padding:3px 5px;border-bottom:1px solid #e5e7eb;font-size:11px;color:#111827;">ST-067</td></tr><tr><th style="padding:3px 5px;text-align:left;background:#f3f4f6;border-bottom:1px solid #d1d5db;width:30%;font-size:11px;font-weight:600;color:#1f2937;">Endereço</th><td style="padding:3px 5px;border-bottom:1px solid #e5e7eb;font-size:11px;color:#111827;">Rua Quirinópolis, 120</td></tr><tr><th style="padding:3px 5px;text-align:left;background:#f3f4f6;border-bottom:1px solid #d1d5db;width:30%;font-size:11px;font-weight:600;color:#1f2937;">Subprefeitura</th><td style="padding:3px 5px;border-bottom:1px solid #e5e7eb;font-size:11px;color:#111827;">Santana/Tucuruvi</td></tr><tr><th style="padding:3px 5px;text-align:left;background:#f3f4f6;border-bottom:1px solid #d1d5db;width:30%;font-size:11px;font-weight:600;color:#1f2937;">Volumetria</th><td style="padding:3px 5px;border-bottom:1px solid #e5e7eb;font-size:11px;color:#111827;">Entre 1m³ e 5m³</td></tr><tr><th style="padding:3px 5px;text-align:left;background:#f3f4f6;border-bottom:1px solid #d1d5db;width:30%;font-size:11px;font-weight:600;color:#1f2937;">Status</th><td style="padding:3px 5px;border-bottom:1px solid #e5e7eb;font-size:11px;color:#111827;">Revitalizado</td></tr><tr><th style="padding:3px 5px;text-align:left;background:#f3f4f6;border-bottom:1px solid #d1d5db;width:30%;font-size:11px;font-weight:600;color:#1f2937;">Data</th><td style="padding:3px 5px;border-bottom:1px solid #e5e7eb;font-size:11px;color:#111827;">45983</td></tr></table>]]></description><Point><coordinates>-46.6531600,-23.4821800,0</coordinates></Point></Placemark>
<Style id="s-PV-441">
<LineStyle><color>ff00d7ff</color><width>2.0</width></LineStyle>
<PolyStyle><color>ff00d7ff</color></PolyStyle>
<IconStyle><color>ff00d7ff</color><scale>0.55</scale>
<Icon><href>http://maps.google.com/mapfiles/kml/shapes/placemark_circle.png</href></Icon>
</IconStyle>
<LabelStyle><scale>0.65</scale></LabelStyle>
</Style><Placemark><name>ST-068</name><styleUrl>#s-PV-441</styleUrl><description><![CDATA[<table style="border-collapse:collapse;width:100%;font-family:'Helvetica Neue',Helvetica,Arial,sans-serif;font-size:11px;border:1px solid #e5e7eb;border-radius:8px;overflow:hidden;"><tr><th colspan="2" style="padding:5px 8px;background:#1f6feb;color:#fff;text-align:left;font-size:12px;font-weight:600;">ST-068</th></tr><tr><th style="padding:3px 5px;text-align:left;background:#f3f4f6;border-bottom:1px solid #d1d5db;width:30%;font-size:11px;font-weight:600;color:#1f2937;">ID</th><td style="padding:3px 5px;border-bottom:1px solid #e5e7eb;font-size:11px;color:#111827;">ST-068</td></tr><tr><th style="padding:3px 5px;text-align:left;background:#f3f4f6;border-bottom:1px solid #d1d5db;width:30%;font-size:11px;font-weight:600;color:#1f2937;">Endereço</th><td style="padding:3px 5px;border-bottom:1px solid #e5e7eb;font-size:11px;color:#111827;">Avenida Engenheiro Caetano Álvares X Rua Rodolfo Marin</td></tr><tr><th style="padding:3px 5px;text-align:left;background:#f3f4f6;border-bottom:1px solid #d1d5db;width:30%;font-size:11px;font-weight:600;color:#1f2937;">Subprefeitura</th><td style="padding:3px 5px;border-bottom:1px solid #e5e7eb;font-size:11px;color:#111827;">Santana/Tucuruvi</td></tr><tr><th style="padding:3px 5px;text-align:left;background:#f3f4f6;border-bottom:1px solid #d1d5db;width:30%;font-size:11px;font-weight:600;color:#1f2937;">Volumetria</th><td style="padding:3px 5px;border-bottom:1px solid #e5e7eb;font-size:11px;color:#111827;">Entre 1m³ e 5m³</td></tr></table>]]></description><Point><coordinates>-46.6457600,-23.4868400,0</coordinates></Point></Placemark>
<Style id="s-PV-442">
<LineStyle><color>ff00d7ff</color><width>2.0</width></LineStyle>
<PolyStyle><color>ff00d7ff</color></PolyStyle>
<IconStyle><color>ff00d7ff</color><scale>0.55</scale>
<Icon><href>http://maps.google.com/mapfiles/kml/shapes/placemark_circle.png</href></Icon>
</IconStyle>
<LabelStyle><scale>0.65</scale></LabelStyle>
</Style><Placemark><name>ST-069</name><styleUrl>#s-PV-442</styleUrl><description><![CDATA[<table style="border-collapse:collapse;width:100%;font-family:'Helvetica Neue',Helvetica,Arial,sans-serif;font-size:11px;border:1px solid #e5e7eb;border-radius:8px;overflow:hidden;"><tr><th colspan="2" style="padding:5px 8px;background:#1f6feb;color:#fff;text-align:left;font-size:12px;font-weight:600;">ST-069</th></tr><tr><th style="padding:3px 5px;text-align:left;background:#f3f4f6;border-bottom:1px solid #d1d5db;width:30%;font-size:11px;font-weight:600;color:#1f2937;">ID</th><td style="padding:3px 5px;border-bottom:1px solid #e5e7eb;font-size:11px;color:#111827;">ST-069</td></tr><tr><th style="padding:3px 5px;text-align:left;background:#f3f4f6;border-bottom:1px solid #d1d5db;width:30%;font-size:11px;font-weight:600;color:#1f2937;">Endereço</th><td style="padding:3px 5px;border-bottom:1px solid #e5e7eb;font-size:11px;color:#111827;">Rua Rodrigues Alvarenga X Rua Rozo Lagoa</td></tr><tr><th style="padding:3px 5px;text-align:left;background:#f3f4f6;border-bottom:1px solid #d1d5db;width:30%;font-size:11px;font-weight:600;color:#1f2937;">Subprefeitura</th><td style="padding:3px 5px;border-bottom:1px solid #e5e7eb;font-size:11px;color:#111827;">Santana/Tucuruvi</td></tr><tr><th style="padding:3px 5px;text-align:left;background:#f3f4f6;border-bottom:1px solid #d1d5db;width:30%;font-size:11px;font-weight:600;color:#1f2937;">Volumetria</th><td style="padding:3px 5px;border-bottom:1px solid #e5e7eb;font-size:11px;color:#111827;">Entre 1m³ e 5m³</td></tr></table>]]></description><Point><coordinates>-46.6512900,-23.4837700,0</coordinates></Point></Placemark>
<Style id="s-PV-443">
<LineStyle><color>ff00d7ff</color><width>2.0</width></LineStyle>
<PolyStyle><color>ff00d7ff</color></PolyStyle>
<IconStyle><color>ff00d7ff</color><scale>0.55</scale>
<Icon><href>http://maps.google.com/mapfiles/kml/shapes/placemark_circle.png</href></Icon>
</IconStyle>
<LabelStyle><scale>0.65</scale></LabelStyle>
</Style><Placemark><name>ST-070</name><styleUrl>#s-PV-443</styleUrl><description><![CDATA[<table style="border-collapse:collapse;width:100%;font-family:'Helvetica Neue',Helvetica,Arial,sans-serif;font-size:11px;border:1px solid #e5e7eb;border-radius:8px;overflow:hidden;"><tr><th colspan="2" style="padding:5px 8px;background:#1f6feb;color:#fff;text-align:left;font-size:12px;font-weight:600;">ST-070</th></tr><tr><th style="padding:3px 5px;text-align:left;background:#f3f4f6;border-bottom:1px solid #d1d5db;width:30%;font-size:11px;font-weight:600;color:#1f2937;">ID</th><td style="padding:3px 5px;border-bottom:1px solid #e5e7eb;font-size:11px;color:#111827;">ST-070</td></tr><tr><th style="padding:3px 5px;text-align:left;background:#f3f4f6;border-bottom:1px solid #d1d5db;width:30%;font-size:11px;font-weight:600;color:#1f2937;">Endereço</th><td style="padding:3px 5px;border-bottom:1px solid #e5e7eb;font-size:11px;color:#111827;">Rua Doutor Cesar X Rua Salete</td></tr><tr><th style="padding:3px 5px;text-align:left;background:#f3f4f6;border-bottom:1px solid #d1d5db;width:30%;font-size:11px;font-weight:600;color:#1f2937;">Subprefeitura</th><td style="padding:3px 5px;border-bottom:1px solid #e5e7eb;font-size:11px;color:#111827;">Santana/Tucuruvi</td></tr><tr><th style="padding:3px 5px;text-align:left;background:#f3f4f6;border-bottom:1px solid #d1d5db;width:30%;font-size:11px;font-weight:600;color:#1f2937;">Volumetria</th><td style="padding:3px 5px;border-bottom:1px solid #e5e7eb;font-size:11px;color:#111827;">Entre 1m³ e 5m³</td></tr></table>]]></description><Point><coordinates>-46.6272700,-23.5025900,0</coordinates></Point></Placemark>
<Style id="s-PV-444">
<LineStyle><color>ff00d7ff</color><width>2.0</width></LineStyle>
<PolyStyle><color>ff00d7ff</color></PolyStyle>
<IconStyle><color>ff00d7ff</color><scale>0.55</scale>
<Icon><href>http://maps.google.com/mapfiles/kml/shapes/placemark_circle.png</href></Icon>
</IconStyle>
<LabelStyle><scale>0.65</scale></LabelStyle>
</Style><Placemark><name>ST-071</name><styleUrl>#s-PV-444</styleUrl><description><![CDATA[<table style="border-collapse:collapse;width:100%;font-family:'Helvetica Neue',Helvetica,Arial,sans-serif;font-size:11px;border:1px solid #e5e7eb;border-radius:8px;overflow:hidden;"><tr><th colspan="2" style="padding:5px 8px;background:#1f6feb;color:#fff;text-align:left;font-size:12px;font-weight:600;">ST-071</th></tr><tr><th style="padding:3px 5px;text-align:left;background:#f3f4f6;border-bottom:1px solid #d1d5db;width:30%;font-size:11px;font-weight:600;color:#1f2937;">ID</th><td style="padding:3px 5px;border-bottom:1px solid #e5e7eb;font-size:11px;color:#111827;">ST-071</td></tr><tr><th style="padding:3px 5px;text-align:left;background:#f3f4f6;border-bottom:1px solid #d1d5db;width:30%;font-size:11px;font-weight:600;color:#1f2937;">Endereço</th><td style="padding:3px 5px;border-bottom:1px solid #e5e7eb;font-size:11px;color:#111827;">Rua das Vertentes X Rua Tanque Velho</td></tr><tr><th style="padding:3px 5px;text-align:left;background:#f3f4f6;border-bottom:1px solid #d1d5db;width:30%;font-size:11px;font-weight:600;color:#1f2937;">Subprefeitura</th><td style="padding:3px 5px;border-bottom:1px solid #e5e7eb;font-size:11px;color:#111827;">Santana/Tucuruvi</td></tr><tr><th style="padding:3px 5px;text-align:left;background:#f3f4f6;border-bottom:1px solid #d1d5db;width:30%;font-size:11px;font-weight:600;color:#1f2937;">Volumetria</th><td style="padding:3px 5px;border-bottom:1px solid #e5e7eb;font-size:11px;color:#111827;">Entre 1m³ e 5m³</td></tr></table>]]></description><Point><coordinates>-46.5848400,-23.4746400,0</coordinates></Point></Placemark>
<Style id="s-PV-445">
<LineStyle><color>ff00d7ff</color><width>2.0</width></LineStyle>
<PolyStyle><color>ff00d7ff</color></PolyStyle>
<IconStyle><color>ff00d7ff</color><scale>0.55</scale>
<Icon><href>http://maps.google.com/mapfiles/kml/shapes/placemark_circle.png</href></Icon>
</IconStyle>
<LabelStyle><scale>0.65</scale></LabelStyle>
</Style><Placemark><name>ST-072</name><styleUrl>#s-PV-445</styleUrl><description><![CDATA[<table style="border-collapse:collapse;width:100%;font-family:'Helvetica Neue',Helvetica,Arial,sans-serif;font-size:11px;border:1px solid #e5e7eb;border-radius:8px;overflow:hidden;"><tr><th colspan="2" style="padding:5px 8px;background:#1f6feb;color:#fff;text-align:left;font-size:12px;font-weight:600;">ST-072</th></tr><tr><th style="padding:3px 5px;text-align:left;background:#f3f4f6;border-bottom:1px solid #d1d5db;width:30%;font-size:11px;font-weight:600;color:#1f2937;">ID</th><td style="padding:3px 5px;border-bottom:1px solid #e5e7eb;font-size:11px;color:#111827;">ST-072</td></tr><tr><th style="padding:3px 5px;text-align:left;background:#f3f4f6;border-bottom:1px solid #d1d5db;width:30%;font-size:11px;font-weight:600;color:#1f2937;">Endereço</th><td style="padding:3px 5px;border-bottom:1px solid #e5e7eb;font-size:11px;color:#111827;">Rua Teodoro Alba, 288</td></tr><tr><th style="padding:3px 5px;text-align:left;background:#f3f4f6;border-bottom:1px solid #d1d5db;width:30%;font-size:11px;font-weight:600;color:#1f2937;">Subprefeitura</th><td style="padding:3px 5px;border-bottom:1px solid #e5e7eb;font-size:11px;color:#111827;">Santana/Tucuruvi</td></tr><tr><th style="padding:3px 5px;text-align:left;background:#f3f4f6;border-bottom:1px solid #d1d5db;width:30%;font-size:11px;font-weight:600;color:#1f2937;">Volumetria</th><td style="padding:3px 5px;border-bottom:1px solid #e5e7eb;font-size:11px;color:#111827;">Mais de 5m³</td></tr><tr><th style="padding:3px 5px;text-align:left;background:#f3f4f6;border-bottom:1px solid #d1d5db;width:30%;font-size:11px;font-weight:600;color:#1f2937;">Status</th><td style="padding:3px 5px;border-bottom:1px solid #e5e7eb;font-size:11px;color:#111827;">Revitalizado</td></tr><tr><th style="padding:3px 5px;text-align:left;background:#f3f4f6;border-bottom:1px solid #d1d5db;width:30%;font-size:11px;font-weight:600;color:#1f2937;">Data</th><td style="padding:3px 5px;border-bottom:1px solid #e5e7eb;font-size:11px;color:#111827;">45955</td></tr></table>]]></description><Point><coordinates>-46.6383400,-23.4733300,0</coordinates></Point></Placemark>
<Style id="s-PV-446">
<LineStyle><color>ff00d7ff</color><width>2.0</width></LineStyle>
<PolyStyle><color>ff00d7ff</color></PolyStyle>
<IconStyle><color>ff00d7ff</color><scale>0.55</scale>
<Icon><href>http://maps.google.com/mapfiles/kml/shapes/placemark_circle.png</href></Icon>
</IconStyle>
<LabelStyle><scale>0.65</scale></LabelStyle>
</Style><Placemark><name>ST-073</name><styleUrl>#s-PV-446</styleUrl><description><![CDATA[<table style="border-collapse:collapse;width:100%;font-family:'Helvetica Neue',Helvetica,Arial,sans-serif;font-size:11px;border:1px solid #e5e7eb;border-radius:8px;overflow:hidden;"><tr><th colspan="2" style="padding:5px 8px;background:#1f6feb;color:#fff;text-align:left;font-size:12px;font-weight:600;">ST-073</th></tr><tr><th style="padding:3px 5px;text-align:left;background:#f3f4f6;border-bottom:1px solid #d1d5db;width:30%;font-size:11px;font-weight:600;color:#1f2937;">ID</th><td style="padding:3px 5px;border-bottom:1px solid #e5e7eb;font-size:11px;color:#111827;">ST-073</td></tr><tr><th style="padding:3px 5px;text-align:left;background:#f3f4f6;border-bottom:1px solid #d1d5db;width:30%;font-size:11px;font-weight:600;color:#1f2937;">Endereço</th><td style="padding:3px 5px;border-bottom:1px solid #e5e7eb;font-size:11px;color:#111827;">Rua Antônio dos Santos Neto X Rua Urupiara</td></tr><tr><th style="padding:3px 5px;text-align:left;background:#f3f4f6;border-bottom:1px solid #d1d5db;width:30%;font-size:11px;font-weight:600;color:#1f2937;">Subprefeitura</th><td style="padding:3px 5px;border-bottom:1px solid #e5e7eb;font-size:11px;color:#111827;">Santana/Tucuruvi</td></tr><tr><th style="padding:3px 5px;text-align:left;background:#f3f4f6;border-bottom:1px solid #d1d5db;width:30%;font-size:11px;font-weight:600;color:#1f2937;">Volumetria</th><td style="padding:3px 5px;border-bottom:1px solid #e5e7eb;font-size:11px;color:#111827;">Mais de 5m³</td></tr></table>]]></description><Point><coordinates>-46.6238500,-23.5096000,0</coordinates></Point></Placemark>
<Style id="s-PV-447">
<LineStyle><color>ff00d7ff</color><width>2.0</width></LineStyle>
<PolyStyle><color>ff00d7ff</color></PolyStyle>
<IconStyle><color>ff00d7ff</color><scale>0.55</scale>
<Icon><href>http://maps.google.com/mapfiles/kml/shapes/placemark_circle.png</href></Icon>
</IconStyle>
<LabelStyle><scale>0.65</scale></LabelStyle>
</Style><Placemark><name>ST-074</name><styleUrl>#s-PV-447</styleUrl><description><![CDATA[<table style="border-collapse:collapse;width:100%;font-family:'Helvetica Neue',Helvetica,Arial,sans-serif;font-size:11px;border:1px solid #e5e7eb;border-radius:8px;overflow:hidden;"><tr><th colspan="2" style="padding:5px 8px;background:#1f6feb;color:#fff;text-align:left;font-size:12px;font-weight:600;">ST-074</th></tr><tr><th style="padding:3px 5px;text-align:left;background:#f3f4f6;border-bottom:1px solid #d1d5db;width:30%;font-size:11px;font-weight:600;color:#1f2937;">ID</th><td style="padding:3px 5px;border-bottom:1px solid #e5e7eb;font-size:11px;color:#111827;">ST-074</td></tr><tr><th style="padding:3px 5px;text-align:left;background:#f3f4f6;border-bottom:1px solid #d1d5db;width:30%;font-size:11px;font-weight:600;color:#1f2937;">Endereço</th><td style="padding:3px 5px;border-bottom:1px solid #e5e7eb;font-size:11px;color:#111827;">Rua Virgilio Ravelli, 151</td></tr><tr><th style="padding:3px 5px;text-align:left;background:#f3f4f6;border-bottom:1px solid #d1d5db;width:30%;font-size:11px;font-weight:600;color:#1f2937;">Subprefeitura</th><td style="padding:3px 5px;border-bottom:1px solid #e5e7eb;font-size:11px;color:#111827;">Santana/Tucuruvi</td></tr><tr><th style="padding:3px 5px;text-align:left;background:#f3f4f6;border-bottom:1px solid #d1d5db;width:30%;font-size:11px;font-weight:600;color:#1f2937;">Volumetria</th><td style="padding:3px 5px;border-bottom:1px solid #e5e7eb;font-size:11px;color:#111827;">Entre 1m³ e 5m³</td></tr></table>]]></description><Point><coordinates>-46.6530800,-23.4835300,0</coordinates></Point></Placemark>
<Style id="s-PV-448">
<LineStyle><color>ff00d7ff</color><width>2.0</width></LineStyle>
<PolyStyle><color>ff00d7ff</color></PolyStyle>
<IconStyle><color>ff00d7ff</color><scale>0.55</scale>
<Icon><href>http://maps.google.com/mapfiles/kml/shapes/placemark_circle.png</href></Icon>
</IconStyle>
<LabelStyle><scale>0.65</scale></LabelStyle>
</Style><Placemark><name>ST-075</name><styleUrl>#s-PV-448</styleUrl><description><![CDATA[<table style="border-collapse:collapse;width:100%;font-family:'Helvetica Neue',Helvetica,Arial,sans-serif;font-size:11px;border:1px solid #e5e7eb;border-radius:8px;overflow:hidden;"><tr><th colspan="2" style="padding:5px 8px;background:#1f6feb;color:#fff;text-align:left;font-size:12px;font-weight:600;">ST-075</th></tr><tr><th style="padding:3px 5px;text-align:left;background:#f3f4f6;border-bottom:1px solid #d1d5db;width:30%;font-size:11px;font-weight:600;color:#1f2937;">ID</th><td style="padding:3px 5px;border-bottom:1px solid #e5e7eb;font-size:11px;color:#111827;">ST-075</td></tr><tr><th style="padding:3px 5px;text-align:left;background:#f3f4f6;border-bottom:1px solid #d1d5db;width:30%;font-size:11px;font-weight:600;color:#1f2937;">Endereço</th><td style="padding:3px 5px;border-bottom:1px solid #e5e7eb;font-size:11px;color:#111827;">Rua Voluntários da Pátria, 618</td></tr><tr><th style="padding:3px 5px;text-align:left;background:#f3f4f6;border-bottom:1px solid #d1d5db;width:30%;font-size:11px;font-weight:600;color:#1f2937;">Subprefeitura</th><td style="padding:3px 5px;border-bottom:1px solid #e5e7eb;font-size:11px;color:#111827;">Santana/Tucuruvi</td></tr><tr><th style="padding:3px 5px;text-align:left;background:#f3f4f6;border-bottom:1px solid #d1d5db;width:30%;font-size:11px;font-weight:600;color:#1f2937;">Volumetria</th><td style="padding:3px 5px;border-bottom:1px solid #e5e7eb;font-size:11px;color:#111827;">Entre 1m³ e 5m³</td></tr></table>]]></description><Point><coordinates>-46.6265300,-23.5150000,0</coordinates></Point></Placemark>
<Style id="s-PV-449">
<LineStyle><color>ff00d7ff</color><width>2.0</width></LineStyle>
<PolyStyle><color>ff00d7ff</color></PolyStyle>
<IconStyle><color>ff00d7ff</color><scale>0.55</scale>
<Icon><href>http://maps.google.com/mapfiles/kml/shapes/placemark_circle.png</href></Icon>
</IconStyle>
<LabelStyle><scale>0.65</scale></LabelStyle>
</Style><Placemark><name>ST-076</name><styleUrl>#s-PV-449</styleUrl><description><![CDATA[<table style="border-collapse:collapse;width:100%;font-family:'Helvetica Neue',Helvetica,Arial,sans-serif;font-size:11px;border:1px solid #e5e7eb;border-radius:8px;overflow:hidden;"><tr><th colspan="2" style="padding:5px 8px;background:#1f6feb;color:#fff;text-align:left;font-size:12px;font-weight:600;">ST-076</th></tr><tr><th style="padding:3px 5px;text-align:left;background:#f3f4f6;border-bottom:1px solid #d1d5db;width:30%;font-size:11px;font-weight:600;color:#1f2937;">ID</th><td style="padding:3px 5px;border-bottom:1px solid #e5e7eb;font-size:11px;color:#111827;">ST-076</td></tr><tr><th style="padding:3px 5px;text-align:left;background:#f3f4f6;border-bottom:1px solid #d1d5db;width:30%;font-size:11px;font-weight:600;color:#1f2937;">Endereço</th><td style="padding:3px 5px;border-bottom:1px solid #e5e7eb;font-size:11px;color:#111827;">Praça Nakhle Khouri Gharib</td></tr><tr><th style="padding:3px 5px;text-align:left;background:#f3f4f6;border-bottom:1px solid #d1d5db;width:30%;font-size:11px;font-weight:600;color:#1f2937;">Subprefeitura</th><td style="padding:3px 5px;border-bottom:1px solid #e5e7eb;font-size:11px;color:#111827;">Santana/Tucuruvi</td></tr><tr><th style="padding:3px 5px;text-align:left;background:#f3f4f6;border-bottom:1px solid #d1d5db;width:30%;font-size:11px;font-weight:600;color:#1f2937;">Volumetria</th><td style="padding:3px 5px;border-bottom:1px solid #e5e7eb;font-size:11px;color:#111827;">Entre 1m³ e 5m³</td></tr><tr><th style="padding:3px 5px;text-align:left;background:#f3f4f6;border-bottom:1px solid #d1d5db;width:30%;font-size:11px;font-weight:600;color:#1f2937;">Status</th><td style="padding:3px 5px;border-bottom:1px solid #e5e7eb;font-size:11px;color:#111827;">Revitalizado</td></tr><tr><th style="padding:3px 5px;text-align:left;background:#f3f4f6;border-bottom:1px solid #d1d5db;width:30%;font-size:11px;font-weight:600;color:#1f2937;">Data</th><td style="padding:3px 5px;border-bottom:1px solid #e5e7eb;font-size:11px;color:#111827;">45927</td></tr></table>]]></description><Point><coordinates>-46.6284200,-23.5101100,0</coordinates></Point></Placemark>
<Style id="s-PV-450">
<LineStyle><color>ff00d7ff</color><width>2.0</width></LineStyle>
<PolyStyle><color>ff00d7ff</color></PolyStyle>
<IconStyle><color>ff00d7ff</color><scale>0.55</scale>
<Icon><href>http://maps.google.com/mapfiles/kml/shapes/placemark_circle.png</href></Icon>
</IconStyle>
<LabelStyle><scale>0.65</scale></LabelStyle>
</Style><Placemark><name>ST-077</name><styleUrl>#s-PV-450</styleUrl><description><![CDATA[<table style="border-collapse:collapse;width:100%;font-family:'Helvetica Neue',Helvetica,Arial,sans-serif;font-size:11px;border:1px solid #e5e7eb;border-radius:8px;overflow:hidden;"><tr><th colspan="2" style="padding:5px 8px;background:#1f6feb;color:#fff;text-align:left;font-size:12px;font-weight:600;">ST-077</th></tr><tr><th style="padding:3px 5px;text-align:left;background:#f3f4f6;border-bottom:1px solid #d1d5db;width:30%;font-size:11px;font-weight:600;color:#1f2937;">ID</th><td style="padding:3px 5px;border-bottom:1px solid #e5e7eb;font-size:11px;color:#111827;">ST-077</td></tr><tr><th style="padding:3px 5px;text-align:left;background:#f3f4f6;border-bottom:1px solid #d1d5db;width:30%;font-size:11px;font-weight:600;color:#1f2937;">Endereço</th><td style="padding:3px 5px;border-bottom:1px solid #e5e7eb;font-size:11px;color:#111827;">Avenida Cruzeiro do Sul x Rua Santa Eulália</td></tr><tr><th style="padding:3px 5px;text-align:left;background:#f3f4f6;border-bottom:1px solid #d1d5db;width:30%;font-size:11px;font-weight:600;color:#1f2937;">Subprefeitura</th><td style="padding:3px 5px;border-bottom:1px solid #e5e7eb;font-size:11px;color:#111827;">Santana/Tucuruvi</td></tr><tr><th style="padding:3px 5px;text-align:left;background:#f3f4f6;border-bottom:1px solid #d1d5db;width:30%;font-size:11px;font-weight:600;color:#1f2937;">Volumetria</th><td style="padding:3px 5px;border-bottom:1px solid #e5e7eb;font-size:11px;color:#111827;">Entre 1m³ e 5m³</td></tr><tr><th style="padding:3px 5px;text-align:left;background:#f3f4f6;border-bottom:1px solid #d1d5db;width:30%;font-size:11px;font-weight:600;color:#1f2937;">Status</th><td style="padding:3px 5px;border-bottom:1px solid #e5e7eb;font-size:11px;color:#111827;">Revitalizado</td></tr><tr><th style="padding:3px 5px;text-align:left;background:#f3f4f6;border-bottom:1px solid #d1d5db;width:30%;font-size:11px;font-weight:600;color:#1f2937;">Data</th><td style="padding:3px 5px;border-bottom:1px solid #e5e7eb;font-size:11px;color:#111827;">45962</td></tr></table>]]></description><Point><coordinates>-46.6252400,-23.5113000,0</coordinates></Point></Placemark>
<Style id="s-PV-451">
<LineStyle><color>ff00d7ff</color><width>2.0</width></LineStyle>
<PolyStyle><color>ff00d7ff</color></PolyStyle>
<IconStyle><color>ff00d7ff</color><scale>0.55</scale>
<Icon><href>http://maps.google.com/mapfiles/kml/shapes/placemark_circle.png</href></Icon>
</IconStyle>
<LabelStyle><scale>0.65</scale></LabelStyle>
</Style><Placemark><name>ST-078</name><styleUrl>#s-PV-451</styleUrl><description><![CDATA[<table style="border-collapse:collapse;width:100%;font-family:'Helvetica Neue',Helvetica,Arial,sans-serif;font-size:11px;border:1px solid #e5e7eb;border-radius:8px;overflow:hidden;"><tr><th colspan="2" style="padding:5px 8px;background:#1f6feb;color:#fff;text-align:left;font-size:12px;font-weight:600;">ST-078</th></tr><tr><th style="padding:3px 5px;text-align:left;background:#f3f4f6;border-bottom:1px solid #d1d5db;width:30%;font-size:11px;font-weight:600;color:#1f2937;">ID</th><td style="padding:3px 5px;border-bottom:1px solid #e5e7eb;font-size:11px;color:#111827;">ST-078</td></tr><tr><th style="padding:3px 5px;text-align:left;background:#f3f4f6;border-bottom:1px solid #d1d5db;width:30%;font-size:11px;font-weight:600;color:#1f2937;">Endereço</th><td style="padding:3px 5px;border-bottom:1px solid #e5e7eb;font-size:11px;color:#111827;">Alameda Afonso Schmidt, 220</td></tr><tr><th style="padding:3px 5px;text-align:left;background:#f3f4f6;border-bottom:1px solid #d1d5db;width:30%;font-size:11px;font-weight:600;color:#1f2937;">Subprefeitura</th><td style="padding:3px 5px;border-bottom:1px solid #e5e7eb;font-size:11px;color:#111827;">Santana/Tucuruvi</td></tr><tr><th style="padding:3px 5px;text-align:left;background:#f3f4f6;border-bottom:1px solid #d1d5db;width:30%;font-size:11px;font-weight:600;color:#1f2937;">Volumetria</th><td style="padding:3px 5px;border-bottom:1px solid #e5e7eb;font-size:11px;color:#111827;">Não se aplica (inativo).</td></tr><tr><th style="padding:3px 5px;text-align:left;background:#f3f4f6;border-bottom:1px solid #d1d5db;width:30%;font-size:11px;font-weight:600;color:#1f2937;">Status</th><td style="padding:3px 5px;border-bottom:1px solid #e5e7eb;font-size:11px;color:#111827;">Inativo</td></tr><tr><th style="padding:3px 5px;text-align:left;background:#f3f4f6;border-bottom:1px solid #d1d5db;width:30%;font-size:11px;font-weight:600;color:#1f2937;">Data</th><td style="padding:3px 5px;border-bottom:1px solid #e5e7eb;font-size:11px;color:#111827;">Inativo</td></tr></table>]]></description><Point><coordinates>-46.6376600,-23.4984500,0</coordinates></Point></Placemark>
<Style id="s-PV-452">
<LineStyle><color>ff00d7ff</color><width>2.0</width></LineStyle>
<PolyStyle><color>ff00d7ff</color></PolyStyle>
<IconStyle><color>ff00d7ff</color><scale>0.55</scale>
<Icon><href>http://maps.google.com/mapfiles/kml/shapes/placemark_circle.png</href></Icon>
</IconStyle>
<LabelStyle><scale>0.65</scale></LabelStyle>
</Style><Placemark><name>ST-079</name><styleUrl>#s-PV-452</styleUrl><description><![CDATA[<table style="border-collapse:collapse;width:100%;font-family:'Helvetica Neue',Helvetica,Arial,sans-serif;font-size:11px;border:1px solid #e5e7eb;border-radius:8px;overflow:hidden;"><tr><th colspan="2" style="padding:5px 8px;background:#1f6feb;color:#fff;text-align:left;font-size:12px;font-weight:600;">ST-079</th></tr><tr><th style="padding:3px 5px;text-align:left;background:#f3f4f6;border-bottom:1px solid #d1d5db;width:30%;font-size:11px;font-weight:600;color:#1f2937;">ID</th><td style="padding:3px 5px;border-bottom:1px solid #e5e7eb;font-size:11px;color:#111827;">ST-079</td></tr><tr><th style="padding:3px 5px;text-align:left;background:#f3f4f6;border-bottom:1px solid #d1d5db;width:30%;font-size:11px;font-weight:600;color:#1f2937;">Endereço</th><td style="padding:3px 5px;border-bottom:1px solid #e5e7eb;font-size:11px;color:#111827;">Rua das Vertentes, 159</td></tr><tr><th style="padding:3px 5px;text-align:left;background:#f3f4f6;border-bottom:1px solid #d1d5db;width:30%;font-size:11px;font-weight:600;color:#1f2937;">Subprefeitura</th><td style="padding:3px 5px;border-bottom:1px solid #e5e7eb;font-size:11px;color:#111827;">Santana/Tucuruvi</td></tr><tr><th style="padding:3px 5px;text-align:left;background:#f3f4f6;border-bottom:1px solid #d1d5db;width:30%;font-size:11px;font-weight:600;color:#1f2937;">Volumetria</th><td style="padding:3px 5px;border-bottom:1px solid #e5e7eb;font-size:11px;color:#111827;">Entre 1m³ e 5m³</td></tr></table>]]></description><Point><coordinates>-46.5910900,-23.4781900,0</coordinates></Point></Placemark>
<Style id="s-PV-453">
<LineStyle><color>ff00d7ff</color><width>2.0</width></LineStyle>
<PolyStyle><color>ff00d7ff</color></PolyStyle>
<IconStyle><color>ff00d7ff</color><scale>0.55</scale>
<Icon><href>http://maps.google.com/mapfiles/kml/shapes/placemark_circle.png</href></Icon>
</IconStyle>
<LabelStyle><scale>0.65</scale></LabelStyle>
</Style><Placemark><name>ST-080</name><styleUrl>#s-PV-453</styleUrl><description><![CDATA[<table style="border-collapse:collapse;width:100%;font-family:'Helvetica Neue',Helvetica,Arial,sans-serif;font-size:11px;border:1px solid #e5e7eb;border-radius:8px;overflow:hidden;"><tr><th colspan="2" style="padding:5px 8px;background:#1f6feb;color:#fff;text-align:left;font-size:12px;font-weight:600;">ST-080</th></tr><tr><th style="padding:3px 5px;text-align:left;background:#f3f4f6;border-bottom:1px solid #d1d5db;width:30%;font-size:11px;font-weight:600;color:#1f2937;">ID</th><td style="padding:3px 5px;border-bottom:1px solid #e5e7eb;font-size:11px;color:#111827;">ST-080</td></tr><tr><th style="padding:3px 5px;text-align:left;background:#f3f4f6;border-bottom:1px solid #d1d5db;width:30%;font-size:11px;font-weight:600;color:#1f2937;">Endereço</th><td style="padding:3px 5px;border-bottom:1px solid #e5e7eb;font-size:11px;color:#111827;">Rua Ana Doll de Morais, 126</td></tr><tr><th style="padding:3px 5px;text-align:left;background:#f3f4f6;border-bottom:1px solid #d1d5db;width:30%;font-size:11px;font-weight:600;color:#1f2937;">Subprefeitura</th><td style="padding:3px 5px;border-bottom:1px solid #e5e7eb;font-size:11px;color:#111827;">Santana/Tucuruvi</td></tr><tr><th style="padding:3px 5px;text-align:left;background:#f3f4f6;border-bottom:1px solid #d1d5db;width:30%;font-size:11px;font-weight:600;color:#1f2937;">Volumetria</th><td style="padding:3px 5px;border-bottom:1px solid #e5e7eb;font-size:11px;color:#111827;">Entre 1m³ e 5m³</td></tr></table>]]></description><Point><coordinates>-46.6327000,-23.4810200,0</coordinates></Point></Placemark>
<Style id="s-PV-454">
<LineStyle><color>ff00d7ff</color><width>2.0</width></LineStyle>
<PolyStyle><color>ff00d7ff</color></PolyStyle>
<IconStyle><color>ff00d7ff</color><scale>0.55</scale>
<Icon><href>http://maps.google.com/mapfiles/kml/shapes/placemark_circle.png</href></Icon>
</IconStyle>
<LabelStyle><scale>0.65</scale></LabelStyle>
</Style><Placemark><name>ST-081</name><styleUrl>#s-PV-454</styleUrl><description><![CDATA[<table style="border-collapse:collapse;width:100%;font-family:'Helvetica Neue',Helvetica,Arial,sans-serif;font-size:11px;border:1px solid #e5e7eb;border-radius:8px;overflow:hidden;"><tr><th colspan="2" style="padding:5px 8px;background:#1f6feb;color:#fff;text-align:left;font-size:12px;font-weight:600;">ST-081</th></tr><tr><th style="padding:3px 5px;text-align:left;background:#f3f4f6;border-bottom:1px solid #d1d5db;width:30%;font-size:11px;font-weight:600;color:#1f2937;">ID</th><td style="padding:3px 5px;border-bottom:1px solid #e5e7eb;font-size:11px;color:#111827;">ST-081</td></tr><tr><th style="padding:3px 5px;text-align:left;background:#f3f4f6;border-bottom:1px solid #d1d5db;width:30%;font-size:11px;font-weight:600;color:#1f2937;">Endereço</th><td style="padding:3px 5px;border-bottom:1px solid #e5e7eb;font-size:11px;color:#111827;">Rua Ana de Barros, 116</td></tr><tr><th style="padding:3px 5px;text-align:left;background:#f3f4f6;border-bottom:1px solid #d1d5db;width:30%;font-size:11px;font-weight:600;color:#1f2937;">Subprefeitura</th><td style="padding:3px 5px;border-bottom:1px solid #e5e7eb;font-size:11px;color:#111827;">Santana/Tucuruvi</td></tr><tr><th style="padding:3px 5px;text-align:left;background:#f3f4f6;border-bottom:1px solid #d1d5db;width:30%;font-size:11px;font-weight:600;color:#1f2937;">Volumetria</th><td style="padding:3px 5px;border-bottom:1px solid #e5e7eb;font-size:11px;color:#111827;">Entre 1m³ e 5m³</td></tr></table>]]></description><Point><coordinates>-46.6316200,-23.4693100,0</coordinates></Point></Placemark>
<Style id="s-PV-455">
<LineStyle><color>ff00d7ff</color><width>2.0</width></LineStyle>
<PolyStyle><color>ff00d7ff</color></PolyStyle>
<IconStyle><color>ff00d7ff</color><scale>0.55</scale>
<Icon><href>http://maps.google.com/mapfiles/kml/shapes/placemark_circle.png</href></Icon>
</IconStyle>
<LabelStyle><scale>0.65</scale></LabelStyle>
</Style><Placemark><name>ST-082</name><styleUrl>#s-PV-455</styleUrl><description><![CDATA[<table style="border-collapse:collapse;width:100%;font-family:'Helvetica Neue',Helvetica,Arial,sans-serif;font-size:11px;border:1px solid #e5e7eb;border-radius:8px;overflow:hidden;"><tr><th colspan="2" style="padding:5px 8px;background:#1f6feb;color:#fff;text-align:left;font-size:12px;font-weight:600;">ST-082</th></tr><tr><th style="padding:3px 5px;text-align:left;background:#f3f4f6;border-bottom:1px solid #d1d5db;width:30%;font-size:11px;font-weight:600;color:#1f2937;">ID</th><td style="padding:3px 5px;border-bottom:1px solid #e5e7eb;font-size:11px;color:#111827;">ST-082</td></tr><tr><th style="padding:3px 5px;text-align:left;background:#f3f4f6;border-bottom:1px solid #d1d5db;width:30%;font-size:11px;font-weight:600;color:#1f2937;">Endereço</th><td style="padding:3px 5px;border-bottom:1px solid #e5e7eb;font-size:11px;color:#111827;">Rua Júlio Rodrigues Mendes x Rua Tamboril</td></tr><tr><th style="padding:3px 5px;text-align:left;background:#f3f4f6;border-bottom:1px solid #d1d5db;width:30%;font-size:11px;font-weight:600;color:#1f2937;">Subprefeitura</th><td style="padding:3px 5px;border-bottom:1px solid #e5e7eb;font-size:11px;color:#111827;">Santana/Tucuruvi</td></tr><tr><th style="padding:3px 5px;text-align:left;background:#f3f4f6;border-bottom:1px solid #d1d5db;width:30%;font-size:11px;font-weight:600;color:#1f2937;">Volumetria</th><td style="padding:3px 5px;border-bottom:1px solid #e5e7eb;font-size:11px;color:#111827;">Entre 1m³ e 5m³</td></tr></table>]]></description><Point><coordinates>-46.6056000,-23.4857900,0</coordinates></Point></Placemark>
<Style id="s-PV-456">
<LineStyle><color>ff00d7ff</color><width>2.0</width></LineStyle>
<PolyStyle><color>ff00d7ff</color></PolyStyle>
<IconStyle><color>ff00d7ff</color><scale>0.55</scale>
<Icon><href>http://maps.google.com/mapfiles/kml/shapes/placemark_circle.png</href></Icon>
</IconStyle>
<LabelStyle><scale>0.65</scale></LabelStyle>
</Style><Placemark><name>ST-083</name><styleUrl>#s-PV-456</styleUrl><description><![CDATA[<table style="border-collapse:collapse;width:100%;font-family:'Helvetica Neue',Helvetica,Arial,sans-serif;font-size:11px;border:1px solid #e5e7eb;border-radius:8px;overflow:hidden;"><tr><th colspan="2" style="padding:5px 8px;background:#1f6feb;color:#fff;text-align:left;font-size:12px;font-weight:600;">ST-083</th></tr><tr><th style="padding:3px 5px;text-align:left;background:#f3f4f6;border-bottom:1px solid #d1d5db;width:30%;font-size:11px;font-weight:600;color:#1f2937;">ID</th><td style="padding:3px 5px;border-bottom:1px solid #e5e7eb;font-size:11px;color:#111827;">ST-083</td></tr><tr><th style="padding:3px 5px;text-align:left;background:#f3f4f6;border-bottom:1px solid #d1d5db;width:30%;font-size:11px;font-weight:600;color:#1f2937;">Endereço</th><td style="padding:3px 5px;border-bottom:1px solid #e5e7eb;font-size:11px;color:#111827;">Avenida Maestro Vila-Lobos, 874</td></tr><tr><th style="padding:3px 5px;text-align:left;background:#f3f4f6;border-bottom:1px solid #d1d5db;width:30%;font-size:11px;font-weight:600;color:#1f2937;">Subprefeitura</th><td style="padding:3px 5px;border-bottom:1px solid #e5e7eb;font-size:11px;color:#111827;">Santana/Tucuruvi</td></tr><tr><th style="padding:3px 5px;text-align:left;background:#f3f4f6;border-bottom:1px solid #d1d5db;width:30%;font-size:11px;font-weight:600;color:#1f2937;">Volumetria</th><td style="padding:3px 5px;border-bottom:1px solid #e5e7eb;font-size:11px;color:#111827;">Entre 1m³ e 5m³</td></tr><tr><th style="padding:3px 5px;text-align:left;background:#f3f4f6;border-bottom:1px solid #d1d5db;width:30%;font-size:11px;font-weight:600;color:#1f2937;">Status</th><td style="padding:3px 5px;border-bottom:1px solid #e5e7eb;font-size:11px;color:#111827;">Revitalizado</td></tr><tr><th style="padding:3px 5px;text-align:left;background:#f3f4f6;border-bottom:1px solid #d1d5db;width:30%;font-size:11px;font-weight:600;color:#1f2937;">Data</th><td style="padding:3px 5px;border-bottom:1px solid #e5e7eb;font-size:11px;color:#111827;">46018</td></tr></table>]]></description><Point><coordinates>-46.5954900,-23.4755800,0</coordinates></Point></Placemark>
<Style id="s-PV-457">
<LineStyle><color>ff00d7ff</color><width>2.0</width></LineStyle>
<PolyStyle><color>ff00d7ff</color></PolyStyle>
<IconStyle><color>ff00d7ff</color><scale>0.55</scale>
<Icon><href>http://maps.google.com/mapfiles/kml/shapes/placemark_circle.png</href></Icon>
</IconStyle>
<LabelStyle><scale>0.65</scale></LabelStyle>
</Style><Placemark><name>ST-084</name><styleUrl>#s-PV-457</styleUrl><description><![CDATA[<table style="border-collapse:collapse;width:100%;font-family:'Helvetica Neue',Helvetica,Arial,sans-serif;font-size:11px;border:1px solid #e5e7eb;border-radius:8px;overflow:hidden;"><tr><th colspan="2" style="padding:5px 8px;background:#1f6feb;color:#fff;text-align:left;font-size:12px;font-weight:600;">ST-084</th></tr><tr><th style="padding:3px 5px;text-align:left;background:#f3f4f6;border-bottom:1px solid #d1d5db;width:30%;font-size:11px;font-weight:600;color:#1f2937;">ID</th><td style="padding:3px 5px;border-bottom:1px solid #e5e7eb;font-size:11px;color:#111827;">ST-084</td></tr><tr><th style="padding:3px 5px;text-align:left;background:#f3f4f6;border-bottom:1px solid #d1d5db;width:30%;font-size:11px;font-weight:600;color:#1f2937;">Endereço</th><td style="padding:3px 5px;border-bottom:1px solid #e5e7eb;font-size:11px;color:#111827;">Avenida Meireles Reis, 285</td></tr><tr><th style="padding:3px 5px;text-align:left;background:#f3f4f6;border-bottom:1px solid #d1d5db;width:30%;font-size:11px;font-weight:600;color:#1f2937;">Subprefeitura</th><td style="padding:3px 5px;border-bottom:1px solid #e5e7eb;font-size:11px;color:#111827;">Santana/Tucuruvi</td></tr><tr><th style="padding:3px 5px;text-align:left;background:#f3f4f6;border-bottom:1px solid #d1d5db;width:30%;font-size:11px;font-weight:600;color:#1f2937;">Volumetria</th><td style="padding:3px 5px;border-bottom:1px solid #e5e7eb;font-size:11px;color:#111827;">Entre 1m³ e 5m³</td></tr></table>]]></description><Point><coordinates>-46.6257900,-23.4790300,0</coordinates></Point></Placemark>
<Style id="s-PV-458">
<LineStyle><color>ff00d7ff</color><width>2.0</width></LineStyle>
<PolyStyle><color>ff00d7ff</color></PolyStyle>
<IconStyle><color>ff00d7ff</color><scale>0.55</scale>
<Icon><href>http://maps.google.com/mapfiles/kml/shapes/placemark_circle.png</href></Icon>
</IconStyle>
<LabelStyle><scale>0.65</scale></LabelStyle>
</Style><Placemark><name>ST-085</name><styleUrl>#s-PV-458</styleUrl><description><![CDATA[<table style="border-collapse:collapse;width:100%;font-family:'Helvetica Neue',Helvetica,Arial,sans-serif;font-size:11px;border:1px solid #e5e7eb;border-radius:8px;overflow:hidden;"><tr><th colspan="2" style="padding:5px 8px;background:#1f6feb;color:#fff;text-align:left;font-size:12px;font-weight:600;">ST-085</th></tr><tr><th style="padding:3px 5px;text-align:left;background:#f3f4f6;border-bottom:1px solid #d1d5db;width:30%;font-size:11px;font-weight:600;color:#1f2937;">ID</th><td style="padding:3px 5px;border-bottom:1px solid #e5e7eb;font-size:11px;color:#111827;">ST-085</td></tr><tr><th style="padding:3px 5px;text-align:left;background:#f3f4f6;border-bottom:1px solid #d1d5db;width:30%;font-size:11px;font-weight:600;color:#1f2937;">Endereço</th><td style="padding:3px 5px;border-bottom:1px solid #e5e7eb;font-size:11px;color:#111827;">Avenida Cruzeiro do Sul, 1012</td></tr><tr><th style="padding:3px 5px;text-align:left;background:#f3f4f6;border-bottom:1px solid #d1d5db;width:30%;font-size:11px;font-weight:600;color:#1f2937;">Subprefeitura</th><td style="padding:3px 5px;border-bottom:1px solid #e5e7eb;font-size:11px;color:#111827;">Santana/Tucuruvi</td></tr><tr><th style="padding:3px 5px;text-align:left;background:#f3f4f6;border-bottom:1px solid #d1d5db;width:30%;font-size:11px;font-weight:600;color:#1f2937;">Volumetria</th><td style="padding:3px 5px;border-bottom:1px solid #e5e7eb;font-size:11px;color:#111827;">Mais de 5m³</td></tr><tr><th style="padding:3px 5px;text-align:left;background:#f3f4f6;border-bottom:1px solid #d1d5db;width:30%;font-size:11px;font-weight:600;color:#1f2937;">Status</th><td style="padding:3px 5px;border-bottom:1px solid #e5e7eb;font-size:11px;color:#111827;">Revitalizado</td></tr><tr><th style="padding:3px 5px;text-align:left;background:#f3f4f6;border-bottom:1px solid #d1d5db;width:30%;font-size:11px;font-weight:600;color:#1f2937;">Data</th><td style="padding:3px 5px;border-bottom:1px solid #e5e7eb;font-size:11px;color:#111827;">45948</td></tr></table>]]></description><Point><coordinates>-46.6254500,-23.5170600,0</coordinates></Point></Placemark>
<Style id="s-PV-459">
<LineStyle><color>ff00d7ff</color><width>2.0</width></LineStyle>
<PolyStyle><color>ff00d7ff</color></PolyStyle>
<IconStyle><color>ff00d7ff</color><scale>0.55</scale>
<Icon><href>http://maps.google.com/mapfiles/kml/shapes/placemark_circle.png</href></Icon>
</IconStyle>
<LabelStyle><scale>0.65</scale></LabelStyle>
</Style><Placemark><name>ST-086</name><styleUrl>#s-PV-459</styleUrl><description><![CDATA[<table style="border-collapse:collapse;width:100%;font-family:'Helvetica Neue',Helvetica,Arial,sans-serif;font-size:11px;border:1px solid #e5e7eb;border-radius:8px;overflow:hidden;"><tr><th colspan="2" style="padding:5px 8px;background:#1f6feb;color:#fff;text-align:left;font-size:12px;font-weight:600;">ST-086</th></tr><tr><th style="padding:3px 5px;text-align:left;background:#f3f4f6;border-bottom:1px solid #d1d5db;width:30%;font-size:11px;font-weight:600;color:#1f2937;">ID</th><td style="padding:3px 5px;border-bottom:1px solid #e5e7eb;font-size:11px;color:#111827;">ST-086</td></tr><tr><th style="padding:3px 5px;text-align:left;background:#f3f4f6;border-bottom:1px solid #d1d5db;width:30%;font-size:11px;font-weight:600;color:#1f2937;">Endereço</th><td style="padding:3px 5px;border-bottom:1px solid #e5e7eb;font-size:11px;color:#111827;">Travessa Gavião</td></tr><tr><th style="padding:3px 5px;text-align:left;background:#f3f4f6;border-bottom:1px solid #d1d5db;width:30%;font-size:11px;font-weight:600;color:#1f2937;">Subprefeitura</th><td style="padding:3px 5px;border-bottom:1px solid #e5e7eb;font-size:11px;color:#111827;">Santana/Tucuruvi</td></tr><tr><th style="padding:3px 5px;text-align:left;background:#f3f4f6;border-bottom:1px solid #d1d5db;width:30%;font-size:11px;font-weight:600;color:#1f2937;">Volumetria</th><td style="padding:3px 5px;border-bottom:1px solid #e5e7eb;font-size:11px;color:#111827;">Entre 1m³ e 5m³</td></tr><tr><th style="padding:3px 5px;text-align:left;background:#f3f4f6;border-bottom:1px solid #d1d5db;width:30%;font-size:11px;font-weight:600;color:#1f2937;">Status</th><td style="padding:3px 5px;border-bottom:1px solid #e5e7eb;font-size:11px;color:#111827;">Revitalizado</td></tr><tr><th style="padding:3px 5px;text-align:left;background:#f3f4f6;border-bottom:1px solid #d1d5db;width:30%;font-size:11px;font-weight:600;color:#1f2937;">Data</th><td style="padding:3px 5px;border-bottom:1px solid #e5e7eb;font-size:11px;color:#111827;">45990</td></tr></table>]]></description><Point><coordinates>-46.6452600,-23.4860200,0</coordinates></Point></Placemark>
<Style id="s-PV-460">
<LineStyle><color>ff00d7ff</color><width>2.0</width></LineStyle>
<PolyStyle><color>ff00d7ff</color></PolyStyle>
<IconStyle><color>ff00d7ff</color><scale>0.55</scale>
<Icon><href>http://maps.google.com/mapfiles/kml/shapes/placemark_circle.png</href></Icon>
</IconStyle>
<LabelStyle><scale>0.65</scale></LabelStyle>
</Style><Placemark><name>ST-087</name><styleUrl>#s-PV-460</styleUrl><description><![CDATA[<table style="border-collapse:collapse;width:100%;font-family:'Helvetica Neue',Helvetica,Arial,sans-serif;font-size:11px;border:1px solid #e5e7eb;border-radius:8px;overflow:hidden;"><tr><th colspan="2" style="padding:5px 8px;background:#1f6feb;color:#fff;text-align:left;font-size:12px;font-weight:600;">ST-087</th></tr><tr><th style="padding:3px 5px;text-align:left;background:#f3f4f6;border-bottom:1px solid #d1d5db;width:30%;font-size:11px;font-weight:600;color:#1f2937;">ID</th><td style="padding:3px 5px;border-bottom:1px solid #e5e7eb;font-size:11px;color:#111827;">ST-087</td></tr><tr><th style="padding:3px 5px;text-align:left;background:#f3f4f6;border-bottom:1px solid #d1d5db;width:30%;font-size:11px;font-weight:600;color:#1f2937;">Endereço</th><td style="padding:3px 5px;border-bottom:1px solid #e5e7eb;font-size:11px;color:#111827;">Av. Braz Leme x R. Salete</td></tr><tr><th style="padding:3px 5px;text-align:left;background:#f3f4f6;border-bottom:1px solid #d1d5db;width:30%;font-size:11px;font-weight:600;color:#1f2937;">Subprefeitura</th><td style="padding:3px 5px;border-bottom:1px solid #e5e7eb;font-size:11px;color:#111827;">Santana/Tucuruvi</td></tr><tr><th style="padding:3px 5px;text-align:left;background:#f3f4f6;border-bottom:1px solid #d1d5db;width:30%;font-size:11px;font-weight:600;color:#1f2937;">Volumetria</th><td style="padding:3px 5px;border-bottom:1px solid #e5e7eb;font-size:11px;color:#111827;">Entre 1m³ e 5m³</td></tr><tr><th style="padding:3px 5px;text-align:left;background:#f3f4f6;border-bottom:1px solid #d1d5db;width:30%;font-size:11px;font-weight:600;color:#1f2937;">Status</th><td style="padding:3px 5px;border-bottom:1px solid #e5e7eb;font-size:11px;color:#111827;">Revitalizado</td></tr><tr><th style="padding:3px 5px;text-align:left;background:#f3f4f6;border-bottom:1px solid #d1d5db;width:30%;font-size:11px;font-weight:600;color:#1f2937;">Data</th><td style="padding:3px 5px;border-bottom:1px solid #e5e7eb;font-size:11px;color:#111827;">46011</td></tr></table>]]></description><Point><coordinates>-46.6272700,-23.5040100,0</coordinates></Point></Placemark>
<Style id="s-PV-461">
<LineStyle><color>ff00d7ff</color><width>2.0</width></LineStyle>
<PolyStyle><color>ff00d7ff</color></PolyStyle>
<IconStyle><color>ff00d7ff</color><scale>0.55</scale>
<Icon><href>http://maps.google.com/mapfiles/kml/shapes/placemark_circle.png</href></Icon>
</IconStyle>
<LabelStyle><scale>0.65</scale></LabelStyle>
</Style><Placemark><name>ST-088</name><styleUrl>#s-PV-461</styleUrl><description><![CDATA[<table style="border-collapse:collapse;width:100%;font-family:'Helvetica Neue',Helvetica,Arial,sans-serif;font-size:11px;border:1px solid #e5e7eb;border-radius:8px;overflow:hidden;"><tr><th colspan="2" style="padding:5px 8px;background:#1f6feb;color:#fff;text-align:left;font-size:12px;font-weight:600;">ST-088</th></tr><tr><th style="padding:3px 5px;text-align:left;background:#f3f4f6;border-bottom:1px solid #d1d5db;width:30%;font-size:11px;font-weight:600;color:#1f2937;">ID</th><td style="padding:3px 5px;border-bottom:1px solid #e5e7eb;font-size:11px;color:#111827;">ST-088</td></tr><tr><th style="padding:3px 5px;text-align:left;background:#f3f4f6;border-bottom:1px solid #d1d5db;width:30%;font-size:11px;font-weight:600;color:#1f2937;">Endereço</th><td style="padding:3px 5px;border-bottom:1px solid #e5e7eb;font-size:11px;color:#111827;">Parque Domingos Luís x R. Castro Maia</td></tr><tr><th style="padding:3px 5px;text-align:left;background:#f3f4f6;border-bottom:1px solid #d1d5db;width:30%;font-size:11px;font-weight:600;color:#1f2937;">Subprefeitura</th><td style="padding:3px 5px;border-bottom:1px solid #e5e7eb;font-size:11px;color:#111827;">Santana/Tucuruvi</td></tr><tr><th style="padding:3px 5px;text-align:left;background:#f3f4f6;border-bottom:1px solid #d1d5db;width:30%;font-size:11px;font-weight:600;color:#1f2937;">Volumetria</th><td style="padding:3px 5px;border-bottom:1px solid #e5e7eb;font-size:11px;color:#111827;">Entre 1m³ e 5m³</td></tr><tr><th style="padding:3px 5px;text-align:left;background:#f3f4f6;border-bottom:1px solid #d1d5db;width:30%;font-size:11px;font-weight:600;color:#1f2937;">Status</th><td style="padding:3px 5px;border-bottom:1px solid #e5e7eb;font-size:11px;color:#111827;">Revitalizado</td></tr><tr><th style="padding:3px 5px;text-align:left;background:#f3f4f6;border-bottom:1px solid #d1d5db;width:30%;font-size:11px;font-weight:600;color:#1f2937;">Data</th><td style="padding:3px 5px;border-bottom:1px solid #e5e7eb;font-size:11px;color:#111827;">46053</td></tr></table>]]></description><Point><coordinates>-46.6166000,-23.4928900,0</coordinates></Point></Placemark>
</Document></kml>