<?xml version="1.0" encoding="UTF-8"?>
<kml xmlns="http://www.opengis.net/kml/2.2">
<Document>
<name>GeoPlano — Varrição de Praças (VP)</name>
<open>1</open>
<Style id="s-VP-0">
<LineStyle><color>ff2fffad</color><width>2.0</width></LineStyle>
<PolyStyle><color>ff2fffad</color></PolyStyle>
<IconStyle><color>ff2fffad</color><scale>0.55</scale>
<Icon><href>http://maps.google.com/mapfiles/kml/shapes/placemark_circle.png</href></Icon>
</IconStyle>
<LabelStyle><scale>0.65</scale></LabelStyle>
</Style><Placemark><name>Praça Lions Clube Imirim</name><styleUrl>#s-VP-0</styleUrl><description><![CDATA[<table style="border-collapse:collapse;width:100%;font-family:'Helvetica Neue',Helvetica,Arial,sans-serif;font-size:11px;border:1px solid #e5e7eb;border-radius:8px;overflow:hidden;"><tr><th colspan="2" style="padding:5px 8px;background:#1f6feb;color:#fff;text-align:left;font-size:12px;font-weight:600;">Praça Lions Clube Imirim</th></tr><tr><th style="padding:3px 5px;text-align:left;background:#f3f4f6;border-bottom:1px solid #d1d5db;width:30%;font-size:11px;font-weight:600;color:#1f2937;">Serviço</th><td style="padding:3px 5px;border-bottom:1px solid #e5e7eb;font-size:11px;color:#111827;">Varrição de Praças (VP)</td></tr><tr><th style="padding:3px 5px;text-align:left;background:#f3f4f6;border-bottom:1px solid #d1d5db;width:30%;font-size:11px;font-weight:600;color:#1f2937;">Setor</th><td style="padding:3px 5px;border-bottom:1px solid #e5e7eb;font-size:11px;color:#111827;">CV10101VP0001</td></tr><tr><th style="padding:3px 5px;text-align:left;background:#f3f4f6;border-bottom:1px solid #d1d5db;width:30%;font-size:11px;font-weight:600;color:#1f2937;">Tipo de Serviço</th><td style="padding:3px 5px;border-bottom:1px solid #e5e7eb;font-size:11px;color:#111827;">Varrição de Praças</td></tr><tr><th style="padding:3px 5px;text-align:left;background:#f3f4f6;border-bottom:1px solid #d1d5db;width:30%;font-size:11px;font-weight:600;color:#1f2937;">Nome</th><td style="padding:3px 5px;border-bottom:1px solid #e5e7eb;font-size:11px;color:#111827;">Praça Lions Clube Imirim</td></tr><tr><th style="padding:3px 5px;text-align:left;background:#f3f4f6;border-bottom:1px solid #d1d5db;width:30%;font-size:11px;font-weight:600;color:#1f2937;">Logradouro</th><td style="padding:3px 5px;border-bottom:1px solid #e5e7eb;font-size:11px;color:#111827;">Av Imirim</td></tr><tr><th style="padding:3px 5px;text-align:left;background:#f3f4f6;border-bottom:1px solid #d1d5db;width:30%;font-size:11px;font-weight:600;color:#1f2937;">Subprefeitura</th><td style="padding:3px 5px;border-bottom:1px solid #e5e7eb;font-size:11px;color:#111827;">Casa Verde / Cachoeirinha</td></tr><tr><th style="padding:3px 5px;text-align:left;background:#f3f4f6;border-bottom:1px solid #d1d5db;width:30%;font-size:11px;font-weight:600;color:#1f2937;">Turno</th><td style="padding:3px 5px;border-bottom:1px solid #e5e7eb;font-size:11px;color:#111827;">Diurno</td></tr><tr><th style="padding:3px 5px;text-align:left;background:#f3f4f6;border-bottom:1px solid #d1d5db;width:30%;font-size:11px;font-weight:600;color:#1f2937;">Frequência</th><td style="padding:3px 5px;border-bottom:1px solid #e5e7eb;font-size:11px;color:#111827;">Diária</td></tr><tr><th style="padding:3px 5px;text-align:left;background:#f3f4f6;border-bottom:1px solid #d1d5db;width:30%;font-size:11px;font-weight:600;color:#1f2937;">Cronograma</th><td style="padding:3px 5px;border-bottom:1px solid #e5e7eb;font-size:11px;color:#111827;">—</td></tr></table>]]></description><Polygon><outerBoundaryIs><LinearRing><coordinates>-46.6634900,-23.4753400,0 -46.6631500,-23.4753500,0 -46.6628300,-23.4754700,0 -46.6627000,-23.4755600,0 -46.6623000,-23.4759300,0 -46.6621500,-23.4762100,0 -46.6621200,-23.4763600,0 -46.6621400,-23.4766700,0 -46.6622800,-23.4769600,0 -46.6625100,-23.4771800,0 -46.6626600,-23.4772700,0 -46.6629600,-23.4773900,0 -46.6631300,-23.4774200,0 -46.6633000,-23.4774200,0 -46.6634700,-23.4773900,0 -46.6637800,-23.4772700,0 -46.6639100,-23.4771700,0 -46.6643200,-23.4767600,0 -46.6644100,-23.4766200,0 -46.6644600,-23.4764800,0 -46.6644900,-23.4763200,0 -46.6644800,-23.4761000,0 -46.6643600,-23.4758100,0 -46.6642600,-23.4756800,0 -46.6641400,-23.4755700,0 -46.6638500,-23.4754100,0 -46.6634900,-23.4753400,0</coordinates></LinearRing></outerBoundaryIs></Polygon></Placemark>
<Style id="s-VP-1">
<LineStyle><color>ff2fffad</color><width>2.0</width></LineStyle>
<PolyStyle><color>ff2fffad</color></PolyStyle>
<IconStyle><color>ff2fffad</color><scale>0.55</scale>
<Icon><href>http://maps.google.com/mapfiles/kml/shapes/placemark_circle.png</href></Icon>
</IconStyle>
<LabelStyle><scale>0.65</scale></LabelStyle>
</Style><Placemark><name>Largo do Japonês</name><styleUrl>#s-VP-1</styleUrl><description><![CDATA[<table style="border-collapse:collapse;width:100%;font-family:'Helvetica Neue',Helvetica,Arial,sans-serif;font-size:11px;border:1px solid #e5e7eb;border-radius:8px;overflow:hidden;"><tr><th colspan="2" style="padding:5px 8px;background:#1f6feb;color:#fff;text-align:left;font-size:12px;font-weight:600;">Largo do Japonês</th></tr><tr><th style="padding:3px 5px;text-align:left;background:#f3f4f6;border-bottom:1px solid #d1d5db;width:30%;font-size:11px;font-weight:600;color:#1f2937;">Serviço</th><td style="padding:3px 5px;border-bottom:1px solid #e5e7eb;font-size:11px;color:#111827;">Varrição de Praças (VP)</td></tr><tr><th style="padding:3px 5px;text-align:left;background:#f3f4f6;border-bottom:1px solid #d1d5db;width:30%;font-size:11px;font-weight:600;color:#1f2937;">Setor</th><td style="padding:3px 5px;border-bottom:1px solid #e5e7eb;font-size:11px;color:#111827;">CV10101VP0002</td></tr><tr><th style="padding:3px 5px;text-align:left;background:#f3f4f6;border-bottom:1px solid #d1d5db;width:30%;font-size:11px;font-weight:600;color:#1f2937;">Tipo de Serviço</th><td style="padding:3px 5px;border-bottom:1px solid #e5e7eb;font-size:11px;color:#111827;">Varrição de Praças</td></tr><tr><th style="padding:3px 5px;text-align:left;background:#f3f4f6;border-bottom:1px solid #d1d5db;width:30%;font-size:11px;font-weight:600;color:#1f2937;">Nome</th><td style="padding:3px 5px;border-bottom:1px solid #e5e7eb;font-size:11px;color:#111827;">Largo do Japonês</td></tr><tr><th style="padding:3px 5px;text-align:left;background:#f3f4f6;border-bottom:1px solid #d1d5db;width:30%;font-size:11px;font-weight:600;color:#1f2937;">Logradouro</th><td style="padding:3px 5px;border-bottom:1px solid #e5e7eb;font-size:11px;color:#111827;">Av Parada Pinto</td></tr><tr><th style="padding:3px 5px;text-align:left;background:#f3f4f6;border-bottom:1px solid #d1d5db;width:30%;font-size:11px;font-weight:600;color:#1f2937;">Subprefeitura</th><td style="padding:3px 5px;border-bottom:1px solid #e5e7eb;font-size:11px;color:#111827;">Casa Verde / Cachoeirinha</td></tr><tr><th style="padding:3px 5px;text-align:left;background:#f3f4f6;border-bottom:1px solid #d1d5db;width:30%;font-size:11px;font-weight:600;color:#1f2937;">Turno</th><td style="padding:3px 5px;border-bottom:1px solid #e5e7eb;font-size:11px;color:#111827;">Diurno</td></tr><tr><th style="padding:3px 5px;text-align:left;background:#f3f4f6;border-bottom:1px solid #d1d5db;width:30%;font-size:11px;font-weight:600;color:#1f2937;">Frequência</th><td style="padding:3px 5px;border-bottom:1px solid #e5e7eb;font-size:11px;color:#111827;">Diária</td></tr><tr><th style="padding:3px 5px;text-align:left;background:#f3f4f6;border-bottom:1px solid #d1d5db;width:30%;font-size:11px;font-weight:600;color:#1f2937;">Cronograma</th><td style="padding:3px 5px;border-bottom:1px solid #e5e7eb;font-size:11px;color:#111827;">—</td></tr></table>]]></description><Polygon><outerBoundaryIs><LinearRing><coordinates>-46.6682400,-23.4736200,0 -46.6681800,-23.4734700,0 -46.6679800,-23.4732200,0 -46.6678500,-23.4731200,0 -46.6677000,-23.4730400,0 -46.6675400,-23.4729900,0 -46.6673700,-23.4729600,0 -46.6672000,-23.4729600,0 -46.6670300,-23.4729900,0 -46.6665100,-23.4731900,0 -46.6663700,-23.4732900,0 -46.6661600,-23.4735300,0 -46.6660600,-23.4738300,0 -46.6660500,-23.4739900,0 -46.6661000,-23.4744000,0 -46.6661400,-23.4745500,0 -46.6662100,-23.4747000,0 -46.6664100,-23.4749500,0 -46.6665500,-23.4750400,0 -46.6668600,-23.4751600,0 -46.6670300,-23.4751800,0 -46.6672900,-23.4751600,0 -46.6677700,-23.4750500,0 -46.6679200,-23.4749800,0 -46.6680600,-23.4748800,0 -46.6681700,-23.4747700,0 -46.6682700,-23.4746300,0 -46.6683300,-23.4744900,0 -46.6683700,-23.4743300,0 -46.6683800,-23.4742200,0 -46.6683600,-23.4740600,0 -46.6682400,-23.4736200,0</coordinates></LinearRing></outerBoundaryIs></Polygon></Placemark>
<Style id="s-VP-2">
<LineStyle><color>ff2fffad</color><width>2.0</width></LineStyle>
<PolyStyle><color>ff2fffad</color></PolyStyle>
<IconStyle><color>ff2fffad</color><scale>0.55</scale>
<Icon><href>http://maps.google.com/mapfiles/kml/shapes/placemark_circle.png</href></Icon>
</IconStyle>
<LabelStyle><scale>0.65</scale></LabelStyle>
</Style><Placemark><name>Praça do Povo</name><styleUrl>#s-VP-2</styleUrl><description><![CDATA[<table style="border-collapse:collapse;width:100%;font-family:'Helvetica Neue',Helvetica,Arial,sans-serif;font-size:11px;border:1px solid #e5e7eb;border-radius:8px;overflow:hidden;"><tr><th colspan="2" style="padding:5px 8px;background:#1f6feb;color:#fff;text-align:left;font-size:12px;font-weight:600;">Praça do Povo</th></tr><tr><th style="padding:3px 5px;text-align:left;background:#f3f4f6;border-bottom:1px solid #d1d5db;width:30%;font-size:11px;font-weight:600;color:#1f2937;">Serviço</th><td style="padding:3px 5px;border-bottom:1px solid #e5e7eb;font-size:11px;color:#111827;">Varrição de Praças (VP)</td></tr><tr><th style="padding:3px 5px;text-align:left;background:#f3f4f6;border-bottom:1px solid #d1d5db;width:30%;font-size:11px;font-weight:600;color:#1f2937;">Setor</th><td style="padding:3px 5px;border-bottom:1px solid #e5e7eb;font-size:11px;color:#111827;">CV10101VP0003</td></tr><tr><th style="padding:3px 5px;text-align:left;background:#f3f4f6;border-bottom:1px solid #d1d5db;width:30%;font-size:11px;font-weight:600;color:#1f2937;">Tipo de Serviço</th><td style="padding:3px 5px;border-bottom:1px solid #e5e7eb;font-size:11px;color:#111827;">Varrição de Praças</td></tr><tr><th style="padding:3px 5px;text-align:left;background:#f3f4f6;border-bottom:1px solid #d1d5db;width:30%;font-size:11px;font-weight:600;color:#1f2937;">Nome</th><td style="padding:3px 5px;border-bottom:1px solid #e5e7eb;font-size:11px;color:#111827;">Praça do Povo</td></tr><tr><th style="padding:3px 5px;text-align:left;background:#f3f4f6;border-bottom:1px solid #d1d5db;width:30%;font-size:11px;font-weight:600;color:#1f2937;">Logradouro</th><td style="padding:3px 5px;border-bottom:1px solid #e5e7eb;font-size:11px;color:#111827;">R Henrique de Brito</td></tr><tr><th style="padding:3px 5px;text-align:left;background:#f3f4f6;border-bottom:1px solid #d1d5db;width:30%;font-size:11px;font-weight:600;color:#1f2937;">Subprefeitura</th><td style="padding:3px 5px;border-bottom:1px solid #e5e7eb;font-size:11px;color:#111827;">Casa Verde / Cachoeirinha</td></tr><tr><th style="padding:3px 5px;text-align:left;background:#f3f4f6;border-bottom:1px solid #d1d5db;width:30%;font-size:11px;font-weight:600;color:#1f2937;">Turno</th><td style="padding:3px 5px;border-bottom:1px solid #e5e7eb;font-size:11px;color:#111827;">Diurno</td></tr><tr><th style="padding:3px 5px;text-align:left;background:#f3f4f6;border-bottom:1px solid #d1d5db;width:30%;font-size:11px;font-weight:600;color:#1f2937;">Frequência</th><td style="padding:3px 5px;border-bottom:1px solid #e5e7eb;font-size:11px;color:#111827;">Diária</td></tr><tr><th style="padding:3px 5px;text-align:left;background:#f3f4f6;border-bottom:1px solid #d1d5db;width:30%;font-size:11px;font-weight:600;color:#1f2937;">Cronograma</th><td style="padding:3px 5px;border-bottom:1px solid #e5e7eb;font-size:11px;color:#111827;">—</td></tr></table>]]></description><Polygon><outerBoundaryIs><LinearRing><coordinates>-46.6626400,-23.4800600,0 -46.6624900,-23.4799700,0 -46.6623400,-23.4799100,0 -46.6621700,-23.4798700,0 -46.6618300,-23.4798800,0 -46.6615100,-23.4800000,0 -46.6613800,-23.4800900,0 -46.6612400,-23.4802300,0 -46.6606500,-23.4809700,0 -46.6605600,-23.4812300,0 -46.6605200,-23.4814500,0 -46.6605100,-23.4816100,0 -46.6605300,-23.4817600,0 -46.6605800,-23.4819100,0 -46.6606500,-23.4820600,0 -46.6607400,-23.4821700,0 -46.6609700,-23.4824200,0 -46.6612300,-23.4826300,0 -46.6615400,-23.4827400,0 -46.6617200,-23.4827500,0 -46.6618900,-23.4827400,0 -46.6620500,-23.4827000,0 -46.6622100,-23.4826300,0 -46.6623500,-23.4825400,0 -46.6624700,-23.4824300,0 -46.6632700,-23.4814400,0 -46.6633300,-23.4813000,0 -46.6633800,-23.4810300,0 -46.6633200,-23.4807200,0 -46.6632500,-23.4805800,0 -46.6631500,-23.4804500,0 -46.6630300,-23.4803400,0 -46.6626400,-23.4800600,0</coordinates></LinearRing></outerBoundaryIs></Polygon></Placemark>
<Style id="s-VP-3">
<LineStyle><color>ff2fffad</color><width>2.0</width></LineStyle>
<PolyStyle><color>ff2fffad</color></PolyStyle>
<IconStyle><color>ff2fffad</color><scale>0.55</scale>
<Icon><href>http://maps.google.com/mapfiles/kml/shapes/placemark_circle.png</href></Icon>
</IconStyle>
<LabelStyle><scale>0.65</scale></LabelStyle>
</Style><Placemark><name>Praça Dom Helvecio Gomes de Oliveira</name><styleUrl>#s-VP-3</styleUrl><description><![CDATA[<table style="border-collapse:collapse;width:100%;font-family:'Helvetica Neue',Helvetica,Arial,sans-serif;font-size:11px;border:1px solid #e5e7eb;border-radius:8px;overflow:hidden;"><tr><th colspan="2" style="padding:5px 8px;background:#1f6feb;color:#fff;text-align:left;font-size:12px;font-weight:600;">Praça Dom Helvecio Gomes de Oliveira</th></tr><tr><th style="padding:3px 5px;text-align:left;background:#f3f4f6;border-bottom:1px solid #d1d5db;width:30%;font-size:11px;font-weight:600;color:#1f2937;">Serviço</th><td style="padding:3px 5px;border-bottom:1px solid #e5e7eb;font-size:11px;color:#111827;">Varrição de Praças (VP)</td></tr><tr><th style="padding:3px 5px;text-align:left;background:#f3f4f6;border-bottom:1px solid #d1d5db;width:30%;font-size:11px;font-weight:600;color:#1f2937;">Setor</th><td style="padding:3px 5px;border-bottom:1px solid #e5e7eb;font-size:11px;color:#111827;">CV10101VP0004</td></tr><tr><th style="padding:3px 5px;text-align:left;background:#f3f4f6;border-bottom:1px solid #d1d5db;width:30%;font-size:11px;font-weight:600;color:#1f2937;">Tipo de Serviço</th><td style="padding:3px 5px;border-bottom:1px solid #e5e7eb;font-size:11px;color:#111827;">Varrição de Praças</td></tr><tr><th style="padding:3px 5px;text-align:left;background:#f3f4f6;border-bottom:1px solid #d1d5db;width:30%;font-size:11px;font-weight:600;color:#1f2937;">Nome</th><td style="padding:3px 5px;border-bottom:1px solid #e5e7eb;font-size:11px;color:#111827;">Praça Dom Helvecio Gomes de Oliveira</td></tr><tr><th style="padding:3px 5px;text-align:left;background:#f3f4f6;border-bottom:1px solid #d1d5db;width:30%;font-size:11px;font-weight:600;color:#1f2937;">Logradouro</th><td style="padding:3px 5px;border-bottom:1px solid #e5e7eb;font-size:11px;color:#111827;">R Ac</td></tr><tr><th style="padding:3px 5px;text-align:left;background:#f3f4f6;border-bottom:1px solid #d1d5db;width:30%;font-size:11px;font-weight:600;color:#1f2937;">Subprefeitura</th><td style="padding:3px 5px;border-bottom:1px solid #e5e7eb;font-size:11px;color:#111827;">Casa Verde / Cachoeirinha</td></tr><tr><th style="padding:3px 5px;text-align:left;background:#f3f4f6;border-bottom:1px solid #d1d5db;width:30%;font-size:11px;font-weight:600;color:#1f2937;">Turno</th><td style="padding:3px 5px;border-bottom:1px solid #e5e7eb;font-size:11px;color:#111827;">Diurno</td></tr><tr><th style="padding:3px 5px;text-align:left;background:#f3f4f6;border-bottom:1px solid #d1d5db;width:30%;font-size:11px;font-weight:600;color:#1f2937;">Frequência</th><td style="padding:3px 5px;border-bottom:1px solid #e5e7eb;font-size:11px;color:#111827;">Diária</td></tr><tr><th style="padding:3px 5px;text-align:left;background:#f3f4f6;border-bottom:1px solid #d1d5db;width:30%;font-size:11px;font-weight:600;color:#1f2937;">Cronograma</th><td style="padding:3px 5px;border-bottom:1px solid #e5e7eb;font-size:11px;color:#111827;">—</td></tr></table>]]></description><Polygon><outerBoundaryIs><LinearRing><coordinates>-46.6556400,-23.4648900,0 -46.6556600,-23.4647000,0 -46.6556000,-23.4643900,0 -46.6555300,-23.4642500,0 -46.6553900,-23.4640700,0 -46.6552600,-23.4639600,0 -46.6550400,-23.4638400,0 -46.6547200,-23.4637600,0 -46.6544200,-23.4637800,0 -46.6542600,-23.4638200,0 -46.6541000,-23.4638900,0 -46.6539600,-23.4639800,0 -46.6538200,-23.4641100,0 -46.6537000,-23.4642700,0 -46.6536400,-23.4644100,0 -46.6536000,-23.4645700,0 -46.6535900,-23.4647800,0 -46.6536100,-23.4649300,0 -46.6536600,-23.4650800,0 -46.6538500,-23.4653500,0 -46.6540200,-23.4654900,0 -46.6541600,-23.4655700,0 -46.6544900,-23.4656600,0 -46.6547600,-23.4656600,0 -46.6549200,-23.4656200,0 -46.6550800,-23.4655700,0 -46.6552900,-23.4654400,0 -46.6554100,-23.4653300,0 -46.6555100,-23.4652000,0 -46.6555900,-23.4650600,0 -46.6556400,-23.4648900,0</coordinates></LinearRing></outerBoundaryIs></Polygon></Placemark>
<Style id="s-VP-4">
<LineStyle><color>ff2fffad</color><width>2.0</width></LineStyle>
<PolyStyle><color>ff2fffad</color></PolyStyle>
<IconStyle><color>ff2fffad</color><scale>0.55</scale>
<Icon><href>http://maps.google.com/mapfiles/kml/shapes/placemark_circle.png</href></Icon>
</IconStyle>
<LabelStyle><scale>0.65</scale></LabelStyle>
</Style><Placemark><name>Praça Mariano Melgar</name><styleUrl>#s-VP-4</styleUrl><description><![CDATA[<table style="border-collapse:collapse;width:100%;font-family:'Helvetica Neue',Helvetica,Arial,sans-serif;font-size:11px;border:1px solid #e5e7eb;border-radius:8px;overflow:hidden;"><tr><th colspan="2" style="padding:5px 8px;background:#1f6feb;color:#fff;text-align:left;font-size:12px;font-weight:600;">Praça Mariano Melgar</th></tr><tr><th style="padding:3px 5px;text-align:left;background:#f3f4f6;border-bottom:1px solid #d1d5db;width:30%;font-size:11px;font-weight:600;color:#1f2937;">Serviço</th><td style="padding:3px 5px;border-bottom:1px solid #e5e7eb;font-size:11px;color:#111827;">Varrição de Praças (VP)</td></tr><tr><th style="padding:3px 5px;text-align:left;background:#f3f4f6;border-bottom:1px solid #d1d5db;width:30%;font-size:11px;font-weight:600;color:#1f2937;">Setor</th><td style="padding:3px 5px;border-bottom:1px solid #e5e7eb;font-size:11px;color:#111827;">CV10101VP0005</td></tr><tr><th style="padding:3px 5px;text-align:left;background:#f3f4f6;border-bottom:1px solid #d1d5db;width:30%;font-size:11px;font-weight:600;color:#1f2937;">Tipo de Serviço</th><td style="padding:3px 5px;border-bottom:1px solid #e5e7eb;font-size:11px;color:#111827;">Varrição de Praças</td></tr><tr><th style="padding:3px 5px;text-align:left;background:#f3f4f6;border-bottom:1px solid #d1d5db;width:30%;font-size:11px;font-weight:600;color:#1f2937;">Nome</th><td style="padding:3px 5px;border-bottom:1px solid #e5e7eb;font-size:11px;color:#111827;">Praça Mariano Melgar</td></tr><tr><th style="padding:3px 5px;text-align:left;background:#f3f4f6;border-bottom:1px solid #d1d5db;width:30%;font-size:11px;font-weight:600;color:#1f2937;">Logradouro</th><td style="padding:3px 5px;border-bottom:1px solid #e5e7eb;font-size:11px;color:#111827;">R Miguel Gustavo</td></tr><tr><th style="padding:3px 5px;text-align:left;background:#f3f4f6;border-bottom:1px solid #d1d5db;width:30%;font-size:11px;font-weight:600;color:#1f2937;">Subprefeitura</th><td style="padding:3px 5px;border-bottom:1px solid #e5e7eb;font-size:11px;color:#111827;">Casa Verde / Cachoeirinha</td></tr><tr><th style="padding:3px 5px;text-align:left;background:#f3f4f6;border-bottom:1px solid #d1d5db;width:30%;font-size:11px;font-weight:600;color:#1f2937;">Turno</th><td style="padding:3px 5px;border-bottom:1px solid #e5e7eb;font-size:11px;color:#111827;">Diurno</td></tr><tr><th style="padding:3px 5px;text-align:left;background:#f3f4f6;border-bottom:1px solid #d1d5db;width:30%;font-size:11px;font-weight:600;color:#1f2937;">Frequência</th><td style="padding:3px 5px;border-bottom:1px solid #e5e7eb;font-size:11px;color:#111827;">Diária</td></tr><tr><th style="padding:3px 5px;text-align:left;background:#f3f4f6;border-bottom:1px solid #d1d5db;width:30%;font-size:11px;font-weight:600;color:#1f2937;">Cronograma</th><td style="padding:3px 5px;border-bottom:1px solid #e5e7eb;font-size:11px;color:#111827;">—</td></tr></table>]]></description><Polygon><outerBoundaryIs><LinearRing><coordinates>-46.6753200,-23.4894800,0 -46.6752600,-23.4897700,0 -46.6752600,-23.4898900,0 -46.6752900,-23.4901100,0 -46.6753600,-23.4902800,0 -46.6754500,-23.4904200,0 -46.6755600,-23.4905400,0 -46.6756900,-23.4906400,0 -46.6760000,-23.4907700,0 -46.6762900,-23.4908000,0 -46.6765400,-23.4907700,0 -46.6767000,-23.4907300,0 -46.6768500,-23.4906500,0 -46.6769900,-23.4905600,0 -46.6772200,-23.4903000,0 -46.6773100,-23.4901700,0 -46.6774100,-23.4898700,0 -46.6774200,-23.4897600,0 -46.6773600,-23.4894500,0 -46.6772900,-23.4893100,0 -46.6771900,-23.4891800,0 -46.6770700,-23.4890700,0 -46.6769300,-23.4889800,0 -46.6765100,-23.4888200,0 -46.6763400,-23.4887900,0 -46.6761700,-23.4888000,0 -46.6758400,-23.4888800,0 -46.6756900,-23.4889600,0 -46.6754600,-23.4891900,0 -46.6753200,-23.4894800,0</coordinates></LinearRing></outerBoundaryIs></Polygon></Placemark>
<Style id="s-VP-5">
<LineStyle><color>ff2fffad</color><width>2.0</width></LineStyle>
<PolyStyle><color>ff2fffad</color></PolyStyle>
<IconStyle><color>ff2fffad</color><scale>0.55</scale>
<Icon><href>http://maps.google.com/mapfiles/kml/shapes/placemark_circle.png</href></Icon>
</IconStyle>
<LabelStyle><scale>0.65</scale></LabelStyle>
</Style><Placemark><name>Praça Gercino José de Souza</name><styleUrl>#s-VP-5</styleUrl><description><![CDATA[<table style="border-collapse:collapse;width:100%;font-family:'Helvetica Neue',Helvetica,Arial,sans-serif;font-size:11px;border:1px solid #e5e7eb;border-radius:8px;overflow:hidden;"><tr><th colspan="2" style="padding:5px 8px;background:#1f6feb;color:#fff;text-align:left;font-size:12px;font-weight:600;">Praça Gercino José de Souza</th></tr><tr><th style="padding:3px 5px;text-align:left;background:#f3f4f6;border-bottom:1px solid #d1d5db;width:30%;font-size:11px;font-weight:600;color:#1f2937;">Serviço</th><td style="padding:3px 5px;border-bottom:1px solid #e5e7eb;font-size:11px;color:#111827;">Varrição de Praças (VP)</td></tr><tr><th style="padding:3px 5px;text-align:left;background:#f3f4f6;border-bottom:1px solid #d1d5db;width:30%;font-size:11px;font-weight:600;color:#1f2937;">Setor</th><td style="padding:3px 5px;border-bottom:1px solid #e5e7eb;font-size:11px;color:#111827;">CV10101VP0006</td></tr><tr><th style="padding:3px 5px;text-align:left;background:#f3f4f6;border-bottom:1px solid #d1d5db;width:30%;font-size:11px;font-weight:600;color:#1f2937;">Tipo de Serviço</th><td style="padding:3px 5px;border-bottom:1px solid #e5e7eb;font-size:11px;color:#111827;">Varrição de Praças</td></tr><tr><th style="padding:3px 5px;text-align:left;background:#f3f4f6;border-bottom:1px solid #d1d5db;width:30%;font-size:11px;font-weight:600;color:#1f2937;">Nome</th><td style="padding:3px 5px;border-bottom:1px solid #e5e7eb;font-size:11px;color:#111827;">Praça Gercino José de Souza</td></tr><tr><th style="padding:3px 5px;text-align:left;background:#f3f4f6;border-bottom:1px solid #d1d5db;width:30%;font-size:11px;font-weight:600;color:#1f2937;">Logradouro</th><td style="padding:3px 5px;border-bottom:1px solid #e5e7eb;font-size:11px;color:#111827;">R Cap Jose Machado</td></tr><tr><th style="padding:3px 5px;text-align:left;background:#f3f4f6;border-bottom:1px solid #d1d5db;width:30%;font-size:11px;font-weight:600;color:#1f2937;">Subprefeitura</th><td style="padding:3px 5px;border-bottom:1px solid #e5e7eb;font-size:11px;color:#111827;">Casa Verde / Cachoeirinha</td></tr><tr><th style="padding:3px 5px;text-align:left;background:#f3f4f6;border-bottom:1px solid #d1d5db;width:30%;font-size:11px;font-weight:600;color:#1f2937;">Turno</th><td style="padding:3px 5px;border-bottom:1px solid #e5e7eb;font-size:11px;color:#111827;">Diurno</td></tr><tr><th style="padding:3px 5px;text-align:left;background:#f3f4f6;border-bottom:1px solid #d1d5db;width:30%;font-size:11px;font-weight:600;color:#1f2937;">Frequência</th><td style="padding:3px 5px;border-bottom:1px solid #e5e7eb;font-size:11px;color:#111827;">Diária</td></tr><tr><th style="padding:3px 5px;text-align:left;background:#f3f4f6;border-bottom:1px solid #d1d5db;width:30%;font-size:11px;font-weight:600;color:#1f2937;">Cronograma</th><td style="padding:3px 5px;border-bottom:1px solid #e5e7eb;font-size:11px;color:#111827;">—</td></tr></table>]]></description><Polygon><outerBoundaryIs><LinearRing><coordinates>-46.6795000,-23.4829700,0 -46.6793800,-23.4828700,0 -46.6790700,-23.4827300,0 -46.6789000,-23.4827000,0 -46.6787300,-23.4827000,0 -46.6785600,-23.4827200,0 -46.6779100,-23.4829500,0 -46.6777600,-23.4830200,0 -46.6775000,-23.4832300,0 -46.6774100,-23.4833600,0 -46.6773400,-23.4835100,0 -46.6773000,-23.4836600,0 -46.6772900,-23.4838100,0 -46.6773100,-23.4839700,0 -46.6773600,-23.4841200,0 -46.6774400,-23.4842600,0 -46.6775400,-23.4843900,0 -46.6776600,-23.4844900,0 -46.6779400,-23.4846400,0 -46.6790600,-23.4850000,0 -46.6792300,-23.4850400,0 -46.6795700,-23.4850400,0 -46.6797300,-23.4850000,0 -46.6798800,-23.4849300,0 -46.6800200,-23.4848400,0 -46.6801400,-23.4847300,0 -46.6802400,-23.4846000,0 -46.6803100,-23.4844600,0 -46.6803600,-23.4843000,0 -46.6803700,-23.4841500,0 -46.6803500,-23.4840000,0 -46.6803100,-23.4838400,0 -46.6802400,-23.4837000,0 -46.6801400,-23.4835700,0 -46.6795000,-23.4829700,0</coordinates></LinearRing></outerBoundaryIs></Polygon></Placemark>
<Style id="s-VP-6">
<LineStyle><color>ff2fffad</color><width>2.0</width></LineStyle>
<PolyStyle><color>ff2fffad</color></PolyStyle>
<IconStyle><color>ff2fffad</color><scale>0.55</scale>
<Icon><href>http://maps.google.com/mapfiles/kml/shapes/placemark_circle.png</href></Icon>
</IconStyle>
<LabelStyle><scale>0.65</scale></LabelStyle>
</Style><Placemark><name>Praça Waldemar Gaspar de Oliveira</name><styleUrl>#s-VP-6</styleUrl><description><![CDATA[<table style="border-collapse:collapse;width:100%;font-family:'Helvetica Neue',Helvetica,Arial,sans-serif;font-size:11px;border:1px solid #e5e7eb;border-radius:8px;overflow:hidden;"><tr><th colspan="2" style="padding:5px 8px;background:#1f6feb;color:#fff;text-align:left;font-size:12px;font-weight:600;">Praça Waldemar Gaspar de Oliveira</th></tr><tr><th style="padding:3px 5px;text-align:left;background:#f3f4f6;border-bottom:1px solid #d1d5db;width:30%;font-size:11px;font-weight:600;color:#1f2937;">Serviço</th><td style="padding:3px 5px;border-bottom:1px solid #e5e7eb;font-size:11px;color:#111827;">Varrição de Praças (VP)</td></tr><tr><th style="padding:3px 5px;text-align:left;background:#f3f4f6;border-bottom:1px solid #d1d5db;width:30%;font-size:11px;font-weight:600;color:#1f2937;">Setor</th><td style="padding:3px 5px;border-bottom:1px solid #e5e7eb;font-size:11px;color:#111827;">CV10101VP0007</td></tr><tr><th style="padding:3px 5px;text-align:left;background:#f3f4f6;border-bottom:1px solid #d1d5db;width:30%;font-size:11px;font-weight:600;color:#1f2937;">Tipo de Serviço</th><td style="padding:3px 5px;border-bottom:1px solid #e5e7eb;font-size:11px;color:#111827;">Varrição de Praças</td></tr><tr><th style="padding:3px 5px;text-align:left;background:#f3f4f6;border-bottom:1px solid #d1d5db;width:30%;font-size:11px;font-weight:600;color:#1f2937;">Nome</th><td style="padding:3px 5px;border-bottom:1px solid #e5e7eb;font-size:11px;color:#111827;">Praça Waldemar Gaspar de Oliveira</td></tr><tr><th style="padding:3px 5px;text-align:left;background:#f3f4f6;border-bottom:1px solid #d1d5db;width:30%;font-size:11px;font-weight:600;color:#1f2937;">Logradouro</th><td style="padding:3px 5px;border-bottom:1px solid #e5e7eb;font-size:11px;color:#111827;">R Alexandre Fuzaro</td></tr><tr><th style="padding:3px 5px;text-align:left;background:#f3f4f6;border-bottom:1px solid #d1d5db;width:30%;font-size:11px;font-weight:600;color:#1f2937;">Subprefeitura</th><td style="padding:3px 5px;border-bottom:1px solid #e5e7eb;font-size:11px;color:#111827;">Casa Verde / Cachoeirinha</td></tr><tr><th style="padding:3px 5px;text-align:left;background:#f3f4f6;border-bottom:1px solid #d1d5db;width:30%;font-size:11px;font-weight:600;color:#1f2937;">Turno</th><td style="padding:3px 5px;border-bottom:1px solid #e5e7eb;font-size:11px;color:#111827;">Diurno</td></tr><tr><th style="padding:3px 5px;text-align:left;background:#f3f4f6;border-bottom:1px solid #d1d5db;width:30%;font-size:11px;font-weight:600;color:#1f2937;">Frequência</th><td style="padding:3px 5px;border-bottom:1px solid #e5e7eb;font-size:11px;color:#111827;">Diária</td></tr><tr><th style="padding:3px 5px;text-align:left;background:#f3f4f6;border-bottom:1px solid #d1d5db;width:30%;font-size:11px;font-weight:600;color:#1f2937;">Cronograma</th><td style="padding:3px 5px;border-bottom:1px solid #e5e7eb;font-size:11px;color:#111827;">—</td></tr></table>]]></description><Polygon><outerBoundaryIs><LinearRing><coordinates>-46.6829800,-23.4890200,0 -46.6831500,-23.4890200,0 -46.6833100,-23.4889900,0 -46.6836200,-23.4888500,0 -46.6837500,-23.4887500,0 -46.6838600,-23.4886300,0 -46.6839400,-23.4884900,0 -46.6840200,-23.4881900,0 -46.6840100,-23.4879700,0 -46.6838900,-23.4876800,0 -46.6838000,-23.4875600,0 -46.6831700,-23.4868700,0 -46.6828800,-23.4867100,0 -46.6827100,-23.4866700,0 -46.6823700,-23.4866700,0 -46.6822100,-23.4867100,0 -46.6820500,-23.4867700,0 -46.6819300,-23.4868400,0 -46.6814700,-23.4872100,0 -46.6813600,-23.4873300,0 -46.6812000,-23.4876000,0 -46.6811600,-23.4877600,0 -46.6811600,-23.4880700,0 -46.6812100,-23.4882200,0 -46.6813900,-23.4884900,0 -46.6815100,-23.4886000,0 -46.6816500,-23.4886800,0 -46.6818100,-23.4887500,0 -46.6820200,-23.4887900,0 -46.6822400,-23.4889200,0 -46.6824000,-23.4889700,0 -46.6825700,-23.4890000,0 -46.6829800,-23.4890200,0</coordinates></LinearRing></outerBoundaryIs></Polygon></Placemark>
<Style id="s-VP-7">
<LineStyle><color>ff2fffad</color><width>2.0</width></LineStyle>
<PolyStyle><color>ff2fffad</color></PolyStyle>
<IconStyle><color>ff2fffad</color><scale>0.55</scale>
<Icon><href>http://maps.google.com/mapfiles/kml/shapes/placemark_circle.png</href></Icon>
</IconStyle>
<LabelStyle><scale>0.65</scale></LabelStyle>
</Style><Placemark><name>Praça João Azevedo Borges</name><styleUrl>#s-VP-7</styleUrl><description><![CDATA[<table style="border-collapse:collapse;width:100%;font-family:'Helvetica Neue',Helvetica,Arial,sans-serif;font-size:11px;border:1px solid #e5e7eb;border-radius:8px;overflow:hidden;"><tr><th colspan="2" style="padding:5px 8px;background:#1f6feb;color:#fff;text-align:left;font-size:12px;font-weight:600;">Praça João Azevedo Borges</th></tr><tr><th style="padding:3px 5px;text-align:left;background:#f3f4f6;border-bottom:1px solid #d1d5db;width:30%;font-size:11px;font-weight:600;color:#1f2937;">Serviço</th><td style="padding:3px 5px;border-bottom:1px solid #e5e7eb;font-size:11px;color:#111827;">Varrição de Praças (VP)</td></tr><tr><th style="padding:3px 5px;text-align:left;background:#f3f4f6;border-bottom:1px solid #d1d5db;width:30%;font-size:11px;font-weight:600;color:#1f2937;">Setor</th><td style="padding:3px 5px;border-bottom:1px solid #e5e7eb;font-size:11px;color:#111827;">CV10101VP0008</td></tr><tr><th style="padding:3px 5px;text-align:left;background:#f3f4f6;border-bottom:1px solid #d1d5db;width:30%;font-size:11px;font-weight:600;color:#1f2937;">Tipo de Serviço</th><td style="padding:3px 5px;border-bottom:1px solid #e5e7eb;font-size:11px;color:#111827;">Varrição de Praças</td></tr><tr><th style="padding:3px 5px;text-align:left;background:#f3f4f6;border-bottom:1px solid #d1d5db;width:30%;font-size:11px;font-weight:600;color:#1f2937;">Nome</th><td style="padding:3px 5px;border-bottom:1px solid #e5e7eb;font-size:11px;color:#111827;">Praça João Azevedo Borges</td></tr><tr><th style="padding:3px 5px;text-align:left;background:#f3f4f6;border-bottom:1px solid #d1d5db;width:30%;font-size:11px;font-weight:600;color:#1f2937;">Logradouro</th><td style="padding:3px 5px;border-bottom:1px solid #e5e7eb;font-size:11px;color:#111827;">R Cap Jose Machado</td></tr><tr><th style="padding:3px 5px;text-align:left;background:#f3f4f6;border-bottom:1px solid #d1d5db;width:30%;font-size:11px;font-weight:600;color:#1f2937;">Subprefeitura</th><td style="padding:3px 5px;border-bottom:1px solid #e5e7eb;font-size:11px;color:#111827;">Casa Verde / Cachoeirinha</td></tr><tr><th style="padding:3px 5px;text-align:left;background:#f3f4f6;border-bottom:1px solid #d1d5db;width:30%;font-size:11px;font-weight:600;color:#1f2937;">Turno</th><td style="padding:3px 5px;border-bottom:1px solid #e5e7eb;font-size:11px;color:#111827;">Diurno</td></tr><tr><th style="padding:3px 5px;text-align:left;background:#f3f4f6;border-bottom:1px solid #d1d5db;width:30%;font-size:11px;font-weight:600;color:#1f2937;">Frequência</th><td style="padding:3px 5px;border-bottom:1px solid #e5e7eb;font-size:11px;color:#111827;">Diária</td></tr><tr><th style="padding:3px 5px;text-align:left;background:#f3f4f6;border-bottom:1px solid #d1d5db;width:30%;font-size:11px;font-weight:600;color:#1f2937;">Cronograma</th><td style="padding:3px 5px;border-bottom:1px solid #e5e7eb;font-size:11px;color:#111827;">—</td></tr></table>]]></description><Polygon><outerBoundaryIs><LinearRing><coordinates>-46.6812000,-23.4872900,0 -46.6813700,-23.4873200,0 -46.6817100,-23.4872800,0 -46.6818700,-23.4872200,0 -46.6821400,-23.4870300,0 -46.6823200,-23.4867600,0 -46.6823800,-23.4866200,0 -46.6824000,-23.4864600,0 -46.6823800,-23.4862600,0 -46.6823400,-23.4861100,0 -46.6822700,-23.4859700,0 -46.6821200,-23.4857800,0 -46.6806600,-23.4842300,0 -46.6804300,-23.4840100,0 -46.6802900,-23.4839200,0 -46.6799700,-23.4838200,0 -46.6796300,-23.4838200,0 -46.6794600,-23.4838600,0 -46.6793100,-23.4839300,0 -46.6791700,-23.4840200,0 -46.6790500,-23.4841300,0 -46.6789500,-23.4842600,0 -46.6788800,-23.4844000,0 -46.6788200,-23.4847100,0 -46.6788900,-23.4852500,0 -46.6789700,-23.4854900,0 -46.6791700,-23.4858500,0 -46.6793400,-23.4860500,0 -46.6794000,-23.4863500,0 -46.6794700,-23.4865000,0 -46.6795700,-23.4866300,0 -46.6796900,-23.4867400,0 -46.6798300,-23.4868300,0 -46.6799900,-23.4869000,0 -46.6803000,-23.4871400,0 -46.6804400,-23.4872200,0 -46.6806000,-23.4872900,0 -46.6809300,-23.4873400,0 -46.6812000,-23.4872900,0</coordinates></LinearRing></outerBoundaryIs></Polygon></Placemark>
<Style id="s-VP-8">
<LineStyle><color>ff2fffad</color><width>2.0</width></LineStyle>
<PolyStyle><color>ff2fffad</color></PolyStyle>
<IconStyle><color>ff2fffad</color><scale>0.55</scale>
<Icon><href>http://maps.google.com/mapfiles/kml/shapes/placemark_circle.png</href></Icon>
</IconStyle>
<LabelStyle><scale>0.65</scale></LabelStyle>
</Style><Placemark><name>Praça Cruz da Esperança</name><styleUrl>#s-VP-8</styleUrl><description><![CDATA[<table style="border-collapse:collapse;width:100%;font-family:'Helvetica Neue',Helvetica,Arial,sans-serif;font-size:11px;border:1px solid #e5e7eb;border-radius:8px;overflow:hidden;"><tr><th colspan="2" style="padding:5px 8px;background:#1f6feb;color:#fff;text-align:left;font-size:12px;font-weight:600;">Praça Cruz da Esperança</th></tr><tr><th style="padding:3px 5px;text-align:left;background:#f3f4f6;border-bottom:1px solid #d1d5db;width:30%;font-size:11px;font-weight:600;color:#1f2937;">Serviço</th><td style="padding:3px 5px;border-bottom:1px solid #e5e7eb;font-size:11px;color:#111827;">Varrição de Praças (VP)</td></tr><tr><th style="padding:3px 5px;text-align:left;background:#f3f4f6;border-bottom:1px solid #d1d5db;width:30%;font-size:11px;font-weight:600;color:#1f2937;">Setor</th><td style="padding:3px 5px;border-bottom:1px solid #e5e7eb;font-size:11px;color:#111827;">CV10202VP0009</td></tr><tr><th style="padding:3px 5px;text-align:left;background:#f3f4f6;border-bottom:1px solid #d1d5db;width:30%;font-size:11px;font-weight:600;color:#1f2937;">Tipo de Serviço</th><td style="padding:3px 5px;border-bottom:1px solid #e5e7eb;font-size:11px;color:#111827;">Varrição de Praças</td></tr><tr><th style="padding:3px 5px;text-align:left;background:#f3f4f6;border-bottom:1px solid #d1d5db;width:30%;font-size:11px;font-weight:600;color:#1f2937;">Nome</th><td style="padding:3px 5px;border-bottom:1px solid #e5e7eb;font-size:11px;color:#111827;">Praça Cruz da Esperança</td></tr><tr><th style="padding:3px 5px;text-align:left;background:#f3f4f6;border-bottom:1px solid #d1d5db;width:30%;font-size:11px;font-weight:600;color:#1f2937;">Logradouro</th><td style="padding:3px 5px;border-bottom:1px solid #e5e7eb;font-size:11px;color:#111827;">Av Baruel</td></tr><tr><th style="padding:3px 5px;text-align:left;background:#f3f4f6;border-bottom:1px solid #d1d5db;width:30%;font-size:11px;font-weight:600;color:#1f2937;">Subprefeitura</th><td style="padding:3px 5px;border-bottom:1px solid #e5e7eb;font-size:11px;color:#111827;">Casa Verde / Cachoeirinha</td></tr><tr><th style="padding:3px 5px;text-align:left;background:#f3f4f6;border-bottom:1px solid #d1d5db;width:30%;font-size:11px;font-weight:600;color:#1f2937;">Turno</th><td style="padding:3px 5px;border-bottom:1px solid #e5e7eb;font-size:11px;color:#111827;">Diurno</td></tr><tr><th style="padding:3px 5px;text-align:left;background:#f3f4f6;border-bottom:1px solid #d1d5db;width:30%;font-size:11px;font-weight:600;color:#1f2937;">Frequência</th><td style="padding:3px 5px;border-bottom:1px solid #e5e7eb;font-size:11px;color:#111827;">Alternada de Segunda/Quarta/Sexta</td></tr><tr><th style="padding:3px 5px;text-align:left;background:#f3f4f6;border-bottom:1px solid #d1d5db;width:30%;font-size:11px;font-weight:600;color:#1f2937;">Cronograma</th><td style="padding:3px 5px;border-bottom:1px solid #e5e7eb;font-size:11px;color:#111827;">—</td></tr></table>]]></description><Polygon><outerBoundaryIs><LinearRing><coordinates>-46.6573700,-23.5028500,0 -46.6570800,-23.5026900,0 -46.6568300,-23.5026100,0 -46.6563600,-23.5026100,0 -46.6561000,-23.5026800,0 -46.6559500,-23.5027500,0 -46.6558100,-23.5028400,0 -46.6556100,-23.5030200,0 -46.6555100,-23.5031500,0 -46.6554000,-23.5033700,0 -46.6553400,-23.5036000,0 -46.6553300,-23.5037600,0 -46.6554100,-23.5041400,0 -46.6555300,-23.5043600,0 -46.6556300,-23.5044900,0 -46.6557900,-23.5046300,0 -46.6559800,-23.5047400,0 -46.6561200,-23.5048000,0 -46.6563700,-23.5048700,0 -46.6565400,-23.5048800,0 -46.6568100,-23.5048700,0 -46.6570500,-23.5048000,0 -46.6572000,-23.5047400,0 -46.6573300,-23.5046600,0 -46.6575200,-23.5044900,0 -46.6576700,-23.5043000,0 -46.6577500,-23.5041600,0 -46.6578200,-23.5039100,0 -46.6578200,-23.5036100,0 -46.6577700,-23.5033700,0 -46.6576600,-23.5031600,0 -46.6575600,-23.5030300,0 -46.6573700,-23.5028500,0</coordinates></LinearRing></outerBoundaryIs></Polygon></Placemark>
<Style id="s-VP-9">
<LineStyle><color>ff2fffad</color><width>2.0</width></LineStyle>
<PolyStyle><color>ff2fffad</color></PolyStyle>
<IconStyle><color>ff2fffad</color><scale>0.55</scale>
<Icon><href>http://maps.google.com/mapfiles/kml/shapes/placemark_circle.png</href></Icon>
</IconStyle>
<LabelStyle><scale>0.65</scale></LabelStyle>
</Style><Placemark><name>Praça Joaquim Vieira Lopes</name><styleUrl>#s-VP-9</styleUrl><description><![CDATA[<table style="border-collapse:collapse;width:100%;font-family:'Helvetica Neue',Helvetica,Arial,sans-serif;font-size:11px;border:1px solid #e5e7eb;border-radius:8px;overflow:hidden;"><tr><th colspan="2" style="padding:5px 8px;background:#1f6feb;color:#fff;text-align:left;font-size:12px;font-weight:600;">Praça Joaquim Vieira Lopes</th></tr><tr><th style="padding:3px 5px;text-align:left;background:#f3f4f6;border-bottom:1px solid #d1d5db;width:30%;font-size:11px;font-weight:600;color:#1f2937;">Serviço</th><td style="padding:3px 5px;border-bottom:1px solid #e5e7eb;font-size:11px;color:#111827;">Varrição de Praças (VP)</td></tr><tr><th style="padding:3px 5px;text-align:left;background:#f3f4f6;border-bottom:1px solid #d1d5db;width:30%;font-size:11px;font-weight:600;color:#1f2937;">Setor</th><td style="padding:3px 5px;border-bottom:1px solid #e5e7eb;font-size:11px;color:#111827;">CV10202VP0010</td></tr><tr><th style="padding:3px 5px;text-align:left;background:#f3f4f6;border-bottom:1px solid #d1d5db;width:30%;font-size:11px;font-weight:600;color:#1f2937;">Tipo de Serviço</th><td style="padding:3px 5px;border-bottom:1px solid #e5e7eb;font-size:11px;color:#111827;">Varrição de Praças</td></tr><tr><th style="padding:3px 5px;text-align:left;background:#f3f4f6;border-bottom:1px solid #d1d5db;width:30%;font-size:11px;font-weight:600;color:#1f2937;">Nome</th><td style="padding:3px 5px;border-bottom:1px solid #e5e7eb;font-size:11px;color:#111827;">Praça Joaquim Vieira Lopes</td></tr><tr><th style="padding:3px 5px;text-align:left;background:#f3f4f6;border-bottom:1px solid #d1d5db;width:30%;font-size:11px;font-weight:600;color:#1f2937;">Logradouro</th><td style="padding:3px 5px;border-bottom:1px solid #e5e7eb;font-size:11px;color:#111827;">R Maria Roque</td></tr><tr><th style="padding:3px 5px;text-align:left;background:#f3f4f6;border-bottom:1px solid #d1d5db;width:30%;font-size:11px;font-weight:600;color:#1f2937;">Subprefeitura</th><td style="padding:3px 5px;border-bottom:1px solid #e5e7eb;font-size:11px;color:#111827;">Casa Verde / Cachoeirinha</td></tr><tr><th style="padding:3px 5px;text-align:left;background:#f3f4f6;border-bottom:1px solid #d1d5db;width:30%;font-size:11px;font-weight:600;color:#1f2937;">Turno</th><td style="padding:3px 5px;border-bottom:1px solid #e5e7eb;font-size:11px;color:#111827;">Diurno</td></tr><tr><th style="padding:3px 5px;text-align:left;background:#f3f4f6;border-bottom:1px solid #d1d5db;width:30%;font-size:11px;font-weight:600;color:#1f2937;">Frequência</th><td style="padding:3px 5px;border-bottom:1px solid #e5e7eb;font-size:11px;color:#111827;">Alternada de Segunda/Quarta/Sexta</td></tr><tr><th style="padding:3px 5px;text-align:left;background:#f3f4f6;border-bottom:1px solid #d1d5db;width:30%;font-size:11px;font-weight:600;color:#1f2937;">Cronograma</th><td style="padding:3px 5px;border-bottom:1px solid #e5e7eb;font-size:11px;color:#111827;">—</td></tr></table>]]></description><Polygon><outerBoundaryIs><LinearRing><coordinates>-46.6525100,-23.4780700,0 -46.6527400,-23.4780800,0 -46.6529100,-23.4780600,0 -46.6530800,-23.4780100,0 -46.6532300,-23.4779400,0 -46.6534800,-23.4777300,0 -46.6535700,-23.4776000,0 -46.6536400,-23.4774500,0 -46.6536800,-23.4773000,0 -46.6537100,-23.4769700,0 -46.6536900,-23.4764900,0 -46.6535700,-23.4762000,0 -46.6534700,-23.4760700,0 -46.6533500,-23.4759600,0 -46.6532100,-23.4758700,0 -46.6528900,-23.4757600,0 -46.6526600,-23.4757500,0 -46.6523100,-23.4757700,0 -46.6521400,-23.4758000,0 -46.6518300,-23.4759200,0 -46.6515800,-23.4761400,0 -46.6514900,-23.4762700,0 -46.6514300,-23.4764200,0 -46.6514000,-23.4765700,0 -46.6513900,-23.4767300,0 -46.6514400,-23.4772500,0 -46.6514700,-23.4774000,0 -46.6516100,-23.4776900,0 -46.6517200,-23.4778100,0 -46.6518500,-23.4779100,0 -46.6520000,-23.4779900,0 -46.6523300,-23.4780700,0 -46.6525100,-23.4780700,0</coordinates></LinearRing></outerBoundaryIs></Polygon></Placemark>
<Style id="s-VP-10">
<LineStyle><color>ff2fffad</color><width>2.0</width></LineStyle>
<PolyStyle><color>ff2fffad</color></PolyStyle>
<IconStyle><color>ff2fffad</color><scale>0.55</scale>
<Icon><href>http://maps.google.com/mapfiles/kml/shapes/placemark_circle.png</href></Icon>
</IconStyle>
<LabelStyle><scale>0.65</scale></LabelStyle>
</Style><Placemark><name>Praça João Cabral de Rezende</name><styleUrl>#s-VP-10</styleUrl><description><![CDATA[<table style="border-collapse:collapse;width:100%;font-family:'Helvetica Neue',Helvetica,Arial,sans-serif;font-size:11px;border:1px solid #e5e7eb;border-radius:8px;overflow:hidden;"><tr><th colspan="2" style="padding:5px 8px;background:#1f6feb;color:#fff;text-align:left;font-size:12px;font-weight:600;">Praça João Cabral de Rezende</th></tr><tr><th style="padding:3px 5px;text-align:left;background:#f3f4f6;border-bottom:1px solid #d1d5db;width:30%;font-size:11px;font-weight:600;color:#1f2937;">Serviço</th><td style="padding:3px 5px;border-bottom:1px solid #e5e7eb;font-size:11px;color:#111827;">Varrição de Praças (VP)</td></tr><tr><th style="padding:3px 5px;text-align:left;background:#f3f4f6;border-bottom:1px solid #d1d5db;width:30%;font-size:11px;font-weight:600;color:#1f2937;">Setor</th><td style="padding:3px 5px;border-bottom:1px solid #e5e7eb;font-size:11px;color:#111827;">CV10202VP0011</td></tr><tr><th style="padding:3px 5px;text-align:left;background:#f3f4f6;border-bottom:1px solid #d1d5db;width:30%;font-size:11px;font-weight:600;color:#1f2937;">Tipo de Serviço</th><td style="padding:3px 5px;border-bottom:1px solid #e5e7eb;font-size:11px;color:#111827;">Varrição de Praças</td></tr><tr><th style="padding:3px 5px;text-align:left;background:#f3f4f6;border-bottom:1px solid #d1d5db;width:30%;font-size:11px;font-weight:600;color:#1f2937;">Nome</th><td style="padding:3px 5px;border-bottom:1px solid #e5e7eb;font-size:11px;color:#111827;">Praça João Cabral de Rezende</td></tr><tr><th style="padding:3px 5px;text-align:left;background:#f3f4f6;border-bottom:1px solid #d1d5db;width:30%;font-size:11px;font-weight:600;color:#1f2937;">Logradouro</th><td style="padding:3px 5px;border-bottom:1px solid #e5e7eb;font-size:11px;color:#111827;">R Alessandro Allori</td></tr><tr><th style="padding:3px 5px;text-align:left;background:#f3f4f6;border-bottom:1px solid #d1d5db;width:30%;font-size:11px;font-weight:600;color:#1f2937;">Subprefeitura</th><td style="padding:3px 5px;border-bottom:1px solid #e5e7eb;font-size:11px;color:#111827;">Casa Verde / Cachoeirinha</td></tr><tr><th style="padding:3px 5px;text-align:left;background:#f3f4f6;border-bottom:1px solid #d1d5db;width:30%;font-size:11px;font-weight:600;color:#1f2937;">Turno</th><td style="padding:3px 5px;border-bottom:1px solid #e5e7eb;font-size:11px;color:#111827;">Diurno</td></tr><tr><th style="padding:3px 5px;text-align:left;background:#f3f4f6;border-bottom:1px solid #d1d5db;width:30%;font-size:11px;font-weight:600;color:#1f2937;">Frequência</th><td style="padding:3px 5px;border-bottom:1px solid #e5e7eb;font-size:11px;color:#111827;">Alternada de Segunda/Quarta/Sexta</td></tr><tr><th style="padding:3px 5px;text-align:left;background:#f3f4f6;border-bottom:1px solid #d1d5db;width:30%;font-size:11px;font-weight:600;color:#1f2937;">Cronograma</th><td style="padding:3px 5px;border-bottom:1px solid #e5e7eb;font-size:11px;color:#111827;">—</td></tr></table>]]></description><Polygon><outerBoundaryIs><LinearRing><coordinates>-46.6761100,-23.4906100,0 -46.6762800,-23.4907000,0 -46.6764000,-23.4907400,0 -46.6766700,-23.4907800,0 -46.6768900,-23.4907800,0 -46.6774200,-23.4906600,0 -46.6777300,-23.4905200,0 -46.6778600,-23.4904200,0 -46.6780400,-23.4901600,0 -46.6780900,-23.4900300,0 -46.6782600,-23.4899300,0 -46.6784800,-23.4897000,0 -46.6786000,-23.4894000,0 -46.6786300,-23.4890300,0 -46.6786200,-23.4887800,0 -46.6785000,-23.4884900,0 -46.6784000,-23.4883600,0 -46.6782800,-23.4882500,0 -46.6779900,-23.4880900,0 -46.6778200,-23.4880500,0 -46.6776500,-23.4880400,0 -46.6774800,-23.4880500,0 -46.6773200,-23.4880900,0 -46.6768800,-23.4882800,0 -46.6767400,-23.4883900,0 -46.6765400,-23.4886100,0 -46.6761000,-23.4889400,0 -46.6758000,-23.4892600,0 -46.6756700,-23.4895000,0 -46.6756300,-23.4897200,0 -46.6756300,-23.4899100,0 -46.6756700,-23.4900900,0 -46.6757300,-23.4902200,0 -46.6758300,-23.4903700,0 -46.6759400,-23.4904900,0 -46.6761100,-23.4906100,0</coordinates></LinearRing></outerBoundaryIs></Polygon></Placemark>
<Style id="s-VP-11">
<LineStyle><color>ff2fffad</color><width>2.0</width></LineStyle>
<PolyStyle><color>ff2fffad</color></PolyStyle>
<IconStyle><color>ff2fffad</color><scale>0.55</scale>
<Icon><href>http://maps.google.com/mapfiles/kml/shapes/placemark_circle.png</href></Icon>
</IconStyle>
<LabelStyle><scale>0.65</scale></LabelStyle>
</Style><Placemark><name>Praça 02 De Dezembro</name><styleUrl>#s-VP-11</styleUrl><description><![CDATA[<table style="border-collapse:collapse;width:100%;font-family:'Helvetica Neue',Helvetica,Arial,sans-serif;font-size:11px;border:1px solid #e5e7eb;border-radius:8px;overflow:hidden;"><tr><th colspan="2" style="padding:5px 8px;background:#1f6feb;color:#fff;text-align:left;font-size:12px;font-weight:600;">Praça 02 De Dezembro</th></tr><tr><th style="padding:3px 5px;text-align:left;background:#f3f4f6;border-bottom:1px solid #d1d5db;width:30%;font-size:11px;font-weight:600;color:#1f2937;">Serviço</th><td style="padding:3px 5px;border-bottom:1px solid #e5e7eb;font-size:11px;color:#111827;">Varrição de Praças (VP)</td></tr><tr><th style="padding:3px 5px;text-align:left;background:#f3f4f6;border-bottom:1px solid #d1d5db;width:30%;font-size:11px;font-weight:600;color:#1f2937;">Setor</th><td style="padding:3px 5px;border-bottom:1px solid #e5e7eb;font-size:11px;color:#111827;">CV10202VP0012</td></tr><tr><th style="padding:3px 5px;text-align:left;background:#f3f4f6;border-bottom:1px solid #d1d5db;width:30%;font-size:11px;font-weight:600;color:#1f2937;">Tipo de Serviço</th><td style="padding:3px 5px;border-bottom:1px solid #e5e7eb;font-size:11px;color:#111827;">Varrição de Praças</td></tr><tr><th style="padding:3px 5px;text-align:left;background:#f3f4f6;border-bottom:1px solid #d1d5db;width:30%;font-size:11px;font-weight:600;color:#1f2937;">Nome</th><td style="padding:3px 5px;border-bottom:1px solid #e5e7eb;font-size:11px;color:#111827;">Praça 02 De Dezembro</td></tr><tr><th style="padding:3px 5px;text-align:left;background:#f3f4f6;border-bottom:1px solid #d1d5db;width:30%;font-size:11px;font-weight:600;color:#1f2937;">Logradouro</th><td style="padding:3px 5px;border-bottom:1px solid #e5e7eb;font-size:11px;color:#111827;">R Salvador Ligabue</td></tr><tr><th style="padding:3px 5px;text-align:left;background:#f3f4f6;border-bottom:1px solid #d1d5db;width:30%;font-size:11px;font-weight:600;color:#1f2937;">Subprefeitura</th><td style="padding:3px 5px;border-bottom:1px solid #e5e7eb;font-size:11px;color:#111827;">Casa Verde / Cachoeirinha</td></tr><tr><th style="padding:3px 5px;text-align:left;background:#f3f4f6;border-bottom:1px solid #d1d5db;width:30%;font-size:11px;font-weight:600;color:#1f2937;">Turno</th><td style="padding:3px 5px;border-bottom:1px solid #e5e7eb;font-size:11px;color:#111827;">Diurno</td></tr><tr><th style="padding:3px 5px;text-align:left;background:#f3f4f6;border-bottom:1px solid #d1d5db;width:30%;font-size:11px;font-weight:600;color:#1f2937;">Frequência</th><td style="padding:3px 5px;border-bottom:1px solid #e5e7eb;font-size:11px;color:#111827;">Alternada de Segunda/Quarta/Sexta</td></tr><tr><th style="padding:3px 5px;text-align:left;background:#f3f4f6;border-bottom:1px solid #d1d5db;width:30%;font-size:11px;font-weight:600;color:#1f2937;">Cronograma</th><td style="padding:3px 5px;border-bottom:1px solid #e5e7eb;font-size:11px;color:#111827;">—</td></tr></table>]]></description><Polygon><outerBoundaryIs><LinearRing><coordinates>-46.6774400,-23.5008500,0 -46.6774500,-23.5006000,0 -46.6774200,-23.5004500,0 -46.6770900,-23.4994900,0 -46.6769400,-23.4991000,0 -46.6768500,-23.4989700,0 -46.6767300,-23.4988500,0 -46.6764400,-23.4986800,0 -46.6762800,-23.4986400,0 -46.6759400,-23.4986200,0 -46.6757700,-23.4986500,0 -46.6756200,-23.4987100,0 -46.6754700,-23.4988000,0 -46.6753500,-23.4989000,0 -46.6752400,-23.4990300,0 -46.6751600,-23.4991700,0 -46.6751100,-23.4993100,0 -46.6750900,-23.4995500,0 -46.6751700,-23.5009700,0 -46.6752200,-23.5011200,0 -46.6753000,-23.5012600,0 -46.6754000,-23.5013800,0 -46.6755200,-23.5014900,0 -46.6756700,-23.5015800,0 -46.6758200,-23.5016400,0 -46.6759900,-23.5016700,0 -46.6762300,-23.5016800,0 -46.6765900,-23.5016600,0 -46.6767600,-23.5016200,0 -46.6770400,-23.5014700,0 -46.6771900,-23.5013400,0 -46.6773500,-23.5011200,0 -46.6774400,-23.5008500,0</coordinates></LinearRing></outerBoundaryIs></Polygon></Placemark>
<Style id="s-VP-12">
<LineStyle><color>ff2fffad</color><width>2.0</width></LineStyle>
<PolyStyle><color>ff2fffad</color></PolyStyle>
<IconStyle><color>ff2fffad</color><scale>0.55</scale>
<Icon><href>http://maps.google.com/mapfiles/kml/shapes/placemark_circle.png</href></Icon>
</IconStyle>
<LabelStyle><scale>0.65</scale></LabelStyle>
</Style><Placemark><name>Praça Santíssima Trinidade</name><styleUrl>#s-VP-12</styleUrl><description><![CDATA[<table style="border-collapse:collapse;width:100%;font-family:'Helvetica Neue',Helvetica,Arial,sans-serif;font-size:11px;border:1px solid #e5e7eb;border-radius:8px;overflow:hidden;"><tr><th colspan="2" style="padding:5px 8px;background:#1f6feb;color:#fff;text-align:left;font-size:12px;font-weight:600;">Praça Santíssima Trinidade</th></tr><tr><th style="padding:3px 5px;text-align:left;background:#f3f4f6;border-bottom:1px solid #d1d5db;width:30%;font-size:11px;font-weight:600;color:#1f2937;">Serviço</th><td style="padding:3px 5px;border-bottom:1px solid #e5e7eb;font-size:11px;color:#111827;">Varrição de Praças (VP)</td></tr><tr><th style="padding:3px 5px;text-align:left;background:#f3f4f6;border-bottom:1px solid #d1d5db;width:30%;font-size:11px;font-weight:600;color:#1f2937;">Setor</th><td style="padding:3px 5px;border-bottom:1px solid #e5e7eb;font-size:11px;color:#111827;">CV10202VP0013</td></tr><tr><th style="padding:3px 5px;text-align:left;background:#f3f4f6;border-bottom:1px solid #d1d5db;width:30%;font-size:11px;font-weight:600;color:#1f2937;">Tipo de Serviço</th><td style="padding:3px 5px;border-bottom:1px solid #e5e7eb;font-size:11px;color:#111827;">Varrição de Praças</td></tr><tr><th style="padding:3px 5px;text-align:left;background:#f3f4f6;border-bottom:1px solid #d1d5db;width:30%;font-size:11px;font-weight:600;color:#1f2937;">Nome</th><td style="padding:3px 5px;border-bottom:1px solid #e5e7eb;font-size:11px;color:#111827;">Praça Santíssima Trinidade</td></tr><tr><th style="padding:3px 5px;text-align:left;background:#f3f4f6;border-bottom:1px solid #d1d5db;width:30%;font-size:11px;font-weight:600;color:#1f2937;">Logradouro</th><td style="padding:3px 5px;border-bottom:1px solid #e5e7eb;font-size:11px;color:#111827;">Pc Satiss Trindade</td></tr><tr><th style="padding:3px 5px;text-align:left;background:#f3f4f6;border-bottom:1px solid #d1d5db;width:30%;font-size:11px;font-weight:600;color:#1f2937;">Subprefeitura</th><td style="padding:3px 5px;border-bottom:1px solid #e5e7eb;font-size:11px;color:#111827;">Casa Verde / Cachoeirinha</td></tr><tr><th style="padding:3px 5px;text-align:left;background:#f3f4f6;border-bottom:1px solid #d1d5db;width:30%;font-size:11px;font-weight:600;color:#1f2937;">Turno</th><td style="padding:3px 5px;border-bottom:1px solid #e5e7eb;font-size:11px;color:#111827;">Diurno</td></tr><tr><th style="padding:3px 5px;text-align:left;background:#f3f4f6;border-bottom:1px solid #d1d5db;width:30%;font-size:11px;font-weight:600;color:#1f2937;">Frequência</th><td style="padding:3px 5px;border-bottom:1px solid #e5e7eb;font-size:11px;color:#111827;">Alternada de Segunda/Quarta/Sexta</td></tr><tr><th style="padding:3px 5px;text-align:left;background:#f3f4f6;border-bottom:1px solid #d1d5db;width:30%;font-size:11px;font-weight:600;color:#1f2937;">Cronograma</th><td style="padding:3px 5px;border-bottom:1px solid #e5e7eb;font-size:11px;color:#111827;">—</td></tr></table>]]></description><Polygon><outerBoundaryIs><LinearRing><coordinates>-46.6626500,-23.4853200,0 -46.6624000,-23.4853000,0 -46.6622300,-23.4853100,0 -46.6620200,-23.4853500,0 -46.6617100,-23.4854900,0 -46.6614700,-23.4857300,0 -46.6613100,-23.4860600,0 -46.6612900,-23.4862200,0 -46.6613000,-23.4863700,0 -46.6613400,-23.4865200,0 -46.6614100,-23.4866700,0 -46.6616000,-23.4869300,0 -46.6620400,-23.4873900,0 -46.6623400,-23.4876200,0 -46.6624900,-23.4877000,0 -46.6626400,-23.4877600,0 -46.6629000,-23.4878100,0 -46.6632400,-23.4878300,0 -46.6634100,-23.4878000,0 -46.6638100,-23.4876500,0 -46.6640100,-23.4875200,0 -46.6642700,-23.4872600,0 -46.6643600,-23.4871200,0 -46.6644400,-23.4869300,0 -46.6645100,-23.4865300,0 -46.6644500,-23.4862300,0 -46.6643900,-23.4860800,0 -46.6642300,-23.4858100,0 -46.6640100,-23.4856100,0 -46.6638800,-23.4855100,0 -46.6635600,-23.4853500,0 -46.6633900,-23.4853100,0 -46.6632300,-23.4853000,0 -46.6626500,-23.4853200,0</coordinates></LinearRing></outerBoundaryIs></Polygon></Placemark>
<Style id="s-VP-13">
<LineStyle><color>ff2fffad</color><width>2.0</width></LineStyle>
<PolyStyle><color>ff2fffad</color></PolyStyle>
<IconStyle><color>ff2fffad</color><scale>0.55</scale>
<Icon><href>http://maps.google.com/mapfiles/kml/shapes/placemark_circle.png</href></Icon>
</IconStyle>
<LabelStyle><scale>0.65</scale></LabelStyle>
</Style><Placemark><name>Praça Professor Cesarino Junior</name><styleUrl>#s-VP-13</styleUrl><description><![CDATA[<table style="border-collapse:collapse;width:100%;font-family:'Helvetica Neue',Helvetica,Arial,sans-serif;font-size:11px;border:1px solid #e5e7eb;border-radius:8px;overflow:hidden;"><tr><th colspan="2" style="padding:5px 8px;background:#1f6feb;color:#fff;text-align:left;font-size:12px;font-weight:600;">Praça Professor Cesarino Junior</th></tr><tr><th style="padding:3px 5px;text-align:left;background:#f3f4f6;border-bottom:1px solid #d1d5db;width:30%;font-size:11px;font-weight:600;color:#1f2937;">Serviço</th><td style="padding:3px 5px;border-bottom:1px solid #e5e7eb;font-size:11px;color:#111827;">Varrição de Praças (VP)</td></tr><tr><th style="padding:3px 5px;text-align:left;background:#f3f4f6;border-bottom:1px solid #d1d5db;width:30%;font-size:11px;font-weight:600;color:#1f2937;">Setor</th><td style="padding:3px 5px;border-bottom:1px solid #e5e7eb;font-size:11px;color:#111827;">CV10202VP0014</td></tr><tr><th style="padding:3px 5px;text-align:left;background:#f3f4f6;border-bottom:1px solid #d1d5db;width:30%;font-size:11px;font-weight:600;color:#1f2937;">Tipo de Serviço</th><td style="padding:3px 5px;border-bottom:1px solid #e5e7eb;font-size:11px;color:#111827;">Varrição de Praças</td></tr><tr><th style="padding:3px 5px;text-align:left;background:#f3f4f6;border-bottom:1px solid #d1d5db;width:30%;font-size:11px;font-weight:600;color:#1f2937;">Nome</th><td style="padding:3px 5px;border-bottom:1px solid #e5e7eb;font-size:11px;color:#111827;">Praça Professor Cesarino Junior</td></tr><tr><th style="padding:3px 5px;text-align:left;background:#f3f4f6;border-bottom:1px solid #d1d5db;width:30%;font-size:11px;font-weight:600;color:#1f2937;">Logradouro</th><td style="padding:3px 5px;border-bottom:1px solid #e5e7eb;font-size:11px;color:#111827;">R Iapo</td></tr><tr><th style="padding:3px 5px;text-align:left;background:#f3f4f6;border-bottom:1px solid #d1d5db;width:30%;font-size:11px;font-weight:600;color:#1f2937;">Subprefeitura</th><td style="padding:3px 5px;border-bottom:1px solid #e5e7eb;font-size:11px;color:#111827;">Casa Verde / Cachoeirinha</td></tr><tr><th style="padding:3px 5px;text-align:left;background:#f3f4f6;border-bottom:1px solid #d1d5db;width:30%;font-size:11px;font-weight:600;color:#1f2937;">Turno</th><td style="padding:3px 5px;border-bottom:1px solid #e5e7eb;font-size:11px;color:#111827;">Diurno</td></tr><tr><th style="padding:3px 5px;text-align:left;background:#f3f4f6;border-bottom:1px solid #d1d5db;width:30%;font-size:11px;font-weight:600;color:#1f2937;">Frequência</th><td style="padding:3px 5px;border-bottom:1px solid #e5e7eb;font-size:11px;color:#111827;">Alternada de Segunda/Quarta/Sexta</td></tr><tr><th style="padding:3px 5px;text-align:left;background:#f3f4f6;border-bottom:1px solid #d1d5db;width:30%;font-size:11px;font-weight:600;color:#1f2937;">Cronograma</th><td style="padding:3px 5px;border-bottom:1px solid #e5e7eb;font-size:11px;color:#111827;">—</td></tr></table>]]></description><Polygon><outerBoundaryIs><LinearRing><coordinates>-46.6625500,-23.5144900,0 -46.6625100,-23.5143400,0 -46.6624400,-23.5142000,0 -46.6623400,-23.5140700,0 -46.6622200,-23.5139600,0 -46.6620800,-23.5138700,0 -46.6619200,-23.5138100,0 -46.6615900,-23.5137500,0 -46.6607300,-23.5138600,0 -46.6604100,-23.5139600,0 -46.6601400,-23.5141600,0 -46.6600400,-23.5142800,0 -46.6599700,-23.5144200,0 -46.6599200,-23.5145800,0 -46.6599000,-23.5147300,0 -46.6599200,-23.5149600,0 -46.6599600,-23.5151200,0 -46.6601200,-23.5153900,0 -46.6602400,-23.5155100,0 -46.6605300,-23.5156700,0 -46.6606900,-23.5157200,0 -46.6610300,-23.5157300,0 -46.6617400,-23.5156400,0 -46.6620700,-23.5155400,0 -46.6623300,-23.5153500,0 -46.6624400,-23.5152200,0 -46.6625200,-23.5150800,0 -46.6625700,-23.5149400,0 -46.6625900,-23.5147500,0 -46.6625500,-23.5144900,0</coordinates></LinearRing></outerBoundaryIs></Polygon></Placemark>
<Style id="s-VP-14">
<LineStyle><color>ff2fffad</color><width>2.0</width></LineStyle>
<PolyStyle><color>ff2fffad</color></PolyStyle>
<IconStyle><color>ff2fffad</color><scale>0.55</scale>
<Icon><href>http://maps.google.com/mapfiles/kml/shapes/placemark_circle.png</href></Icon>
</IconStyle>
<LabelStyle><scale>0.65</scale></LabelStyle>
</Style><Placemark><name>Praça Adriano Ribeiro Cardoso</name><styleUrl>#s-VP-14</styleUrl><description><![CDATA[<table style="border-collapse:collapse;width:100%;font-family:'Helvetica Neue',Helvetica,Arial,sans-serif;font-size:11px;border:1px solid #e5e7eb;border-radius:8px;overflow:hidden;"><tr><th colspan="2" style="padding:5px 8px;background:#1f6feb;color:#fff;text-align:left;font-size:12px;font-weight:600;">Praça Adriano Ribeiro Cardoso</th></tr><tr><th style="padding:3px 5px;text-align:left;background:#f3f4f6;border-bottom:1px solid #d1d5db;width:30%;font-size:11px;font-weight:600;color:#1f2937;">Serviço</th><td style="padding:3px 5px;border-bottom:1px solid #e5e7eb;font-size:11px;color:#111827;">Varrição de Praças (VP)</td></tr><tr><th style="padding:3px 5px;text-align:left;background:#f3f4f6;border-bottom:1px solid #d1d5db;width:30%;font-size:11px;font-weight:600;color:#1f2937;">Setor</th><td style="padding:3px 5px;border-bottom:1px solid #e5e7eb;font-size:11px;color:#111827;">CV10202VP0015</td></tr><tr><th style="padding:3px 5px;text-align:left;background:#f3f4f6;border-bottom:1px solid #d1d5db;width:30%;font-size:11px;font-weight:600;color:#1f2937;">Tipo de Serviço</th><td style="padding:3px 5px;border-bottom:1px solid #e5e7eb;font-size:11px;color:#111827;">Varrição de Praças</td></tr><tr><th style="padding:3px 5px;text-align:left;background:#f3f4f6;border-bottom:1px solid #d1d5db;width:30%;font-size:11px;font-weight:600;color:#1f2937;">Nome</th><td style="padding:3px 5px;border-bottom:1px solid #e5e7eb;font-size:11px;color:#111827;">Praça Adriano Ribeiro Cardoso</td></tr><tr><th style="padding:3px 5px;text-align:left;background:#f3f4f6;border-bottom:1px solid #d1d5db;width:30%;font-size:11px;font-weight:600;color:#1f2937;">Logradouro</th><td style="padding:3px 5px;border-bottom:1px solid #e5e7eb;font-size:11px;color:#111827;">R Prf Lins e Silva</td></tr><tr><th style="padding:3px 5px;text-align:left;background:#f3f4f6;border-bottom:1px solid #d1d5db;width:30%;font-size:11px;font-weight:600;color:#1f2937;">Subprefeitura</th><td style="padding:3px 5px;border-bottom:1px solid #e5e7eb;font-size:11px;color:#111827;">Casa Verde / Cachoeirinha</td></tr><tr><th style="padding:3px 5px;text-align:left;background:#f3f4f6;border-bottom:1px solid #d1d5db;width:30%;font-size:11px;font-weight:600;color:#1f2937;">Turno</th><td style="padding:3px 5px;border-bottom:1px solid #e5e7eb;font-size:11px;color:#111827;">Diurno</td></tr><tr><th style="padding:3px 5px;text-align:left;background:#f3f4f6;border-bottom:1px solid #d1d5db;width:30%;font-size:11px;font-weight:600;color:#1f2937;">Frequência</th><td style="padding:3px 5px;border-bottom:1px solid #e5e7eb;font-size:11px;color:#111827;">Alternada de Segunda/Quarta/Sexta</td></tr><tr><th style="padding:3px 5px;text-align:left;background:#f3f4f6;border-bottom:1px solid #d1d5db;width:30%;font-size:11px;font-weight:600;color:#1f2937;">Cronograma</th><td style="padding:3px 5px;border-bottom:1px solid #e5e7eb;font-size:11px;color:#111827;">—</td></tr></table>]]></description><Polygon><outerBoundaryIs><LinearRing><coordinates>-46.6724700,-23.4932500,0 -46.6725300,-23.4935600,0 -46.6726100,-23.4937000,0 -46.6727100,-23.4938300,0 -46.6728300,-23.4939400,0 -46.6729700,-23.4940300,0 -46.6731200,-23.4940900,0 -46.6734200,-23.4941400,0 -46.6740200,-23.4943200,0 -46.6743500,-23.4943600,0 -46.6746900,-23.4943000,0 -46.6748400,-23.4942300,0 -46.6749800,-23.4941300,0 -46.6750900,-23.4940200,0 -46.6752700,-23.4937000,0 -46.6753700,-23.4933500,0 -46.6754000,-23.4931900,0 -46.6753900,-23.4929600,0 -46.6752700,-23.4926600,0 -46.6750500,-23.4924300,0 -46.6749100,-23.4923400,0 -46.6747500,-23.4922700,0 -46.6740400,-23.4920500,0 -46.6735700,-23.4919900,0 -46.6733900,-23.4919900,0 -46.6732300,-23.4920100,0 -46.6730600,-23.4920600,0 -46.6729100,-23.4921300,0 -46.6726600,-23.4923400,0 -46.6725700,-23.4924700,0 -46.6724700,-23.4927700,0 -46.6724700,-23.4932500,0</coordinates></LinearRing></outerBoundaryIs></Polygon></Placemark>
<Style id="s-VP-15">
<LineStyle><color>ff2fffad</color><width>2.0</width></LineStyle>
<PolyStyle><color>ff2fffad</color></PolyStyle>
<IconStyle><color>ff2fffad</color><scale>0.55</scale>
<Icon><href>http://maps.google.com/mapfiles/kml/shapes/placemark_circle.png</href></Icon>
</IconStyle>
<LabelStyle><scale>0.65</scale></LabelStyle>
</Style><Placemark><name>Praça Maria Helena do Nascimento</name><styleUrl>#s-VP-15</styleUrl><description><![CDATA[<table style="border-collapse:collapse;width:100%;font-family:'Helvetica Neue',Helvetica,Arial,sans-serif;font-size:11px;border:1px solid #e5e7eb;border-radius:8px;overflow:hidden;"><tr><th colspan="2" style="padding:5px 8px;background:#1f6feb;color:#fff;text-align:left;font-size:12px;font-weight:600;">Praça Maria Helena do Nascimento</th></tr><tr><th style="padding:3px 5px;text-align:left;background:#f3f4f6;border-bottom:1px solid #d1d5db;width:30%;font-size:11px;font-weight:600;color:#1f2937;">Serviço</th><td style="padding:3px 5px;border-bottom:1px solid #e5e7eb;font-size:11px;color:#111827;">Varrição de Praças (VP)</td></tr><tr><th style="padding:3px 5px;text-align:left;background:#f3f4f6;border-bottom:1px solid #d1d5db;width:30%;font-size:11px;font-weight:600;color:#1f2937;">Setor</th><td style="padding:3px 5px;border-bottom:1px solid #e5e7eb;font-size:11px;color:#111827;">CV10202VP0016</td></tr><tr><th style="padding:3px 5px;text-align:left;background:#f3f4f6;border-bottom:1px solid #d1d5db;width:30%;font-size:11px;font-weight:600;color:#1f2937;">Tipo de Serviço</th><td style="padding:3px 5px;border-bottom:1px solid #e5e7eb;font-size:11px;color:#111827;">Varrição de Praças</td></tr><tr><th style="padding:3px 5px;text-align:left;background:#f3f4f6;border-bottom:1px solid #d1d5db;width:30%;font-size:11px;font-weight:600;color:#1f2937;">Nome</th><td style="padding:3px 5px;border-bottom:1px solid #e5e7eb;font-size:11px;color:#111827;">Praça Maria Helena do Nascimento</td></tr><tr><th style="padding:3px 5px;text-align:left;background:#f3f4f6;border-bottom:1px solid #d1d5db;width:30%;font-size:11px;font-weight:600;color:#1f2937;">Logradouro</th><td style="padding:3px 5px;border-bottom:1px solid #e5e7eb;font-size:11px;color:#111827;">R Vitalina Moura</td></tr><tr><th style="padding:3px 5px;text-align:left;background:#f3f4f6;border-bottom:1px solid #d1d5db;width:30%;font-size:11px;font-weight:600;color:#1f2937;">Subprefeitura</th><td style="padding:3px 5px;border-bottom:1px solid #e5e7eb;font-size:11px;color:#111827;">Casa Verde / Cachoeirinha</td></tr><tr><th style="padding:3px 5px;text-align:left;background:#f3f4f6;border-bottom:1px solid #d1d5db;width:30%;font-size:11px;font-weight:600;color:#1f2937;">Turno</th><td style="padding:3px 5px;border-bottom:1px solid #e5e7eb;font-size:11px;color:#111827;">Diurno</td></tr><tr><th style="padding:3px 5px;text-align:left;background:#f3f4f6;border-bottom:1px solid #d1d5db;width:30%;font-size:11px;font-weight:600;color:#1f2937;">Frequência</th><td style="padding:3px 5px;border-bottom:1px solid #e5e7eb;font-size:11px;color:#111827;">Alternada de Segunda/Quarta/Sexta</td></tr><tr><th style="padding:3px 5px;text-align:left;background:#f3f4f6;border-bottom:1px solid #d1d5db;width:30%;font-size:11px;font-weight:600;color:#1f2937;">Cronograma</th><td style="padding:3px 5px;border-bottom:1px solid #e5e7eb;font-size:11px;color:#111827;">—</td></tr></table>]]></description><Polygon><outerBoundaryIs><LinearRing><coordinates>-46.6580100,-23.4768800,0 -46.6578700,-23.4766000,0 -46.6577700,-23.4764700,0 -46.6575500,-23.4763100,0 -46.6572400,-23.4761900,0 -46.6570700,-23.4761700,0 -46.6568400,-23.4761900,0 -46.6565200,-23.4762900,0 -46.6563800,-23.4763800,0 -46.6561400,-23.4766400,0 -46.6559500,-23.4769800,0 -46.6559000,-23.4771300,0 -46.6558700,-23.4780100,0 -46.6559700,-23.4783100,0 -46.6560600,-23.4784400,0 -46.6562900,-23.4786400,0 -46.6564600,-23.4787300,0 -46.6567900,-23.4788100,0 -46.6569600,-23.4788100,0 -46.6571300,-23.4787800,0 -46.6572900,-23.4787200,0 -46.6575600,-23.4785400,0 -46.6576700,-23.4784200,0 -46.6577600,-23.4782800,0 -46.6578100,-23.4781400,0 -46.6580400,-23.4771500,0 -46.6580100,-23.4768800,0</coordinates></LinearRing></outerBoundaryIs></Polygon></Placemark>
<Style id="s-VP-16">
<LineStyle><color>ff2fffad</color><width>2.0</width></LineStyle>
<PolyStyle><color>ff2fffad</color></PolyStyle>
<IconStyle><color>ff2fffad</color><scale>0.55</scale>
<Icon><href>http://maps.google.com/mapfiles/kml/shapes/placemark_circle.png</href></Icon>
</IconStyle>
<LabelStyle><scale>0.65</scale></LabelStyle>
</Style><Placemark><name>Praça Benito Nicoletti</name><styleUrl>#s-VP-16</styleUrl><description><![CDATA[<table style="border-collapse:collapse;width:100%;font-family:'Helvetica Neue',Helvetica,Arial,sans-serif;font-size:11px;border:1px solid #e5e7eb;border-radius:8px;overflow:hidden;"><tr><th colspan="2" style="padding:5px 8px;background:#1f6feb;color:#fff;text-align:left;font-size:12px;font-weight:600;">Praça Benito Nicoletti</th></tr><tr><th style="padding:3px 5px;text-align:left;background:#f3f4f6;border-bottom:1px solid #d1d5db;width:30%;font-size:11px;font-weight:600;color:#1f2937;">Serviço</th><td style="padding:3px 5px;border-bottom:1px solid #e5e7eb;font-size:11px;color:#111827;">Varrição de Praças (VP)</td></tr><tr><th style="padding:3px 5px;text-align:left;background:#f3f4f6;border-bottom:1px solid #d1d5db;width:30%;font-size:11px;font-weight:600;color:#1f2937;">Setor</th><td style="padding:3px 5px;border-bottom:1px solid #e5e7eb;font-size:11px;color:#111827;">CV10203VP0017</td></tr><tr><th style="padding:3px 5px;text-align:left;background:#f3f4f6;border-bottom:1px solid #d1d5db;width:30%;font-size:11px;font-weight:600;color:#1f2937;">Tipo de Serviço</th><td style="padding:3px 5px;border-bottom:1px solid #e5e7eb;font-size:11px;color:#111827;">Varrição de Praças</td></tr><tr><th style="padding:3px 5px;text-align:left;background:#f3f4f6;border-bottom:1px solid #d1d5db;width:30%;font-size:11px;font-weight:600;color:#1f2937;">Nome</th><td style="padding:3px 5px;border-bottom:1px solid #e5e7eb;font-size:11px;color:#111827;">Praça Benito Nicoletti</td></tr><tr><th style="padding:3px 5px;text-align:left;background:#f3f4f6;border-bottom:1px solid #d1d5db;width:30%;font-size:11px;font-weight:600;color:#1f2937;">Logradouro</th><td style="padding:3px 5px;border-bottom:1px solid #e5e7eb;font-size:11px;color:#111827;">R Dr Brito Franco</td></tr><tr><th style="padding:3px 5px;text-align:left;background:#f3f4f6;border-bottom:1px solid #d1d5db;width:30%;font-size:11px;font-weight:600;color:#1f2937;">Subprefeitura</th><td style="padding:3px 5px;border-bottom:1px solid #e5e7eb;font-size:11px;color:#111827;">Casa Verde / Cachoeirinha</td></tr><tr><th style="padding:3px 5px;text-align:left;background:#f3f4f6;border-bottom:1px solid #d1d5db;width:30%;font-size:11px;font-weight:600;color:#1f2937;">Turno</th><td style="padding:3px 5px;border-bottom:1px solid #e5e7eb;font-size:11px;color:#111827;">Diurno</td></tr><tr><th style="padding:3px 5px;text-align:left;background:#f3f4f6;border-bottom:1px solid #d1d5db;width:30%;font-size:11px;font-weight:600;color:#1f2937;">Frequência</th><td style="padding:3px 5px;border-bottom:1px solid #e5e7eb;font-size:11px;color:#111827;">Alternada de Terça/Quinta/Sábado</td></tr><tr><th style="padding:3px 5px;text-align:left;background:#f3f4f6;border-bottom:1px solid #d1d5db;width:30%;font-size:11px;font-weight:600;color:#1f2937;">Cronograma</th><td style="padding:3px 5px;border-bottom:1px solid #e5e7eb;font-size:11px;color:#111827;">—</td></tr></table>]]></description><Polygon><outerBoundaryIs><LinearRing><coordinates>-46.6643700,-23.5076700,0 -46.6641700,-23.5074200,0 -46.6640300,-23.5073200,0 -46.6638900,-23.5072500,0 -46.6637200,-23.5072000,0 -46.6633800,-23.5071800,0 -46.6632200,-23.5072100,0 -46.6630600,-23.5072700,0 -46.6625700,-23.5075500,0 -46.6624500,-23.5076600,0 -46.6623600,-23.5077900,0 -46.6622900,-23.5079400,0 -46.6622500,-23.5080900,0 -46.6622500,-23.5084000,0 -46.6623000,-23.5085500,0 -46.6624800,-23.5088200,0 -46.6626000,-23.5089300,0 -46.6627400,-23.5090200,0 -46.6630600,-23.5091200,0 -46.6632400,-23.5091300,0 -46.6637100,-23.5090700,0 -46.6640300,-23.5089700,0 -46.6641700,-23.5088800,0 -46.6643900,-23.5086500,0 -46.6644700,-23.5085100,0 -46.6645200,-23.5083600,0 -46.6645400,-23.5082000,0 -46.6645200,-23.5080200,0 -46.6644800,-23.5078700,0 -46.6643700,-23.5076700,0</coordinates></LinearRing></outerBoundaryIs></Polygon></Placemark>
<Style id="s-VP-17">
<LineStyle><color>ff2fffad</color><width>2.0</width></LineStyle>
<PolyStyle><color>ff2fffad</color></PolyStyle>
<IconStyle><color>ff2fffad</color><scale>0.55</scale>
<Icon><href>http://maps.google.com/mapfiles/kml/shapes/placemark_circle.png</href></Icon>
</IconStyle>
<LabelStyle><scale>0.65</scale></LabelStyle>
</Style><Placemark><name>Praça Canaã</name><styleUrl>#s-VP-17</styleUrl><description><![CDATA[<table style="border-collapse:collapse;width:100%;font-family:'Helvetica Neue',Helvetica,Arial,sans-serif;font-size:11px;border:1px solid #e5e7eb;border-radius:8px;overflow:hidden;"><tr><th colspan="2" style="padding:5px 8px;background:#1f6feb;color:#fff;text-align:left;font-size:12px;font-weight:600;">Praça Canaã</th></tr><tr><th style="padding:3px 5px;text-align:left;background:#f3f4f6;border-bottom:1px solid #d1d5db;width:30%;font-size:11px;font-weight:600;color:#1f2937;">Serviço</th><td style="padding:3px 5px;border-bottom:1px solid #e5e7eb;font-size:11px;color:#111827;">Varrição de Praças (VP)</td></tr><tr><th style="padding:3px 5px;text-align:left;background:#f3f4f6;border-bottom:1px solid #d1d5db;width:30%;font-size:11px;font-weight:600;color:#1f2937;">Setor</th><td style="padding:3px 5px;border-bottom:1px solid #e5e7eb;font-size:11px;color:#111827;">CV10203VP0018</td></tr><tr><th style="padding:3px 5px;text-align:left;background:#f3f4f6;border-bottom:1px solid #d1d5db;width:30%;font-size:11px;font-weight:600;color:#1f2937;">Tipo de Serviço</th><td style="padding:3px 5px;border-bottom:1px solid #e5e7eb;font-size:11px;color:#111827;">Varrição de Praças</td></tr><tr><th style="padding:3px 5px;text-align:left;background:#f3f4f6;border-bottom:1px solid #d1d5db;width:30%;font-size:11px;font-weight:600;color:#1f2937;">Nome</th><td style="padding:3px 5px;border-bottom:1px solid #e5e7eb;font-size:11px;color:#111827;">Praça Canaã</td></tr><tr><th style="padding:3px 5px;text-align:left;background:#f3f4f6;border-bottom:1px solid #d1d5db;width:30%;font-size:11px;font-weight:600;color:#1f2937;">Logradouro</th><td style="padding:3px 5px;border-bottom:1px solid #e5e7eb;font-size:11px;color:#111827;">R Cel Joaquim de Freitas</td></tr><tr><th style="padding:3px 5px;text-align:left;background:#f3f4f6;border-bottom:1px solid #d1d5db;width:30%;font-size:11px;font-weight:600;color:#1f2937;">Subprefeitura</th><td style="padding:3px 5px;border-bottom:1px solid #e5e7eb;font-size:11px;color:#111827;">Casa Verde / Cachoeirinha</td></tr><tr><th style="padding:3px 5px;text-align:left;background:#f3f4f6;border-bottom:1px solid #d1d5db;width:30%;font-size:11px;font-weight:600;color:#1f2937;">Turno</th><td style="padding:3px 5px;border-bottom:1px solid #e5e7eb;font-size:11px;color:#111827;">Diurno</td></tr><tr><th style="padding:3px 5px;text-align:left;background:#f3f4f6;border-bottom:1px solid #d1d5db;width:30%;font-size:11px;font-weight:600;color:#1f2937;">Frequência</th><td style="padding:3px 5px;border-bottom:1px solid #e5e7eb;font-size:11px;color:#111827;">Alternada de Terça/Quinta/Sábado</td></tr><tr><th style="padding:3px 5px;text-align:left;background:#f3f4f6;border-bottom:1px solid #d1d5db;width:30%;font-size:11px;font-weight:600;color:#1f2937;">Cronograma</th><td style="padding:3px 5px;border-bottom:1px solid #e5e7eb;font-size:11px;color:#111827;">—</td></tr></table>]]></description><Polygon><outerBoundaryIs><LinearRing><coordinates>-46.6699400,-23.5009300,0 -46.6698700,-23.5010800,0 -46.6698400,-23.5012300,0 -46.6698300,-23.5016100,0 -46.6698500,-23.5017700,0 -46.6699600,-23.5021600,0 -46.6700400,-23.5023000,0 -46.6702700,-23.5025300,0 -46.6705800,-23.5026700,0 -46.6709200,-23.5027100,0 -46.6710800,-23.5026900,0 -46.6715000,-23.5025900,0 -46.6716600,-23.5025100,0 -46.6717900,-23.5024200,0 -46.6719100,-23.5023000,0 -46.6720000,-23.5021700,0 -46.6720600,-23.5020200,0 -46.6721100,-23.5017600,0 -46.6720500,-23.5014500,0 -46.6716900,-23.5007300,0 -46.6714600,-23.5005000,0 -46.6711500,-23.5003600,0 -46.6709800,-23.5003300,0 -46.6706400,-23.5003500,0 -46.6703300,-23.5004700,0 -46.6702000,-23.5005700,0 -46.6700800,-23.5006900,0 -46.6699400,-23.5009300,0</coordinates></LinearRing></outerBoundaryIs></Polygon></Placemark>
<Style id="s-VP-18">
<LineStyle><color>ff2fffad</color><width>2.0</width></LineStyle>
<PolyStyle><color>ff2fffad</color></PolyStyle>
<IconStyle><color>ff2fffad</color><scale>0.55</scale>
<Icon><href>http://maps.google.com/mapfiles/kml/shapes/placemark_circle.png</href></Icon>
</IconStyle>
<LabelStyle><scale>0.65</scale></LabelStyle>
</Style><Placemark><name>Praça Mario Fabre</name><styleUrl>#s-VP-18</styleUrl><description><![CDATA[<table style="border-collapse:collapse;width:100%;font-family:'Helvetica Neue',Helvetica,Arial,sans-serif;font-size:11px;border:1px solid #e5e7eb;border-radius:8px;overflow:hidden;"><tr><th colspan="2" style="padding:5px 8px;background:#1f6feb;color:#fff;text-align:left;font-size:12px;font-weight:600;">Praça Mario Fabre</th></tr><tr><th style="padding:3px 5px;text-align:left;background:#f3f4f6;border-bottom:1px solid #d1d5db;width:30%;font-size:11px;font-weight:600;color:#1f2937;">Serviço</th><td style="padding:3px 5px;border-bottom:1px solid #e5e7eb;font-size:11px;color:#111827;">Varrição de Praças (VP)</td></tr><tr><th style="padding:3px 5px;text-align:left;background:#f3f4f6;border-bottom:1px solid #d1d5db;width:30%;font-size:11px;font-weight:600;color:#1f2937;">Setor</th><td style="padding:3px 5px;border-bottom:1px solid #e5e7eb;font-size:11px;color:#111827;">CV10203VP0019</td></tr><tr><th style="padding:3px 5px;text-align:left;background:#f3f4f6;border-bottom:1px solid #d1d5db;width:30%;font-size:11px;font-weight:600;color:#1f2937;">Tipo de Serviço</th><td style="padding:3px 5px;border-bottom:1px solid #e5e7eb;font-size:11px;color:#111827;">Varrição de Praças</td></tr><tr><th style="padding:3px 5px;text-align:left;background:#f3f4f6;border-bottom:1px solid #d1d5db;width:30%;font-size:11px;font-weight:600;color:#1f2937;">Nome</th><td style="padding:3px 5px;border-bottom:1px solid #e5e7eb;font-size:11px;color:#111827;">Praça Mario Fabre</td></tr><tr><th style="padding:3px 5px;text-align:left;background:#f3f4f6;border-bottom:1px solid #d1d5db;width:30%;font-size:11px;font-weight:600;color:#1f2937;">Logradouro</th><td style="padding:3px 5px;border-bottom:1px solid #e5e7eb;font-size:11px;color:#111827;">R Eneias Carrilho</td></tr><tr><th style="padding:3px 5px;text-align:left;background:#f3f4f6;border-bottom:1px solid #d1d5db;width:30%;font-size:11px;font-weight:600;color:#1f2937;">Subprefeitura</th><td style="padding:3px 5px;border-bottom:1px solid #e5e7eb;font-size:11px;color:#111827;">Casa Verde / Cachoeirinha</td></tr><tr><th style="padding:3px 5px;text-align:left;background:#f3f4f6;border-bottom:1px solid #d1d5db;width:30%;font-size:11px;font-weight:600;color:#1f2937;">Turno</th><td style="padding:3px 5px;border-bottom:1px solid #e5e7eb;font-size:11px;color:#111827;">Diurno</td></tr><tr><th style="padding:3px 5px;text-align:left;background:#f3f4f6;border-bottom:1px solid #d1d5db;width:30%;font-size:11px;font-weight:600;color:#1f2937;">Frequência</th><td style="padding:3px 5px;border-bottom:1px solid #e5e7eb;font-size:11px;color:#111827;">Alternada de Terça/Quinta/Sábado</td></tr><tr><th style="padding:3px 5px;text-align:left;background:#f3f4f6;border-bottom:1px solid #d1d5db;width:30%;font-size:11px;font-weight:600;color:#1f2937;">Cronograma</th><td style="padding:3px 5px;border-bottom:1px solid #e5e7eb;font-size:11px;color:#111827;">—</td></tr></table>]]></description><Polygon><outerBoundaryIs><LinearRing><coordinates>-46.6875300,-23.5038100,0 -46.6877000,-23.5037900,0 -46.6878600,-23.5037400,0 -46.6880100,-23.5036600,0 -46.6882600,-23.5034400,0 -46.6883400,-23.5033100,0 -46.6884400,-23.5030100,0 -46.6884300,-23.5027600,0 -46.6883600,-23.5025600,0 -46.6881400,-23.5021400,0 -46.6879100,-23.5019100,0 -46.6876000,-23.5017700,0 -46.6874300,-23.5017400,0 -46.6872600,-23.5017400,0 -46.6869300,-23.5018200,0 -46.6867800,-23.5018900,0 -46.6865300,-23.5021100,0 -46.6863900,-23.5023200,0 -46.6862700,-23.5026600,0 -46.6862300,-23.5028200,0 -46.6862200,-23.5029700,0 -46.6862400,-23.5031300,0 -46.6863700,-23.5034200,0 -46.6866000,-23.5036500,0 -46.6867500,-23.5037300,0 -46.6870700,-23.5038300,0 -46.6875300,-23.5038100,0</coordinates></LinearRing></outerBoundaryIs></Polygon></Placemark>
<Style id="s-VP-19">
<LineStyle><color>ff2fffad</color><width>2.0</width></LineStyle>
<PolyStyle><color>ff2fffad</color></PolyStyle>
<IconStyle><color>ff2fffad</color><scale>0.55</scale>
<Icon><href>http://maps.google.com/mapfiles/kml/shapes/placemark_circle.png</href></Icon>
</IconStyle>
<LabelStyle><scale>0.65</scale></LabelStyle>
</Style><Placemark><name>Praça Radta Manoel de Nobrega</name><styleUrl>#s-VP-19</styleUrl><description><![CDATA[<table style="border-collapse:collapse;width:100%;font-family:'Helvetica Neue',Helvetica,Arial,sans-serif;font-size:11px;border:1px solid #e5e7eb;border-radius:8px;overflow:hidden;"><tr><th colspan="2" style="padding:5px 8px;background:#1f6feb;color:#fff;text-align:left;font-size:12px;font-weight:600;">Praça Radta Manoel de Nobrega</th></tr><tr><th style="padding:3px 5px;text-align:left;background:#f3f4f6;border-bottom:1px solid #d1d5db;width:30%;font-size:11px;font-weight:600;color:#1f2937;">Serviço</th><td style="padding:3px 5px;border-bottom:1px solid #e5e7eb;font-size:11px;color:#111827;">Varrição de Praças (VP)</td></tr><tr><th style="padding:3px 5px;text-align:left;background:#f3f4f6;border-bottom:1px solid #d1d5db;width:30%;font-size:11px;font-weight:600;color:#1f2937;">Setor</th><td style="padding:3px 5px;border-bottom:1px solid #e5e7eb;font-size:11px;color:#111827;">CV10203VP0020</td></tr><tr><th style="padding:3px 5px;text-align:left;background:#f3f4f6;border-bottom:1px solid #d1d5db;width:30%;font-size:11px;font-weight:600;color:#1f2937;">Tipo de Serviço</th><td style="padding:3px 5px;border-bottom:1px solid #e5e7eb;font-size:11px;color:#111827;">Varrição de Praças</td></tr><tr><th style="padding:3px 5px;text-align:left;background:#f3f4f6;border-bottom:1px solid #d1d5db;width:30%;font-size:11px;font-weight:600;color:#1f2937;">Nome</th><td style="padding:3px 5px;border-bottom:1px solid #e5e7eb;font-size:11px;color:#111827;">Praça Radta Manoel de Nobrega</td></tr><tr><th style="padding:3px 5px;text-align:left;background:#f3f4f6;border-bottom:1px solid #d1d5db;width:30%;font-size:11px;font-weight:600;color:#1f2937;">Logradouro</th><td style="padding:3px 5px;border-bottom:1px solid #e5e7eb;font-size:11px;color:#111827;">R Xiro</td></tr><tr><th style="padding:3px 5px;text-align:left;background:#f3f4f6;border-bottom:1px solid #d1d5db;width:30%;font-size:11px;font-weight:600;color:#1f2937;">Subprefeitura</th><td style="padding:3px 5px;border-bottom:1px solid #e5e7eb;font-size:11px;color:#111827;">Casa Verde / Cachoeirinha</td></tr><tr><th style="padding:3px 5px;text-align:left;background:#f3f4f6;border-bottom:1px solid #d1d5db;width:30%;font-size:11px;font-weight:600;color:#1f2937;">Turno</th><td style="padding:3px 5px;border-bottom:1px solid #e5e7eb;font-size:11px;color:#111827;">Diurno</td></tr><tr><th style="padding:3px 5px;text-align:left;background:#f3f4f6;border-bottom:1px solid #d1d5db;width:30%;font-size:11px;font-weight:600;color:#1f2937;">Frequência</th><td style="padding:3px 5px;border-bottom:1px solid #e5e7eb;font-size:11px;color:#111827;">Alternada de Terça/Quinta/Sábado</td></tr><tr><th style="padding:3px 5px;text-align:left;background:#f3f4f6;border-bottom:1px solid #d1d5db;width:30%;font-size:11px;font-weight:600;color:#1f2937;">Cronograma</th><td style="padding:3px 5px;border-bottom:1px solid #e5e7eb;font-size:11px;color:#111827;">—</td></tr></table>]]></description><Polygon><outerBoundaryIs><LinearRing><coordinates>-46.6646100,-23.5083900,0 -46.6647500,-23.5083100,0 -46.6649900,-23.5080800,0 -46.6650700,-23.5079400,0 -46.6651200,-23.5077900,0 -46.6651400,-23.5076400,0 -46.6651300,-23.5074300,0 -46.6650800,-23.5072800,0 -46.6650100,-23.5071400,0 -46.6649100,-23.5070100,0 -46.6647900,-23.5069000,0 -46.6645000,-23.5067400,0 -46.6643300,-23.5067000,0 -46.6632600,-23.5066500,0 -46.6629300,-23.5067400,0 -46.6627900,-23.5068200,0 -46.6625500,-23.5070500,0 -46.6624700,-23.5071900,0 -46.6623900,-23.5074900,0 -46.6624400,-23.5080200,0 -46.6624700,-23.5081700,0 -46.6625300,-23.5083200,0 -46.6626200,-23.5084600,0 -46.6627300,-23.5085800,0 -46.6628600,-23.5086800,0 -46.6631700,-23.5088100,0 -46.6635100,-23.5088300,0 -46.6636800,-23.5088000,0 -46.6638700,-23.5087400,0 -46.6646100,-23.5083900,0</coordinates></LinearRing></outerBoundaryIs></Polygon></Placemark>
<Style id="s-VP-20">
<LineStyle><color>ff2fffad</color><width>2.0</width></LineStyle>
<PolyStyle><color>ff2fffad</color></PolyStyle>
<IconStyle><color>ff2fffad</color><scale>0.55</scale>
<Icon><href>http://maps.google.com/mapfiles/kml/shapes/placemark_circle.png</href></Icon>
</IconStyle>
<LabelStyle><scale>0.65</scale></LabelStyle>
</Style><Placemark><name>Praça Centenário</name><styleUrl>#s-VP-20</styleUrl><description><![CDATA[<table style="border-collapse:collapse;width:100%;font-family:'Helvetica Neue',Helvetica,Arial,sans-serif;font-size:11px;border:1px solid #e5e7eb;border-radius:8px;overflow:hidden;"><tr><th colspan="2" style="padding:5px 8px;background:#1f6feb;color:#fff;text-align:left;font-size:12px;font-weight:600;">Praça Centenário</th></tr><tr><th style="padding:3px 5px;text-align:left;background:#f3f4f6;border-bottom:1px solid #d1d5db;width:30%;font-size:11px;font-weight:600;color:#1f2937;">Serviço</th><td style="padding:3px 5px;border-bottom:1px solid #e5e7eb;font-size:11px;color:#111827;">Varrição de Praças (VP)</td></tr><tr><th style="padding:3px 5px;text-align:left;background:#f3f4f6;border-bottom:1px solid #d1d5db;width:30%;font-size:11px;font-weight:600;color:#1f2937;">Setor</th><td style="padding:3px 5px;border-bottom:1px solid #e5e7eb;font-size:11px;color:#111827;">CV10203VP0021</td></tr><tr><th style="padding:3px 5px;text-align:left;background:#f3f4f6;border-bottom:1px solid #d1d5db;width:30%;font-size:11px;font-weight:600;color:#1f2937;">Tipo de Serviço</th><td style="padding:3px 5px;border-bottom:1px solid #e5e7eb;font-size:11px;color:#111827;">Varrição de Praças</td></tr><tr><th style="padding:3px 5px;text-align:left;background:#f3f4f6;border-bottom:1px solid #d1d5db;width:30%;font-size:11px;font-weight:600;color:#1f2937;">Nome</th><td style="padding:3px 5px;border-bottom:1px solid #e5e7eb;font-size:11px;color:#111827;">Praça Centenário</td></tr><tr><th style="padding:3px 5px;text-align:left;background:#f3f4f6;border-bottom:1px solid #d1d5db;width:30%;font-size:11px;font-weight:600;color:#1f2937;">Logradouro</th><td style="padding:3px 5px;border-bottom:1px solid #e5e7eb;font-size:11px;color:#111827;">R Barore</td></tr><tr><th style="padding:3px 5px;text-align:left;background:#f3f4f6;border-bottom:1px solid #d1d5db;width:30%;font-size:11px;font-weight:600;color:#1f2937;">Subprefeitura</th><td style="padding:3px 5px;border-bottom:1px solid #e5e7eb;font-size:11px;color:#111827;">Casa Verde / Cachoeirinha</td></tr><tr><th style="padding:3px 5px;text-align:left;background:#f3f4f6;border-bottom:1px solid #d1d5db;width:30%;font-size:11px;font-weight:600;color:#1f2937;">Turno</th><td style="padding:3px 5px;border-bottom:1px solid #e5e7eb;font-size:11px;color:#111827;">Diurno</td></tr><tr><th style="padding:3px 5px;text-align:left;background:#f3f4f6;border-bottom:1px solid #d1d5db;width:30%;font-size:11px;font-weight:600;color:#1f2937;">Frequência</th><td style="padding:3px 5px;border-bottom:1px solid #e5e7eb;font-size:11px;color:#111827;">Alternada de Terça/Quinta/Sábado</td></tr><tr><th style="padding:3px 5px;text-align:left;background:#f3f4f6;border-bottom:1px solid #d1d5db;width:30%;font-size:11px;font-weight:600;color:#1f2937;">Cronograma</th><td style="padding:3px 5px;border-bottom:1px solid #e5e7eb;font-size:11px;color:#111827;">—</td></tr></table>]]></description><Polygon><outerBoundaryIs><LinearRing><coordinates>-46.6561700,-23.5085600,0 -46.6558200,-23.5089300,0 -46.6556800,-23.5092200,0 -46.6556600,-23.5093700,0 -46.6556600,-23.5095300,0 -46.6557000,-23.5096800,0 -46.6557700,-23.5098300,0 -46.6559700,-23.5100800,0 -46.6562200,-23.5102300,0 -46.6569500,-23.5105700,0 -46.6571100,-23.5106300,0 -46.6572800,-23.5106600,0 -46.6574500,-23.5106700,0 -46.6576200,-23.5106500,0 -46.6579300,-23.5105300,0 -46.6580700,-23.5104300,0 -46.6582700,-23.5101800,0 -46.6583400,-23.5100300,0 -46.6583800,-23.5097700,0 -46.6583700,-23.5096200,0 -46.6580800,-23.5085400,0 -46.6580000,-23.5084000,0 -46.6578900,-23.5082800,0 -46.6577700,-23.5081700,0 -46.6576200,-23.5080900,0 -46.6574600,-23.5080300,0 -46.6571300,-23.5079900,0 -46.6567900,-23.5080600,0 -46.6566400,-23.5081400,0 -46.6565100,-23.5082300,0 -46.6561700,-23.5085600,0</coordinates></LinearRing></outerBoundaryIs></Polygon></Placemark>
<Style id="s-VP-21">
<LineStyle><color>ff2fffad</color><width>2.0</width></LineStyle>
<PolyStyle><color>ff2fffad</color></PolyStyle>
<IconStyle><color>ff2fffad</color><scale>0.55</scale>
<Icon><href>http://maps.google.com/mapfiles/kml/shapes/placemark_circle.png</href></Icon>
</IconStyle>
<LabelStyle><scale>0.65</scale></LabelStyle>
</Style><Placemark><name>Praça General Fernando Valente Pamplona</name><styleUrl>#s-VP-21</styleUrl><description><![CDATA[<table style="border-collapse:collapse;width:100%;font-family:'Helvetica Neue',Helvetica,Arial,sans-serif;font-size:11px;border:1px solid #e5e7eb;border-radius:8px;overflow:hidden;"><tr><th colspan="2" style="padding:5px 8px;background:#1f6feb;color:#fff;text-align:left;font-size:12px;font-weight:600;">Praça General Fernando Valente Pamplona</th></tr><tr><th style="padding:3px 5px;text-align:left;background:#f3f4f6;border-bottom:1px solid #d1d5db;width:30%;font-size:11px;font-weight:600;color:#1f2937;">Serviço</th><td style="padding:3px 5px;border-bottom:1px solid #e5e7eb;font-size:11px;color:#111827;">Varrição de Praças (VP)</td></tr><tr><th style="padding:3px 5px;text-align:left;background:#f3f4f6;border-bottom:1px solid #d1d5db;width:30%;font-size:11px;font-weight:600;color:#1f2937;">Setor</th><td style="padding:3px 5px;border-bottom:1px solid #e5e7eb;font-size:11px;color:#111827;">CV10203VP0022</td></tr><tr><th style="padding:3px 5px;text-align:left;background:#f3f4f6;border-bottom:1px solid #d1d5db;width:30%;font-size:11px;font-weight:600;color:#1f2937;">Tipo de Serviço</th><td style="padding:3px 5px;border-bottom:1px solid #e5e7eb;font-size:11px;color:#111827;">Varrição de Praças</td></tr><tr><th style="padding:3px 5px;text-align:left;background:#f3f4f6;border-bottom:1px solid #d1d5db;width:30%;font-size:11px;font-weight:600;color:#1f2937;">Nome</th><td style="padding:3px 5px;border-bottom:1px solid #e5e7eb;font-size:11px;color:#111827;">Praça General Fernando Valente Pamplona</td></tr><tr><th style="padding:3px 5px;text-align:left;background:#f3f4f6;border-bottom:1px solid #d1d5db;width:30%;font-size:11px;font-weight:600;color:#1f2937;">Logradouro</th><td style="padding:3px 5px;border-bottom:1px solid #e5e7eb;font-size:11px;color:#111827;">R Tibaes</td></tr><tr><th style="padding:3px 5px;text-align:left;background:#f3f4f6;border-bottom:1px solid #d1d5db;width:30%;font-size:11px;font-weight:600;color:#1f2937;">Subprefeitura</th><td style="padding:3px 5px;border-bottom:1px solid #e5e7eb;font-size:11px;color:#111827;">Casa Verde / Cachoeirinha</td></tr><tr><th style="padding:3px 5px;text-align:left;background:#f3f4f6;border-bottom:1px solid #d1d5db;width:30%;font-size:11px;font-weight:600;color:#1f2937;">Turno</th><td style="padding:3px 5px;border-bottom:1px solid #e5e7eb;font-size:11px;color:#111827;">Diurno</td></tr><tr><th style="padding:3px 5px;text-align:left;background:#f3f4f6;border-bottom:1px solid #d1d5db;width:30%;font-size:11px;font-weight:600;color:#1f2937;">Frequência</th><td style="padding:3px 5px;border-bottom:1px solid #e5e7eb;font-size:11px;color:#111827;">Alternada de Terça/Quinta/Sábado</td></tr><tr><th style="padding:3px 5px;text-align:left;background:#f3f4f6;border-bottom:1px solid #d1d5db;width:30%;font-size:11px;font-weight:600;color:#1f2937;">Cronograma</th><td style="padding:3px 5px;border-bottom:1px solid #e5e7eb;font-size:11px;color:#111827;">—</td></tr></table>]]></description><Polygon><outerBoundaryIs><LinearRing><coordinates>-46.6496900,-23.5060400,0 -46.6510500,-23.5051100,0 -46.6495300,-23.5071800,0 -46.6496900,-23.5060500,0 -46.6508900,-23.5050500,0 -46.6495300,-23.5072000,0 -46.6497700,-23.5061900,0 -46.6508100,-23.5050300,0 -46.6495500,-23.5073100,0 -46.6498700,-23.5063100,0 -46.6507800,-23.5050200,0 -46.6495800,-23.5074700,0 -46.6498900,-23.5063200,0 -46.6506100,-23.5050000,0 -46.6495800,-23.5074800,0 -46.6500100,-23.5064300,0 -46.6504400,-23.5050000,0 -46.6496100,-23.5076400,0 -46.6501100,-23.5064900,0 -46.6502700,-23.5050300,0 -46.6496200,-23.5076600,0 -46.6501400,-23.5065000,0 -46.6501100,-23.5050900,0 -46.6496600,-23.5078100,0 -46.6501800,-23.5065200,0 -46.6499600,-23.5051800,0 -46.6496800,-23.5078600,0 -46.6503000,-23.5065800,0 -46.6498400,-23.5052800,0 -46.6496900,-23.5078800,0 -46.6504600,-23.5066400,0 -46.6497300,-23.5054000,0 -46.6497700,-23.5080200,0 -46.6506300,-23.5066800,0 -46.6496500,-23.5055400,0 -46.6498700,-23.5081400,0 -46.6508000,-23.5066900,0 -46.6496000,-23.5056800,0 -46.6500000,-23.5082400,0 -46.6509700,-23.5066700,0 -46.6495500,-23.5058400,0 -46.6501400,-23.5083300,0 -46.6511300,-23.5066200,0 -46.6495400,-23.5058700,0 -46.6503000,-23.5083900,0 -46.6512800,-23.5065500,0 -46.6495200,-23.5059900,0 -46.6503100,-23.5083900,0 -46.6514200,-23.5064500,0 -46.6495100,-23.5060200,0 -46.6504200,-23.5084200,0 -46.6515300,-23.5063400,0 -46.6495000,-23.5061100,0 -46.6504300,-23.5084200,0 -46.6516300,-23.5062100,0 -46.6494900,-23.5061600,0 -46.6504600,-23.5084300,0 -46.6516900,-23.5060600,0 -46.6494800,-23.5062600,0 -46.6506300,-23.5084600,0 -46.6517200,-23.5059700,0 -46.6494700,-23.5062900,0 -46.6506600,-23.5084700,0 -46.6517200,-23.5059600,0 -46.6494700,-23.5063600,0 -46.6506700,-23.5084700,0 -46.6517400,-23.5058000,0 -46.6494600,-23.5063900,0 -46.6507500,-23.5084700,0 -46.6517400,-23.5057800,0 -46.6494600,-23.5064600,0 -46.6507600,-23.5084700,0 -46.6517400,-23.5057100,0 -46.6494600,-23.5065000,0 -46.6509300,-23.5084600,0 -46.6517500,-23.5055600,0 -46.6494600,-23.5065400,0 -46.6509600,-23.5084500,0 -46.6517500,-23.5055500,0 -46.6494600,-23.5065700,0 -46.6509700,-23.5084500,0 -46.6517500,-23.5055300,0 -46.6494600,-23.5066300,0 -46.6511400,-23.5084000,0 -46.6517500,-23.5054800,0 -46.6494600,-23.5066500,0 -46.6512500,-23.5083600,0 -46.6517400,-23.5054400,0 -46.6494700,-23.5066800,0 -46.6512600,-23.5083500,0 -46.6517300,-23.5052500,0 -46.6494900,-23.5068400,0 -46.6514000,-23.5082600,0 -46.6517200,-23.5052200,0 -46.6495400,-23.5069900,0 -46.6515200,-23.5081700,0 -46.6517100,-23.5051300,0 -46.6496200,-23.5071300,0 -46.6515300,-23.5081500,0 -46.6517100,-23.5050700,0 -46.6497300,-23.5072500,0 -46.6516300,-23.5080300,0 -46.6516900,-23.5049600,0 -46.6498500,-23.5073600,0 -46.6516600,-23.5079900,0 -46.6516800,-23.5049500,0 -46.6500000,-23.5074400,0 -46.6516700,-23.5079800,0 -46.6516700,-23.5048800,0 -46.6501600,-23.5075000,0 -46.6517400,-23.5078400,0 -46.6516500,-23.5048100,0 -46.6503200,-23.5075300,0 -46.6517400,-23.5078200,0 -46.6516300,-23.5047300,0 -46.6505500,-23.5075600,0 -46.6517900,-23.5076700,0 -46.6516000,-23.5046400,0 -46.6507300,-23.5075700,0 -46.6518000,-23.5075600,0 -46.6515800,-23.5045800,0 -46.6508900,-23.5075500,0 -46.6518000,-23.5075400,0 -46.6515700,-23.5045400,0 -46.6510600,-23.5075000,0 -46.6518100,-23.5074900,0 -46.6515600,-23.5045200,0 -46.6512100,-23.5074300,0 -46.6518100,-23.5074700,0 -46.6515400,-23.5044700,0 -46.6513500,-23.5073300,0 -46.6518000,-23.5073700,0 -46.6515300,-23.5044300,0 -46.6514600,-23.5072200,0 -46.6518000,-23.5073400,0 -46.6514900,-23.5043600,0 -46.6515500,-23.5070800,0 -46.6517900,-23.5072900,0 -46.6514800,-23.5043400,0 -46.6516200,-23.5069400,0 -46.6517700,-23.5072100,0 -46.6514100,-23.5041800,0 -46.6516600,-23.5067900,0 -46.6517700,-23.5071900,0 -46.6514100,-23.5041800,0 -46.6516700,-23.5066700,0 -46.6517300,-23.5070000,0 -46.6513400,-23.5040300,0 -46.6516700,-23.5065300,0 -46.6517000,-23.5068700,0 -46.6513200,-23.5040000,0 -46.6517000,-23.5062500,0 -46.6516800,-23.5067900,0 -46.6513000,-23.5039700,0 -46.6517000,-23.5062400,0 -46.6516800,-23.5067400,0 -46.6512200,-23.5038400,0 -46.6517100,-23.5061000,0 -46.6516400,-23.5065900,0 -46.6511000,-23.5037200,0 -46.6517100,-23.5060300,0 -46.6515800,-23.5064400,0 -46.6509700,-23.5036200,0 -46.6517100,-23.5060000,0 -46.6514900,-23.5063100,0 -46.6508200,-23.5035400,0 -46.6517000,-23.5058500,0 -46.6513800,-23.5061900,0 -46.6506600,-23.5034900,0 -46.6517000,-23.5058400,0 -46.6512400,-23.5061000,0 -46.6504900,-23.5034700,0 -46.6516900,-23.5058300,0 -46.6510900,-23.5060200,0 -46.6503200,-23.5034700,0 -46.6516700,-23.5057300,0 -46.6509300,-23.5059700,0 -46.6501500,-23.5035000,0 -46.6516700,-23.5057200,0 -46.6508400,-23.5059600,0 -46.6500100,-23.5035500,0 -46.6516000,-23.5055800,0 -46.6506000,-23.5059300,0 -46.6498800,-23.5036000,0 -46.6515100,-23.5054400,0 -46.6504300,-23.5059200,0 -46.6498700,-23.5036100,0 -46.6514000,-23.5053300,0 -46.6502600,-23.5059400,0 -46.6498200,-23.5036300,0 -46.6513600,-23.5053000,0 -46.6500900,-23.5059800,0 -46.6496800,-23.5037100,0 -46.6513400,-23.5052900,0 -46.6499400,-23.5060500,0 -46.6495500,-23.5038100,0 -46.6512100,-23.5052000,0 -46.6498000,-23.5061500,0 -46.6494400,-23.5039300,0 -46.6510800,-23.5051300,0 -46.6496900,-23.5062600,0 -46.6493500,-23.5040700,0 -46.6510600,-23.5051200,0 -46.6495900,-23.5063900,0 -46.6493000,-23.5042200,0 -46.6510500,-23.5051100,0 -46.6495300,-23.5065400,0 -46.6492700,-23.5043700,0 -46.6494900,-23.5066900,0 -46.6492700,-23.5045300,0 -46.6494800,-23.5068400,0 -46.6493100,-23.5046800,0 -46.6494900,-23.5069600,0 -46.6493700,-23.5048300,0 -46.6495300,-23.5071800,0 -46.6494600,-23.5049700,0 -46.6495800,-23.5051300,0 -46.6496200,-23.5054300,0 -46.6496200,-23.5058000,0 -46.6496900,-23.5060400,0</coordinates></LinearRing></outerBoundaryIs></Polygon></Placemark>
<Style id="s-VP-22">
<LineStyle><color>ff2fffad</color><width>2.0</width></LineStyle>
<PolyStyle><color>ff2fffad</color></PolyStyle>
<IconStyle><color>ff2fffad</color><scale>0.55</scale>
<Icon><href>http://maps.google.com/mapfiles/kml/shapes/placemark_circle.png</href></Icon>
</IconStyle>
<LabelStyle><scale>0.65</scale></LabelStyle>
</Style><Placemark><name>Praça António Franco Velasco</name><styleUrl>#s-VP-22</styleUrl><description><![CDATA[<table style="border-collapse:collapse;width:100%;font-family:'Helvetica Neue',Helvetica,Arial,sans-serif;font-size:11px;border:1px solid #e5e7eb;border-radius:8px;overflow:hidden;"><tr><th colspan="2" style="padding:5px 8px;background:#1f6feb;color:#fff;text-align:left;font-size:12px;font-weight:600;">Praça António Franco Velasco</th></tr><tr><th style="padding:3px 5px;text-align:left;background:#f3f4f6;border-bottom:1px solid #d1d5db;width:30%;font-size:11px;font-weight:600;color:#1f2937;">Serviço</th><td style="padding:3px 5px;border-bottom:1px solid #e5e7eb;font-size:11px;color:#111827;">Varrição de Praças (VP)</td></tr><tr><th style="padding:3px 5px;text-align:left;background:#f3f4f6;border-bottom:1px solid #d1d5db;width:30%;font-size:11px;font-weight:600;color:#1f2937;">Setor</th><td style="padding:3px 5px;border-bottom:1px solid #e5e7eb;font-size:11px;color:#111827;">CV10203VP0023</td></tr><tr><th style="padding:3px 5px;text-align:left;background:#f3f4f6;border-bottom:1px solid #d1d5db;width:30%;font-size:11px;font-weight:600;color:#1f2937;">Tipo de Serviço</th><td style="padding:3px 5px;border-bottom:1px solid #e5e7eb;font-size:11px;color:#111827;">Varrição de Praças</td></tr><tr><th style="padding:3px 5px;text-align:left;background:#f3f4f6;border-bottom:1px solid #d1d5db;width:30%;font-size:11px;font-weight:600;color:#1f2937;">Nome</th><td style="padding:3px 5px;border-bottom:1px solid #e5e7eb;font-size:11px;color:#111827;">Praça António Franco Velasco</td></tr><tr><th style="padding:3px 5px;text-align:left;background:#f3f4f6;border-bottom:1px solid #d1d5db;width:30%;font-size:11px;font-weight:600;color:#1f2937;">Logradouro</th><td style="padding:3px 5px;border-bottom:1px solid #e5e7eb;font-size:11px;color:#111827;">R Carolina Soares</td></tr><tr><th style="padding:3px 5px;text-align:left;background:#f3f4f6;border-bottom:1px solid #d1d5db;width:30%;font-size:11px;font-weight:600;color:#1f2937;">Subprefeitura</th><td style="padding:3px 5px;border-bottom:1px solid #e5e7eb;font-size:11px;color:#111827;">Casa Verde / Cachoeirinha</td></tr><tr><th style="padding:3px 5px;text-align:left;background:#f3f4f6;border-bottom:1px solid #d1d5db;width:30%;font-size:11px;font-weight:600;color:#1f2937;">Turno</th><td style="padding:3px 5px;border-bottom:1px solid #e5e7eb;font-size:11px;color:#111827;">Diurno</td></tr><tr><th style="padding:3px 5px;text-align:left;background:#f3f4f6;border-bottom:1px solid #d1d5db;width:30%;font-size:11px;font-weight:600;color:#1f2937;">Frequência</th><td style="padding:3px 5px;border-bottom:1px solid #e5e7eb;font-size:11px;color:#111827;">Alternada de Terça/Quinta/Sábado</td></tr><tr><th style="padding:3px 5px;text-align:left;background:#f3f4f6;border-bottom:1px solid #d1d5db;width:30%;font-size:11px;font-weight:600;color:#1f2937;">Cronograma</th><td style="padding:3px 5px;border-bottom:1px solid #e5e7eb;font-size:11px;color:#111827;">—</td></tr></table>]]></description><Polygon><outerBoundaryIs><LinearRing><coordinates>-46.6713700,-23.5026300,0 -46.6717600,-23.5025300,0 -46.6720400,-23.5023600,0 -46.6721500,-23.5022400,0 -46.6722400,-23.5021000,0 -46.6723000,-23.5019600,0 -46.6723400,-23.5018000,0 -46.6723300,-23.5015500,0 -46.6722800,-23.5014000,0 -46.6722100,-23.5012600,0 -46.6720500,-23.5010400,0 -46.6717700,-23.5007400,0 -46.6716500,-23.5006300,0 -46.6713300,-23.5004200,0 -46.6711700,-23.5003600,0 -46.6708300,-23.5003200,0 -46.6706600,-23.5003400,0 -46.6705000,-23.5003900,0 -46.6703500,-23.5004600,0 -46.6702100,-23.5005600,0 -46.6701000,-23.5006700,0 -46.6699400,-23.5009500,0 -46.6699000,-23.5011000,0 -46.6699000,-23.5012600,0 -46.6699200,-23.5014200,0 -46.6699700,-23.5015600,0 -46.6703200,-23.5022600,0 -46.6705500,-23.5024800,0 -46.6708600,-23.5026200,0 -46.6710300,-23.5026500,0 -46.6713700,-23.5026300,0</coordinates></LinearRing></outerBoundaryIs></Polygon></Placemark>
<Style id="s-VP-23">
<LineStyle><color>ff82004b</color><width>2.0</width></LineStyle>
<PolyStyle><color>ff82004b</color></PolyStyle>
<IconStyle><color>ff82004b</color><scale>0.55</scale>
<Icon><href>http://maps.google.com/mapfiles/kml/shapes/placemark_circle.png</href></Icon>
</IconStyle>
<LabelStyle><scale>0.65</scale></LabelStyle>
</Style><Placemark><name>Praça Comandante Eduardo de Oliveira</name><styleUrl>#s-VP-23</styleUrl><description><![CDATA[<table style="border-collapse:collapse;width:100%;font-family:'Helvetica Neue',Helvetica,Arial,sans-serif;font-size:11px;border:1px solid #e5e7eb;border-radius:8px;overflow:hidden;"><tr><th colspan="2" style="padding:5px 8px;background:#1f6feb;color:#fff;text-align:left;font-size:12px;font-weight:600;">Praça Comandante Eduardo de Oliveira</th></tr><tr><th style="padding:3px 5px;text-align:left;background:#f3f4f6;border-bottom:1px solid #d1d5db;width:30%;font-size:11px;font-weight:600;color:#1f2937;">Serviço</th><td style="padding:3px 5px;border-bottom:1px solid #e5e7eb;font-size:11px;color:#111827;">Varrição de Praças (VP)</td></tr><tr><th style="padding:3px 5px;text-align:left;background:#f3f4f6;border-bottom:1px solid #d1d5db;width:30%;font-size:11px;font-weight:600;color:#1f2937;">Setor</th><td style="padding:3px 5px;border-bottom:1px solid #e5e7eb;font-size:11px;color:#111827;">JT10101VP0001</td></tr><tr><th style="padding:3px 5px;text-align:left;background:#f3f4f6;border-bottom:1px solid #d1d5db;width:30%;font-size:11px;font-weight:600;color:#1f2937;">Tipo de Serviço</th><td style="padding:3px 5px;border-bottom:1px solid #e5e7eb;font-size:11px;color:#111827;">Varrição de Praças</td></tr><tr><th style="padding:3px 5px;text-align:left;background:#f3f4f6;border-bottom:1px solid #d1d5db;width:30%;font-size:11px;font-weight:600;color:#1f2937;">Nome</th><td style="padding:3px 5px;border-bottom:1px solid #e5e7eb;font-size:11px;color:#111827;">Praça Comandante Eduardo de Oliveira</td></tr><tr><th style="padding:3px 5px;text-align:left;background:#f3f4f6;border-bottom:1px solid #d1d5db;width:30%;font-size:11px;font-weight:600;color:#1f2937;">Logradouro</th><td style="padding:3px 5px;border-bottom:1px solid #e5e7eb;font-size:11px;color:#111827;">R Jorge Newbery</td></tr><tr><th style="padding:3px 5px;text-align:left;background:#f3f4f6;border-bottom:1px solid #d1d5db;width:30%;font-size:11px;font-weight:600;color:#1f2937;">Subprefeitura</th><td style="padding:3px 5px;border-bottom:1px solid #e5e7eb;font-size:11px;color:#111827;">Jaçanã / Tucuruvi</td></tr><tr><th style="padding:3px 5px;text-align:left;background:#f3f4f6;border-bottom:1px solid #d1d5db;width:30%;font-size:11px;font-weight:600;color:#1f2937;">Turno</th><td style="padding:3px 5px;border-bottom:1px solid #e5e7eb;font-size:11px;color:#111827;">Diurno</td></tr><tr><th style="padding:3px 5px;text-align:left;background:#f3f4f6;border-bottom:1px solid #d1d5db;width:30%;font-size:11px;font-weight:600;color:#1f2937;">Frequência</th><td style="padding:3px 5px;border-bottom:1px solid #e5e7eb;font-size:11px;color:#111827;">Diária</td></tr><tr><th style="padding:3px 5px;text-align:left;background:#f3f4f6;border-bottom:1px solid #d1d5db;width:30%;font-size:11px;font-weight:600;color:#1f2937;">Cronograma</th><td style="padding:3px 5px;border-bottom:1px solid #e5e7eb;font-size:11px;color:#111827;">—</td></tr></table>]]></description><Polygon><outerBoundaryIs><LinearRing><coordinates>-46.5660300,-23.4771900,0 -46.5660500,-23.4770500,0 -46.5660400,-23.4767500,0 -46.5659300,-23.4764000,0 -46.5657800,-23.4761600,0 -46.5655200,-23.4759100,0 -46.5654100,-23.4758400,0 -46.5652000,-23.4757400,0 -46.5649400,-23.4756600,0 -46.5646500,-23.4756300,0 -46.5643900,-23.4756500,0 -46.5641900,-23.4756900,0 -46.5638700,-23.4758300,0 -46.5636200,-23.4760200,0 -46.5634000,-23.4762700,0 -46.5632400,-23.4766500,0 -46.5632100,-23.4768100,0 -46.5632100,-23.4770600,0 -46.5632800,-23.4773600,0 -46.5634200,-23.4776300,0 -46.5635100,-23.4777600,0 -46.5636200,-23.4778800,0 -46.5639100,-23.4780700,0 -46.5640900,-23.4781500,0 -46.5643600,-23.4782200,0 -46.5647300,-23.4782400,0 -46.5649500,-23.4782100,0 -46.5651400,-23.4781600,0 -46.5654700,-23.4780000,0 -46.5656400,-23.4778600,0 -46.5658300,-23.4776400,0 -46.5659600,-23.4774200,0 -46.5660300,-23.4771900,0</coordinates></LinearRing></outerBoundaryIs></Polygon></Placemark>
<Style id="s-VP-24">
<LineStyle><color>ff82004b</color><width>2.0</width></LineStyle>
<PolyStyle><color>ff82004b</color></PolyStyle>
<IconStyle><color>ff82004b</color><scale>0.55</scale>
<Icon><href>http://maps.google.com/mapfiles/kml/shapes/placemark_circle.png</href></Icon>
</IconStyle>
<LabelStyle><scale>0.65</scale></LabelStyle>
</Style><Placemark><name>Praça João Batista Vasques</name><styleUrl>#s-VP-24</styleUrl><description><![CDATA[<table style="border-collapse:collapse;width:100%;font-family:'Helvetica Neue',Helvetica,Arial,sans-serif;font-size:11px;border:1px solid #e5e7eb;border-radius:8px;overflow:hidden;"><tr><th colspan="2" style="padding:5px 8px;background:#1f6feb;color:#fff;text-align:left;font-size:12px;font-weight:600;">Praça João Batista Vasques</th></tr><tr><th style="padding:3px 5px;text-align:left;background:#f3f4f6;border-bottom:1px solid #d1d5db;width:30%;font-size:11px;font-weight:600;color:#1f2937;">Serviço</th><td style="padding:3px 5px;border-bottom:1px solid #e5e7eb;font-size:11px;color:#111827;">Varrição de Praças (VP)</td></tr><tr><th style="padding:3px 5px;text-align:left;background:#f3f4f6;border-bottom:1px solid #d1d5db;width:30%;font-size:11px;font-weight:600;color:#1f2937;">Setor</th><td style="padding:3px 5px;border-bottom:1px solid #e5e7eb;font-size:11px;color:#111827;">JT10101VP0002</td></tr><tr><th style="padding:3px 5px;text-align:left;background:#f3f4f6;border-bottom:1px solid #d1d5db;width:30%;font-size:11px;font-weight:600;color:#1f2937;">Tipo de Serviço</th><td style="padding:3px 5px;border-bottom:1px solid #e5e7eb;font-size:11px;color:#111827;">Varrição de Praças</td></tr><tr><th style="padding:3px 5px;text-align:left;background:#f3f4f6;border-bottom:1px solid #d1d5db;width:30%;font-size:11px;font-weight:600;color:#1f2937;">Nome</th><td style="padding:3px 5px;border-bottom:1px solid #e5e7eb;font-size:11px;color:#111827;">Praça João Batista Vasques</td></tr><tr><th style="padding:3px 5px;text-align:left;background:#f3f4f6;border-bottom:1px solid #d1d5db;width:30%;font-size:11px;font-weight:600;color:#1f2937;">Logradouro</th><td style="padding:3px 5px;border-bottom:1px solid #e5e7eb;font-size:11px;color:#111827;">R Benjamin Pereira</td></tr><tr><th style="padding:3px 5px;text-align:left;background:#f3f4f6;border-bottom:1px solid #d1d5db;width:30%;font-size:11px;font-weight:600;color:#1f2937;">Subprefeitura</th><td style="padding:3px 5px;border-bottom:1px solid #e5e7eb;font-size:11px;color:#111827;">Jaçanã / Tucuruvi</td></tr><tr><th style="padding:3px 5px;text-align:left;background:#f3f4f6;border-bottom:1px solid #d1d5db;width:30%;font-size:11px;font-weight:600;color:#1f2937;">Turno</th><td style="padding:3px 5px;border-bottom:1px solid #e5e7eb;font-size:11px;color:#111827;">Diurno</td></tr><tr><th style="padding:3px 5px;text-align:left;background:#f3f4f6;border-bottom:1px solid #d1d5db;width:30%;font-size:11px;font-weight:600;color:#1f2937;">Frequência</th><td style="padding:3px 5px;border-bottom:1px solid #e5e7eb;font-size:11px;color:#111827;">Diária</td></tr><tr><th style="padding:3px 5px;text-align:left;background:#f3f4f6;border-bottom:1px solid #d1d5db;width:30%;font-size:11px;font-weight:600;color:#1f2937;">Cronograma</th><td style="padding:3px 5px;border-bottom:1px solid #e5e7eb;font-size:11px;color:#111827;">—</td></tr></table>]]></description><Polygon><outerBoundaryIs><LinearRing><coordinates>-46.5839600,-23.4667600,0 -46.5840500,-23.4667600,0 -46.5841900,-23.4668400,0 -46.5843500,-23.4669000,0 -46.5846900,-23.4669300,0 -46.5850200,-23.4668500,0 -46.5851700,-23.4667700,0 -46.5853000,-23.4666700,0 -46.5855000,-23.4664200,0 -46.5855600,-23.4662700,0 -46.5855900,-23.4661100,0 -46.5855800,-23.4658700,0 -46.5855300,-23.4657200,0 -46.5854600,-23.4655800,0 -46.5853800,-23.4654700,0 -46.5843600,-23.4643200,0 -46.5841600,-23.4641500,0 -46.5838500,-23.4640100,0 -46.5836900,-23.4639800,0 -46.5835100,-23.4639800,0 -46.5831800,-23.4640500,0 -46.5829000,-23.4642300,0 -46.5827900,-23.4643500,0 -46.5827000,-23.4644800,0 -46.5826400,-23.4646300,0 -46.5826100,-23.4647800,0 -46.5826000,-23.4649400,0 -46.5826400,-23.4651500,0 -46.5827300,-23.4654400,0 -46.5828800,-23.4660500,0 -46.5829300,-23.4662000,0 -46.5830200,-23.4663400,0 -46.5831200,-23.4664600,0 -46.5832500,-23.4665700,0 -46.5834800,-23.4666900,0 -46.5836500,-23.4667400,0 -46.5839600,-23.4667600,0</coordinates></LinearRing></outerBoundaryIs></Polygon></Placemark>
<Style id="s-VP-25">
<LineStyle><color>ff82004b</color><width>2.0</width></LineStyle>
<PolyStyle><color>ff82004b</color></PolyStyle>
<IconStyle><color>ff82004b</color><scale>0.55</scale>
<Icon><href>http://maps.google.com/mapfiles/kml/shapes/placemark_circle.png</href></Icon>
</IconStyle>
<LabelStyle><scale>0.65</scale></LabelStyle>
</Style><Placemark><name>Praça Comandante Alberto de Souza</name><styleUrl>#s-VP-25</styleUrl><description><![CDATA[<table style="border-collapse:collapse;width:100%;font-family:'Helvetica Neue',Helvetica,Arial,sans-serif;font-size:11px;border:1px solid #e5e7eb;border-radius:8px;overflow:hidden;"><tr><th colspan="2" style="padding:5px 8px;background:#1f6feb;color:#fff;text-align:left;font-size:12px;font-weight:600;">Praça Comandante Alberto de Souza</th></tr><tr><th style="padding:3px 5px;text-align:left;background:#f3f4f6;border-bottom:1px solid #d1d5db;width:30%;font-size:11px;font-weight:600;color:#1f2937;">Serviço</th><td style="padding:3px 5px;border-bottom:1px solid #e5e7eb;font-size:11px;color:#111827;">Varrição de Praças (VP)</td></tr><tr><th style="padding:3px 5px;text-align:left;background:#f3f4f6;border-bottom:1px solid #d1d5db;width:30%;font-size:11px;font-weight:600;color:#1f2937;">Setor</th><td style="padding:3px 5px;border-bottom:1px solid #e5e7eb;font-size:11px;color:#111827;">JT10101VP0003</td></tr><tr><th style="padding:3px 5px;text-align:left;background:#f3f4f6;border-bottom:1px solid #d1d5db;width:30%;font-size:11px;font-weight:600;color:#1f2937;">Tipo de Serviço</th><td style="padding:3px 5px;border-bottom:1px solid #e5e7eb;font-size:11px;color:#111827;">Varrição de Praças</td></tr><tr><th style="padding:3px 5px;text-align:left;background:#f3f4f6;border-bottom:1px solid #d1d5db;width:30%;font-size:11px;font-weight:600;color:#1f2937;">Nome</th><td style="padding:3px 5px;border-bottom:1px solid #e5e7eb;font-size:11px;color:#111827;">Praça Comandante Alberto de Souza</td></tr><tr><th style="padding:3px 5px;text-align:left;background:#f3f4f6;border-bottom:1px solid #d1d5db;width:30%;font-size:11px;font-weight:600;color:#1f2937;">Logradouro</th><td style="padding:3px 5px;border-bottom:1px solid #e5e7eb;font-size:11px;color:#111827;">Av Paulo Lincoln do Valle Pontin</td></tr><tr><th style="padding:3px 5px;text-align:left;background:#f3f4f6;border-bottom:1px solid #d1d5db;width:30%;font-size:11px;font-weight:600;color:#1f2937;">Subprefeitura</th><td style="padding:3px 5px;border-bottom:1px solid #e5e7eb;font-size:11px;color:#111827;">Jaçanã / Tucuruvi</td></tr><tr><th style="padding:3px 5px;text-align:left;background:#f3f4f6;border-bottom:1px solid #d1d5db;width:30%;font-size:11px;font-weight:600;color:#1f2937;">Turno</th><td style="padding:3px 5px;border-bottom:1px solid #e5e7eb;font-size:11px;color:#111827;">Diurno</td></tr><tr><th style="padding:3px 5px;text-align:left;background:#f3f4f6;border-bottom:1px solid #d1d5db;width:30%;font-size:11px;font-weight:600;color:#1f2937;">Frequência</th><td style="padding:3px 5px;border-bottom:1px solid #e5e7eb;font-size:11px;color:#111827;">Diária</td></tr><tr><th style="padding:3px 5px;text-align:left;background:#f3f4f6;border-bottom:1px solid #d1d5db;width:30%;font-size:11px;font-weight:600;color:#1f2937;">Cronograma</th><td style="padding:3px 5px;border-bottom:1px solid #e5e7eb;font-size:11px;color:#111827;">—</td></tr></table>]]></description><Polygon><outerBoundaryIs><LinearRing><coordinates>-46.5860700,-23.4649700,0 -46.5860400,-23.4648100,0 -46.5859800,-23.4646700,0 -46.5858900,-23.4645300,0 -46.5857800,-23.4644100,0 -46.5855000,-23.4642300,0 -46.5853400,-23.4641800,0 -46.5850000,-23.4641600,0 -46.5841400,-23.4643200,0 -46.5838500,-23.4644800,0 -46.5836300,-23.4647300,0 -46.5835600,-23.4648700,0 -46.5835200,-23.4650200,0 -46.5835100,-23.4651800,0 -46.5835300,-23.4653500,0 -46.5836600,-23.4658200,0 -46.5838400,-23.4660900,0 -46.5839600,-23.4661900,0 -46.5841100,-23.4662800,0 -46.5842600,-23.4663400,0 -46.5844300,-23.4663800,0 -46.5847500,-23.4663700,0 -46.5854700,-23.4662300,0 -46.5856300,-23.4661600,0 -46.5857700,-23.4660700,0 -46.5858900,-23.4659600,0 -46.5860500,-23.4656900,0 -46.5861000,-23.4655300,0 -46.5861100,-23.4653900,0 -46.5860700,-23.4649700,0</coordinates></LinearRing></outerBoundaryIs></Polygon></Placemark>
<Style id="s-VP-26">
<LineStyle><color>ff82004b</color><width>2.0</width></LineStyle>
<PolyStyle><color>ff82004b</color></PolyStyle>
<IconStyle><color>ff82004b</color><scale>0.55</scale>
<Icon><href>http://maps.google.com/mapfiles/kml/shapes/placemark_circle.png</href></Icon>
</IconStyle>
<LabelStyle><scale>0.65</scale></LabelStyle>
</Style><Placemark><name>Praça Wagner Maceira</name><styleUrl>#s-VP-26</styleUrl><description><![CDATA[<table style="border-collapse:collapse;width:100%;font-family:'Helvetica Neue',Helvetica,Arial,sans-serif;font-size:11px;border:1px solid #e5e7eb;border-radius:8px;overflow:hidden;"><tr><th colspan="2" style="padding:5px 8px;background:#1f6feb;color:#fff;text-align:left;font-size:12px;font-weight:600;">Praça Wagner Maceira</th></tr><tr><th style="padding:3px 5px;text-align:left;background:#f3f4f6;border-bottom:1px solid #d1d5db;width:30%;font-size:11px;font-weight:600;color:#1f2937;">Serviço</th><td style="padding:3px 5px;border-bottom:1px solid #e5e7eb;font-size:11px;color:#111827;">Varrição de Praças (VP)</td></tr><tr><th style="padding:3px 5px;text-align:left;background:#f3f4f6;border-bottom:1px solid #d1d5db;width:30%;font-size:11px;font-weight:600;color:#1f2937;">Setor</th><td style="padding:3px 5px;border-bottom:1px solid #e5e7eb;font-size:11px;color:#111827;">JT10302VP0004</td></tr><tr><th style="padding:3px 5px;text-align:left;background:#f3f4f6;border-bottom:1px solid #d1d5db;width:30%;font-size:11px;font-weight:600;color:#1f2937;">Tipo de Serviço</th><td style="padding:3px 5px;border-bottom:1px solid #e5e7eb;font-size:11px;color:#111827;">Varrição de Praças</td></tr><tr><th style="padding:3px 5px;text-align:left;background:#f3f4f6;border-bottom:1px solid #d1d5db;width:30%;font-size:11px;font-weight:600;color:#1f2937;">Nome</th><td style="padding:3px 5px;border-bottom:1px solid #e5e7eb;font-size:11px;color:#111827;">Praça Wagner Maceira</td></tr><tr><th style="padding:3px 5px;text-align:left;background:#f3f4f6;border-bottom:1px solid #d1d5db;width:30%;font-size:11px;font-weight:600;color:#1f2937;">Logradouro</th><td style="padding:3px 5px;border-bottom:1px solid #e5e7eb;font-size:11px;color:#111827;">R Gal Benjamin Lamarao</td></tr><tr><th style="padding:3px 5px;text-align:left;background:#f3f4f6;border-bottom:1px solid #d1d5db;width:30%;font-size:11px;font-weight:600;color:#1f2937;">Subprefeitura</th><td style="padding:3px 5px;border-bottom:1px solid #e5e7eb;font-size:11px;color:#111827;">Jaçanã / Tucuruvi</td></tr><tr><th style="padding:3px 5px;text-align:left;background:#f3f4f6;border-bottom:1px solid #d1d5db;width:30%;font-size:11px;font-weight:600;color:#1f2937;">Turno</th><td style="padding:3px 5px;border-bottom:1px solid #e5e7eb;font-size:11px;color:#111827;">Diurno</td></tr><tr><th style="padding:3px 5px;text-align:left;background:#f3f4f6;border-bottom:1px solid #d1d5db;width:30%;font-size:11px;font-weight:600;color:#1f2937;">Frequência</th><td style="padding:3px 5px;border-bottom:1px solid #e5e7eb;font-size:11px;color:#111827;">Bissemanal de Segunda/Quinta</td></tr><tr><th style="padding:3px 5px;text-align:left;background:#f3f4f6;border-bottom:1px solid #d1d5db;width:30%;font-size:11px;font-weight:600;color:#1f2937;">Cronograma</th><td style="padding:3px 5px;border-bottom:1px solid #e5e7eb;font-size:11px;color:#111827;">—</td></tr></table>]]></description><Polygon><outerBoundaryIs><LinearRing><coordinates>-46.5813800,-23.4648800,0 -46.5813700,-23.4650400,0 -46.5813900,-23.4651900,0 -46.5814400,-23.4653400,0 -46.5815100,-23.4654800,0 -46.5816100,-23.4656100,0 -46.5817300,-23.4657200,0 -46.5818700,-23.4658100,0 -46.5822000,-23.4659100,0 -46.5824700,-23.4659300,0 -46.5827700,-23.4659200,0 -46.5829400,-23.4658900,0 -46.5831000,-23.4658300,0 -46.5832400,-23.4657500,0 -46.5833700,-23.4656400,0 -46.5834700,-23.4655200,0 -46.5835500,-23.4653800,0 -46.5836300,-23.4651000,0 -46.5836400,-23.4646400,0 -46.5836000,-23.4644500,0 -46.5834700,-23.4642000,0 -46.5833100,-23.4640000,0 -46.5830700,-23.4637600,0 -46.5829300,-23.4636700,0 -46.5827700,-23.4636100,0 -46.5824400,-23.4635500,0 -46.5822700,-23.4635600,0 -46.5819500,-23.4636700,0 -46.5818100,-23.4637600,0 -46.5816900,-23.4638700,0 -46.5815900,-23.4640000,0 -46.5814700,-23.4642900,0 -46.5813800,-23.4648800,0</coordinates></LinearRing></outerBoundaryIs></Polygon></Placemark>
<Style id="s-VP-27">
<LineStyle><color>ff82004b</color><width>2.0</width></LineStyle>
<PolyStyle><color>ff82004b</color></PolyStyle>
<IconStyle><color>ff82004b</color><scale>0.55</scale>
<Icon><href>http://maps.google.com/mapfiles/kml/shapes/placemark_circle.png</href></Icon>
</IconStyle>
<LabelStyle><scale>0.65</scale></LabelStyle>
</Style><Placemark><name>Praça Memória do Jaçanã</name><styleUrl>#s-VP-27</styleUrl><description><![CDATA[<table style="border-collapse:collapse;width:100%;font-family:'Helvetica Neue',Helvetica,Arial,sans-serif;font-size:11px;border:1px solid #e5e7eb;border-radius:8px;overflow:hidden;"><tr><th colspan="2" style="padding:5px 8px;background:#1f6feb;color:#fff;text-align:left;font-size:12px;font-weight:600;">Praça Memória do Jaçanã</th></tr><tr><th style="padding:3px 5px;text-align:left;background:#f3f4f6;border-bottom:1px solid #d1d5db;width:30%;font-size:11px;font-weight:600;color:#1f2937;">Serviço</th><td style="padding:3px 5px;border-bottom:1px solid #e5e7eb;font-size:11px;color:#111827;">Varrição de Praças (VP)</td></tr><tr><th style="padding:3px 5px;text-align:left;background:#f3f4f6;border-bottom:1px solid #d1d5db;width:30%;font-size:11px;font-weight:600;color:#1f2937;">Setor</th><td style="padding:3px 5px;border-bottom:1px solid #e5e7eb;font-size:11px;color:#111827;">JT10302VP0005</td></tr><tr><th style="padding:3px 5px;text-align:left;background:#f3f4f6;border-bottom:1px solid #d1d5db;width:30%;font-size:11px;font-weight:600;color:#1f2937;">Tipo de Serviço</th><td style="padding:3px 5px;border-bottom:1px solid #e5e7eb;font-size:11px;color:#111827;">Varrição de Praças</td></tr><tr><th style="padding:3px 5px;text-align:left;background:#f3f4f6;border-bottom:1px solid #d1d5db;width:30%;font-size:11px;font-weight:600;color:#1f2937;">Nome</th><td style="padding:3px 5px;border-bottom:1px solid #e5e7eb;font-size:11px;color:#111827;">Praça Memória do Jaçanã</td></tr><tr><th style="padding:3px 5px;text-align:left;background:#f3f4f6;border-bottom:1px solid #d1d5db;width:30%;font-size:11px;font-weight:600;color:#1f2937;">Logradouro</th><td style="padding:3px 5px;border-bottom:1px solid #e5e7eb;font-size:11px;color:#111827;">Av Antonio Cesar Neto</td></tr><tr><th style="padding:3px 5px;text-align:left;background:#f3f4f6;border-bottom:1px solid #d1d5db;width:30%;font-size:11px;font-weight:600;color:#1f2937;">Subprefeitura</th><td style="padding:3px 5px;border-bottom:1px solid #e5e7eb;font-size:11px;color:#111827;">Jaçanã / Tucuruvi</td></tr><tr><th style="padding:3px 5px;text-align:left;background:#f3f4f6;border-bottom:1px solid #d1d5db;width:30%;font-size:11px;font-weight:600;color:#1f2937;">Turno</th><td style="padding:3px 5px;border-bottom:1px solid #e5e7eb;font-size:11px;color:#111827;">Diurno</td></tr><tr><th style="padding:3px 5px;text-align:left;background:#f3f4f6;border-bottom:1px solid #d1d5db;width:30%;font-size:11px;font-weight:600;color:#1f2937;">Frequência</th><td style="padding:3px 5px;border-bottom:1px solid #e5e7eb;font-size:11px;color:#111827;">Bissemanal de Segunda/Quinta</td></tr><tr><th style="padding:3px 5px;text-align:left;background:#f3f4f6;border-bottom:1px solid #d1d5db;width:30%;font-size:11px;font-weight:600;color:#1f2937;">Cronograma</th><td style="padding:3px 5px;border-bottom:1px solid #e5e7eb;font-size:11px;color:#111827;">—</td></tr></table>]]></description><Polygon><outerBoundaryIs><LinearRing><coordinates>-46.5819800,-23.4642300,0 -46.5822700,-23.4643800,0 -46.5823400,-23.4644500,0 -46.5825200,-23.4645700,0 -46.5828300,-23.4646900,0 -46.5830000,-23.4647100,0 -46.5833400,-23.4646700,0 -46.5836400,-23.4645200,0 -46.5837700,-23.4644100,0 -46.5838700,-23.4642900,0 -46.5839500,-23.4641500,0 -46.5840000,-23.4640000,0 -46.5840200,-23.4637000,0 -46.5837400,-23.4623800,0 -46.5836400,-23.4621000,0 -46.5835500,-23.4619600,0 -46.5833000,-23.4617500,0 -46.5831500,-23.4616800,0 -46.5829800,-23.4616300,0 -46.5828100,-23.4616100,0 -46.5826400,-23.4616100,0 -46.5823000,-23.4616700,0 -46.5819800,-23.4617800,0 -46.5817200,-23.4619900,0 -46.5816300,-23.4621200,0 -46.5815600,-23.4622600,0 -46.5815200,-23.4624200,0 -46.5815100,-23.4625700,0 -46.5815700,-23.4629200,0 -46.5814900,-23.4631000,0 -46.5814500,-23.4632500,0 -46.5814300,-23.4634000,0 -46.5814400,-23.4635600,0 -46.5814800,-23.4637100,0 -46.5815500,-23.4638600,0 -46.5816400,-23.4639900,0 -46.5817600,-23.4641000,0 -46.5819800,-23.4642300,0</coordinates></LinearRing></outerBoundaryIs></Polygon></Placemark>
<Style id="s-VP-28">
<LineStyle><color>ff82004b</color><width>2.0</width></LineStyle>
<PolyStyle><color>ff82004b</color></PolyStyle>
<IconStyle><color>ff82004b</color><scale>0.55</scale>
<Icon><href>http://maps.google.com/mapfiles/kml/shapes/placemark_circle.png</href></Icon>
</IconStyle>
<LabelStyle><scale>0.65</scale></LabelStyle>
</Style><Placemark><name>Praça Álvaro Altair Marinelli</name><styleUrl>#s-VP-28</styleUrl><description><![CDATA[<table style="border-collapse:collapse;width:100%;font-family:'Helvetica Neue',Helvetica,Arial,sans-serif;font-size:11px;border:1px solid #e5e7eb;border-radius:8px;overflow:hidden;"><tr><th colspan="2" style="padding:5px 8px;background:#1f6feb;color:#fff;text-align:left;font-size:12px;font-weight:600;">Praça Álvaro Altair Marinelli</th></tr><tr><th style="padding:3px 5px;text-align:left;background:#f3f4f6;border-bottom:1px solid #d1d5db;width:30%;font-size:11px;font-weight:600;color:#1f2937;">Serviço</th><td style="padding:3px 5px;border-bottom:1px solid #e5e7eb;font-size:11px;color:#111827;">Varrição de Praças (VP)</td></tr><tr><th style="padding:3px 5px;text-align:left;background:#f3f4f6;border-bottom:1px solid #d1d5db;width:30%;font-size:11px;font-weight:600;color:#1f2937;">Setor</th><td style="padding:3px 5px;border-bottom:1px solid #e5e7eb;font-size:11px;color:#111827;">JT10302VP0006</td></tr><tr><th style="padding:3px 5px;text-align:left;background:#f3f4f6;border-bottom:1px solid #d1d5db;width:30%;font-size:11px;font-weight:600;color:#1f2937;">Tipo de Serviço</th><td style="padding:3px 5px;border-bottom:1px solid #e5e7eb;font-size:11px;color:#111827;">Varrição de Praças</td></tr><tr><th style="padding:3px 5px;text-align:left;background:#f3f4f6;border-bottom:1px solid #d1d5db;width:30%;font-size:11px;font-weight:600;color:#1f2937;">Nome</th><td style="padding:3px 5px;border-bottom:1px solid #e5e7eb;font-size:11px;color:#111827;">Praça Álvaro Altair Marinelli</td></tr><tr><th style="padding:3px 5px;text-align:left;background:#f3f4f6;border-bottom:1px solid #d1d5db;width:30%;font-size:11px;font-weight:600;color:#1f2937;">Logradouro</th><td style="padding:3px 5px;border-bottom:1px solid #e5e7eb;font-size:11px;color:#111827;">R Ver Jose de Moura</td></tr><tr><th style="padding:3px 5px;text-align:left;background:#f3f4f6;border-bottom:1px solid #d1d5db;width:30%;font-size:11px;font-weight:600;color:#1f2937;">Subprefeitura</th><td style="padding:3px 5px;border-bottom:1px solid #e5e7eb;font-size:11px;color:#111827;">Jaçanã / Tucuruvi</td></tr><tr><th style="padding:3px 5px;text-align:left;background:#f3f4f6;border-bottom:1px solid #d1d5db;width:30%;font-size:11px;font-weight:600;color:#1f2937;">Turno</th><td style="padding:3px 5px;border-bottom:1px solid #e5e7eb;font-size:11px;color:#111827;">Diurno</td></tr><tr><th style="padding:3px 5px;text-align:left;background:#f3f4f6;border-bottom:1px solid #d1d5db;width:30%;font-size:11px;font-weight:600;color:#1f2937;">Frequência</th><td style="padding:3px 5px;border-bottom:1px solid #e5e7eb;font-size:11px;color:#111827;">Bissemanal de Segunda/Quinta</td></tr><tr><th style="padding:3px 5px;text-align:left;background:#f3f4f6;border-bottom:1px solid #d1d5db;width:30%;font-size:11px;font-weight:600;color:#1f2937;">Cronograma</th><td style="padding:3px 5px;border-bottom:1px solid #e5e7eb;font-size:11px;color:#111827;">—</td></tr></table>]]></description><Polygon><outerBoundaryIs><LinearRing><coordinates>-46.5848200,-23.4607300,0 -46.5842200,-23.4608400,0 -46.5839500,-23.4609300,0 -46.5838000,-23.4610200,0 -46.5836700,-23.4611300,0 -46.5834900,-23.4614000,0 -46.5834400,-23.4615500,0 -46.5834200,-23.4617100,0 -46.5834300,-23.4619100,0 -46.5835900,-23.4626700,0 -46.5837100,-23.4629800,0 -46.5838400,-23.4631500,0 -46.5839600,-23.4632600,0 -46.5841000,-23.4633500,0 -46.5842600,-23.4634200,0 -46.5844200,-23.4634600,0 -46.5847600,-23.4634600,0 -46.5851200,-23.4633900,0 -46.5854400,-23.4632700,0 -46.5855700,-23.4631800,0 -46.5856900,-23.4630700,0 -46.5857900,-23.4629400,0 -46.5858900,-23.4626400,0 -46.5859900,-23.4625000,0 -46.5861100,-23.4622100,0 -46.5861100,-23.4619000,0 -46.5860200,-23.4614700,0 -46.5859700,-23.4613100,0 -46.5858100,-23.4610400,0 -46.5856900,-23.4609300,0 -46.5854000,-23.4607700,0 -46.5852300,-23.4607200,0 -46.5850600,-23.4607100,0 -46.5848200,-23.4607300,0</coordinates></LinearRing></outerBoundaryIs></Polygon></Placemark>
<Style id="s-VP-29">
<LineStyle><color>ff82004b</color><width>2.0</width></LineStyle>
<PolyStyle><color>ff82004b</color></PolyStyle>
<IconStyle><color>ff82004b</color><scale>0.55</scale>
<Icon><href>http://maps.google.com/mapfiles/kml/shapes/placemark_circle.png</href></Icon>
</IconStyle>
<LabelStyle><scale>0.65</scale></LabelStyle>
</Style><Placemark><name>Praça Fausto António</name><styleUrl>#s-VP-29</styleUrl><description><![CDATA[<table style="border-collapse:collapse;width:100%;font-family:'Helvetica Neue',Helvetica,Arial,sans-serif;font-size:11px;border:1px solid #e5e7eb;border-radius:8px;overflow:hidden;"><tr><th colspan="2" style="padding:5px 8px;background:#1f6feb;color:#fff;text-align:left;font-size:12px;font-weight:600;">Praça Fausto António</th></tr><tr><th style="padding:3px 5px;text-align:left;background:#f3f4f6;border-bottom:1px solid #d1d5db;width:30%;font-size:11px;font-weight:600;color:#1f2937;">Serviço</th><td style="padding:3px 5px;border-bottom:1px solid #e5e7eb;font-size:11px;color:#111827;">Varrição de Praças (VP)</td></tr><tr><th style="padding:3px 5px;text-align:left;background:#f3f4f6;border-bottom:1px solid #d1d5db;width:30%;font-size:11px;font-weight:600;color:#1f2937;">Setor</th><td style="padding:3px 5px;border-bottom:1px solid #e5e7eb;font-size:11px;color:#111827;">JT10302VP0007</td></tr><tr><th style="padding:3px 5px;text-align:left;background:#f3f4f6;border-bottom:1px solid #d1d5db;width:30%;font-size:11px;font-weight:600;color:#1f2937;">Tipo de Serviço</th><td style="padding:3px 5px;border-bottom:1px solid #e5e7eb;font-size:11px;color:#111827;">Varrição de Praças</td></tr><tr><th style="padding:3px 5px;text-align:left;background:#f3f4f6;border-bottom:1px solid #d1d5db;width:30%;font-size:11px;font-weight:600;color:#1f2937;">Nome</th><td style="padding:3px 5px;border-bottom:1px solid #e5e7eb;font-size:11px;color:#111827;">Praça Fausto António</td></tr><tr><th style="padding:3px 5px;text-align:left;background:#f3f4f6;border-bottom:1px solid #d1d5db;width:30%;font-size:11px;font-weight:600;color:#1f2937;">Logradouro</th><td style="padding:3px 5px;border-bottom:1px solid #e5e7eb;font-size:11px;color:#111827;">Av Paulo Lincoln do Valle Pontin</td></tr><tr><th style="padding:3px 5px;text-align:left;background:#f3f4f6;border-bottom:1px solid #d1d5db;width:30%;font-size:11px;font-weight:600;color:#1f2937;">Subprefeitura</th><td style="padding:3px 5px;border-bottom:1px solid #e5e7eb;font-size:11px;color:#111827;">Jaçanã / Tucuruvi</td></tr><tr><th style="padding:3px 5px;text-align:left;background:#f3f4f6;border-bottom:1px solid #d1d5db;width:30%;font-size:11px;font-weight:600;color:#1f2937;">Turno</th><td style="padding:3px 5px;border-bottom:1px solid #e5e7eb;font-size:11px;color:#111827;">Diurno</td></tr><tr><th style="padding:3px 5px;text-align:left;background:#f3f4f6;border-bottom:1px solid #d1d5db;width:30%;font-size:11px;font-weight:600;color:#1f2937;">Frequência</th><td style="padding:3px 5px;border-bottom:1px solid #e5e7eb;font-size:11px;color:#111827;">Bissemanal de Segunda/Quinta</td></tr><tr><th style="padding:3px 5px;text-align:left;background:#f3f4f6;border-bottom:1px solid #d1d5db;width:30%;font-size:11px;font-weight:600;color:#1f2937;">Cronograma</th><td style="padding:3px 5px;border-bottom:1px solid #e5e7eb;font-size:11px;color:#111827;">—</td></tr></table>]]></description><Polygon><outerBoundaryIs><LinearRing><coordinates>-46.5871600,-23.4603300,0 -46.5869400,-23.4599400,0 -46.5864400,-23.4592200,0 -46.5863200,-23.4591100,0 -46.5860200,-23.4589500,0 -46.5858600,-23.4589100,0 -46.5856800,-23.4589000,0 -46.5853500,-23.4589600,0 -46.5851900,-23.4590300,0 -46.5849400,-23.4592300,0 -46.5848400,-23.4593600,0 -46.5847200,-23.4596300,0 -46.5846800,-23.4598300,0 -46.5846800,-23.4601400,0 -46.5847100,-23.4603800,0 -46.5848500,-23.4611100,0 -46.5849500,-23.4614200,0 -46.5851400,-23.4616800,0 -46.5854200,-23.4618600,0 -46.5855800,-23.4619100,0 -46.5857500,-23.4619400,0 -46.5860900,-23.4619200,0 -46.5868400,-23.4616800,0 -46.5869800,-23.4615900,0 -46.5871000,-23.4614800,0 -46.5872100,-23.4613600,0 -46.5872800,-23.4612200,0 -46.5873300,-23.4610700,0 -46.5873500,-23.4609100,0 -46.5873400,-23.4607300,0 -46.5872900,-23.4605800,0 -46.5871600,-23.4603300,0</coordinates></LinearRing></outerBoundaryIs></Polygon></Placemark>
<Style id="s-VP-30">
<LineStyle><color>ff82004b</color><width>2.0</width></LineStyle>
<PolyStyle><color>ff82004b</color></PolyStyle>
<IconStyle><color>ff82004b</color><scale>0.55</scale>
<Icon><href>http://maps.google.com/mapfiles/kml/shapes/placemark_circle.png</href></Icon>
</IconStyle>
<LabelStyle><scale>0.65</scale></LabelStyle>
</Style><Placemark><name>Praça Pev. Prefeitura Regional do Jaçanã (CEU jaçanã)</name><styleUrl>#s-VP-30</styleUrl><description><![CDATA[<table style="border-collapse:collapse;width:100%;font-family:'Helvetica Neue',Helvetica,Arial,sans-serif;font-size:11px;border:1px solid #e5e7eb;border-radius:8px;overflow:hidden;"><tr><th colspan="2" style="padding:5px 8px;background:#1f6feb;color:#fff;text-align:left;font-size:12px;font-weight:600;">Praça Pev. Prefeitura Regional do Jaçanã (CEU jaçanã)</th></tr><tr><th style="padding:3px 5px;text-align:left;background:#f3f4f6;border-bottom:1px solid #d1d5db;width:30%;font-size:11px;font-weight:600;color:#1f2937;">Serviço</th><td style="padding:3px 5px;border-bottom:1px solid #e5e7eb;font-size:11px;color:#111827;">Varrição de Praças (VP)</td></tr><tr><th style="padding:3px 5px;text-align:left;background:#f3f4f6;border-bottom:1px solid #d1d5db;width:30%;font-size:11px;font-weight:600;color:#1f2937;">Setor</th><td style="padding:3px 5px;border-bottom:1px solid #e5e7eb;font-size:11px;color:#111827;">JT10303VP0008</td></tr><tr><th style="padding:3px 5px;text-align:left;background:#f3f4f6;border-bottom:1px solid #d1d5db;width:30%;font-size:11px;font-weight:600;color:#1f2937;">Tipo de Serviço</th><td style="padding:3px 5px;border-bottom:1px solid #e5e7eb;font-size:11px;color:#111827;">Varrição de Praças</td></tr><tr><th style="padding:3px 5px;text-align:left;background:#f3f4f6;border-bottom:1px solid #d1d5db;width:30%;font-size:11px;font-weight:600;color:#1f2937;">Nome</th><td style="padding:3px 5px;border-bottom:1px solid #e5e7eb;font-size:11px;color:#111827;">Praça Pev. Prefeitura Regional do Jaçanã (CEU jaçanã)</td></tr><tr><th style="padding:3px 5px;text-align:left;background:#f3f4f6;border-bottom:1px solid #d1d5db;width:30%;font-size:11px;font-weight:600;color:#1f2937;">Logradouro</th><td style="padding:3px 5px;border-bottom:1px solid #e5e7eb;font-size:11px;color:#111827;">R Maria Amalia Lopes Azevedo</td></tr><tr><th style="padding:3px 5px;text-align:left;background:#f3f4f6;border-bottom:1px solid #d1d5db;width:30%;font-size:11px;font-weight:600;color:#1f2937;">Subprefeitura</th><td style="padding:3px 5px;border-bottom:1px solid #e5e7eb;font-size:11px;color:#111827;">Jaçanã / Tucuruvi</td></tr><tr><th style="padding:3px 5px;text-align:left;background:#f3f4f6;border-bottom:1px solid #d1d5db;width:30%;font-size:11px;font-weight:600;color:#1f2937;">Turno</th><td style="padding:3px 5px;border-bottom:1px solid #e5e7eb;font-size:11px;color:#111827;">Diurno</td></tr><tr><th style="padding:3px 5px;text-align:left;background:#f3f4f6;border-bottom:1px solid #d1d5db;width:30%;font-size:11px;font-weight:600;color:#1f2937;">Frequência</th><td style="padding:3px 5px;border-bottom:1px solid #e5e7eb;font-size:11px;color:#111827;">Bissemanal de Terça/Sexta</td></tr><tr><th style="padding:3px 5px;text-align:left;background:#f3f4f6;border-bottom:1px solid #d1d5db;width:30%;font-size:11px;font-weight:600;color:#1f2937;">Cronograma</th><td style="padding:3px 5px;border-bottom:1px solid #e5e7eb;font-size:11px;color:#111827;">—</td></tr></table>]]></description><Polygon><outerBoundaryIs><LinearRing><coordinates>-46.5858400,-23.4567600,0 -46.5856300,-23.4566500,0 -46.5854100,-23.4565900,0 -46.5852400,-23.4565700,0 -46.5849600,-23.4565700,0 -46.5846300,-23.4566300,0 -46.5844700,-23.4567100,0 -46.5842700,-23.4568500,0 -46.5841400,-23.4569600,0 -46.5840100,-23.4571200,0 -46.5838900,-23.4573500,0 -46.5838400,-23.4575000,0 -46.5838400,-23.4578200,0 -46.5839600,-23.4581100,0 -46.5840600,-23.4582400,0 -46.5843500,-23.4584900,0 -46.5845000,-23.4585700,0 -46.5848300,-23.4586500,0 -46.5850300,-23.4586500,0 -46.5854700,-23.4585800,0 -46.5856000,-23.4585400,0 -46.5859000,-23.4583800,0 -46.5860200,-23.4582700,0 -46.5862200,-23.4579800,0 -46.5862700,-23.4578300,0 -46.5863000,-23.4575500,0 -46.5862900,-23.4573900,0 -46.5862300,-23.4572000,0 -46.5861500,-23.4570600,0 -46.5860600,-23.4569300,0 -46.5858400,-23.4567600,0</coordinates></LinearRing></outerBoundaryIs></Polygon></Placemark>
<Style id="s-VP-31">
<LineStyle><color>ff82004b</color><width>2.0</width></LineStyle>
<PolyStyle><color>ff82004b</color></PolyStyle>
<IconStyle><color>ff82004b</color><scale>0.55</scale>
<Icon><href>http://maps.google.com/mapfiles/kml/shapes/placemark_circle.png</href></Icon>
</IconStyle>
<LabelStyle><scale>0.65</scale></LabelStyle>
</Style><Placemark><name>Praça da Ocupação</name><styleUrl>#s-VP-31</styleUrl><description><![CDATA[<table style="border-collapse:collapse;width:100%;font-family:'Helvetica Neue',Helvetica,Arial,sans-serif;font-size:11px;border:1px solid #e5e7eb;border-radius:8px;overflow:hidden;"><tr><th colspan="2" style="padding:5px 8px;background:#1f6feb;color:#fff;text-align:left;font-size:12px;font-weight:600;">Praça da Ocupação</th></tr><tr><th style="padding:3px 5px;text-align:left;background:#f3f4f6;border-bottom:1px solid #d1d5db;width:30%;font-size:11px;font-weight:600;color:#1f2937;">Serviço</th><td style="padding:3px 5px;border-bottom:1px solid #e5e7eb;font-size:11px;color:#111827;">Varrição de Praças (VP)</td></tr><tr><th style="padding:3px 5px;text-align:left;background:#f3f4f6;border-bottom:1px solid #d1d5db;width:30%;font-size:11px;font-weight:600;color:#1f2937;">Setor</th><td style="padding:3px 5px;border-bottom:1px solid #e5e7eb;font-size:11px;color:#111827;">JT10303VP0009</td></tr><tr><th style="padding:3px 5px;text-align:left;background:#f3f4f6;border-bottom:1px solid #d1d5db;width:30%;font-size:11px;font-weight:600;color:#1f2937;">Tipo de Serviço</th><td style="padding:3px 5px;border-bottom:1px solid #e5e7eb;font-size:11px;color:#111827;">Varrição de Praças</td></tr><tr><th style="padding:3px 5px;text-align:left;background:#f3f4f6;border-bottom:1px solid #d1d5db;width:30%;font-size:11px;font-weight:600;color:#1f2937;">Nome</th><td style="padding:3px 5px;border-bottom:1px solid #e5e7eb;font-size:11px;color:#111827;">Praça da Ocupação</td></tr><tr><th style="padding:3px 5px;text-align:left;background:#f3f4f6;border-bottom:1px solid #d1d5db;width:30%;font-size:11px;font-weight:600;color:#1f2937;">Logradouro</th><td style="padding:3px 5px;border-bottom:1px solid #e5e7eb;font-size:11px;color:#111827;">Tv Alto Grande</td></tr><tr><th style="padding:3px 5px;text-align:left;background:#f3f4f6;border-bottom:1px solid #d1d5db;width:30%;font-size:11px;font-weight:600;color:#1f2937;">Subprefeitura</th><td style="padding:3px 5px;border-bottom:1px solid #e5e7eb;font-size:11px;color:#111827;">Jaçanã / Tucuruvi</td></tr><tr><th style="padding:3px 5px;text-align:left;background:#f3f4f6;border-bottom:1px solid #d1d5db;width:30%;font-size:11px;font-weight:600;color:#1f2937;">Turno</th><td style="padding:3px 5px;border-bottom:1px solid #e5e7eb;font-size:11px;color:#111827;">Diurno</td></tr><tr><th style="padding:3px 5px;text-align:left;background:#f3f4f6;border-bottom:1px solid #d1d5db;width:30%;font-size:11px;font-weight:600;color:#1f2937;">Frequência</th><td style="padding:3px 5px;border-bottom:1px solid #e5e7eb;font-size:11px;color:#111827;">Bissemanal de Terça/Sexta</td></tr><tr><th style="padding:3px 5px;text-align:left;background:#f3f4f6;border-bottom:1px solid #d1d5db;width:30%;font-size:11px;font-weight:600;color:#1f2937;">Cronograma</th><td style="padding:3px 5px;border-bottom:1px solid #e5e7eb;font-size:11px;color:#111827;">—</td></tr></table>]]></description><Polygon><outerBoundaryIs><LinearRing><coordinates>-46.5843200,-23.4517900,0 -46.5843200,-23.4520800,0 -46.5843400,-23.4522700,0 -46.5844300,-23.4526200,0 -46.5845300,-23.4528200,0 -46.5846500,-23.4529600,0 -46.5847900,-23.4530800,0 -46.5849600,-23.4531700,0 -46.5853200,-23.4532600,0 -46.5855500,-23.4532500,0 -46.5857100,-23.4532200,0 -46.5859800,-23.4531100,0 -46.5861100,-23.4530200,0 -46.5862300,-23.4529000,0 -46.5863600,-23.4527100,0 -46.5864100,-23.4525600,0 -46.5864500,-23.4523000,0 -46.5864000,-23.4520000,0 -46.5862600,-23.4514300,0 -46.5861200,-23.4511400,0 -46.5860200,-23.4510200,0 -46.5857400,-23.4508300,0 -46.5855800,-23.4507800,0 -46.5852500,-23.4507400,0 -46.5849100,-23.4508200,0 -46.5847600,-23.4508900,0 -46.5846300,-23.4509900,0 -46.5844300,-23.4512400,0 -46.5843400,-23.4515000,0 -46.5843200,-23.4517900,0</coordinates></LinearRing></outerBoundaryIs></Polygon></Placemark>
<Style id="s-VP-32">
<LineStyle><color>ff82004b</color><width>2.0</width></LineStyle>
<PolyStyle><color>ff82004b</color></PolyStyle>
<IconStyle><color>ff82004b</color><scale>0.55</scale>
<Icon><href>http://maps.google.com/mapfiles/kml/shapes/placemark_circle.png</href></Icon>
</IconStyle>
<LabelStyle><scale>0.65</scale></LabelStyle>
</Style><Placemark><name>Praça Santa Constãncia</name><styleUrl>#s-VP-32</styleUrl><description><![CDATA[<table style="border-collapse:collapse;width:100%;font-family:'Helvetica Neue',Helvetica,Arial,sans-serif;font-size:11px;border:1px solid #e5e7eb;border-radius:8px;overflow:hidden;"><tr><th colspan="2" style="padding:5px 8px;background:#1f6feb;color:#fff;text-align:left;font-size:12px;font-weight:600;">Praça Santa Constãncia</th></tr><tr><th style="padding:3px 5px;text-align:left;background:#f3f4f6;border-bottom:1px solid #d1d5db;width:30%;font-size:11px;font-weight:600;color:#1f2937;">Serviço</th><td style="padding:3px 5px;border-bottom:1px solid #e5e7eb;font-size:11px;color:#111827;">Varrição de Praças (VP)</td></tr><tr><th style="padding:3px 5px;text-align:left;background:#f3f4f6;border-bottom:1px solid #d1d5db;width:30%;font-size:11px;font-weight:600;color:#1f2937;">Setor</th><td style="padding:3px 5px;border-bottom:1px solid #e5e7eb;font-size:11px;color:#111827;">JT10303VP0010</td></tr><tr><th style="padding:3px 5px;text-align:left;background:#f3f4f6;border-bottom:1px solid #d1d5db;width:30%;font-size:11px;font-weight:600;color:#1f2937;">Tipo de Serviço</th><td style="padding:3px 5px;border-bottom:1px solid #e5e7eb;font-size:11px;color:#111827;">Varrição de Praças</td></tr><tr><th style="padding:3px 5px;text-align:left;background:#f3f4f6;border-bottom:1px solid #d1d5db;width:30%;font-size:11px;font-weight:600;color:#1f2937;">Nome</th><td style="padding:3px 5px;border-bottom:1px solid #e5e7eb;font-size:11px;color:#111827;">Praça Santa Constãncia</td></tr><tr><th style="padding:3px 5px;text-align:left;background:#f3f4f6;border-bottom:1px solid #d1d5db;width:30%;font-size:11px;font-weight:600;color:#1f2937;">Logradouro</th><td style="padding:3px 5px;border-bottom:1px solid #e5e7eb;font-size:11px;color:#111827;">R S Geraldino</td></tr><tr><th style="padding:3px 5px;text-align:left;background:#f3f4f6;border-bottom:1px solid #d1d5db;width:30%;font-size:11px;font-weight:600;color:#1f2937;">Subprefeitura</th><td style="padding:3px 5px;border-bottom:1px solid #e5e7eb;font-size:11px;color:#111827;">Jaçanã / Tucuruvi</td></tr><tr><th style="padding:3px 5px;text-align:left;background:#f3f4f6;border-bottom:1px solid #d1d5db;width:30%;font-size:11px;font-weight:600;color:#1f2937;">Turno</th><td style="padding:3px 5px;border-bottom:1px solid #e5e7eb;font-size:11px;color:#111827;">Diurno</td></tr><tr><th style="padding:3px 5px;text-align:left;background:#f3f4f6;border-bottom:1px solid #d1d5db;width:30%;font-size:11px;font-weight:600;color:#1f2937;">Frequência</th><td style="padding:3px 5px;border-bottom:1px solid #e5e7eb;font-size:11px;color:#111827;">Bissemanal de Terça/Sexta</td></tr><tr><th style="padding:3px 5px;text-align:left;background:#f3f4f6;border-bottom:1px solid #d1d5db;width:30%;font-size:11px;font-weight:600;color:#1f2937;">Cronograma</th><td style="padding:3px 5px;border-bottom:1px solid #e5e7eb;font-size:11px;color:#111827;">—</td></tr></table>]]></description><Polygon><outerBoundaryIs><LinearRing><coordinates>-46.5812800,-23.4740600,0 -46.5811500,-23.4737500,0 -46.5810500,-23.4736200,0 -46.5809300,-23.4735100,0 -46.5807900,-23.4734200,0 -46.5804700,-23.4733200,0 -46.5802200,-23.4733000,0 -46.5798900,-23.4733800,0 -46.5797500,-23.4734400,0 -46.5795900,-23.4735500,0 -46.5794700,-23.4736600,0 -46.5793100,-23.4739300,0 -46.5792700,-23.4740800,0 -46.5792500,-23.4743400,0 -46.5792800,-23.4746800,0 -46.5793200,-23.4748300,0 -46.5794400,-23.4750300,0 -46.5795200,-23.4751200,0 -46.5797200,-23.4753000,0 -46.5798600,-23.4753900,0 -46.5801800,-23.4754900,0 -46.5805200,-23.4754900,0 -46.5806900,-23.4754400,0 -46.5809800,-23.4753000,0 -46.5811100,-23.4752000,0 -46.5812300,-23.4750800,0 -46.5813200,-23.4749500,0 -46.5813800,-23.4748100,0 -46.5814200,-23.4746500,0 -46.5814100,-23.4743800,0 -46.5812800,-23.4740600,0</coordinates></LinearRing></outerBoundaryIs></Polygon></Placemark>
<Style id="s-VP-33">
<LineStyle><color>ff82004b</color><width>2.0</width></LineStyle>
<PolyStyle><color>ff82004b</color></PolyStyle>
<IconStyle><color>ff82004b</color><scale>0.55</scale>
<Icon><href>http://maps.google.com/mapfiles/kml/shapes/placemark_circle.png</href></Icon>
</IconStyle>
<LabelStyle><scale>0.65</scale></LabelStyle>
</Style><Placemark><name>Praça António Joaquim Martins</name><styleUrl>#s-VP-33</styleUrl><description><![CDATA[<table style="border-collapse:collapse;width:100%;font-family:'Helvetica Neue',Helvetica,Arial,sans-serif;font-size:11px;border:1px solid #e5e7eb;border-radius:8px;overflow:hidden;"><tr><th colspan="2" style="padding:5px 8px;background:#1f6feb;color:#fff;text-align:left;font-size:12px;font-weight:600;">Praça António Joaquim Martins</th></tr><tr><th style="padding:3px 5px;text-align:left;background:#f3f4f6;border-bottom:1px solid #d1d5db;width:30%;font-size:11px;font-weight:600;color:#1f2937;">Serviço</th><td style="padding:3px 5px;border-bottom:1px solid #e5e7eb;font-size:11px;color:#111827;">Varrição de Praças (VP)</td></tr><tr><th style="padding:3px 5px;text-align:left;background:#f3f4f6;border-bottom:1px solid #d1d5db;width:30%;font-size:11px;font-weight:600;color:#1f2937;">Setor</th><td style="padding:3px 5px;border-bottom:1px solid #e5e7eb;font-size:11px;color:#111827;">JT10303VP0011</td></tr><tr><th style="padding:3px 5px;text-align:left;background:#f3f4f6;border-bottom:1px solid #d1d5db;width:30%;font-size:11px;font-weight:600;color:#1f2937;">Tipo de Serviço</th><td style="padding:3px 5px;border-bottom:1px solid #e5e7eb;font-size:11px;color:#111827;">Varrição de Praças</td></tr><tr><th style="padding:3px 5px;text-align:left;background:#f3f4f6;border-bottom:1px solid #d1d5db;width:30%;font-size:11px;font-weight:600;color:#1f2937;">Nome</th><td style="padding:3px 5px;border-bottom:1px solid #e5e7eb;font-size:11px;color:#111827;">Praça António Joaquim Martins</td></tr><tr><th style="padding:3px 5px;text-align:left;background:#f3f4f6;border-bottom:1px solid #d1d5db;width:30%;font-size:11px;font-weight:600;color:#1f2937;">Logradouro</th><td style="padding:3px 5px;border-bottom:1px solid #e5e7eb;font-size:11px;color:#111827;">R Marcondes Buarque</td></tr><tr><th style="padding:3px 5px;text-align:left;background:#f3f4f6;border-bottom:1px solid #d1d5db;width:30%;font-size:11px;font-weight:600;color:#1f2937;">Subprefeitura</th><td style="padding:3px 5px;border-bottom:1px solid #e5e7eb;font-size:11px;color:#111827;">Jaçanã / Tucuruvi</td></tr><tr><th style="padding:3px 5px;text-align:left;background:#f3f4f6;border-bottom:1px solid #d1d5db;width:30%;font-size:11px;font-weight:600;color:#1f2937;">Turno</th><td style="padding:3px 5px;border-bottom:1px solid #e5e7eb;font-size:11px;color:#111827;">Diurno</td></tr><tr><th style="padding:3px 5px;text-align:left;background:#f3f4f6;border-bottom:1px solid #d1d5db;width:30%;font-size:11px;font-weight:600;color:#1f2937;">Frequência</th><td style="padding:3px 5px;border-bottom:1px solid #e5e7eb;font-size:11px;color:#111827;">Bissemanal de Terça/Sexta</td></tr><tr><th style="padding:3px 5px;text-align:left;background:#f3f4f6;border-bottom:1px solid #d1d5db;width:30%;font-size:11px;font-weight:600;color:#1f2937;">Cronograma</th><td style="padding:3px 5px;border-bottom:1px solid #e5e7eb;font-size:11px;color:#111827;">—</td></tr></table>]]></description><Polygon><outerBoundaryIs><LinearRing><coordinates>-46.5783300,-23.4720500,0 -46.5780900,-23.4720700,0 -46.5779200,-23.4721100,0 -46.5776300,-23.4722700,0 -46.5775100,-23.4723900,0 -46.5774200,-23.4725200,0 -46.5773000,-23.4727600,0 -46.5772000,-23.4730300,0 -46.5772000,-23.4733400,0 -46.5772400,-23.4734900,0 -46.5773100,-23.4736400,0 -46.5774100,-23.4737700,0 -46.5775300,-23.4738800,0 -46.5776700,-23.4739700,0 -46.5779000,-23.4740700,0 -46.5780600,-23.4741000,0 -46.5785700,-23.4741000,0 -46.5787400,-23.4740600,0 -46.5789000,-23.4739900,0 -46.5790400,-23.4739100,0 -46.5791600,-23.4738000,0 -46.5792600,-23.4736700,0 -46.5793800,-23.4733800,0 -46.5793800,-23.4728000,0 -46.5793400,-23.4726400,0 -46.5791700,-23.4723700,0 -46.5790500,-23.4722600,0 -46.5789000,-23.4721700,0 -46.5787500,-23.4721100,0 -46.5785800,-23.4720700,0 -46.5783300,-23.4720500,0</coordinates></LinearRing></outerBoundaryIs></Polygon></Placemark>
<Style id="s-VP-34">
<LineStyle><color>ff82004b</color><width>2.0</width></LineStyle>
<PolyStyle><color>ff82004b</color></PolyStyle>
<IconStyle><color>ff82004b</color><scale>0.55</scale>
<Icon><href>http://maps.google.com/mapfiles/kml/shapes/placemark_circle.png</href></Icon>
</IconStyle>
<LabelStyle><scale>0.65</scale></LabelStyle>
</Style><Placemark><name>Praça Alamenda das Roseiras</name><styleUrl>#s-VP-34</styleUrl><description><![CDATA[<table style="border-collapse:collapse;width:100%;font-family:'Helvetica Neue',Helvetica,Arial,sans-serif;font-size:11px;border:1px solid #e5e7eb;border-radius:8px;overflow:hidden;"><tr><th colspan="2" style="padding:5px 8px;background:#1f6feb;color:#fff;text-align:left;font-size:12px;font-weight:600;">Praça Alamenda das Roseiras</th></tr><tr><th style="padding:3px 5px;text-align:left;background:#f3f4f6;border-bottom:1px solid #d1d5db;width:30%;font-size:11px;font-weight:600;color:#1f2937;">Serviço</th><td style="padding:3px 5px;border-bottom:1px solid #e5e7eb;font-size:11px;color:#111827;">Varrição de Praças (VP)</td></tr><tr><th style="padding:3px 5px;text-align:left;background:#f3f4f6;border-bottom:1px solid #d1d5db;width:30%;font-size:11px;font-weight:600;color:#1f2937;">Setor</th><td style="padding:3px 5px;border-bottom:1px solid #e5e7eb;font-size:11px;color:#111827;">JT10304VP0012</td></tr><tr><th style="padding:3px 5px;text-align:left;background:#f3f4f6;border-bottom:1px solid #d1d5db;width:30%;font-size:11px;font-weight:600;color:#1f2937;">Tipo de Serviço</th><td style="padding:3px 5px;border-bottom:1px solid #e5e7eb;font-size:11px;color:#111827;">Varrição de Praças</td></tr><tr><th style="padding:3px 5px;text-align:left;background:#f3f4f6;border-bottom:1px solid #d1d5db;width:30%;font-size:11px;font-weight:600;color:#1f2937;">Nome</th><td style="padding:3px 5px;border-bottom:1px solid #e5e7eb;font-size:11px;color:#111827;">Praça Alamenda das Roseiras</td></tr><tr><th style="padding:3px 5px;text-align:left;background:#f3f4f6;border-bottom:1px solid #d1d5db;width:30%;font-size:11px;font-weight:600;color:#1f2937;">Logradouro</th><td style="padding:3px 5px;border-bottom:1px solid #e5e7eb;font-size:11px;color:#111827;">R Pedro Marques</td></tr><tr><th style="padding:3px 5px;text-align:left;background:#f3f4f6;border-bottom:1px solid #d1d5db;width:30%;font-size:11px;font-weight:600;color:#1f2937;">Subprefeitura</th><td style="padding:3px 5px;border-bottom:1px solid #e5e7eb;font-size:11px;color:#111827;">Jaçanã / Tucuruvi</td></tr><tr><th style="padding:3px 5px;text-align:left;background:#f3f4f6;border-bottom:1px solid #d1d5db;width:30%;font-size:11px;font-weight:600;color:#1f2937;">Turno</th><td style="padding:3px 5px;border-bottom:1px solid #e5e7eb;font-size:11px;color:#111827;">Diurno</td></tr><tr><th style="padding:3px 5px;text-align:left;background:#f3f4f6;border-bottom:1px solid #d1d5db;width:30%;font-size:11px;font-weight:600;color:#1f2937;">Frequência</th><td style="padding:3px 5px;border-bottom:1px solid #e5e7eb;font-size:11px;color:#111827;">Bissemanal de Quarta/Sábado</td></tr><tr><th style="padding:3px 5px;text-align:left;background:#f3f4f6;border-bottom:1px solid #d1d5db;width:30%;font-size:11px;font-weight:600;color:#1f2937;">Cronograma</th><td style="padding:3px 5px;border-bottom:1px solid #e5e7eb;font-size:11px;color:#111827;">—</td></tr></table>]]></description><Polygon><outerBoundaryIs><LinearRing><coordinates>-46.5789300,-23.4423900,0 -46.5790900,-23.4426600,0 -46.5793500,-23.4428700,0 -46.5796700,-23.4429800,0 -46.5800100,-23.4429800,0 -46.5801700,-23.4429500,0 -46.5817500,-23.4422900,0 -46.5819000,-23.4422200,0 -46.5820300,-23.4421200,0 -46.5821400,-23.4420000,0 -46.5822300,-23.4418600,0 -46.5822900,-23.4417200,0 -46.5823300,-23.4414700,0 -46.5822600,-23.4411400,0 -46.5820900,-23.4408000,0 -46.5819900,-23.4406800,0 -46.5818700,-23.4405700,0 -46.5815600,-23.4404300,0 -46.5814000,-23.4403900,0 -46.5812300,-23.4403800,0 -46.5806800,-23.4404400,0 -46.5805200,-23.4405000,0 -46.5793000,-23.4411200,0 -46.5791600,-23.4412100,0 -46.5790400,-23.4413200,0 -46.5789400,-23.4414500,0 -46.5788200,-23.4417400,0 -46.5788200,-23.4420500,0 -46.5789300,-23.4423900,0</coordinates></LinearRing></outerBoundaryIs></Polygon></Placemark>
<Style id="s-VP-35">
<LineStyle><color>ff82004b</color><width>2.0</width></LineStyle>
<PolyStyle><color>ff82004b</color></PolyStyle>
<IconStyle><color>ff82004b</color><scale>0.55</scale>
<Icon><href>http://maps.google.com/mapfiles/kml/shapes/placemark_circle.png</href></Icon>
</IconStyle>
<LabelStyle><scale>0.65</scale></LabelStyle>
</Style><Placemark><name>Rua Barão Carlos de Souza Anhumas, 503</name><styleUrl>#s-VP-35</styleUrl><description><![CDATA[<table style="border-collapse:collapse;width:100%;font-family:'Helvetica Neue',Helvetica,Arial,sans-serif;font-size:11px;border:1px solid #e5e7eb;border-radius:8px;overflow:hidden;"><tr><th colspan="2" style="padding:5px 8px;background:#1f6feb;color:#fff;text-align:left;font-size:12px;font-weight:600;">Rua Barão Carlos de Souza Anhumas, 503</th></tr><tr><th style="padding:3px 5px;text-align:left;background:#f3f4f6;border-bottom:1px solid #d1d5db;width:30%;font-size:11px;font-weight:600;color:#1f2937;">Serviço</th><td style="padding:3px 5px;border-bottom:1px solid #e5e7eb;font-size:11px;color:#111827;">Varrição de Praças (VP)</td></tr><tr><th style="padding:3px 5px;text-align:left;background:#f3f4f6;border-bottom:1px solid #d1d5db;width:30%;font-size:11px;font-weight:600;color:#1f2937;">Setor</th><td style="padding:3px 5px;border-bottom:1px solid #e5e7eb;font-size:11px;color:#111827;">JT10304VP0013</td></tr><tr><th style="padding:3px 5px;text-align:left;background:#f3f4f6;border-bottom:1px solid #d1d5db;width:30%;font-size:11px;font-weight:600;color:#1f2937;">Tipo de Serviço</th><td style="padding:3px 5px;border-bottom:1px solid #e5e7eb;font-size:11px;color:#111827;">Varrição de Praças</td></tr><tr><th style="padding:3px 5px;text-align:left;background:#f3f4f6;border-bottom:1px solid #d1d5db;width:30%;font-size:11px;font-weight:600;color:#1f2937;">Nome</th><td style="padding:3px 5px;border-bottom:1px solid #e5e7eb;font-size:11px;color:#111827;">Rua Barão Carlos de Souza Anhumas, 503</td></tr><tr><th style="padding:3px 5px;text-align:left;background:#f3f4f6;border-bottom:1px solid #d1d5db;width:30%;font-size:11px;font-weight:600;color:#1f2937;">Logradouro</th><td style="padding:3px 5px;border-bottom:1px solid #e5e7eb;font-size:11px;color:#111827;">Al dos Canarios</td></tr><tr><th style="padding:3px 5px;text-align:left;background:#f3f4f6;border-bottom:1px solid #d1d5db;width:30%;font-size:11px;font-weight:600;color:#1f2937;">Subprefeitura</th><td style="padding:3px 5px;border-bottom:1px solid #e5e7eb;font-size:11px;color:#111827;">Jaçanã / Tucuruvi</td></tr><tr><th style="padding:3px 5px;text-align:left;background:#f3f4f6;border-bottom:1px solid #d1d5db;width:30%;font-size:11px;font-weight:600;color:#1f2937;">Turno</th><td style="padding:3px 5px;border-bottom:1px solid #e5e7eb;font-size:11px;color:#111827;">Diurno</td></tr><tr><th style="padding:3px 5px;text-align:left;background:#f3f4f6;border-bottom:1px solid #d1d5db;width:30%;font-size:11px;font-weight:600;color:#1f2937;">Frequência</th><td style="padding:3px 5px;border-bottom:1px solid #e5e7eb;font-size:11px;color:#111827;">Bissemanal de Quarta/Sábado</td></tr><tr><th style="padding:3px 5px;text-align:left;background:#f3f4f6;border-bottom:1px solid #d1d5db;width:30%;font-size:11px;font-weight:600;color:#1f2937;">Cronograma</th><td style="padding:3px 5px;border-bottom:1px solid #e5e7eb;font-size:11px;color:#111827;">—</td></tr></table>]]></description><Polygon><outerBoundaryIs><LinearRing><coordinates>-46.5807100,-23.4362600,0 -46.5810300,-23.4363800,0 -46.5812000,-23.4364000,0 -46.5813700,-23.4363900,0 -46.5815400,-23.4363500,0 -46.5816900,-23.4362900,0 -46.5822800,-23.4358700,0 -46.5824800,-23.4355700,0 -46.5825400,-23.4354300,0 -46.5825800,-23.4352700,0 -46.5825700,-23.4350100,0 -46.5825200,-23.4348600,0 -46.5824500,-23.4347200,0 -46.5823500,-23.4345900,0 -46.5822300,-23.4344800,0 -46.5817200,-23.4341300,0 -46.5814800,-23.4339000,0 -46.5811700,-23.4337700,0 -46.5808300,-23.4337200,0 -46.5806600,-23.4337300,0 -46.5803400,-23.4338300,0 -46.5800700,-23.4340300,0 -46.5799700,-23.4341500,0 -46.5798500,-23.4344400,0 -46.5797900,-23.4351800,0 -46.5797900,-23.4353300,0 -46.5798300,-23.4354900,0 -46.5798900,-23.4356400,0 -46.5799800,-23.4357700,0 -46.5800900,-23.4358900,0 -46.5802200,-23.4359800,0 -46.5807100,-23.4362600,0</coordinates></LinearRing></outerBoundaryIs></Polygon></Placemark>
<Style id="s-VP-36">
<LineStyle><color>ffebce87</color><width>2.0</width></LineStyle>
<PolyStyle><color>ffebce87</color></PolyStyle>
<IconStyle><color>ffebce87</color><scale>0.55</scale>
<Icon><href>http://maps.google.com/mapfiles/kml/shapes/placemark_circle.png</href></Icon>
</IconStyle>
<LabelStyle><scale>0.65</scale></LabelStyle>
</Style><Placemark><name>Praça Maria Montessori</name><styleUrl>#s-VP-36</styleUrl><description><![CDATA[<table style="border-collapse:collapse;width:100%;font-family:'Helvetica Neue',Helvetica,Arial,sans-serif;font-size:11px;border:1px solid #e5e7eb;border-radius:8px;overflow:hidden;"><tr><th colspan="2" style="padding:5px 8px;background:#1f6feb;color:#fff;text-align:left;font-size:12px;font-weight:600;">Praça Maria Montessori</th></tr><tr><th style="padding:3px 5px;text-align:left;background:#f3f4f6;border-bottom:1px solid #d1d5db;width:30%;font-size:11px;font-weight:600;color:#1f2937;">Serviço</th><td style="padding:3px 5px;border-bottom:1px solid #e5e7eb;font-size:11px;color:#111827;">Varrição de Praças (VP)</td></tr><tr><th style="padding:3px 5px;text-align:left;background:#f3f4f6;border-bottom:1px solid #d1d5db;width:30%;font-size:11px;font-weight:600;color:#1f2937;">Setor</th><td style="padding:3px 5px;border-bottom:1px solid #e5e7eb;font-size:11px;color:#111827;">MG10202VP0001</td></tr><tr><th style="padding:3px 5px;text-align:left;background:#f3f4f6;border-bottom:1px solid #d1d5db;width:30%;font-size:11px;font-weight:600;color:#1f2937;">Tipo de Serviço</th><td style="padding:3px 5px;border-bottom:1px solid #e5e7eb;font-size:11px;color:#111827;">Varrição de Praças</td></tr><tr><th style="padding:3px 5px;text-align:left;background:#f3f4f6;border-bottom:1px solid #d1d5db;width:30%;font-size:11px;font-weight:600;color:#1f2937;">Nome</th><td style="padding:3px 5px;border-bottom:1px solid #e5e7eb;font-size:11px;color:#111827;">Praça Maria Montessori</td></tr><tr><th style="padding:3px 5px;text-align:left;background:#f3f4f6;border-bottom:1px solid #d1d5db;width:30%;font-size:11px;font-weight:600;color:#1f2937;">Logradouro</th><td style="padding:3px 5px;border-bottom:1px solid #e5e7eb;font-size:11px;color:#111827;">Av Alberto Byington</td></tr><tr><th style="padding:3px 5px;text-align:left;background:#f3f4f6;border-bottom:1px solid #d1d5db;width:30%;font-size:11px;font-weight:600;color:#1f2937;">Subprefeitura</th><td style="padding:3px 5px;border-bottom:1px solid #e5e7eb;font-size:11px;color:#111827;">Vila Maria / Vila Guilherme</td></tr><tr><th style="padding:3px 5px;text-align:left;background:#f3f4f6;border-bottom:1px solid #d1d5db;width:30%;font-size:11px;font-weight:600;color:#1f2937;">Turno</th><td style="padding:3px 5px;border-bottom:1px solid #e5e7eb;font-size:11px;color:#111827;">Diurno</td></tr><tr><th style="padding:3px 5px;text-align:left;background:#f3f4f6;border-bottom:1px solid #d1d5db;width:30%;font-size:11px;font-weight:600;color:#1f2937;">Frequência</th><td style="padding:3px 5px;border-bottom:1px solid #e5e7eb;font-size:11px;color:#111827;">Alternada de Segunda/Quarta/Sexta</td></tr><tr><th style="padding:3px 5px;text-align:left;background:#f3f4f6;border-bottom:1px solid #d1d5db;width:30%;font-size:11px;font-weight:600;color:#1f2937;">Cronograma</th><td style="padding:3px 5px;border-bottom:1px solid #e5e7eb;font-size:11px;color:#111827;">—</td></tr></table>]]></description><Polygon><outerBoundaryIs><LinearRing><coordinates>-46.5904900,-23.5003900,0 -46.5902700,-23.5001900,0 -46.5900600,-23.5000700,0 -46.5898700,-23.4999800,0 -46.5897000,-23.4999400,0 -46.5893700,-23.4999400,0 -46.5890400,-23.5000400,0 -46.5889000,-23.5001200,0 -46.5887700,-23.5002300,0 -46.5886600,-23.5003600,0 -46.5885800,-23.5005000,0 -46.5885100,-23.5007300,0 -46.5884900,-23.5008800,0 -46.5885500,-23.5011900,0 -46.5886600,-23.5014600,0 -46.5887400,-23.5016000,0 -46.5888400,-23.5017300,0 -46.5891100,-23.5019200,0 -46.5894400,-23.5020200,0 -46.5896100,-23.5020300,0 -46.5897800,-23.5020100,0 -46.5902000,-23.5018900,0 -46.5903500,-23.5018200,0 -46.5906000,-23.5016000,0 -46.5906900,-23.5014700,0 -46.5907500,-23.5013200,0 -46.5907800,-23.5011700,0 -46.5907800,-23.5009100,0 -46.5907300,-23.5007500,0 -46.5906600,-23.5006100,0 -46.5904900,-23.5003900,0</coordinates></LinearRing></outerBoundaryIs></Polygon></Placemark>
<Style id="s-VP-37">
<LineStyle><color>ffebce87</color><width>2.0</width></LineStyle>
<PolyStyle><color>ffebce87</color></PolyStyle>
<IconStyle><color>ffebce87</color><scale>0.55</scale>
<Icon><href>http://maps.google.com/mapfiles/kml/shapes/placemark_circle.png</href></Icon>
</IconStyle>
<LabelStyle><scale>0.65</scale></LabelStyle>
</Style><Placemark><name>Praça Cosmorama</name><styleUrl>#s-VP-37</styleUrl><description><![CDATA[<table style="border-collapse:collapse;width:100%;font-family:'Helvetica Neue',Helvetica,Arial,sans-serif;font-size:11px;border:1px solid #e5e7eb;border-radius:8px;overflow:hidden;"><tr><th colspan="2" style="padding:5px 8px;background:#1f6feb;color:#fff;text-align:left;font-size:12px;font-weight:600;">Praça Cosmorama</th></tr><tr><th style="padding:3px 5px;text-align:left;background:#f3f4f6;border-bottom:1px solid #d1d5db;width:30%;font-size:11px;font-weight:600;color:#1f2937;">Serviço</th><td style="padding:3px 5px;border-bottom:1px solid #e5e7eb;font-size:11px;color:#111827;">Varrição de Praças (VP)</td></tr><tr><th style="padding:3px 5px;text-align:left;background:#f3f4f6;border-bottom:1px solid #d1d5db;width:30%;font-size:11px;font-weight:600;color:#1f2937;">Setor</th><td style="padding:3px 5px;border-bottom:1px solid #e5e7eb;font-size:11px;color:#111827;">MG10202VP0002</td></tr><tr><th style="padding:3px 5px;text-align:left;background:#f3f4f6;border-bottom:1px solid #d1d5db;width:30%;font-size:11px;font-weight:600;color:#1f2937;">Tipo de Serviço</th><td style="padding:3px 5px;border-bottom:1px solid #e5e7eb;font-size:11px;color:#111827;">Varrição de Praças</td></tr><tr><th style="padding:3px 5px;text-align:left;background:#f3f4f6;border-bottom:1px solid #d1d5db;width:30%;font-size:11px;font-weight:600;color:#1f2937;">Nome</th><td style="padding:3px 5px;border-bottom:1px solid #e5e7eb;font-size:11px;color:#111827;">Praça Cosmorama</td></tr><tr><th style="padding:3px 5px;text-align:left;background:#f3f4f6;border-bottom:1px solid #d1d5db;width:30%;font-size:11px;font-weight:600;color:#1f2937;">Logradouro</th><td style="padding:3px 5px;border-bottom:1px solid #e5e7eb;font-size:11px;color:#111827;">Av Alberto Byington</td></tr><tr><th style="padding:3px 5px;text-align:left;background:#f3f4f6;border-bottom:1px solid #d1d5db;width:30%;font-size:11px;font-weight:600;color:#1f2937;">Subprefeitura</th><td style="padding:3px 5px;border-bottom:1px solid #e5e7eb;font-size:11px;color:#111827;">Vila Maria / Vila Guilherme</td></tr><tr><th style="padding:3px 5px;text-align:left;background:#f3f4f6;border-bottom:1px solid #d1d5db;width:30%;font-size:11px;font-weight:600;color:#1f2937;">Turno</th><td style="padding:3px 5px;border-bottom:1px solid #e5e7eb;font-size:11px;color:#111827;">Diurno</td></tr><tr><th style="padding:3px 5px;text-align:left;background:#f3f4f6;border-bottom:1px solid #d1d5db;width:30%;font-size:11px;font-weight:600;color:#1f2937;">Frequência</th><td style="padding:3px 5px;border-bottom:1px solid #e5e7eb;font-size:11px;color:#111827;">Alternada de Segunda/Quarta/Sexta</td></tr><tr><th style="padding:3px 5px;text-align:left;background:#f3f4f6;border-bottom:1px solid #d1d5db;width:30%;font-size:11px;font-weight:600;color:#1f2937;">Cronograma</th><td style="padding:3px 5px;border-bottom:1px solid #e5e7eb;font-size:11px;color:#111827;">—</td></tr></table>]]></description><Polygon><outerBoundaryIs><LinearRing><coordinates>-46.5898500,-23.5057600,0 -46.5896900,-23.5057000,0 -46.5894800,-23.5056600,0 -46.5893700,-23.5056500,0 -46.5890300,-23.5056800,0 -46.5887000,-23.5058300,0 -46.5884400,-23.5060400,0 -46.5883000,-23.5062500,0 -46.5882300,-23.5063900,0 -46.5881900,-23.5065500,0 -46.5881800,-23.5067000,0 -46.5882000,-23.5069200,0 -46.5883000,-23.5072200,0 -46.5883900,-23.5073500,0 -46.5885100,-23.5074700,0 -46.5888000,-23.5076400,0 -46.5891300,-23.5077100,0 -46.5893000,-23.5077000,0 -46.5894700,-23.5076700,0 -46.5898200,-23.5075500,0 -46.5901100,-23.5073900,0 -46.5902300,-23.5072800,0 -46.5904200,-23.5070300,0 -46.5904800,-23.5068800,0 -46.5905200,-23.5066200,0 -46.5905100,-23.5064600,0 -46.5903900,-23.5061700,0 -46.5902900,-23.5060400,0 -46.5901700,-23.5059300,0 -46.5900300,-23.5058400,0 -46.5898500,-23.5057600,0</coordinates></LinearRing></outerBoundaryIs></Polygon></Placemark>
<Style id="s-VP-38">
<LineStyle><color>ffebce87</color><width>2.0</width></LineStyle>
<PolyStyle><color>ffebce87</color></PolyStyle>
<IconStyle><color>ffebce87</color><scale>0.55</scale>
<Icon><href>http://maps.google.com/mapfiles/kml/shapes/placemark_circle.png</href></Icon>
</IconStyle>
<LabelStyle><scale>0.65</scale></LabelStyle>
</Style><Placemark><name>Praça Cidade de Dourado</name><styleUrl>#s-VP-38</styleUrl><description><![CDATA[<table style="border-collapse:collapse;width:100%;font-family:'Helvetica Neue',Helvetica,Arial,sans-serif;font-size:11px;border:1px solid #e5e7eb;border-radius:8px;overflow:hidden;"><tr><th colspan="2" style="padding:5px 8px;background:#1f6feb;color:#fff;text-align:left;font-size:12px;font-weight:600;">Praça Cidade de Dourado</th></tr><tr><th style="padding:3px 5px;text-align:left;background:#f3f4f6;border-bottom:1px solid #d1d5db;width:30%;font-size:11px;font-weight:600;color:#1f2937;">Serviço</th><td style="padding:3px 5px;border-bottom:1px solid #e5e7eb;font-size:11px;color:#111827;">Varrição de Praças (VP)</td></tr><tr><th style="padding:3px 5px;text-align:left;background:#f3f4f6;border-bottom:1px solid #d1d5db;width:30%;font-size:11px;font-weight:600;color:#1f2937;">Setor</th><td style="padding:3px 5px;border-bottom:1px solid #e5e7eb;font-size:11px;color:#111827;">MG10202VP0003</td></tr><tr><th style="padding:3px 5px;text-align:left;background:#f3f4f6;border-bottom:1px solid #d1d5db;width:30%;font-size:11px;font-weight:600;color:#1f2937;">Tipo de Serviço</th><td style="padding:3px 5px;border-bottom:1px solid #e5e7eb;font-size:11px;color:#111827;">Varrição de Praças</td></tr><tr><th style="padding:3px 5px;text-align:left;background:#f3f4f6;border-bottom:1px solid #d1d5db;width:30%;font-size:11px;font-weight:600;color:#1f2937;">Nome</th><td style="padding:3px 5px;border-bottom:1px solid #e5e7eb;font-size:11px;color:#111827;">Praça Cidade de Dourado</td></tr><tr><th style="padding:3px 5px;text-align:left;background:#f3f4f6;border-bottom:1px solid #d1d5db;width:30%;font-size:11px;font-weight:600;color:#1f2937;">Logradouro</th><td style="padding:3px 5px;border-bottom:1px solid #e5e7eb;font-size:11px;color:#111827;">Av Alberto Byington</td></tr><tr><th style="padding:3px 5px;text-align:left;background:#f3f4f6;border-bottom:1px solid #d1d5db;width:30%;font-size:11px;font-weight:600;color:#1f2937;">Subprefeitura</th><td style="padding:3px 5px;border-bottom:1px solid #e5e7eb;font-size:11px;color:#111827;">Vila Maria / Vila Guilherme</td></tr><tr><th style="padding:3px 5px;text-align:left;background:#f3f4f6;border-bottom:1px solid #d1d5db;width:30%;font-size:11px;font-weight:600;color:#1f2937;">Turno</th><td style="padding:3px 5px;border-bottom:1px solid #e5e7eb;font-size:11px;color:#111827;">Diurno</td></tr><tr><th style="padding:3px 5px;text-align:left;background:#f3f4f6;border-bottom:1px solid #d1d5db;width:30%;font-size:11px;font-weight:600;color:#1f2937;">Frequência</th><td style="padding:3px 5px;border-bottom:1px solid #e5e7eb;font-size:11px;color:#111827;">Alternada de Segunda/Quarta/Sexta</td></tr><tr><th style="padding:3px 5px;text-align:left;background:#f3f4f6;border-bottom:1px solid #d1d5db;width:30%;font-size:11px;font-weight:600;color:#1f2937;">Cronograma</th><td style="padding:3px 5px;border-bottom:1px solid #e5e7eb;font-size:11px;color:#111827;">—</td></tr></table>]]></description><Polygon><outerBoundaryIs><LinearRing><coordinates>-46.5903200,-23.5053700,0 -46.5901100,-23.5055600,0 -46.5897500,-23.5057900,0 -46.5896200,-23.5059000,0 -46.5894500,-23.5061700,0 -46.5893900,-23.5064800,0 -46.5894000,-23.5066300,0 -46.5894500,-23.5067900,0 -46.5895200,-23.5069300,0 -46.5897300,-23.5071700,0 -46.5898700,-23.5072600,0 -46.5900300,-23.5073300,0 -46.5903600,-23.5073900,0 -46.5906300,-23.5073900,0 -46.5908900,-23.5073600,0 -46.5911800,-23.5072600,0 -46.5915400,-23.5070700,0 -46.5918000,-23.5068300,0 -46.5919000,-23.5067000,0 -46.5920400,-23.5064700,0 -46.5921500,-23.5061300,0 -46.5921800,-23.5058200,0 -46.5921600,-23.5056300,0 -46.5921200,-23.5054800,0 -46.5919500,-23.5052100,0 -46.5918300,-23.5051000,0 -46.5916900,-23.5050100,0 -46.5915300,-23.5049400,0 -46.5913700,-23.5049000,0 -46.5910300,-23.5049000,0 -46.5908600,-23.5049400,0 -46.5905700,-23.5051000,0 -46.5904000,-23.5052600,0 -46.5903200,-23.5053700,0</coordinates></LinearRing></outerBoundaryIs></Polygon></Placemark>
<Style id="s-VP-39">
<LineStyle><color>ffebce87</color><width>2.0</width></LineStyle>
<PolyStyle><color>ffebce87</color></PolyStyle>
<IconStyle><color>ffebce87</color><scale>0.55</scale>
<Icon><href>http://maps.google.com/mapfiles/kml/shapes/placemark_circle.png</href></Icon>
</IconStyle>
<LabelStyle><scale>0.65</scale></LabelStyle>
</Style><Placemark><name>Praça Otacilio Vieira</name><styleUrl>#s-VP-39</styleUrl><description><![CDATA[<table style="border-collapse:collapse;width:100%;font-family:'Helvetica Neue',Helvetica,Arial,sans-serif;font-size:11px;border:1px solid #e5e7eb;border-radius:8px;overflow:hidden;"><tr><th colspan="2" style="padding:5px 8px;background:#1f6feb;color:#fff;text-align:left;font-size:12px;font-weight:600;">Praça Otacilio Vieira</th></tr><tr><th style="padding:3px 5px;text-align:left;background:#f3f4f6;border-bottom:1px solid #d1d5db;width:30%;font-size:11px;font-weight:600;color:#1f2937;">Serviço</th><td style="padding:3px 5px;border-bottom:1px solid #e5e7eb;font-size:11px;color:#111827;">Varrição de Praças (VP)</td></tr><tr><th style="padding:3px 5px;text-align:left;background:#f3f4f6;border-bottom:1px solid #d1d5db;width:30%;font-size:11px;font-weight:600;color:#1f2937;">Setor</th><td style="padding:3px 5px;border-bottom:1px solid #e5e7eb;font-size:11px;color:#111827;">MG10202VP0004</td></tr><tr><th style="padding:3px 5px;text-align:left;background:#f3f4f6;border-bottom:1px solid #d1d5db;width:30%;font-size:11px;font-weight:600;color:#1f2937;">Tipo de Serviço</th><td style="padding:3px 5px;border-bottom:1px solid #e5e7eb;font-size:11px;color:#111827;">Varrição de Praças</td></tr><tr><th style="padding:3px 5px;text-align:left;background:#f3f4f6;border-bottom:1px solid #d1d5db;width:30%;font-size:11px;font-weight:600;color:#1f2937;">Nome</th><td style="padding:3px 5px;border-bottom:1px solid #e5e7eb;font-size:11px;color:#111827;">Praça Otacilio Vieira</td></tr><tr><th style="padding:3px 5px;text-align:left;background:#f3f4f6;border-bottom:1px solid #d1d5db;width:30%;font-size:11px;font-weight:600;color:#1f2937;">Logradouro</th><td style="padding:3px 5px;border-bottom:1px solid #e5e7eb;font-size:11px;color:#111827;">R Arisugawa</td></tr><tr><th style="padding:3px 5px;text-align:left;background:#f3f4f6;border-bottom:1px solid #d1d5db;width:30%;font-size:11px;font-weight:600;color:#1f2937;">Subprefeitura</th><td style="padding:3px 5px;border-bottom:1px solid #e5e7eb;font-size:11px;color:#111827;">Vila Maria / Vila Guilherme</td></tr><tr><th style="padding:3px 5px;text-align:left;background:#f3f4f6;border-bottom:1px solid #d1d5db;width:30%;font-size:11px;font-weight:600;color:#1f2937;">Turno</th><td style="padding:3px 5px;border-bottom:1px solid #e5e7eb;font-size:11px;color:#111827;">Diurno</td></tr><tr><th style="padding:3px 5px;text-align:left;background:#f3f4f6;border-bottom:1px solid #d1d5db;width:30%;font-size:11px;font-weight:600;color:#1f2937;">Frequência</th><td style="padding:3px 5px;border-bottom:1px solid #e5e7eb;font-size:11px;color:#111827;">Alternada de Segunda/Quarta/Sexta</td></tr><tr><th style="padding:3px 5px;text-align:left;background:#f3f4f6;border-bottom:1px solid #d1d5db;width:30%;font-size:11px;font-weight:600;color:#1f2937;">Cronograma</th><td style="padding:3px 5px;border-bottom:1px solid #e5e7eb;font-size:11px;color:#111827;">—</td></tr></table>]]></description><Polygon><outerBoundaryIs><LinearRing><coordinates>-46.5776600,-23.5021400,0 -46.5775100,-23.5020700,0 -46.5773400,-23.5020300,0 -46.5770000,-23.5020300,0 -46.5766800,-23.5021400,0 -46.5765400,-23.5022300,0 -46.5764200,-23.5023400,0 -46.5763200,-23.5024700,0 -46.5762500,-23.5026200,0 -46.5761900,-23.5029200,0 -46.5762200,-23.5032800,0 -46.5762700,-23.5034300,0 -46.5763500,-23.5035700,0 -46.5765700,-23.5038000,0 -46.5767200,-23.5038900,0 -46.5768800,-23.5039500,0 -46.5772100,-23.5039900,0 -46.5775500,-23.5039300,0 -46.5779200,-23.5037600,0 -46.5780500,-23.5036600,0 -46.5781600,-23.5035400,0 -46.5782500,-23.5034000,0 -46.5783100,-23.5032600,0 -46.5783400,-23.5031000,0 -46.5783300,-23.5028600,0 -46.5782800,-23.5027100,0 -46.5782100,-23.5025700,0 -46.5781100,-23.5024400,0 -46.5779900,-23.5023300,0 -46.5776600,-23.5021400,0</coordinates></LinearRing></outerBoundaryIs></Polygon></Placemark>
<Style id="s-VP-40">
<LineStyle><color>ffebce87</color><width>2.0</width></LineStyle>
<PolyStyle><color>ffebce87</color></PolyStyle>
<IconStyle><color>ffebce87</color><scale>0.55</scale>
<Icon><href>http://maps.google.com/mapfiles/kml/shapes/placemark_circle.png</href></Icon>
</IconStyle>
<LabelStyle><scale>0.65</scale></LabelStyle>
</Style><Placemark><name>Praça Mikado</name><styleUrl>#s-VP-40</styleUrl><description><![CDATA[<table style="border-collapse:collapse;width:100%;font-family:'Helvetica Neue',Helvetica,Arial,sans-serif;font-size:11px;border:1px solid #e5e7eb;border-radius:8px;overflow:hidden;"><tr><th colspan="2" style="padding:5px 8px;background:#1f6feb;color:#fff;text-align:left;font-size:12px;font-weight:600;">Praça Mikado</th></tr><tr><th style="padding:3px 5px;text-align:left;background:#f3f4f6;border-bottom:1px solid #d1d5db;width:30%;font-size:11px;font-weight:600;color:#1f2937;">Serviço</th><td style="padding:3px 5px;border-bottom:1px solid #e5e7eb;font-size:11px;color:#111827;">Varrição de Praças (VP)</td></tr><tr><th style="padding:3px 5px;text-align:left;background:#f3f4f6;border-bottom:1px solid #d1d5db;width:30%;font-size:11px;font-weight:600;color:#1f2937;">Setor</th><td style="padding:3px 5px;border-bottom:1px solid #e5e7eb;font-size:11px;color:#111827;">MG10202VP0005</td></tr><tr><th style="padding:3px 5px;text-align:left;background:#f3f4f6;border-bottom:1px solid #d1d5db;width:30%;font-size:11px;font-weight:600;color:#1f2937;">Tipo de Serviço</th><td style="padding:3px 5px;border-bottom:1px solid #e5e7eb;font-size:11px;color:#111827;">Varrição de Praças</td></tr><tr><th style="padding:3px 5px;text-align:left;background:#f3f4f6;border-bottom:1px solid #d1d5db;width:30%;font-size:11px;font-weight:600;color:#1f2937;">Nome</th><td style="padding:3px 5px;border-bottom:1px solid #e5e7eb;font-size:11px;color:#111827;">Praça Mikado</td></tr><tr><th style="padding:3px 5px;text-align:left;background:#f3f4f6;border-bottom:1px solid #d1d5db;width:30%;font-size:11px;font-weight:600;color:#1f2937;">Logradouro</th><td style="padding:3px 5px;border-bottom:1px solid #e5e7eb;font-size:11px;color:#111827;">R Arisugawa</td></tr><tr><th style="padding:3px 5px;text-align:left;background:#f3f4f6;border-bottom:1px solid #d1d5db;width:30%;font-size:11px;font-weight:600;color:#1f2937;">Subprefeitura</th><td style="padding:3px 5px;border-bottom:1px solid #e5e7eb;font-size:11px;color:#111827;">Vila Maria / Vila Guilherme</td></tr><tr><th style="padding:3px 5px;text-align:left;background:#f3f4f6;border-bottom:1px solid #d1d5db;width:30%;font-size:11px;font-weight:600;color:#1f2937;">Turno</th><td style="padding:3px 5px;border-bottom:1px solid #e5e7eb;font-size:11px;color:#111827;">Diurno</td></tr><tr><th style="padding:3px 5px;text-align:left;background:#f3f4f6;border-bottom:1px solid #d1d5db;width:30%;font-size:11px;font-weight:600;color:#1f2937;">Frequência</th><td style="padding:3px 5px;border-bottom:1px solid #e5e7eb;font-size:11px;color:#111827;">Alternada de Segunda/Quarta/Sexta</td></tr><tr><th style="padding:3px 5px;text-align:left;background:#f3f4f6;border-bottom:1px solid #d1d5db;width:30%;font-size:11px;font-weight:600;color:#1f2937;">Cronograma</th><td style="padding:3px 5px;border-bottom:1px solid #e5e7eb;font-size:11px;color:#111827;">—</td></tr></table>]]></description><Polygon><outerBoundaryIs><LinearRing><coordinates>-46.5778300,-23.5008800,0 -46.5777200,-23.5008700,0 -46.5775600,-23.5008100,0 -46.5774000,-23.5007800,0 -46.5770600,-23.5008000,0 -46.5769100,-23.5008400,0 -46.5765800,-23.5008800,0 -46.5764100,-23.5009200,0 -46.5762500,-23.5009800,0 -46.5759900,-23.5011700,0 -46.5758100,-23.5014400,0 -46.5757600,-23.5015900,0 -46.5757400,-23.5017500,0 -46.5757500,-23.5019000,0 -46.5758100,-23.5021100,0 -46.5758300,-23.5022700,0 -46.5758800,-23.5024200,0 -46.5759600,-23.5025600,0 -46.5760600,-23.5026800,0 -46.5763300,-23.5028800,0 -46.5764900,-23.5029400,0 -46.5767300,-23.5029900,0 -46.5770700,-23.5031300,0 -46.5772400,-23.5031700,0 -46.5774100,-23.5031700,0 -46.5775800,-23.5031500,0 -46.5778900,-23.5030300,0 -46.5780200,-23.5029400,0 -46.5784600,-23.5025000,0 -46.5785600,-23.5023700,0 -46.5786800,-23.5020800,0 -46.5787000,-23.5019300,0 -46.5786900,-23.5017400,0 -46.5786100,-23.5014900,0 -46.5785400,-23.5013500,0 -46.5783400,-23.5011000,0 -46.5780500,-23.5009400,0 -46.5778300,-23.5008800,0</coordinates></LinearRing></outerBoundaryIs></Polygon></Placemark>
<Style id="s-VP-41">
<LineStyle><color>ffebce87</color><width>2.0</width></LineStyle>
<PolyStyle><color>ffebce87</color></PolyStyle>
<IconStyle><color>ffebce87</color><scale>0.55</scale>
<Icon><href>http://maps.google.com/mapfiles/kml/shapes/placemark_circle.png</href></Icon>
</IconStyle>
<LabelStyle><scale>0.65</scale></LabelStyle>
</Style><Placemark><name>Praça Tokio</name><styleUrl>#s-VP-41</styleUrl><description><![CDATA[<table style="border-collapse:collapse;width:100%;font-family:'Helvetica Neue',Helvetica,Arial,sans-serif;font-size:11px;border:1px solid #e5e7eb;border-radius:8px;overflow:hidden;"><tr><th colspan="2" style="padding:5px 8px;background:#1f6feb;color:#fff;text-align:left;font-size:12px;font-weight:600;">Praça Tokio</th></tr><tr><th style="padding:3px 5px;text-align:left;background:#f3f4f6;border-bottom:1px solid #d1d5db;width:30%;font-size:11px;font-weight:600;color:#1f2937;">Serviço</th><td style="padding:3px 5px;border-bottom:1px solid #e5e7eb;font-size:11px;color:#111827;">Varrição de Praças (VP)</td></tr><tr><th style="padding:3px 5px;text-align:left;background:#f3f4f6;border-bottom:1px solid #d1d5db;width:30%;font-size:11px;font-weight:600;color:#1f2937;">Setor</th><td style="padding:3px 5px;border-bottom:1px solid #e5e7eb;font-size:11px;color:#111827;">MG10202VP0006</td></tr><tr><th style="padding:3px 5px;text-align:left;background:#f3f4f6;border-bottom:1px solid #d1d5db;width:30%;font-size:11px;font-weight:600;color:#1f2937;">Tipo de Serviço</th><td style="padding:3px 5px;border-bottom:1px solid #e5e7eb;font-size:11px;color:#111827;">Varrição de Praças</td></tr><tr><th style="padding:3px 5px;text-align:left;background:#f3f4f6;border-bottom:1px solid #d1d5db;width:30%;font-size:11px;font-weight:600;color:#1f2937;">Nome</th><td style="padding:3px 5px;border-bottom:1px solid #e5e7eb;font-size:11px;color:#111827;">Praça Tokio</td></tr><tr><th style="padding:3px 5px;text-align:left;background:#f3f4f6;border-bottom:1px solid #d1d5db;width:30%;font-size:11px;font-weight:600;color:#1f2937;">Logradouro</th><td style="padding:3px 5px;border-bottom:1px solid #e5e7eb;font-size:11px;color:#111827;">Pc Tokio</td></tr><tr><th style="padding:3px 5px;text-align:left;background:#f3f4f6;border-bottom:1px solid #d1d5db;width:30%;font-size:11px;font-weight:600;color:#1f2937;">Subprefeitura</th><td style="padding:3px 5px;border-bottom:1px solid #e5e7eb;font-size:11px;color:#111827;">Vila Maria / Vila Guilherme</td></tr><tr><th style="padding:3px 5px;text-align:left;background:#f3f4f6;border-bottom:1px solid #d1d5db;width:30%;font-size:11px;font-weight:600;color:#1f2937;">Turno</th><td style="padding:3px 5px;border-bottom:1px solid #e5e7eb;font-size:11px;color:#111827;">Diurno</td></tr><tr><th style="padding:3px 5px;text-align:left;background:#f3f4f6;border-bottom:1px solid #d1d5db;width:30%;font-size:11px;font-weight:600;color:#1f2937;">Frequência</th><td style="padding:3px 5px;border-bottom:1px solid #e5e7eb;font-size:11px;color:#111827;">Alternada de Segunda/Quarta/Sexta</td></tr><tr><th style="padding:3px 5px;text-align:left;background:#f3f4f6;border-bottom:1px solid #d1d5db;width:30%;font-size:11px;font-weight:600;color:#1f2937;">Cronograma</th><td style="padding:3px 5px;border-bottom:1px solid #e5e7eb;font-size:11px;color:#111827;">—</td></tr></table>]]></description><Polygon><outerBoundaryIs><LinearRing><coordinates>-46.5743900,-23.5022500,0 -46.5744200,-23.5020600,0 -46.5743600,-23.5017500,0 -46.5741800,-23.5014800,0 -46.5740600,-23.5013700,0 -46.5739200,-23.5012800,0 -46.5737700,-23.5012200,0 -46.5736000,-23.5011700,0 -46.5732600,-23.5011700,0 -46.5729400,-23.5012800,0 -46.5725800,-23.5014900,0 -46.5723500,-23.5015800,0 -46.5722100,-23.5016700,0 -46.5720900,-23.5017800,0 -46.5719100,-23.5020500,0 -46.5718500,-23.5023500,0 -46.5718600,-23.5025100,0 -46.5719800,-23.5028300,0 -46.5721400,-23.5030600,0 -46.5722500,-23.5031800,0 -46.5724200,-23.5033100,0 -46.5725600,-23.5034000,0 -46.5729300,-23.5035500,0 -46.5732200,-23.5036200,0 -46.5733900,-23.5036200,0 -46.5737200,-23.5035600,0 -46.5738700,-23.5034900,0 -46.5741300,-23.5032800,0 -46.5742200,-23.5031500,0 -46.5743200,-23.5028500,0 -46.5743300,-23.5025700,0 -46.5743900,-23.5022500,0</coordinates></LinearRing></outerBoundaryIs></Polygon></Placemark>
<Style id="s-VP-42">
<LineStyle><color>ffebce87</color><width>2.0</width></LineStyle>
<PolyStyle><color>ffebce87</color></PolyStyle>
<IconStyle><color>ffebce87</color><scale>0.55</scale>
<Icon><href>http://maps.google.com/mapfiles/kml/shapes/placemark_circle.png</href></Icon>
</IconStyle>
<LabelStyle><scale>0.65</scale></LabelStyle>
</Style><Placemark><name>Praça Ten shi</name><styleUrl>#s-VP-42</styleUrl><description><![CDATA[<table style="border-collapse:collapse;width:100%;font-family:'Helvetica Neue',Helvetica,Arial,sans-serif;font-size:11px;border:1px solid #e5e7eb;border-radius:8px;overflow:hidden;"><tr><th colspan="2" style="padding:5px 8px;background:#1f6feb;color:#fff;text-align:left;font-size:12px;font-weight:600;">Praça Ten shi</th></tr><tr><th style="padding:3px 5px;text-align:left;background:#f3f4f6;border-bottom:1px solid #d1d5db;width:30%;font-size:11px;font-weight:600;color:#1f2937;">Serviço</th><td style="padding:3px 5px;border-bottom:1px solid #e5e7eb;font-size:11px;color:#111827;">Varrição de Praças (VP)</td></tr><tr><th style="padding:3px 5px;text-align:left;background:#f3f4f6;border-bottom:1px solid #d1d5db;width:30%;font-size:11px;font-weight:600;color:#1f2937;">Setor</th><td style="padding:3px 5px;border-bottom:1px solid #e5e7eb;font-size:11px;color:#111827;">MG10202VP0007</td></tr><tr><th style="padding:3px 5px;text-align:left;background:#f3f4f6;border-bottom:1px solid #d1d5db;width:30%;font-size:11px;font-weight:600;color:#1f2937;">Tipo de Serviço</th><td style="padding:3px 5px;border-bottom:1px solid #e5e7eb;font-size:11px;color:#111827;">Varrição de Praças</td></tr><tr><th style="padding:3px 5px;text-align:left;background:#f3f4f6;border-bottom:1px solid #d1d5db;width:30%;font-size:11px;font-weight:600;color:#1f2937;">Nome</th><td style="padding:3px 5px;border-bottom:1px solid #e5e7eb;font-size:11px;color:#111827;">Praça Ten shi</td></tr><tr><th style="padding:3px 5px;text-align:left;background:#f3f4f6;border-bottom:1px solid #d1d5db;width:30%;font-size:11px;font-weight:600;color:#1f2937;">Logradouro</th><td style="padding:3px 5px;border-bottom:1px solid #e5e7eb;font-size:11px;color:#111827;">R Yamato</td></tr><tr><th style="padding:3px 5px;text-align:left;background:#f3f4f6;border-bottom:1px solid #d1d5db;width:30%;font-size:11px;font-weight:600;color:#1f2937;">Subprefeitura</th><td style="padding:3px 5px;border-bottom:1px solid #e5e7eb;font-size:11px;color:#111827;">Vila Maria / Vila Guilherme</td></tr><tr><th style="padding:3px 5px;text-align:left;background:#f3f4f6;border-bottom:1px solid #d1d5db;width:30%;font-size:11px;font-weight:600;color:#1f2937;">Turno</th><td style="padding:3px 5px;border-bottom:1px solid #e5e7eb;font-size:11px;color:#111827;">Diurno</td></tr><tr><th style="padding:3px 5px;text-align:left;background:#f3f4f6;border-bottom:1px solid #d1d5db;width:30%;font-size:11px;font-weight:600;color:#1f2937;">Frequência</th><td style="padding:3px 5px;border-bottom:1px solid #e5e7eb;font-size:11px;color:#111827;">Alternada de Segunda/Quarta/Sexta</td></tr><tr><th style="padding:3px 5px;text-align:left;background:#f3f4f6;border-bottom:1px solid #d1d5db;width:30%;font-size:11px;font-weight:600;color:#1f2937;">Cronograma</th><td style="padding:3px 5px;border-bottom:1px solid #e5e7eb;font-size:11px;color:#111827;">—</td></tr></table>]]></description><Polygon><outerBoundaryIs><LinearRing><coordinates>-46.5750800,-23.5015200,0 -46.5751100,-23.5013200,0 -46.5751000,-23.5011400,0 -46.5750600,-23.5009800,0 -46.5749800,-23.5007900,0 -46.5748900,-23.5006600,0 -46.5746200,-23.5004200,0 -46.5744600,-23.5003300,0 -46.5742500,-23.5002600,0 -46.5740800,-23.5002300,0 -46.5738500,-23.5002300,0 -46.5736300,-23.5002700,0 -46.5734700,-23.5003300,0 -46.5732900,-23.5004300,0 -46.5731600,-23.5005300,0 -46.5730000,-23.5007000,0 -46.5729200,-23.5008400,0 -46.5728500,-23.5010200,0 -46.5728200,-23.5011700,0 -46.5728100,-23.5013400,0 -46.5728500,-23.5015500,0 -46.5730000,-23.5018600,0 -46.5732300,-23.5021000,0 -46.5734100,-23.5022100,0 -46.5737300,-23.5023100,0 -46.5741000,-23.5023300,0 -46.5742700,-23.5023000,0 -46.5746000,-23.5021600,0 -46.5747600,-23.5020400,0 -46.5748700,-23.5019200,0 -46.5749800,-23.5017700,0 -46.5750500,-23.5016300,0 -46.5750800,-23.5015200,0</coordinates></LinearRing></outerBoundaryIs></Polygon></Placemark>
<Style id="s-VP-43">
<LineStyle><color>ffebce87</color><width>2.0</width></LineStyle>
<PolyStyle><color>ffebce87</color></PolyStyle>
<IconStyle><color>ffebce87</color><scale>0.55</scale>
<Icon><href>http://maps.google.com/mapfiles/kml/shapes/placemark_circle.png</href></Icon>
</IconStyle>
<LabelStyle><scale>0.65</scale></LabelStyle>
</Style><Placemark><name>Praça Yedo</name><styleUrl>#s-VP-43</styleUrl><description><![CDATA[<table style="border-collapse:collapse;width:100%;font-family:'Helvetica Neue',Helvetica,Arial,sans-serif;font-size:11px;border:1px solid #e5e7eb;border-radius:8px;overflow:hidden;"><tr><th colspan="2" style="padding:5px 8px;background:#1f6feb;color:#fff;text-align:left;font-size:12px;font-weight:600;">Praça Yedo</th></tr><tr><th style="padding:3px 5px;text-align:left;background:#f3f4f6;border-bottom:1px solid #d1d5db;width:30%;font-size:11px;font-weight:600;color:#1f2937;">Serviço</th><td style="padding:3px 5px;border-bottom:1px solid #e5e7eb;font-size:11px;color:#111827;">Varrição de Praças (VP)</td></tr><tr><th style="padding:3px 5px;text-align:left;background:#f3f4f6;border-bottom:1px solid #d1d5db;width:30%;font-size:11px;font-weight:600;color:#1f2937;">Setor</th><td style="padding:3px 5px;border-bottom:1px solid #e5e7eb;font-size:11px;color:#111827;">MG10202VP0008</td></tr><tr><th style="padding:3px 5px;text-align:left;background:#f3f4f6;border-bottom:1px solid #d1d5db;width:30%;font-size:11px;font-weight:600;color:#1f2937;">Tipo de Serviço</th><td style="padding:3px 5px;border-bottom:1px solid #e5e7eb;font-size:11px;color:#111827;">Varrição de Praças</td></tr><tr><th style="padding:3px 5px;text-align:left;background:#f3f4f6;border-bottom:1px solid #d1d5db;width:30%;font-size:11px;font-weight:600;color:#1f2937;">Nome</th><td style="padding:3px 5px;border-bottom:1px solid #e5e7eb;font-size:11px;color:#111827;">Praça Yedo</td></tr><tr><th style="padding:3px 5px;text-align:left;background:#f3f4f6;border-bottom:1px solid #d1d5db;width:30%;font-size:11px;font-weight:600;color:#1f2937;">Logradouro</th><td style="padding:3px 5px;border-bottom:1px solid #e5e7eb;font-size:11px;color:#111827;">R Pe Saboia de Medeiros</td></tr><tr><th style="padding:3px 5px;text-align:left;background:#f3f4f6;border-bottom:1px solid #d1d5db;width:30%;font-size:11px;font-weight:600;color:#1f2937;">Subprefeitura</th><td style="padding:3px 5px;border-bottom:1px solid #e5e7eb;font-size:11px;color:#111827;">Vila Maria / Vila Guilherme</td></tr><tr><th style="padding:3px 5px;text-align:left;background:#f3f4f6;border-bottom:1px solid #d1d5db;width:30%;font-size:11px;font-weight:600;color:#1f2937;">Turno</th><td style="padding:3px 5px;border-bottom:1px solid #e5e7eb;font-size:11px;color:#111827;">Diurno</td></tr><tr><th style="padding:3px 5px;text-align:left;background:#f3f4f6;border-bottom:1px solid #d1d5db;width:30%;font-size:11px;font-weight:600;color:#1f2937;">Frequência</th><td style="padding:3px 5px;border-bottom:1px solid #e5e7eb;font-size:11px;color:#111827;">Alternada de Segunda/Quarta/Sexta</td></tr><tr><th style="padding:3px 5px;text-align:left;background:#f3f4f6;border-bottom:1px solid #d1d5db;width:30%;font-size:11px;font-weight:600;color:#1f2937;">Cronograma</th><td style="padding:3px 5px;border-bottom:1px solid #e5e7eb;font-size:11px;color:#111827;">—</td></tr></table>]]></description><Polygon><outerBoundaryIs><LinearRing><coordinates>-46.5760000,-23.4988200,0 -46.5758700,-23.4987100,0 -46.5756700,-23.4985900,0 -46.5753800,-23.4984900,0 -46.5751000,-23.4984500,0 -46.5748500,-23.4984700,0 -46.5745600,-23.4985400,0 -46.5743000,-23.4986600,0 -46.5741100,-23.4988000,0 -46.5739900,-23.4989100,0 -46.5737800,-23.4992500,0 -46.5737100,-23.4994900,0 -46.5736900,-23.4996500,0 -46.5737000,-23.4998100,0 -46.5737600,-23.5000800,0 -46.5738800,-23.5003200,0 -46.5739700,-23.5004500,0 -46.5740800,-23.5005700,0 -46.5743100,-23.5007400,0 -46.5745800,-23.5008600,0 -46.5747400,-23.5009100,0 -46.5749100,-23.5009300,0 -46.5752100,-23.5009300,0 -46.5755000,-23.5008700,0 -46.5756600,-23.5008100,0 -46.5759100,-23.5006600,0 -46.5761400,-23.5004300,0 -46.5762900,-23.5001900,0 -46.5763700,-23.4999400,0 -46.5764000,-23.4997800,0 -46.5764000,-23.4996200,0 -46.5763500,-23.4993500,0 -46.5761700,-23.4990000,0 -46.5760000,-23.4988200,0</coordinates></LinearRing></outerBoundaryIs></Polygon></Placemark>
<Style id="s-VP-44">
<LineStyle><color>ffebce87</color><width>2.0</width></LineStyle>
<PolyStyle><color>ffebce87</color></PolyStyle>
<IconStyle><color>ffebce87</color><scale>0.55</scale>
<Icon><href>http://maps.google.com/mapfiles/kml/shapes/placemark_circle.png</href></Icon>
</IconStyle>
<LabelStyle><scale>0.65</scale></LabelStyle>
</Style><Placemark><name>Praça Nakadari</name><styleUrl>#s-VP-44</styleUrl><description><![CDATA[<table style="border-collapse:collapse;width:100%;font-family:'Helvetica Neue',Helvetica,Arial,sans-serif;font-size:11px;border:1px solid #e5e7eb;border-radius:8px;overflow:hidden;"><tr><th colspan="2" style="padding:5px 8px;background:#1f6feb;color:#fff;text-align:left;font-size:12px;font-weight:600;">Praça Nakadari</th></tr><tr><th style="padding:3px 5px;text-align:left;background:#f3f4f6;border-bottom:1px solid #d1d5db;width:30%;font-size:11px;font-weight:600;color:#1f2937;">Serviço</th><td style="padding:3px 5px;border-bottom:1px solid #e5e7eb;font-size:11px;color:#111827;">Varrição de Praças (VP)</td></tr><tr><th style="padding:3px 5px;text-align:left;background:#f3f4f6;border-bottom:1px solid #d1d5db;width:30%;font-size:11px;font-weight:600;color:#1f2937;">Setor</th><td style="padding:3px 5px;border-bottom:1px solid #e5e7eb;font-size:11px;color:#111827;">MG10202VP0009</td></tr><tr><th style="padding:3px 5px;text-align:left;background:#f3f4f6;border-bottom:1px solid #d1d5db;width:30%;font-size:11px;font-weight:600;color:#1f2937;">Tipo de Serviço</th><td style="padding:3px 5px;border-bottom:1px solid #e5e7eb;font-size:11px;color:#111827;">Varrição de Praças</td></tr><tr><th style="padding:3px 5px;text-align:left;background:#f3f4f6;border-bottom:1px solid #d1d5db;width:30%;font-size:11px;font-weight:600;color:#1f2937;">Nome</th><td style="padding:3px 5px;border-bottom:1px solid #e5e7eb;font-size:11px;color:#111827;">Praça Nakadari</td></tr><tr><th style="padding:3px 5px;text-align:left;background:#f3f4f6;border-bottom:1px solid #d1d5db;width:30%;font-size:11px;font-weight:600;color:#1f2937;">Logradouro</th><td style="padding:3px 5px;border-bottom:1px solid #e5e7eb;font-size:11px;color:#111827;">Av das Cerejeiras</td></tr><tr><th style="padding:3px 5px;text-align:left;background:#f3f4f6;border-bottom:1px solid #d1d5db;width:30%;font-size:11px;font-weight:600;color:#1f2937;">Subprefeitura</th><td style="padding:3px 5px;border-bottom:1px solid #e5e7eb;font-size:11px;color:#111827;">Vila Maria / Vila Guilherme</td></tr><tr><th style="padding:3px 5px;text-align:left;background:#f3f4f6;border-bottom:1px solid #d1d5db;width:30%;font-size:11px;font-weight:600;color:#1f2937;">Turno</th><td style="padding:3px 5px;border-bottom:1px solid #e5e7eb;font-size:11px;color:#111827;">Diurno</td></tr><tr><th style="padding:3px 5px;text-align:left;background:#f3f4f6;border-bottom:1px solid #d1d5db;width:30%;font-size:11px;font-weight:600;color:#1f2937;">Frequência</th><td style="padding:3px 5px;border-bottom:1px solid #e5e7eb;font-size:11px;color:#111827;">Alternada de Segunda/Quarta/Sexta</td></tr><tr><th style="padding:3px 5px;text-align:left;background:#f3f4f6;border-bottom:1px solid #d1d5db;width:30%;font-size:11px;font-weight:600;color:#1f2937;">Cronograma</th><td style="padding:3px 5px;border-bottom:1px solid #e5e7eb;font-size:11px;color:#111827;">—</td></tr></table>]]></description><Polygon><outerBoundaryIs><LinearRing><coordinates>-46.5716400,-23.5011700,0 -46.5718000,-23.5013200,0 -46.5721000,-23.5014700,0 -46.5725000,-23.5015200,0 -46.5726700,-23.5014900,0 -46.5729800,-23.5013700,0 -46.5731200,-23.5012700,0 -46.5733900,-23.5010100,0 -46.5735900,-23.5007500,0 -46.5736400,-23.5006000,0 -46.5736700,-23.5004400,0 -46.5737000,-23.4999700,0 -46.5736900,-23.4997500,0 -46.5736600,-23.4996300,0 -46.5735100,-23.4993400,0 -46.5734000,-23.4992200,0 -46.5732700,-23.4991200,0 -46.5729600,-23.4989900,0 -46.5726200,-23.4989700,0 -46.5722900,-23.4990500,0 -46.5721400,-23.4991300,0 -46.5720100,-23.4992300,0 -46.5716000,-23.4997900,0 -46.5715200,-23.4999300,0 -46.5714300,-23.5001800,0 -46.5713900,-23.5005000,0 -46.5714300,-23.5008100,0 -46.5715700,-23.5011000,0 -46.5716400,-23.5011700,0</coordinates></LinearRing></outerBoundaryIs></Polygon></Placemark>
<Style id="s-VP-45">
<LineStyle><color>ffebce87</color><width>2.0</width></LineStyle>
<PolyStyle><color>ffebce87</color></PolyStyle>
<IconStyle><color>ffebce87</color><scale>0.55</scale>
<Icon><href>http://maps.google.com/mapfiles/kml/shapes/placemark_circle.png</href></Icon>
</IconStyle>
<LabelStyle><scale>0.65</scale></LabelStyle>
</Style><Placemark><name>Praça Jaguarima</name><styleUrl>#s-VP-45</styleUrl><description><![CDATA[<table style="border-collapse:collapse;width:100%;font-family:'Helvetica Neue',Helvetica,Arial,sans-serif;font-size:11px;border:1px solid #e5e7eb;border-radius:8px;overflow:hidden;"><tr><th colspan="2" style="padding:5px 8px;background:#1f6feb;color:#fff;text-align:left;font-size:12px;font-weight:600;">Praça Jaguarima</th></tr><tr><th style="padding:3px 5px;text-align:left;background:#f3f4f6;border-bottom:1px solid #d1d5db;width:30%;font-size:11px;font-weight:600;color:#1f2937;">Serviço</th><td style="padding:3px 5px;border-bottom:1px solid #e5e7eb;font-size:11px;color:#111827;">Varrição de Praças (VP)</td></tr><tr><th style="padding:3px 5px;text-align:left;background:#f3f4f6;border-bottom:1px solid #d1d5db;width:30%;font-size:11px;font-weight:600;color:#1f2937;">Setor</th><td style="padding:3px 5px;border-bottom:1px solid #e5e7eb;font-size:11px;color:#111827;">MG10202VP0010</td></tr><tr><th style="padding:3px 5px;text-align:left;background:#f3f4f6;border-bottom:1px solid #d1d5db;width:30%;font-size:11px;font-weight:600;color:#1f2937;">Tipo de Serviço</th><td style="padding:3px 5px;border-bottom:1px solid #e5e7eb;font-size:11px;color:#111827;">Varrição de Praças</td></tr><tr><th style="padding:3px 5px;text-align:left;background:#f3f4f6;border-bottom:1px solid #d1d5db;width:30%;font-size:11px;font-weight:600;color:#1f2937;">Nome</th><td style="padding:3px 5px;border-bottom:1px solid #e5e7eb;font-size:11px;color:#111827;">Praça Jaguarima</td></tr><tr><th style="padding:3px 5px;text-align:left;background:#f3f4f6;border-bottom:1px solid #d1d5db;width:30%;font-size:11px;font-weight:600;color:#1f2937;">Logradouro</th><td style="padding:3px 5px;border-bottom:1px solid #e5e7eb;font-size:11px;color:#111827;">R Esmeraldino Cavalcanti Torres</td></tr><tr><th style="padding:3px 5px;text-align:left;background:#f3f4f6;border-bottom:1px solid #d1d5db;width:30%;font-size:11px;font-weight:600;color:#1f2937;">Subprefeitura</th><td style="padding:3px 5px;border-bottom:1px solid #e5e7eb;font-size:11px;color:#111827;">Vila Maria / Vila Guilherme</td></tr><tr><th style="padding:3px 5px;text-align:left;background:#f3f4f6;border-bottom:1px solid #d1d5db;width:30%;font-size:11px;font-weight:600;color:#1f2937;">Turno</th><td style="padding:3px 5px;border-bottom:1px solid #e5e7eb;font-size:11px;color:#111827;">Diurno</td></tr><tr><th style="padding:3px 5px;text-align:left;background:#f3f4f6;border-bottom:1px solid #d1d5db;width:30%;font-size:11px;font-weight:600;color:#1f2937;">Frequência</th><td style="padding:3px 5px;border-bottom:1px solid #e5e7eb;font-size:11px;color:#111827;">Alternada de Segunda/Quarta/Sexta</td></tr><tr><th style="padding:3px 5px;text-align:left;background:#f3f4f6;border-bottom:1px solid #d1d5db;width:30%;font-size:11px;font-weight:600;color:#1f2937;">Cronograma</th><td style="padding:3px 5px;border-bottom:1px solid #e5e7eb;font-size:11px;color:#111827;">—</td></tr></table>]]></description><Polygon><outerBoundaryIs><LinearRing><coordinates>-46.6029300,-23.4960000,0 -46.6025600,-23.4958600,0 -46.6023600,-23.4958300,0 -46.6019400,-23.4958500,0 -46.6015900,-23.4959800,0 -46.6013400,-23.4961900,0 -46.6012500,-23.4963200,0 -46.6011800,-23.4964700,0 -46.6011000,-23.4968000,0 -46.6011100,-23.4969600,0 -46.6011400,-23.4971200,0 -46.6012200,-23.4973100,0 -46.6014400,-23.4975700,0 -46.6016600,-23.4977200,0 -46.6018100,-23.4977900,0 -46.6021500,-23.4978500,0 -46.6024400,-23.4978500,0 -46.6028600,-23.4978000,0 -46.6030200,-23.4977400,0 -46.6031600,-23.4976600,0 -46.6032900,-23.4975500,0 -46.6034000,-23.4974100,0 -46.6035400,-23.4971300,0 -46.6035700,-23.4969200,0 -46.6035500,-23.4967600,0 -46.6035100,-23.4966100,0 -46.6033400,-23.4963400,0 -46.6030200,-23.4960500,0 -46.6029300,-23.4960000,0</coordinates></LinearRing></outerBoundaryIs></Polygon></Placemark>
<Style id="s-VP-46">
<LineStyle><color>ffebce87</color><width>2.0</width></LineStyle>
<PolyStyle><color>ffebce87</color></PolyStyle>
<IconStyle><color>ffebce87</color><scale>0.55</scale>
<Icon><href>http://maps.google.com/mapfiles/kml/shapes/placemark_circle.png</href></Icon>
</IconStyle>
<LabelStyle><scale>0.65</scale></LabelStyle>
</Style><Placemark><name>Praça Sergio Estalisnau de camargo</name><styleUrl>#s-VP-46</styleUrl><description><![CDATA[<table style="border-collapse:collapse;width:100%;font-family:'Helvetica Neue',Helvetica,Arial,sans-serif;font-size:11px;border:1px solid #e5e7eb;border-radius:8px;overflow:hidden;"><tr><th colspan="2" style="padding:5px 8px;background:#1f6feb;color:#fff;text-align:left;font-size:12px;font-weight:600;">Praça Sergio Estalisnau de camargo</th></tr><tr><th style="padding:3px 5px;text-align:left;background:#f3f4f6;border-bottom:1px solid #d1d5db;width:30%;font-size:11px;font-weight:600;color:#1f2937;">Serviço</th><td style="padding:3px 5px;border-bottom:1px solid #e5e7eb;font-size:11px;color:#111827;">Varrição de Praças (VP)</td></tr><tr><th style="padding:3px 5px;text-align:left;background:#f3f4f6;border-bottom:1px solid #d1d5db;width:30%;font-size:11px;font-weight:600;color:#1f2937;">Setor</th><td style="padding:3px 5px;border-bottom:1px solid #e5e7eb;font-size:11px;color:#111827;">MG10202VP0011</td></tr><tr><th style="padding:3px 5px;text-align:left;background:#f3f4f6;border-bottom:1px solid #d1d5db;width:30%;font-size:11px;font-weight:600;color:#1f2937;">Tipo de Serviço</th><td style="padding:3px 5px;border-bottom:1px solid #e5e7eb;font-size:11px;color:#111827;">Varrição de Praças</td></tr><tr><th style="padding:3px 5px;text-align:left;background:#f3f4f6;border-bottom:1px solid #d1d5db;width:30%;font-size:11px;font-weight:600;color:#1f2937;">Nome</th><td style="padding:3px 5px;border-bottom:1px solid #e5e7eb;font-size:11px;color:#111827;">Praça Sergio Estalisnau de camargo</td></tr><tr><th style="padding:3px 5px;text-align:left;background:#f3f4f6;border-bottom:1px solid #d1d5db;width:30%;font-size:11px;font-weight:600;color:#1f2937;">Logradouro</th><td style="padding:3px 5px;border-bottom:1px solid #e5e7eb;font-size:11px;color:#111827;">R da Curva</td></tr><tr><th style="padding:3px 5px;text-align:left;background:#f3f4f6;border-bottom:1px solid #d1d5db;width:30%;font-size:11px;font-weight:600;color:#1f2937;">Subprefeitura</th><td style="padding:3px 5px;border-bottom:1px solid #e5e7eb;font-size:11px;color:#111827;">Vila Maria / Vila Guilherme</td></tr><tr><th style="padding:3px 5px;text-align:left;background:#f3f4f6;border-bottom:1px solid #d1d5db;width:30%;font-size:11px;font-weight:600;color:#1f2937;">Turno</th><td style="padding:3px 5px;border-bottom:1px solid #e5e7eb;font-size:11px;color:#111827;">Diurno</td></tr><tr><th style="padding:3px 5px;text-align:left;background:#f3f4f6;border-bottom:1px solid #d1d5db;width:30%;font-size:11px;font-weight:600;color:#1f2937;">Frequência</th><td style="padding:3px 5px;border-bottom:1px solid #e5e7eb;font-size:11px;color:#111827;">Alternada de Segunda/Quarta/Sexta</td></tr><tr><th style="padding:3px 5px;text-align:left;background:#f3f4f6;border-bottom:1px solid #d1d5db;width:30%;font-size:11px;font-weight:600;color:#1f2937;">Cronograma</th><td style="padding:3px 5px;border-bottom:1px solid #e5e7eb;font-size:11px;color:#111827;">—</td></tr></table>]]></description><Polygon><outerBoundaryIs><LinearRing><coordinates>-46.6019800,-23.4959000,0 -46.6023200,-23.4959000,0 -46.6024800,-23.4958600,0 -46.6026400,-23.4957900,0 -46.6027800,-23.4957000,0 -46.6029000,-23.4955900,0 -46.6030000,-23.4954600,0 -46.6030700,-23.4953200,0 -46.6031100,-23.4951700,0 -46.6032000,-23.4944500,0 -46.6032100,-23.4943300,0 -46.6031500,-23.4940200,0 -46.6030800,-23.4938800,0 -46.6029800,-23.4937500,0 -46.6028600,-23.4936400,0 -46.6027200,-23.4935500,0 -46.6025600,-23.4934800,0 -46.6024000,-23.4934400,0 -46.6021900,-23.4934300,0 -46.6013100,-23.4934600,0 -46.6011400,-23.4934800,0 -46.6009700,-23.4935300,0 -46.6008200,-23.4936000,0 -46.6006900,-23.4936900,0 -46.6005700,-23.4938100,0 -46.6004100,-23.4940800,0 -46.6003700,-23.4942400,0 -46.6003600,-23.4945400,0 -46.6003900,-23.4947000,0 -46.6004900,-23.4949800,0 -46.6005700,-23.4951100,0 -46.6006800,-23.4952300,0 -46.6009000,-23.4954100,0 -46.6010000,-23.4955400,0 -46.6011300,-23.4956500,0 -46.6014200,-23.4958000,0 -46.6019800,-23.4959000,0</coordinates></LinearRing></outerBoundaryIs></Polygon></Placemark>
<Style id="s-VP-47">
<LineStyle><color>ffebce87</color><width>2.0</width></LineStyle>
<PolyStyle><color>ffebce87</color></PolyStyle>
<IconStyle><color>ffebce87</color><scale>0.55</scale>
<Icon><href>http://maps.google.com/mapfiles/kml/shapes/placemark_circle.png</href></Icon>
</IconStyle>
<LabelStyle><scale>0.65</scale></LabelStyle>
</Style><Placemark><name>Escadão da rua Piata</name><styleUrl>#s-VP-47</styleUrl><description><![CDATA[<table style="border-collapse:collapse;width:100%;font-family:'Helvetica Neue',Helvetica,Arial,sans-serif;font-size:11px;border:1px solid #e5e7eb;border-radius:8px;overflow:hidden;"><tr><th colspan="2" style="padding:5px 8px;background:#1f6feb;color:#fff;text-align:left;font-size:12px;font-weight:600;">Escadão da rua Piata</th></tr><tr><th style="padding:3px 5px;text-align:left;background:#f3f4f6;border-bottom:1px solid #d1d5db;width:30%;font-size:11px;font-weight:600;color:#1f2937;">Serviço</th><td style="padding:3px 5px;border-bottom:1px solid #e5e7eb;font-size:11px;color:#111827;">Varrição de Praças (VP)</td></tr><tr><th style="padding:3px 5px;text-align:left;background:#f3f4f6;border-bottom:1px solid #d1d5db;width:30%;font-size:11px;font-weight:600;color:#1f2937;">Setor</th><td style="padding:3px 5px;border-bottom:1px solid #e5e7eb;font-size:11px;color:#111827;">MG10202VP0012</td></tr><tr><th style="padding:3px 5px;text-align:left;background:#f3f4f6;border-bottom:1px solid #d1d5db;width:30%;font-size:11px;font-weight:600;color:#1f2937;">Tipo de Serviço</th><td style="padding:3px 5px;border-bottom:1px solid #e5e7eb;font-size:11px;color:#111827;">Varrição de Praças</td></tr><tr><th style="padding:3px 5px;text-align:left;background:#f3f4f6;border-bottom:1px solid #d1d5db;width:30%;font-size:11px;font-weight:600;color:#1f2937;">Nome</th><td style="padding:3px 5px;border-bottom:1px solid #e5e7eb;font-size:11px;color:#111827;">Escadão da rua Piata</td></tr><tr><th style="padding:3px 5px;text-align:left;background:#f3f4f6;border-bottom:1px solid #d1d5db;width:30%;font-size:11px;font-weight:600;color:#1f2937;">Logradouro</th><td style="padding:3px 5px;border-bottom:1px solid #e5e7eb;font-size:11px;color:#111827;">R Esmeraldino Cavalcanti Torres</td></tr><tr><th style="padding:3px 5px;text-align:left;background:#f3f4f6;border-bottom:1px solid #d1d5db;width:30%;font-size:11px;font-weight:600;color:#1f2937;">Subprefeitura</th><td style="padding:3px 5px;border-bottom:1px solid #e5e7eb;font-size:11px;color:#111827;">Vila Maria / Vila Guilherme</td></tr><tr><th style="padding:3px 5px;text-align:left;background:#f3f4f6;border-bottom:1px solid #d1d5db;width:30%;font-size:11px;font-weight:600;color:#1f2937;">Turno</th><td style="padding:3px 5px;border-bottom:1px solid #e5e7eb;font-size:11px;color:#111827;">Diurno</td></tr><tr><th style="padding:3px 5px;text-align:left;background:#f3f4f6;border-bottom:1px solid #d1d5db;width:30%;font-size:11px;font-weight:600;color:#1f2937;">Frequência</th><td style="padding:3px 5px;border-bottom:1px solid #e5e7eb;font-size:11px;color:#111827;">Alternada de Segunda/Quarta/Sexta</td></tr><tr><th style="padding:3px 5px;text-align:left;background:#f3f4f6;border-bottom:1px solid #d1d5db;width:30%;font-size:11px;font-weight:600;color:#1f2937;">Cronograma</th><td style="padding:3px 5px;border-bottom:1px solid #e5e7eb;font-size:11px;color:#111827;">—</td></tr></table>]]></description><Polygon><outerBoundaryIs><LinearRing><coordinates>-46.6032900,-23.4962900,0 -46.6031600,-23.4961900,0 -46.6030100,-23.4961100,0 -46.6028500,-23.4960600,0 -46.6025100,-23.4960200,0 -46.6021800,-23.4961000,0 -46.6020300,-23.4961800,0 -46.6018600,-23.4963100,0 -46.6015600,-23.4966400,0 -46.6014800,-23.4967800,0 -46.6014300,-23.4969300,0 -46.6014000,-23.4970900,0 -46.6014100,-23.4972400,0 -46.6014500,-23.4974000,0 -46.6015100,-23.4975400,0 -46.6016000,-23.4976700,0 -46.6017000,-23.4977800,0 -46.6018500,-23.4978900,0 -46.6020000,-23.4979600,0 -46.6023300,-23.4980400,0 -46.6025000,-23.4980400,0 -46.6026700,-23.4980100,0 -46.6029800,-23.4978700,0 -46.6031100,-23.4977700,0 -46.6034300,-23.4974200,0 -46.6035100,-23.4972800,0 -46.6035600,-23.4971300,0 -46.6035900,-23.4969400,0 -46.6035700,-23.4967800,0 -46.6035200,-23.4966300,0 -46.6034500,-23.4964900,0 -46.6032900,-23.4962900,0</coordinates></LinearRing></outerBoundaryIs></Polygon></Placemark>
<Style id="s-VP-48">
<LineStyle><color>ffebce87</color><width>2.0</width></LineStyle>
<PolyStyle><color>ffebce87</color></PolyStyle>
<IconStyle><color>ffebce87</color><scale>0.55</scale>
<Icon><href>http://maps.google.com/mapfiles/kml/shapes/placemark_circle.png</href></Icon>
</IconStyle>
<LabelStyle><scale>0.65</scale></LabelStyle>
</Style><Placemark><name>Praça José Felippetti</name><styleUrl>#s-VP-48</styleUrl><description><![CDATA[<table style="border-collapse:collapse;width:100%;font-family:'Helvetica Neue',Helvetica,Arial,sans-serif;font-size:11px;border:1px solid #e5e7eb;border-radius:8px;overflow:hidden;"><tr><th colspan="2" style="padding:5px 8px;background:#1f6feb;color:#fff;text-align:left;font-size:12px;font-weight:600;">Praça José Felippetti</th></tr><tr><th style="padding:3px 5px;text-align:left;background:#f3f4f6;border-bottom:1px solid #d1d5db;width:30%;font-size:11px;font-weight:600;color:#1f2937;">Serviço</th><td style="padding:3px 5px;border-bottom:1px solid #e5e7eb;font-size:11px;color:#111827;">Varrição de Praças (VP)</td></tr><tr><th style="padding:3px 5px;text-align:left;background:#f3f4f6;border-bottom:1px solid #d1d5db;width:30%;font-size:11px;font-weight:600;color:#1f2937;">Setor</th><td style="padding:3px 5px;border-bottom:1px solid #e5e7eb;font-size:11px;color:#111827;">MG10202VP0013</td></tr><tr><th style="padding:3px 5px;text-align:left;background:#f3f4f6;border-bottom:1px solid #d1d5db;width:30%;font-size:11px;font-weight:600;color:#1f2937;">Tipo de Serviço</th><td style="padding:3px 5px;border-bottom:1px solid #e5e7eb;font-size:11px;color:#111827;">Varrição de Praças</td></tr><tr><th style="padding:3px 5px;text-align:left;background:#f3f4f6;border-bottom:1px solid #d1d5db;width:30%;font-size:11px;font-weight:600;color:#1f2937;">Nome</th><td style="padding:3px 5px;border-bottom:1px solid #e5e7eb;font-size:11px;color:#111827;">Praça José Felippetti</td></tr><tr><th style="padding:3px 5px;text-align:left;background:#f3f4f6;border-bottom:1px solid #d1d5db;width:30%;font-size:11px;font-weight:600;color:#1f2937;">Logradouro</th><td style="padding:3px 5px;border-bottom:1px solid #e5e7eb;font-size:11px;color:#111827;">Av Gal Ataliba Leonel</td></tr><tr><th style="padding:3px 5px;text-align:left;background:#f3f4f6;border-bottom:1px solid #d1d5db;width:30%;font-size:11px;font-weight:600;color:#1f2937;">Subprefeitura</th><td style="padding:3px 5px;border-bottom:1px solid #e5e7eb;font-size:11px;color:#111827;">Vila Maria / Vila Guilherme</td></tr><tr><th style="padding:3px 5px;text-align:left;background:#f3f4f6;border-bottom:1px solid #d1d5db;width:30%;font-size:11px;font-weight:600;color:#1f2937;">Turno</th><td style="padding:3px 5px;border-bottom:1px solid #e5e7eb;font-size:11px;color:#111827;">Diurno</td></tr><tr><th style="padding:3px 5px;text-align:left;background:#f3f4f6;border-bottom:1px solid #d1d5db;width:30%;font-size:11px;font-weight:600;color:#1f2937;">Frequência</th><td style="padding:3px 5px;border-bottom:1px solid #e5e7eb;font-size:11px;color:#111827;">Alternada de Segunda/Quarta/Sexta</td></tr><tr><th style="padding:3px 5px;text-align:left;background:#f3f4f6;border-bottom:1px solid #d1d5db;width:30%;font-size:11px;font-weight:600;color:#1f2937;">Cronograma</th><td style="padding:3px 5px;border-bottom:1px solid #e5e7eb;font-size:11px;color:#111827;">—</td></tr></table>]]></description><Polygon><outerBoundaryIs><LinearRing><coordinates>-46.6116400,-23.4949800,0 -46.6115300,-23.4948600,0 -46.6114000,-23.4947600,0 -46.6112500,-23.4946800,0 -46.6111000,-23.4946300,0 -46.6109100,-23.4946000,0 -46.6105700,-23.4946200,0 -46.6102800,-23.4947400,0 -46.6101500,-23.4948300,0 -46.6100300,-23.4949500,0 -46.6099600,-23.4950500,0 -46.6096600,-23.4956300,0 -46.6096200,-23.4959400,0 -46.6096400,-23.4961000,0 -46.6097600,-23.4963900,0 -46.6098800,-23.4965300,0 -46.6100100,-23.4966400,0 -46.6101500,-23.4967200,0 -46.6103100,-23.4967800,0 -46.6104800,-23.4968100,0 -46.6107900,-23.4968100,0 -46.6109500,-23.4967700,0 -46.6111100,-23.4967000,0 -46.6113700,-23.4965400,0 -46.6116100,-23.4963300,0 -46.6117000,-23.4962000,0 -46.6117800,-23.4960600,0 -46.6118700,-23.4957300,0 -46.6118500,-23.4954200,0 -46.6117000,-23.4950700,0 -46.6116400,-23.4949800,0</coordinates></LinearRing></outerBoundaryIs></Polygon></Placemark>
<Style id="s-VP-49">
<LineStyle><color>ffebce87</color><width>2.0</width></LineStyle>
<PolyStyle><color>ffebce87</color></PolyStyle>
<IconStyle><color>ffebce87</color><scale>0.55</scale>
<Icon><href>http://maps.google.com/mapfiles/kml/shapes/placemark_circle.png</href></Icon>
</IconStyle>
<LabelStyle><scale>0.65</scale></LabelStyle>
</Style><Placemark><name>Praça Angelo Salton Neto</name><styleUrl>#s-VP-49</styleUrl><description><![CDATA[<table style="border-collapse:collapse;width:100%;font-family:'Helvetica Neue',Helvetica,Arial,sans-serif;font-size:11px;border:1px solid #e5e7eb;border-radius:8px;overflow:hidden;"><tr><th colspan="2" style="padding:5px 8px;background:#1f6feb;color:#fff;text-align:left;font-size:12px;font-weight:600;">Praça Angelo Salton Neto</th></tr><tr><th style="padding:3px 5px;text-align:left;background:#f3f4f6;border-bottom:1px solid #d1d5db;width:30%;font-size:11px;font-weight:600;color:#1f2937;">Serviço</th><td style="padding:3px 5px;border-bottom:1px solid #e5e7eb;font-size:11px;color:#111827;">Varrição de Praças (VP)</td></tr><tr><th style="padding:3px 5px;text-align:left;background:#f3f4f6;border-bottom:1px solid #d1d5db;width:30%;font-size:11px;font-weight:600;color:#1f2937;">Setor</th><td style="padding:3px 5px;border-bottom:1px solid #e5e7eb;font-size:11px;color:#111827;">MG10202VP0014</td></tr><tr><th style="padding:3px 5px;text-align:left;background:#f3f4f6;border-bottom:1px solid #d1d5db;width:30%;font-size:11px;font-weight:600;color:#1f2937;">Tipo de Serviço</th><td style="padding:3px 5px;border-bottom:1px solid #e5e7eb;font-size:11px;color:#111827;">Varrição de Praças</td></tr><tr><th style="padding:3px 5px;text-align:left;background:#f3f4f6;border-bottom:1px solid #d1d5db;width:30%;font-size:11px;font-weight:600;color:#1f2937;">Nome</th><td style="padding:3px 5px;border-bottom:1px solid #e5e7eb;font-size:11px;color:#111827;">Praça Angelo Salton Neto</td></tr><tr><th style="padding:3px 5px;text-align:left;background:#f3f4f6;border-bottom:1px solid #d1d5db;width:30%;font-size:11px;font-weight:600;color:#1f2937;">Logradouro</th><td style="padding:3px 5px;border-bottom:1px solid #e5e7eb;font-size:11px;color:#111827;">Av Luiz Dumont Villares</td></tr><tr><th style="padding:3px 5px;text-align:left;background:#f3f4f6;border-bottom:1px solid #d1d5db;width:30%;font-size:11px;font-weight:600;color:#1f2937;">Subprefeitura</th><td style="padding:3px 5px;border-bottom:1px solid #e5e7eb;font-size:11px;color:#111827;">Vila Maria / Vila Guilherme</td></tr><tr><th style="padding:3px 5px;text-align:left;background:#f3f4f6;border-bottom:1px solid #d1d5db;width:30%;font-size:11px;font-weight:600;color:#1f2937;">Turno</th><td style="padding:3px 5px;border-bottom:1px solid #e5e7eb;font-size:11px;color:#111827;">Diurno</td></tr><tr><th style="padding:3px 5px;text-align:left;background:#f3f4f6;border-bottom:1px solid #d1d5db;width:30%;font-size:11px;font-weight:600;color:#1f2937;">Frequência</th><td style="padding:3px 5px;border-bottom:1px solid #e5e7eb;font-size:11px;color:#111827;">Alternada de Segunda/Quarta/Sexta</td></tr><tr><th style="padding:3px 5px;text-align:left;background:#f3f4f6;border-bottom:1px solid #d1d5db;width:30%;font-size:11px;font-weight:600;color:#1f2937;">Cronograma</th><td style="padding:3px 5px;border-bottom:1px solid #e5e7eb;font-size:11px;color:#111827;">—</td></tr></table>]]></description><Polygon><outerBoundaryIs><LinearRing><coordinates>-46.6128800,-23.5004300,0 -46.6129700,-23.5005700,0 -46.6130800,-23.5006800,0 -46.6132400,-23.5008000,0 -46.6136300,-23.5010100,0 -46.6140000,-23.5011400,0 -46.6141700,-23.5011700,0 -46.6143400,-23.5011600,0 -46.6146700,-23.5010800,0 -46.6149400,-23.5008900,0 -46.6150500,-23.5007700,0 -46.6152000,-23.5005200,0 -46.6152500,-23.5003700,0 -46.6152700,-23.5002200,0 -46.6152600,-23.5000300,0 -46.6152100,-23.4998700,0 -46.6151400,-23.4997300,0 -46.6142900,-23.4986800,0 -46.6141600,-23.4985800,0 -46.6140100,-23.4985000,0 -46.6138500,-23.4984500,0 -46.6135100,-23.4984300,0 -46.6133300,-23.4984600,0 -46.6130000,-23.4985700,0 -46.6127300,-23.4987500,0 -46.6126200,-23.4988800,0 -46.6125400,-23.4990200,0 -46.6124900,-23.4991600,0 -46.6124700,-23.4994800,0 -46.6125000,-23.4996300,0 -46.6126800,-23.4999700,0 -46.6127300,-23.5001300,0 -46.6128800,-23.5004300,0</coordinates></LinearRing></outerBoundaryIs></Polygon></Placemark>
<Style id="s-VP-50">
<LineStyle><color>ffebce87</color><width>2.0</width></LineStyle>
<PolyStyle><color>ffebce87</color></PolyStyle>
<IconStyle><color>ffebce87</color><scale>0.55</scale>
<Icon><href>http://maps.google.com/mapfiles/kml/shapes/placemark_circle.png</href></Icon>
</IconStyle>
<LabelStyle><scale>0.65</scale></LabelStyle>
</Style><Placemark><name>Praça General Milton Tavares de Souza</name><styleUrl>#s-VP-50</styleUrl><description><![CDATA[<table style="border-collapse:collapse;width:100%;font-family:'Helvetica Neue',Helvetica,Arial,sans-serif;font-size:11px;border:1px solid #e5e7eb;border-radius:8px;overflow:hidden;"><tr><th colspan="2" style="padding:5px 8px;background:#1f6feb;color:#fff;text-align:left;font-size:12px;font-weight:600;">Praça General Milton Tavares de Souza</th></tr><tr><th style="padding:3px 5px;text-align:left;background:#f3f4f6;border-bottom:1px solid #d1d5db;width:30%;font-size:11px;font-weight:600;color:#1f2937;">Serviço</th><td style="padding:3px 5px;border-bottom:1px solid #e5e7eb;font-size:11px;color:#111827;">Varrição de Praças (VP)</td></tr><tr><th style="padding:3px 5px;text-align:left;background:#f3f4f6;border-bottom:1px solid #d1d5db;width:30%;font-size:11px;font-weight:600;color:#1f2937;">Setor</th><td style="padding:3px 5px;border-bottom:1px solid #e5e7eb;font-size:11px;color:#111827;">MG10202VP0015</td></tr><tr><th style="padding:3px 5px;text-align:left;background:#f3f4f6;border-bottom:1px solid #d1d5db;width:30%;font-size:11px;font-weight:600;color:#1f2937;">Tipo de Serviço</th><td style="padding:3px 5px;border-bottom:1px solid #e5e7eb;font-size:11px;color:#111827;">Varrição de Praças</td></tr><tr><th style="padding:3px 5px;text-align:left;background:#f3f4f6;border-bottom:1px solid #d1d5db;width:30%;font-size:11px;font-weight:600;color:#1f2937;">Nome</th><td style="padding:3px 5px;border-bottom:1px solid #e5e7eb;font-size:11px;color:#111827;">Praça General Milton Tavares de Souza</td></tr><tr><th style="padding:3px 5px;text-align:left;background:#f3f4f6;border-bottom:1px solid #d1d5db;width:30%;font-size:11px;font-weight:600;color:#1f2937;">Logradouro</th><td style="padding:3px 5px;border-bottom:1px solid #e5e7eb;font-size:11px;color:#111827;">R Sd Abel Antonio Medanha</td></tr><tr><th style="padding:3px 5px;text-align:left;background:#f3f4f6;border-bottom:1px solid #d1d5db;width:30%;font-size:11px;font-weight:600;color:#1f2937;">Subprefeitura</th><td style="padding:3px 5px;border-bottom:1px solid #e5e7eb;font-size:11px;color:#111827;">Vila Maria / Vila Guilherme</td></tr><tr><th style="padding:3px 5px;text-align:left;background:#f3f4f6;border-bottom:1px solid #d1d5db;width:30%;font-size:11px;font-weight:600;color:#1f2937;">Turno</th><td style="padding:3px 5px;border-bottom:1px solid #e5e7eb;font-size:11px;color:#111827;">Diurno</td></tr><tr><th style="padding:3px 5px;text-align:left;background:#f3f4f6;border-bottom:1px solid #d1d5db;width:30%;font-size:11px;font-weight:600;color:#1f2937;">Frequência</th><td style="padding:3px 5px;border-bottom:1px solid #e5e7eb;font-size:11px;color:#111827;">Alternada de Segunda/Quarta/Sexta</td></tr><tr><th style="padding:3px 5px;text-align:left;background:#f3f4f6;border-bottom:1px solid #d1d5db;width:30%;font-size:11px;font-weight:600;color:#1f2937;">Cronograma</th><td style="padding:3px 5px;border-bottom:1px solid #e5e7eb;font-size:11px;color:#111827;">—</td></tr></table>]]></description><Polygon><outerBoundaryIs><LinearRing><coordinates>-46.5708100,-23.5045100,0 -46.5706700,-23.5046100,0 -46.5697600,-23.5054700,0 -46.5696700,-23.5056000,0 -46.5696100,-23.5057500,0 -46.5695800,-23.5059000,0 -46.5695800,-23.5060600,0 -46.5696100,-23.5062200,0 -46.5696700,-23.5063600,0 -46.5697600,-23.5065000,0 -46.5699200,-23.5066700,0 -46.5709500,-23.5074500,0 -46.5711100,-23.5075200,0 -46.5712700,-23.5075600,0 -46.5716200,-23.5075600,0 -46.5717800,-23.5075200,0 -46.5719400,-23.5074500,0 -46.5720800,-23.5073600,0 -46.5722000,-23.5072500,0 -46.5725800,-23.5067000,0 -46.5729700,-23.5062000,0 -46.5731200,-23.5058400,0 -46.5731800,-23.5055400,0 -46.5731200,-23.5050500,0 -46.5730800,-23.5049000,0 -46.5729100,-23.5045100,0 -46.5727200,-23.5042500,0 -46.5725900,-23.5041500,0 -46.5724400,-23.5040700,0 -46.5722900,-23.5040100,0 -46.5721200,-23.5039800,0 -46.5719500,-23.5039700,0 -46.5716200,-23.5040500,0 -46.5714700,-23.5041200,0 -46.5708100,-23.5045100,0</coordinates></LinearRing></outerBoundaryIs></Polygon></Placemark>
<Style id="s-VP-51">
<LineStyle><color>ffebce87</color><width>2.0</width></LineStyle>
<PolyStyle><color>ffebce87</color></PolyStyle>
<IconStyle><color>ffebce87</color><scale>0.55</scale>
<Icon><href>http://maps.google.com/mapfiles/kml/shapes/placemark_circle.png</href></Icon>
</IconStyle>
<LabelStyle><scale>0.65</scale></LabelStyle>
</Style><Placemark><name>Praça Guenitiro Nacazawa</name><styleUrl>#s-VP-51</styleUrl><description><![CDATA[<table style="border-collapse:collapse;width:100%;font-family:'Helvetica Neue',Helvetica,Arial,sans-serif;font-size:11px;border:1px solid #e5e7eb;border-radius:8px;overflow:hidden;"><tr><th colspan="2" style="padding:5px 8px;background:#1f6feb;color:#fff;text-align:left;font-size:12px;font-weight:600;">Praça Guenitiro Nacazawa</th></tr><tr><th style="padding:3px 5px;text-align:left;background:#f3f4f6;border-bottom:1px solid #d1d5db;width:30%;font-size:11px;font-weight:600;color:#1f2937;">Serviço</th><td style="padding:3px 5px;border-bottom:1px solid #e5e7eb;font-size:11px;color:#111827;">Varrição de Praças (VP)</td></tr><tr><th style="padding:3px 5px;text-align:left;background:#f3f4f6;border-bottom:1px solid #d1d5db;width:30%;font-size:11px;font-weight:600;color:#1f2937;">Setor</th><td style="padding:3px 5px;border-bottom:1px solid #e5e7eb;font-size:11px;color:#111827;">MG10202VP0016</td></tr><tr><th style="padding:3px 5px;text-align:left;background:#f3f4f6;border-bottom:1px solid #d1d5db;width:30%;font-size:11px;font-weight:600;color:#1f2937;">Tipo de Serviço</th><td style="padding:3px 5px;border-bottom:1px solid #e5e7eb;font-size:11px;color:#111827;">Varrição de Praças</td></tr><tr><th style="padding:3px 5px;text-align:left;background:#f3f4f6;border-bottom:1px solid #d1d5db;width:30%;font-size:11px;font-weight:600;color:#1f2937;">Nome</th><td style="padding:3px 5px;border-bottom:1px solid #e5e7eb;font-size:11px;color:#111827;">Praça Guenitiro Nacazawa</td></tr><tr><th style="padding:3px 5px;text-align:left;background:#f3f4f6;border-bottom:1px solid #d1d5db;width:30%;font-size:11px;font-weight:600;color:#1f2937;">Logradouro</th><td style="padding:3px 5px;border-bottom:1px solid #e5e7eb;font-size:11px;color:#111827;">R Sd Jose Luiz dos Santos</td></tr><tr><th style="padding:3px 5px;text-align:left;background:#f3f4f6;border-bottom:1px solid #d1d5db;width:30%;font-size:11px;font-weight:600;color:#1f2937;">Subprefeitura</th><td style="padding:3px 5px;border-bottom:1px solid #e5e7eb;font-size:11px;color:#111827;">Vila Maria / Vila Guilherme</td></tr><tr><th style="padding:3px 5px;text-align:left;background:#f3f4f6;border-bottom:1px solid #d1d5db;width:30%;font-size:11px;font-weight:600;color:#1f2937;">Turno</th><td style="padding:3px 5px;border-bottom:1px solid #e5e7eb;font-size:11px;color:#111827;">Diurno</td></tr><tr><th style="padding:3px 5px;text-align:left;background:#f3f4f6;border-bottom:1px solid #d1d5db;width:30%;font-size:11px;font-weight:600;color:#1f2937;">Frequência</th><td style="padding:3px 5px;border-bottom:1px solid #e5e7eb;font-size:11px;color:#111827;">Alternada de Segunda/Quarta/Sexta</td></tr><tr><th style="padding:3px 5px;text-align:left;background:#f3f4f6;border-bottom:1px solid #d1d5db;width:30%;font-size:11px;font-weight:600;color:#1f2937;">Cronograma</th><td style="padding:3px 5px;border-bottom:1px solid #e5e7eb;font-size:11px;color:#111827;">—</td></tr></table>]]></description><Polygon><outerBoundaryIs><LinearRing><coordinates>-46.5738100,-23.5077600,0 -46.5739700,-23.5076600,0 -46.5740900,-23.5075500,0 -46.5742600,-23.5072800,0 -46.5743200,-23.5069700,0 -46.5742700,-23.5066900,0 -46.5742000,-23.5065300,0 -46.5741000,-23.5064000,0 -46.5738500,-23.5061900,0 -46.5733200,-23.5059600,0 -46.5729900,-23.5058800,0 -46.5728100,-23.5058800,0 -46.5726500,-23.5059100,0 -46.5724100,-23.5060000,0 -46.5722200,-23.5061300,0 -46.5714500,-23.5067700,0 -46.5713300,-23.5068900,0 -46.5712000,-23.5071100,0 -46.5711100,-23.5074200,0 -46.5711100,-23.5076300,0 -46.5711400,-23.5077800,0 -46.5712000,-23.5079300,0 -46.5714900,-23.5083400,0 -46.5716000,-23.5084700,0 -46.5718700,-23.5086600,0 -46.5722000,-23.5087500,0 -46.5725000,-23.5087400,0 -46.5726700,-23.5087000,0 -46.5729700,-23.5085400,0 -46.5731800,-23.5083200,0 -46.5732700,-23.5081600,0 -46.5733100,-23.5080400,0 -46.5738100,-23.5077600,0</coordinates></LinearRing></outerBoundaryIs></Polygon></Placemark>
<Style id="s-VP-52">
<LineStyle><color>ffebce87</color><width>2.0</width></LineStyle>
<PolyStyle><color>ffebce87</color></PolyStyle>
<IconStyle><color>ffebce87</color><scale>0.55</scale>
<Icon><href>http://maps.google.com/mapfiles/kml/shapes/placemark_circle.png</href></Icon>
</IconStyle>
<LabelStyle><scale>0.65</scale></LabelStyle>
</Style><Placemark><name>Praça Lourenço de Bellis</name><styleUrl>#s-VP-52</styleUrl><description><![CDATA[<table style="border-collapse:collapse;width:100%;font-family:'Helvetica Neue',Helvetica,Arial,sans-serif;font-size:11px;border:1px solid #e5e7eb;border-radius:8px;overflow:hidden;"><tr><th colspan="2" style="padding:5px 8px;background:#1f6feb;color:#fff;text-align:left;font-size:12px;font-weight:600;">Praça Lourenço de Bellis</th></tr><tr><th style="padding:3px 5px;text-align:left;background:#f3f4f6;border-bottom:1px solid #d1d5db;width:30%;font-size:11px;font-weight:600;color:#1f2937;">Serviço</th><td style="padding:3px 5px;border-bottom:1px solid #e5e7eb;font-size:11px;color:#111827;">Varrição de Praças (VP)</td></tr><tr><th style="padding:3px 5px;text-align:left;background:#f3f4f6;border-bottom:1px solid #d1d5db;width:30%;font-size:11px;font-weight:600;color:#1f2937;">Setor</th><td style="padding:3px 5px;border-bottom:1px solid #e5e7eb;font-size:11px;color:#111827;">MG10202VP0017</td></tr><tr><th style="padding:3px 5px;text-align:left;background:#f3f4f6;border-bottom:1px solid #d1d5db;width:30%;font-size:11px;font-weight:600;color:#1f2937;">Tipo de Serviço</th><td style="padding:3px 5px;border-bottom:1px solid #e5e7eb;font-size:11px;color:#111827;">Varrição de Praças</td></tr><tr><th style="padding:3px 5px;text-align:left;background:#f3f4f6;border-bottom:1px solid #d1d5db;width:30%;font-size:11px;font-weight:600;color:#1f2937;">Nome</th><td style="padding:3px 5px;border-bottom:1px solid #e5e7eb;font-size:11px;color:#111827;">Praça Lourenço de Bellis</td></tr><tr><th style="padding:3px 5px;text-align:left;background:#f3f4f6;border-bottom:1px solid #d1d5db;width:30%;font-size:11px;font-weight:600;color:#1f2937;">Logradouro</th><td style="padding:3px 5px;border-bottom:1px solid #e5e7eb;font-size:11px;color:#111827;">Pc Lourenco Billis</td></tr><tr><th style="padding:3px 5px;text-align:left;background:#f3f4f6;border-bottom:1px solid #d1d5db;width:30%;font-size:11px;font-weight:600;color:#1f2937;">Subprefeitura</th><td style="padding:3px 5px;border-bottom:1px solid #e5e7eb;font-size:11px;color:#111827;">Vila Maria / Vila Guilherme</td></tr><tr><th style="padding:3px 5px;text-align:left;background:#f3f4f6;border-bottom:1px solid #d1d5db;width:30%;font-size:11px;font-weight:600;color:#1f2937;">Turno</th><td style="padding:3px 5px;border-bottom:1px solid #e5e7eb;font-size:11px;color:#111827;">Diurno</td></tr><tr><th style="padding:3px 5px;text-align:left;background:#f3f4f6;border-bottom:1px solid #d1d5db;width:30%;font-size:11px;font-weight:600;color:#1f2937;">Frequência</th><td style="padding:3px 5px;border-bottom:1px solid #e5e7eb;font-size:11px;color:#111827;">Alternada de Segunda/Quarta/Sexta</td></tr><tr><th style="padding:3px 5px;text-align:left;background:#f3f4f6;border-bottom:1px solid #d1d5db;width:30%;font-size:11px;font-weight:600;color:#1f2937;">Cronograma</th><td style="padding:3px 5px;border-bottom:1px solid #e5e7eb;font-size:11px;color:#111827;">—</td></tr></table>]]></description><Polygon><outerBoundaryIs><LinearRing><coordinates>-46.5755900,-23.4891300,0 -46.5755400,-23.4889800,0 -46.5754400,-23.4888000,0 -46.5753400,-23.4886700,0 -46.5752400,-23.4885700,0 -46.5750400,-23.4884300,0 -46.5749100,-23.4883700,0 -46.5746800,-23.4883000,0 -46.5745300,-23.4882800,0 -46.5742800,-23.4882800,0 -46.5741500,-23.4883000,0 -46.5739100,-23.4883700,0 -46.5737700,-23.4884400,0 -46.5735700,-23.4885700,0 -46.5734300,-23.4887200,0 -46.5732700,-23.4889800,0 -46.5732000,-23.4892100,0 -46.5732000,-23.4895700,0 -46.5732700,-23.4898000,0 -46.5733400,-23.4899400,0 -46.5734800,-23.4901200,0 -46.5735900,-23.4902300,0 -46.5737200,-23.4903200,0 -46.5739400,-23.4904300,0 -46.5741700,-23.4904900,0 -46.5745100,-23.4905100,0 -46.5747600,-23.4904700,0 -46.5751200,-23.4903100,0 -46.5753000,-23.4901600,0 -46.5754100,-23.4900400,0 -46.5754900,-23.4899100,0 -46.5755800,-23.4897000,0 -46.5756100,-23.4895600,0 -46.5756300,-23.4893800,0 -46.5755900,-23.4891300,0</coordinates></LinearRing></outerBoundaryIs></Polygon></Placemark>
<Style id="s-VP-53">
<LineStyle><color>ffebce87</color><width>2.0</width></LineStyle>
<PolyStyle><color>ffebce87</color></PolyStyle>
<IconStyle><color>ffebce87</color><scale>0.55</scale>
<Icon><href>http://maps.google.com/mapfiles/kml/shapes/placemark_circle.png</href></Icon>
</IconStyle>
<LabelStyle><scale>0.65</scale></LabelStyle>
</Style><Placemark><name>Praça Angelo Conti</name><styleUrl>#s-VP-53</styleUrl><description><![CDATA[<table style="border-collapse:collapse;width:100%;font-family:'Helvetica Neue',Helvetica,Arial,sans-serif;font-size:11px;border:1px solid #e5e7eb;border-radius:8px;overflow:hidden;"><tr><th colspan="2" style="padding:5px 8px;background:#1f6feb;color:#fff;text-align:left;font-size:12px;font-weight:600;">Praça Angelo Conti</th></tr><tr><th style="padding:3px 5px;text-align:left;background:#f3f4f6;border-bottom:1px solid #d1d5db;width:30%;font-size:11px;font-weight:600;color:#1f2937;">Serviço</th><td style="padding:3px 5px;border-bottom:1px solid #e5e7eb;font-size:11px;color:#111827;">Varrição de Praças (VP)</td></tr><tr><th style="padding:3px 5px;text-align:left;background:#f3f4f6;border-bottom:1px solid #d1d5db;width:30%;font-size:11px;font-weight:600;color:#1f2937;">Setor</th><td style="padding:3px 5px;border-bottom:1px solid #e5e7eb;font-size:11px;color:#111827;">MG10202VP0018</td></tr><tr><th style="padding:3px 5px;text-align:left;background:#f3f4f6;border-bottom:1px solid #d1d5db;width:30%;font-size:11px;font-weight:600;color:#1f2937;">Tipo de Serviço</th><td style="padding:3px 5px;border-bottom:1px solid #e5e7eb;font-size:11px;color:#111827;">Varrição de Praças</td></tr><tr><th style="padding:3px 5px;text-align:left;background:#f3f4f6;border-bottom:1px solid #d1d5db;width:30%;font-size:11px;font-weight:600;color:#1f2937;">Nome</th><td style="padding:3px 5px;border-bottom:1px solid #e5e7eb;font-size:11px;color:#111827;">Praça Angelo Conti</td></tr><tr><th style="padding:3px 5px;text-align:left;background:#f3f4f6;border-bottom:1px solid #d1d5db;width:30%;font-size:11px;font-weight:600;color:#1f2937;">Logradouro</th><td style="padding:3px 5px;border-bottom:1px solid #e5e7eb;font-size:11px;color:#111827;">R Ac</td></tr><tr><th style="padding:3px 5px;text-align:left;background:#f3f4f6;border-bottom:1px solid #d1d5db;width:30%;font-size:11px;font-weight:600;color:#1f2937;">Subprefeitura</th><td style="padding:3px 5px;border-bottom:1px solid #e5e7eb;font-size:11px;color:#111827;">Vila Maria / Vila Guilherme</td></tr><tr><th style="padding:3px 5px;text-align:left;background:#f3f4f6;border-bottom:1px solid #d1d5db;width:30%;font-size:11px;font-weight:600;color:#1f2937;">Turno</th><td style="padding:3px 5px;border-bottom:1px solid #e5e7eb;font-size:11px;color:#111827;">Diurno</td></tr><tr><th style="padding:3px 5px;text-align:left;background:#f3f4f6;border-bottom:1px solid #d1d5db;width:30%;font-size:11px;font-weight:600;color:#1f2937;">Frequência</th><td style="padding:3px 5px;border-bottom:1px solid #e5e7eb;font-size:11px;color:#111827;">Alternada de Segunda/Quarta/Sexta</td></tr><tr><th style="padding:3px 5px;text-align:left;background:#f3f4f6;border-bottom:1px solid #d1d5db;width:30%;font-size:11px;font-weight:600;color:#1f2937;">Cronograma</th><td style="padding:3px 5px;border-bottom:1px solid #e5e7eb;font-size:11px;color:#111827;">—</td></tr></table>]]></description><Polygon><outerBoundaryIs><LinearRing><coordinates>-46.5731400,-23.4929800,0 -46.5731900,-23.4931300,0 -46.5732600,-23.4932600,0 -46.5734300,-23.4934800,0 -46.5736800,-23.4936600,0 -46.5739300,-23.4937800,0 -46.5741000,-23.4938200,0 -46.5744700,-23.4938300,0 -46.5747000,-23.4937900,0 -46.5749800,-23.4936800,0 -46.5751200,-23.4936000,0 -46.5753500,-23.4933700,0 -46.5754400,-23.4932300,0 -46.5755700,-23.4929300,0 -46.5756000,-23.4927400,0 -46.5755800,-23.4925100,0 -46.5753900,-23.4918700,0 -46.5752800,-23.4916900,0 -46.5751100,-23.4915100,0 -46.5749800,-23.4914100,0 -46.5748300,-23.4913400,0 -46.5745000,-23.4912600,0 -46.5743300,-23.4912600,0 -46.5740600,-23.4913100,0 -46.5739100,-23.4913800,0 -46.5737600,-23.4914600,0 -46.5735800,-23.4916300,0 -46.5732300,-23.4921900,0 -46.5731600,-23.4923400,0 -46.5731000,-23.4926000,0 -46.5731000,-23.4927600,0 -46.5731400,-23.4929800,0</coordinates></LinearRing></outerBoundaryIs></Polygon></Placemark>
<Style id="s-VP-54">
<LineStyle><color>ffebce87</color><width>2.0</width></LineStyle>
<PolyStyle><color>ffebce87</color></PolyStyle>
<IconStyle><color>ffebce87</color><scale>0.55</scale>
<Icon><href>http://maps.google.com/mapfiles/kml/shapes/placemark_circle.png</href></Icon>
</IconStyle>
<LabelStyle><scale>0.65</scale></LabelStyle>
</Style><Placemark><name>Av João Simão de Castro (entre a rua Canápolis e rua orlando Jardim</name><styleUrl>#s-VP-54</styleUrl><description><![CDATA[<table style="border-collapse:collapse;width:100%;font-family:'Helvetica Neue',Helvetica,Arial,sans-serif;font-size:11px;border:1px solid #e5e7eb;border-radius:8px;overflow:hidden;"><tr><th colspan="2" style="padding:5px 8px;background:#1f6feb;color:#fff;text-align:left;font-size:12px;font-weight:600;">Av João Simão de Castro (entre a rua Canápolis e rua orlando Jardim</th></tr><tr><th style="padding:3px 5px;text-align:left;background:#f3f4f6;border-bottom:1px solid #d1d5db;width:30%;font-size:11px;font-weight:600;color:#1f2937;">Serviço</th><td style="padding:3px 5px;border-bottom:1px solid #e5e7eb;font-size:11px;color:#111827;">Varrição de Praças (VP)</td></tr><tr><th style="padding:3px 5px;text-align:left;background:#f3f4f6;border-bottom:1px solid #d1d5db;width:30%;font-size:11px;font-weight:600;color:#1f2937;">Setor</th><td style="padding:3px 5px;border-bottom:1px solid #e5e7eb;font-size:11px;color:#111827;">MG10202VP0019</td></tr><tr><th style="padding:3px 5px;text-align:left;background:#f3f4f6;border-bottom:1px solid #d1d5db;width:30%;font-size:11px;font-weight:600;color:#1f2937;">Tipo de Serviço</th><td style="padding:3px 5px;border-bottom:1px solid #e5e7eb;font-size:11px;color:#111827;">Varrição de Praças</td></tr><tr><th style="padding:3px 5px;text-align:left;background:#f3f4f6;border-bottom:1px solid #d1d5db;width:30%;font-size:11px;font-weight:600;color:#1f2937;">Nome</th><td style="padding:3px 5px;border-bottom:1px solid #e5e7eb;font-size:11px;color:#111827;">Av João Simão de Castro (entre a rua Canápolis e rua orlando Jardim</td></tr><tr><th style="padding:3px 5px;text-align:left;background:#f3f4f6;border-bottom:1px solid #d1d5db;width:30%;font-size:11px;font-weight:600;color:#1f2937;">Logradouro</th><td style="padding:3px 5px;border-bottom:1px solid #e5e7eb;font-size:11px;color:#111827;">R Jose Borges de Paula</td></tr><tr><th style="padding:3px 5px;text-align:left;background:#f3f4f6;border-bottom:1px solid #d1d5db;width:30%;font-size:11px;font-weight:600;color:#1f2937;">Subprefeitura</th><td style="padding:3px 5px;border-bottom:1px solid #e5e7eb;font-size:11px;color:#111827;">Vila Maria / Vila Guilherme</td></tr><tr><th style="padding:3px 5px;text-align:left;background:#f3f4f6;border-bottom:1px solid #d1d5db;width:30%;font-size:11px;font-weight:600;color:#1f2937;">Turno</th><td style="padding:3px 5px;border-bottom:1px solid #e5e7eb;font-size:11px;color:#111827;">Diurno</td></tr><tr><th style="padding:3px 5px;text-align:left;background:#f3f4f6;border-bottom:1px solid #d1d5db;width:30%;font-size:11px;font-weight:600;color:#1f2937;">Frequência</th><td style="padding:3px 5px;border-bottom:1px solid #e5e7eb;font-size:11px;color:#111827;">Alternada de Segunda/Quarta/Sexta</td></tr><tr><th style="padding:3px 5px;text-align:left;background:#f3f4f6;border-bottom:1px solid #d1d5db;width:30%;font-size:11px;font-weight:600;color:#1f2937;">Cronograma</th><td style="padding:3px 5px;border-bottom:1px solid #e5e7eb;font-size:11px;color:#111827;">—</td></tr></table>]]></description><Polygon><outerBoundaryIs><LinearRing><coordinates>-46.5749100,-23.4903900,0 -46.5756000,-23.4904100,0 -46.5759400,-23.4903600,0 -46.5762300,-23.4902100,0 -46.5763600,-23.4901000,0 -46.5764600,-23.4899700,0 -46.5766100,-23.4896700,0 -46.5766600,-23.4895200,0 -46.5766900,-23.4893200,0 -46.5766300,-23.4890100,0 -46.5765600,-23.4888700,0 -46.5764700,-23.4887500,0 -46.5763300,-23.4886200,0 -46.5760500,-23.4884600,0 -46.5758100,-23.4883900,0 -46.5756400,-23.4883700,0 -46.5754700,-23.4883800,0 -46.5751000,-23.4884400,0 -46.5747600,-23.4884000,0 -46.5745800,-23.4884100,0 -46.5744200,-23.4884400,0 -46.5742600,-23.4885100,0 -46.5741200,-23.4886000,0 -46.5739000,-23.4888300,0 -46.5738200,-23.4889700,0 -46.5737800,-23.4891200,0 -46.5737400,-23.4894400,0 -46.5737400,-23.4895900,0 -46.5737700,-23.4897500,0 -46.5738300,-23.4899000,0 -46.5740300,-23.4901500,0 -46.5741600,-23.4902500,0 -46.5743100,-23.4903300,0 -46.5746400,-23.4904100,0 -46.5748100,-23.4904100,0 -46.5749100,-23.4903900,0</coordinates></LinearRing></outerBoundaryIs></Polygon></Placemark>
<Style id="s-VP-55">
<LineStyle><color>ffebce87</color><width>2.0</width></LineStyle>
<PolyStyle><color>ffebce87</color></PolyStyle>
<IconStyle><color>ffebce87</color><scale>0.55</scale>
<Icon><href>http://maps.google.com/mapfiles/kml/shapes/placemark_circle.png</href></Icon>
</IconStyle>
<LabelStyle><scale>0.65</scale></LabelStyle>
</Style><Placemark><name>Av João Simão de Castro (entre a rua Canápolis e rua orlando Jardim</name><styleUrl>#s-VP-55</styleUrl><description><![CDATA[<table style="border-collapse:collapse;width:100%;font-family:'Helvetica Neue',Helvetica,Arial,sans-serif;font-size:11px;border:1px solid #e5e7eb;border-radius:8px;overflow:hidden;"><tr><th colspan="2" style="padding:5px 8px;background:#1f6feb;color:#fff;text-align:left;font-size:12px;font-weight:600;">Av João Simão de Castro (entre a rua Canápolis e rua orlando Jardim</th></tr><tr><th style="padding:3px 5px;text-align:left;background:#f3f4f6;border-bottom:1px solid #d1d5db;width:30%;font-size:11px;font-weight:600;color:#1f2937;">Serviço</th><td style="padding:3px 5px;border-bottom:1px solid #e5e7eb;font-size:11px;color:#111827;">Varrição de Praças (VP)</td></tr><tr><th style="padding:3px 5px;text-align:left;background:#f3f4f6;border-bottom:1px solid #d1d5db;width:30%;font-size:11px;font-weight:600;color:#1f2937;">Setor</th><td style="padding:3px 5px;border-bottom:1px solid #e5e7eb;font-size:11px;color:#111827;">MG10202VP0020</td></tr><tr><th style="padding:3px 5px;text-align:left;background:#f3f4f6;border-bottom:1px solid #d1d5db;width:30%;font-size:11px;font-weight:600;color:#1f2937;">Tipo de Serviço</th><td style="padding:3px 5px;border-bottom:1px solid #e5e7eb;font-size:11px;color:#111827;">Varrição de Praças</td></tr><tr><th style="padding:3px 5px;text-align:left;background:#f3f4f6;border-bottom:1px solid #d1d5db;width:30%;font-size:11px;font-weight:600;color:#1f2937;">Nome</th><td style="padding:3px 5px;border-bottom:1px solid #e5e7eb;font-size:11px;color:#111827;">Av João Simão de Castro (entre a rua Canápolis e rua orlando Jardim</td></tr><tr><th style="padding:3px 5px;text-align:left;background:#f3f4f6;border-bottom:1px solid #d1d5db;width:30%;font-size:11px;font-weight:600;color:#1f2937;">Logradouro</th><td style="padding:3px 5px;border-bottom:1px solid #e5e7eb;font-size:11px;color:#111827;">Pc Lourenco Billis</td></tr><tr><th style="padding:3px 5px;text-align:left;background:#f3f4f6;border-bottom:1px solid #d1d5db;width:30%;font-size:11px;font-weight:600;color:#1f2937;">Subprefeitura</th><td style="padding:3px 5px;border-bottom:1px solid #e5e7eb;font-size:11px;color:#111827;">Vila Maria / Vila Guilherme</td></tr><tr><th style="padding:3px 5px;text-align:left;background:#f3f4f6;border-bottom:1px solid #d1d5db;width:30%;font-size:11px;font-weight:600;color:#1f2937;">Turno</th><td style="padding:3px 5px;border-bottom:1px solid #e5e7eb;font-size:11px;color:#111827;">Diurno</td></tr><tr><th style="padding:3px 5px;text-align:left;background:#f3f4f6;border-bottom:1px solid #d1d5db;width:30%;font-size:11px;font-weight:600;color:#1f2937;">Frequência</th><td style="padding:3px 5px;border-bottom:1px solid #e5e7eb;font-size:11px;color:#111827;">Alternada de Segunda/Quarta/Sexta</td></tr><tr><th style="padding:3px 5px;text-align:left;background:#f3f4f6;border-bottom:1px solid #d1d5db;width:30%;font-size:11px;font-weight:600;color:#1f2937;">Cronograma</th><td style="padding:3px 5px;border-bottom:1px solid #e5e7eb;font-size:11px;color:#111827;">—</td></tr></table>]]></description><Polygon><outerBoundaryIs><LinearRing><coordinates>-46.5750900,-23.4894000,0 -46.5750800,-23.4891300,0 -46.5750300,-23.4889700,0 -46.5749600,-23.4888300,0 -46.5748600,-23.4887000,0 -46.5747400,-23.4885900,0 -46.5746000,-23.4885000,0 -46.5744500,-23.4884400,0 -46.5741100,-23.4883800,0 -46.5736600,-23.4884100,0 -46.5735000,-23.4884400,0 -46.5731900,-23.4885800,0 -46.5730600,-23.4886800,0 -46.5728700,-23.4889400,0 -46.5727900,-23.4892100,0 -46.5727700,-23.4893700,0 -46.5727900,-23.4895500,0 -46.5728500,-23.4897800,0 -46.5729200,-23.4899200,0 -46.5731500,-23.4901600,0 -46.5734400,-23.4903100,0 -46.5736100,-23.4903500,0 -46.5740700,-23.4904100,0 -46.5744100,-23.4903700,0 -46.5745700,-23.4903100,0 -46.5748400,-23.4901200,0 -46.5750200,-23.4898500,0 -46.5750700,-23.4897100,0 -46.5750900,-23.4894000,0</coordinates></LinearRing></outerBoundaryIs></Polygon></Placemark>
<Style id="s-VP-56">
<LineStyle><color>ffebce87</color><width>2.0</width></LineStyle>
<PolyStyle><color>ffebce87</color></PolyStyle>
<IconStyle><color>ffebce87</color><scale>0.55</scale>
<Icon><href>http://maps.google.com/mapfiles/kml/shapes/placemark_circle.png</href></Icon>
</IconStyle>
<LabelStyle><scale>0.65</scale></LabelStyle>
</Style><Placemark><name>Praça Novo Mundo</name><styleUrl>#s-VP-56</styleUrl><description><![CDATA[<table style="border-collapse:collapse;width:100%;font-family:'Helvetica Neue',Helvetica,Arial,sans-serif;font-size:11px;border:1px solid #e5e7eb;border-radius:8px;overflow:hidden;"><tr><th colspan="2" style="padding:5px 8px;background:#1f6feb;color:#fff;text-align:left;font-size:12px;font-weight:600;">Praça Novo Mundo</th></tr><tr><th style="padding:3px 5px;text-align:left;background:#f3f4f6;border-bottom:1px solid #d1d5db;width:30%;font-size:11px;font-weight:600;color:#1f2937;">Serviço</th><td style="padding:3px 5px;border-bottom:1px solid #e5e7eb;font-size:11px;color:#111827;">Varrição de Praças (VP)</td></tr><tr><th style="padding:3px 5px;text-align:left;background:#f3f4f6;border-bottom:1px solid #d1d5db;width:30%;font-size:11px;font-weight:600;color:#1f2937;">Setor</th><td style="padding:3px 5px;border-bottom:1px solid #e5e7eb;font-size:11px;color:#111827;">MG10202VP0021</td></tr><tr><th style="padding:3px 5px;text-align:left;background:#f3f4f6;border-bottom:1px solid #d1d5db;width:30%;font-size:11px;font-weight:600;color:#1f2937;">Tipo de Serviço</th><td style="padding:3px 5px;border-bottom:1px solid #e5e7eb;font-size:11px;color:#111827;">Varrição de Praças</td></tr><tr><th style="padding:3px 5px;text-align:left;background:#f3f4f6;border-bottom:1px solid #d1d5db;width:30%;font-size:11px;font-weight:600;color:#1f2937;">Nome</th><td style="padding:3px 5px;border-bottom:1px solid #e5e7eb;font-size:11px;color:#111827;">Praça Novo Mundo</td></tr><tr><th style="padding:3px 5px;text-align:left;background:#f3f4f6;border-bottom:1px solid #d1d5db;width:30%;font-size:11px;font-weight:600;color:#1f2937;">Logradouro</th><td style="padding:3px 5px;border-bottom:1px solid #e5e7eb;font-size:11px;color:#111827;">Al S-Srg Ananias Holanda de Oliveira</td></tr><tr><th style="padding:3px 5px;text-align:left;background:#f3f4f6;border-bottom:1px solid #d1d5db;width:30%;font-size:11px;font-weight:600;color:#1f2937;">Subprefeitura</th><td style="padding:3px 5px;border-bottom:1px solid #e5e7eb;font-size:11px;color:#111827;">Vila Maria / Vila Guilherme</td></tr><tr><th style="padding:3px 5px;text-align:left;background:#f3f4f6;border-bottom:1px solid #d1d5db;width:30%;font-size:11px;font-weight:600;color:#1f2937;">Turno</th><td style="padding:3px 5px;border-bottom:1px solid #e5e7eb;font-size:11px;color:#111827;">Diurno</td></tr><tr><th style="padding:3px 5px;text-align:left;background:#f3f4f6;border-bottom:1px solid #d1d5db;width:30%;font-size:11px;font-weight:600;color:#1f2937;">Frequência</th><td style="padding:3px 5px;border-bottom:1px solid #e5e7eb;font-size:11px;color:#111827;">Alternada de Segunda/Quarta/Sexta</td></tr><tr><th style="padding:3px 5px;text-align:left;background:#f3f4f6;border-bottom:1px solid #d1d5db;width:30%;font-size:11px;font-weight:600;color:#1f2937;">Cronograma</th><td style="padding:3px 5px;border-bottom:1px solid #e5e7eb;font-size:11px;color:#111827;">—</td></tr></table>]]></description><Polygon><outerBoundaryIs><LinearRing><coordinates>-46.5691300,-23.5186600,0 -46.5693200,-23.5183600,0 -46.5693900,-23.5181600,0 -46.5694100,-23.5180000,0 -46.5693800,-23.5167100,0 -46.5693300,-23.5164600,0 -46.5691800,-23.5161500,0 -46.5690700,-23.5160200,0 -46.5688300,-23.5158200,0 -46.5685800,-23.5156900,0 -46.5683700,-23.5156300,0 -46.5681100,-23.5156100,0 -46.5678300,-23.5156200,0 -46.5674700,-23.5157300,0 -46.5672800,-23.5158400,0 -46.5670800,-23.5160200,0 -46.5669000,-23.5162600,0 -46.5667800,-23.5165100,0 -46.5667300,-23.5168000,0 -46.5667600,-23.5179700,0 -46.5667800,-23.5181300,0 -46.5669400,-23.5185200,0 -46.5671500,-23.5187800,0 -46.5673900,-23.5189500,0 -46.5677000,-23.5190800,0 -46.5679100,-23.5191200,0 -46.5681600,-23.5191300,0 -46.5684100,-23.5191000,0 -46.5687100,-23.5190000,0 -46.5689000,-23.5188800,0 -46.5691300,-23.5186600,0</coordinates></LinearRing></outerBoundaryIs></Polygon></Placemark>
<Style id="s-VP-57">
<LineStyle><color>ffebce87</color><width>2.0</width></LineStyle>
<PolyStyle><color>ffebce87</color></PolyStyle>
<IconStyle><color>ffebce87</color><scale>0.55</scale>
<Icon><href>http://maps.google.com/mapfiles/kml/shapes/placemark_circle.png</href></Icon>
</IconStyle>
<LabelStyle><scale>0.65</scale></LabelStyle>
</Style><Placemark><name>Praça Stélio Machado Loureiro</name><styleUrl>#s-VP-57</styleUrl><description><![CDATA[<table style="border-collapse:collapse;width:100%;font-family:'Helvetica Neue',Helvetica,Arial,sans-serif;font-size:11px;border:1px solid #e5e7eb;border-radius:8px;overflow:hidden;"><tr><th colspan="2" style="padding:5px 8px;background:#1f6feb;color:#fff;text-align:left;font-size:12px;font-weight:600;">Praça Stélio Machado Loureiro</th></tr><tr><th style="padding:3px 5px;text-align:left;background:#f3f4f6;border-bottom:1px solid #d1d5db;width:30%;font-size:11px;font-weight:600;color:#1f2937;">Serviço</th><td style="padding:3px 5px;border-bottom:1px solid #e5e7eb;font-size:11px;color:#111827;">Varrição de Praças (VP)</td></tr><tr><th style="padding:3px 5px;text-align:left;background:#f3f4f6;border-bottom:1px solid #d1d5db;width:30%;font-size:11px;font-weight:600;color:#1f2937;">Setor</th><td style="padding:3px 5px;border-bottom:1px solid #e5e7eb;font-size:11px;color:#111827;">MG10202VP0022</td></tr><tr><th style="padding:3px 5px;text-align:left;background:#f3f4f6;border-bottom:1px solid #d1d5db;width:30%;font-size:11px;font-weight:600;color:#1f2937;">Tipo de Serviço</th><td style="padding:3px 5px;border-bottom:1px solid #e5e7eb;font-size:11px;color:#111827;">Varrição de Praças</td></tr><tr><th style="padding:3px 5px;text-align:left;background:#f3f4f6;border-bottom:1px solid #d1d5db;width:30%;font-size:11px;font-weight:600;color:#1f2937;">Nome</th><td style="padding:3px 5px;border-bottom:1px solid #e5e7eb;font-size:11px;color:#111827;">Praça Stélio Machado Loureiro</td></tr><tr><th style="padding:3px 5px;text-align:left;background:#f3f4f6;border-bottom:1px solid #d1d5db;width:30%;font-size:11px;font-weight:600;color:#1f2937;">Logradouro</th><td style="padding:3px 5px;border-bottom:1px solid #e5e7eb;font-size:11px;color:#111827;">R Sto Basileu</td></tr><tr><th style="padding:3px 5px;text-align:left;background:#f3f4f6;border-bottom:1px solid #d1d5db;width:30%;font-size:11px;font-weight:600;color:#1f2937;">Subprefeitura</th><td style="padding:3px 5px;border-bottom:1px solid #e5e7eb;font-size:11px;color:#111827;">Vila Maria / Vila Guilherme</td></tr><tr><th style="padding:3px 5px;text-align:left;background:#f3f4f6;border-bottom:1px solid #d1d5db;width:30%;font-size:11px;font-weight:600;color:#1f2937;">Turno</th><td style="padding:3px 5px;border-bottom:1px solid #e5e7eb;font-size:11px;color:#111827;">Diurno</td></tr><tr><th style="padding:3px 5px;text-align:left;background:#f3f4f6;border-bottom:1px solid #d1d5db;width:30%;font-size:11px;font-weight:600;color:#1f2937;">Frequência</th><td style="padding:3px 5px;border-bottom:1px solid #e5e7eb;font-size:11px;color:#111827;">Alternada de Segunda/Quarta/Sexta</td></tr><tr><th style="padding:3px 5px;text-align:left;background:#f3f4f6;border-bottom:1px solid #d1d5db;width:30%;font-size:11px;font-weight:600;color:#1f2937;">Cronograma</th><td style="padding:3px 5px;border-bottom:1px solid #e5e7eb;font-size:11px;color:#111827;">—</td></tr></table>]]></description><Polygon><outerBoundaryIs><LinearRing><coordinates>-46.6093200,-23.5156600,0 -46.6091100,-23.5155400,0 -46.6088400,-23.5154400,0 -46.6085000,-23.5154000,0 -46.6083300,-23.5154100,0 -46.6081700,-23.5154500,0 -46.6078800,-23.5156000,0 -46.6077400,-23.5156900,0 -46.6076200,-23.5158000,0 -46.6075200,-23.5159300,0 -46.6074000,-23.5162200,0 -46.6073500,-23.5165800,0 -46.6073700,-23.5168900,0 -46.6076400,-23.5174700,0 -46.6078400,-23.5177200,0 -46.6080400,-23.5178800,0 -46.6082600,-23.5180100,0 -46.6085900,-23.5181500,0 -46.6087600,-23.5181800,0 -46.6089800,-23.5181800,0 -46.6092200,-23.5181400,0 -46.6093800,-23.5180900,0 -46.6095800,-23.5179700,0 -46.6098300,-23.5177300,0 -46.6099500,-23.5175400,0 -46.6100100,-23.5173800,0 -46.6100600,-23.5171200,0 -46.6100600,-23.5167900,0 -46.6100100,-23.5165100,0 -46.6099500,-23.5163600,0 -46.6098300,-23.5161300,0 -46.6097300,-23.5160000,0 -46.6095800,-23.5158500,0 -46.6093200,-23.5156600,0</coordinates></LinearRing></outerBoundaryIs></Polygon></Placemark>
<Style id="s-VP-58">
<LineStyle><color>ffebce87</color><width>2.0</width></LineStyle>
<PolyStyle><color>ffebce87</color></PolyStyle>
<IconStyle><color>ffebce87</color><scale>0.55</scale>
<Icon><href>http://maps.google.com/mapfiles/kml/shapes/placemark_circle.png</href></Icon>
</IconStyle>
<LabelStyle><scale>0.65</scale></LabelStyle>
</Style><Placemark><name>Praça Oscar da Silva</name><styleUrl>#s-VP-58</styleUrl><description><![CDATA[<table style="border-collapse:collapse;width:100%;font-family:'Helvetica Neue',Helvetica,Arial,sans-serif;font-size:11px;border:1px solid #e5e7eb;border-radius:8px;overflow:hidden;"><tr><th colspan="2" style="padding:5px 8px;background:#1f6feb;color:#fff;text-align:left;font-size:12px;font-weight:600;">Praça Oscar da Silva</th></tr><tr><th style="padding:3px 5px;text-align:left;background:#f3f4f6;border-bottom:1px solid #d1d5db;width:30%;font-size:11px;font-weight:600;color:#1f2937;">Serviço</th><td style="padding:3px 5px;border-bottom:1px solid #e5e7eb;font-size:11px;color:#111827;">Varrição de Praças (VP)</td></tr><tr><th style="padding:3px 5px;text-align:left;background:#f3f4f6;border-bottom:1px solid #d1d5db;width:30%;font-size:11px;font-weight:600;color:#1f2937;">Setor</th><td style="padding:3px 5px;border-bottom:1px solid #e5e7eb;font-size:11px;color:#111827;">MG10202VP0023</td></tr><tr><th style="padding:3px 5px;text-align:left;background:#f3f4f6;border-bottom:1px solid #d1d5db;width:30%;font-size:11px;font-weight:600;color:#1f2937;">Tipo de Serviço</th><td style="padding:3px 5px;border-bottom:1px solid #e5e7eb;font-size:11px;color:#111827;">Varrição de Praças</td></tr><tr><th style="padding:3px 5px;text-align:left;background:#f3f4f6;border-bottom:1px solid #d1d5db;width:30%;font-size:11px;font-weight:600;color:#1f2937;">Nome</th><td style="padding:3px 5px;border-bottom:1px solid #e5e7eb;font-size:11px;color:#111827;">Praça Oscar da Silva</td></tr><tr><th style="padding:3px 5px;text-align:left;background:#f3f4f6;border-bottom:1px solid #d1d5db;width:30%;font-size:11px;font-weight:600;color:#1f2937;">Logradouro</th><td style="padding:3px 5px;border-bottom:1px solid #e5e7eb;font-size:11px;color:#111827;">R Maria Candida</td></tr><tr><th style="padding:3px 5px;text-align:left;background:#f3f4f6;border-bottom:1px solid #d1d5db;width:30%;font-size:11px;font-weight:600;color:#1f2937;">Subprefeitura</th><td style="padding:3px 5px;border-bottom:1px solid #e5e7eb;font-size:11px;color:#111827;">Vila Maria / Vila Guilherme</td></tr><tr><th style="padding:3px 5px;text-align:left;background:#f3f4f6;border-bottom:1px solid #d1d5db;width:30%;font-size:11px;font-weight:600;color:#1f2937;">Turno</th><td style="padding:3px 5px;border-bottom:1px solid #e5e7eb;font-size:11px;color:#111827;">Diurno</td></tr><tr><th style="padding:3px 5px;text-align:left;background:#f3f4f6;border-bottom:1px solid #d1d5db;width:30%;font-size:11px;font-weight:600;color:#1f2937;">Frequência</th><td style="padding:3px 5px;border-bottom:1px solid #e5e7eb;font-size:11px;color:#111827;">Alternada de Segunda/Quarta/Sexta</td></tr><tr><th style="padding:3px 5px;text-align:left;background:#f3f4f6;border-bottom:1px solid #d1d5db;width:30%;font-size:11px;font-weight:600;color:#1f2937;">Cronograma</th><td style="padding:3px 5px;border-bottom:1px solid #e5e7eb;font-size:11px;color:#111827;">—</td></tr></table>]]></description><Polygon><outerBoundaryIs><LinearRing><coordinates>-46.6021600,-23.5064600,0 -46.6020800,-23.5063200,0 -46.6018500,-23.5060900,0 -46.6015400,-23.5059500,0 -46.6013800,-23.5059200,0 -46.6012100,-23.5059100,0 -46.6010400,-23.5059300,0 -46.6002200,-23.5062100,0 -46.6000700,-23.5062800,0 -46.5999300,-23.5063800,0 -46.5998100,-23.5064900,0 -46.5997200,-23.5066200,0 -46.5996500,-23.5067700,0 -46.5996100,-23.5069200,0 -46.5996000,-23.5070700,0 -46.5996200,-23.5072300,0 -46.5996700,-23.5073800,0 -46.6000500,-23.5079800,0 -46.6002300,-23.5081600,0 -46.6003700,-23.5082500,0 -46.6006900,-23.5083900,0 -46.6008600,-23.5084100,0 -46.6011800,-23.5084000,0 -46.6013600,-23.5083500,0 -46.6016400,-23.5082100,0 -46.6017700,-23.5081100,0 -46.6019300,-23.5079100,0 -46.6022100,-23.5074300,0 -46.6022700,-23.5072900,0 -46.6023100,-23.5071400,0 -46.6023100,-23.5068500,0 -46.6022500,-23.5066600,0 -46.6021600,-23.5064600,0</coordinates></LinearRing></outerBoundaryIs></Polygon></Placemark>
<Style id="s-VP-59">
<LineStyle><color>ffebce87</color><width>2.0</width></LineStyle>
<PolyStyle><color>ffebce87</color></PolyStyle>
<IconStyle><color>ffebce87</color><scale>0.55</scale>
<Icon><href>http://maps.google.com/mapfiles/kml/shapes/placemark_circle.png</href></Icon>
</IconStyle>
<LabelStyle><scale>0.65</scale></LabelStyle>
</Style><Placemark><name>Praça Santo Eduardo, Av Guilherme Cotching (Canteriro central)</name><styleUrl>#s-VP-59</styleUrl><description><![CDATA[<table style="border-collapse:collapse;width:100%;font-family:'Helvetica Neue',Helvetica,Arial,sans-serif;font-size:11px;border:1px solid #e5e7eb;border-radius:8px;overflow:hidden;"><tr><th colspan="2" style="padding:5px 8px;background:#1f6feb;color:#fff;text-align:left;font-size:12px;font-weight:600;">Praça Santo Eduardo, Av Guilherme Cotching (Canteriro central)</th></tr><tr><th style="padding:3px 5px;text-align:left;background:#f3f4f6;border-bottom:1px solid #d1d5db;width:30%;font-size:11px;font-weight:600;color:#1f2937;">Serviço</th><td style="padding:3px 5px;border-bottom:1px solid #e5e7eb;font-size:11px;color:#111827;">Varrição de Praças (VP)</td></tr><tr><th style="padding:3px 5px;text-align:left;background:#f3f4f6;border-bottom:1px solid #d1d5db;width:30%;font-size:11px;font-weight:600;color:#1f2937;">Setor</th><td style="padding:3px 5px;border-bottom:1px solid #e5e7eb;font-size:11px;color:#111827;">MG10202VP0024</td></tr><tr><th style="padding:3px 5px;text-align:left;background:#f3f4f6;border-bottom:1px solid #d1d5db;width:30%;font-size:11px;font-weight:600;color:#1f2937;">Tipo de Serviço</th><td style="padding:3px 5px;border-bottom:1px solid #e5e7eb;font-size:11px;color:#111827;">Varrição de Praças</td></tr><tr><th style="padding:3px 5px;text-align:left;background:#f3f4f6;border-bottom:1px solid #d1d5db;width:30%;font-size:11px;font-weight:600;color:#1f2937;">Nome</th><td style="padding:3px 5px;border-bottom:1px solid #e5e7eb;font-size:11px;color:#111827;">Praça Santo Eduardo, Av Guilherme Cotching (Canteriro central)</td></tr><tr><th style="padding:3px 5px;text-align:left;background:#f3f4f6;border-bottom:1px solid #d1d5db;width:30%;font-size:11px;font-weight:600;color:#1f2937;">Logradouro</th><td style="padding:3px 5px;border-bottom:1px solid #e5e7eb;font-size:11px;color:#111827;">R Curuca</td></tr><tr><th style="padding:3px 5px;text-align:left;background:#f3f4f6;border-bottom:1px solid #d1d5db;width:30%;font-size:11px;font-weight:600;color:#1f2937;">Subprefeitura</th><td style="padding:3px 5px;border-bottom:1px solid #e5e7eb;font-size:11px;color:#111827;">Vila Maria / Vila Guilherme</td></tr><tr><th style="padding:3px 5px;text-align:left;background:#f3f4f6;border-bottom:1px solid #d1d5db;width:30%;font-size:11px;font-weight:600;color:#1f2937;">Turno</th><td style="padding:3px 5px;border-bottom:1px solid #e5e7eb;font-size:11px;color:#111827;">Diurno</td></tr><tr><th style="padding:3px 5px;text-align:left;background:#f3f4f6;border-bottom:1px solid #d1d5db;width:30%;font-size:11px;font-weight:600;color:#1f2937;">Frequência</th><td style="padding:3px 5px;border-bottom:1px solid #e5e7eb;font-size:11px;color:#111827;">Alternada de Segunda/Quarta/Sexta</td></tr><tr><th style="padding:3px 5px;text-align:left;background:#f3f4f6;border-bottom:1px solid #d1d5db;width:30%;font-size:11px;font-weight:600;color:#1f2937;">Cronograma</th><td style="padding:3px 5px;border-bottom:1px solid #e5e7eb;font-size:11px;color:#111827;">—</td></tr></table>]]></description><Polygon><outerBoundaryIs><LinearRing><coordinates>-46.5863100,-23.5139900,0 -46.5861100,-23.5141500,0 -46.5860000,-23.5142700,0 -46.5859200,-23.5144100,0 -46.5858400,-23.5147100,0 -46.5858500,-23.5148700,0 -46.5858800,-23.5150200,0 -46.5859500,-23.5151700,0 -46.5866100,-23.5160300,0 -46.5868600,-23.5162500,0 -46.5870100,-23.5163200,0 -46.5873400,-23.5164000,0 -46.5876800,-23.5163700,0 -46.5878400,-23.5163100,0 -46.5880700,-23.5161700,0 -46.5881900,-23.5160700,0 -46.5883000,-23.5159500,0 -46.5884400,-23.5156600,0 -46.5884600,-23.5155100,0 -46.5884500,-23.5152900,0 -46.5884100,-23.5151400,0 -46.5882800,-23.5149200,0 -46.5877000,-23.5141800,0 -46.5875900,-23.5140600,0 -46.5874500,-23.5139600,0 -46.5873100,-23.5138900,0 -46.5869700,-23.5138100,0 -46.5868000,-23.5138100,0 -46.5866400,-23.5138400,0 -46.5863100,-23.5139900,0</coordinates></LinearRing></outerBoundaryIs></Polygon></Placemark>
<Style id="s-VP-60">
<LineStyle><color>ffebce87</color><width>2.0</width></LineStyle>
<PolyStyle><color>ffebce87</color></PolyStyle>
<IconStyle><color>ffebce87</color><scale>0.55</scale>
<Icon><href>http://maps.google.com/mapfiles/kml/shapes/placemark_circle.png</href></Icon>
</IconStyle>
<LabelStyle><scale>0.65</scale></LabelStyle>
</Style><Placemark><name>Praça do Imigrante Boliviano</name><styleUrl>#s-VP-60</styleUrl><description><![CDATA[<table style="border-collapse:collapse;width:100%;font-family:'Helvetica Neue',Helvetica,Arial,sans-serif;font-size:11px;border:1px solid #e5e7eb;border-radius:8px;overflow:hidden;"><tr><th colspan="2" style="padding:5px 8px;background:#1f6feb;color:#fff;text-align:left;font-size:12px;font-weight:600;">Praça do Imigrante Boliviano</th></tr><tr><th style="padding:3px 5px;text-align:left;background:#f3f4f6;border-bottom:1px solid #d1d5db;width:30%;font-size:11px;font-weight:600;color:#1f2937;">Serviço</th><td style="padding:3px 5px;border-bottom:1px solid #e5e7eb;font-size:11px;color:#111827;">Varrição de Praças (VP)</td></tr><tr><th style="padding:3px 5px;text-align:left;background:#f3f4f6;border-bottom:1px solid #d1d5db;width:30%;font-size:11px;font-weight:600;color:#1f2937;">Setor</th><td style="padding:3px 5px;border-bottom:1px solid #e5e7eb;font-size:11px;color:#111827;">MG10203VP0025</td></tr><tr><th style="padding:3px 5px;text-align:left;background:#f3f4f6;border-bottom:1px solid #d1d5db;width:30%;font-size:11px;font-weight:600;color:#1f2937;">Tipo de Serviço</th><td style="padding:3px 5px;border-bottom:1px solid #e5e7eb;font-size:11px;color:#111827;">Varrição de Praças</td></tr><tr><th style="padding:3px 5px;text-align:left;background:#f3f4f6;border-bottom:1px solid #d1d5db;width:30%;font-size:11px;font-weight:600;color:#1f2937;">Nome</th><td style="padding:3px 5px;border-bottom:1px solid #e5e7eb;font-size:11px;color:#111827;">Praça do Imigrante Boliviano</td></tr><tr><th style="padding:3px 5px;text-align:left;background:#f3f4f6;border-bottom:1px solid #d1d5db;width:30%;font-size:11px;font-weight:600;color:#1f2937;">Logradouro</th><td style="padding:3px 5px;border-bottom:1px solid #e5e7eb;font-size:11px;color:#111827;">R Porangatu</td></tr><tr><th style="padding:3px 5px;text-align:left;background:#f3f4f6;border-bottom:1px solid #d1d5db;width:30%;font-size:11px;font-weight:600;color:#1f2937;">Subprefeitura</th><td style="padding:3px 5px;border-bottom:1px solid #e5e7eb;font-size:11px;color:#111827;">Vila Maria / Vila Guilherme</td></tr><tr><th style="padding:3px 5px;text-align:left;background:#f3f4f6;border-bottom:1px solid #d1d5db;width:30%;font-size:11px;font-weight:600;color:#1f2937;">Turno</th><td style="padding:3px 5px;border-bottom:1px solid #e5e7eb;font-size:11px;color:#111827;">Diurno</td></tr><tr><th style="padding:3px 5px;text-align:left;background:#f3f4f6;border-bottom:1px solid #d1d5db;width:30%;font-size:11px;font-weight:600;color:#1f2937;">Frequência</th><td style="padding:3px 5px;border-bottom:1px solid #e5e7eb;font-size:11px;color:#111827;">Alternada de Terça/Quinta/Sábado</td></tr><tr><th style="padding:3px 5px;text-align:left;background:#f3f4f6;border-bottom:1px solid #d1d5db;width:30%;font-size:11px;font-weight:600;color:#1f2937;">Cronograma</th><td style="padding:3px 5px;border-bottom:1px solid #e5e7eb;font-size:11px;color:#111827;">—</td></tr></table>]]></description><Polygon><outerBoundaryIs><LinearRing><coordinates>-46.5882100,-23.5058300,0 -46.5882900,-23.5060200,0 -46.5883700,-23.5061500,0 -46.5884800,-23.5062800,0 -46.5886000,-23.5063800,0 -46.5887500,-23.5064700,0 -46.5889000,-23.5065300,0 -46.5890700,-23.5065600,0 -46.5894100,-23.5065400,0 -46.5895700,-23.5065000,0 -46.5897300,-23.5064200,0 -46.5904000,-23.5060100,0 -46.5908400,-23.5056300,0 -46.5910700,-23.5053800,0 -46.5911900,-23.5050900,0 -46.5912100,-23.5049300,0 -46.5912000,-23.5047500,0 -46.5911600,-23.5046000,0 -46.5909800,-23.5043300,0 -46.5908600,-23.5042200,0 -46.5905700,-23.5040600,0 -46.5903000,-23.5040000,0 -46.5900400,-23.5040000,0 -46.5898400,-23.5040400,0 -46.5896600,-23.5041000,0 -46.5894600,-23.5042100,0 -46.5891100,-23.5044900,0 -46.5889600,-23.5045800,0 -46.5886400,-23.5046900,0 -46.5883700,-23.5048900,0 -46.5881900,-23.5051600,0 -46.5881500,-23.5053100,0 -46.5881300,-23.5054600,0 -46.5881400,-23.5056200,0 -46.5882100,-23.5058300,0</coordinates></LinearRing></outerBoundaryIs></Polygon></Placemark>
<Style id="s-VP-61">
<LineStyle><color>ffebce87</color><width>2.0</width></LineStyle>
<PolyStyle><color>ffebce87</color></PolyStyle>
<IconStyle><color>ffebce87</color><scale>0.55</scale>
<Icon><href>http://maps.google.com/mapfiles/kml/shapes/placemark_circle.png</href></Icon>
</IconStyle>
<LabelStyle><scale>0.65</scale></LabelStyle>
</Style><Placemark><name>Praça Carauari</name><styleUrl>#s-VP-61</styleUrl><description><![CDATA[<table style="border-collapse:collapse;width:100%;font-family:'Helvetica Neue',Helvetica,Arial,sans-serif;font-size:11px;border:1px solid #e5e7eb;border-radius:8px;overflow:hidden;"><tr><th colspan="2" style="padding:5px 8px;background:#1f6feb;color:#fff;text-align:left;font-size:12px;font-weight:600;">Praça Carauari</th></tr><tr><th style="padding:3px 5px;text-align:left;background:#f3f4f6;border-bottom:1px solid #d1d5db;width:30%;font-size:11px;font-weight:600;color:#1f2937;">Serviço</th><td style="padding:3px 5px;border-bottom:1px solid #e5e7eb;font-size:11px;color:#111827;">Varrição de Praças (VP)</td></tr><tr><th style="padding:3px 5px;text-align:left;background:#f3f4f6;border-bottom:1px solid #d1d5db;width:30%;font-size:11px;font-weight:600;color:#1f2937;">Setor</th><td style="padding:3px 5px;border-bottom:1px solid #e5e7eb;font-size:11px;color:#111827;">MG10203VP0026</td></tr><tr><th style="padding:3px 5px;text-align:left;background:#f3f4f6;border-bottom:1px solid #d1d5db;width:30%;font-size:11px;font-weight:600;color:#1f2937;">Tipo de Serviço</th><td style="padding:3px 5px;border-bottom:1px solid #e5e7eb;font-size:11px;color:#111827;">Varrição de Praças</td></tr><tr><th style="padding:3px 5px;text-align:left;background:#f3f4f6;border-bottom:1px solid #d1d5db;width:30%;font-size:11px;font-weight:600;color:#1f2937;">Nome</th><td style="padding:3px 5px;border-bottom:1px solid #e5e7eb;font-size:11px;color:#111827;">Praça Carauari</td></tr><tr><th style="padding:3px 5px;text-align:left;background:#f3f4f6;border-bottom:1px solid #d1d5db;width:30%;font-size:11px;font-weight:600;color:#1f2937;">Logradouro</th><td style="padding:3px 5px;border-bottom:1px solid #e5e7eb;font-size:11px;color:#111827;">R Sta Inacia</td></tr><tr><th style="padding:3px 5px;text-align:left;background:#f3f4f6;border-bottom:1px solid #d1d5db;width:30%;font-size:11px;font-weight:600;color:#1f2937;">Subprefeitura</th><td style="padding:3px 5px;border-bottom:1px solid #e5e7eb;font-size:11px;color:#111827;">Vila Maria / Vila Guilherme</td></tr><tr><th style="padding:3px 5px;text-align:left;background:#f3f4f6;border-bottom:1px solid #d1d5db;width:30%;font-size:11px;font-weight:600;color:#1f2937;">Turno</th><td style="padding:3px 5px;border-bottom:1px solid #e5e7eb;font-size:11px;color:#111827;">Diurno</td></tr><tr><th style="padding:3px 5px;text-align:left;background:#f3f4f6;border-bottom:1px solid #d1d5db;width:30%;font-size:11px;font-weight:600;color:#1f2937;">Frequência</th><td style="padding:3px 5px;border-bottom:1px solid #e5e7eb;font-size:11px;color:#111827;">Alternada de Terça/Quinta/Sábado</td></tr><tr><th style="padding:3px 5px;text-align:left;background:#f3f4f6;border-bottom:1px solid #d1d5db;width:30%;font-size:11px;font-weight:600;color:#1f2937;">Cronograma</th><td style="padding:3px 5px;border-bottom:1px solid #e5e7eb;font-size:11px;color:#111827;">—</td></tr></table>]]></description><Polygon><outerBoundaryIs><LinearRing><coordinates>-46.5847900,-23.5091200,0 -46.5850100,-23.5091500,0 -46.5852700,-23.5091400,0 -46.5853900,-23.5091200,0 -46.5857100,-23.5089900,0 -46.5858500,-23.5088800,0 -46.5860200,-23.5087000,0 -46.5861500,-23.5084400,0 -46.5861900,-23.5082600,0 -46.5861700,-23.5080000,0 -46.5860600,-23.5075100,0 -46.5860000,-23.5073600,0 -46.5859200,-23.5072200,0 -46.5858100,-23.5071000,0 -46.5855400,-23.5069100,0 -46.5853800,-23.5068600,0 -46.5850400,-23.5068200,0 -46.5848700,-23.5068500,0 -46.5845600,-23.5069700,0 -46.5844800,-23.5070200,0 -46.5841300,-23.5073400,0 -46.5839400,-23.5076200,0 -46.5838800,-23.5077600,0 -46.5838300,-23.5080300,0 -46.5838400,-23.5082700,0 -46.5838800,-23.5084200,0 -46.5840100,-23.5086500,0 -46.5841700,-23.5088200,0 -46.5842800,-23.5089000,0 -46.5844900,-23.5090200,0 -46.5847900,-23.5091200,0</coordinates></LinearRing></outerBoundaryIs></Polygon></Placemark>
<Style id="s-VP-62">
<LineStyle><color>ffebce87</color><width>2.0</width></LineStyle>
<PolyStyle><color>ffebce87</color></PolyStyle>
<IconStyle><color>ffebce87</color><scale>0.55</scale>
<Icon><href>http://maps.google.com/mapfiles/kml/shapes/placemark_circle.png</href></Icon>
</IconStyle>
<LabelStyle><scale>0.65</scale></LabelStyle>
</Style><Placemark><name>Praça Gomes Figueiredo</name><styleUrl>#s-VP-62</styleUrl><description><![CDATA[<table style="border-collapse:collapse;width:100%;font-family:'Helvetica Neue',Helvetica,Arial,sans-serif;font-size:11px;border:1px solid #e5e7eb;border-radius:8px;overflow:hidden;"><tr><th colspan="2" style="padding:5px 8px;background:#1f6feb;color:#fff;text-align:left;font-size:12px;font-weight:600;">Praça Gomes Figueiredo</th></tr><tr><th style="padding:3px 5px;text-align:left;background:#f3f4f6;border-bottom:1px solid #d1d5db;width:30%;font-size:11px;font-weight:600;color:#1f2937;">Serviço</th><td style="padding:3px 5px;border-bottom:1px solid #e5e7eb;font-size:11px;color:#111827;">Varrição de Praças (VP)</td></tr><tr><th style="padding:3px 5px;text-align:left;background:#f3f4f6;border-bottom:1px solid #d1d5db;width:30%;font-size:11px;font-weight:600;color:#1f2937;">Setor</th><td style="padding:3px 5px;border-bottom:1px solid #e5e7eb;font-size:11px;color:#111827;">MG10203VP0027</td></tr><tr><th style="padding:3px 5px;text-align:left;background:#f3f4f6;border-bottom:1px solid #d1d5db;width:30%;font-size:11px;font-weight:600;color:#1f2937;">Tipo de Serviço</th><td style="padding:3px 5px;border-bottom:1px solid #e5e7eb;font-size:11px;color:#111827;">Varrição de Praças</td></tr><tr><th style="padding:3px 5px;text-align:left;background:#f3f4f6;border-bottom:1px solid #d1d5db;width:30%;font-size:11px;font-weight:600;color:#1f2937;">Nome</th><td style="padding:3px 5px;border-bottom:1px solid #e5e7eb;font-size:11px;color:#111827;">Praça Gomes Figueiredo</td></tr><tr><th style="padding:3px 5px;text-align:left;background:#f3f4f6;border-bottom:1px solid #d1d5db;width:30%;font-size:11px;font-weight:600;color:#1f2937;">Logradouro</th><td style="padding:3px 5px;border-bottom:1px solid #e5e7eb;font-size:11px;color:#111827;">R Vianopolis</td></tr><tr><th style="padding:3px 5px;text-align:left;background:#f3f4f6;border-bottom:1px solid #d1d5db;width:30%;font-size:11px;font-weight:600;color:#1f2937;">Subprefeitura</th><td style="padding:3px 5px;border-bottom:1px solid #e5e7eb;font-size:11px;color:#111827;">Vila Maria / Vila Guilherme</td></tr><tr><th style="padding:3px 5px;text-align:left;background:#f3f4f6;border-bottom:1px solid #d1d5db;width:30%;font-size:11px;font-weight:600;color:#1f2937;">Turno</th><td style="padding:3px 5px;border-bottom:1px solid #e5e7eb;font-size:11px;color:#111827;">Diurno</td></tr><tr><th style="padding:3px 5px;text-align:left;background:#f3f4f6;border-bottom:1px solid #d1d5db;width:30%;font-size:11px;font-weight:600;color:#1f2937;">Frequência</th><td style="padding:3px 5px;border-bottom:1px solid #e5e7eb;font-size:11px;color:#111827;">Alternada de Terça/Quinta/Sábado</td></tr><tr><th style="padding:3px 5px;text-align:left;background:#f3f4f6;border-bottom:1px solid #d1d5db;width:30%;font-size:11px;font-weight:600;color:#1f2937;">Cronograma</th><td style="padding:3px 5px;border-bottom:1px solid #e5e7eb;font-size:11px;color:#111827;">—</td></tr></table>]]></description><Polygon><outerBoundaryIs><LinearRing><coordinates>-46.5831100,-23.5072400,0 -46.5825500,-23.5030300,0 -46.5832400,-23.5071900,0 -46.5825300,-23.5030400,0 -46.5832400,-23.5071900,0 -46.5823800,-23.5030800,0 -46.5833100,-23.5071700,0 -46.5823400,-23.5030900,0 -46.5833200,-23.5071600,0 -46.5822100,-23.5031500,0 -46.5833500,-23.5071500,0 -46.5821900,-23.5031600,0 -46.5833500,-23.5071500,0 -46.5820500,-23.5032500,0 -46.5835000,-23.5071000,0 -46.5820400,-23.5032600,0 -46.5836100,-23.5070600,0 -46.5820200,-23.5032700,0 -46.5836200,-23.5070600,0 -46.5819100,-23.5033700,0 -46.5837300,-23.5070200,0 -46.5819000,-23.5033800,0 -46.5838100,-23.5069900,0 -46.5818700,-23.5034300,0 -46.5838200,-23.5069800,0 -46.5818600,-23.5034400,0 -46.5839700,-23.5069000,0 -46.5818500,-23.5034500,0 -46.5841000,-23.5068000,0 -46.5818400,-23.5034600,0 -46.5842100,-23.5066800,0 -46.5817600,-23.5035900,0 -46.5842900,-23.5065400,0 -46.5817400,-23.5036300,0 -46.5843300,-23.5064400,0 -46.5817300,-23.5036400,0 -46.5843400,-23.5064300,0 -46.5816900,-23.5037700,0 -46.5843700,-23.5062700,0 -46.5816800,-23.5037900,0 -46.5843800,-23.5061600,0 -46.5816700,-23.5038500,0 -46.5843700,-23.5060600,0 -46.5816700,-23.5038600,0 -46.5843500,-23.5058600,0 -46.5816500,-23.5039500,0 -46.5843500,-23.5058600,0 -46.5816500,-23.5039600,0 -46.5843200,-23.5056500,0 -46.5816500,-23.5041200,0 -46.5843200,-23.5056400,0 -46.5816800,-23.5042400,0 -46.5842900,-23.5054300,0 -46.5817000,-23.5043200,0 -46.5842900,-23.5053900,0 -46.5817000,-23.5043500,0 -46.5842600,-23.5052600,0 -46.5817100,-23.5043800,0 -46.5842500,-23.5052200,0 -46.5817700,-23.5045200,0 -46.5842300,-23.5051400,0 -46.5818600,-23.5046600,0 -46.5842300,-23.5051300,0 -46.5819700,-23.5047800,0 -46.5842000,-23.5049900,0 -46.5821000,-23.5048800,0 -46.5841900,-23.5049600,0 -46.5822500,-23.5049600,0 -46.5841300,-23.5047500,0 -46.5824100,-23.5050100,0 -46.5841000,-23.5046300,0 -46.5825800,-23.5050300,0 -46.5840900,-23.5046200,0 -46.5827500,-23.5050300,0 -46.5840400,-23.5044200,0 -46.5829100,-23.5050100,0 -46.5840400,-23.5044100,0 -46.5831700,-23.5049400,0 -46.5839800,-23.5042400,0 -46.5833300,-23.5048900,0 -46.5839400,-23.5040400,0 -46.5834800,-23.5048100,0 -46.5839000,-23.5039300,0 -46.5836100,-23.5047100,0 -46.5838400,-23.5037700,0 -46.5837200,-23.5045900,0 -46.5837600,-23.5036300,0 -46.5838000,-23.5044600,0 -46.5836700,-23.5035000,0 -46.5838600,-23.5043100,0 -46.5835500,-23.5033900,0 -46.5838900,-23.5041600,0 -46.5834100,-23.5033000,0 -46.5839000,-23.5040800,0 -46.5832500,-23.5032300,0 -46.5838800,-23.5039200,0 -46.5830900,-23.5031900,0 -46.5838400,-23.5037700,0 -46.5829200,-23.5031800,0 -46.5838200,-23.5037400,0 -46.5827500,-23.5031900,0 -46.5838000,-23.5036900,0 -46.5826600,-23.5032100,0 -46.5837300,-23.5035500,0 -46.5824100,-23.5032700,0 -46.5837100,-23.5035300,0 -46.5822500,-23.5033200,0 -46.5836600,-23.5034600,0 -46.5821000,-23.5034000,0 -46.5835700,-23.5033500,0 -46.5819700,-23.5035000,0 -46.5834500,-23.5032400,0 -46.5818600,-23.5036200,0 -46.5834400,-23.5032300,0 -46.5817700,-23.5037600,0 -46.5833000,-23.5031400,0 -46.5817100,-23.5039100,0 -46.5832400,-23.5031100,0 -46.5816800,-23.5040600,0 -46.5832200,-23.5031100,0 -46.5816800,-23.5042200,0 -46.5830600,-23.5030500,0 -46.5817100,-23.5043700,0 -46.5829000,-23.5030200,0 -46.5817100,-23.5043700,0 -46.5828800,-23.5030200,0 -46.5817800,-23.5046000,0 -46.5828700,-23.5030200,0 -46.5817800,-23.5046000,0 -46.5828600,-23.5030200,0 -46.5818200,-23.5047400,0 -46.5826800,-23.5030200,0 -46.5818500,-23.5048700,0 -46.5826000,-23.5030300,0 -46.5818700,-23.5049500,0 -46.5825800,-23.5030300,0 -46.5818900,-23.5050400,0 -46.5825500,-23.5030300,0 -46.5819000,-23.5051200,0 -46.5819200,-23.5053500,0 -46.5819100,-23.5057200,0 -46.5817900,-23.5063000,0 -46.5817900,-23.5064800,0 -46.5818300,-23.5066400,0 -46.5819700,-23.5069200,0 -46.5822200,-23.5071400,0 -46.5823700,-23.5072100,0 -46.5827000,-23.5072900,0 -46.5828700,-23.5072900,0 -46.5831100,-23.5072400,0</coordinates></LinearRing></outerBoundaryIs></Polygon></Placemark>
<Style id="s-VP-63">
<LineStyle><color>ffebce87</color><width>2.0</width></LineStyle>
<PolyStyle><color>ffebce87</color></PolyStyle>
<IconStyle><color>ffebce87</color><scale>0.55</scale>
<Icon><href>http://maps.google.com/mapfiles/kml/shapes/placemark_circle.png</href></Icon>
</IconStyle>
<LabelStyle><scale>0.65</scale></LabelStyle>
</Style><Placemark><name>Praça Chiba</name><styleUrl>#s-VP-63</styleUrl><description><![CDATA[<table style="border-collapse:collapse;width:100%;font-family:'Helvetica Neue',Helvetica,Arial,sans-serif;font-size:11px;border:1px solid #e5e7eb;border-radius:8px;overflow:hidden;"><tr><th colspan="2" style="padding:5px 8px;background:#1f6feb;color:#fff;text-align:left;font-size:12px;font-weight:600;">Praça Chiba</th></tr><tr><th style="padding:3px 5px;text-align:left;background:#f3f4f6;border-bottom:1px solid #d1d5db;width:30%;font-size:11px;font-weight:600;color:#1f2937;">Serviço</th><td style="padding:3px 5px;border-bottom:1px solid #e5e7eb;font-size:11px;color:#111827;">Varrição de Praças (VP)</td></tr><tr><th style="padding:3px 5px;text-align:left;background:#f3f4f6;border-bottom:1px solid #d1d5db;width:30%;font-size:11px;font-weight:600;color:#1f2937;">Setor</th><td style="padding:3px 5px;border-bottom:1px solid #e5e7eb;font-size:11px;color:#111827;">MG10203VP0028</td></tr><tr><th style="padding:3px 5px;text-align:left;background:#f3f4f6;border-bottom:1px solid #d1d5db;width:30%;font-size:11px;font-weight:600;color:#1f2937;">Tipo de Serviço</th><td style="padding:3px 5px;border-bottom:1px solid #e5e7eb;font-size:11px;color:#111827;">Varrição de Praças</td></tr><tr><th style="padding:3px 5px;text-align:left;background:#f3f4f6;border-bottom:1px solid #d1d5db;width:30%;font-size:11px;font-weight:600;color:#1f2937;">Nome</th><td style="padding:3px 5px;border-bottom:1px solid #e5e7eb;font-size:11px;color:#111827;">Praça Chiba</td></tr><tr><th style="padding:3px 5px;text-align:left;background:#f3f4f6;border-bottom:1px solid #d1d5db;width:30%;font-size:11px;font-weight:600;color:#1f2937;">Logradouro</th><td style="padding:3px 5px;border-bottom:1px solid #e5e7eb;font-size:11px;color:#111827;">Av das Cerejeiras</td></tr><tr><th style="padding:3px 5px;text-align:left;background:#f3f4f6;border-bottom:1px solid #d1d5db;width:30%;font-size:11px;font-weight:600;color:#1f2937;">Subprefeitura</th><td style="padding:3px 5px;border-bottom:1px solid #e5e7eb;font-size:11px;color:#111827;">Vila Maria / Vila Guilherme</td></tr><tr><th style="padding:3px 5px;text-align:left;background:#f3f4f6;border-bottom:1px solid #d1d5db;width:30%;font-size:11px;font-weight:600;color:#1f2937;">Turno</th><td style="padding:3px 5px;border-bottom:1px solid #e5e7eb;font-size:11px;color:#111827;">Diurno</td></tr><tr><th style="padding:3px 5px;text-align:left;background:#f3f4f6;border-bottom:1px solid #d1d5db;width:30%;font-size:11px;font-weight:600;color:#1f2937;">Frequência</th><td style="padding:3px 5px;border-bottom:1px solid #e5e7eb;font-size:11px;color:#111827;">Alternada de Terça/Quinta/Sábado</td></tr><tr><th style="padding:3px 5px;text-align:left;background:#f3f4f6;border-bottom:1px solid #d1d5db;width:30%;font-size:11px;font-weight:600;color:#1f2937;">Cronograma</th><td style="padding:3px 5px;border-bottom:1px solid #e5e7eb;font-size:11px;color:#111827;">—</td></tr></table>]]></description><Polygon><outerBoundaryIs><LinearRing><coordinates>-46.5814500,-23.5081000,0 -46.5814000,-23.5079300,0 -46.5812900,-23.5077400,0 -46.5811900,-23.5076100,0 -46.5809200,-23.5074200,0 -46.5807600,-23.5073600,0 -46.5806000,-23.5073300,0 -46.5804200,-23.5073200,0 -46.5802600,-23.5073400,0 -46.5800900,-23.5073900,0 -46.5799400,-23.5074600,0 -46.5798400,-23.5075200,0 -46.5796300,-23.5077000,0 -46.5795300,-23.5078300,0 -46.5794100,-23.5081200,0 -46.5794100,-23.5084300,0 -46.5794500,-23.5085800,0 -46.5795200,-23.5087200,0 -46.5797400,-23.5089700,0 -46.5800300,-23.5091300,0 -46.5803700,-23.5092100,0 -46.5805400,-23.5092200,0 -46.5808800,-23.5091500,0 -46.5811600,-23.5089800,0 -46.5812800,-23.5088600,0 -46.5813700,-23.5087300,0 -46.5814300,-23.5085900,0 -46.5814700,-23.5084300,0 -46.5814800,-23.5083200,0 -46.5814500,-23.5081000,0</coordinates></LinearRing></outerBoundaryIs></Polygon></Placemark>
<Style id="s-VP-64">
<LineStyle><color>ffebce87</color><width>2.0</width></LineStyle>
<PolyStyle><color>ffebce87</color></PolyStyle>
<IconStyle><color>ffebce87</color><scale>0.55</scale>
<Icon><href>http://maps.google.com/mapfiles/kml/shapes/placemark_circle.png</href></Icon>
</IconStyle>
<LabelStyle><scale>0.65</scale></LabelStyle>
</Style><Placemark><name>Praça Nirvana</name><styleUrl>#s-VP-64</styleUrl><description><![CDATA[<table style="border-collapse:collapse;width:100%;font-family:'Helvetica Neue',Helvetica,Arial,sans-serif;font-size:11px;border:1px solid #e5e7eb;border-radius:8px;overflow:hidden;"><tr><th colspan="2" style="padding:5px 8px;background:#1f6feb;color:#fff;text-align:left;font-size:12px;font-weight:600;">Praça Nirvana</th></tr><tr><th style="padding:3px 5px;text-align:left;background:#f3f4f6;border-bottom:1px solid #d1d5db;width:30%;font-size:11px;font-weight:600;color:#1f2937;">Serviço</th><td style="padding:3px 5px;border-bottom:1px solid #e5e7eb;font-size:11px;color:#111827;">Varrição de Praças (VP)</td></tr><tr><th style="padding:3px 5px;text-align:left;background:#f3f4f6;border-bottom:1px solid #d1d5db;width:30%;font-size:11px;font-weight:600;color:#1f2937;">Setor</th><td style="padding:3px 5px;border-bottom:1px solid #e5e7eb;font-size:11px;color:#111827;">MG10203VP0029</td></tr><tr><th style="padding:3px 5px;text-align:left;background:#f3f4f6;border-bottom:1px solid #d1d5db;width:30%;font-size:11px;font-weight:600;color:#1f2937;">Tipo de Serviço</th><td style="padding:3px 5px;border-bottom:1px solid #e5e7eb;font-size:11px;color:#111827;">Varrição de Praças</td></tr><tr><th style="padding:3px 5px;text-align:left;background:#f3f4f6;border-bottom:1px solid #d1d5db;width:30%;font-size:11px;font-weight:600;color:#1f2937;">Nome</th><td style="padding:3px 5px;border-bottom:1px solid #e5e7eb;font-size:11px;color:#111827;">Praça Nirvana</td></tr><tr><th style="padding:3px 5px;text-align:left;background:#f3f4f6;border-bottom:1px solid #d1d5db;width:30%;font-size:11px;font-weight:600;color:#1f2937;">Logradouro</th><td style="padding:3px 5px;border-bottom:1px solid #e5e7eb;font-size:11px;color:#111827;">R das Gueixas</td></tr><tr><th style="padding:3px 5px;text-align:left;background:#f3f4f6;border-bottom:1px solid #d1d5db;width:30%;font-size:11px;font-weight:600;color:#1f2937;">Subprefeitura</th><td style="padding:3px 5px;border-bottom:1px solid #e5e7eb;font-size:11px;color:#111827;">Vila Maria / Vila Guilherme</td></tr><tr><th style="padding:3px 5px;text-align:left;background:#f3f4f6;border-bottom:1px solid #d1d5db;width:30%;font-size:11px;font-weight:600;color:#1f2937;">Turno</th><td style="padding:3px 5px;border-bottom:1px solid #e5e7eb;font-size:11px;color:#111827;">Diurno</td></tr><tr><th style="padding:3px 5px;text-align:left;background:#f3f4f6;border-bottom:1px solid #d1d5db;width:30%;font-size:11px;font-weight:600;color:#1f2937;">Frequência</th><td style="padding:3px 5px;border-bottom:1px solid #e5e7eb;font-size:11px;color:#111827;">Alternada de Terça/Quinta/Sábado</td></tr><tr><th style="padding:3px 5px;text-align:left;background:#f3f4f6;border-bottom:1px solid #d1d5db;width:30%;font-size:11px;font-weight:600;color:#1f2937;">Cronograma</th><td style="padding:3px 5px;border-bottom:1px solid #e5e7eb;font-size:11px;color:#111827;">—</td></tr></table>]]></description><Polygon><outerBoundaryIs><LinearRing><coordinates>-46.5777600,-23.5124000,0 -46.5780300,-23.5125900,0 -46.5783100,-23.5126800,0 -46.5785200,-23.5127000,0 -46.5786900,-23.5126800,0 -46.5789300,-23.5126200,0 -46.5791700,-23.5124900,0 -46.5794900,-23.5122200,0 -46.5796700,-23.5120300,0 -46.5798500,-23.5117700,0 -46.5799700,-23.5115200,0 -46.5800600,-23.5112000,0 -46.5800900,-23.5109900,0 -46.5800900,-23.5106900,0 -46.5800300,-23.5103700,0 -46.5800900,-23.5101000,0 -46.5801500,-23.5100100,0 -46.5804300,-23.5097800,0 -46.5806000,-23.5095700,0 -46.5806700,-23.5094400,0 -46.5807300,-23.5092700,0 -46.5807600,-23.5090700,0 -46.5807600,-23.5088600,0 -46.5806700,-23.5085200,0 -46.5805800,-23.5083400,0 -46.5804600,-23.5081900,0 -46.5803100,-23.5080500,0 -46.5802300,-23.5080000,0 -46.5800100,-23.5078900,0 -46.5796900,-23.5078100,0 -46.5793600,-23.5078000,0 -46.5791000,-23.5078400,0 -46.5787900,-23.5079600,0 -46.5785600,-23.5081000,0 -46.5783700,-23.5082700,0 -46.5782500,-23.5084300,0 -46.5782000,-23.5085200,0 -46.5781200,-23.5087700,0 -46.5779400,-23.5095000,0 -46.5779000,-23.5099200,0 -46.5779000,-23.5102400,0 -46.5779200,-23.5105200,0 -46.5779700,-23.5108400,0 -46.5777100,-23.5110800,0 -46.5776100,-23.5112100,0 -46.5775400,-23.5113200,0 -46.5774600,-23.5115500,0 -46.5774500,-23.5118000,0 -46.5775000,-23.5120200,0 -46.5775800,-23.5121800,0 -46.5777600,-23.5124000,0</coordinates></LinearRing></outerBoundaryIs></Polygon></Placemark>
<Style id="s-VP-65">
<LineStyle><color>ffebce87</color><width>2.0</width></LineStyle>
<PolyStyle><color>ffebce87</color></PolyStyle>
<IconStyle><color>ffebce87</color><scale>0.55</scale>
<Icon><href>http://maps.google.com/mapfiles/kml/shapes/placemark_circle.png</href></Icon>
</IconStyle>
<LabelStyle><scale>0.65</scale></LabelStyle>
</Style><Placemark><name>Ponte Vila Guilherme Alças e Canteiro</name><styleUrl>#s-VP-65</styleUrl><description><![CDATA[<table style="border-collapse:collapse;width:100%;font-family:'Helvetica Neue',Helvetica,Arial,sans-serif;font-size:11px;border:1px solid #e5e7eb;border-radius:8px;overflow:hidden;"><tr><th colspan="2" style="padding:5px 8px;background:#1f6feb;color:#fff;text-align:left;font-size:12px;font-weight:600;">Ponte Vila Guilherme Alças e Canteiro</th></tr><tr><th style="padding:3px 5px;text-align:left;background:#f3f4f6;border-bottom:1px solid #d1d5db;width:30%;font-size:11px;font-weight:600;color:#1f2937;">Serviço</th><td style="padding:3px 5px;border-bottom:1px solid #e5e7eb;font-size:11px;color:#111827;">Varrição de Praças (VP)</td></tr><tr><th style="padding:3px 5px;text-align:left;background:#f3f4f6;border-bottom:1px solid #d1d5db;width:30%;font-size:11px;font-weight:600;color:#1f2937;">Setor</th><td style="padding:3px 5px;border-bottom:1px solid #e5e7eb;font-size:11px;color:#111827;">MG10203VP0030</td></tr><tr><th style="padding:3px 5px;text-align:left;background:#f3f4f6;border-bottom:1px solid #d1d5db;width:30%;font-size:11px;font-weight:600;color:#1f2937;">Tipo de Serviço</th><td style="padding:3px 5px;border-bottom:1px solid #e5e7eb;font-size:11px;color:#111827;">Varrição de Praças</td></tr><tr><th style="padding:3px 5px;text-align:left;background:#f3f4f6;border-bottom:1px solid #d1d5db;width:30%;font-size:11px;font-weight:600;color:#1f2937;">Nome</th><td style="padding:3px 5px;border-bottom:1px solid #e5e7eb;font-size:11px;color:#111827;">Ponte Vila Guilherme Alças e Canteiro</td></tr><tr><th style="padding:3px 5px;text-align:left;background:#f3f4f6;border-bottom:1px solid #d1d5db;width:30%;font-size:11px;font-weight:600;color:#1f2937;">Logradouro</th><td style="padding:3px 5px;border-bottom:1px solid #e5e7eb;font-size:11px;color:#111827;">Ac Av Morvan Dias de Figueiredo</td></tr><tr><th style="padding:3px 5px;text-align:left;background:#f3f4f6;border-bottom:1px solid #d1d5db;width:30%;font-size:11px;font-weight:600;color:#1f2937;">Subprefeitura</th><td style="padding:3px 5px;border-bottom:1px solid #e5e7eb;font-size:11px;color:#111827;">Vila Maria / Vila Guilherme</td></tr><tr><th style="padding:3px 5px;text-align:left;background:#f3f4f6;border-bottom:1px solid #d1d5db;width:30%;font-size:11px;font-weight:600;color:#1f2937;">Turno</th><td style="padding:3px 5px;border-bottom:1px solid #e5e7eb;font-size:11px;color:#111827;">Diurno</td></tr><tr><th style="padding:3px 5px;text-align:left;background:#f3f4f6;border-bottom:1px solid #d1d5db;width:30%;font-size:11px;font-weight:600;color:#1f2937;">Frequência</th><td style="padding:3px 5px;border-bottom:1px solid #e5e7eb;font-size:11px;color:#111827;">Alternada de Terça/Quinta/Sábado</td></tr><tr><th style="padding:3px 5px;text-align:left;background:#f3f4f6;border-bottom:1px solid #d1d5db;width:30%;font-size:11px;font-weight:600;color:#1f2937;">Cronograma</th><td style="padding:3px 5px;border-bottom:1px solid #e5e7eb;font-size:11px;color:#111827;">—</td></tr></table>]]></description><Polygon><outerBoundaryIs><LinearRing><coordinates>-46.5944000,-23.5256700,0 -46.5942900,-23.5245400,0 -46.5958400,-23.5249100,0 -46.5944600,-23.5258000,0 -46.5942900,-23.5246300,0 -46.5957300,-23.5248000,0 -46.5945400,-23.5259400,0 -46.5943000,-23.5247800,0 -46.5955900,-23.5247000,0 -46.5945800,-23.5259900,0 -46.5943500,-23.5249300,0 -46.5954300,-23.5246300,0 -46.5953800,-23.5269700,0 -46.5944200,-23.5250800,0 -46.5952700,-23.5245900,0 -46.5954900,-23.5270900,0 -46.5945200,-23.5252000,0 -46.5951000,-23.5245700,0 -46.5956200,-23.5271900,0 -46.5946400,-23.5253100,0 -46.5949300,-23.5245800,0 -46.5957800,-23.5272600,0 -46.5947800,-23.5254000,0 -46.5947600,-23.5246200,0 -46.5959400,-23.5273100,0 -46.5949300,-23.5254900,0 -46.5946100,-23.5246800,0 -46.5961100,-23.5273300,0 -46.5950900,-23.5255500,0 -46.5944600,-23.5247700,0 -46.5962800,-23.5273300,0 -46.5952500,-23.5255900,0 -46.5943400,-23.5248700,0 -46.5964500,-23.5273000,0 -46.5954200,-23.5256100,0 -46.5942400,-23.5250000,0 -46.5965500,-23.5272600,0 -46.5955900,-23.5255900,0 -46.5941600,-23.5251400,0 -46.5975900,-23.5268500,0 -46.5957600,-23.5255600,0 -46.5941300,-23.5252300,0 -46.5977400,-23.5267800,0 -46.5959100,-23.5254900,0 -46.5937100,-23.5266500,0 -46.5978700,-23.5266800,0 -46.5960500,-23.5254000,0 -46.5936800,-23.5268000,0 -46.5979900,-23.5265600,0 -46.5961800,-23.5252900,0 -46.5936800,-23.5269600,0 -46.5980800,-23.5264300,0 -46.5962700,-23.5251600,0 -46.5937100,-23.5271100,0 -46.5981400,-23.5262800,0 -46.5963100,-23.5251000,0 -46.5937700,-23.5272600,0 -46.5981700,-23.5261300,0 -46.5966200,-23.5245100,0 -46.5938500,-23.5274000,0 -46.5981800,-23.5260300,0 -46.5966800,-23.5243600,0 -46.5939600,-23.5275200,0 -46.5981700,-23.5258700,0 -46.5967100,-23.5242100,0 -46.5941000,-23.5276200,0 -46.5981200,-23.5257200,0 -46.5967200,-23.5241200,0 -46.5942400,-23.5277000,0 -46.5980500,-23.5255800,0 -46.5967000,-23.5239700,0 -46.5944000,-23.5277500,0 -46.5979500,-23.5254500,0 -46.5966600,-23.5238100,0 -46.5945700,-23.5277800,0 -46.5978300,-23.5253400,0 -46.5965800,-23.5236700,0 -46.5947400,-23.5277800,0 -46.5976900,-23.5252500,0 -46.5964900,-23.5235400,0 -46.5949100,-23.5277500,0 -46.5975300,-23.5251800,0 -46.5963700,-23.5234300,0 -46.5949700,-23.5277400,0 -46.5974400,-23.5251600,0 -46.5962300,-23.5233400,0 -46.5962700,-23.5273300,0 -46.5973000,-23.5251200,0 -46.5960700,-23.5232800,0 -46.5964300,-23.5272700,0 -46.5972900,-23.5251200,0 -46.5959100,-23.5232400,0 -46.5965700,-23.5271800,0 -46.5967100,-23.5245700,0 -46.5957400,-23.5232200,0 -46.5966900,-23.5270800,0 -46.5965800,-23.5244700,0 -46.5955700,-23.5232400,0 -46.5968000,-23.5269500,0 -46.5965300,-23.5244300,0 -46.5954000,-23.5232800,0 -46.5968700,-23.5268100,0 -46.5959200,-23.5240800,0 -46.5952500,-23.5233400,0 -46.5969200,-23.5266600,0 -46.5957700,-23.5240100,0 -46.5951100,-23.5234300,0 -46.5969400,-23.5265000,0 -46.5956000,-23.5239700,0 -46.5950900,-23.5234500,0 -46.5969400,-23.5264800,0 -46.5954300,-23.5239500,0 -46.5947100,-23.5237500,0 -46.5969200,-23.5263300,0 -46.5952600,-23.5239600,0 -46.5945900,-23.5238700,0 -46.5968800,-23.5261700,0 -46.5950900,-23.5239900,0 -46.5945600,-23.5239100,0 -46.5968100,-23.5260300,0 -46.5949400,-23.5240500,0 -46.5944700,-23.5240200,0 -46.5967200,-23.5259200,0 -46.5947900,-23.5241400,0 -46.5943900,-23.5241600,0 -46.5958400,-23.5249100,0 -46.5946700,-23.5242500,0 -46.5943200,-23.5243000,0 -46.5945700,-23.5243700,0 -46.5942900,-23.5244600,0 -46.5945200,-23.5244400,0 -46.5942900,-23.5245400,0 -46.5944900,-23.5245000,0 -46.5943900,-23.5247900,0 -46.5943300,-23.5252100,0 -46.5943500,-23.5255200,0 -46.5944000,-23.5256700,0</coordinates></LinearRing></outerBoundaryIs></Polygon></Placemark>
<Style id="s-VP-66">
<LineStyle><color>ffebce87</color><width>2.0</width></LineStyle>
<PolyStyle><color>ffebce87</color></PolyStyle>
<IconStyle><color>ffebce87</color><scale>0.55</scale>
<Icon><href>http://maps.google.com/mapfiles/kml/shapes/placemark_circle.png</href></Icon>
</IconStyle>
<LabelStyle><scale>0.65</scale></LabelStyle>
</Style><Placemark><name>Av João Simão de Castro (Canteiro Central)</name><styleUrl>#s-VP-66</styleUrl><description><![CDATA[<table style="border-collapse:collapse;width:100%;font-family:'Helvetica Neue',Helvetica,Arial,sans-serif;font-size:11px;border:1px solid #e5e7eb;border-radius:8px;overflow:hidden;"><tr><th colspan="2" style="padding:5px 8px;background:#1f6feb;color:#fff;text-align:left;font-size:12px;font-weight:600;">Av João Simão de Castro (Canteiro Central)</th></tr><tr><th style="padding:3px 5px;text-align:left;background:#f3f4f6;border-bottom:1px solid #d1d5db;width:30%;font-size:11px;font-weight:600;color:#1f2937;">Serviço</th><td style="padding:3px 5px;border-bottom:1px solid #e5e7eb;font-size:11px;color:#111827;">Varrição de Praças (VP)</td></tr><tr><th style="padding:3px 5px;text-align:left;background:#f3f4f6;border-bottom:1px solid #d1d5db;width:30%;font-size:11px;font-weight:600;color:#1f2937;">Setor</th><td style="padding:3px 5px;border-bottom:1px solid #e5e7eb;font-size:11px;color:#111827;">MG10203VP0031</td></tr><tr><th style="padding:3px 5px;text-align:left;background:#f3f4f6;border-bottom:1px solid #d1d5db;width:30%;font-size:11px;font-weight:600;color:#1f2937;">Tipo de Serviço</th><td style="padding:3px 5px;border-bottom:1px solid #e5e7eb;font-size:11px;color:#111827;">Varrição de Praças</td></tr><tr><th style="padding:3px 5px;text-align:left;background:#f3f4f6;border-bottom:1px solid #d1d5db;width:30%;font-size:11px;font-weight:600;color:#1f2937;">Nome</th><td style="padding:3px 5px;border-bottom:1px solid #e5e7eb;font-size:11px;color:#111827;">Av João Simão de Castro (Canteiro Central)</td></tr><tr><th style="padding:3px 5px;text-align:left;background:#f3f4f6;border-bottom:1px solid #d1d5db;width:30%;font-size:11px;font-weight:600;color:#1f2937;">Logradouro</th><td style="padding:3px 5px;border-bottom:1px solid #e5e7eb;font-size:11px;color:#111827;">R Crisciuma</td></tr><tr><th style="padding:3px 5px;text-align:left;background:#f3f4f6;border-bottom:1px solid #d1d5db;width:30%;font-size:11px;font-weight:600;color:#1f2937;">Subprefeitura</th><td style="padding:3px 5px;border-bottom:1px solid #e5e7eb;font-size:11px;color:#111827;">Vila Maria / Vila Guilherme</td></tr><tr><th style="padding:3px 5px;text-align:left;background:#f3f4f6;border-bottom:1px solid #d1d5db;width:30%;font-size:11px;font-weight:600;color:#1f2937;">Turno</th><td style="padding:3px 5px;border-bottom:1px solid #e5e7eb;font-size:11px;color:#111827;">Diurno</td></tr><tr><th style="padding:3px 5px;text-align:left;background:#f3f4f6;border-bottom:1px solid #d1d5db;width:30%;font-size:11px;font-weight:600;color:#1f2937;">Frequência</th><td style="padding:3px 5px;border-bottom:1px solid #e5e7eb;font-size:11px;color:#111827;">Alternada de Terça/Quinta/Sábado</td></tr><tr><th style="padding:3px 5px;text-align:left;background:#f3f4f6;border-bottom:1px solid #d1d5db;width:30%;font-size:11px;font-weight:600;color:#1f2937;">Cronograma</th><td style="padding:3px 5px;border-bottom:1px solid #e5e7eb;font-size:11px;color:#111827;">—</td></tr></table>]]></description><Polygon><outerBoundaryIs><LinearRing><coordinates>-46.5724300,-23.4903400,0 -46.5738700,-23.4903500,0 -46.5740400,-23.4903100,0 -46.5741900,-23.4902500,0 -46.5743300,-23.4901600,0 -46.5744600,-23.4900500,0 -46.5745600,-23.4899300,0 -46.5746300,-23.4897900,0 -46.5746800,-23.4896300,0 -46.5747000,-23.4894800,0 -46.5746900,-23.4891600,0 -46.5745700,-23.4888700,0 -46.5744700,-23.4887400,0 -46.5743500,-23.4886300,0 -46.5740600,-23.4884700,0 -46.5738900,-23.4884300,0 -46.5724900,-23.4883700,0 -46.5723200,-23.4883800,0 -46.5719900,-23.4884800,0 -46.5718500,-23.4885600,0 -46.5716200,-23.4887900,0 -46.5715400,-23.4889300,0 -46.5714900,-23.4890800,0 -46.5714700,-23.4894200,0 -46.5714800,-23.4895700,0 -46.5715200,-23.4897200,0 -46.5715900,-23.4898700,0 -46.5716800,-23.4900000,0 -46.5718000,-23.4901100,0 -46.5720900,-23.4902700,0 -46.5722600,-23.4903200,0 -46.5724300,-23.4903400,0</coordinates></LinearRing></outerBoundaryIs></Polygon></Placemark>
<Style id="s-VP-67">
<LineStyle><color>ffebce87</color><width>2.0</width></LineStyle>
<PolyStyle><color>ffebce87</color></PolyStyle>
<IconStyle><color>ffebce87</color><scale>0.55</scale>
<Icon><href>http://maps.google.com/mapfiles/kml/shapes/placemark_circle.png</href></Icon>
</IconStyle>
<LabelStyle><scale>0.65</scale></LabelStyle>
</Style><Placemark><name>Avenida do Poeta (Canteiro Central)</name><styleUrl>#s-VP-67</styleUrl><description><![CDATA[<table style="border-collapse:collapse;width:100%;font-family:'Helvetica Neue',Helvetica,Arial,sans-serif;font-size:11px;border:1px solid #e5e7eb;border-radius:8px;overflow:hidden;"><tr><th colspan="2" style="padding:5px 8px;background:#1f6feb;color:#fff;text-align:left;font-size:12px;font-weight:600;">Avenida do Poeta (Canteiro Central)</th></tr><tr><th style="padding:3px 5px;text-align:left;background:#f3f4f6;border-bottom:1px solid #d1d5db;width:30%;font-size:11px;font-weight:600;color:#1f2937;">Serviço</th><td style="padding:3px 5px;border-bottom:1px solid #e5e7eb;font-size:11px;color:#111827;">Varrição de Praças (VP)</td></tr><tr><th style="padding:3px 5px;text-align:left;background:#f3f4f6;border-bottom:1px solid #d1d5db;width:30%;font-size:11px;font-weight:600;color:#1f2937;">Setor</th><td style="padding:3px 5px;border-bottom:1px solid #e5e7eb;font-size:11px;color:#111827;">MG10203VP0032</td></tr><tr><th style="padding:3px 5px;text-align:left;background:#f3f4f6;border-bottom:1px solid #d1d5db;width:30%;font-size:11px;font-weight:600;color:#1f2937;">Tipo de Serviço</th><td style="padding:3px 5px;border-bottom:1px solid #e5e7eb;font-size:11px;color:#111827;">Varrição de Praças</td></tr><tr><th style="padding:3px 5px;text-align:left;background:#f3f4f6;border-bottom:1px solid #d1d5db;width:30%;font-size:11px;font-weight:600;color:#1f2937;">Nome</th><td style="padding:3px 5px;border-bottom:1px solid #e5e7eb;font-size:11px;color:#111827;">Avenida do Poeta (Canteiro Central)</td></tr><tr><th style="padding:3px 5px;text-align:left;background:#f3f4f6;border-bottom:1px solid #d1d5db;width:30%;font-size:11px;font-weight:600;color:#1f2937;">Logradouro</th><td style="padding:3px 5px;border-bottom:1px solid #e5e7eb;font-size:11px;color:#111827;">Av do Poeta</td></tr><tr><th style="padding:3px 5px;text-align:left;background:#f3f4f6;border-bottom:1px solid #d1d5db;width:30%;font-size:11px;font-weight:600;color:#1f2937;">Subprefeitura</th><td style="padding:3px 5px;border-bottom:1px solid #e5e7eb;font-size:11px;color:#111827;">Vila Maria / Vila Guilherme</td></tr><tr><th style="padding:3px 5px;text-align:left;background:#f3f4f6;border-bottom:1px solid #d1d5db;width:30%;font-size:11px;font-weight:600;color:#1f2937;">Turno</th><td style="padding:3px 5px;border-bottom:1px solid #e5e7eb;font-size:11px;color:#111827;">Diurno</td></tr><tr><th style="padding:3px 5px;text-align:left;background:#f3f4f6;border-bottom:1px solid #d1d5db;width:30%;font-size:11px;font-weight:600;color:#1f2937;">Frequência</th><td style="padding:3px 5px;border-bottom:1px solid #e5e7eb;font-size:11px;color:#111827;">Alternada de Terça/Quinta/Sábado</td></tr><tr><th style="padding:3px 5px;text-align:left;background:#f3f4f6;border-bottom:1px solid #d1d5db;width:30%;font-size:11px;font-weight:600;color:#1f2937;">Cronograma</th><td style="padding:3px 5px;border-bottom:1px solid #e5e7eb;font-size:11px;color:#111827;">—</td></tr></table>]]></description><Polygon><outerBoundaryIs><LinearRing><coordinates>-46.5685900,-23.4921700,0 -46.5686900,-23.4922900,0 -46.5688200,-23.4924000,0 -46.5689600,-23.4924800,0 -46.5691200,-23.4925500,0 -46.5694600,-23.4925900,0 -46.5697900,-23.4925300,0 -46.5701100,-23.4923700,0 -46.5703500,-23.4921400,0 -46.5704300,-23.4920000,0 -46.5704800,-23.4918500,0 -46.5705100,-23.4916400,0 -46.5704900,-23.4914900,0 -46.5704200,-23.4912600,0 -46.5701700,-23.4907800,0 -46.5699800,-23.4905000,0 -46.5697600,-23.4902700,0 -46.5696200,-23.4901800,0 -46.5694600,-23.4901100,0 -46.5692900,-23.4900800,0 -46.5689500,-23.4900800,0 -46.5687900,-23.4901300,0 -46.5683600,-23.4903400,0 -46.5682300,-23.4904500,0 -46.5681300,-23.4905700,0 -46.5680500,-23.4907100,0 -46.5679700,-23.4910200,0 -46.5679800,-23.4911700,0 -46.5680200,-23.4913300,0 -46.5681800,-23.4916100,0 -46.5683100,-23.4917600,0 -46.5685900,-23.4921700,0</coordinates></LinearRing></outerBoundaryIs></Polygon></Placemark>
<Style id="s-VP-68">
<LineStyle><color>ffebce87</color><width>2.0</width></LineStyle>
<PolyStyle><color>ffebce87</color></PolyStyle>
<IconStyle><color>ffebce87</color><scale>0.55</scale>
<Icon><href>http://maps.google.com/mapfiles/kml/shapes/placemark_circle.png</href></Icon>
</IconStyle>
<LabelStyle><scale>0.65</scale></LabelStyle>
</Style><Placemark><name>Praça do Caminhoneiro</name><styleUrl>#s-VP-68</styleUrl><description><![CDATA[<table style="border-collapse:collapse;width:100%;font-family:'Helvetica Neue',Helvetica,Arial,sans-serif;font-size:11px;border:1px solid #e5e7eb;border-radius:8px;overflow:hidden;"><tr><th colspan="2" style="padding:5px 8px;background:#1f6feb;color:#fff;text-align:left;font-size:12px;font-weight:600;">Praça do Caminhoneiro</th></tr><tr><th style="padding:3px 5px;text-align:left;background:#f3f4f6;border-bottom:1px solid #d1d5db;width:30%;font-size:11px;font-weight:600;color:#1f2937;">Serviço</th><td style="padding:3px 5px;border-bottom:1px solid #e5e7eb;font-size:11px;color:#111827;">Varrição de Praças (VP)</td></tr><tr><th style="padding:3px 5px;text-align:left;background:#f3f4f6;border-bottom:1px solid #d1d5db;width:30%;font-size:11px;font-weight:600;color:#1f2937;">Setor</th><td style="padding:3px 5px;border-bottom:1px solid #e5e7eb;font-size:11px;color:#111827;">MG10203VP0033</td></tr><tr><th style="padding:3px 5px;text-align:left;background:#f3f4f6;border-bottom:1px solid #d1d5db;width:30%;font-size:11px;font-weight:600;color:#1f2937;">Tipo de Serviço</th><td style="padding:3px 5px;border-bottom:1px solid #e5e7eb;font-size:11px;color:#111827;">Varrição de Praças</td></tr><tr><th style="padding:3px 5px;text-align:left;background:#f3f4f6;border-bottom:1px solid #d1d5db;width:30%;font-size:11px;font-weight:600;color:#1f2937;">Nome</th><td style="padding:3px 5px;border-bottom:1px solid #e5e7eb;font-size:11px;color:#111827;">Praça do Caminhoneiro</td></tr><tr><th style="padding:3px 5px;text-align:left;background:#f3f4f6;border-bottom:1px solid #d1d5db;width:30%;font-size:11px;font-weight:600;color:#1f2937;">Logradouro</th><td style="padding:3px 5px;border-bottom:1px solid #e5e7eb;font-size:11px;color:#111827;">R Ac</td></tr><tr><th style="padding:3px 5px;text-align:left;background:#f3f4f6;border-bottom:1px solid #d1d5db;width:30%;font-size:11px;font-weight:600;color:#1f2937;">Subprefeitura</th><td style="padding:3px 5px;border-bottom:1px solid #e5e7eb;font-size:11px;color:#111827;">Vila Maria / Vila Guilherme</td></tr><tr><th style="padding:3px 5px;text-align:left;background:#f3f4f6;border-bottom:1px solid #d1d5db;width:30%;font-size:11px;font-weight:600;color:#1f2937;">Turno</th><td style="padding:3px 5px;border-bottom:1px solid #e5e7eb;font-size:11px;color:#111827;">Diurno</td></tr><tr><th style="padding:3px 5px;text-align:left;background:#f3f4f6;border-bottom:1px solid #d1d5db;width:30%;font-size:11px;font-weight:600;color:#1f2937;">Frequência</th><td style="padding:3px 5px;border-bottom:1px solid #e5e7eb;font-size:11px;color:#111827;">Alternada de Terça/Quinta/Sábado</td></tr><tr><th style="padding:3px 5px;text-align:left;background:#f3f4f6;border-bottom:1px solid #d1d5db;width:30%;font-size:11px;font-weight:600;color:#1f2937;">Cronograma</th><td style="padding:3px 5px;border-bottom:1px solid #e5e7eb;font-size:11px;color:#111827;">—</td></tr></table>]]></description><Polygon><outerBoundaryIs><LinearRing><coordinates>-46.5672700,-23.4894900,0 -46.5671400,-23.4894800,0 -46.5670900,-23.4892200,0 -46.5670300,-23.4890800,0 -46.5669400,-23.4889400,0 -46.5667100,-23.4887300,0 -46.5663800,-23.4885800,0 -46.5660700,-23.4885400,0 -46.5656700,-23.4885300,0 -46.5655000,-23.4885400,0 -46.5652500,-23.4886100,0 -46.5650100,-23.4887500,0 -46.5648200,-23.4889300,0 -46.5647000,-23.4891300,0 -46.5646400,-23.4893300,0 -46.5646200,-23.4896000,0 -46.5646900,-23.4899800,0 -46.5648000,-23.4902600,0 -46.5649300,-23.4904700,0 -46.5650700,-23.4906600,0 -46.5652200,-23.4908100,0 -46.5653800,-23.4909500,0 -46.5655900,-23.4910900,0 -46.5658400,-23.4912100,0 -46.5663400,-23.4913400,0 -46.5674900,-23.4914300,0 -46.5678300,-23.4914100,0 -46.5679600,-23.4913700,0 -46.5682600,-23.4912000,0 -46.5683800,-23.4910900,0 -46.5684800,-23.4909600,0 -46.5685600,-23.4908000,0 -46.5686200,-23.4904800,0 -46.5686000,-23.4903000,0 -46.5685500,-23.4901500,0 -46.5684400,-23.4899400,0 -46.5683100,-23.4898000,0 -46.5680700,-23.4896400,0 -46.5677900,-23.4895400,0 -46.5672700,-23.4894900,0</coordinates></LinearRing></outerBoundaryIs></Polygon></Placemark>
<Style id="s-VP-69">
<LineStyle><color>ffebce87</color><width>2.0</width></LineStyle>
<PolyStyle><color>ffebce87</color></PolyStyle>
<IconStyle><color>ffebce87</color><scale>0.55</scale>
<Icon><href>http://maps.google.com/mapfiles/kml/shapes/placemark_circle.png</href></Icon>
</IconStyle>
<LabelStyle><scale>0.65</scale></LabelStyle>
</Style><Placemark><name>Av. Marechal Argolo Ferrão (Canteiro Central)</name><styleUrl>#s-VP-69</styleUrl><description><![CDATA[<table style="border-collapse:collapse;width:100%;font-family:'Helvetica Neue',Helvetica,Arial,sans-serif;font-size:11px;border:1px solid #e5e7eb;border-radius:8px;overflow:hidden;"><tr><th colspan="2" style="padding:5px 8px;background:#1f6feb;color:#fff;text-align:left;font-size:12px;font-weight:600;">Av. Marechal Argolo Ferrão (Canteiro Central)</th></tr><tr><th style="padding:3px 5px;text-align:left;background:#f3f4f6;border-bottom:1px solid #d1d5db;width:30%;font-size:11px;font-weight:600;color:#1f2937;">Serviço</th><td style="padding:3px 5px;border-bottom:1px solid #e5e7eb;font-size:11px;color:#111827;">Varrição de Praças (VP)</td></tr><tr><th style="padding:3px 5px;text-align:left;background:#f3f4f6;border-bottom:1px solid #d1d5db;width:30%;font-size:11px;font-weight:600;color:#1f2937;">Setor</th><td style="padding:3px 5px;border-bottom:1px solid #e5e7eb;font-size:11px;color:#111827;">MG10203VP0034</td></tr><tr><th style="padding:3px 5px;text-align:left;background:#f3f4f6;border-bottom:1px solid #d1d5db;width:30%;font-size:11px;font-weight:600;color:#1f2937;">Tipo de Serviço</th><td style="padding:3px 5px;border-bottom:1px solid #e5e7eb;font-size:11px;color:#111827;">Varrição de Praças</td></tr><tr><th style="padding:3px 5px;text-align:left;background:#f3f4f6;border-bottom:1px solid #d1d5db;width:30%;font-size:11px;font-weight:600;color:#1f2937;">Nome</th><td style="padding:3px 5px;border-bottom:1px solid #e5e7eb;font-size:11px;color:#111827;">Av. Marechal Argolo Ferrão (Canteiro Central)</td></tr><tr><th style="padding:3px 5px;text-align:left;background:#f3f4f6;border-bottom:1px solid #d1d5db;width:30%;font-size:11px;font-weight:600;color:#1f2937;">Logradouro</th><td style="padding:3px 5px;border-bottom:1px solid #e5e7eb;font-size:11px;color:#111827;">Av Manuel Antonio Goncalves</td></tr><tr><th style="padding:3px 5px;text-align:left;background:#f3f4f6;border-bottom:1px solid #d1d5db;width:30%;font-size:11px;font-weight:600;color:#1f2937;">Subprefeitura</th><td style="padding:3px 5px;border-bottom:1px solid #e5e7eb;font-size:11px;color:#111827;">Vila Maria / Vila Guilherme</td></tr><tr><th style="padding:3px 5px;text-align:left;background:#f3f4f6;border-bottom:1px solid #d1d5db;width:30%;font-size:11px;font-weight:600;color:#1f2937;">Turno</th><td style="padding:3px 5px;border-bottom:1px solid #e5e7eb;font-size:11px;color:#111827;">Diurno</td></tr><tr><th style="padding:3px 5px;text-align:left;background:#f3f4f6;border-bottom:1px solid #d1d5db;width:30%;font-size:11px;font-weight:600;color:#1f2937;">Frequência</th><td style="padding:3px 5px;border-bottom:1px solid #e5e7eb;font-size:11px;color:#111827;">Alternada de Terça/Quinta/Sábado</td></tr><tr><th style="padding:3px 5px;text-align:left;background:#f3f4f6;border-bottom:1px solid #d1d5db;width:30%;font-size:11px;font-weight:600;color:#1f2937;">Cronograma</th><td style="padding:3px 5px;border-bottom:1px solid #e5e7eb;font-size:11px;color:#111827;">—</td></tr></table>]]></description><Polygon><outerBoundaryIs><LinearRing><coordinates>-46.5733200,-23.4940300,0 -46.5731600,-23.4939700,0 -46.5728200,-23.4939300,0 -46.5726500,-23.4939500,0 -46.5724900,-23.4940000,0 -46.5722000,-23.4941600,0 -46.5719900,-23.4944100,0 -46.5713800,-23.4954900,0 -46.5709200,-23.4963200,0 -46.5708200,-23.4966200,0 -46.5708400,-23.4969300,0 -46.5709300,-23.4971600,0 -46.5710900,-23.4973900,0 -46.5712000,-23.4975100,0 -46.5713400,-23.4976000,0 -46.5714900,-23.4976700,0 -46.5718300,-23.4977300,0 -46.5721600,-23.4976900,0 -46.5723200,-23.4976300,0 -46.5725900,-23.4974300,0 -46.5726900,-23.4973100,0 -46.5730600,-23.4967000,0 -46.5731900,-23.4964200,0 -46.5738200,-23.4952800,0 -46.5738900,-23.4951300,0 -46.5739200,-23.4949800,0 -46.5739200,-23.4947200,0 -46.5738700,-23.4945600,0 -46.5738000,-23.4944200,0 -46.5737000,-23.4942900,0 -46.5735800,-23.4941800,0 -46.5733200,-23.4940300,0</coordinates></LinearRing></outerBoundaryIs></Polygon></Placemark>
<Style id="s-VP-70">
<LineStyle><color>ffebce87</color><width>2.0</width></LineStyle>
<PolyStyle><color>ffebce87</color></PolyStyle>
<IconStyle><color>ffebce87</color><scale>0.55</scale>
<Icon><href>http://maps.google.com/mapfiles/kml/shapes/placemark_circle.png</href></Icon>
</IconStyle>
<LabelStyle><scale>0.65</scale></LabelStyle>
</Style><Placemark><name>Av. Educador Paulo Freire (Canteiro)</name><styleUrl>#s-VP-70</styleUrl><description><![CDATA[<table style="border-collapse:collapse;width:100%;font-family:'Helvetica Neue',Helvetica,Arial,sans-serif;font-size:11px;border:1px solid #e5e7eb;border-radius:8px;overflow:hidden;"><tr><th colspan="2" style="padding:5px 8px;background:#1f6feb;color:#fff;text-align:left;font-size:12px;font-weight:600;">Av. Educador Paulo Freire (Canteiro)</th></tr><tr><th style="padding:3px 5px;text-align:left;background:#f3f4f6;border-bottom:1px solid #d1d5db;width:30%;font-size:11px;font-weight:600;color:#1f2937;">Serviço</th><td style="padding:3px 5px;border-bottom:1px solid #e5e7eb;font-size:11px;color:#111827;">Varrição de Praças (VP)</td></tr><tr><th style="padding:3px 5px;text-align:left;background:#f3f4f6;border-bottom:1px solid #d1d5db;width:30%;font-size:11px;font-weight:600;color:#1f2937;">Setor</th><td style="padding:3px 5px;border-bottom:1px solid #e5e7eb;font-size:11px;color:#111827;">MG10203VP0035</td></tr><tr><th style="padding:3px 5px;text-align:left;background:#f3f4f6;border-bottom:1px solid #d1d5db;width:30%;font-size:11px;font-weight:600;color:#1f2937;">Tipo de Serviço</th><td style="padding:3px 5px;border-bottom:1px solid #e5e7eb;font-size:11px;color:#111827;">Varrição de Praças</td></tr><tr><th style="padding:3px 5px;text-align:left;background:#f3f4f6;border-bottom:1px solid #d1d5db;width:30%;font-size:11px;font-weight:600;color:#1f2937;">Nome</th><td style="padding:3px 5px;border-bottom:1px solid #e5e7eb;font-size:11px;color:#111827;">Av. Educador Paulo Freire (Canteiro)</td></tr><tr><th style="padding:3px 5px;text-align:left;background:#f3f4f6;border-bottom:1px solid #d1d5db;width:30%;font-size:11px;font-weight:600;color:#1f2937;">Logradouro</th><td style="padding:3px 5px;border-bottom:1px solid #e5e7eb;font-size:11px;color:#111827;">Ac Av Morvan Dias de Figueiredo</td></tr><tr><th style="padding:3px 5px;text-align:left;background:#f3f4f6;border-bottom:1px solid #d1d5db;width:30%;font-size:11px;font-weight:600;color:#1f2937;">Subprefeitura</th><td style="padding:3px 5px;border-bottom:1px solid #e5e7eb;font-size:11px;color:#111827;">Vila Maria / Vila Guilherme</td></tr><tr><th style="padding:3px 5px;text-align:left;background:#f3f4f6;border-bottom:1px solid #d1d5db;width:30%;font-size:11px;font-weight:600;color:#1f2937;">Turno</th><td style="padding:3px 5px;border-bottom:1px solid #e5e7eb;font-size:11px;color:#111827;">Diurno</td></tr><tr><th style="padding:3px 5px;text-align:left;background:#f3f4f6;border-bottom:1px solid #d1d5db;width:30%;font-size:11px;font-weight:600;color:#1f2937;">Frequência</th><td style="padding:3px 5px;border-bottom:1px solid #e5e7eb;font-size:11px;color:#111827;">Alternada de Terça/Quinta/Sábado</td></tr><tr><th style="padding:3px 5px;text-align:left;background:#f3f4f6;border-bottom:1px solid #d1d5db;width:30%;font-size:11px;font-weight:600;color:#1f2937;">Cronograma</th><td style="padding:3px 5px;border-bottom:1px solid #e5e7eb;font-size:11px;color:#111827;">—</td></tr></table>]]></description><Polygon><outerBoundaryIs><LinearRing><coordinates>-46.5601200,-23.5184200,0 -46.5594900,-23.5193700,0 -46.5578900,-23.5216700,0 -46.5578100,-23.5218100,0 -46.5577600,-23.5219500,0 -46.5577400,-23.5221100,0 -46.5577800,-23.5224200,0 -46.5578500,-23.5225700,0 -46.5579400,-23.5227000,0 -46.5580600,-23.5228100,0 -46.5581900,-23.5229100,0 -46.5584600,-23.5230500,0 -46.5586200,-23.5231000,0 -46.5587900,-23.5231200,0 -46.5591300,-23.5230800,0 -46.5592900,-23.5230200,0 -46.5595600,-23.5228300,0 -46.5618100,-23.5194700,0 -46.5619900,-23.5191300,0 -46.5620800,-23.5188300,0 -46.5620700,-23.5185900,0 -46.5620200,-23.5184300,0 -46.5618900,-23.5182100,0 -46.5617400,-23.5180400,0 -46.5616100,-23.5179400,0 -46.5614600,-23.5178700,0 -46.5612900,-23.5178200,0 -46.5611200,-23.5177900,0 -46.5609500,-23.5178000,0 -46.5606300,-23.5178800,0 -46.5603500,-23.5180700,0 -46.5602400,-23.5181900,0 -46.5601200,-23.5184200,0</coordinates></LinearRing></outerBoundaryIs></Polygon></Placemark>
<Style id="s-VP-71">
<LineStyle><color>ffebce87</color><width>2.0</width></LineStyle>
<PolyStyle><color>ffebce87</color></PolyStyle>
<IconStyle><color>ffebce87</color><scale>0.55</scale>
<Icon><href>http://maps.google.com/mapfiles/kml/shapes/placemark_circle.png</href></Icon>
</IconStyle>
<LabelStyle><scale>0.65</scale></LabelStyle>
</Style><Placemark><name>Ponte Vila Guilherme Alças e Canteiro</name><styleUrl>#s-VP-71</styleUrl><description><![CDATA[<table style="border-collapse:collapse;width:100%;font-family:'Helvetica Neue',Helvetica,Arial,sans-serif;font-size:11px;border:1px solid #e5e7eb;border-radius:8px;overflow:hidden;"><tr><th colspan="2" style="padding:5px 8px;background:#1f6feb;color:#fff;text-align:left;font-size:12px;font-weight:600;">Ponte Vila Guilherme Alças e Canteiro</th></tr><tr><th style="padding:3px 5px;text-align:left;background:#f3f4f6;border-bottom:1px solid #d1d5db;width:30%;font-size:11px;font-weight:600;color:#1f2937;">Serviço</th><td style="padding:3px 5px;border-bottom:1px solid #e5e7eb;font-size:11px;color:#111827;">Varrição de Praças (VP)</td></tr><tr><th style="padding:3px 5px;text-align:left;background:#f3f4f6;border-bottom:1px solid #d1d5db;width:30%;font-size:11px;font-weight:600;color:#1f2937;">Setor</th><td style="padding:3px 5px;border-bottom:1px solid #e5e7eb;font-size:11px;color:#111827;">MG10203VP0036</td></tr><tr><th style="padding:3px 5px;text-align:left;background:#f3f4f6;border-bottom:1px solid #d1d5db;width:30%;font-size:11px;font-weight:600;color:#1f2937;">Tipo de Serviço</th><td style="padding:3px 5px;border-bottom:1px solid #e5e7eb;font-size:11px;color:#111827;">Varrição de Praças</td></tr><tr><th style="padding:3px 5px;text-align:left;background:#f3f4f6;border-bottom:1px solid #d1d5db;width:30%;font-size:11px;font-weight:600;color:#1f2937;">Nome</th><td style="padding:3px 5px;border-bottom:1px solid #e5e7eb;font-size:11px;color:#111827;">Ponte Vila Guilherme Alças e Canteiro</td></tr><tr><th style="padding:3px 5px;text-align:left;background:#f3f4f6;border-bottom:1px solid #d1d5db;width:30%;font-size:11px;font-weight:600;color:#1f2937;">Logradouro</th><td style="padding:3px 5px;border-bottom:1px solid #e5e7eb;font-size:11px;color:#111827;">Ac Av Morvan Dias de Figueiredo</td></tr><tr><th style="padding:3px 5px;text-align:left;background:#f3f4f6;border-bottom:1px solid #d1d5db;width:30%;font-size:11px;font-weight:600;color:#1f2937;">Subprefeitura</th><td style="padding:3px 5px;border-bottom:1px solid #e5e7eb;font-size:11px;color:#111827;">Vila Maria / Vila Guilherme</td></tr><tr><th style="padding:3px 5px;text-align:left;background:#f3f4f6;border-bottom:1px solid #d1d5db;width:30%;font-size:11px;font-weight:600;color:#1f2937;">Turno</th><td style="padding:3px 5px;border-bottom:1px solid #e5e7eb;font-size:11px;color:#111827;">Diurno</td></tr><tr><th style="padding:3px 5px;text-align:left;background:#f3f4f6;border-bottom:1px solid #d1d5db;width:30%;font-size:11px;font-weight:600;color:#1f2937;">Frequência</th><td style="padding:3px 5px;border-bottom:1px solid #e5e7eb;font-size:11px;color:#111827;">Alternada de Terça/Quinta/Sábado</td></tr><tr><th style="padding:3px 5px;text-align:left;background:#f3f4f6;border-bottom:1px solid #d1d5db;width:30%;font-size:11px;font-weight:600;color:#1f2937;">Cronograma</th><td style="padding:3px 5px;border-bottom:1px solid #e5e7eb;font-size:11px;color:#111827;">—</td></tr></table>]]></description><Polygon><outerBoundaryIs><LinearRing><coordinates>-46.6098700,-23.5213800,0 -46.6091400,-23.5210400,0 -46.6100800,-23.5222300,0 -46.6086200,-23.5219300,0 -46.6101300,-23.5223800,0 -46.6085500,-23.5220700,0 -46.6102100,-23.5225100,0 -46.6085100,-23.5222200,0 -46.6103100,-23.5226400,0 -46.6085000,-23.5223800,0 -46.6104400,-23.5227400,0 -46.6085200,-23.5225400,0 -46.6105900,-23.5228300,0 -46.6085700,-23.5226900,0 -46.6107400,-23.5228900,0 -46.6086500,-23.5228300,0 -46.6109100,-23.5229200,0 -46.6087500,-23.5229500,0 -46.6110800,-23.5229300,0 -46.6088800,-23.5230600,0 -46.6112500,-23.5229100,0 -46.6090200,-23.5231400,0 -46.6113300,-23.5228800,0 -46.6091800,-23.5232100,0 -46.6116900,-23.5227800,0 -46.6093400,-23.5232400,0 -46.6118500,-23.5227200,0 -46.6094800,-23.5232500,0 -46.6119900,-23.5226400,0 -46.6095200,-23.5232500,0 -46.6120300,-23.5226100,0 -46.6096700,-23.5232400,0 -46.6121500,-23.5225100,0 -46.6099500,-23.5232000,0 -46.6128000,-23.5221100,0 -46.6100600,-23.5231800,0 -46.6129300,-23.5220100,0 -46.6111000,-23.5229300,0 -46.6130400,-23.5218900,0 -46.6112600,-23.5228700,0 -46.6131300,-23.5217500,0 -46.6114100,-23.5228000,0 -46.6131900,-23.5216100,0 -46.6115400,-23.5227000,0 -46.6132200,-23.5214500,0 -46.6116500,-23.5225800,0 -46.6132300,-23.5213600,0 -46.6117400,-23.5224400,0 -46.6132100,-23.5212100,0 -46.6118000,-23.5222900,0 -46.6131700,-23.5210600,0 -46.6118300,-23.5221400,0 -46.6131000,-23.5209100,0 -46.6118300,-23.5220600,0 -46.6130000,-23.5207900,0 -46.6118200,-23.5219100,0 -46.6128800,-23.5206700,0 -46.6117100,-23.5213100,0 -46.6127400,-23.5205800,0 -46.6116700,-23.5211700,0 -46.6125800,-23.5205200,0 -46.6114500,-23.5205600,0 -46.6124200,-23.5204800,0 -46.6114300,-23.5205100,0 -46.6124000,-23.5204700,0 -46.6112400,-23.5200800,0 -46.6122400,-23.5204100,0 -46.6111700,-23.5199400,0 -46.6116700,-23.5201300,0 -46.6110700,-23.5198100,0 -46.6111600,-23.5197100,0 -46.6109400,-23.5197000,0 -46.6110200,-23.5196200,0 -46.6108000,-23.5196200,0 -46.6108700,-23.5195500,0 -46.6106400,-23.5195500,0 -46.6107000,-23.5195000,0 -46.6104800,-23.5195200,0 -46.6105300,-23.5194900,0 -46.6103100,-23.5195100,0 -46.6103600,-23.5194900,0 -46.6100000,-23.5195600,0 -46.6100400,-23.5195900,0 -46.6099600,-23.5195700,0 -46.6099000,-23.5196800,0 -46.6098100,-23.5196400,0 -46.6097700,-23.5197900,0 -46.6096700,-23.5197300,0 -46.6096700,-23.5199100,0 -46.6095400,-23.5198400,0 -46.6095900,-23.5200500,0 -46.6094500,-23.5199700,0 -46.6095500,-23.5202100,0 -46.6093700,-23.5201100,0 -46.6095300,-23.5203600,0 -46.6093300,-23.5202600,0 -46.6095400,-23.5205200,0 -46.6093200,-23.5204200,0 -46.6095800,-23.5206700,0 -46.6093300,-23.5205700,0 -46.6095900,-23.5207000,0 -46.6093300,-23.5205800,0 -46.6098700,-23.5213800,0 -46.6093400,-23.5206200,0 -46.6092800,-23.5208100,0 -46.6091400,-23.5210400,0 -46.6098700,-23.5213800,0</coordinates></LinearRing></outerBoundaryIs></Polygon></Placemark>
<Style id="s-VP-72">
<LineStyle><color>ffebce87</color><width>2.0</width></LineStyle>
<PolyStyle><color>ffebce87</color></PolyStyle>
<IconStyle><color>ffebce87</color><scale>0.55</scale>
<Icon><href>http://maps.google.com/mapfiles/kml/shapes/placemark_circle.png</href></Icon>
</IconStyle>
<LabelStyle><scale>0.65</scale></LabelStyle>
</Style><Placemark><name>Praça Oyeno</name><styleUrl>#s-VP-72</styleUrl><description><![CDATA[<table style="border-collapse:collapse;width:100%;font-family:'Helvetica Neue',Helvetica,Arial,sans-serif;font-size:11px;border:1px solid #e5e7eb;border-radius:8px;overflow:hidden;"><tr><th colspan="2" style="padding:5px 8px;background:#1f6feb;color:#fff;text-align:left;font-size:12px;font-weight:600;">Praça Oyeno</th></tr><tr><th style="padding:3px 5px;text-align:left;background:#f3f4f6;border-bottom:1px solid #d1d5db;width:30%;font-size:11px;font-weight:600;color:#1f2937;">Serviço</th><td style="padding:3px 5px;border-bottom:1px solid #e5e7eb;font-size:11px;color:#111827;">Varrição de Praças (VP)</td></tr><tr><th style="padding:3px 5px;text-align:left;background:#f3f4f6;border-bottom:1px solid #d1d5db;width:30%;font-size:11px;font-weight:600;color:#1f2937;">Setor</th><td style="padding:3px 5px;border-bottom:1px solid #e5e7eb;font-size:11px;color:#111827;">MG10203VP0037</td></tr><tr><th style="padding:3px 5px;text-align:left;background:#f3f4f6;border-bottom:1px solid #d1d5db;width:30%;font-size:11px;font-weight:600;color:#1f2937;">Tipo de Serviço</th><td style="padding:3px 5px;border-bottom:1px solid #e5e7eb;font-size:11px;color:#111827;">Varrição de Praças</td></tr><tr><th style="padding:3px 5px;text-align:left;background:#f3f4f6;border-bottom:1px solid #d1d5db;width:30%;font-size:11px;font-weight:600;color:#1f2937;">Nome</th><td style="padding:3px 5px;border-bottom:1px solid #e5e7eb;font-size:11px;color:#111827;">Praça Oyeno</td></tr><tr><th style="padding:3px 5px;text-align:left;background:#f3f4f6;border-bottom:1px solid #d1d5db;width:30%;font-size:11px;font-weight:600;color:#1f2937;">Logradouro</th><td style="padding:3px 5px;border-bottom:1px solid #e5e7eb;font-size:11px;color:#111827;">R Osaka</td></tr><tr><th style="padding:3px 5px;text-align:left;background:#f3f4f6;border-bottom:1px solid #d1d5db;width:30%;font-size:11px;font-weight:600;color:#1f2937;">Subprefeitura</th><td style="padding:3px 5px;border-bottom:1px solid #e5e7eb;font-size:11px;color:#111827;">Vila Maria / Vila Guilherme</td></tr><tr><th style="padding:3px 5px;text-align:left;background:#f3f4f6;border-bottom:1px solid #d1d5db;width:30%;font-size:11px;font-weight:600;color:#1f2937;">Turno</th><td style="padding:3px 5px;border-bottom:1px solid #e5e7eb;font-size:11px;color:#111827;">Diurno</td></tr><tr><th style="padding:3px 5px;text-align:left;background:#f3f4f6;border-bottom:1px solid #d1d5db;width:30%;font-size:11px;font-weight:600;color:#1f2937;">Frequência</th><td style="padding:3px 5px;border-bottom:1px solid #e5e7eb;font-size:11px;color:#111827;">Alternada de Terça/Quinta/Sábado</td></tr><tr><th style="padding:3px 5px;text-align:left;background:#f3f4f6;border-bottom:1px solid #d1d5db;width:30%;font-size:11px;font-weight:600;color:#1f2937;">Cronograma</th><td style="padding:3px 5px;border-bottom:1px solid #e5e7eb;font-size:11px;color:#111827;">—</td></tr></table>]]></description><Polygon><outerBoundaryIs><LinearRing><coordinates>-46.5745300,-23.5060400,0 -46.5746900,-23.5060000,0 -46.5748900,-23.5059000,0 -46.5760800,-23.5051300,0 -46.5762100,-23.5050200,0 -46.5763700,-23.5048200,0 -46.5771700,-23.5034700,0 -46.5776600,-23.5023800,0 -46.5777100,-23.5022300,0 -46.5777400,-23.5020300,0 -46.5776900,-23.5017100,0 -46.5775700,-23.5014100,0 -46.5773500,-23.5011800,0 -46.5770800,-23.5009900,0 -46.5769300,-23.5009200,0 -46.5767600,-23.5008800,0 -46.5761500,-23.5008700,0 -46.5759900,-23.5008800,0 -46.5758200,-23.5009200,0 -46.5755200,-23.5010800,0 -46.5754000,-23.5011900,0 -46.5752800,-23.5013700,0 -46.5746100,-23.5026000,0 -46.5745500,-23.5027400,0 -46.5744500,-23.5032600,0 -46.5742500,-23.5036400,0 -46.5738700,-23.5037500,0 -46.5737300,-23.5038300,0 -46.5734500,-23.5040700,0 -46.5725000,-23.5043100,0 -46.5723500,-23.5043900,0 -46.5722200,-23.5044900,0 -46.5721100,-23.5046100,0 -46.5720200,-23.5047500,0 -46.5719600,-23.5049000,0 -46.5719300,-23.5050500,0 -46.5719400,-23.5055400,0 -46.5720600,-23.5058300,0 -46.5721600,-23.5059600,0 -46.5722800,-23.5060700,0 -46.5724200,-23.5061600,0 -46.5725700,-23.5062300,0 -46.5727400,-23.5062700,0 -46.5731500,-23.5063000,0 -46.5745300,-23.5060400,0</coordinates></LinearRing></outerBoundaryIs></Polygon></Placemark>
<Style id="s-VP-73">
<LineStyle><color>ffebce87</color><width>2.0</width></LineStyle>
<PolyStyle><color>ffebce87</color></PolyStyle>
<IconStyle><color>ffebce87</color><scale>0.55</scale>
<Icon><href>http://maps.google.com/mapfiles/kml/shapes/placemark_circle.png</href></Icon>
</IconStyle>
<LabelStyle><scale>0.65</scale></LabelStyle>
</Style><Placemark><name>Praça Santa Luisa de Marillac</name><styleUrl>#s-VP-73</styleUrl><description><![CDATA[<table style="border-collapse:collapse;width:100%;font-family:'Helvetica Neue',Helvetica,Arial,sans-serif;font-size:11px;border:1px solid #e5e7eb;border-radius:8px;overflow:hidden;"><tr><th colspan="2" style="padding:5px 8px;background:#1f6feb;color:#fff;text-align:left;font-size:12px;font-weight:600;">Praça Santa Luisa de Marillac</th></tr><tr><th style="padding:3px 5px;text-align:left;background:#f3f4f6;border-bottom:1px solid #d1d5db;width:30%;font-size:11px;font-weight:600;color:#1f2937;">Serviço</th><td style="padding:3px 5px;border-bottom:1px solid #e5e7eb;font-size:11px;color:#111827;">Varrição de Praças (VP)</td></tr><tr><th style="padding:3px 5px;text-align:left;background:#f3f4f6;border-bottom:1px solid #d1d5db;width:30%;font-size:11px;font-weight:600;color:#1f2937;">Setor</th><td style="padding:3px 5px;border-bottom:1px solid #e5e7eb;font-size:11px;color:#111827;">MG10302VP0038</td></tr><tr><th style="padding:3px 5px;text-align:left;background:#f3f4f6;border-bottom:1px solid #d1d5db;width:30%;font-size:11px;font-weight:600;color:#1f2937;">Tipo de Serviço</th><td style="padding:3px 5px;border-bottom:1px solid #e5e7eb;font-size:11px;color:#111827;">Varrição de Praças</td></tr><tr><th style="padding:3px 5px;text-align:left;background:#f3f4f6;border-bottom:1px solid #d1d5db;width:30%;font-size:11px;font-weight:600;color:#1f2937;">Nome</th><td style="padding:3px 5px;border-bottom:1px solid #e5e7eb;font-size:11px;color:#111827;">Praça Santa Luisa de Marillac</td></tr><tr><th style="padding:3px 5px;text-align:left;background:#f3f4f6;border-bottom:1px solid #d1d5db;width:30%;font-size:11px;font-weight:600;color:#1f2937;">Logradouro</th><td style="padding:3px 5px;border-bottom:1px solid #e5e7eb;font-size:11px;color:#111827;">Av Manuel Antonio Goncalves</td></tr><tr><th style="padding:3px 5px;text-align:left;background:#f3f4f6;border-bottom:1px solid #d1d5db;width:30%;font-size:11px;font-weight:600;color:#1f2937;">Subprefeitura</th><td style="padding:3px 5px;border-bottom:1px solid #e5e7eb;font-size:11px;color:#111827;">Vila Maria / Vila Guilherme</td></tr><tr><th style="padding:3px 5px;text-align:left;background:#f3f4f6;border-bottom:1px solid #d1d5db;width:30%;font-size:11px;font-weight:600;color:#1f2937;">Turno</th><td style="padding:3px 5px;border-bottom:1px solid #e5e7eb;font-size:11px;color:#111827;">Diurno</td></tr><tr><th style="padding:3px 5px;text-align:left;background:#f3f4f6;border-bottom:1px solid #d1d5db;width:30%;font-size:11px;font-weight:600;color:#1f2937;">Frequência</th><td style="padding:3px 5px;border-bottom:1px solid #e5e7eb;font-size:11px;color:#111827;">Bissemanal de Segunda/Quinta</td></tr><tr><th style="padding:3px 5px;text-align:left;background:#f3f4f6;border-bottom:1px solid #d1d5db;width:30%;font-size:11px;font-weight:600;color:#1f2937;">Cronograma</th><td style="padding:3px 5px;border-bottom:1px solid #e5e7eb;font-size:11px;color:#111827;">—</td></tr></table>]]></description><Polygon><outerBoundaryIs><LinearRing><coordinates>-46.5705500,-23.4954600,0 -46.5713700,-23.4950500,0 -46.5715100,-23.4949600,0 -46.5716300,-23.4948500,0 -46.5718100,-23.4945800,0 -46.5718700,-23.4942700,0 -46.5718600,-23.4941100,0 -46.5718100,-23.4939500,0 -46.5717400,-23.4938100,0 -46.5709400,-23.4925300,0 -46.5708400,-23.4924000,0 -46.5707200,-23.4922800,0 -46.5705800,-23.4921900,0 -46.5704300,-23.4921300,0 -46.5700900,-23.4920700,0 -46.5699200,-23.4920900,0 -46.5696100,-23.4921900,0 -46.5685900,-23.4927100,0 -46.5684500,-23.4928000,0 -46.5682400,-23.4930100,0 -46.5680100,-23.4933700,0 -46.5679100,-23.4936700,0 -46.5678800,-23.4938300,0 -46.5678800,-23.4939800,0 -46.5679200,-23.4944000,0 -46.5681200,-23.4948800,0 -46.5683800,-23.4951800,0 -46.5685000,-23.4952800,0 -46.5687700,-23.4954500,0 -46.5690400,-23.4955800,0 -46.5692000,-23.4956400,0 -46.5693600,-23.4956700,0 -46.5698800,-23.4956600,0 -46.5702800,-23.4955600,0 -46.5705500,-23.4954600,0</coordinates></LinearRing></outerBoundaryIs></Polygon></Placemark>
<Style id="s-VP-74">
<LineStyle><color>ffebce87</color><width>2.0</width></LineStyle>
<PolyStyle><color>ffebce87</color></PolyStyle>
<IconStyle><color>ffebce87</color><scale>0.55</scale>
<Icon><href>http://maps.google.com/mapfiles/kml/shapes/placemark_circle.png</href></Icon>
</IconStyle>
<LabelStyle><scale>0.65</scale></LabelStyle>
</Style><Placemark><name>Praça dos Bombeiros</name><styleUrl>#s-VP-74</styleUrl><description><![CDATA[<table style="border-collapse:collapse;width:100%;font-family:'Helvetica Neue',Helvetica,Arial,sans-serif;font-size:11px;border:1px solid #e5e7eb;border-radius:8px;overflow:hidden;"><tr><th colspan="2" style="padding:5px 8px;background:#1f6feb;color:#fff;text-align:left;font-size:12px;font-weight:600;">Praça dos Bombeiros</th></tr><tr><th style="padding:3px 5px;text-align:left;background:#f3f4f6;border-bottom:1px solid #d1d5db;width:30%;font-size:11px;font-weight:600;color:#1f2937;">Serviço</th><td style="padding:3px 5px;border-bottom:1px solid #e5e7eb;font-size:11px;color:#111827;">Varrição de Praças (VP)</td></tr><tr><th style="padding:3px 5px;text-align:left;background:#f3f4f6;border-bottom:1px solid #d1d5db;width:30%;font-size:11px;font-weight:600;color:#1f2937;">Setor</th><td style="padding:3px 5px;border-bottom:1px solid #e5e7eb;font-size:11px;color:#111827;">MG10302VP0039</td></tr><tr><th style="padding:3px 5px;text-align:left;background:#f3f4f6;border-bottom:1px solid #d1d5db;width:30%;font-size:11px;font-weight:600;color:#1f2937;">Tipo de Serviço</th><td style="padding:3px 5px;border-bottom:1px solid #e5e7eb;font-size:11px;color:#111827;">Varrição de Praças</td></tr><tr><th style="padding:3px 5px;text-align:left;background:#f3f4f6;border-bottom:1px solid #d1d5db;width:30%;font-size:11px;font-weight:600;color:#1f2937;">Nome</th><td style="padding:3px 5px;border-bottom:1px solid #e5e7eb;font-size:11px;color:#111827;">Praça dos Bombeiros</td></tr><tr><th style="padding:3px 5px;text-align:left;background:#f3f4f6;border-bottom:1px solid #d1d5db;width:30%;font-size:11px;font-weight:600;color:#1f2937;">Logradouro</th><td style="padding:3px 5px;border-bottom:1px solid #e5e7eb;font-size:11px;color:#111827;">R Alfredo Abrantes</td></tr><tr><th style="padding:3px 5px;text-align:left;background:#f3f4f6;border-bottom:1px solid #d1d5db;width:30%;font-size:11px;font-weight:600;color:#1f2937;">Subprefeitura</th><td style="padding:3px 5px;border-bottom:1px solid #e5e7eb;font-size:11px;color:#111827;">Vila Maria / Vila Guilherme</td></tr><tr><th style="padding:3px 5px;text-align:left;background:#f3f4f6;border-bottom:1px solid #d1d5db;width:30%;font-size:11px;font-weight:600;color:#1f2937;">Turno</th><td style="padding:3px 5px;border-bottom:1px solid #e5e7eb;font-size:11px;color:#111827;">Diurno</td></tr><tr><th style="padding:3px 5px;text-align:left;background:#f3f4f6;border-bottom:1px solid #d1d5db;width:30%;font-size:11px;font-weight:600;color:#1f2937;">Frequência</th><td style="padding:3px 5px;border-bottom:1px solid #e5e7eb;font-size:11px;color:#111827;">Bissemanal de Segunda/Quinta</td></tr><tr><th style="padding:3px 5px;text-align:left;background:#f3f4f6;border-bottom:1px solid #d1d5db;width:30%;font-size:11px;font-weight:600;color:#1f2937;">Cronograma</th><td style="padding:3px 5px;border-bottom:1px solid #e5e7eb;font-size:11px;color:#111827;">—</td></tr></table>]]></description><Polygon><outerBoundaryIs><LinearRing><coordinates>-46.5713000,-23.4993200,0 -46.5720600,-23.4978900,0 -46.5721600,-23.4976000,0 -46.5721500,-23.4973400,0 -46.5721100,-23.4971900,0 -46.5719300,-23.4969200,0 -46.5718100,-23.4968100,0 -46.5715200,-23.4966500,0 -46.5713500,-23.4966100,0 -46.5710100,-23.4966100,0 -46.5701700,-23.4968300,0 -46.5691600,-23.4968900,0 -46.5690000,-23.4969400,0 -46.5688500,-23.4970200,0 -46.5687100,-23.4971100,0 -46.5686000,-23.4972300,0 -46.5685100,-23.4973600,0 -46.5684400,-23.4975100,0 -46.5684100,-23.4976600,0 -46.5684000,-23.4978200,0 -46.5684800,-23.4981200,0 -46.5686200,-23.4983400,0 -46.5696600,-23.4995000,0 -46.5697800,-23.4996100,0 -46.5700700,-23.4997700,0 -46.5702400,-23.4998100,0 -46.5705800,-23.4998100,0 -46.5707500,-23.4997700,0 -46.5709000,-23.4997100,0 -46.5710400,-23.4996200,0 -46.5711600,-23.4995100,0 -46.5713000,-23.4993200,0</coordinates></LinearRing></outerBoundaryIs></Polygon></Placemark>
<Style id="s-VP-75">
<LineStyle><color>ffebce87</color><width>2.0</width></LineStyle>
<PolyStyle><color>ffebce87</color></PolyStyle>
<IconStyle><color>ffebce87</color><scale>0.55</scale>
<Icon><href>http://maps.google.com/mapfiles/kml/shapes/placemark_circle.png</href></Icon>
</IconStyle>
<LabelStyle><scale>0.65</scale></LabelStyle>
</Style><Placemark><name>Praça Carlos Koseritz</name><styleUrl>#s-VP-75</styleUrl><description><![CDATA[<table style="border-collapse:collapse;width:100%;font-family:'Helvetica Neue',Helvetica,Arial,sans-serif;font-size:11px;border:1px solid #e5e7eb;border-radius:8px;overflow:hidden;"><tr><th colspan="2" style="padding:5px 8px;background:#1f6feb;color:#fff;text-align:left;font-size:12px;font-weight:600;">Praça Carlos Koseritz</th></tr><tr><th style="padding:3px 5px;text-align:left;background:#f3f4f6;border-bottom:1px solid #d1d5db;width:30%;font-size:11px;font-weight:600;color:#1f2937;">Serviço</th><td style="padding:3px 5px;border-bottom:1px solid #e5e7eb;font-size:11px;color:#111827;">Varrição de Praças (VP)</td></tr><tr><th style="padding:3px 5px;text-align:left;background:#f3f4f6;border-bottom:1px solid #d1d5db;width:30%;font-size:11px;font-weight:600;color:#1f2937;">Setor</th><td style="padding:3px 5px;border-bottom:1px solid #e5e7eb;font-size:11px;color:#111827;">MG10302VP0040</td></tr><tr><th style="padding:3px 5px;text-align:left;background:#f3f4f6;border-bottom:1px solid #d1d5db;width:30%;font-size:11px;font-weight:600;color:#1f2937;">Tipo de Serviço</th><td style="padding:3px 5px;border-bottom:1px solid #e5e7eb;font-size:11px;color:#111827;">Varrição de Praças</td></tr><tr><th style="padding:3px 5px;text-align:left;background:#f3f4f6;border-bottom:1px solid #d1d5db;width:30%;font-size:11px;font-weight:600;color:#1f2937;">Nome</th><td style="padding:3px 5px;border-bottom:1px solid #e5e7eb;font-size:11px;color:#111827;">Praça Carlos Koseritz</td></tr><tr><th style="padding:3px 5px;text-align:left;background:#f3f4f6;border-bottom:1px solid #d1d5db;width:30%;font-size:11px;font-weight:600;color:#1f2937;">Logradouro</th><td style="padding:3px 5px;border-bottom:1px solid #e5e7eb;font-size:11px;color:#111827;">Av Mendes da Rocha</td></tr><tr><th style="padding:3px 5px;text-align:left;background:#f3f4f6;border-bottom:1px solid #d1d5db;width:30%;font-size:11px;font-weight:600;color:#1f2937;">Subprefeitura</th><td style="padding:3px 5px;border-bottom:1px solid #e5e7eb;font-size:11px;color:#111827;">Vila Maria / Vila Guilherme</td></tr><tr><th style="padding:3px 5px;text-align:left;background:#f3f4f6;border-bottom:1px solid #d1d5db;width:30%;font-size:11px;font-weight:600;color:#1f2937;">Turno</th><td style="padding:3px 5px;border-bottom:1px solid #e5e7eb;font-size:11px;color:#111827;">Diurno</td></tr><tr><th style="padding:3px 5px;text-align:left;background:#f3f4f6;border-bottom:1px solid #d1d5db;width:30%;font-size:11px;font-weight:600;color:#1f2937;">Frequência</th><td style="padding:3px 5px;border-bottom:1px solid #e5e7eb;font-size:11px;color:#111827;">Bissemanal de Segunda/Quinta</td></tr><tr><th style="padding:3px 5px;text-align:left;background:#f3f4f6;border-bottom:1px solid #d1d5db;width:30%;font-size:11px;font-weight:600;color:#1f2937;">Cronograma</th><td style="padding:3px 5px;border-bottom:1px solid #e5e7eb;font-size:11px;color:#111827;">—</td></tr></table>]]></description><Polygon><outerBoundaryIs><LinearRing><coordinates>-46.5686700,-23.4880900,0 -46.5697400,-23.4877500,0 -46.5698800,-23.4876700,0 -46.5700100,-23.4875600,0 -46.5701900,-23.4872900,0 -46.5702400,-23.4871400,0 -46.5702600,-23.4869900,0 -46.5702400,-23.4868000,0 -46.5702000,-23.4866500,0 -46.5701300,-23.4865100,0 -46.5700300,-23.4863800,0 -46.5699100,-23.4862700,0 -46.5697700,-23.4861800,0 -46.5681900,-23.4854700,0 -46.5678700,-23.4853900,0 -46.5677000,-23.4853900,0 -46.5675300,-23.4854100,0 -46.5673600,-23.4854600,0 -46.5672100,-23.4855400,0 -46.5670800,-23.4856300,0 -46.5669700,-23.4857500,0 -46.5668800,-23.4858900,0 -46.5668200,-23.4860300,0 -46.5667900,-23.4861900,0 -46.5667900,-23.4863500,0 -46.5668100,-23.4865000,0 -46.5668700,-23.4866500,0 -46.5675200,-23.4876900,0 -46.5676200,-23.4878200,0 -46.5677400,-23.4879300,0 -46.5678800,-23.4880200,0 -46.5680300,-23.4880800,0 -46.5682000,-23.4881200,0 -46.5685400,-23.4881200,0 -46.5686700,-23.4880900,0</coordinates></LinearRing></outerBoundaryIs></Polygon></Placemark>
<Style id="s-VP-76">
<LineStyle><color>ffebce87</color><width>2.0</width></LineStyle>
<PolyStyle><color>ffebce87</color></PolyStyle>
<IconStyle><color>ffebce87</color><scale>0.55</scale>
<Icon><href>http://maps.google.com/mapfiles/kml/shapes/placemark_circle.png</href></Icon>
</IconStyle>
<LabelStyle><scale>0.65</scale></LabelStyle>
</Style><Placemark><name>Praça Iocinori Hatanaka,</name><styleUrl>#s-VP-76</styleUrl><description><![CDATA[<table style="border-collapse:collapse;width:100%;font-family:'Helvetica Neue',Helvetica,Arial,sans-serif;font-size:11px;border:1px solid #e5e7eb;border-radius:8px;overflow:hidden;"><tr><th colspan="2" style="padding:5px 8px;background:#1f6feb;color:#fff;text-align:left;font-size:12px;font-weight:600;">Praça Iocinori Hatanaka,</th></tr><tr><th style="padding:3px 5px;text-align:left;background:#f3f4f6;border-bottom:1px solid #d1d5db;width:30%;font-size:11px;font-weight:600;color:#1f2937;">Serviço</th><td style="padding:3px 5px;border-bottom:1px solid #e5e7eb;font-size:11px;color:#111827;">Varrição de Praças (VP)</td></tr><tr><th style="padding:3px 5px;text-align:left;background:#f3f4f6;border-bottom:1px solid #d1d5db;width:30%;font-size:11px;font-weight:600;color:#1f2937;">Setor</th><td style="padding:3px 5px;border-bottom:1px solid #e5e7eb;font-size:11px;color:#111827;">MG10303VP0041</td></tr><tr><th style="padding:3px 5px;text-align:left;background:#f3f4f6;border-bottom:1px solid #d1d5db;width:30%;font-size:11px;font-weight:600;color:#1f2937;">Tipo de Serviço</th><td style="padding:3px 5px;border-bottom:1px solid #e5e7eb;font-size:11px;color:#111827;">Varrição de Praças</td></tr><tr><th style="padding:3px 5px;text-align:left;background:#f3f4f6;border-bottom:1px solid #d1d5db;width:30%;font-size:11px;font-weight:600;color:#1f2937;">Nome</th><td style="padding:3px 5px;border-bottom:1px solid #e5e7eb;font-size:11px;color:#111827;">Praça Iocinori Hatanaka,</td></tr><tr><th style="padding:3px 5px;text-align:left;background:#f3f4f6;border-bottom:1px solid #d1d5db;width:30%;font-size:11px;font-weight:600;color:#1f2937;">Logradouro</th><td style="padding:3px 5px;border-bottom:1px solid #e5e7eb;font-size:11px;color:#111827;">Av Edgar Ruzzant</td></tr><tr><th style="padding:3px 5px;text-align:left;background:#f3f4f6;border-bottom:1px solid #d1d5db;width:30%;font-size:11px;font-weight:600;color:#1f2937;">Subprefeitura</th><td style="padding:3px 5px;border-bottom:1px solid #e5e7eb;font-size:11px;color:#111827;">Vila Maria / Vila Guilherme</td></tr><tr><th style="padding:3px 5px;text-align:left;background:#f3f4f6;border-bottom:1px solid #d1d5db;width:30%;font-size:11px;font-weight:600;color:#1f2937;">Turno</th><td style="padding:3px 5px;border-bottom:1px solid #e5e7eb;font-size:11px;color:#111827;">Diurno</td></tr><tr><th style="padding:3px 5px;text-align:left;background:#f3f4f6;border-bottom:1px solid #d1d5db;width:30%;font-size:11px;font-weight:600;color:#1f2937;">Frequência</th><td style="padding:3px 5px;border-bottom:1px solid #e5e7eb;font-size:11px;color:#111827;">Bissemanal de Terça/Sexta</td></tr><tr><th style="padding:3px 5px;text-align:left;background:#f3f4f6;border-bottom:1px solid #d1d5db;width:30%;font-size:11px;font-weight:600;color:#1f2937;">Cronograma</th><td style="padding:3px 5px;border-bottom:1px solid #e5e7eb;font-size:11px;color:#111827;">—</td></tr></table>]]></description><Polygon><outerBoundaryIs><LinearRing><coordinates>-46.5724600,-23.4874800,0 -46.5726000,-23.4875700,0 -46.5727600,-23.4876400,0 -46.5730900,-23.4876900,0 -46.5734300,-23.4876300,0 -46.5737200,-23.4874700,0 -46.5738400,-23.4873600,0 -46.5739400,-23.4872300,0 -46.5741300,-23.4868200,0 -46.5741600,-23.4866600,0 -46.5741500,-23.4864400,0 -46.5741000,-23.4862800,0 -46.5740300,-23.4861400,0 -46.5739300,-23.4860100,0 -46.5738100,-23.4859000,0 -46.5736700,-23.4858100,0 -46.5718100,-23.4849500,0 -46.5714900,-23.4848600,0 -46.5713100,-23.4848600,0 -46.5711500,-23.4848800,0 -46.5709800,-23.4849300,0 -46.5708300,-23.4850000,0 -46.5707000,-23.4851000,0 -46.5705900,-23.4852200,0 -46.5705000,-23.4853500,0 -46.5703400,-23.4856600,0 -46.5703000,-23.4859700,0 -46.5703800,-23.4862700,0 -46.5704600,-23.4864100,0 -46.5707000,-23.4866400,0 -46.5708400,-23.4867200,0 -46.5722000,-23.4873000,0 -46.5724600,-23.4874800,0</coordinates></LinearRing></outerBoundaryIs></Polygon></Placemark>
<Style id="s-VP-77">
<LineStyle><color>ffebce87</color><width>2.0</width></LineStyle>
<PolyStyle><color>ffebce87</color></PolyStyle>
<IconStyle><color>ffebce87</color><scale>0.55</scale>
<Icon><href>http://maps.google.com/mapfiles/kml/shapes/placemark_circle.png</href></Icon>
</IconStyle>
<LabelStyle><scale>0.65</scale></LabelStyle>
</Style><Placemark><name>Praça Lupércio Basseto Morelatto</name><styleUrl>#s-VP-77</styleUrl><description><![CDATA[<table style="border-collapse:collapse;width:100%;font-family:'Helvetica Neue',Helvetica,Arial,sans-serif;font-size:11px;border:1px solid #e5e7eb;border-radius:8px;overflow:hidden;"><tr><th colspan="2" style="padding:5px 8px;background:#1f6feb;color:#fff;text-align:left;font-size:12px;font-weight:600;">Praça Lupércio Basseto Morelatto</th></tr><tr><th style="padding:3px 5px;text-align:left;background:#f3f4f6;border-bottom:1px solid #d1d5db;width:30%;font-size:11px;font-weight:600;color:#1f2937;">Serviço</th><td style="padding:3px 5px;border-bottom:1px solid #e5e7eb;font-size:11px;color:#111827;">Varrição de Praças (VP)</td></tr><tr><th style="padding:3px 5px;text-align:left;background:#f3f4f6;border-bottom:1px solid #d1d5db;width:30%;font-size:11px;font-weight:600;color:#1f2937;">Setor</th><td style="padding:3px 5px;border-bottom:1px solid #e5e7eb;font-size:11px;color:#111827;">MG10303VP0042</td></tr><tr><th style="padding:3px 5px;text-align:left;background:#f3f4f6;border-bottom:1px solid #d1d5db;width:30%;font-size:11px;font-weight:600;color:#1f2937;">Tipo de Serviço</th><td style="padding:3px 5px;border-bottom:1px solid #e5e7eb;font-size:11px;color:#111827;">Varrição de Praças</td></tr><tr><th style="padding:3px 5px;text-align:left;background:#f3f4f6;border-bottom:1px solid #d1d5db;width:30%;font-size:11px;font-weight:600;color:#1f2937;">Nome</th><td style="padding:3px 5px;border-bottom:1px solid #e5e7eb;font-size:11px;color:#111827;">Praça Lupércio Basseto Morelatto</td></tr><tr><th style="padding:3px 5px;text-align:left;background:#f3f4f6;border-bottom:1px solid #d1d5db;width:30%;font-size:11px;font-weight:600;color:#1f2937;">Logradouro</th><td style="padding:3px 5px;border-bottom:1px solid #e5e7eb;font-size:11px;color:#111827;">R Anarau</td></tr><tr><th style="padding:3px 5px;text-align:left;background:#f3f4f6;border-bottom:1px solid #d1d5db;width:30%;font-size:11px;font-weight:600;color:#1f2937;">Subprefeitura</th><td style="padding:3px 5px;border-bottom:1px solid #e5e7eb;font-size:11px;color:#111827;">Vila Maria / Vila Guilherme</td></tr><tr><th style="padding:3px 5px;text-align:left;background:#f3f4f6;border-bottom:1px solid #d1d5db;width:30%;font-size:11px;font-weight:600;color:#1f2937;">Turno</th><td style="padding:3px 5px;border-bottom:1px solid #e5e7eb;font-size:11px;color:#111827;">Diurno</td></tr><tr><th style="padding:3px 5px;text-align:left;background:#f3f4f6;border-bottom:1px solid #d1d5db;width:30%;font-size:11px;font-weight:600;color:#1f2937;">Frequência</th><td style="padding:3px 5px;border-bottom:1px solid #e5e7eb;font-size:11px;color:#111827;">Bissemanal de Terça/Sexta</td></tr><tr><th style="padding:3px 5px;text-align:left;background:#f3f4f6;border-bottom:1px solid #d1d5db;width:30%;font-size:11px;font-weight:600;color:#1f2937;">Cronograma</th><td style="padding:3px 5px;border-bottom:1px solid #e5e7eb;font-size:11px;color:#111827;">—</td></tr></table>]]></description><Polygon><outerBoundaryIs><LinearRing><coordinates>-46.5701200,-23.4906500,0 -46.5702600,-23.4908300,0 -46.5703900,-23.4909400,0 -46.5705300,-23.4910300,0 -46.5706800,-23.4910900,0 -46.5708500,-23.4911300,0 -46.5710200,-23.4911400,0 -46.5711900,-23.4911200,0 -46.5713500,-23.4910700,0 -46.5715100,-23.4910100,0 -46.5717600,-23.4908000,0 -46.5718600,-23.4906700,0 -46.5719300,-23.4905200,0 -46.5719700,-23.4903700,0 -46.5719600,-23.4894000,0 -46.5719200,-23.4892300,0 -46.5718600,-23.4890900,0 -46.5717700,-23.4889500,0 -46.5716600,-23.4888300,0 -46.5715300,-23.4887300,0 -46.5713800,-23.4886600,0 -46.5712100,-23.4886100,0 -46.5709200,-23.4885700,0 -46.5705500,-23.4885600,0 -46.5702100,-23.4886000,0 -46.5699100,-23.4887500,0 -46.5697800,-23.4888600,0 -46.5696800,-23.4889800,0 -46.5696000,-23.4891200,0 -46.5695300,-23.4894300,0 -46.5695400,-23.4895900,0 -46.5695800,-23.4897400,0 -46.5696500,-23.4898900,0 -46.5701200,-23.4906500,0</coordinates></LinearRing></outerBoundaryIs></Polygon></Placemark>
<Style id="s-VP-78">
<LineStyle><color>ffebce87</color><width>2.0</width></LineStyle>
<PolyStyle><color>ffebce87</color></PolyStyle>
<IconStyle><color>ffebce87</color><scale>0.55</scale>
<Icon><href>http://maps.google.com/mapfiles/kml/shapes/placemark_circle.png</href></Icon>
</IconStyle>
<LabelStyle><scale>0.65</scale></LabelStyle>
</Style><Placemark><name>Praça Diamantino de Jesus</name><styleUrl>#s-VP-78</styleUrl><description><![CDATA[<table style="border-collapse:collapse;width:100%;font-family:'Helvetica Neue',Helvetica,Arial,sans-serif;font-size:11px;border:1px solid #e5e7eb;border-radius:8px;overflow:hidden;"><tr><th colspan="2" style="padding:5px 8px;background:#1f6feb;color:#fff;text-align:left;font-size:12px;font-weight:600;">Praça Diamantino de Jesus</th></tr><tr><th style="padding:3px 5px;text-align:left;background:#f3f4f6;border-bottom:1px solid #d1d5db;width:30%;font-size:11px;font-weight:600;color:#1f2937;">Serviço</th><td style="padding:3px 5px;border-bottom:1px solid #e5e7eb;font-size:11px;color:#111827;">Varrição de Praças (VP)</td></tr><tr><th style="padding:3px 5px;text-align:left;background:#f3f4f6;border-bottom:1px solid #d1d5db;width:30%;font-size:11px;font-weight:600;color:#1f2937;">Setor</th><td style="padding:3px 5px;border-bottom:1px solid #e5e7eb;font-size:11px;color:#111827;">MG10303VP0043</td></tr><tr><th style="padding:3px 5px;text-align:left;background:#f3f4f6;border-bottom:1px solid #d1d5db;width:30%;font-size:11px;font-weight:600;color:#1f2937;">Tipo de Serviço</th><td style="padding:3px 5px;border-bottom:1px solid #e5e7eb;font-size:11px;color:#111827;">Varrição de Praças</td></tr><tr><th style="padding:3px 5px;text-align:left;background:#f3f4f6;border-bottom:1px solid #d1d5db;width:30%;font-size:11px;font-weight:600;color:#1f2937;">Nome</th><td style="padding:3px 5px;border-bottom:1px solid #e5e7eb;font-size:11px;color:#111827;">Praça Diamantino de Jesus</td></tr><tr><th style="padding:3px 5px;text-align:left;background:#f3f4f6;border-bottom:1px solid #d1d5db;width:30%;font-size:11px;font-weight:600;color:#1f2937;">Logradouro</th><td style="padding:3px 5px;border-bottom:1px solid #e5e7eb;font-size:11px;color:#111827;">R Jose Anildo da Mata</td></tr><tr><th style="padding:3px 5px;text-align:left;background:#f3f4f6;border-bottom:1px solid #d1d5db;width:30%;font-size:11px;font-weight:600;color:#1f2937;">Subprefeitura</th><td style="padding:3px 5px;border-bottom:1px solid #e5e7eb;font-size:11px;color:#111827;">Vila Maria / Vila Guilherme</td></tr><tr><th style="padding:3px 5px;text-align:left;background:#f3f4f6;border-bottom:1px solid #d1d5db;width:30%;font-size:11px;font-weight:600;color:#1f2937;">Turno</th><td style="padding:3px 5px;border-bottom:1px solid #e5e7eb;font-size:11px;color:#111827;">Diurno</td></tr><tr><th style="padding:3px 5px;text-align:left;background:#f3f4f6;border-bottom:1px solid #d1d5db;width:30%;font-size:11px;font-weight:600;color:#1f2937;">Frequência</th><td style="padding:3px 5px;border-bottom:1px solid #e5e7eb;font-size:11px;color:#111827;">Bissemanal de Terça/Sexta</td></tr><tr><th style="padding:3px 5px;text-align:left;background:#f3f4f6;border-bottom:1px solid #d1d5db;width:30%;font-size:11px;font-weight:600;color:#1f2937;">Cronograma</th><td style="padding:3px 5px;border-bottom:1px solid #e5e7eb;font-size:11px;color:#111827;">—</td></tr></table>]]></description><Polygon><outerBoundaryIs><LinearRing><coordinates>-46.5757900,-23.4881200,0 -46.5758700,-23.4879800,0 -46.5759300,-23.4876700,0 -46.5758700,-23.4873600,0 -46.5757900,-23.4872200,0 -46.5757000,-23.4870900,0 -46.5755800,-23.4869800,0 -46.5753800,-23.4868600,0 -46.5747100,-23.4865600,0 -46.5745500,-23.4865000,0 -46.5743800,-23.4864700,0 -46.5740400,-23.4864900,0 -46.5739000,-23.4865300,0 -46.5736100,-23.4866900,0 -46.5734900,-23.4868100,0 -46.5733300,-23.4870800,0 -46.5732800,-23.4872300,0 -46.5732700,-23.4873900,0 -46.5732900,-23.4875400,0 -46.5734100,-23.4878400,0 -46.5734800,-23.4879300,0 -46.5735000,-23.4881200,0 -46.5735400,-23.4882700,0 -46.5737000,-23.4885400,0 -46.5739600,-23.4887500,0 -46.5742800,-23.4888500,0 -46.5744500,-23.4888700,0 -46.5746400,-23.4888600,0 -46.5749700,-23.4887800,0 -46.5752900,-23.4886400,0 -46.5754300,-23.4885400,0 -46.5756600,-23.4883200,0 -46.5757900,-23.4881200,0</coordinates></LinearRing></outerBoundaryIs></Polygon></Placemark>
<Style id="s-VP-79">
<LineStyle><color>ffebce87</color><width>2.0</width></LineStyle>
<PolyStyle><color>ffebce87</color></PolyStyle>
<IconStyle><color>ffebce87</color><scale>0.55</scale>
<Icon><href>http://maps.google.com/mapfiles/kml/shapes/placemark_circle.png</href></Icon>
</IconStyle>
<LabelStyle><scale>0.65</scale></LabelStyle>
</Style><Placemark><name>Praça Stuart Edgar Angel Jones</name><styleUrl>#s-VP-79</styleUrl><description><![CDATA[<table style="border-collapse:collapse;width:100%;font-family:'Helvetica Neue',Helvetica,Arial,sans-serif;font-size:11px;border:1px solid #e5e7eb;border-radius:8px;overflow:hidden;"><tr><th colspan="2" style="padding:5px 8px;background:#1f6feb;color:#fff;text-align:left;font-size:12px;font-weight:600;">Praça Stuart Edgar Angel Jones</th></tr><tr><th style="padding:3px 5px;text-align:left;background:#f3f4f6;border-bottom:1px solid #d1d5db;width:30%;font-size:11px;font-weight:600;color:#1f2937;">Serviço</th><td style="padding:3px 5px;border-bottom:1px solid #e5e7eb;font-size:11px;color:#111827;">Varrição de Praças (VP)</td></tr><tr><th style="padding:3px 5px;text-align:left;background:#f3f4f6;border-bottom:1px solid #d1d5db;width:30%;font-size:11px;font-weight:600;color:#1f2937;">Setor</th><td style="padding:3px 5px;border-bottom:1px solid #e5e7eb;font-size:11px;color:#111827;">MG10303VP0044</td></tr><tr><th style="padding:3px 5px;text-align:left;background:#f3f4f6;border-bottom:1px solid #d1d5db;width:30%;font-size:11px;font-weight:600;color:#1f2937;">Tipo de Serviço</th><td style="padding:3px 5px;border-bottom:1px solid #e5e7eb;font-size:11px;color:#111827;">Varrição de Praças</td></tr><tr><th style="padding:3px 5px;text-align:left;background:#f3f4f6;border-bottom:1px solid #d1d5db;width:30%;font-size:11px;font-weight:600;color:#1f2937;">Nome</th><td style="padding:3px 5px;border-bottom:1px solid #e5e7eb;font-size:11px;color:#111827;">Praça Stuart Edgar Angel Jones</td></tr><tr><th style="padding:3px 5px;text-align:left;background:#f3f4f6;border-bottom:1px solid #d1d5db;width:30%;font-size:11px;font-weight:600;color:#1f2937;">Logradouro</th><td style="padding:3px 5px;border-bottom:1px solid #e5e7eb;font-size:11px;color:#111827;">R Inacio Firmo</td></tr><tr><th style="padding:3px 5px;text-align:left;background:#f3f4f6;border-bottom:1px solid #d1d5db;width:30%;font-size:11px;font-weight:600;color:#1f2937;">Subprefeitura</th><td style="padding:3px 5px;border-bottom:1px solid #e5e7eb;font-size:11px;color:#111827;">Vila Maria / Vila Guilherme</td></tr><tr><th style="padding:3px 5px;text-align:left;background:#f3f4f6;border-bottom:1px solid #d1d5db;width:30%;font-size:11px;font-weight:600;color:#1f2937;">Turno</th><td style="padding:3px 5px;border-bottom:1px solid #e5e7eb;font-size:11px;color:#111827;">Diurno</td></tr><tr><th style="padding:3px 5px;text-align:left;background:#f3f4f6;border-bottom:1px solid #d1d5db;width:30%;font-size:11px;font-weight:600;color:#1f2937;">Frequência</th><td style="padding:3px 5px;border-bottom:1px solid #e5e7eb;font-size:11px;color:#111827;">Bissemanal de Terça/Sexta</td></tr><tr><th style="padding:3px 5px;text-align:left;background:#f3f4f6;border-bottom:1px solid #d1d5db;width:30%;font-size:11px;font-weight:600;color:#1f2937;">Cronograma</th><td style="padding:3px 5px;border-bottom:1px solid #e5e7eb;font-size:11px;color:#111827;">—</td></tr></table>]]></description><Polygon><outerBoundaryIs><LinearRing><coordinates>-46.5667700,-23.4881300,0 -46.5667800,-23.4882900,0 -46.5668200,-23.4884400,0 -46.5668900,-23.4885900,0 -46.5669800,-23.4887200,0 -46.5671000,-23.4888300,0 -46.5673900,-23.4889900,0 -46.5675600,-23.4890400,0 -46.5679500,-23.4890600,0 -46.5681100,-23.4890500,0 -46.5683700,-23.4889800,0 -46.5687300,-23.4888200,0 -46.5688600,-23.4887200,0 -46.5690600,-23.4884700,0 -46.5691200,-23.4883200,0 -46.5691600,-23.4880700,0 -46.5691000,-23.4877700,0 -46.5687400,-23.4871500,0 -46.5686400,-23.4870200,0 -46.5685200,-23.4869100,0 -46.5682300,-23.4867500,0 -46.5680600,-23.4867100,0 -46.5678900,-23.4867000,0 -46.5677200,-23.4867100,0 -46.5675100,-23.4867600,0 -46.5673900,-23.4868100,0 -46.5672400,-23.4868800,0 -46.5671000,-23.4869800,0 -46.5669900,-23.4870900,0 -46.5668900,-23.4872200,0 -46.5667900,-23.4875200,0 -46.5667700,-23.4881300,0</coordinates></LinearRing></outerBoundaryIs></Polygon></Placemark>
<Style id="s-VP-80">
<LineStyle><color>ffebce87</color><width>2.0</width></LineStyle>
<PolyStyle><color>ffebce87</color></PolyStyle>
<IconStyle><color>ffebce87</color><scale>0.55</scale>
<Icon><href>http://maps.google.com/mapfiles/kml/shapes/placemark_circle.png</href></Icon>
</IconStyle>
<LabelStyle><scale>0.65</scale></LabelStyle>
</Style><Placemark><name>Praça e Padre João Bosco Penido Burnier</name><styleUrl>#s-VP-80</styleUrl><description><![CDATA[<table style="border-collapse:collapse;width:100%;font-family:'Helvetica Neue',Helvetica,Arial,sans-serif;font-size:11px;border:1px solid #e5e7eb;border-radius:8px;overflow:hidden;"><tr><th colspan="2" style="padding:5px 8px;background:#1f6feb;color:#fff;text-align:left;font-size:12px;font-weight:600;">Praça e Padre João Bosco Penido Burnier</th></tr><tr><th style="padding:3px 5px;text-align:left;background:#f3f4f6;border-bottom:1px solid #d1d5db;width:30%;font-size:11px;font-weight:600;color:#1f2937;">Serviço</th><td style="padding:3px 5px;border-bottom:1px solid #e5e7eb;font-size:11px;color:#111827;">Varrição de Praças (VP)</td></tr><tr><th style="padding:3px 5px;text-align:left;background:#f3f4f6;border-bottom:1px solid #d1d5db;width:30%;font-size:11px;font-weight:600;color:#1f2937;">Setor</th><td style="padding:3px 5px;border-bottom:1px solid #e5e7eb;font-size:11px;color:#111827;">MG10303VP0045</td></tr><tr><th style="padding:3px 5px;text-align:left;background:#f3f4f6;border-bottom:1px solid #d1d5db;width:30%;font-size:11px;font-weight:600;color:#1f2937;">Tipo de Serviço</th><td style="padding:3px 5px;border-bottom:1px solid #e5e7eb;font-size:11px;color:#111827;">Varrição de Praças</td></tr><tr><th style="padding:3px 5px;text-align:left;background:#f3f4f6;border-bottom:1px solid #d1d5db;width:30%;font-size:11px;font-weight:600;color:#1f2937;">Nome</th><td style="padding:3px 5px;border-bottom:1px solid #e5e7eb;font-size:11px;color:#111827;">Praça e Padre João Bosco Penido Burnier</td></tr><tr><th style="padding:3px 5px;text-align:left;background:#f3f4f6;border-bottom:1px solid #d1d5db;width:30%;font-size:11px;font-weight:600;color:#1f2937;">Logradouro</th><td style="padding:3px 5px;border-bottom:1px solid #e5e7eb;font-size:11px;color:#111827;">Av do Poeta</td></tr><tr><th style="padding:3px 5px;text-align:left;background:#f3f4f6;border-bottom:1px solid #d1d5db;width:30%;font-size:11px;font-weight:600;color:#1f2937;">Subprefeitura</th><td style="padding:3px 5px;border-bottom:1px solid #e5e7eb;font-size:11px;color:#111827;">Vila Maria / Vila Guilherme</td></tr><tr><th style="padding:3px 5px;text-align:left;background:#f3f4f6;border-bottom:1px solid #d1d5db;width:30%;font-size:11px;font-weight:600;color:#1f2937;">Turno</th><td style="padding:3px 5px;border-bottom:1px solid #e5e7eb;font-size:11px;color:#111827;">Diurno</td></tr><tr><th style="padding:3px 5px;text-align:left;background:#f3f4f6;border-bottom:1px solid #d1d5db;width:30%;font-size:11px;font-weight:600;color:#1f2937;">Frequência</th><td style="padding:3px 5px;border-bottom:1px solid #e5e7eb;font-size:11px;color:#111827;">Bissemanal de Terça/Sexta</td></tr><tr><th style="padding:3px 5px;text-align:left;background:#f3f4f6;border-bottom:1px solid #d1d5db;width:30%;font-size:11px;font-weight:600;color:#1f2937;">Cronograma</th><td style="padding:3px 5px;border-bottom:1px solid #e5e7eb;font-size:11px;color:#111827;">—</td></tr></table>]]></description><Polygon><outerBoundaryIs><LinearRing><coordinates>-46.5655100,-23.4867600,0 -46.5651800,-23.4868100,0 -46.5650200,-23.4868700,0 -46.5647500,-23.4870700,0 -46.5646500,-23.4871900,0 -46.5645700,-23.4873300,0 -46.5645100,-23.4876400,0 -46.5644600,-23.4890000,0 -46.5644700,-23.4891600,0 -46.5645100,-23.4893200,0 -46.5646700,-23.4895900,0 -46.5649300,-23.4898000,0 -46.5650800,-23.4898700,0 -46.5654100,-23.4899300,0 -46.5662200,-23.4899500,0 -46.5665600,-23.4899100,0 -46.5668600,-23.4897600,0 -46.5669800,-23.4896500,0 -46.5670800,-23.4895300,0 -46.5671600,-23.4893800,0 -46.5672100,-23.4892300,0 -46.5672300,-23.4891000,0 -46.5673000,-23.4877300,0 -46.5672900,-23.4875300,0 -46.5671700,-23.4872300,0 -46.5670700,-23.4871100,0 -46.5669500,-23.4870000,0 -46.5666600,-23.4868400,0 -46.5664900,-23.4868000,0 -46.5663500,-23.4867900,0 -46.5655100,-23.4867600,0</coordinates></LinearRing></outerBoundaryIs></Polygon></Placemark>
<Style id="s-VP-81">
<LineStyle><color>ffebce87</color><width>2.0</width></LineStyle>
<PolyStyle><color>ffebce87</color></PolyStyle>
<IconStyle><color>ffebce87</color><scale>0.55</scale>
<Icon><href>http://maps.google.com/mapfiles/kml/shapes/placemark_circle.png</href></Icon>
</IconStyle>
<LabelStyle><scale>0.65</scale></LabelStyle>
</Style><Placemark><name>Praça Arlindo Luz</name><styleUrl>#s-VP-81</styleUrl><description><![CDATA[<table style="border-collapse:collapse;width:100%;font-family:'Helvetica Neue',Helvetica,Arial,sans-serif;font-size:11px;border:1px solid #e5e7eb;border-radius:8px;overflow:hidden;"><tr><th colspan="2" style="padding:5px 8px;background:#1f6feb;color:#fff;text-align:left;font-size:12px;font-weight:600;">Praça Arlindo Luz</th></tr><tr><th style="padding:3px 5px;text-align:left;background:#f3f4f6;border-bottom:1px solid #d1d5db;width:30%;font-size:11px;font-weight:600;color:#1f2937;">Serviço</th><td style="padding:3px 5px;border-bottom:1px solid #e5e7eb;font-size:11px;color:#111827;">Varrição de Praças (VP)</td></tr><tr><th style="padding:3px 5px;text-align:left;background:#f3f4f6;border-bottom:1px solid #d1d5db;width:30%;font-size:11px;font-weight:600;color:#1f2937;">Setor</th><td style="padding:3px 5px;border-bottom:1px solid #e5e7eb;font-size:11px;color:#111827;">MG10304VP0046</td></tr><tr><th style="padding:3px 5px;text-align:left;background:#f3f4f6;border-bottom:1px solid #d1d5db;width:30%;font-size:11px;font-weight:600;color:#1f2937;">Tipo de Serviço</th><td style="padding:3px 5px;border-bottom:1px solid #e5e7eb;font-size:11px;color:#111827;">Varrição de Praças</td></tr><tr><th style="padding:3px 5px;text-align:left;background:#f3f4f6;border-bottom:1px solid #d1d5db;width:30%;font-size:11px;font-weight:600;color:#1f2937;">Nome</th><td style="padding:3px 5px;border-bottom:1px solid #e5e7eb;font-size:11px;color:#111827;">Praça Arlindo Luz</td></tr><tr><th style="padding:3px 5px;text-align:left;background:#f3f4f6;border-bottom:1px solid #d1d5db;width:30%;font-size:11px;font-weight:600;color:#1f2937;">Logradouro</th><td style="padding:3px 5px;border-bottom:1px solid #e5e7eb;font-size:11px;color:#111827;">Av Ramiz Galvao</td></tr><tr><th style="padding:3px 5px;text-align:left;background:#f3f4f6;border-bottom:1px solid #d1d5db;width:30%;font-size:11px;font-weight:600;color:#1f2937;">Subprefeitura</th><td style="padding:3px 5px;border-bottom:1px solid #e5e7eb;font-size:11px;color:#111827;">Vila Maria / Vila Guilherme</td></tr><tr><th style="padding:3px 5px;text-align:left;background:#f3f4f6;border-bottom:1px solid #d1d5db;width:30%;font-size:11px;font-weight:600;color:#1f2937;">Turno</th><td style="padding:3px 5px;border-bottom:1px solid #e5e7eb;font-size:11px;color:#111827;">Diurno</td></tr><tr><th style="padding:3px 5px;text-align:left;background:#f3f4f6;border-bottom:1px solid #d1d5db;width:30%;font-size:11px;font-weight:600;color:#1f2937;">Frequência</th><td style="padding:3px 5px;border-bottom:1px solid #e5e7eb;font-size:11px;color:#111827;">Bissemanal de Quarta/Sábado</td></tr><tr><th style="padding:3px 5px;text-align:left;background:#f3f4f6;border-bottom:1px solid #d1d5db;width:30%;font-size:11px;font-weight:600;color:#1f2937;">Cronograma</th><td style="padding:3px 5px;border-bottom:1px solid #e5e7eb;font-size:11px;color:#111827;">—</td></tr></table>]]></description><Polygon><outerBoundaryIs><LinearRing><coordinates>-46.5778900,-23.4847100,0 -46.5780600,-23.4845400,0 -46.5781800,-23.4843500,0 -46.5782400,-23.4842100,0 -46.5782900,-23.4838700,0 -46.5782800,-23.4837200,0 -46.5782000,-23.4834600,0 -46.5781300,-23.4833300,0 -46.5779900,-23.4831400,0 -46.5776700,-23.4829000,0 -46.5772900,-23.4827800,0 -46.5771300,-23.4827700,0 -46.5768800,-23.4827800,0 -46.5766400,-23.4828400,0 -46.5764800,-23.4829000,0 -46.5761700,-23.4831300,0 -46.5760400,-23.4833000,0 -46.5759100,-23.4835600,0 -46.5758600,-23.4837800,0 -46.5758600,-23.4839200,0 -46.5758900,-23.4841400,0 -46.5759700,-23.4843400,0 -46.5761200,-23.4845700,0 -46.5762900,-23.4847400,0 -46.5766400,-23.4849300,0 -46.5770200,-23.4850000,0 -46.5772500,-23.4849800,0 -46.5775500,-23.4849100,0 -46.5778900,-23.4847100,0</coordinates></LinearRing></outerBoundaryIs></Polygon></Placemark>
<Style id="s-VP-82">
<LineStyle><color>ffebce87</color><width>2.0</width></LineStyle>
<PolyStyle><color>ffebce87</color></PolyStyle>
<IconStyle><color>ffebce87</color><scale>0.55</scale>
<Icon><href>http://maps.google.com/mapfiles/kml/shapes/placemark_circle.png</href></Icon>
</IconStyle>
<LabelStyle><scale>0.65</scale></LabelStyle>
</Style><Placemark><name>Praça Professor António Ramos</name><styleUrl>#s-VP-82</styleUrl><description><![CDATA[<table style="border-collapse:collapse;width:100%;font-family:'Helvetica Neue',Helvetica,Arial,sans-serif;font-size:11px;border:1px solid #e5e7eb;border-radius:8px;overflow:hidden;"><tr><th colspan="2" style="padding:5px 8px;background:#1f6feb;color:#fff;text-align:left;font-size:12px;font-weight:600;">Praça Professor António Ramos</th></tr><tr><th style="padding:3px 5px;text-align:left;background:#f3f4f6;border-bottom:1px solid #d1d5db;width:30%;font-size:11px;font-weight:600;color:#1f2937;">Serviço</th><td style="padding:3px 5px;border-bottom:1px solid #e5e7eb;font-size:11px;color:#111827;">Varrição de Praças (VP)</td></tr><tr><th style="padding:3px 5px;text-align:left;background:#f3f4f6;border-bottom:1px solid #d1d5db;width:30%;font-size:11px;font-weight:600;color:#1f2937;">Setor</th><td style="padding:3px 5px;border-bottom:1px solid #e5e7eb;font-size:11px;color:#111827;">MG10304VP0047</td></tr><tr><th style="padding:3px 5px;text-align:left;background:#f3f4f6;border-bottom:1px solid #d1d5db;width:30%;font-size:11px;font-weight:600;color:#1f2937;">Tipo de Serviço</th><td style="padding:3px 5px;border-bottom:1px solid #e5e7eb;font-size:11px;color:#111827;">Varrição de Praças</td></tr><tr><th style="padding:3px 5px;text-align:left;background:#f3f4f6;border-bottom:1px solid #d1d5db;width:30%;font-size:11px;font-weight:600;color:#1f2937;">Nome</th><td style="padding:3px 5px;border-bottom:1px solid #e5e7eb;font-size:11px;color:#111827;">Praça Professor António Ramos</td></tr><tr><th style="padding:3px 5px;text-align:left;background:#f3f4f6;border-bottom:1px solid #d1d5db;width:30%;font-size:11px;font-weight:600;color:#1f2937;">Logradouro</th><td style="padding:3px 5px;border-bottom:1px solid #e5e7eb;font-size:11px;color:#111827;">R Ten Jose Antunes</td></tr><tr><th style="padding:3px 5px;text-align:left;background:#f3f4f6;border-bottom:1px solid #d1d5db;width:30%;font-size:11px;font-weight:600;color:#1f2937;">Subprefeitura</th><td style="padding:3px 5px;border-bottom:1px solid #e5e7eb;font-size:11px;color:#111827;">Vila Maria / Vila Guilherme</td></tr><tr><th style="padding:3px 5px;text-align:left;background:#f3f4f6;border-bottom:1px solid #d1d5db;width:30%;font-size:11px;font-weight:600;color:#1f2937;">Turno</th><td style="padding:3px 5px;border-bottom:1px solid #e5e7eb;font-size:11px;color:#111827;">Diurno</td></tr><tr><th style="padding:3px 5px;text-align:left;background:#f3f4f6;border-bottom:1px solid #d1d5db;width:30%;font-size:11px;font-weight:600;color:#1f2937;">Frequência</th><td style="padding:3px 5px;border-bottom:1px solid #e5e7eb;font-size:11px;color:#111827;">Bissemanal de Quarta/Sábado</td></tr><tr><th style="padding:3px 5px;text-align:left;background:#f3f4f6;border-bottom:1px solid #d1d5db;width:30%;font-size:11px;font-weight:600;color:#1f2937;">Cronograma</th><td style="padding:3px 5px;border-bottom:1px solid #e5e7eb;font-size:11px;color:#111827;">—</td></tr></table>]]></description><Polygon><outerBoundaryIs><LinearRing><coordinates>-46.5690600,-23.4780700,0 -46.5688400,-23.4780800,0 -46.5686800,-23.4781200,0 -46.5684100,-23.4782500,0 -46.5682800,-23.4783500,0 -46.5681700,-23.4784700,0 -46.5680900,-23.4786000,0 -46.5680000,-23.4788600,0 -46.5679800,-23.4790500,0 -46.5680000,-23.4792000,0 -46.5680500,-23.4793500,0 -46.5681300,-23.4795200,0 -46.5682300,-23.4796400,0 -46.5684700,-23.4798300,0 -46.5687500,-23.4799400,0 -46.5689200,-23.4799700,0 -46.5692200,-23.4799600,0 -46.5693900,-23.4799200,0 -46.5696400,-23.4798000,0 -46.5697900,-23.4796800,0 -46.5699000,-23.4795500,0 -46.5700200,-23.4793300,0 -46.5700700,-23.4791800,0 -46.5700700,-23.4788400,0 -46.5700300,-23.4786900,0 -46.5698500,-23.4784200,0 -46.5696600,-23.4782500,0 -46.5695100,-23.4781700,0 -46.5693600,-23.4781100,0 -46.5691900,-23.4780700,0 -46.5690600,-23.4780700,0</coordinates></LinearRing></outerBoundaryIs></Polygon></Placemark>
<Style id="s-VP-83">
<LineStyle><color>ffebce87</color><width>2.0</width></LineStyle>
<PolyStyle><color>ffebce87</color></PolyStyle>
<IconStyle><color>ffebce87</color><scale>0.55</scale>
<Icon><href>http://maps.google.com/mapfiles/kml/shapes/placemark_circle.png</href></Icon>
</IconStyle>
<LabelStyle><scale>0.65</scale></LabelStyle>
</Style><Placemark><name>Praça Anna Guttemberg</name><styleUrl>#s-VP-83</styleUrl><description><![CDATA[<table style="border-collapse:collapse;width:100%;font-family:'Helvetica Neue',Helvetica,Arial,sans-serif;font-size:11px;border:1px solid #e5e7eb;border-radius:8px;overflow:hidden;"><tr><th colspan="2" style="padding:5px 8px;background:#1f6feb;color:#fff;text-align:left;font-size:12px;font-weight:600;">Praça Anna Guttemberg</th></tr><tr><th style="padding:3px 5px;text-align:left;background:#f3f4f6;border-bottom:1px solid #d1d5db;width:30%;font-size:11px;font-weight:600;color:#1f2937;">Serviço</th><td style="padding:3px 5px;border-bottom:1px solid #e5e7eb;font-size:11px;color:#111827;">Varrição de Praças (VP)</td></tr><tr><th style="padding:3px 5px;text-align:left;background:#f3f4f6;border-bottom:1px solid #d1d5db;width:30%;font-size:11px;font-weight:600;color:#1f2937;">Setor</th><td style="padding:3px 5px;border-bottom:1px solid #e5e7eb;font-size:11px;color:#111827;">MG10304VP0048</td></tr><tr><th style="padding:3px 5px;text-align:left;background:#f3f4f6;border-bottom:1px solid #d1d5db;width:30%;font-size:11px;font-weight:600;color:#1f2937;">Tipo de Serviço</th><td style="padding:3px 5px;border-bottom:1px solid #e5e7eb;font-size:11px;color:#111827;">Varrição de Praças</td></tr><tr><th style="padding:3px 5px;text-align:left;background:#f3f4f6;border-bottom:1px solid #d1d5db;width:30%;font-size:11px;font-weight:600;color:#1f2937;">Nome</th><td style="padding:3px 5px;border-bottom:1px solid #e5e7eb;font-size:11px;color:#111827;">Praça Anna Guttemberg</td></tr><tr><th style="padding:3px 5px;text-align:left;background:#f3f4f6;border-bottom:1px solid #d1d5db;width:30%;font-size:11px;font-weight:600;color:#1f2937;">Logradouro</th><td style="padding:3px 5px;border-bottom:1px solid #e5e7eb;font-size:11px;color:#111827;">R Francisco Ferreira de Carvalho</td></tr><tr><th style="padding:3px 5px;text-align:left;background:#f3f4f6;border-bottom:1px solid #d1d5db;width:30%;font-size:11px;font-weight:600;color:#1f2937;">Subprefeitura</th><td style="padding:3px 5px;border-bottom:1px solid #e5e7eb;font-size:11px;color:#111827;">Vila Maria / Vila Guilherme</td></tr><tr><th style="padding:3px 5px;text-align:left;background:#f3f4f6;border-bottom:1px solid #d1d5db;width:30%;font-size:11px;font-weight:600;color:#1f2937;">Turno</th><td style="padding:3px 5px;border-bottom:1px solid #e5e7eb;font-size:11px;color:#111827;">Diurno</td></tr><tr><th style="padding:3px 5px;text-align:left;background:#f3f4f6;border-bottom:1px solid #d1d5db;width:30%;font-size:11px;font-weight:600;color:#1f2937;">Frequência</th><td style="padding:3px 5px;border-bottom:1px solid #e5e7eb;font-size:11px;color:#111827;">Bissemanal de Quarta/Sábado</td></tr><tr><th style="padding:3px 5px;text-align:left;background:#f3f4f6;border-bottom:1px solid #d1d5db;width:30%;font-size:11px;font-weight:600;color:#1f2937;">Cronograma</th><td style="padding:3px 5px;border-bottom:1px solid #e5e7eb;font-size:11px;color:#111827;">—</td></tr></table>]]></description><Polygon><outerBoundaryIs><LinearRing><coordinates>-46.5709200,-23.4785400,0 -46.5709300,-23.4784400,0 -46.5708700,-23.4781200,0 -46.5707900,-23.4779700,0 -46.5706900,-23.4778400,0 -46.5705700,-23.4777300,0 -46.5704300,-23.4776400,0 -46.5700600,-23.4774700,0 -46.5697400,-23.4773900,0 -46.5695600,-23.4773800,0 -46.5692300,-23.4774600,0 -46.5690800,-23.4775300,0 -46.5689500,-23.4776300,0 -46.5688400,-23.4777500,0 -46.5687600,-23.4778600,0 -46.5684900,-23.4783600,0 -46.5684500,-23.4785100,0 -46.5684400,-23.4786700,0 -46.5684700,-23.4788500,0 -46.5685300,-23.4790100,0 -46.5687200,-23.4792700,0 -46.5688500,-23.4793700,0 -46.5691600,-23.4795100,0 -46.5693300,-23.4795400,0 -46.5695000,-23.4795400,0 -46.5696700,-23.4795200,0 -46.5698300,-23.4794700,0 -46.5699800,-23.4794000,0 -46.5703700,-23.4792700,0 -46.5705200,-23.4791900,0 -46.5707300,-23.4789900,0 -46.5708300,-23.4788400,0 -46.5708900,-23.4786900,0 -46.5709200,-23.4785400,0</coordinates></LinearRing></outerBoundaryIs></Polygon></Placemark>
<Style id="s-VP-84">
<LineStyle><color>ffebce87</color><width>2.0</width></LineStyle>
<PolyStyle><color>ffebce87</color></PolyStyle>
<IconStyle><color>ffebce87</color><scale>0.55</scale>
<Icon><href>http://maps.google.com/mapfiles/kml/shapes/placemark_circle.png</href></Icon>
</IconStyle>
<LabelStyle><scale>0.65</scale></LabelStyle>
</Style><Placemark><name>Praça Erotides de Campos</name><styleUrl>#s-VP-84</styleUrl><description><![CDATA[<table style="border-collapse:collapse;width:100%;font-family:'Helvetica Neue',Helvetica,Arial,sans-serif;font-size:11px;border:1px solid #e5e7eb;border-radius:8px;overflow:hidden;"><tr><th colspan="2" style="padding:5px 8px;background:#1f6feb;color:#fff;text-align:left;font-size:12px;font-weight:600;">Praça Erotides de Campos</th></tr><tr><th style="padding:3px 5px;text-align:left;background:#f3f4f6;border-bottom:1px solid #d1d5db;width:30%;font-size:11px;font-weight:600;color:#1f2937;">Serviço</th><td style="padding:3px 5px;border-bottom:1px solid #e5e7eb;font-size:11px;color:#111827;">Varrição de Praças (VP)</td></tr><tr><th style="padding:3px 5px;text-align:left;background:#f3f4f6;border-bottom:1px solid #d1d5db;width:30%;font-size:11px;font-weight:600;color:#1f2937;">Setor</th><td style="padding:3px 5px;border-bottom:1px solid #e5e7eb;font-size:11px;color:#111827;">MG10304VP0049</td></tr><tr><th style="padding:3px 5px;text-align:left;background:#f3f4f6;border-bottom:1px solid #d1d5db;width:30%;font-size:11px;font-weight:600;color:#1f2937;">Tipo de Serviço</th><td style="padding:3px 5px;border-bottom:1px solid #e5e7eb;font-size:11px;color:#111827;">Varrição de Praças</td></tr><tr><th style="padding:3px 5px;text-align:left;background:#f3f4f6;border-bottom:1px solid #d1d5db;width:30%;font-size:11px;font-weight:600;color:#1f2937;">Nome</th><td style="padding:3px 5px;border-bottom:1px solid #e5e7eb;font-size:11px;color:#111827;">Praça Erotides de Campos</td></tr><tr><th style="padding:3px 5px;text-align:left;background:#f3f4f6;border-bottom:1px solid #d1d5db;width:30%;font-size:11px;font-weight:600;color:#1f2937;">Logradouro</th><td style="padding:3px 5px;border-bottom:1px solid #e5e7eb;font-size:11px;color:#111827;">R Basilio Alves Morango</td></tr><tr><th style="padding:3px 5px;text-align:left;background:#f3f4f6;border-bottom:1px solid #d1d5db;width:30%;font-size:11px;font-weight:600;color:#1f2937;">Subprefeitura</th><td style="padding:3px 5px;border-bottom:1px solid #e5e7eb;font-size:11px;color:#111827;">Vila Maria / Vila Guilherme</td></tr><tr><th style="padding:3px 5px;text-align:left;background:#f3f4f6;border-bottom:1px solid #d1d5db;width:30%;font-size:11px;font-weight:600;color:#1f2937;">Turno</th><td style="padding:3px 5px;border-bottom:1px solid #e5e7eb;font-size:11px;color:#111827;">Diurno</td></tr><tr><th style="padding:3px 5px;text-align:left;background:#f3f4f6;border-bottom:1px solid #d1d5db;width:30%;font-size:11px;font-weight:600;color:#1f2937;">Frequência</th><td style="padding:3px 5px;border-bottom:1px solid #e5e7eb;font-size:11px;color:#111827;">Bissemanal de Quarta/Sábado</td></tr><tr><th style="padding:3px 5px;text-align:left;background:#f3f4f6;border-bottom:1px solid #d1d5db;width:30%;font-size:11px;font-weight:600;color:#1f2937;">Cronograma</th><td style="padding:3px 5px;border-bottom:1px solid #e5e7eb;font-size:11px;color:#111827;">—</td></tr></table>]]></description><Polygon><outerBoundaryIs><LinearRing><coordinates>-46.5724400,-23.4805100,0 -46.5722100,-23.4803100,0 -46.5719900,-23.4801900,0 -46.5716000,-23.4801000,0 -46.5712000,-23.4801300,0 -46.5708400,-23.4802700,0 -46.5706600,-23.4803900,0 -46.5705400,-23.4805000,0 -46.5704000,-23.4806900,0 -46.5702800,-23.4809700,0 -46.5702400,-23.4812100,0 -46.5702700,-23.4814500,0 -46.5703100,-23.4816000,0 -46.5704100,-23.4818000,0 -46.5705000,-23.4819300,0 -46.5706100,-23.4820400,0 -46.5708100,-23.4822000,0 -46.5712000,-23.4823500,0 -46.5714400,-23.4823800,0 -46.5716100,-23.4823800,0 -46.5717700,-23.4823500,0 -46.5720100,-23.4822800,0 -46.5722400,-23.4821500,0 -46.5723700,-23.4820500,0 -46.5724700,-23.4819400,0 -46.5726100,-23.4817300,0 -46.5726900,-23.4815400,0 -46.5727200,-23.4813800,0 -46.5727300,-23.4811600,0 -46.5727100,-23.4810100,0 -46.5725700,-23.4806800,0 -46.5724400,-23.4805100,0</coordinates></LinearRing></outerBoundaryIs></Polygon></Placemark>
<Style id="s-VP-85">
<LineStyle><color>ff00d7ff</color><width>2.0</width></LineStyle>
<PolyStyle><color>ff00d7ff</color></PolyStyle>
<IconStyle><color>ff00d7ff</color><scale>0.55</scale>
<Icon><href>http://maps.google.com/mapfiles/kml/shapes/placemark_circle.png</href></Icon>
</IconStyle>
<LabelStyle><scale>0.65</scale></LabelStyle>
</Style><Placemark><name>Praça Rotery Distrital</name><styleUrl>#s-VP-85</styleUrl><description><![CDATA[<table style="border-collapse:collapse;width:100%;font-family:'Helvetica Neue',Helvetica,Arial,sans-serif;font-size:11px;border:1px solid #e5e7eb;border-radius:8px;overflow:hidden;"><tr><th colspan="2" style="padding:5px 8px;background:#1f6feb;color:#fff;text-align:left;font-size:12px;font-weight:600;">Praça Rotery Distrital</th></tr><tr><th style="padding:3px 5px;text-align:left;background:#f3f4f6;border-bottom:1px solid #d1d5db;width:30%;font-size:11px;font-weight:600;color:#1f2937;">Serviço</th><td style="padding:3px 5px;border-bottom:1px solid #e5e7eb;font-size:11px;color:#111827;">Varrição de Praças (VP)</td></tr><tr><th style="padding:3px 5px;text-align:left;background:#f3f4f6;border-bottom:1px solid #d1d5db;width:30%;font-size:11px;font-weight:600;color:#1f2937;">Setor</th><td style="padding:3px 5px;border-bottom:1px solid #e5e7eb;font-size:11px;color:#111827;">ST10101VP0001</td></tr><tr><th style="padding:3px 5px;text-align:left;background:#f3f4f6;border-bottom:1px solid #d1d5db;width:30%;font-size:11px;font-weight:600;color:#1f2937;">Tipo de Serviço</th><td style="padding:3px 5px;border-bottom:1px solid #e5e7eb;font-size:11px;color:#111827;">Varrição de Praças</td></tr><tr><th style="padding:3px 5px;text-align:left;background:#f3f4f6;border-bottom:1px solid #d1d5db;width:30%;font-size:11px;font-weight:600;color:#1f2937;">Nome</th><td style="padding:3px 5px;border-bottom:1px solid #e5e7eb;font-size:11px;color:#111827;">Praça Rotery Distrital</td></tr><tr><th style="padding:3px 5px;text-align:left;background:#f3f4f6;border-bottom:1px solid #d1d5db;width:30%;font-size:11px;font-weight:600;color:#1f2937;">Logradouro</th><td style="padding:3px 5px;border-bottom:1px solid #e5e7eb;font-size:11px;color:#111827;">Av Alvaro Machado Pedrosa</td></tr><tr><th style="padding:3px 5px;text-align:left;background:#f3f4f6;border-bottom:1px solid #d1d5db;width:30%;font-size:11px;font-weight:600;color:#1f2937;">Subprefeitura</th><td style="padding:3px 5px;border-bottom:1px solid #e5e7eb;font-size:11px;color:#111827;">Santana / Tucuruvi</td></tr><tr><th style="padding:3px 5px;text-align:left;background:#f3f4f6;border-bottom:1px solid #d1d5db;width:30%;font-size:11px;font-weight:600;color:#1f2937;">Turno</th><td style="padding:3px 5px;border-bottom:1px solid #e5e7eb;font-size:11px;color:#111827;">Diurno</td></tr><tr><th style="padding:3px 5px;text-align:left;background:#f3f4f6;border-bottom:1px solid #d1d5db;width:30%;font-size:11px;font-weight:600;color:#1f2937;">Frequência</th><td style="padding:3px 5px;border-bottom:1px solid #e5e7eb;font-size:11px;color:#111827;">Diária</td></tr><tr><th style="padding:3px 5px;text-align:left;background:#f3f4f6;border-bottom:1px solid #d1d5db;width:30%;font-size:11px;font-weight:600;color:#1f2937;">Cronograma</th><td style="padding:3px 5px;border-bottom:1px solid #e5e7eb;font-size:11px;color:#111827;">—</td></tr></table>]]></description><Polygon><outerBoundaryIs><LinearRing><coordinates>-46.6056400,-23.4803200,0 -46.6054800,-23.4835500,0 -46.6054200,-23.4802100,0 -46.6057600,-23.4838900,0 -46.6052600,-23.4801500,0 -46.6060500,-23.4842600,0 -46.6051000,-23.4801100,0 -46.6061600,-23.4843800,0 -46.6049300,-23.4800900,0 -46.6063000,-23.4844800,0 -46.6047600,-23.4801100,0 -46.6064500,-23.4845500,0 -46.6045900,-23.4801500,0 -46.6066100,-23.4846000,0 -46.6029100,-23.4807400,0 -46.6067800,-23.4846300,0 -46.6027500,-23.4808100,0 -46.6069500,-23.4846300,0 -46.6026100,-23.4809000,0 -46.6071100,-23.4846000,0 -46.6024900,-23.4810100,0 -46.6072700,-23.4845400,0 -46.6024000,-23.4811400,0 -46.6073500,-23.4845000,0 -46.6023300,-23.4812800,0 -46.6075500,-23.4843900,0 -46.6022900,-23.4814400,0 -46.6076900,-23.4843000,0 -46.6022700,-23.4815900,0 -46.6078100,-23.4841900,0 -46.6022900,-23.4817500,0 -46.6079000,-23.4840600,0 -46.6023400,-23.4819000,0 -46.6079700,-23.4839200,0 -46.6023400,-23.4819100,0 -46.6080100,-23.4837600,0 -46.6023600,-23.4819600,0 -46.6080300,-23.4836200,0 -46.6023600,-23.4819600,0 -46.6080100,-23.4834700,0 -46.6024200,-23.4821100,0 -46.6079700,-23.4833100,0 -46.6025100,-23.4822400,0 -46.6078900,-23.4831700,0 -46.6025100,-23.4822400,0 -46.6078700,-23.4831400,0 -46.6026100,-23.4823600,0 -46.6069300,-23.4817800,0 -46.6027200,-23.4824800,0 -46.6068200,-23.4816500,0 -46.6027300,-23.4824800,0 -46.6067000,-23.4815500,0 -46.6027800,-23.4825300,0 -46.6066400,-23.4815100,0 -46.6028300,-23.4825700,0 -46.6065000,-23.4814300,0 -46.6029500,-23.4826800,0 -46.6063400,-23.4813700,0 -46.6029900,-23.4827000,0 -46.6061800,-23.4813300,0 -46.6031300,-23.4827900,0 -46.6060100,-23.4813200,0 -46.6032800,-23.4828700,0 -46.6058400,-23.4813400,0 -46.6033800,-23.4829000,0 -46.6056700,-23.4813900,0 -46.6035500,-23.4829500,0 -46.6055400,-23.4814500,0 -46.6036100,-23.4829700,0 -46.6053700,-23.4814500,0 -46.6038000,-23.4830200,0 -46.6052000,-23.4814800,0 -46.6039700,-23.4830400,0 -46.6050400,-23.4815300,0 -46.6040100,-23.4830400,0 -46.6048900,-23.4816100,0 -46.6047200,-23.4830700,0 -46.6047700,-23.4817200,0 -46.6048900,-23.4830700,0 -46.6046600,-23.4818400,0 -46.6049100,-23.4830600,0 -46.6045700,-23.4819700,0 -46.6049700,-23.4830600,0 -46.6045200,-23.4821200,0 -46.6055500,-23.4831800,0 -46.6044900,-23.4822800,0 -46.6057200,-23.4832100,0 -46.6044900,-23.4824300,0 -46.6057700,-23.4832100,0 -46.6045300,-23.4825900,0 -46.6058400,-23.4832100,0 -46.6045900,-23.4827400,0 -46.6060100,-23.4831900,0 -46.6046700,-23.4828700,0 -46.6061600,-23.4831600,0 -46.6047900,-23.4829900,0 -46.6062200,-23.4831400,0 -46.6049200,-23.4830900,0 -46.6063800,-23.4830700,0 -46.6049800,-23.4831200,0 -46.6065200,-23.4829900,0 -46.6052100,-23.4832500,0 -46.6065500,-23.4829600,0 -46.6052900,-23.4833200,0 -46.6065800,-23.4829400,0 -46.6054800,-23.4835500,0 -46.6067000,-23.4828200,0 -46.6068700,-23.4825700,0 -46.6069300,-23.4824200,0 -46.6069600,-23.4822000,0 -46.6069400,-23.4819600,0 -46.6069100,-23.4818200,0 -46.6067800,-23.4815200,0 -46.6063900,-23.4809800,0 -46.6061800,-23.4807300,0 -46.6060100,-23.4805700,0 -46.6056400,-23.4803200,0</coordinates></LinearRing></outerBoundaryIs></Polygon></Placemark>
<Style id="s-VP-86">
<LineStyle><color>ff00d7ff</color><width>2.0</width></LineStyle>
<PolyStyle><color>ff00d7ff</color></PolyStyle>
<IconStyle><color>ff00d7ff</color><scale>0.55</scale>
<Icon><href>http://maps.google.com/mapfiles/kml/shapes/placemark_circle.png</href></Icon>
</IconStyle>
<LabelStyle><scale>0.65</scale></LabelStyle>
</Style><Placemark><name>Praça Airton de Abreu</name><styleUrl>#s-VP-86</styleUrl><description><![CDATA[<table style="border-collapse:collapse;width:100%;font-family:'Helvetica Neue',Helvetica,Arial,sans-serif;font-size:11px;border:1px solid #e5e7eb;border-radius:8px;overflow:hidden;"><tr><th colspan="2" style="padding:5px 8px;background:#1f6feb;color:#fff;text-align:left;font-size:12px;font-weight:600;">Praça Airton de Abreu</th></tr><tr><th style="padding:3px 5px;text-align:left;background:#f3f4f6;border-bottom:1px solid #d1d5db;width:30%;font-size:11px;font-weight:600;color:#1f2937;">Serviço</th><td style="padding:3px 5px;border-bottom:1px solid #e5e7eb;font-size:11px;color:#111827;">Varrição de Praças (VP)</td></tr><tr><th style="padding:3px 5px;text-align:left;background:#f3f4f6;border-bottom:1px solid #d1d5db;width:30%;font-size:11px;font-weight:600;color:#1f2937;">Setor</th><td style="padding:3px 5px;border-bottom:1px solid #e5e7eb;font-size:11px;color:#111827;">ST10101VP0002</td></tr><tr><th style="padding:3px 5px;text-align:left;background:#f3f4f6;border-bottom:1px solid #d1d5db;width:30%;font-size:11px;font-weight:600;color:#1f2937;">Tipo de Serviço</th><td style="padding:3px 5px;border-bottom:1px solid #e5e7eb;font-size:11px;color:#111827;">Varrição de Praças</td></tr><tr><th style="padding:3px 5px;text-align:left;background:#f3f4f6;border-bottom:1px solid #d1d5db;width:30%;font-size:11px;font-weight:600;color:#1f2937;">Nome</th><td style="padding:3px 5px;border-bottom:1px solid #e5e7eb;font-size:11px;color:#111827;">Praça Airton de Abreu</td></tr><tr><th style="padding:3px 5px;text-align:left;background:#f3f4f6;border-bottom:1px solid #d1d5db;width:30%;font-size:11px;font-weight:600;color:#1f2937;">Logradouro</th><td style="padding:3px 5px;border-bottom:1px solid #e5e7eb;font-size:11px;color:#111827;">Ac Ponte das Bandeiras</td></tr><tr><th style="padding:3px 5px;text-align:left;background:#f3f4f6;border-bottom:1px solid #d1d5db;width:30%;font-size:11px;font-weight:600;color:#1f2937;">Subprefeitura</th><td style="padding:3px 5px;border-bottom:1px solid #e5e7eb;font-size:11px;color:#111827;">Santana / Tucuruvi</td></tr><tr><th style="padding:3px 5px;text-align:left;background:#f3f4f6;border-bottom:1px solid #d1d5db;width:30%;font-size:11px;font-weight:600;color:#1f2937;">Turno</th><td style="padding:3px 5px;border-bottom:1px solid #e5e7eb;font-size:11px;color:#111827;">Diurno</td></tr><tr><th style="padding:3px 5px;text-align:left;background:#f3f4f6;border-bottom:1px solid #d1d5db;width:30%;font-size:11px;font-weight:600;color:#1f2937;">Frequência</th><td style="padding:3px 5px;border-bottom:1px solid #e5e7eb;font-size:11px;color:#111827;">Diária</td></tr><tr><th style="padding:3px 5px;text-align:left;background:#f3f4f6;border-bottom:1px solid #d1d5db;width:30%;font-size:11px;font-weight:600;color:#1f2937;">Cronograma</th><td style="padding:3px 5px;border-bottom:1px solid #e5e7eb;font-size:11px;color:#111827;">—</td></tr></table>]]></description><Polygon><outerBoundaryIs><LinearRing><coordinates>-46.6308500,-23.5185500,0 -46.6305000,-23.5188400,0 -46.6310200,-23.5185300,0 -46.6306000,-23.5189200,0 -46.6311700,-23.5185000,0 -46.6307300,-23.5190100,0 -46.6311900,-23.5185000,0 -46.6307600,-23.5190300,0 -46.6313400,-23.5184300,0 -46.6308600,-23.5190800,0 -46.6314800,-23.5183500,0 -46.6309400,-23.5191100,0 -46.6315000,-23.5183300,0 -46.6310500,-23.5191600,0 -46.6315100,-23.5183200,0 -46.6310800,-23.5191700,0 -46.6316300,-23.5182100,0 -46.6311700,-23.5192000,0 -46.6317100,-23.5181200,0 -46.6312900,-23.5192400,0 -46.6317200,-23.5181000,0 -46.6314200,-23.5192700,0 -46.6318000,-23.5179600,0 -46.6315900,-23.5192900,0 -46.6318500,-23.5178100,0 -46.6316000,-23.5192900,0 -46.6318600,-23.5177700,0 -46.6316200,-23.5192900,0 -46.6318600,-23.5177600,0 -46.6317900,-23.5192900,0 -46.6318800,-23.5176000,0 -46.6319600,-23.5192600,0 -46.6318600,-23.5174500,0 -46.6320000,-23.5192500,0 -46.6318500,-23.5174000,0 -46.6320100,-23.5192400,0 -46.6318500,-23.5173800,0 -46.6321700,-23.5191800,0 -46.6317900,-23.5172300,0 -46.6322600,-23.5191300,0 -46.6317400,-23.5171300,0 -46.6322700,-23.5191200,0 -46.6316900,-23.5170600,0 -46.6324000,-23.5190200,0 -46.6316800,-23.5170300,0 -46.6325100,-23.5189000,0 -46.6316400,-23.5169700,0 -46.6325200,-23.5188900,0 -46.6315400,-23.5168600,0 -46.6326100,-23.5187500,0 -46.6314300,-23.5167400,0 -46.6326700,-23.5186100,0 -46.6313900,-23.5167000,0 -46.6326700,-23.5185800,0 -46.6312700,-23.5165800,0 -46.6326800,-23.5185700,0 -46.6312300,-23.5165400,0 -46.6327000,-23.5184100,0 -46.6310200,-23.5163700,0 -46.6327100,-23.5183500,0 -46.6309200,-23.5162800,0 -46.6327000,-23.5182800,0 -46.6309000,-23.5162200,0 -46.6327000,-23.5182700,0 -46.6308700,-23.5161500,0 -46.6326700,-23.5181200,0 -46.6308300,-23.5160700,0 -46.6326400,-23.5180100,0 -46.6308100,-23.5160200,0 -46.6326300,-23.5180000,0 -46.6307500,-23.5159300,0 -46.6325500,-23.5178600,0 -46.6307400,-23.5159200,0 -46.6325000,-23.5177800,0 -46.6306400,-23.5158000,0 -46.6324900,-23.5177700,0 -46.6306000,-23.5157700,0 -46.6323700,-23.5176600,0 -46.6304700,-23.5156600,0 -46.6322400,-23.5175600,0 -46.6304500,-23.5156500,0 -46.6322000,-23.5175400,0 -46.6304300,-23.5156400,0 -46.6321800,-23.5175300,0 -46.6302900,-23.5155600,0 -46.6320300,-23.5174700,0 -46.6301900,-23.5155200,0 -46.6319400,-23.5174400,0 -46.6301700,-23.5155200,0 -46.6319100,-23.5174300,0 -46.6300100,-23.5154800,0 -46.6318900,-23.5173900,0 -46.6298400,-23.5154700,0 -46.6318700,-23.5173600,0 -46.6297900,-23.5154700,0 -46.6318200,-23.5172600,0 -46.6297800,-23.5154700,0 -46.6317800,-23.5172000,0 -46.6296100,-23.5155000,0 -46.6317300,-23.5171300,0 -46.6294700,-23.5155400,0 -46.6316300,-23.5170000,0 -46.6294500,-23.5155400,0 -46.6315100,-23.5168900,0 -46.6293000,-23.5156200,0 -46.6313700,-23.5168000,0 -46.6291600,-23.5157100,0 -46.6312100,-23.5167400,0 -46.6291300,-23.5157400,0 -46.6310500,-23.5167000,0 -46.6291200,-23.5157500,0 -46.6308800,-23.5166900,0 -46.6290100,-23.5158700,0 -46.6307100,-23.5167000,0 -46.6289400,-23.5159700,0 -46.6305400,-23.5167400,0 -46.6289300,-23.5159800,0 -46.6303900,-23.5168100,0 -46.6288700,-23.5161300,0 -46.6303100,-23.5168600,0 -46.6288300,-23.5162800,0 -46.6301800,-23.5169500,0 -46.6288300,-23.5163000,0 -46.6300500,-23.5170600,0 -46.6288300,-23.5163100,0 -46.6299600,-23.5171900,0 -46.6288200,-23.5164700,0 -46.6298900,-23.5173300,0 -46.6288500,-23.5166300,0 -46.6298400,-23.5174800,0 -46.6288500,-23.5166300,0 -46.6298300,-23.5176400,0 -46.6288500,-23.5166500,0 -46.6298400,-23.5177900,0 -46.6289100,-23.5167900,0 -46.6298900,-23.5179500,0 -46.6289800,-23.5169100,0 -46.6299600,-23.5180900,0 -46.6289800,-23.5169200,0 -46.6299600,-23.5180900,0 -46.6290000,-23.5169700,0 -46.6299900,-23.5181300,0 -46.6290400,-23.5170600,0 -46.6300200,-23.5181900,0 -46.6291200,-23.5172000,0 -46.6300800,-23.5183100,0 -46.6291800,-23.5173000,0 -46.6301200,-23.5183800,0 -46.6292600,-23.5174100,0 -46.6302100,-23.5185200,0 -46.6294100,-23.5175600,0 -46.6302700,-23.5186000,0 -46.6295800,-23.5177200,0 -46.6303400,-23.5186800,0 -46.6296100,-23.5177500,0 -46.6304000,-23.5187500,0 -46.6298100,-23.5179100,0 -46.6305000,-23.5188400,0 -46.6298900,-23.5179800,0 -46.6300500,-23.5182000,0 -46.6301700,-23.5183200,0 -46.6303300,-23.5184200,0 -46.6305000,-23.5185000,0 -46.6306900,-23.5185400,0 -46.6308500,-23.5185500,0</coordinates></LinearRing></outerBoundaryIs></Polygon></Placemark>
<Style id="s-VP-87">
<LineStyle><color>ff00d7ff</color><width>2.0</width></LineStyle>
<PolyStyle><color>ff00d7ff</color></PolyStyle>
<IconStyle><color>ff00d7ff</color><scale>0.55</scale>
<Icon><href>http://maps.google.com/mapfiles/kml/shapes/placemark_circle.png</href></Icon>
</IconStyle>
<LabelStyle><scale>0.65</scale></LabelStyle>
</Style><Placemark><name>Praça Renato de Araujo Salgado</name><styleUrl>#s-VP-87</styleUrl><description><![CDATA[<table style="border-collapse:collapse;width:100%;font-family:'Helvetica Neue',Helvetica,Arial,sans-serif;font-size:11px;border:1px solid #e5e7eb;border-radius:8px;overflow:hidden;"><tr><th colspan="2" style="padding:5px 8px;background:#1f6feb;color:#fff;text-align:left;font-size:12px;font-weight:600;">Praça Renato de Araujo Salgado</th></tr><tr><th style="padding:3px 5px;text-align:left;background:#f3f4f6;border-bottom:1px solid #d1d5db;width:30%;font-size:11px;font-weight:600;color:#1f2937;">Serviço</th><td style="padding:3px 5px;border-bottom:1px solid #e5e7eb;font-size:11px;color:#111827;">Varrição de Praças (VP)</td></tr><tr><th style="padding:3px 5px;text-align:left;background:#f3f4f6;border-bottom:1px solid #d1d5db;width:30%;font-size:11px;font-weight:600;color:#1f2937;">Setor</th><td style="padding:3px 5px;border-bottom:1px solid #e5e7eb;font-size:11px;color:#111827;">ST10101VP0003</td></tr><tr><th style="padding:3px 5px;text-align:left;background:#f3f4f6;border-bottom:1px solid #d1d5db;width:30%;font-size:11px;font-weight:600;color:#1f2937;">Tipo de Serviço</th><td style="padding:3px 5px;border-bottom:1px solid #e5e7eb;font-size:11px;color:#111827;">Varrição de Praças</td></tr><tr><th style="padding:3px 5px;text-align:left;background:#f3f4f6;border-bottom:1px solid #d1d5db;width:30%;font-size:11px;font-weight:600;color:#1f2937;">Nome</th><td style="padding:3px 5px;border-bottom:1px solid #e5e7eb;font-size:11px;color:#111827;">Praça Renato de Araujo Salgado</td></tr><tr><th style="padding:3px 5px;text-align:left;background:#f3f4f6;border-bottom:1px solid #d1d5db;width:30%;font-size:11px;font-weight:600;color:#1f2937;">Logradouro</th><td style="padding:3px 5px;border-bottom:1px solid #e5e7eb;font-size:11px;color:#111827;">R Estefania Louro</td></tr><tr><th style="padding:3px 5px;text-align:left;background:#f3f4f6;border-bottom:1px solid #d1d5db;width:30%;font-size:11px;font-weight:600;color:#1f2937;">Subprefeitura</th><td style="padding:3px 5px;border-bottom:1px solid #e5e7eb;font-size:11px;color:#111827;">Santana / Tucuruvi</td></tr><tr><th style="padding:3px 5px;text-align:left;background:#f3f4f6;border-bottom:1px solid #d1d5db;width:30%;font-size:11px;font-weight:600;color:#1f2937;">Turno</th><td style="padding:3px 5px;border-bottom:1px solid #e5e7eb;font-size:11px;color:#111827;">Diurno</td></tr><tr><th style="padding:3px 5px;text-align:left;background:#f3f4f6;border-bottom:1px solid #d1d5db;width:30%;font-size:11px;font-weight:600;color:#1f2937;">Frequência</th><td style="padding:3px 5px;border-bottom:1px solid #e5e7eb;font-size:11px;color:#111827;">Diária</td></tr><tr><th style="padding:3px 5px;text-align:left;background:#f3f4f6;border-bottom:1px solid #d1d5db;width:30%;font-size:11px;font-weight:600;color:#1f2937;">Cronograma</th><td style="padding:3px 5px;border-bottom:1px solid #e5e7eb;font-size:11px;color:#111827;">—</td></tr></table>]]></description><Polygon><outerBoundaryIs><LinearRing><coordinates>-46.6108000,-23.4929600,0 -46.6110000,-23.4929700,0 -46.6111700,-23.4929400,0 -46.6114800,-23.4928200,0 -46.6116200,-23.4927200,0 -46.6118200,-23.4924700,0 -46.6118800,-23.4923200,0 -46.6119200,-23.4921700,0 -46.6119100,-23.4919100,0 -46.6118600,-23.4917400,0 -46.6114700,-23.4908500,0 -46.6113600,-23.4906500,0 -46.6112500,-23.4905300,0 -46.6110100,-23.4903600,0 -46.6108600,-23.4902900,0 -46.6106900,-23.4902500,0 -46.6103000,-23.4902500,0 -46.6101600,-23.4902800,0 -46.6099700,-23.4903600,0 -46.6098300,-23.4904400,0 -46.6096400,-23.4906200,0 -46.6094800,-23.4908900,0 -46.6094400,-23.4911400,0 -46.6094400,-23.4913000,0 -46.6096600,-23.4922300,0 -46.6097100,-23.4923800,0 -46.6097900,-23.4925200,0 -46.6100200,-23.4927500,0 -46.6101700,-23.4928300,0 -46.6103200,-23.4928900,0 -46.6104900,-23.4929300,0 -46.6108000,-23.4929600,0</coordinates></LinearRing></outerBoundaryIs></Polygon></Placemark>
<Style id="s-VP-88">
<LineStyle><color>ff00d7ff</color><width>2.0</width></LineStyle>
<PolyStyle><color>ff00d7ff</color></PolyStyle>
<IconStyle><color>ff00d7ff</color><scale>0.55</scale>
<Icon><href>http://maps.google.com/mapfiles/kml/shapes/placemark_circle.png</href></Icon>
</IconStyle>
<LabelStyle><scale>0.65</scale></LabelStyle>
</Style><Placemark><name>Praça Nossa Senhora dos Prazeres</name><styleUrl>#s-VP-88</styleUrl><description><![CDATA[<table style="border-collapse:collapse;width:100%;font-family:'Helvetica Neue',Helvetica,Arial,sans-serif;font-size:11px;border:1px solid #e5e7eb;border-radius:8px;overflow:hidden;"><tr><th colspan="2" style="padding:5px 8px;background:#1f6feb;color:#fff;text-align:left;font-size:12px;font-weight:600;">Praça Nossa Senhora dos Prazeres</th></tr><tr><th style="padding:3px 5px;text-align:left;background:#f3f4f6;border-bottom:1px solid #d1d5db;width:30%;font-size:11px;font-weight:600;color:#1f2937;">Serviço</th><td style="padding:3px 5px;border-bottom:1px solid #e5e7eb;font-size:11px;color:#111827;">Varrição de Praças (VP)</td></tr><tr><th style="padding:3px 5px;text-align:left;background:#f3f4f6;border-bottom:1px solid #d1d5db;width:30%;font-size:11px;font-weight:600;color:#1f2937;">Setor</th><td style="padding:3px 5px;border-bottom:1px solid #e5e7eb;font-size:11px;color:#111827;">ST10101VP0004</td></tr><tr><th style="padding:3px 5px;text-align:left;background:#f3f4f6;border-bottom:1px solid #d1d5db;width:30%;font-size:11px;font-weight:600;color:#1f2937;">Tipo de Serviço</th><td style="padding:3px 5px;border-bottom:1px solid #e5e7eb;font-size:11px;color:#111827;">Varrição de Praças</td></tr><tr><th style="padding:3px 5px;text-align:left;background:#f3f4f6;border-bottom:1px solid #d1d5db;width:30%;font-size:11px;font-weight:600;color:#1f2937;">Nome</th><td style="padding:3px 5px;border-bottom:1px solid #e5e7eb;font-size:11px;color:#111827;">Praça Nossa Senhora dos Prazeres</td></tr><tr><th style="padding:3px 5px;text-align:left;background:#f3f4f6;border-bottom:1px solid #d1d5db;width:30%;font-size:11px;font-weight:600;color:#1f2937;">Logradouro</th><td style="padding:3px 5px;border-bottom:1px solid #e5e7eb;font-size:11px;color:#111827;">Av Luiz Dumont Villares</td></tr><tr><th style="padding:3px 5px;text-align:left;background:#f3f4f6;border-bottom:1px solid #d1d5db;width:30%;font-size:11px;font-weight:600;color:#1f2937;">Subprefeitura</th><td style="padding:3px 5px;border-bottom:1px solid #e5e7eb;font-size:11px;color:#111827;">Santana / Tucuruvi</td></tr><tr><th style="padding:3px 5px;text-align:left;background:#f3f4f6;border-bottom:1px solid #d1d5db;width:30%;font-size:11px;font-weight:600;color:#1f2937;">Turno</th><td style="padding:3px 5px;border-bottom:1px solid #e5e7eb;font-size:11px;color:#111827;">Diurno</td></tr><tr><th style="padding:3px 5px;text-align:left;background:#f3f4f6;border-bottom:1px solid #d1d5db;width:30%;font-size:11px;font-weight:600;color:#1f2937;">Frequência</th><td style="padding:3px 5px;border-bottom:1px solid #e5e7eb;font-size:11px;color:#111827;">Diária</td></tr><tr><th style="padding:3px 5px;text-align:left;background:#f3f4f6;border-bottom:1px solid #d1d5db;width:30%;font-size:11px;font-weight:600;color:#1f2937;">Cronograma</th><td style="padding:3px 5px;border-bottom:1px solid #e5e7eb;font-size:11px;color:#111827;">—</td></tr></table>]]></description><Polygon><outerBoundaryIs><LinearRing><coordinates>-46.6088200,-23.4901000,0 -46.6089800,-23.4903700,0 -46.6091000,-23.4904900,0 -46.6092400,-23.4905800,0 -46.6095500,-23.4907000,0 -46.6097200,-23.4907200,0 -46.6098900,-23.4907100,0 -46.6102300,-23.4906200,0 -46.6103900,-23.4905600,0 -46.6105300,-23.4904700,0 -46.6106600,-23.4903700,0 -46.6107600,-23.4902400,0 -46.6108400,-23.4901000,0 -46.6108900,-23.4899500,0 -46.6109100,-23.4897700,0 -46.6108500,-23.4894600,0 -46.6100300,-23.4877700,0 -46.6099500,-23.4876400,0 -46.6098400,-23.4875100,0 -46.6095700,-23.4873300,0 -46.6094100,-23.4872700,0 -46.6090700,-23.4872300,0 -46.6087400,-23.4873000,0 -46.6085000,-23.4874100,0 -46.6083500,-23.4874900,0 -46.6082200,-23.4875900,0 -46.6081100,-23.4877100,0 -46.6079700,-23.4879900,0 -46.6079400,-23.4881500,0 -46.6079400,-23.4883000,0 -46.6080000,-23.4887300,0 -46.6082600,-23.4893200,0 -46.6083400,-23.4894600,0 -46.6088200,-23.4901000,0</coordinates></LinearRing></outerBoundaryIs></Polygon></Placemark>
<Style id="s-VP-89">
<LineStyle><color>ff00d7ff</color><width>2.0</width></LineStyle>
<PolyStyle><color>ff00d7ff</color></PolyStyle>
<IconStyle><color>ff00d7ff</color><scale>0.55</scale>
<Icon><href>http://maps.google.com/mapfiles/kml/shapes/placemark_circle.png</href></Icon>
</IconStyle>
<LabelStyle><scale>0.65</scale></LabelStyle>
</Style><Placemark><name>Paineira do Campo</name><styleUrl>#s-VP-89</styleUrl><description><![CDATA[<table style="border-collapse:collapse;width:100%;font-family:'Helvetica Neue',Helvetica,Arial,sans-serif;font-size:11px;border:1px solid #e5e7eb;border-radius:8px;overflow:hidden;"><tr><th colspan="2" style="padding:5px 8px;background:#1f6feb;color:#fff;text-align:left;font-size:12px;font-weight:600;">Paineira do Campo</th></tr><tr><th style="padding:3px 5px;text-align:left;background:#f3f4f6;border-bottom:1px solid #d1d5db;width:30%;font-size:11px;font-weight:600;color:#1f2937;">Serviço</th><td style="padding:3px 5px;border-bottom:1px solid #e5e7eb;font-size:11px;color:#111827;">Varrição de Praças (VP)</td></tr><tr><th style="padding:3px 5px;text-align:left;background:#f3f4f6;border-bottom:1px solid #d1d5db;width:30%;font-size:11px;font-weight:600;color:#1f2937;">Setor</th><td style="padding:3px 5px;border-bottom:1px solid #e5e7eb;font-size:11px;color:#111827;">ST10101VP0005</td></tr><tr><th style="padding:3px 5px;text-align:left;background:#f3f4f6;border-bottom:1px solid #d1d5db;width:30%;font-size:11px;font-weight:600;color:#1f2937;">Tipo de Serviço</th><td style="padding:3px 5px;border-bottom:1px solid #e5e7eb;font-size:11px;color:#111827;">Varrição de Praças</td></tr><tr><th style="padding:3px 5px;text-align:left;background:#f3f4f6;border-bottom:1px solid #d1d5db;width:30%;font-size:11px;font-weight:600;color:#1f2937;">Nome</th><td style="padding:3px 5px;border-bottom:1px solid #e5e7eb;font-size:11px;color:#111827;">Paineira do Campo</td></tr><tr><th style="padding:3px 5px;text-align:left;background:#f3f4f6;border-bottom:1px solid #d1d5db;width:30%;font-size:11px;font-weight:600;color:#1f2937;">Logradouro</th><td style="padding:3px 5px;border-bottom:1px solid #e5e7eb;font-size:11px;color:#111827;">Av Sto Dumont</td></tr><tr><th style="padding:3px 5px;text-align:left;background:#f3f4f6;border-bottom:1px solid #d1d5db;width:30%;font-size:11px;font-weight:600;color:#1f2937;">Subprefeitura</th><td style="padding:3px 5px;border-bottom:1px solid #e5e7eb;font-size:11px;color:#111827;">Santana / Tucuruvi</td></tr><tr><th style="padding:3px 5px;text-align:left;background:#f3f4f6;border-bottom:1px solid #d1d5db;width:30%;font-size:11px;font-weight:600;color:#1f2937;">Turno</th><td style="padding:3px 5px;border-bottom:1px solid #e5e7eb;font-size:11px;color:#111827;">Diurno</td></tr><tr><th style="padding:3px 5px;text-align:left;background:#f3f4f6;border-bottom:1px solid #d1d5db;width:30%;font-size:11px;font-weight:600;color:#1f2937;">Frequência</th><td style="padding:3px 5px;border-bottom:1px solid #e5e7eb;font-size:11px;color:#111827;">Diária</td></tr><tr><th style="padding:3px 5px;text-align:left;background:#f3f4f6;border-bottom:1px solid #d1d5db;width:30%;font-size:11px;font-weight:600;color:#1f2937;">Cronograma</th><td style="padding:3px 5px;border-bottom:1px solid #e5e7eb;font-size:11px;color:#111827;">—</td></tr></table>]]></description><Polygon><outerBoundaryIs><LinearRing><coordinates>-46.6278400,-23.5130200,0 -46.6276700,-23.5130600,0 -46.6273800,-23.5132200,0 -46.6272600,-23.5133300,0 -46.6271600,-23.5134600,0 -46.6270900,-23.5136000,0 -46.6270300,-23.5139100,0 -46.6270900,-23.5142200,0 -46.6271600,-23.5143600,0 -46.6272600,-23.5144900,0 -46.6275700,-23.5148300,0 -46.6276900,-23.5149400,0 -46.6278300,-23.5150300,0 -46.6279900,-23.5151000,0 -46.6281500,-23.5151400,0 -46.6284900,-23.5151400,0 -46.6286600,-23.5151000,0 -46.6288100,-23.5150300,0 -46.6290800,-23.5148300,0 -46.6292200,-23.5146200,0 -46.6294900,-23.5140400,0 -46.6295200,-23.5138200,0 -46.6294600,-23.5135100,0 -46.6292900,-23.5132400,0 -46.6291700,-23.5131300,0 -46.6290200,-23.5130400,0 -46.6288700,-23.5129800,0 -46.6285300,-23.5129200,0 -46.6278400,-23.5130200,0</coordinates></LinearRing></outerBoundaryIs></Polygon></Placemark>
<Style id="s-VP-90">
<LineStyle><color>ff00d7ff</color><width>2.0</width></LineStyle>
<PolyStyle><color>ff00d7ff</color></PolyStyle>
<IconStyle><color>ff00d7ff</color><scale>0.55</scale>
<Icon><href>http://maps.google.com/mapfiles/kml/shapes/placemark_circle.png</href></Icon>
</IconStyle>
<LabelStyle><scale>0.65</scale></LabelStyle>
</Style><Placemark><name>Praça Nakhle Khouri Gharib</name><styleUrl>#s-VP-90</styleUrl><description><![CDATA[<table style="border-collapse:collapse;width:100%;font-family:'Helvetica Neue',Helvetica,Arial,sans-serif;font-size:11px;border:1px solid #e5e7eb;border-radius:8px;overflow:hidden;"><tr><th colspan="2" style="padding:5px 8px;background:#1f6feb;color:#fff;text-align:left;font-size:12px;font-weight:600;">Praça Nakhle Khouri Gharib</th></tr><tr><th style="padding:3px 5px;text-align:left;background:#f3f4f6;border-bottom:1px solid #d1d5db;width:30%;font-size:11px;font-weight:600;color:#1f2937;">Serviço</th><td style="padding:3px 5px;border-bottom:1px solid #e5e7eb;font-size:11px;color:#111827;">Varrição de Praças (VP)</td></tr><tr><th style="padding:3px 5px;text-align:left;background:#f3f4f6;border-bottom:1px solid #d1d5db;width:30%;font-size:11px;font-weight:600;color:#1f2937;">Setor</th><td style="padding:3px 5px;border-bottom:1px solid #e5e7eb;font-size:11px;color:#111827;">ST10101VP0006</td></tr><tr><th style="padding:3px 5px;text-align:left;background:#f3f4f6;border-bottom:1px solid #d1d5db;width:30%;font-size:11px;font-weight:600;color:#1f2937;">Tipo de Serviço</th><td style="padding:3px 5px;border-bottom:1px solid #e5e7eb;font-size:11px;color:#111827;">Varrição de Praças</td></tr><tr><th style="padding:3px 5px;text-align:left;background:#f3f4f6;border-bottom:1px solid #d1d5db;width:30%;font-size:11px;font-weight:600;color:#1f2937;">Nome</th><td style="padding:3px 5px;border-bottom:1px solid #e5e7eb;font-size:11px;color:#111827;">Praça Nakhle Khouri Gharib</td></tr><tr><th style="padding:3px 5px;text-align:left;background:#f3f4f6;border-bottom:1px solid #d1d5db;width:30%;font-size:11px;font-weight:600;color:#1f2937;">Logradouro</th><td style="padding:3px 5px;border-bottom:1px solid #e5e7eb;font-size:11px;color:#111827;">Av Sto Dumont</td></tr><tr><th style="padding:3px 5px;text-align:left;background:#f3f4f6;border-bottom:1px solid #d1d5db;width:30%;font-size:11px;font-weight:600;color:#1f2937;">Subprefeitura</th><td style="padding:3px 5px;border-bottom:1px solid #e5e7eb;font-size:11px;color:#111827;">Santana / Tucuruvi</td></tr><tr><th style="padding:3px 5px;text-align:left;background:#f3f4f6;border-bottom:1px solid #d1d5db;width:30%;font-size:11px;font-weight:600;color:#1f2937;">Turno</th><td style="padding:3px 5px;border-bottom:1px solid #e5e7eb;font-size:11px;color:#111827;">Diurno</td></tr><tr><th style="padding:3px 5px;text-align:left;background:#f3f4f6;border-bottom:1px solid #d1d5db;width:30%;font-size:11px;font-weight:600;color:#1f2937;">Frequência</th><td style="padding:3px 5px;border-bottom:1px solid #e5e7eb;font-size:11px;color:#111827;">Diária</td></tr><tr><th style="padding:3px 5px;text-align:left;background:#f3f4f6;border-bottom:1px solid #d1d5db;width:30%;font-size:11px;font-weight:600;color:#1f2937;">Cronograma</th><td style="padding:3px 5px;border-bottom:1px solid #e5e7eb;font-size:11px;color:#111827;">—</td></tr></table>]]></description><Polygon><outerBoundaryIs><LinearRing><coordinates>-46.6293300,-23.5098100,0 -46.6291400,-23.5095800,0 -46.6289100,-23.5094200,0 -46.6287400,-23.5093400,0 -46.6285800,-23.5092900,0 -46.6284100,-23.5092700,0 -46.6282400,-23.5092800,0 -46.6280700,-23.5093200,0 -46.6279200,-23.5093800,0 -46.6277700,-23.5094600,0 -46.6275400,-23.5096900,0 -46.6274200,-23.5099800,0 -46.6274000,-23.5102900,0 -46.6275800,-23.5115000,0 -46.6276800,-23.5117900,0 -46.6277800,-23.5119300,0 -46.6278900,-23.5120400,0 -46.6280300,-23.5121400,0 -46.6283400,-23.5122600,0 -46.6285100,-23.5122800,0 -46.6288500,-23.5122400,0 -46.6290200,-23.5121700,0 -46.6292200,-23.5120500,0 -46.6293800,-23.5119100,0 -46.6294900,-23.5117800,0 -46.6295700,-23.5116400,0 -46.6296400,-23.5114500,0 -46.6296700,-23.5112600,0 -46.6296400,-23.5106900,0 -46.6294900,-23.5101000,0 -46.6294100,-23.5099300,0 -46.6293300,-23.5098100,0</coordinates></LinearRing></outerBoundaryIs></Polygon></Placemark>
<Style id="s-VP-91">
<LineStyle><color>ff00d7ff</color><width>2.0</width></LineStyle>
<PolyStyle><color>ff00d7ff</color></PolyStyle>
<IconStyle><color>ff00d7ff</color><scale>0.55</scale>
<Icon><href>http://maps.google.com/mapfiles/kml/shapes/placemark_circle.png</href></Icon>
</IconStyle>
<LabelStyle><scale>0.65</scale></LabelStyle>
</Style><Placemark><name>Av. Dr. António Maria de Laet (entre a Rua Claudino Inácio Joaquim x</name><styleUrl>#s-VP-91</styleUrl><description><![CDATA[<table style="border-collapse:collapse;width:100%;font-family:'Helvetica Neue',Helvetica,Arial,sans-serif;font-size:11px;border:1px solid #e5e7eb;border-radius:8px;overflow:hidden;"><tr><th colspan="2" style="padding:5px 8px;background:#1f6feb;color:#fff;text-align:left;font-size:12px;font-weight:600;">Av. Dr. António Maria de Laet (entre a Rua Claudino Inácio Joaquim x</th></tr><tr><th style="padding:3px 5px;text-align:left;background:#f3f4f6;border-bottom:1px solid #d1d5db;width:30%;font-size:11px;font-weight:600;color:#1f2937;">Serviço</th><td style="padding:3px 5px;border-bottom:1px solid #e5e7eb;font-size:11px;color:#111827;">Varrição de Praças (VP)</td></tr><tr><th style="padding:3px 5px;text-align:left;background:#f3f4f6;border-bottom:1px solid #d1d5db;width:30%;font-size:11px;font-weight:600;color:#1f2937;">Setor</th><td style="padding:3px 5px;border-bottom:1px solid #e5e7eb;font-size:11px;color:#111827;">ST10101VP0007</td></tr><tr><th style="padding:3px 5px;text-align:left;background:#f3f4f6;border-bottom:1px solid #d1d5db;width:30%;font-size:11px;font-weight:600;color:#1f2937;">Tipo de Serviço</th><td style="padding:3px 5px;border-bottom:1px solid #e5e7eb;font-size:11px;color:#111827;">Varrição de Praças</td></tr><tr><th style="padding:3px 5px;text-align:left;background:#f3f4f6;border-bottom:1px solid #d1d5db;width:30%;font-size:11px;font-weight:600;color:#1f2937;">Nome</th><td style="padding:3px 5px;border-bottom:1px solid #e5e7eb;font-size:11px;color:#111827;">Av. Dr. António Maria de Laet (entre a Rua Claudino Inácio Joaquim x</td></tr><tr><th style="padding:3px 5px;text-align:left;background:#f3f4f6;border-bottom:1px solid #d1d5db;width:30%;font-size:11px;font-weight:600;color:#1f2937;">Logradouro</th><td style="padding:3px 5px;border-bottom:1px solid #e5e7eb;font-size:11px;color:#111827;">R Ausonia</td></tr><tr><th style="padding:3px 5px;text-align:left;background:#f3f4f6;border-bottom:1px solid #d1d5db;width:30%;font-size:11px;font-weight:600;color:#1f2937;">Subprefeitura</th><td style="padding:3px 5px;border-bottom:1px solid #e5e7eb;font-size:11px;color:#111827;">Santana / Tucuruvi</td></tr><tr><th style="padding:3px 5px;text-align:left;background:#f3f4f6;border-bottom:1px solid #d1d5db;width:30%;font-size:11px;font-weight:600;color:#1f2937;">Turno</th><td style="padding:3px 5px;border-bottom:1px solid #e5e7eb;font-size:11px;color:#111827;">Diurno</td></tr><tr><th style="padding:3px 5px;text-align:left;background:#f3f4f6;border-bottom:1px solid #d1d5db;width:30%;font-size:11px;font-weight:600;color:#1f2937;">Frequência</th><td style="padding:3px 5px;border-bottom:1px solid #e5e7eb;font-size:11px;color:#111827;">Diária</td></tr><tr><th style="padding:3px 5px;text-align:left;background:#f3f4f6;border-bottom:1px solid #d1d5db;width:30%;font-size:11px;font-weight:600;color:#1f2937;">Cronograma</th><td style="padding:3px 5px;border-bottom:1px solid #e5e7eb;font-size:11px;color:#111827;">—</td></tr></table>]]></description><Polygon><outerBoundaryIs><LinearRing><coordinates>-46.6042400,-23.4805400,0 -46.6043700,-23.4804500,0 -46.6044800,-23.4803300,0 -46.6045700,-23.4802000,0 -46.6046400,-23.4800500,0 -46.6046800,-23.4797900,0 -46.6046700,-23.4796300,0 -46.6046200,-23.4794800,0 -46.6045500,-23.4793400,0 -46.6044500,-23.4792100,0 -46.6033400,-23.4780200,0 -46.6032200,-23.4779100,0 -46.6030800,-23.4778200,0 -46.6029200,-23.4777600,0 -46.6027600,-23.4777200,0 -46.6024200,-23.4777200,0 -46.6022500,-23.4777600,0 -46.6020800,-23.4778400,0 -46.6017800,-23.4780300,0 -46.6016600,-23.4781400,0 -46.6015000,-23.4784200,0 -46.6014600,-23.4785700,0 -46.6014500,-23.4787300,0 -46.6014700,-23.4788800,0 -46.6015200,-23.4790300,0 -46.6016000,-23.4791800,0 -46.6016800,-23.4792800,0 -46.6027600,-23.4804700,0 -46.6028900,-23.4805900,0 -46.6030300,-23.4806800,0 -46.6033400,-23.4807800,0 -46.6035200,-23.4808000,0 -46.6038500,-23.4807400,0 -46.6040100,-23.4806800,0 -46.6042400,-23.4805400,0</coordinates></LinearRing></outerBoundaryIs></Polygon></Placemark>
<Style id="s-VP-92">
<LineStyle><color>ff00d7ff</color><width>2.0</width></LineStyle>
<PolyStyle><color>ff00d7ff</color></PolyStyle>
<IconStyle><color>ff00d7ff</color><scale>0.55</scale>
<Icon><href>http://maps.google.com/mapfiles/kml/shapes/placemark_circle.png</href></Icon>
</IconStyle>
<LabelStyle><scale>0.65</scale></LabelStyle>
</Style><Placemark><name>Praça Heróis da Força Expedicionária Brasileira</name><styleUrl>#s-VP-92</styleUrl><description><![CDATA[<table style="border-collapse:collapse;width:100%;font-family:'Helvetica Neue',Helvetica,Arial,sans-serif;font-size:11px;border:1px solid #e5e7eb;border-radius:8px;overflow:hidden;"><tr><th colspan="2" style="padding:5px 8px;background:#1f6feb;color:#fff;text-align:left;font-size:12px;font-weight:600;">Praça Heróis da Força Expedicionária Brasileira</th></tr><tr><th style="padding:3px 5px;text-align:left;background:#f3f4f6;border-bottom:1px solid #d1d5db;width:30%;font-size:11px;font-weight:600;color:#1f2937;">Serviço</th><td style="padding:3px 5px;border-bottom:1px solid #e5e7eb;font-size:11px;color:#111827;">Varrição de Praças (VP)</td></tr><tr><th style="padding:3px 5px;text-align:left;background:#f3f4f6;border-bottom:1px solid #d1d5db;width:30%;font-size:11px;font-weight:600;color:#1f2937;">Setor</th><td style="padding:3px 5px;border-bottom:1px solid #e5e7eb;font-size:11px;color:#111827;">ST10101VP0008</td></tr><tr><th style="padding:3px 5px;text-align:left;background:#f3f4f6;border-bottom:1px solid #d1d5db;width:30%;font-size:11px;font-weight:600;color:#1f2937;">Tipo de Serviço</th><td style="padding:3px 5px;border-bottom:1px solid #e5e7eb;font-size:11px;color:#111827;">Varrição de Praças</td></tr><tr><th style="padding:3px 5px;text-align:left;background:#f3f4f6;border-bottom:1px solid #d1d5db;width:30%;font-size:11px;font-weight:600;color:#1f2937;">Nome</th><td style="padding:3px 5px;border-bottom:1px solid #e5e7eb;font-size:11px;color:#111827;">Praça Heróis da Força Expedicionária Brasileira</td></tr><tr><th style="padding:3px 5px;text-align:left;background:#f3f4f6;border-bottom:1px solid #d1d5db;width:30%;font-size:11px;font-weight:600;color:#1f2937;">Logradouro</th><td style="padding:3px 5px;border-bottom:1px solid #e5e7eb;font-size:11px;color:#111827;">Av Sto Dumont</td></tr><tr><th style="padding:3px 5px;text-align:left;background:#f3f4f6;border-bottom:1px solid #d1d5db;width:30%;font-size:11px;font-weight:600;color:#1f2937;">Subprefeitura</th><td style="padding:3px 5px;border-bottom:1px solid #e5e7eb;font-size:11px;color:#111827;">Santana / Tucuruvi</td></tr><tr><th style="padding:3px 5px;text-align:left;background:#f3f4f6;border-bottom:1px solid #d1d5db;width:30%;font-size:11px;font-weight:600;color:#1f2937;">Turno</th><td style="padding:3px 5px;border-bottom:1px solid #e5e7eb;font-size:11px;color:#111827;">Diurno</td></tr><tr><th style="padding:3px 5px;text-align:left;background:#f3f4f6;border-bottom:1px solid #d1d5db;width:30%;font-size:11px;font-weight:600;color:#1f2937;">Frequência</th><td style="padding:3px 5px;border-bottom:1px solid #e5e7eb;font-size:11px;color:#111827;">Diária</td></tr><tr><th style="padding:3px 5px;text-align:left;background:#f3f4f6;border-bottom:1px solid #d1d5db;width:30%;font-size:11px;font-weight:600;color:#1f2937;">Cronograma</th><td style="padding:3px 5px;border-bottom:1px solid #e5e7eb;font-size:11px;color:#111827;">—</td></tr></table>]]></description><Polygon><outerBoundaryIs><LinearRing><coordinates>-46.6269300,-23.5057900,0 -46.6270000,-23.5060300,0 -46.6271000,-23.5062200,0 -46.6273300,-23.5064500,0 -46.6276400,-23.5065900,0 -46.6279700,-23.5066300,0 -46.6286500,-23.5065400,0 -46.6288200,-23.5065000,0 -46.6289700,-23.5064300,0 -46.6291100,-23.5063400,0 -46.6292300,-23.5062300,0 -46.6293300,-23.5061000,0 -46.6294000,-23.5059600,0 -46.6294500,-23.5058100,0 -46.6294600,-23.5055600,0 -46.6293900,-23.5049700,0 -46.6293300,-23.5047300,0 -46.6292900,-23.5042900,0 -46.6292600,-23.5041400,0 -46.6292000,-23.5039900,0 -46.6289600,-23.5036400,0 -46.6286900,-23.5034400,0 -46.6283700,-23.5033400,0 -46.6282000,-23.5033300,0 -46.6273400,-23.5034500,0 -46.6270400,-23.5036000,0 -46.6269200,-23.5037100,0 -46.6267400,-23.5039800,0 -46.6266900,-23.5041300,0 -46.6266700,-23.5043800,0 -46.6267200,-23.5047500,0 -46.6268100,-23.5050200,0 -46.6269300,-23.5057900,0</coordinates></LinearRing></outerBoundaryIs></Polygon></Placemark>
<Style id="s-VP-93">
<LineStyle><color>ff00d7ff</color><width>2.0</width></LineStyle>
<PolyStyle><color>ff00d7ff</color></PolyStyle>
<IconStyle><color>ff00d7ff</color><scale>0.55</scale>
<Icon><href>http://maps.google.com/mapfiles/kml/shapes/placemark_circle.png</href></Icon>
</IconStyle>
<LabelStyle><scale>0.65</scale></LabelStyle>
</Style><Placemark><name>Praça Orlando Silva</name><styleUrl>#s-VP-93</styleUrl><description><![CDATA[<table style="border-collapse:collapse;width:100%;font-family:'Helvetica Neue',Helvetica,Arial,sans-serif;font-size:11px;border:1px solid #e5e7eb;border-radius:8px;overflow:hidden;"><tr><th colspan="2" style="padding:5px 8px;background:#1f6feb;color:#fff;text-align:left;font-size:12px;font-weight:600;">Praça Orlando Silva</th></tr><tr><th style="padding:3px 5px;text-align:left;background:#f3f4f6;border-bottom:1px solid #d1d5db;width:30%;font-size:11px;font-weight:600;color:#1f2937;">Serviço</th><td style="padding:3px 5px;border-bottom:1px solid #e5e7eb;font-size:11px;color:#111827;">Varrição de Praças (VP)</td></tr><tr><th style="padding:3px 5px;text-align:left;background:#f3f4f6;border-bottom:1px solid #d1d5db;width:30%;font-size:11px;font-weight:600;color:#1f2937;">Setor</th><td style="padding:3px 5px;border-bottom:1px solid #e5e7eb;font-size:11px;color:#111827;">ST10101VP0009</td></tr><tr><th style="padding:3px 5px;text-align:left;background:#f3f4f6;border-bottom:1px solid #d1d5db;width:30%;font-size:11px;font-weight:600;color:#1f2937;">Tipo de Serviço</th><td style="padding:3px 5px;border-bottom:1px solid #e5e7eb;font-size:11px;color:#111827;">Varrição de Praças</td></tr><tr><th style="padding:3px 5px;text-align:left;background:#f3f4f6;border-bottom:1px solid #d1d5db;width:30%;font-size:11px;font-weight:600;color:#1f2937;">Nome</th><td style="padding:3px 5px;border-bottom:1px solid #e5e7eb;font-size:11px;color:#111827;">Praça Orlando Silva</td></tr><tr><th style="padding:3px 5px;text-align:left;background:#f3f4f6;border-bottom:1px solid #d1d5db;width:30%;font-size:11px;font-weight:600;color:#1f2937;">Logradouro</th><td style="padding:3px 5px;border-bottom:1px solid #e5e7eb;font-size:11px;color:#111827;">Av Leoncio de Magalhaes</td></tr><tr><th style="padding:3px 5px;text-align:left;background:#f3f4f6;border-bottom:1px solid #d1d5db;width:30%;font-size:11px;font-weight:600;color:#1f2937;">Subprefeitura</th><td style="padding:3px 5px;border-bottom:1px solid #e5e7eb;font-size:11px;color:#111827;">Santana / Tucuruvi</td></tr><tr><th style="padding:3px 5px;text-align:left;background:#f3f4f6;border-bottom:1px solid #d1d5db;width:30%;font-size:11px;font-weight:600;color:#1f2937;">Turno</th><td style="padding:3px 5px;border-bottom:1px solid #e5e7eb;font-size:11px;color:#111827;">Diurno</td></tr><tr><th style="padding:3px 5px;text-align:left;background:#f3f4f6;border-bottom:1px solid #d1d5db;width:30%;font-size:11px;font-weight:600;color:#1f2937;">Frequência</th><td style="padding:3px 5px;border-bottom:1px solid #e5e7eb;font-size:11px;color:#111827;">Diária</td></tr><tr><th style="padding:3px 5px;text-align:left;background:#f3f4f6;border-bottom:1px solid #d1d5db;width:30%;font-size:11px;font-weight:600;color:#1f2937;">Cronograma</th><td style="padding:3px 5px;border-bottom:1px solid #e5e7eb;font-size:11px;color:#111827;">—</td></tr></table>]]></description><Polygon><outerBoundaryIs><LinearRing><coordinates>-46.6161400,-23.5004100,0 -46.6161100,-23.5002600,0 -46.6160500,-23.5001100,0 -46.6159200,-23.4999300,0 -46.6156300,-23.4996300,0 -46.6153800,-23.4994800,0 -46.6150500,-23.4994000,0 -46.6148700,-23.4994000,0 -46.6147400,-23.4994200,0 -46.6144200,-23.4995400,0 -46.6141700,-23.4997500,0 -46.6139800,-23.5000400,0 -46.6139200,-23.5001900,0 -46.6138900,-23.5004300,0 -46.6139200,-23.5006600,0 -46.6139800,-23.5008100,0 -46.6140900,-23.5009900,0 -46.6142600,-23.5011900,0 -46.6145100,-23.5014100,0 -46.6148200,-23.5015300,0 -46.6149900,-23.5015500,0 -46.6153300,-23.5015100,0 -46.6155600,-23.5014200,0 -46.6158000,-23.5012600,0 -46.6159200,-23.5011500,0 -46.6160400,-23.5009700,0 -46.6161200,-23.5007700,0 -46.6161500,-23.5006200,0 -46.6161400,-23.5004100,0</coordinates></LinearRing></outerBoundaryIs></Polygon></Placemark>
<Style id="s-VP-94">
<LineStyle><color>ff00d7ff</color><width>2.0</width></LineStyle>
<PolyStyle><color>ff00d7ff</color></PolyStyle>
<IconStyle><color>ff00d7ff</color><scale>0.55</scale>
<Icon><href>http://maps.google.com/mapfiles/kml/shapes/placemark_circle.png</href></Icon>
</IconStyle>
<LabelStyle><scale>0.65</scale></LabelStyle>
</Style><Placemark><name>R. Nogueira Acioli</name><styleUrl>#s-VP-94</styleUrl><description><![CDATA[<table style="border-collapse:collapse;width:100%;font-family:'Helvetica Neue',Helvetica,Arial,sans-serif;font-size:11px;border:1px solid #e5e7eb;border-radius:8px;overflow:hidden;"><tr><th colspan="2" style="padding:5px 8px;background:#1f6feb;color:#fff;text-align:left;font-size:12px;font-weight:600;">R. Nogueira Acioli</th></tr><tr><th style="padding:3px 5px;text-align:left;background:#f3f4f6;border-bottom:1px solid #d1d5db;width:30%;font-size:11px;font-weight:600;color:#1f2937;">Serviço</th><td style="padding:3px 5px;border-bottom:1px solid #e5e7eb;font-size:11px;color:#111827;">Varrição de Praças (VP)</td></tr><tr><th style="padding:3px 5px;text-align:left;background:#f3f4f6;border-bottom:1px solid #d1d5db;width:30%;font-size:11px;font-weight:600;color:#1f2937;">Setor</th><td style="padding:3px 5px;border-bottom:1px solid #e5e7eb;font-size:11px;color:#111827;">ST10101VP0010</td></tr><tr><th style="padding:3px 5px;text-align:left;background:#f3f4f6;border-bottom:1px solid #d1d5db;width:30%;font-size:11px;font-weight:600;color:#1f2937;">Tipo de Serviço</th><td style="padding:3px 5px;border-bottom:1px solid #e5e7eb;font-size:11px;color:#111827;">Varrição de Praças</td></tr><tr><th style="padding:3px 5px;text-align:left;background:#f3f4f6;border-bottom:1px solid #d1d5db;width:30%;font-size:11px;font-weight:600;color:#1f2937;">Nome</th><td style="padding:3px 5px;border-bottom:1px solid #e5e7eb;font-size:11px;color:#111827;">R. Nogueira Acioli</td></tr><tr><th style="padding:3px 5px;text-align:left;background:#f3f4f6;border-bottom:1px solid #d1d5db;width:30%;font-size:11px;font-weight:600;color:#1f2937;">Logradouro</th><td style="padding:3px 5px;border-bottom:1px solid #e5e7eb;font-size:11px;color:#111827;">Av Luiz Dumont Villares</td></tr><tr><th style="padding:3px 5px;text-align:left;background:#f3f4f6;border-bottom:1px solid #d1d5db;width:30%;font-size:11px;font-weight:600;color:#1f2937;">Subprefeitura</th><td style="padding:3px 5px;border-bottom:1px solid #e5e7eb;font-size:11px;color:#111827;">Santana / Tucuruvi</td></tr><tr><th style="padding:3px 5px;text-align:left;background:#f3f4f6;border-bottom:1px solid #d1d5db;width:30%;font-size:11px;font-weight:600;color:#1f2937;">Turno</th><td style="padding:3px 5px;border-bottom:1px solid #e5e7eb;font-size:11px;color:#111827;">Diurno</td></tr><tr><th style="padding:3px 5px;text-align:left;background:#f3f4f6;border-bottom:1px solid #d1d5db;width:30%;font-size:11px;font-weight:600;color:#1f2937;">Frequência</th><td style="padding:3px 5px;border-bottom:1px solid #e5e7eb;font-size:11px;color:#111827;">Diária</td></tr><tr><th style="padding:3px 5px;text-align:left;background:#f3f4f6;border-bottom:1px solid #d1d5db;width:30%;font-size:11px;font-weight:600;color:#1f2937;">Cronograma</th><td style="padding:3px 5px;border-bottom:1px solid #e5e7eb;font-size:11px;color:#111827;">—</td></tr></table>]]></description><Polygon><outerBoundaryIs><LinearRing><coordinates>-46.6134100,-23.4985500,0 -46.6132700,-23.4986500,0 -46.6130700,-23.4989000,0 -46.6129700,-23.4992000,0 -46.6129700,-23.4993600,0 -46.6130500,-23.4996600,0 -46.6131300,-23.4998000,0 -46.6135500,-23.5003800,0 -46.6136600,-23.5005000,0 -46.6137900,-23.5006100,0 -46.6139500,-23.5007000,0 -46.6141100,-23.5007500,0 -46.6144500,-23.5007900,0 -46.6147800,-23.5007100,0 -46.6151700,-23.5004900,0 -46.6153000,-23.5004000,0 -46.6154200,-23.5002800,0 -46.6155800,-23.5000100,0 -46.6156200,-23.4997400,0 -46.6156100,-23.4995800,0 -46.6154900,-23.4992900,0 -46.6149200,-23.4985200,0 -46.6147900,-23.4984200,0 -46.6144800,-23.4982800,0 -46.6143100,-23.4982500,0 -46.6141400,-23.4982500,0 -46.6139700,-23.4982700,0 -46.6138100,-23.4983200,0 -46.6134100,-23.4985500,0</coordinates></LinearRing></outerBoundaryIs></Polygon></Placemark>
<Style id="s-VP-95">
<LineStyle><color>ff00d7ff</color><width>2.0</width></LineStyle>
<PolyStyle><color>ff00d7ff</color></PolyStyle>
<IconStyle><color>ff00d7ff</color><scale>0.55</scale>
<Icon><href>http://maps.google.com/mapfiles/kml/shapes/placemark_circle.png</href></Icon>
</IconStyle>
<LabelStyle><scale>0.65</scale></LabelStyle>
</Style><Placemark><name>Praça João de Moraes Setubal</name><styleUrl>#s-VP-95</styleUrl><description><![CDATA[<table style="border-collapse:collapse;width:100%;font-family:'Helvetica Neue',Helvetica,Arial,sans-serif;font-size:11px;border:1px solid #e5e7eb;border-radius:8px;overflow:hidden;"><tr><th colspan="2" style="padding:5px 8px;background:#1f6feb;color:#fff;text-align:left;font-size:12px;font-weight:600;">Praça João de Moraes Setubal</th></tr><tr><th style="padding:3px 5px;text-align:left;background:#f3f4f6;border-bottom:1px solid #d1d5db;width:30%;font-size:11px;font-weight:600;color:#1f2937;">Serviço</th><td style="padding:3px 5px;border-bottom:1px solid #e5e7eb;font-size:11px;color:#111827;">Varrição de Praças (VP)</td></tr><tr><th style="padding:3px 5px;text-align:left;background:#f3f4f6;border-bottom:1px solid #d1d5db;width:30%;font-size:11px;font-weight:600;color:#1f2937;">Setor</th><td style="padding:3px 5px;border-bottom:1px solid #e5e7eb;font-size:11px;color:#111827;">ST10101VP0011</td></tr><tr><th style="padding:3px 5px;text-align:left;background:#f3f4f6;border-bottom:1px solid #d1d5db;width:30%;font-size:11px;font-weight:600;color:#1f2937;">Tipo de Serviço</th><td style="padding:3px 5px;border-bottom:1px solid #e5e7eb;font-size:11px;color:#111827;">Varrição de Praças</td></tr><tr><th style="padding:3px 5px;text-align:left;background:#f3f4f6;border-bottom:1px solid #d1d5db;width:30%;font-size:11px;font-weight:600;color:#1f2937;">Nome</th><td style="padding:3px 5px;border-bottom:1px solid #e5e7eb;font-size:11px;color:#111827;">Praça João de Moraes Setubal</td></tr><tr><th style="padding:3px 5px;text-align:left;background:#f3f4f6;border-bottom:1px solid #d1d5db;width:30%;font-size:11px;font-weight:600;color:#1f2937;">Logradouro</th><td style="padding:3px 5px;border-bottom:1px solid #e5e7eb;font-size:11px;color:#111827;">R Sardinha da Silveira</td></tr><tr><th style="padding:3px 5px;text-align:left;background:#f3f4f6;border-bottom:1px solid #d1d5db;width:30%;font-size:11px;font-weight:600;color:#1f2937;">Subprefeitura</th><td style="padding:3px 5px;border-bottom:1px solid #e5e7eb;font-size:11px;color:#111827;">Santana / Tucuruvi</td></tr><tr><th style="padding:3px 5px;text-align:left;background:#f3f4f6;border-bottom:1px solid #d1d5db;width:30%;font-size:11px;font-weight:600;color:#1f2937;">Turno</th><td style="padding:3px 5px;border-bottom:1px solid #e5e7eb;font-size:11px;color:#111827;">Diurno</td></tr><tr><th style="padding:3px 5px;text-align:left;background:#f3f4f6;border-bottom:1px solid #d1d5db;width:30%;font-size:11px;font-weight:600;color:#1f2937;">Frequência</th><td style="padding:3px 5px;border-bottom:1px solid #e5e7eb;font-size:11px;color:#111827;">Diária</td></tr><tr><th style="padding:3px 5px;text-align:left;background:#f3f4f6;border-bottom:1px solid #d1d5db;width:30%;font-size:11px;font-weight:600;color:#1f2937;">Cronograma</th><td style="padding:3px 5px;border-bottom:1px solid #e5e7eb;font-size:11px;color:#111827;">—</td></tr></table>]]></description><Polygon><outerBoundaryIs><LinearRing><coordinates>-46.6130300,-23.4762200,0 -46.6131900,-23.4762800,0 -46.6133600,-23.4763000,0 -46.6136600,-23.4762900,0 -46.6140100,-23.4762400,0 -46.6141700,-23.4761900,0 -46.6143200,-23.4761100,0 -46.6144800,-23.4759700,0 -46.6146400,-23.4759100,0 -46.6147800,-23.4758300,0 -46.6149100,-23.4757300,0 -46.6150200,-23.4756100,0 -46.6151200,-23.4754400,0 -46.6153200,-23.4749900,0 -46.6153600,-23.4747500,0 -46.6153400,-23.4746000,0 -46.6153000,-23.4744500,0 -46.6152200,-23.4743000,0 -46.6151300,-23.4741800,0 -46.6150000,-23.4740600,0 -46.6144700,-23.4736900,0 -46.6141400,-23.4734900,0 -46.6139800,-23.4734300,0 -46.6138200,-23.4733900,0 -46.6134800,-23.4734000,0 -46.6133100,-23.4734500,0 -46.6130400,-23.4736000,0 -46.6127800,-23.4738300,0 -46.6125900,-23.4740600,0 -46.6123600,-23.4744500,0 -46.6121000,-23.4750000,0 -46.6120700,-23.4751600,0 -46.6120900,-23.4754700,0 -46.6121500,-23.4756200,0 -46.6122300,-23.4757500,0 -46.6123400,-23.4758800,0 -46.6124700,-23.4759800,0 -46.6126200,-23.4760600,0 -46.6130300,-23.4762200,0</coordinates></LinearRing></outerBoundaryIs></Polygon></Placemark>
<Style id="s-VP-96">
<LineStyle><color>ff00d7ff</color><width>2.0</width></LineStyle>
<PolyStyle><color>ff00d7ff</color></PolyStyle>
<IconStyle><color>ff00d7ff</color><scale>0.55</scale>
<Icon><href>http://maps.google.com/mapfiles/kml/shapes/placemark_circle.png</href></Icon>
</IconStyle>
<LabelStyle><scale>0.65</scale></LabelStyle>
</Style><Placemark><name>Praça Coronel PM Paulo de Tarso Augusto</name><styleUrl>#s-VP-96</styleUrl><description><![CDATA[<table style="border-collapse:collapse;width:100%;font-family:'Helvetica Neue',Helvetica,Arial,sans-serif;font-size:11px;border:1px solid #e5e7eb;border-radius:8px;overflow:hidden;"><tr><th colspan="2" style="padding:5px 8px;background:#1f6feb;color:#fff;text-align:left;font-size:12px;font-weight:600;">Praça Coronel PM Paulo de Tarso Augusto</th></tr><tr><th style="padding:3px 5px;text-align:left;background:#f3f4f6;border-bottom:1px solid #d1d5db;width:30%;font-size:11px;font-weight:600;color:#1f2937;">Serviço</th><td style="padding:3px 5px;border-bottom:1px solid #e5e7eb;font-size:11px;color:#111827;">Varrição de Praças (VP)</td></tr><tr><th style="padding:3px 5px;text-align:left;background:#f3f4f6;border-bottom:1px solid #d1d5db;width:30%;font-size:11px;font-weight:600;color:#1f2937;">Setor</th><td style="padding:3px 5px;border-bottom:1px solid #e5e7eb;font-size:11px;color:#111827;">ST10101VP0012</td></tr><tr><th style="padding:3px 5px;text-align:left;background:#f3f4f6;border-bottom:1px solid #d1d5db;width:30%;font-size:11px;font-weight:600;color:#1f2937;">Tipo de Serviço</th><td style="padding:3px 5px;border-bottom:1px solid #e5e7eb;font-size:11px;color:#111827;">Varrição de Praças</td></tr><tr><th style="padding:3px 5px;text-align:left;background:#f3f4f6;border-bottom:1px solid #d1d5db;width:30%;font-size:11px;font-weight:600;color:#1f2937;">Nome</th><td style="padding:3px 5px;border-bottom:1px solid #e5e7eb;font-size:11px;color:#111827;">Praça Coronel PM Paulo de Tarso Augusto</td></tr><tr><th style="padding:3px 5px;text-align:left;background:#f3f4f6;border-bottom:1px solid #d1d5db;width:30%;font-size:11px;font-weight:600;color:#1f2937;">Logradouro</th><td style="padding:3px 5px;border-bottom:1px solid #e5e7eb;font-size:11px;color:#111827;">Av Nova Cantareira</td></tr><tr><th style="padding:3px 5px;text-align:left;background:#f3f4f6;border-bottom:1px solid #d1d5db;width:30%;font-size:11px;font-weight:600;color:#1f2937;">Subprefeitura</th><td style="padding:3px 5px;border-bottom:1px solid #e5e7eb;font-size:11px;color:#111827;">Santana / Tucuruvi</td></tr><tr><th style="padding:3px 5px;text-align:left;background:#f3f4f6;border-bottom:1px solid #d1d5db;width:30%;font-size:11px;font-weight:600;color:#1f2937;">Turno</th><td style="padding:3px 5px;border-bottom:1px solid #e5e7eb;font-size:11px;color:#111827;">Diurno</td></tr><tr><th style="padding:3px 5px;text-align:left;background:#f3f4f6;border-bottom:1px solid #d1d5db;width:30%;font-size:11px;font-weight:600;color:#1f2937;">Frequência</th><td style="padding:3px 5px;border-bottom:1px solid #e5e7eb;font-size:11px;color:#111827;">Diária</td></tr><tr><th style="padding:3px 5px;text-align:left;background:#f3f4f6;border-bottom:1px solid #d1d5db;width:30%;font-size:11px;font-weight:600;color:#1f2937;">Cronograma</th><td style="padding:3px 5px;border-bottom:1px solid #e5e7eb;font-size:11px;color:#111827;">—</td></tr></table>]]></description><Polygon><outerBoundaryIs><LinearRing><coordinates>-46.6183200,-23.4726000,0 -46.6184300,-23.4724100,0 -46.6184700,-23.4722600,0 -46.6184900,-23.4721000,0 -46.6184800,-23.4719400,0 -46.6184300,-23.4717900,0 -46.6183600,-23.4716400,0 -46.6181400,-23.4714000,0 -46.6179100,-23.4712600,0 -46.6177500,-23.4712000,0 -46.6174100,-23.4711600,0 -46.6172400,-23.4711800,0 -46.6170800,-23.4712300,0 -46.6166300,-23.4714900,0 -46.6164900,-23.4716100,0 -46.6163300,-23.4718200,0 -46.6162700,-23.4719700,0 -46.6162300,-23.4721200,0 -46.6162200,-23.4722800,0 -46.6163000,-23.4725800,0 -46.6163800,-23.4727200,0 -46.6165200,-23.4728800,0 -46.6166500,-23.4729800,0 -46.6167900,-23.4730600,0 -46.6169500,-23.4731200,0 -46.6171200,-23.4731500,0 -46.6172900,-23.4731500,0 -46.6174700,-23.4731200,0 -46.6178700,-23.4729900,0 -46.6181700,-23.4727800,0 -46.6183200,-23.4726000,0</coordinates></LinearRing></outerBoundaryIs></Polygon></Placemark>
<Style id="s-VP-97">
<LineStyle><color>ff00d7ff</color><width>2.0</width></LineStyle>
<PolyStyle><color>ff00d7ff</color></PolyStyle>
<IconStyle><color>ff00d7ff</color><scale>0.55</scale>
<Icon><href>http://maps.google.com/mapfiles/kml/shapes/placemark_circle.png</href></Icon>
</IconStyle>
<LabelStyle><scale>0.65</scale></LabelStyle>
</Style><Placemark><name>Praça Rotary de São Paulo - Norte</name><styleUrl>#s-VP-97</styleUrl><description><![CDATA[<table style="border-collapse:collapse;width:100%;font-family:'Helvetica Neue',Helvetica,Arial,sans-serif;font-size:11px;border:1px solid #e5e7eb;border-radius:8px;overflow:hidden;"><tr><th colspan="2" style="padding:5px 8px;background:#1f6feb;color:#fff;text-align:left;font-size:12px;font-weight:600;">Praça Rotary de São Paulo - Norte</th></tr><tr><th style="padding:3px 5px;text-align:left;background:#f3f4f6;border-bottom:1px solid #d1d5db;width:30%;font-size:11px;font-weight:600;color:#1f2937;">Serviço</th><td style="padding:3px 5px;border-bottom:1px solid #e5e7eb;font-size:11px;color:#111827;">Varrição de Praças (VP)</td></tr><tr><th style="padding:3px 5px;text-align:left;background:#f3f4f6;border-bottom:1px solid #d1d5db;width:30%;font-size:11px;font-weight:600;color:#1f2937;">Setor</th><td style="padding:3px 5px;border-bottom:1px solid #e5e7eb;font-size:11px;color:#111827;">ST10101VP0013</td></tr><tr><th style="padding:3px 5px;text-align:left;background:#f3f4f6;border-bottom:1px solid #d1d5db;width:30%;font-size:11px;font-weight:600;color:#1f2937;">Tipo de Serviço</th><td style="padding:3px 5px;border-bottom:1px solid #e5e7eb;font-size:11px;color:#111827;">Varrição de Praças</td></tr><tr><th style="padding:3px 5px;text-align:left;background:#f3f4f6;border-bottom:1px solid #d1d5db;width:30%;font-size:11px;font-weight:600;color:#1f2937;">Nome</th><td style="padding:3px 5px;border-bottom:1px solid #e5e7eb;font-size:11px;color:#111827;">Praça Rotary de São Paulo - Norte</td></tr><tr><th style="padding:3px 5px;text-align:left;background:#f3f4f6;border-bottom:1px solid #d1d5db;width:30%;font-size:11px;font-weight:600;color:#1f2937;">Logradouro</th><td style="padding:3px 5px;border-bottom:1px solid #e5e7eb;font-size:11px;color:#111827;">R Macedo Bitencourt</td></tr><tr><th style="padding:3px 5px;text-align:left;background:#f3f4f6;border-bottom:1px solid #d1d5db;width:30%;font-size:11px;font-weight:600;color:#1f2937;">Subprefeitura</th><td style="padding:3px 5px;border-bottom:1px solid #e5e7eb;font-size:11px;color:#111827;">Santana / Tucuruvi</td></tr><tr><th style="padding:3px 5px;text-align:left;background:#f3f4f6;border-bottom:1px solid #d1d5db;width:30%;font-size:11px;font-weight:600;color:#1f2937;">Turno</th><td style="padding:3px 5px;border-bottom:1px solid #e5e7eb;font-size:11px;color:#111827;">Diurno</td></tr><tr><th style="padding:3px 5px;text-align:left;background:#f3f4f6;border-bottom:1px solid #d1d5db;width:30%;font-size:11px;font-weight:600;color:#1f2937;">Frequência</th><td style="padding:3px 5px;border-bottom:1px solid #e5e7eb;font-size:11px;color:#111827;">Diária</td></tr><tr><th style="padding:3px 5px;text-align:left;background:#f3f4f6;border-bottom:1px solid #d1d5db;width:30%;font-size:11px;font-weight:600;color:#1f2937;">Cronograma</th><td style="padding:3px 5px;border-bottom:1px solid #e5e7eb;font-size:11px;color:#111827;">—</td></tr></table>]]></description><Polygon><outerBoundaryIs><LinearRing><coordinates>-46.6336900,-23.4837900,0 -46.6340300,-23.4837300,0 -46.6341800,-23.4836500,0 -46.6344300,-23.4834500,0 -46.6345200,-23.4833200,0 -46.6345900,-23.4831700,0 -46.6346300,-23.4830200,0 -46.6346400,-23.4828900,0 -46.6345800,-23.4825900,0 -46.6345100,-23.4824400,0 -46.6344100,-23.4823100,0 -46.6342900,-23.4822000,0 -46.6341500,-23.4821100,0 -46.6340300,-23.4820600,0 -46.6338600,-23.4818800,0 -46.6337200,-23.4817900,0 -46.6335700,-23.4817300,0 -46.6334000,-23.4816800,0 -46.6330600,-23.4816800,0 -46.6327400,-23.4817800,0 -46.6324700,-23.4819800,0 -46.6323000,-23.4822400,0 -46.6322400,-23.4824400,0 -46.6321800,-23.4829400,0 -46.6322600,-23.4832500,0 -46.6323400,-23.4833900,0 -46.6324400,-23.4835100,0 -46.6325600,-23.4836200,0 -46.6327100,-23.4837100,0 -46.6328700,-23.4837700,0 -46.6330300,-23.4838000,0 -46.6332000,-23.4838100,0 -46.6336900,-23.4837900,0</coordinates></LinearRing></outerBoundaryIs></Polygon></Placemark>
<Style id="s-VP-98">
<LineStyle><color>ff00d7ff</color><width>2.0</width></LineStyle>
<PolyStyle><color>ff00d7ff</color></PolyStyle>
<IconStyle><color>ff00d7ff</color><scale>0.55</scale>
<Icon><href>http://maps.google.com/mapfiles/kml/shapes/placemark_circle.png</href></Icon>
</IconStyle>
<LabelStyle><scale>0.65</scale></LabelStyle>
</Style><Placemark><name>Praça Rubens Fioranti</name><styleUrl>#s-VP-98</styleUrl><description><![CDATA[<table style="border-collapse:collapse;width:100%;font-family:'Helvetica Neue',Helvetica,Arial,sans-serif;font-size:11px;border:1px solid #e5e7eb;border-radius:8px;overflow:hidden;"><tr><th colspan="2" style="padding:5px 8px;background:#1f6feb;color:#fff;text-align:left;font-size:12px;font-weight:600;">Praça Rubens Fioranti</th></tr><tr><th style="padding:3px 5px;text-align:left;background:#f3f4f6;border-bottom:1px solid #d1d5db;width:30%;font-size:11px;font-weight:600;color:#1f2937;">Serviço</th><td style="padding:3px 5px;border-bottom:1px solid #e5e7eb;font-size:11px;color:#111827;">Varrição de Praças (VP)</td></tr><tr><th style="padding:3px 5px;text-align:left;background:#f3f4f6;border-bottom:1px solid #d1d5db;width:30%;font-size:11px;font-weight:600;color:#1f2937;">Setor</th><td style="padding:3px 5px;border-bottom:1px solid #e5e7eb;font-size:11px;color:#111827;">ST10101VP0014</td></tr><tr><th style="padding:3px 5px;text-align:left;background:#f3f4f6;border-bottom:1px solid #d1d5db;width:30%;font-size:11px;font-weight:600;color:#1f2937;">Tipo de Serviço</th><td style="padding:3px 5px;border-bottom:1px solid #e5e7eb;font-size:11px;color:#111827;">Varrição de Praças</td></tr><tr><th style="padding:3px 5px;text-align:left;background:#f3f4f6;border-bottom:1px solid #d1d5db;width:30%;font-size:11px;font-weight:600;color:#1f2937;">Nome</th><td style="padding:3px 5px;border-bottom:1px solid #e5e7eb;font-size:11px;color:#111827;">Praça Rubens Fioranti</td></tr><tr><th style="padding:3px 5px;text-align:left;background:#f3f4f6;border-bottom:1px solid #d1d5db;width:30%;font-size:11px;font-weight:600;color:#1f2937;">Logradouro</th><td style="padding:3px 5px;border-bottom:1px solid #e5e7eb;font-size:11px;color:#111827;">Av Eng Caetano Alvares</td></tr><tr><th style="padding:3px 5px;text-align:left;background:#f3f4f6;border-bottom:1px solid #d1d5db;width:30%;font-size:11px;font-weight:600;color:#1f2937;">Subprefeitura</th><td style="padding:3px 5px;border-bottom:1px solid #e5e7eb;font-size:11px;color:#111827;">Santana / Tucuruvi</td></tr><tr><th style="padding:3px 5px;text-align:left;background:#f3f4f6;border-bottom:1px solid #d1d5db;width:30%;font-size:11px;font-weight:600;color:#1f2937;">Turno</th><td style="padding:3px 5px;border-bottom:1px solid #e5e7eb;font-size:11px;color:#111827;">Diurno</td></tr><tr><th style="padding:3px 5px;text-align:left;background:#f3f4f6;border-bottom:1px solid #d1d5db;width:30%;font-size:11px;font-weight:600;color:#1f2937;">Frequência</th><td style="padding:3px 5px;border-bottom:1px solid #e5e7eb;font-size:11px;color:#111827;">Diária</td></tr><tr><th style="padding:3px 5px;text-align:left;background:#f3f4f6;border-bottom:1px solid #d1d5db;width:30%;font-size:11px;font-weight:600;color:#1f2937;">Cronograma</th><td style="padding:3px 5px;border-bottom:1px solid #e5e7eb;font-size:11px;color:#111827;">—</td></tr></table>]]></description><Polygon><outerBoundaryIs><LinearRing><coordinates>-46.6303700,-23.4837400,0 -46.6306100,-23.4837400,0 -46.6311500,-23.4836500,0 -46.6313100,-23.4836000,0 -46.6314600,-23.4835200,0 -46.6315900,-23.4834200,0 -46.6317900,-23.4831700,0 -46.6318600,-23.4829800,0 -46.6318900,-23.4827600,0 -46.6318800,-23.4826000,0 -46.6318300,-23.4824500,0 -46.6317600,-23.4823100,0 -46.6315900,-23.4821100,0 -46.6313200,-23.4819300,0 -46.6311700,-23.4818800,0 -46.6310100,-23.4817900,0 -46.6305100,-23.4813000,0 -46.6302400,-23.4811100,0 -46.6300800,-23.4810500,0 -46.6297500,-23.4810100,0 -46.6295800,-23.4810300,0 -46.6294100,-23.4810800,0 -46.6292600,-23.4811500,0 -46.6290900,-23.4812800,0 -46.6287200,-23.4816100,0 -46.6286100,-23.4817300,0 -46.6284700,-23.4820100,0 -46.6284400,-23.4821700,0 -46.6284400,-23.4823200,0 -46.6285200,-23.4826300,0 -46.6286100,-23.4827600,0 -46.6288500,-23.4829900,0 -46.6297200,-23.4835500,0 -46.6300100,-23.4836800,0 -46.6303700,-23.4837400,0</coordinates></LinearRing></outerBoundaryIs></Polygon></Placemark>
<Style id="s-VP-99">
<LineStyle><color>ff00d7ff</color><width>2.0</width></LineStyle>
<PolyStyle><color>ff00d7ff</color></PolyStyle>
<IconStyle><color>ff00d7ff</color><scale>0.55</scale>
<Icon><href>http://maps.google.com/mapfiles/kml/shapes/placemark_circle.png</href></Icon>
</IconStyle>
<LabelStyle><scale>0.65</scale></LabelStyle>
</Style><Placemark><name>Praça Sylvinha Araújo</name><styleUrl>#s-VP-99</styleUrl><description><![CDATA[<table style="border-collapse:collapse;width:100%;font-family:'Helvetica Neue',Helvetica,Arial,sans-serif;font-size:11px;border:1px solid #e5e7eb;border-radius:8px;overflow:hidden;"><tr><th colspan="2" style="padding:5px 8px;background:#1f6feb;color:#fff;text-align:left;font-size:12px;font-weight:600;">Praça Sylvinha Araújo</th></tr><tr><th style="padding:3px 5px;text-align:left;background:#f3f4f6;border-bottom:1px solid #d1d5db;width:30%;font-size:11px;font-weight:600;color:#1f2937;">Serviço</th><td style="padding:3px 5px;border-bottom:1px solid #e5e7eb;font-size:11px;color:#111827;">Varrição de Praças (VP)</td></tr><tr><th style="padding:3px 5px;text-align:left;background:#f3f4f6;border-bottom:1px solid #d1d5db;width:30%;font-size:11px;font-weight:600;color:#1f2937;">Setor</th><td style="padding:3px 5px;border-bottom:1px solid #e5e7eb;font-size:11px;color:#111827;">ST10101VP0015</td></tr><tr><th style="padding:3px 5px;text-align:left;background:#f3f4f6;border-bottom:1px solid #d1d5db;width:30%;font-size:11px;font-weight:600;color:#1f2937;">Tipo de Serviço</th><td style="padding:3px 5px;border-bottom:1px solid #e5e7eb;font-size:11px;color:#111827;">Varrição de Praças</td></tr><tr><th style="padding:3px 5px;text-align:left;background:#f3f4f6;border-bottom:1px solid #d1d5db;width:30%;font-size:11px;font-weight:600;color:#1f2937;">Nome</th><td style="padding:3px 5px;border-bottom:1px solid #e5e7eb;font-size:11px;color:#111827;">Praça Sylvinha Araújo</td></tr><tr><th style="padding:3px 5px;text-align:left;background:#f3f4f6;border-bottom:1px solid #d1d5db;width:30%;font-size:11px;font-weight:600;color:#1f2937;">Logradouro</th><td style="padding:3px 5px;border-bottom:1px solid #e5e7eb;font-size:11px;color:#111827;">R Eudoro Lemos</td></tr><tr><th style="padding:3px 5px;text-align:left;background:#f3f4f6;border-bottom:1px solid #d1d5db;width:30%;font-size:11px;font-weight:600;color:#1f2937;">Subprefeitura</th><td style="padding:3px 5px;border-bottom:1px solid #e5e7eb;font-size:11px;color:#111827;">Santana / Tucuruvi</td></tr><tr><th style="padding:3px 5px;text-align:left;background:#f3f4f6;border-bottom:1px solid #d1d5db;width:30%;font-size:11px;font-weight:600;color:#1f2937;">Turno</th><td style="padding:3px 5px;border-bottom:1px solid #e5e7eb;font-size:11px;color:#111827;">Diurno</td></tr><tr><th style="padding:3px 5px;text-align:left;background:#f3f4f6;border-bottom:1px solid #d1d5db;width:30%;font-size:11px;font-weight:600;color:#1f2937;">Frequência</th><td style="padding:3px 5px;border-bottom:1px solid #e5e7eb;font-size:11px;color:#111827;">Diária</td></tr><tr><th style="padding:3px 5px;text-align:left;background:#f3f4f6;border-bottom:1px solid #d1d5db;width:30%;font-size:11px;font-weight:600;color:#1f2937;">Cronograma</th><td style="padding:3px 5px;border-bottom:1px solid #e5e7eb;font-size:11px;color:#111827;">—</td></tr></table>]]></description><Polygon><outerBoundaryIs><LinearRing><coordinates>-46.6254500,-23.5161600,0 -46.6253200,-23.5160600,0 -46.6251700,-23.5159800,0 -46.6250100,-23.5159200,0 -46.6247200,-23.5158800,0 -46.6243800,-23.5159400,0 -46.6242300,-23.5160000,0 -46.6240500,-23.5161200,0 -46.6239300,-23.5162400,0 -46.6237900,-23.5164600,0 -46.6237400,-23.5166100,0 -46.6237100,-23.5167600,0 -46.6237200,-23.5170800,0 -46.6228500,-23.5179300,0 -46.6227100,-23.5182200,0 -46.6226900,-23.5185300,0 -46.6227200,-23.5186800,0 -46.6228100,-23.5188800,0 -46.6229100,-23.5190100,0 -46.6230300,-23.5191200,0 -46.6233400,-23.5192900,0 -46.6236900,-23.5193500,0 -46.6244400,-23.5193100,0 -46.6246100,-23.5192800,0 -46.6247700,-23.5192400,0 -46.6250600,-23.5190700,0 -46.6251700,-23.5189500,0 -46.6252800,-23.5187900,0 -46.6254400,-23.5187500,0 -46.6255900,-23.5186700,0 -46.6257300,-23.5185800,0 -46.6258400,-23.5184600,0 -46.6260000,-23.5181900,0 -46.6260400,-23.5180300,0 -46.6260500,-23.5178600,0 -46.6259900,-23.5170100,0 -46.6259500,-23.5168200,0 -46.6258900,-23.5166700,0 -46.6258100,-23.5165400,0 -46.6254500,-23.5161600,0</coordinates></LinearRing></outerBoundaryIs></Polygon></Placemark>
<Style id="s-VP-100">
<LineStyle><color>ff00d7ff</color><width>2.0</width></LineStyle>
<PolyStyle><color>ff00d7ff</color></PolyStyle>
<IconStyle><color>ff00d7ff</color><scale>0.55</scale>
<Icon><href>http://maps.google.com/mapfiles/kml/shapes/placemark_circle.png</href></Icon>
</IconStyle>
<LabelStyle><scale>0.65</scale></LabelStyle>
</Style><Placemark><name>Av Cruzeiro do Sul (Canteiro Central)</name><styleUrl>#s-VP-100</styleUrl><description><![CDATA[<table style="border-collapse:collapse;width:100%;font-family:'Helvetica Neue',Helvetica,Arial,sans-serif;font-size:11px;border:1px solid #e5e7eb;border-radius:8px;overflow:hidden;"><tr><th colspan="2" style="padding:5px 8px;background:#1f6feb;color:#fff;text-align:left;font-size:12px;font-weight:600;">Av Cruzeiro do Sul (Canteiro Central)</th></tr><tr><th style="padding:3px 5px;text-align:left;background:#f3f4f6;border-bottom:1px solid #d1d5db;width:30%;font-size:11px;font-weight:600;color:#1f2937;">Serviço</th><td style="padding:3px 5px;border-bottom:1px solid #e5e7eb;font-size:11px;color:#111827;">Varrição de Praças (VP)</td></tr><tr><th style="padding:3px 5px;text-align:left;background:#f3f4f6;border-bottom:1px solid #d1d5db;width:30%;font-size:11px;font-weight:600;color:#1f2937;">Setor</th><td style="padding:3px 5px;border-bottom:1px solid #e5e7eb;font-size:11px;color:#111827;">ST10101VP0016</td></tr><tr><th style="padding:3px 5px;text-align:left;background:#f3f4f6;border-bottom:1px solid #d1d5db;width:30%;font-size:11px;font-weight:600;color:#1f2937;">Tipo de Serviço</th><td style="padding:3px 5px;border-bottom:1px solid #e5e7eb;font-size:11px;color:#111827;">Varrição de Praças</td></tr><tr><th style="padding:3px 5px;text-align:left;background:#f3f4f6;border-bottom:1px solid #d1d5db;width:30%;font-size:11px;font-weight:600;color:#1f2937;">Nome</th><td style="padding:3px 5px;border-bottom:1px solid #e5e7eb;font-size:11px;color:#111827;">Av Cruzeiro do Sul (Canteiro Central)</td></tr><tr><th style="padding:3px 5px;text-align:left;background:#f3f4f6;border-bottom:1px solid #d1d5db;width:30%;font-size:11px;font-weight:600;color:#1f2937;">Logradouro</th><td style="padding:3px 5px;border-bottom:1px solid #e5e7eb;font-size:11px;color:#111827;">R Dr Gabriel Piza</td></tr><tr><th style="padding:3px 5px;text-align:left;background:#f3f4f6;border-bottom:1px solid #d1d5db;width:30%;font-size:11px;font-weight:600;color:#1f2937;">Subprefeitura</th><td style="padding:3px 5px;border-bottom:1px solid #e5e7eb;font-size:11px;color:#111827;">Santana / Tucuruvi</td></tr><tr><th style="padding:3px 5px;text-align:left;background:#f3f4f6;border-bottom:1px solid #d1d5db;width:30%;font-size:11px;font-weight:600;color:#1f2937;">Turno</th><td style="padding:3px 5px;border-bottom:1px solid #e5e7eb;font-size:11px;color:#111827;">Diurno</td></tr><tr><th style="padding:3px 5px;text-align:left;background:#f3f4f6;border-bottom:1px solid #d1d5db;width:30%;font-size:11px;font-weight:600;color:#1f2937;">Frequência</th><td style="padding:3px 5px;border-bottom:1px solid #e5e7eb;font-size:11px;color:#111827;">Diária</td></tr><tr><th style="padding:3px 5px;text-align:left;background:#f3f4f6;border-bottom:1px solid #d1d5db;width:30%;font-size:11px;font-weight:600;color:#1f2937;">Cronograma</th><td style="padding:3px 5px;border-bottom:1px solid #e5e7eb;font-size:11px;color:#111827;">—</td></tr></table>]]></description><Polygon><outerBoundaryIs><LinearRing><coordinates>-46.6239800,-23.5113800,0 -46.6239700,-23.5116800,0 -46.6241900,-23.5183700,0 -46.6261200,-23.5133900,0 -46.6258700,-23.5034900,0 -46.6236000,-23.5002100,0 -46.6253200,-23.5033800,0 -46.6259000,-23.5048700,0 -46.6259300,-23.5052600,0 -46.6238000,-23.5067000,0 -46.6259700,-23.5072300,0 -46.6240000,-23.5115400,0 -46.6239700,-23.5117000,0 -46.6242100,-23.5185200,0 -46.6260900,-23.5132400,0 -46.6258500,-23.5033400,0 -46.6237300,-23.5033300,0 -46.6251600,-23.5033300,0 -46.6258900,-23.5047100,0 -46.6259100,-23.5051000,0 -46.6238100,-23.5068600,0 -46.6259600,-23.5068000,0 -46.6240500,-23.5116900,0 -46.6240100,-23.5132800,0 -46.6242600,-23.5186700,0 -46.6260400,-23.5130900,0 -46.6258100,-23.5031900,0 -46.6237500,-23.5034900,0 -46.6249900,-23.5032900,0 -46.6258400,-23.5045600,0 -46.6258600,-23.5049500,0 -46.6238600,-23.5070100,0 -46.6259400,-23.5066500,0 -46.6241300,-23.5118300,0 -46.6240300,-23.5134300,0 -46.6243400,-23.5188100,0 -46.6259600,-23.5129500,0 -46.6257300,-23.5030400,0 -46.6238000,-23.5036400,0 -46.6248800,-23.5032900,0 -46.6257700,-23.5044200,0 -46.6257900,-23.5048100,0 -46.6239300,-23.5071500,0 -46.6258900,-23.5065000,0 -46.6242300,-23.5119500,0 -46.6240800,-23.5135800,0 -46.6244400,-23.5189400,0 -46.6258600,-23.5128200,0 -46.6256400,-23.5029200,0 -46.6238800,-23.5037800,0 -46.6247200,-23.5032900,0 -46.6256700,-23.5042900,0 -46.6256800,-23.5046800,0 -46.6240300,-23.5072800,0 -46.6258200,-23.5063500,0 -46.6243600,-23.5120600,0 -46.6241600,-23.5137200,0 -46.6245700,-23.5190400,0 -46.6257300,-23.5127200,0 -46.6255200,-23.5028000,0 -46.6239800,-23.5039000,0 -46.6245400,-23.5033000,0 -46.6255500,-23.5041800,0 -46.6255600,-23.5045700,0 -46.6240800,-23.5073400,0 -46.6257200,-23.5062300,0 -46.6245000,-23.5121500,0 -46.6242600,-23.5138500,0 -46.6247100,-23.5191300,0 -46.6255900,-23.5126300,0 -46.6253700,-23.5027100,0 -46.6241100,-23.5040100,0 -46.6243800,-23.5033400,0 -46.6254100,-23.5040900,0 -46.6254200,-23.5044900,0 -46.6241900,-23.5074300,0 -46.6256000,-23.5061200,0 -46.6243800,-23.5139600,0 -46.6248700,-23.5191900,0 -46.6254600,-23.5125800,0 -46.6252200,-23.5026500,0 -46.6242500,-23.5040900,0 -46.6242300,-23.5034100,0 -46.6252600,-23.5040200,0 -46.6252600,-23.5044200,0 -46.6243200,-23.5075300,0 -46.6254600,-23.5060300,0 -46.6248200,-23.5122400,0 -46.6245200,-23.5140400,0 -46.6250300,-23.5192300,0 -46.6253300,-23.5125400,0 -46.6250600,-23.5026100,0 -46.6244100,-23.5041600,0 -46.6240900,-23.5035000,0 -46.6250900,-23.5039800,0 -46.6251000,-23.5043800,0 -46.6244700,-23.5076100,0 -46.6253000,-23.5059700,0 -46.6249900,-23.5122500,0 -46.6246700,-23.5141200,0 -46.6251700,-23.5192400,0 -46.6251600,-23.5125000,0 -46.6248800,-23.5025900,0 -46.6245800,-23.5041900,0 -46.6239600,-23.5036100,0 -46.6249200,-23.5039700,0 -46.6249300,-23.5043700,0 -46.6246300,-23.5076700,0 -46.6251300,-23.5059300,0 -46.6251100,-23.5122500,0 -46.6248300,-23.5141800,0 -46.6252800,-23.5192400,0 -46.6249900,-23.5124900,0 -46.6247200,-23.5025900,0 -46.6247500,-23.5042000,0 -46.6238700,-23.5037400,0 -46.6247500,-23.5039700,0 -46.6248400,-23.5043800,0 -46.6247900,-23.5076900,0 -46.6250100,-23.5059200,0 -46.6252800,-23.5122300,0 -46.6250000,-23.5142200,0 -46.6254500,-23.5192200,0 -46.6248200,-23.5125100,0 -46.6245500,-23.5026100,0 -46.6247500,-23.5042000,0 -46.6237900,-23.5038800,0 -46.6245800,-23.5039800,0 -46.6246500,-23.5044000,0 -46.6249700,-23.5076900,0 -46.6248400,-23.5059000,0 -46.6254400,-23.5121900,0 -46.6251700,-23.5142300,0 -46.6256200,-23.5191800,0 -46.6246600,-23.5125500,0 -46.6243800,-23.5026500,0 -46.6249300,-23.5041900,0 -46.6237500,-23.5040300,0 -46.6244100,-23.5040200,0 -46.6251300,-23.5076700,0 -46.6246700,-23.5059000,0 -46.6256000,-23.5121200,0 -46.6253400,-23.5142100,0 -46.6257700,-23.5191200,0 -46.6245000,-23.5126200,0 -46.6242300,-23.5027100,0 -46.6251000,-23.5041700,0 -46.6237300,-23.5041900,0 -46.6242600,-23.5040900,0 -46.6243200,-23.5044800,0 -46.6252900,-23.5076200,0 -46.6245000,-23.5059300,0 -46.6257300,-23.5120200,0 -46.6255000,-23.5141700,0 -46.6259100,-23.5190300,0 -46.6243700,-23.5127100,0 -46.6240900,-23.5028000,0 -46.6252600,-23.5041200,0 -46.6237400,-23.5042200,0 -46.6241200,-23.5041800,0 -46.6241700,-23.5045600,0 -46.6254400,-23.5075400,0 -46.6243400,-23.5059900,0 -46.6258500,-23.5119100,0 -46.6256600,-23.5141000,0 -46.6260300,-23.5189100,0 -46.6242500,-23.5128200,0 -46.6239700,-23.5029200,0 -46.6254100,-23.5040500,0 -46.6237600,-23.5047600,0 -46.6240000,-23.5042900,0 -46.6240400,-23.5046700,0 -46.6254800,-23.5075100,0 -46.6242000,-23.5060700,0 -46.6259500,-23.5117800,0 -46.6257900,-23.5140100,0 -46.6261300,-23.5187900,0 -46.6241500,-23.5129500,0 -46.6238700,-23.5030400,0 -46.6255500,-23.5039600,0 -46.6237800,-23.5049100,0 -46.6239000,-23.5044200,0 -46.6239400,-23.5047900,0 -46.6255700,-23.5074500,0 -46.6240700,-23.5061800,0 -46.6260100,-23.5116300,0 -46.6259100,-23.5138900,0 -46.6262000,-23.5186400,0 -46.6240800,-23.5130900,0 -46.6238000,-23.5031900,0 -46.6256600,-23.5038400,0 -46.6238300,-23.5050600,0 -46.6238300,-23.5045600,0 -46.6238500,-23.5049300,0 -46.6257000,-23.5073400,0 -46.6239600,-23.5063000,0 -46.6260500,-23.5114800,0 -46.6260000,-23.5137600,0 -46.6262500,-23.5184900,0 -46.6240400,-23.5132500,0 -46.6237500,-23.5033400,0 -46.6257500,-23.5037100,0 -46.6239100,-23.5052000,0 -46.6237800,-23.5047100,0 -46.6238000,-23.5050800,0 -46.6258000,-23.5072100,0 -46.6238800,-23.5064400,0 -46.6260600,-23.5113500,0 -46.6260700,-23.5136200,0 -46.6262600,-23.5183400,0 -46.6240300,-23.5134000,0 -46.6237400,-23.5034900,0 -46.6258200,-23.5035600,0 -46.6240100,-23.5053300,0 -46.6237700,-23.5048700,0 -46.6237700,-23.5052300,0 -46.6258800,-23.5070800,0 -46.6238300,-23.5065900,0 -46.6260600,-23.5113300,0 -46.6262600,-23.5183100,0 -46.6240300,-23.5134300,0 -46.6237400,-23.5035200,0 -46.6258600,-23.5034100,0 -46.6241400,-23.5054300,0 -46.6237700,-23.5051900,0 -46.6237700,-23.5053200,0 -46.6259300,-23.5069300,0 -46.6238000,-23.5067400,0 -46.6259600,-23.5074000,0 -46.6261600,-23.5145200,0 -46.6240700,-23.5144600,0 -46.6237600,-23.5040900,0 -46.6258700,-23.5032900,0 -46.6242800,-23.5055200,0 -46.6237800,-23.5053400,0 -46.6238000,-23.5063000,0 -46.6259600,-23.5067700,0 -46.6238000,-23.5068400,0 -46.6259400,-23.5072400,0 -46.6261300,-23.5133200,0 -46.6261400,-23.5143600,0 -46.6241000,-23.5146200,0 -46.6237800,-23.5042400,0 -46.6258600,-23.5032600,0 -46.6244400,-23.5055800,0 -46.6238300,-23.5054900,0 -46.6238200,-23.5064500,0 -46.6259600,-23.5067300,0 -46.6238200,-23.5071800,0 -46.6258900,-23.5070900,0 -46.6261000,-23.5116000,0 -46.6260900,-23.5142100,0 -46.6241500,-23.5147700,0 -46.6238300,-23.5043900,0 -46.6257600,-23.5002000,0 -46.6246000,-23.5056100,0 -46.6239000,-23.5056400,0 -46.6238700,-23.5066100,0 -46.6259600,-23.5063500,0 -46.6238400,-23.5073400,0 -46.6258200,-23.5069500,0 -46.6260800,-23.5114500,0 -46.6260100,-23.5140700,0 -46.6242300,-23.5149100,0 -46.6239000,-23.5045300,0 -46.6257500,-23.5001600,0 -46.6247700,-23.5056200,0 -46.6240000,-23.5057700,0 -46.6239400,-23.5067400,0 -46.6259400,-23.5061900,0 -46.6238900,-23.5074800,0 -46.6257100,-23.5068200,0 -46.6260300,-23.5113000,0 -46.6259100,-23.5139400,0 -46.6243300,-23.5150300,0 -46.6240100,-23.5046600,0 -46.6257500,-23.5000900,0 -46.6249500,-23.5056200,0 -46.6241200,-23.5058800,0 -46.6240400,-23.5068700,0 -46.6259000,-23.5060400,0 -46.6239700,-23.5076200,0 -46.6255900,-23.5067200,0 -46.6259600,-23.5111600,0 -46.6257900,-23.5138400,0 -46.6244600,-23.5151400,0 -46.6241300,-23.5047700,0 -46.6257200,-23.4999300,0 -46.6251200,-23.5056000,0 -46.6242600,-23.5059700,0 -46.6241700,-23.5069800,0 -46.6258300,-23.5059000,0 -46.6240800,-23.5077500,0 -46.6254500,-23.5066300,0 -46.6258600,-23.5110300,0 -46.6256500,-23.5137500,0 -46.6246000,-23.5152200,0 -46.6242700,-23.5048500,0 -46.6256600,-23.4997800,0 -46.6252900,-23.5055500,0 -46.6244100,-23.5060300,0 -46.6243100,-23.5070700,0 -46.6257300,-23.5057700,0 -46.6242100,-23.5078500,0 -46.6254400,-23.5066200,0 -46.6257300,-23.5109200,0 -46.6254900,-23.5136900,0 -46.6247600,-23.5152800,0 -46.6244300,-23.5049100,0 -46.6255800,-23.4996500,0 -46.6254400,-23.5054800,0 -46.6245800,-23.5060700,0 -46.6244700,-23.5071300,0 -46.6256100,-23.5056600,0 -46.6242800,-23.5079000,0 -46.6253000,-23.5065600,0 -46.6255900,-23.5108300,0 -46.6253200,-23.5136500,0 -46.6249200,-23.5153200,0 -46.6246000,-23.5049500,0 -46.6254700,-23.4995300,0 -46.6255800,-23.5053900,0 -46.6247500,-23.5060900,0 -46.6246300,-23.5071600,0 -46.6254700,-23.5055700,0 -46.6244700,-23.5080100,0 -46.6251400,-23.5065000,0 -46.6254400,-23.5107700,0 -46.6251800,-23.5136400,0 -46.6250500,-23.5153300,0 -46.6247700,-23.5049600,0 -46.6253400,-23.4994200,0 -46.6256900,-23.5052800,0 -46.6249200,-23.5060900,0 -46.6248000,-23.5071700,0 -46.6253100,-23.5055000,0 -46.6246200,-23.5080800,0 -46.6249700,-23.5064600,0 -46.6252700,-23.5107300,0 -46.6250400,-23.5136400,0 -46.6251900,-23.5153300,0 -46.6247900,-23.5049600,0 -46.6251900,-23.4993400,0 -46.6257900,-23.5051400,0 -46.6250900,-23.5060700,0 -46.6248100,-23.5071700,0 -46.6251500,-23.5054600,0 -46.6247800,-23.5081200,0 -46.6248000,-23.5064500,0 -46.6251200,-23.5107200,0 -46.6248700,-23.5136500,0 -46.6253600,-23.5153100,0 -46.6249400,-23.5049500,0 -46.6250300,-23.4992900,0 -46.6258600,-23.5050000,0 -46.6252600,-23.5060300,0 -46.6250000,-23.5071700,0 -46.6249800,-23.5054500,0 -46.6249500,-23.5081400,0 -46.6246300,-23.5064700,0 -46.6249500,-23.5107200,0 -46.6247100,-23.5136900,0 -46.6255200,-23.5152700,0 -46.6248700,-23.4992600,0 -46.6258900,-23.5048500,0 -46.6254100,-23.5059700,0 -46.6251700,-23.5071500,0 -46.6247800,-23.5054500,0 -46.6251200,-23.5081400,0 -46.6244700,-23.5065200,0 -46.6247800,-23.5107300,0 -46.6245500,-23.5137600,0 -46.6256800,-23.5152100,0 -46.6252700,-23.5048800,0 -46.6247000,-23.4992600,0 -46.6259100,-23.5047200,0 -46.6255500,-23.5058800,0 -46.6253300,-23.5071100,0 -46.6246100,-23.5054600,0 -46.6252900,-23.5081000,0 -46.6243200,-23.5065900,0 -46.6246100,-23.5107700,0 -46.6244100,-23.5138500,0 -46.6258200,-23.5151200,0 -46.6254200,-23.5048100,0 -46.6246400,-23.4992600,0 -46.6259000,-23.5046900,0 -46.6256700,-23.5057700,0 -46.6254800,-23.5070400,0 -46.6244400,-23.5055000,0 -46.6254400,-23.5080400,0 -46.6241800,-23.5066800,0 -46.6244600,-23.5108400,0 -46.6242900,-23.5139600,0 -46.6259400,-23.5150000,0 -46.6255500,-23.5047100,0 -46.6244500,-23.4992900,0 -46.6258900,-23.5041700,0 -46.6257700,-23.5056400,0 -46.6256200,-23.5069400,0 -46.6242900,-23.5055700,0 -46.6255900,-23.5079500,0 -46.6240600,-23.5068000,0 -46.6243200,-23.5109300,0 -46.6241900,-23.5140900,0 -46.6260400,-23.5148800,0 -46.6256700,-23.5045900,0 -46.6242900,-23.4993200,0 -46.6258700,-23.5040100,0 -46.6258400,-23.5054900,0 -46.6257400,-23.5068300,0 -46.6241500,-23.5056600,0 -46.6257100,-23.5078500,0 -46.6239700,-23.5069300,0 -46.6242000,-23.5110400,0 -46.6241200,-23.5142300,0 -46.6261100,-23.5147300,0 -46.6257600,-23.5044600,0 -46.6241300,-23.4993800,0 -46.6258200,-23.5038700,0 -46.6258900,-23.5053400,0 -46.6258300,-23.5067000,0 -46.6240300,-23.5057700,0 -46.6258200,-23.5077200,0 -46.6239000,-23.5070700,0 -46.6241000,-23.5111700,0 -46.6240800,-23.5143800,0 -46.6261500,-23.5145800,0 -46.6258200,-23.5043200,0 -46.6239800,-23.4994700,0 -46.6257400,-23.5037200,0 -46.6259000,-23.5051900,0 -46.6259000,-23.5065500,0 -46.6239300,-23.5059000,0 -46.6258900,-23.5075800,0 -46.6238700,-23.5072300,0 -46.6240300,-23.5113100,0 -46.6240600,-23.5145400,0 -46.6261700,-23.5144300,0 -46.6258600,-23.5041600,0 -46.6238600,-23.4995700,0 -46.6256400,-23.5036000,0 -46.6259000,-23.5048700,0 -46.6259400,-23.5064000,0 -46.6238600,-23.5060400,0 -46.6259500,-23.5074400,0 -46.6238600,-23.5073800,0 -46.6240600,-23.5145700,0 -46.6261700,-23.5143900,0 -46.6258700,-23.5040500,0 -46.6237500,-23.4997000,0 -46.6255200,-23.5034900,0 -46.6259500,-23.5062700,0 -46.6238100,-23.5061900,0 -46.6259700,-23.5072800,0 -46.6239800,-23.5113800,0 -46.6239700,-23.5116200,0 -46.6241900,-23.5183700,0 -46.6261200,-23.5133900,0 -46.6258700,-23.5034900,0 -46.6236800,-23.4998400,0 -46.6253700,-23.5034100,0 -46.6259500,-23.5062500,0 -46.6238000,-23.5063500,0 -46.6259700,-23.5072500,0 -46.6239700,-23.5116800,0 -46.6236200,-23.4999800,0 -46.6253400,-23.5033900,0 -46.6259300,-23.5052600,0 -46.6238000,-23.5067000,0 -46.6259700,-23.5072300,0 -46.6236000,-23.5001400,0 -46.6253200,-23.5033800,0 -46.6236000,-23.5002100,0 -46.6239800,-23.5113800,0</coordinates></LinearRing></outerBoundaryIs></Polygon></Placemark>
<Style id="s-VP-101">
<LineStyle><color>ff00d7ff</color><width>2.0</width></LineStyle>
<PolyStyle><color>ff00d7ff</color></PolyStyle>
<IconStyle><color>ff00d7ff</color><scale>0.55</scale>
<Icon><href>http://maps.google.com/mapfiles/kml/shapes/placemark_circle.png</href></Icon>
</IconStyle>
<LabelStyle><scale>0.65</scale></LabelStyle>
</Style><Placemark><name>Canteiro Central Av. Zaki Narchi</name><styleUrl>#s-VP-101</styleUrl><description><![CDATA[<table style="border-collapse:collapse;width:100%;font-family:'Helvetica Neue',Helvetica,Arial,sans-serif;font-size:11px;border:1px solid #e5e7eb;border-radius:8px;overflow:hidden;"><tr><th colspan="2" style="padding:5px 8px;background:#1f6feb;color:#fff;text-align:left;font-size:12px;font-weight:600;">Canteiro Central Av. Zaki Narchi</th></tr><tr><th style="padding:3px 5px;text-align:left;background:#f3f4f6;border-bottom:1px solid #d1d5db;width:30%;font-size:11px;font-weight:600;color:#1f2937;">Serviço</th><td style="padding:3px 5px;border-bottom:1px solid #e5e7eb;font-size:11px;color:#111827;">Varrição de Praças (VP)</td></tr><tr><th style="padding:3px 5px;text-align:left;background:#f3f4f6;border-bottom:1px solid #d1d5db;width:30%;font-size:11px;font-weight:600;color:#1f2937;">Setor</th><td style="padding:3px 5px;border-bottom:1px solid #e5e7eb;font-size:11px;color:#111827;">ST10101VP0017</td></tr><tr><th style="padding:3px 5px;text-align:left;background:#f3f4f6;border-bottom:1px solid #d1d5db;width:30%;font-size:11px;font-weight:600;color:#1f2937;">Tipo de Serviço</th><td style="padding:3px 5px;border-bottom:1px solid #e5e7eb;font-size:11px;color:#111827;">Varrição de Praças</td></tr><tr><th style="padding:3px 5px;text-align:left;background:#f3f4f6;border-bottom:1px solid #d1d5db;width:30%;font-size:11px;font-weight:600;color:#1f2937;">Nome</th><td style="padding:3px 5px;border-bottom:1px solid #e5e7eb;font-size:11px;color:#111827;">Canteiro Central Av. Zaki Narchi</td></tr><tr><th style="padding:3px 5px;text-align:left;background:#f3f4f6;border-bottom:1px solid #d1d5db;width:30%;font-size:11px;font-weight:600;color:#1f2937;">Logradouro</th><td style="padding:3px 5px;border-bottom:1px solid #e5e7eb;font-size:11px;color:#111827;">R Guilherme Paraense</td></tr><tr><th style="padding:3px 5px;text-align:left;background:#f3f4f6;border-bottom:1px solid #d1d5db;width:30%;font-size:11px;font-weight:600;color:#1f2937;">Subprefeitura</th><td style="padding:3px 5px;border-bottom:1px solid #e5e7eb;font-size:11px;color:#111827;">Santana / Tucuruvi</td></tr><tr><th style="padding:3px 5px;text-align:left;background:#f3f4f6;border-bottom:1px solid #d1d5db;width:30%;font-size:11px;font-weight:600;color:#1f2937;">Turno</th><td style="padding:3px 5px;border-bottom:1px solid #e5e7eb;font-size:11px;color:#111827;">Diurno</td></tr><tr><th style="padding:3px 5px;text-align:left;background:#f3f4f6;border-bottom:1px solid #d1d5db;width:30%;font-size:11px;font-weight:600;color:#1f2937;">Frequência</th><td style="padding:3px 5px;border-bottom:1px solid #e5e7eb;font-size:11px;color:#111827;">Diária</td></tr><tr><th style="padding:3px 5px;text-align:left;background:#f3f4f6;border-bottom:1px solid #d1d5db;width:30%;font-size:11px;font-weight:600;color:#1f2937;">Cronograma</th><td style="padding:3px 5px;border-bottom:1px solid #e5e7eb;font-size:11px;color:#111827;">—</td></tr></table>]]></description><Polygon><outerBoundaryIs><LinearRing><coordinates>-46.6177600,-23.5107400,0 -46.6258800,-23.5114600,0 -46.6249300,-23.5115000,0 -46.6154300,-23.5083600,0 -46.6205500,-23.5120400,0 -46.6258600,-23.5113100,0 -46.6249100,-23.5113500,0 -46.6215400,-23.5104000,0 -46.6153300,-23.5084800,0 -46.6206300,-23.5120800,0 -46.6258200,-23.5111500,0 -46.6248700,-23.5112000,0 -46.6213600,-23.5103900,0 -46.6152500,-23.5086200,0 -46.6209500,-23.5121900,0 -46.6257500,-23.5110100,0 -46.6248000,-23.5110500,0 -46.6212000,-23.5104100,0 -46.6152000,-23.5087700,0 -46.6211200,-23.5122400,0 -46.6256500,-23.5108800,0 -46.6247000,-23.5109300,0 -46.6210300,-23.5104600,0 -46.6151800,-23.5089300,0 -46.6212800,-23.5122600,0 -46.6255300,-23.5107700,0 -46.6245800,-23.5108200,0 -46.6208800,-23.5105300,0 -46.6151900,-23.5090800,0 -46.6214500,-23.5122500,0 -46.6253900,-23.5106800,0 -46.6244400,-23.5107300,0 -46.6207400,-23.5106300,0 -46.6152300,-23.5092400,0 -46.6216200,-23.5122100,0 -46.6252300,-23.5106200,0 -46.6242800,-23.5106600,0 -46.6206300,-23.5107400,0 -46.6153000,-23.5093800,0 -46.6217800,-23.5121500,0 -46.6250700,-23.5105800,0 -46.6241200,-23.5106200,0 -46.6205300,-23.5108700,0 -46.6153900,-23.5095100,0 -46.6219200,-23.5120700,0 -46.6249000,-23.5105600,0 -46.6239500,-23.5106100,0 -46.6204700,-23.5110200,0 -46.6155100,-23.5096300,0 -46.6220500,-23.5119600,0 -46.6248600,-23.5105600,0 -46.6239000,-23.5106100,0 -46.6204300,-23.5111700,0 -46.6156500,-23.5097200,0 -46.6221500,-23.5118300,0 -46.6239600,-23.5105900,0 -46.6229800,-23.5106500,0 -46.6204200,-23.5113300,0 -46.6157200,-23.5097600,0 -46.6222300,-23.5116900,0 -46.6237900,-23.5106200,0 -46.6227500,-23.5106500,0 -46.6204400,-23.5114800,0 -46.6160900,-23.5099300,0 -46.6222800,-23.5115400,0 -46.6236300,-23.5106600,0 -46.6226100,-23.5106400,0 -46.6204900,-23.5116300,0 -46.6176700,-23.5106900,0 -46.6223000,-23.5113900,0 -46.6234800,-23.5107300,0 -46.6222200,-23.5105800,0 -46.6205000,-23.5116400,0 -46.6178300,-23.5107500,0 -46.6223000,-23.5113600,0 -46.6233400,-23.5108300,0 -46.6220500,-23.5105700,0 -46.6205500,-23.5117600,0 -46.6179900,-23.5107900,0 -46.6222800,-23.5112000,0 -46.6232300,-23.5109400,0 -46.6218800,-23.5105900,0 -46.6206300,-23.5119000,0 -46.6181600,-23.5108000,0 -46.6222400,-23.5110500,0 -46.6231300,-23.5110700,0 -46.6217200,-23.5106400,0 -46.6207300,-23.5120200,0 -46.6183300,-23.5107700,0 -46.6221700,-23.5109200,0 -46.6230700,-23.5112200,0 -46.6215700,-23.5107100,0 -46.6208600,-23.5121300,0 -46.6185000,-23.5107300,0 -46.6221200,-23.5108300,0 -46.6230300,-23.5113700,0 -46.6214300,-23.5108000,0 -46.6210000,-23.5122100,0 -46.6186500,-23.5106600,0 -46.6220200,-23.5107000,0 -46.6230200,-23.5115300,0 -46.6213100,-23.5109100,0 -46.6211600,-23.5122700,0 -46.6187800,-23.5105600,0 -46.6219000,-23.5105900,0 -46.6230200,-23.5115300,0 -46.6212400,-23.5110100,0 -46.6211900,-23.5122800,0 -46.6189000,-23.5104500,0 -46.6217700,-23.5105000,0 -46.6230200,-23.5116200,0 -46.6211800,-23.5111000,0 -46.6215800,-23.5123800,0 -46.6189900,-23.5103100,0 -46.6216600,-23.5104400,0 -46.6230500,-23.5117800,0 -46.6211000,-23.5112400,0 -46.6217500,-23.5124100,0 -46.6190000,-23.5103000,0 -46.6216000,-23.5104100,0 -46.6231000,-23.5119300,0 -46.6210500,-23.5114000,0 -46.6219200,-23.5124100,0 -46.6190500,-23.5102200,0 -46.6187200,-23.5090400,0 -46.6231800,-23.5120700,0 -46.6210300,-23.5115500,0 -46.6220900,-23.5123900,0 -46.6191100,-23.5100700,0 -46.6185600,-23.5089800,0 -46.6232800,-23.5121900,0 -46.6210500,-23.5117100,0 -46.6222500,-23.5123400,0 -46.6191500,-23.5099200,0 -46.6183900,-23.5089500,0 -46.6234000,-23.5123000,0 -46.6210900,-23.5118600,0 -46.6224000,-23.5122600,0 -46.6191500,-23.5098100,0 -46.6182200,-23.5089500,0 -46.6235500,-23.5123800,0 -46.6211600,-23.5120000,0 -46.6225300,-23.5121600,0 -46.6191400,-23.5096500,0 -46.6180500,-23.5089700,0 -46.6237100,-23.5124400,0 -46.6212500,-23.5121300,0 -46.6226400,-23.5120500,0 -46.6191000,-23.5095000,0 -46.6178900,-23.5090100,0 -46.6238700,-23.5124800,0 -46.6213700,-23.5122500,0 -46.6227300,-23.5119100,0 -46.6190200,-23.5093600,0 -46.6177400,-23.5090900,0 -46.6240400,-23.5124800,0 -46.6215100,-23.5123400,0 -46.6227900,-23.5117600,0 -46.6189200,-23.5092300,0 -46.6176000,-23.5091800,0 -46.6240500,-23.5124800,0 -46.6216600,-23.5124100,0 -46.6228100,-23.5117200,0 -46.6188000,-23.5091200,0 -46.6174900,-23.5093000,0 -46.6249500,-23.5124400,0 -46.6218300,-23.5124500,0 -46.6228300,-23.5116300,0 -46.6186600,-23.5090300,0 -46.6174000,-23.5094300,0 -46.6251200,-23.5124200,0 -46.6219000,-23.5124600,0 -46.6228500,-23.5114800,0 -46.6186300,-23.5090100,0 -46.6173400,-23.5095200,0 -46.6252800,-23.5123700,0 -46.6223100,-23.5125100,0 -46.6228500,-23.5114300,0 -46.6167000,-23.5080800,0 -46.6172800,-23.5096700,0 -46.6254300,-23.5123000,0 -46.6223700,-23.5125100,0 -46.6228400,-23.5112800,0 -46.6165400,-23.5080200,0 -46.6172400,-23.5098200,0 -46.6255700,-23.5122100,0 -46.6227000,-23.5125300,0 -46.6227900,-23.5111200,0 -46.6163700,-23.5079900,0 -46.6172300,-23.5099800,0 -46.6256800,-23.5120900,0 -46.6228200,-23.5125300,0 -46.6227200,-23.5109800,0 -46.6162000,-23.5079800,0 -46.6172500,-23.5101300,0 -46.6257700,-23.5119600,0 -46.6240000,-23.5124700,0 -46.6226200,-23.5108500,0 -46.6160300,-23.5080000,0 -46.6173000,-23.5102800,0 -46.6258400,-23.5118100,0 -46.6241700,-23.5124500,0 -46.6225000,-23.5107400,0 -46.6158700,-23.5080400,0 -46.6173800,-23.5104200,0 -46.6258700,-23.5116600,0 -46.6243300,-23.5124000,0 -46.6223600,-23.5106500,0 -46.6157200,-23.5081200,0 -46.6174900,-23.5105500,0 -46.6258800,-23.5115500,0 -46.6244800,-23.5123300,0 -46.6222100,-23.5105900,0 -46.6155800,-23.5082100,0 -46.6176100,-23.5106500,0 -46.6258800,-23.5114600,0 -46.6246200,-23.5122300,0 -46.6221700,-23.5105800,0 -46.6155100,-23.5082800,0 -46.6177600,-23.5107400,0 -46.6247300,-23.5121200,0 -46.6217000,-23.5104400,0 -46.6154300,-23.5083600,0 -46.6177600,-23.5107400,0 -46.6248200,-23.5119800,0 -46.6248900,-23.5118400,0 -46.6249200,-23.5116900,0 -46.6249300,-23.5115000,0 -46.6177600,-23.5107400,0</coordinates></LinearRing></outerBoundaryIs></Polygon></Placemark>
<Style id="s-VP-102">
<LineStyle><color>ff00d7ff</color><width>2.0</width></LineStyle>
<PolyStyle><color>ff00d7ff</color></PolyStyle>
<IconStyle><color>ff00d7ff</color><scale>0.55</scale>
<Icon><href>http://maps.google.com/mapfiles/kml/shapes/placemark_circle.png</href></Icon>
</IconStyle>
<LabelStyle><scale>0.65</scale></LabelStyle>
</Style><Placemark><name>Praça Doutor Levem Vampré</name><styleUrl>#s-VP-102</styleUrl><description><![CDATA[<table style="border-collapse:collapse;width:100%;font-family:'Helvetica Neue',Helvetica,Arial,sans-serif;font-size:11px;border:1px solid #e5e7eb;border-radius:8px;overflow:hidden;"><tr><th colspan="2" style="padding:5px 8px;background:#1f6feb;color:#fff;text-align:left;font-size:12px;font-weight:600;">Praça Doutor Levem Vampré</th></tr><tr><th style="padding:3px 5px;text-align:left;background:#f3f4f6;border-bottom:1px solid #d1d5db;width:30%;font-size:11px;font-weight:600;color:#1f2937;">Serviço</th><td style="padding:3px 5px;border-bottom:1px solid #e5e7eb;font-size:11px;color:#111827;">Varrição de Praças (VP)</td></tr><tr><th style="padding:3px 5px;text-align:left;background:#f3f4f6;border-bottom:1px solid #d1d5db;width:30%;font-size:11px;font-weight:600;color:#1f2937;">Setor</th><td style="padding:3px 5px;border-bottom:1px solid #e5e7eb;font-size:11px;color:#111827;">ST10302VP0018</td></tr><tr><th style="padding:3px 5px;text-align:left;background:#f3f4f6;border-bottom:1px solid #d1d5db;width:30%;font-size:11px;font-weight:600;color:#1f2937;">Tipo de Serviço</th><td style="padding:3px 5px;border-bottom:1px solid #e5e7eb;font-size:11px;color:#111827;">Varrição de Praças</td></tr><tr><th style="padding:3px 5px;text-align:left;background:#f3f4f6;border-bottom:1px solid #d1d5db;width:30%;font-size:11px;font-weight:600;color:#1f2937;">Nome</th><td style="padding:3px 5px;border-bottom:1px solid #e5e7eb;font-size:11px;color:#111827;">Praça Doutor Levem Vampré</td></tr><tr><th style="padding:3px 5px;text-align:left;background:#f3f4f6;border-bottom:1px solid #d1d5db;width:30%;font-size:11px;font-weight:600;color:#1f2937;">Logradouro</th><td style="padding:3px 5px;border-bottom:1px solid #e5e7eb;font-size:11px;color:#111827;">R Ac</td></tr><tr><th style="padding:3px 5px;text-align:left;background:#f3f4f6;border-bottom:1px solid #d1d5db;width:30%;font-size:11px;font-weight:600;color:#1f2937;">Subprefeitura</th><td style="padding:3px 5px;border-bottom:1px solid #e5e7eb;font-size:11px;color:#111827;">Santana / Tucuruvi</td></tr><tr><th style="padding:3px 5px;text-align:left;background:#f3f4f6;border-bottom:1px solid #d1d5db;width:30%;font-size:11px;font-weight:600;color:#1f2937;">Turno</th><td style="padding:3px 5px;border-bottom:1px solid #e5e7eb;font-size:11px;color:#111827;">Diurno</td></tr><tr><th style="padding:3px 5px;text-align:left;background:#f3f4f6;border-bottom:1px solid #d1d5db;width:30%;font-size:11px;font-weight:600;color:#1f2937;">Frequência</th><td style="padding:3px 5px;border-bottom:1px solid #e5e7eb;font-size:11px;color:#111827;">Bissemanal de Segunda/Quinta</td></tr><tr><th style="padding:3px 5px;text-align:left;background:#f3f4f6;border-bottom:1px solid #d1d5db;width:30%;font-size:11px;font-weight:600;color:#1f2937;">Cronograma</th><td style="padding:3px 5px;border-bottom:1px solid #e5e7eb;font-size:11px;color:#111827;">—</td></tr></table>]]></description><Polygon><outerBoundaryIs><LinearRing><coordinates>-46.6054100,-23.4675200,0 -46.6051200,-23.4675300,0 -46.6047800,-23.4676100,0 -46.6046100,-23.4676800,0 -46.6043200,-23.4678600,0 -46.6040800,-23.4681100,0 -46.6039200,-23.4683900,0 -46.6038600,-23.4685500,0 -46.6038200,-23.4688700,0 -46.6038300,-23.4690800,0 -46.6039200,-23.4693900,0 -46.6040000,-23.4695500,0 -46.6042000,-23.4698100,0 -46.6043300,-23.4699300,0 -46.6046300,-23.4701100,0 -46.6049400,-23.4702200,0 -46.6052500,-23.4702600,0 -46.6054100,-23.4702600,0 -46.6057600,-23.4702000,0 -46.6059800,-23.4701200,0 -46.6062800,-23.4699400,0 -46.6065200,-23.4696900,0 -46.6066900,-23.4694200,0 -46.6067900,-23.4691100,0 -46.6068000,-23.4689900,0 -46.6067900,-23.4686700,0 -46.6067500,-23.4685100,0 -46.6066900,-23.4683600,0 -46.6065800,-23.4681700,0 -46.6064100,-23.4679600,0 -46.6062200,-23.4678000,0 -46.6059200,-23.4676400,0 -46.6057600,-23.4675800,0 -46.6054100,-23.4675200,0</coordinates></LinearRing></outerBoundaryIs></Polygon></Placemark>
<Style id="s-VP-103">
<LineStyle><color>ff00d7ff</color><width>2.0</width></LineStyle>
<PolyStyle><color>ff00d7ff</color></PolyStyle>
<IconStyle><color>ff00d7ff</color><scale>0.55</scale>
<Icon><href>http://maps.google.com/mapfiles/kml/shapes/placemark_circle.png</href></Icon>
</IconStyle>
<LabelStyle><scale>0.65</scale></LabelStyle>
</Style><Placemark><name>Praça Vinácio Braidatto</name><styleUrl>#s-VP-103</styleUrl><description><![CDATA[<table style="border-collapse:collapse;width:100%;font-family:'Helvetica Neue',Helvetica,Arial,sans-serif;font-size:11px;border:1px solid #e5e7eb;border-radius:8px;overflow:hidden;"><tr><th colspan="2" style="padding:5px 8px;background:#1f6feb;color:#fff;text-align:left;font-size:12px;font-weight:600;">Praça Vinácio Braidatto</th></tr><tr><th style="padding:3px 5px;text-align:left;background:#f3f4f6;border-bottom:1px solid #d1d5db;width:30%;font-size:11px;font-weight:600;color:#1f2937;">Serviço</th><td style="padding:3px 5px;border-bottom:1px solid #e5e7eb;font-size:11px;color:#111827;">Varrição de Praças (VP)</td></tr><tr><th style="padding:3px 5px;text-align:left;background:#f3f4f6;border-bottom:1px solid #d1d5db;width:30%;font-size:11px;font-weight:600;color:#1f2937;">Setor</th><td style="padding:3px 5px;border-bottom:1px solid #e5e7eb;font-size:11px;color:#111827;">ST10302VP0019</td></tr><tr><th style="padding:3px 5px;text-align:left;background:#f3f4f6;border-bottom:1px solid #d1d5db;width:30%;font-size:11px;font-weight:600;color:#1f2937;">Tipo de Serviço</th><td style="padding:3px 5px;border-bottom:1px solid #e5e7eb;font-size:11px;color:#111827;">Varrição de Praças</td></tr><tr><th style="padding:3px 5px;text-align:left;background:#f3f4f6;border-bottom:1px solid #d1d5db;width:30%;font-size:11px;font-weight:600;color:#1f2937;">Nome</th><td style="padding:3px 5px;border-bottom:1px solid #e5e7eb;font-size:11px;color:#111827;">Praça Vinácio Braidatto</td></tr><tr><th style="padding:3px 5px;text-align:left;background:#f3f4f6;border-bottom:1px solid #d1d5db;width:30%;font-size:11px;font-weight:600;color:#1f2937;">Logradouro</th><td style="padding:3px 5px;border-bottom:1px solid #e5e7eb;font-size:11px;color:#111827;">Av Prfa Virgilia Rodrigues Alves de Carvalho Pinto</td></tr><tr><th style="padding:3px 5px;text-align:left;background:#f3f4f6;border-bottom:1px solid #d1d5db;width:30%;font-size:11px;font-weight:600;color:#1f2937;">Subprefeitura</th><td style="padding:3px 5px;border-bottom:1px solid #e5e7eb;font-size:11px;color:#111827;">Santana / Tucuruvi</td></tr><tr><th style="padding:3px 5px;text-align:left;background:#f3f4f6;border-bottom:1px solid #d1d5db;width:30%;font-size:11px;font-weight:600;color:#1f2937;">Turno</th><td style="padding:3px 5px;border-bottom:1px solid #e5e7eb;font-size:11px;color:#111827;">Diurno</td></tr><tr><th style="padding:3px 5px;text-align:left;background:#f3f4f6;border-bottom:1px solid #d1d5db;width:30%;font-size:11px;font-weight:600;color:#1f2937;">Frequência</th><td style="padding:3px 5px;border-bottom:1px solid #e5e7eb;font-size:11px;color:#111827;">Bissemanal de Segunda/Quinta</td></tr><tr><th style="padding:3px 5px;text-align:left;background:#f3f4f6;border-bottom:1px solid #d1d5db;width:30%;font-size:11px;font-weight:600;color:#1f2937;">Cronograma</th><td style="padding:3px 5px;border-bottom:1px solid #e5e7eb;font-size:11px;color:#111827;">—</td></tr></table>]]></description><Polygon><outerBoundaryIs><LinearRing><coordinates>-46.6092600,-23.4705200,0 -46.6093500,-23.4703900,0 -46.6094100,-23.4702500,0 -46.6094500,-23.4700900,0 -46.6094400,-23.4698300,0 -46.6093200,-23.4695400,0 -46.6092200,-23.4694100,0 -46.6090600,-23.4692700,0 -46.6080700,-23.4686100,0 -46.6079100,-23.4685500,0 -46.6075700,-23.4685100,0 -46.6072400,-23.4685900,0 -46.6070900,-23.4686600,0 -46.6068400,-23.4688400,0 -46.6067200,-23.4689600,0 -46.6066300,-23.4690900,0 -46.6065600,-23.4692300,0 -46.6065200,-23.4693800,0 -46.6065100,-23.4695400,0 -46.6065700,-23.4698500,0 -46.6066500,-23.4699900,0 -46.6073600,-23.4709000,0 -46.6074700,-23.4710200,0 -46.6076000,-23.4711200,0 -46.6077500,-23.4712000,0 -46.6080800,-23.4712800,0 -46.6084200,-23.4712400,0 -46.6085800,-23.4711900,0 -46.6087300,-23.4711100,0 -46.6088600,-23.4710100,0 -46.6092600,-23.4705200,0</coordinates></LinearRing></outerBoundaryIs></Polygon></Placemark>
<Style id="s-VP-104">
<LineStyle><color>ff00d7ff</color><width>2.0</width></LineStyle>
<PolyStyle><color>ff00d7ff</color></PolyStyle>
<IconStyle><color>ff00d7ff</color><scale>0.55</scale>
<Icon><href>http://maps.google.com/mapfiles/kml/shapes/placemark_circle.png</href></Icon>
</IconStyle>
<LabelStyle><scale>0.65</scale></LabelStyle>
</Style><Placemark><name>Praça Maria do Ceu (R. Gaurama x Vaz Muniz)</name><styleUrl>#s-VP-104</styleUrl><description><![CDATA[<table style="border-collapse:collapse;width:100%;font-family:'Helvetica Neue',Helvetica,Arial,sans-serif;font-size:11px;border:1px solid #e5e7eb;border-radius:8px;overflow:hidden;"><tr><th colspan="2" style="padding:5px 8px;background:#1f6feb;color:#fff;text-align:left;font-size:12px;font-weight:600;">Praça Maria do Ceu (R. Gaurama x Vaz Muniz)</th></tr><tr><th style="padding:3px 5px;text-align:left;background:#f3f4f6;border-bottom:1px solid #d1d5db;width:30%;font-size:11px;font-weight:600;color:#1f2937;">Serviço</th><td style="padding:3px 5px;border-bottom:1px solid #e5e7eb;font-size:11px;color:#111827;">Varrição de Praças (VP)</td></tr><tr><th style="padding:3px 5px;text-align:left;background:#f3f4f6;border-bottom:1px solid #d1d5db;width:30%;font-size:11px;font-weight:600;color:#1f2937;">Setor</th><td style="padding:3px 5px;border-bottom:1px solid #e5e7eb;font-size:11px;color:#111827;">ST10302VP0020</td></tr><tr><th style="padding:3px 5px;text-align:left;background:#f3f4f6;border-bottom:1px solid #d1d5db;width:30%;font-size:11px;font-weight:600;color:#1f2937;">Tipo de Serviço</th><td style="padding:3px 5px;border-bottom:1px solid #e5e7eb;font-size:11px;color:#111827;">Varrição de Praças</td></tr><tr><th style="padding:3px 5px;text-align:left;background:#f3f4f6;border-bottom:1px solid #d1d5db;width:30%;font-size:11px;font-weight:600;color:#1f2937;">Nome</th><td style="padding:3px 5px;border-bottom:1px solid #e5e7eb;font-size:11px;color:#111827;">Praça Maria do Ceu (R. Gaurama x Vaz Muniz)</td></tr><tr><th style="padding:3px 5px;text-align:left;background:#f3f4f6;border-bottom:1px solid #d1d5db;width:30%;font-size:11px;font-weight:600;color:#1f2937;">Logradouro</th><td style="padding:3px 5px;border-bottom:1px solid #e5e7eb;font-size:11px;color:#111827;">R Manuel Passos</td></tr><tr><th style="padding:3px 5px;text-align:left;background:#f3f4f6;border-bottom:1px solid #d1d5db;width:30%;font-size:11px;font-weight:600;color:#1f2937;">Subprefeitura</th><td style="padding:3px 5px;border-bottom:1px solid #e5e7eb;font-size:11px;color:#111827;">Santana / Tucuruvi</td></tr><tr><th style="padding:3px 5px;text-align:left;background:#f3f4f6;border-bottom:1px solid #d1d5db;width:30%;font-size:11px;font-weight:600;color:#1f2937;">Turno</th><td style="padding:3px 5px;border-bottom:1px solid #e5e7eb;font-size:11px;color:#111827;">Diurno</td></tr><tr><th style="padding:3px 5px;text-align:left;background:#f3f4f6;border-bottom:1px solid #d1d5db;width:30%;font-size:11px;font-weight:600;color:#1f2937;">Frequência</th><td style="padding:3px 5px;border-bottom:1px solid #e5e7eb;font-size:11px;color:#111827;">Bissemanal de Segunda/Quinta</td></tr><tr><th style="padding:3px 5px;text-align:left;background:#f3f4f6;border-bottom:1px solid #d1d5db;width:30%;font-size:11px;font-weight:600;color:#1f2937;">Cronograma</th><td style="padding:3px 5px;border-bottom:1px solid #e5e7eb;font-size:11px;color:#111827;">—</td></tr></table>]]></description><Polygon><outerBoundaryIs><LinearRing><coordinates>-46.6170900,-23.4778400,0 -46.6167800,-23.4779600,0 -46.6165200,-23.4781700,0 -46.6164300,-23.4783000,0 -46.6163300,-23.4786000,0 -46.6163200,-23.4787600,0 -46.6163400,-23.4789200,0 -46.6163900,-23.4790600,0 -46.6164600,-23.4792000,0 -46.6168000,-23.4796700,0 -46.6169300,-23.4797800,0 -46.6170700,-23.4798600,0 -46.6172300,-23.4799300,0 -46.6173900,-23.4799600,0 -46.6175600,-23.4799700,0 -46.6179000,-23.4799100,0 -46.6181900,-23.4797500,0 -46.6183900,-23.4795200,0 -46.6186700,-23.4790700,0 -46.6187900,-23.4787700,0 -46.6187900,-23.4784600,0 -46.6187400,-23.4783100,0 -46.6186700,-23.4781700,0 -46.6185700,-23.4780400,0 -46.6184500,-23.4779300,0 -46.6183100,-23.4778400,0 -46.6181500,-23.4777700,0 -46.6179900,-23.4777300,0 -46.6176500,-23.4777300,0 -46.6170900,-23.4778400,0</coordinates></LinearRing></outerBoundaryIs></Polygon></Placemark>
<Style id="s-VP-105">
<LineStyle><color>ff00d7ff</color><width>2.0</width></LineStyle>
<PolyStyle><color>ff00d7ff</color></PolyStyle>
<IconStyle><color>ff00d7ff</color><scale>0.55</scale>
<Icon><href>http://maps.google.com/mapfiles/kml/shapes/placemark_circle.png</href></Icon>
</IconStyle>
<LabelStyle><scale>0.65</scale></LabelStyle>
</Style><Placemark><name>Praça Coronel Policial Militar Fernão Guedes de Souza</name><styleUrl>#s-VP-105</styleUrl><description><![CDATA[<table style="border-collapse:collapse;width:100%;font-family:'Helvetica Neue',Helvetica,Arial,sans-serif;font-size:11px;border:1px solid #e5e7eb;border-radius:8px;overflow:hidden;"><tr><th colspan="2" style="padding:5px 8px;background:#1f6feb;color:#fff;text-align:left;font-size:12px;font-weight:600;">Praça Coronel Policial Militar Fernão Guedes de Souza</th></tr><tr><th style="padding:3px 5px;text-align:left;background:#f3f4f6;border-bottom:1px solid #d1d5db;width:30%;font-size:11px;font-weight:600;color:#1f2937;">Serviço</th><td style="padding:3px 5px;border-bottom:1px solid #e5e7eb;font-size:11px;color:#111827;">Varrição de Praças (VP)</td></tr><tr><th style="padding:3px 5px;text-align:left;background:#f3f4f6;border-bottom:1px solid #d1d5db;width:30%;font-size:11px;font-weight:600;color:#1f2937;">Setor</th><td style="padding:3px 5px;border-bottom:1px solid #e5e7eb;font-size:11px;color:#111827;">ST10302VP0021</td></tr><tr><th style="padding:3px 5px;text-align:left;background:#f3f4f6;border-bottom:1px solid #d1d5db;width:30%;font-size:11px;font-weight:600;color:#1f2937;">Tipo de Serviço</th><td style="padding:3px 5px;border-bottom:1px solid #e5e7eb;font-size:11px;color:#111827;">Varrição de Praças</td></tr><tr><th style="padding:3px 5px;text-align:left;background:#f3f4f6;border-bottom:1px solid #d1d5db;width:30%;font-size:11px;font-weight:600;color:#1f2937;">Nome</th><td style="padding:3px 5px;border-bottom:1px solid #e5e7eb;font-size:11px;color:#111827;">Praça Coronel Policial Militar Fernão Guedes de Souza</td></tr><tr><th style="padding:3px 5px;text-align:left;background:#f3f4f6;border-bottom:1px solid #d1d5db;width:30%;font-size:11px;font-weight:600;color:#1f2937;">Logradouro</th><td style="padding:3px 5px;border-bottom:1px solid #e5e7eb;font-size:11px;color:#111827;">R Sto Adalberto</td></tr><tr><th style="padding:3px 5px;text-align:left;background:#f3f4f6;border-bottom:1px solid #d1d5db;width:30%;font-size:11px;font-weight:600;color:#1f2937;">Subprefeitura</th><td style="padding:3px 5px;border-bottom:1px solid #e5e7eb;font-size:11px;color:#111827;">Santana / Tucuruvi</td></tr><tr><th style="padding:3px 5px;text-align:left;background:#f3f4f6;border-bottom:1px solid #d1d5db;width:30%;font-size:11px;font-weight:600;color:#1f2937;">Turno</th><td style="padding:3px 5px;border-bottom:1px solid #e5e7eb;font-size:11px;color:#111827;">Diurno</td></tr><tr><th style="padding:3px 5px;text-align:left;background:#f3f4f6;border-bottom:1px solid #d1d5db;width:30%;font-size:11px;font-weight:600;color:#1f2937;">Frequência</th><td style="padding:3px 5px;border-bottom:1px solid #e5e7eb;font-size:11px;color:#111827;">Bissemanal de Segunda/Quinta</td></tr><tr><th style="padding:3px 5px;text-align:left;background:#f3f4f6;border-bottom:1px solid #d1d5db;width:30%;font-size:11px;font-weight:600;color:#1f2937;">Cronograma</th><td style="padding:3px 5px;border-bottom:1px solid #e5e7eb;font-size:11px;color:#111827;">—</td></tr></table>]]></description><Polygon><outerBoundaryIs><LinearRing><coordinates>-46.6194800,-23.4786900,0 -46.6196400,-23.4786500,0 -46.6198000,-23.4785800,0 -46.6199400,-23.4784900,0 -46.6201100,-23.4783300,0 -46.6202000,-23.4781900,0 -46.6202900,-23.4779300,0 -46.6202900,-23.4776300,0 -46.6202500,-23.4774800,0 -46.6200900,-23.4772100,0 -46.6199700,-23.4770900,0 -46.6195500,-23.4767800,0 -46.6194000,-23.4767100,0 -46.6192400,-23.4766600,0 -46.6189000,-23.4766400,0 -46.6185700,-23.4767400,0 -46.6184300,-23.4768200,0 -46.6181900,-23.4770500,0 -46.6179800,-23.4774800,0 -46.6179600,-23.4777900,0 -46.6179900,-23.4779500,0 -46.6180500,-23.4780900,0 -46.6181300,-23.4782300,0 -46.6182400,-23.4783500,0 -46.6185200,-23.4785300,0 -46.6191800,-23.4787000,0 -46.6194800,-23.4786900,0</coordinates></LinearRing></outerBoundaryIs></Polygon></Placemark>
<Style id="s-VP-106">
<LineStyle><color>ff00d7ff</color><width>2.0</width></LineStyle>
<PolyStyle><color>ff00d7ff</color></PolyStyle>
<IconStyle><color>ff00d7ff</color><scale>0.55</scale>
<Icon><href>http://maps.google.com/mapfiles/kml/shapes/placemark_circle.png</href></Icon>
</IconStyle>
<LabelStyle><scale>0.65</scale></LabelStyle>
</Style><Placemark><name>Praça Gecádio Fonseca</name><styleUrl>#s-VP-106</styleUrl><description><![CDATA[<table style="border-collapse:collapse;width:100%;font-family:'Helvetica Neue',Helvetica,Arial,sans-serif;font-size:11px;border:1px solid #e5e7eb;border-radius:8px;overflow:hidden;"><tr><th colspan="2" style="padding:5px 8px;background:#1f6feb;color:#fff;text-align:left;font-size:12px;font-weight:600;">Praça Gecádio Fonseca</th></tr><tr><th style="padding:3px 5px;text-align:left;background:#f3f4f6;border-bottom:1px solid #d1d5db;width:30%;font-size:11px;font-weight:600;color:#1f2937;">Serviço</th><td style="padding:3px 5px;border-bottom:1px solid #e5e7eb;font-size:11px;color:#111827;">Varrição de Praças (VP)</td></tr><tr><th style="padding:3px 5px;text-align:left;background:#f3f4f6;border-bottom:1px solid #d1d5db;width:30%;font-size:11px;font-weight:600;color:#1f2937;">Setor</th><td style="padding:3px 5px;border-bottom:1px solid #e5e7eb;font-size:11px;color:#111827;">ST10302VP0022</td></tr><tr><th style="padding:3px 5px;text-align:left;background:#f3f4f6;border-bottom:1px solid #d1d5db;width:30%;font-size:11px;font-weight:600;color:#1f2937;">Tipo de Serviço</th><td style="padding:3px 5px;border-bottom:1px solid #e5e7eb;font-size:11px;color:#111827;">Varrição de Praças</td></tr><tr><th style="padding:3px 5px;text-align:left;background:#f3f4f6;border-bottom:1px solid #d1d5db;width:30%;font-size:11px;font-weight:600;color:#1f2937;">Nome</th><td style="padding:3px 5px;border-bottom:1px solid #e5e7eb;font-size:11px;color:#111827;">Praça Gecádio Fonseca</td></tr><tr><th style="padding:3px 5px;text-align:left;background:#f3f4f6;border-bottom:1px solid #d1d5db;width:30%;font-size:11px;font-weight:600;color:#1f2937;">Logradouro</th><td style="padding:3px 5px;border-bottom:1px solid #e5e7eb;font-size:11px;color:#111827;">R Abreu Lemos</td></tr><tr><th style="padding:3px 5px;text-align:left;background:#f3f4f6;border-bottom:1px solid #d1d5db;width:30%;font-size:11px;font-weight:600;color:#1f2937;">Subprefeitura</th><td style="padding:3px 5px;border-bottom:1px solid #e5e7eb;font-size:11px;color:#111827;">Santana / Tucuruvi</td></tr><tr><th style="padding:3px 5px;text-align:left;background:#f3f4f6;border-bottom:1px solid #d1d5db;width:30%;font-size:11px;font-weight:600;color:#1f2937;">Turno</th><td style="padding:3px 5px;border-bottom:1px solid #e5e7eb;font-size:11px;color:#111827;">Diurno</td></tr><tr><th style="padding:3px 5px;text-align:left;background:#f3f4f6;border-bottom:1px solid #d1d5db;width:30%;font-size:11px;font-weight:600;color:#1f2937;">Frequência</th><td style="padding:3px 5px;border-bottom:1px solid #e5e7eb;font-size:11px;color:#111827;">Bissemanal de Segunda/Quinta</td></tr><tr><th style="padding:3px 5px;text-align:left;background:#f3f4f6;border-bottom:1px solid #d1d5db;width:30%;font-size:11px;font-weight:600;color:#1f2937;">Cronograma</th><td style="padding:3px 5px;border-bottom:1px solid #e5e7eb;font-size:11px;color:#111827;">—</td></tr></table>]]></description><Polygon><outerBoundaryIs><LinearRing><coordinates>-46.6157500,-23.4756100,0 -46.6155800,-23.4755900,0 -46.6154100,-23.4756000,0 -46.6150800,-23.4757000,0 -46.6149400,-23.4757900,0 -46.6147200,-23.4760200,0 -46.6145600,-23.4762600,0 -46.6144900,-23.4764100,0 -46.6144500,-23.4765600,0 -46.6144400,-23.4767100,0 -46.6144600,-23.4768700,0 -46.6145100,-23.4770200,0 -46.6146800,-23.4773800,0 -46.6147600,-23.4775100,0 -46.6148700,-23.4776400,0 -46.6150000,-23.4777400,0 -46.6153100,-23.4778800,0 -46.6156500,-23.4779100,0 -46.6159700,-23.4778300,0 -46.6162900,-23.4777000,0 -46.6166700,-23.4773800,0 -46.6167800,-23.4772600,0 -46.6168600,-23.4771200,0 -46.6169900,-23.4766900,0 -46.6170000,-23.4765700,0 -46.6169400,-23.4762700,0 -46.6168600,-23.4761200,0 -46.6167700,-23.4760000,0 -46.6166500,-23.4758900,0 -46.6165100,-23.4758000,0 -46.6163500,-23.4757300,0 -46.6157500,-23.4756100,0</coordinates></LinearRing></outerBoundaryIs></Polygon></Placemark>
<Style id="s-VP-107">
<LineStyle><color>ff00d7ff</color><width>2.0</width></LineStyle>
<PolyStyle><color>ff00d7ff</color></PolyStyle>
<IconStyle><color>ff00d7ff</color><scale>0.55</scale>
<Icon><href>http://maps.google.com/mapfiles/kml/shapes/placemark_circle.png</href></Icon>
</IconStyle>
<LabelStyle><scale>0.65</scale></LabelStyle>
</Style><Placemark><name>R Agua Comprida x R Vaz Muniz</name><styleUrl>#s-VP-107</styleUrl><description><![CDATA[<table style="border-collapse:collapse;width:100%;font-family:'Helvetica Neue',Helvetica,Arial,sans-serif;font-size:11px;border:1px solid #e5e7eb;border-radius:8px;overflow:hidden;"><tr><th colspan="2" style="padding:5px 8px;background:#1f6feb;color:#fff;text-align:left;font-size:12px;font-weight:600;">R Agua Comprida x R Vaz Muniz</th></tr><tr><th style="padding:3px 5px;text-align:left;background:#f3f4f6;border-bottom:1px solid #d1d5db;width:30%;font-size:11px;font-weight:600;color:#1f2937;">Serviço</th><td style="padding:3px 5px;border-bottom:1px solid #e5e7eb;font-size:11px;color:#111827;">Varrição de Praças (VP)</td></tr><tr><th style="padding:3px 5px;text-align:left;background:#f3f4f6;border-bottom:1px solid #d1d5db;width:30%;font-size:11px;font-weight:600;color:#1f2937;">Setor</th><td style="padding:3px 5px;border-bottom:1px solid #e5e7eb;font-size:11px;color:#111827;">ST10302VP0023</td></tr><tr><th style="padding:3px 5px;text-align:left;background:#f3f4f6;border-bottom:1px solid #d1d5db;width:30%;font-size:11px;font-weight:600;color:#1f2937;">Tipo de Serviço</th><td style="padding:3px 5px;border-bottom:1px solid #e5e7eb;font-size:11px;color:#111827;">Varrição de Praças</td></tr><tr><th style="padding:3px 5px;text-align:left;background:#f3f4f6;border-bottom:1px solid #d1d5db;width:30%;font-size:11px;font-weight:600;color:#1f2937;">Nome</th><td style="padding:3px 5px;border-bottom:1px solid #e5e7eb;font-size:11px;color:#111827;">R Agua Comprida x R Vaz Muniz</td></tr><tr><th style="padding:3px 5px;text-align:left;background:#f3f4f6;border-bottom:1px solid #d1d5db;width:30%;font-size:11px;font-weight:600;color:#1f2937;">Logradouro</th><td style="padding:3px 5px;border-bottom:1px solid #e5e7eb;font-size:11px;color:#111827;">R Vaz Muniz</td></tr><tr><th style="padding:3px 5px;text-align:left;background:#f3f4f6;border-bottom:1px solid #d1d5db;width:30%;font-size:11px;font-weight:600;color:#1f2937;">Subprefeitura</th><td style="padding:3px 5px;border-bottom:1px solid #e5e7eb;font-size:11px;color:#111827;">Santana / Tucuruvi</td></tr><tr><th style="padding:3px 5px;text-align:left;background:#f3f4f6;border-bottom:1px solid #d1d5db;width:30%;font-size:11px;font-weight:600;color:#1f2937;">Turno</th><td style="padding:3px 5px;border-bottom:1px solid #e5e7eb;font-size:11px;color:#111827;">Diurno</td></tr><tr><th style="padding:3px 5px;text-align:left;background:#f3f4f6;border-bottom:1px solid #d1d5db;width:30%;font-size:11px;font-weight:600;color:#1f2937;">Frequência</th><td style="padding:3px 5px;border-bottom:1px solid #e5e7eb;font-size:11px;color:#111827;">Bissemanal de Segunda/Quinta</td></tr><tr><th style="padding:3px 5px;text-align:left;background:#f3f4f6;border-bottom:1px solid #d1d5db;width:30%;font-size:11px;font-weight:600;color:#1f2937;">Cronograma</th><td style="padding:3px 5px;border-bottom:1px solid #e5e7eb;font-size:11px;color:#111827;">—</td></tr></table>]]></description><Polygon><outerBoundaryIs><LinearRing><coordinates>-46.6138000,-23.4784900,0 -46.6150700,-23.4797400,0 -46.6136300,-23.4785100,0 -46.6151600,-23.4796100,0 -46.6135700,-23.4785200,0 -46.6152200,-23.4794700,0 -46.6134900,-23.4785500,0 -46.6152600,-23.4793100,0 -46.6133300,-23.4786000,0 -46.6152700,-23.4792000,0 -46.6131900,-23.4786800,0 -46.6152500,-23.4790400,0 -46.6130600,-23.4787900,0 -46.6152100,-23.4788900,0 -46.6130300,-23.4788200,0 -46.6151400,-23.4787400,0 -46.6129900,-23.4788600,0 -46.6150400,-23.4786200,0 -46.6128900,-23.4789800,0 -46.6149200,-23.4785100,0 -46.6128200,-23.4791200,0 -46.6147800,-23.4784200,0 -46.6127700,-23.4792800,0 -46.6146200,-23.4783500,0 -46.6127500,-23.4794300,0 -46.6144600,-23.4783100,0 -46.6127600,-23.4795900,0 -46.6142900,-23.4783000,0 -46.6128000,-23.4797400,0 -46.6141200,-23.4783100,0 -46.6128700,-23.4798800,0 -46.6139500,-23.4783500,0 -46.6129700,-23.4800100,0 -46.6138700,-23.4783800,0 -46.6130900,-23.4801300,0 -46.6134600,-23.4785600,0 -46.6132300,-23.4802200,0 -46.6133200,-23.4786400,0 -46.6133800,-23.4802900,0 -46.6131900,-23.4787400,0 -46.6135400,-23.4803300,0 -46.6130800,-23.4788600,0 -46.6136400,-23.4803500,0 -46.6129900,-23.4789900,0 -46.6138100,-23.4803600,0 -46.6129300,-23.4791400,0 -46.6139200,-23.4803600,0 -46.6129000,-23.4792900,0 -46.6141800,-23.4803400,0 -46.6129000,-23.4794500,0 -46.6143500,-23.4803100,0 -46.6129300,-23.4796000,0 -46.6145100,-23.4802600,0 -46.6129900,-23.4797500,0 -46.6146600,-23.4801800,0 -46.6130800,-23.4798900,0 -46.6147900,-23.4800800,0 -46.6131900,-23.4800100,0 -46.6148900,-23.4799700,0 -46.6133200,-23.4801100,0 -46.6149400,-23.4799000,0 -46.6134700,-23.4801900,0 -46.6150300,-23.4797700,0 -46.6136300,-23.4802400,0 -46.6150900,-23.4796200,0 -46.6138000,-23.4802700,0 -46.6151300,-23.4794700,0 -46.6139700,-23.4802700,0 -46.6151300,-23.4793700,0 -46.6142500,-23.4802400,0 -46.6151200,-23.4792200,0 -46.6144200,-23.4802200,0 -46.6150700,-23.4790700,0 -46.6145800,-23.4801600,0 -46.6150000,-23.4789200,0 -46.6147200,-23.4800800,0 -46.6149000,-23.4788000,0 -46.6148500,-23.4799800,0 -46.6147800,-23.4786800,0 -46.6149400,-23.4798900,0 -46.6146400,-23.4785900,0 -46.6150700,-23.4797400,0 -46.6144900,-23.4785300,0 -46.6141500,-23.4784700,0 -46.6138000,-23.4784900,0</coordinates></LinearRing></outerBoundaryIs></Polygon></Placemark>
<Style id="s-VP-108">
<LineStyle><color>ff00d7ff</color><width>2.0</width></LineStyle>
<PolyStyle><color>ff00d7ff</color></PolyStyle>
<IconStyle><color>ff00d7ff</color><scale>0.55</scale>
<Icon><href>http://maps.google.com/mapfiles/kml/shapes/placemark_circle.png</href></Icon>
</IconStyle>
<LabelStyle><scale>0.65</scale></LabelStyle>
</Style><Placemark><name>Jaime Janeiro Rodrigues</name><styleUrl>#s-VP-108</styleUrl><description><![CDATA[<table style="border-collapse:collapse;width:100%;font-family:'Helvetica Neue',Helvetica,Arial,sans-serif;font-size:11px;border:1px solid #e5e7eb;border-radius:8px;overflow:hidden;"><tr><th colspan="2" style="padding:5px 8px;background:#1f6feb;color:#fff;text-align:left;font-size:12px;font-weight:600;">Jaime Janeiro Rodrigues</th></tr><tr><th style="padding:3px 5px;text-align:left;background:#f3f4f6;border-bottom:1px solid #d1d5db;width:30%;font-size:11px;font-weight:600;color:#1f2937;">Serviço</th><td style="padding:3px 5px;border-bottom:1px solid #e5e7eb;font-size:11px;color:#111827;">Varrição de Praças (VP)</td></tr><tr><th style="padding:3px 5px;text-align:left;background:#f3f4f6;border-bottom:1px solid #d1d5db;width:30%;font-size:11px;font-weight:600;color:#1f2937;">Setor</th><td style="padding:3px 5px;border-bottom:1px solid #e5e7eb;font-size:11px;color:#111827;">ST10302VP0024</td></tr><tr><th style="padding:3px 5px;text-align:left;background:#f3f4f6;border-bottom:1px solid #d1d5db;width:30%;font-size:11px;font-weight:600;color:#1f2937;">Tipo de Serviço</th><td style="padding:3px 5px;border-bottom:1px solid #e5e7eb;font-size:11px;color:#111827;">Varrição de Praças</td></tr><tr><th style="padding:3px 5px;text-align:left;background:#f3f4f6;border-bottom:1px solid #d1d5db;width:30%;font-size:11px;font-weight:600;color:#1f2937;">Nome</th><td style="padding:3px 5px;border-bottom:1px solid #e5e7eb;font-size:11px;color:#111827;">Jaime Janeiro Rodrigues</td></tr><tr><th style="padding:3px 5px;text-align:left;background:#f3f4f6;border-bottom:1px solid #d1d5db;width:30%;font-size:11px;font-weight:600;color:#1f2937;">Logradouro</th><td style="padding:3px 5px;border-bottom:1px solid #e5e7eb;font-size:11px;color:#111827;">R Vaz Muniz</td></tr><tr><th style="padding:3px 5px;text-align:left;background:#f3f4f6;border-bottom:1px solid #d1d5db;width:30%;font-size:11px;font-weight:600;color:#1f2937;">Subprefeitura</th><td style="padding:3px 5px;border-bottom:1px solid #e5e7eb;font-size:11px;color:#111827;">Santana / Tucuruvi</td></tr><tr><th style="padding:3px 5px;text-align:left;background:#f3f4f6;border-bottom:1px solid #d1d5db;width:30%;font-size:11px;font-weight:600;color:#1f2937;">Turno</th><td style="padding:3px 5px;border-bottom:1px solid #e5e7eb;font-size:11px;color:#111827;">Diurno</td></tr><tr><th style="padding:3px 5px;text-align:left;background:#f3f4f6;border-bottom:1px solid #d1d5db;width:30%;font-size:11px;font-weight:600;color:#1f2937;">Frequência</th><td style="padding:3px 5px;border-bottom:1px solid #e5e7eb;font-size:11px;color:#111827;">Bissemanal de Segunda/Quinta</td></tr><tr><th style="padding:3px 5px;text-align:left;background:#f3f4f6;border-bottom:1px solid #d1d5db;width:30%;font-size:11px;font-weight:600;color:#1f2937;">Cronograma</th><td style="padding:3px 5px;border-bottom:1px solid #e5e7eb;font-size:11px;color:#111827;">—</td></tr></table>]]></description><Polygon><outerBoundaryIs><LinearRing><coordinates>-46.6133300,-23.4789200,0 -46.6132400,-23.4790500,0 -46.6131400,-23.4793500,0 -46.6131400,-23.4795100,0 -46.6132200,-23.4798100,0 -46.6133000,-23.4799500,0 -46.6134100,-23.4800700,0 -46.6136800,-23.4802500,0 -46.6138400,-23.4803100,0 -46.6140100,-23.4803400,0 -46.6144300,-23.4803300,0 -46.6146000,-23.4803100,0 -46.6148100,-23.4802400,0 -46.6149600,-23.4801700,0 -46.6152100,-23.4799600,0 -46.6153000,-23.4798200,0 -46.6153600,-23.4796800,0 -46.6154100,-23.4794100,0 -46.6153500,-23.4791000,0 -46.6152800,-23.4789600,0 -46.6151800,-23.4788300,0 -46.6150600,-23.4787200,0 -46.6149200,-23.4786300,0 -46.6147600,-23.4785600,0 -46.6145100,-23.4785000,0 -46.6142900,-23.4784800,0 -46.6141100,-23.4784700,0 -46.6139500,-23.4785000,0 -46.6137800,-23.4785500,0 -46.6136300,-23.4786200,0 -46.6135000,-23.4787200,0 -46.6133300,-23.4789200,0</coordinates></LinearRing></outerBoundaryIs></Polygon></Placemark>
<Style id="s-VP-109">
<LineStyle><color>ff00d7ff</color><width>2.0</width></LineStyle>
<PolyStyle><color>ff00d7ff</color></PolyStyle>
<IconStyle><color>ff00d7ff</color><scale>0.55</scale>
<Icon><href>http://maps.google.com/mapfiles/kml/shapes/placemark_circle.png</href></Icon>
</IconStyle>
<LabelStyle><scale>0.65</scale></LabelStyle>
</Style><Placemark><name>Japoatã x Vaz Muniz</name><styleUrl>#s-VP-109</styleUrl><description><![CDATA[<table style="border-collapse:collapse;width:100%;font-family:'Helvetica Neue',Helvetica,Arial,sans-serif;font-size:11px;border:1px solid #e5e7eb;border-radius:8px;overflow:hidden;"><tr><th colspan="2" style="padding:5px 8px;background:#1f6feb;color:#fff;text-align:left;font-size:12px;font-weight:600;">Japoatã x Vaz Muniz</th></tr><tr><th style="padding:3px 5px;text-align:left;background:#f3f4f6;border-bottom:1px solid #d1d5db;width:30%;font-size:11px;font-weight:600;color:#1f2937;">Serviço</th><td style="padding:3px 5px;border-bottom:1px solid #e5e7eb;font-size:11px;color:#111827;">Varrição de Praças (VP)</td></tr><tr><th style="padding:3px 5px;text-align:left;background:#f3f4f6;border-bottom:1px solid #d1d5db;width:30%;font-size:11px;font-weight:600;color:#1f2937;">Setor</th><td style="padding:3px 5px;border-bottom:1px solid #e5e7eb;font-size:11px;color:#111827;">ST10302VP0025</td></tr><tr><th style="padding:3px 5px;text-align:left;background:#f3f4f6;border-bottom:1px solid #d1d5db;width:30%;font-size:11px;font-weight:600;color:#1f2937;">Tipo de Serviço</th><td style="padding:3px 5px;border-bottom:1px solid #e5e7eb;font-size:11px;color:#111827;">Varrição de Praças</td></tr><tr><th style="padding:3px 5px;text-align:left;background:#f3f4f6;border-bottom:1px solid #d1d5db;width:30%;font-size:11px;font-weight:600;color:#1f2937;">Nome</th><td style="padding:3px 5px;border-bottom:1px solid #e5e7eb;font-size:11px;color:#111827;">Japoatã x Vaz Muniz</td></tr><tr><th style="padding:3px 5px;text-align:left;background:#f3f4f6;border-bottom:1px solid #d1d5db;width:30%;font-size:11px;font-weight:600;color:#1f2937;">Logradouro</th><td style="padding:3px 5px;border-bottom:1px solid #e5e7eb;font-size:11px;color:#111827;">R Manuel Passos</td></tr><tr><th style="padding:3px 5px;text-align:left;background:#f3f4f6;border-bottom:1px solid #d1d5db;width:30%;font-size:11px;font-weight:600;color:#1f2937;">Subprefeitura</th><td style="padding:3px 5px;border-bottom:1px solid #e5e7eb;font-size:11px;color:#111827;">Santana / Tucuruvi</td></tr><tr><th style="padding:3px 5px;text-align:left;background:#f3f4f6;border-bottom:1px solid #d1d5db;width:30%;font-size:11px;font-weight:600;color:#1f2937;">Turno</th><td style="padding:3px 5px;border-bottom:1px solid #e5e7eb;font-size:11px;color:#111827;">Diurno</td></tr><tr><th style="padding:3px 5px;text-align:left;background:#f3f4f6;border-bottom:1px solid #d1d5db;width:30%;font-size:11px;font-weight:600;color:#1f2937;">Frequência</th><td style="padding:3px 5px;border-bottom:1px solid #e5e7eb;font-size:11px;color:#111827;">Bissemanal de Segunda/Quinta</td></tr><tr><th style="padding:3px 5px;text-align:left;background:#f3f4f6;border-bottom:1px solid #d1d5db;width:30%;font-size:11px;font-weight:600;color:#1f2937;">Cronograma</th><td style="padding:3px 5px;border-bottom:1px solid #e5e7eb;font-size:11px;color:#111827;">—</td></tr></table>]]></description><Polygon><outerBoundaryIs><LinearRing><coordinates>-46.6184500,-23.4787800,0 -46.6183800,-23.4786400,0 -46.6182800,-23.4785100,0 -46.6181600,-23.4784000,0 -46.6180200,-23.4783100,0 -46.6178600,-23.4782400,0 -46.6177000,-23.4782000,0 -46.6175300,-23.4781900,0 -46.6173600,-23.4782000,0 -46.6171900,-23.4782400,0 -46.6169200,-23.4783800,0 -46.6164800,-23.4787000,0 -46.6163500,-23.4788000,0 -46.6162500,-23.4789300,0 -46.6161700,-23.4790700,0 -46.6161200,-23.4792200,0 -46.6161000,-23.4793800,0 -46.6161100,-23.4795300,0 -46.6161500,-23.4796800,0 -46.6162200,-23.4798300,0 -46.6163100,-23.4799600,0 -46.6165600,-23.4801700,0 -46.6167100,-23.4802400,0 -46.6168800,-23.4802800,0 -46.6172200,-23.4803000,0 -46.6178300,-23.4801700,0 -46.6179900,-23.4801200,0 -46.6181400,-23.4800500,0 -46.6182700,-23.4799600,0 -46.6183900,-23.4798400,0 -46.6184800,-23.4797100,0 -46.6185500,-23.4795600,0 -46.6185900,-23.4793000,0 -46.6185700,-23.4791400,0 -46.6184500,-23.4787800,0</coordinates></LinearRing></outerBoundaryIs></Polygon></Placemark>
<Style id="s-VP-110">
<LineStyle><color>ff00d7ff</color><width>2.0</width></LineStyle>
<PolyStyle><color>ff00d7ff</color></PolyStyle>
<IconStyle><color>ff00d7ff</color><scale>0.55</scale>
<Icon><href>http://maps.google.com/mapfiles/kml/shapes/placemark_circle.png</href></Icon>
</IconStyle>
<LabelStyle><scale>0.65</scale></LabelStyle>
</Style><Placemark><name>Praça Novais Morelli</name><styleUrl>#s-VP-110</styleUrl><description><![CDATA[<table style="border-collapse:collapse;width:100%;font-family:'Helvetica Neue',Helvetica,Arial,sans-serif;font-size:11px;border:1px solid #e5e7eb;border-radius:8px;overflow:hidden;"><tr><th colspan="2" style="padding:5px 8px;background:#1f6feb;color:#fff;text-align:left;font-size:12px;font-weight:600;">Praça Novais Morelli</th></tr><tr><th style="padding:3px 5px;text-align:left;background:#f3f4f6;border-bottom:1px solid #d1d5db;width:30%;font-size:11px;font-weight:600;color:#1f2937;">Serviço</th><td style="padding:3px 5px;border-bottom:1px solid #e5e7eb;font-size:11px;color:#111827;">Varrição de Praças (VP)</td></tr><tr><th style="padding:3px 5px;text-align:left;background:#f3f4f6;border-bottom:1px solid #d1d5db;width:30%;font-size:11px;font-weight:600;color:#1f2937;">Setor</th><td style="padding:3px 5px;border-bottom:1px solid #e5e7eb;font-size:11px;color:#111827;">ST10302VP0026</td></tr><tr><th style="padding:3px 5px;text-align:left;background:#f3f4f6;border-bottom:1px solid #d1d5db;width:30%;font-size:11px;font-weight:600;color:#1f2937;">Tipo de Serviço</th><td style="padding:3px 5px;border-bottom:1px solid #e5e7eb;font-size:11px;color:#111827;">Varrição de Praças</td></tr><tr><th style="padding:3px 5px;text-align:left;background:#f3f4f6;border-bottom:1px solid #d1d5db;width:30%;font-size:11px;font-weight:600;color:#1f2937;">Nome</th><td style="padding:3px 5px;border-bottom:1px solid #e5e7eb;font-size:11px;color:#111827;">Praça Novais Morelli</td></tr><tr><th style="padding:3px 5px;text-align:left;background:#f3f4f6;border-bottom:1px solid #d1d5db;width:30%;font-size:11px;font-weight:600;color:#1f2937;">Logradouro</th><td style="padding:3px 5px;border-bottom:1px solid #e5e7eb;font-size:11px;color:#111827;">R Sto Adalberto</td></tr><tr><th style="padding:3px 5px;text-align:left;background:#f3f4f6;border-bottom:1px solid #d1d5db;width:30%;font-size:11px;font-weight:600;color:#1f2937;">Subprefeitura</th><td style="padding:3px 5px;border-bottom:1px solid #e5e7eb;font-size:11px;color:#111827;">Santana / Tucuruvi</td></tr><tr><th style="padding:3px 5px;text-align:left;background:#f3f4f6;border-bottom:1px solid #d1d5db;width:30%;font-size:11px;font-weight:600;color:#1f2937;">Turno</th><td style="padding:3px 5px;border-bottom:1px solid #e5e7eb;font-size:11px;color:#111827;">Diurno</td></tr><tr><th style="padding:3px 5px;text-align:left;background:#f3f4f6;border-bottom:1px solid #d1d5db;width:30%;font-size:11px;font-weight:600;color:#1f2937;">Frequência</th><td style="padding:3px 5px;border-bottom:1px solid #e5e7eb;font-size:11px;color:#111827;">Bissemanal de Segunda/Quinta</td></tr><tr><th style="padding:3px 5px;text-align:left;background:#f3f4f6;border-bottom:1px solid #d1d5db;width:30%;font-size:11px;font-weight:600;color:#1f2937;">Cronograma</th><td style="padding:3px 5px;border-bottom:1px solid #e5e7eb;font-size:11px;color:#111827;">—</td></tr></table>]]></description><Polygon><outerBoundaryIs><LinearRing><coordinates>-46.6186400,-23.4788100,0 -46.6186600,-23.4789700,0 -46.6187100,-23.4791200,0 -46.6188900,-23.4793900,0 -46.6190100,-23.4794900,0 -46.6191600,-23.4795800,0 -46.6193100,-23.4796400,0 -46.6194800,-23.4796800,0 -46.6196500,-23.4796900,0 -46.6198200,-23.4796700,0 -46.6206900,-23.4794700,0 -46.6208500,-23.4794200,0 -46.6211400,-23.4792600,0 -46.6212600,-23.4791400,0 -46.6213500,-23.4790100,0 -46.6214100,-23.4788700,0 -46.6214500,-23.4787100,0 -46.6214500,-23.4784400,0 -46.6213300,-23.4781400,0 -46.6211100,-23.4779000,0 -46.6205200,-23.4775200,0 -46.6202400,-23.4773700,0 -46.6200200,-23.4772900,0 -46.6198600,-23.4772500,0 -46.6196900,-23.4772400,0 -46.6195200,-23.4772600,0 -46.6193500,-23.4773100,0 -46.6192000,-23.4773800,0 -46.6189500,-23.4775900,0 -46.6188600,-23.4777200,0 -46.6187900,-23.4778600,0 -46.6187300,-23.4780800,0 -46.6186500,-23.4785200,0 -46.6186400,-23.4788100,0</coordinates></LinearRing></outerBoundaryIs></Polygon></Placemark>
<Style id="s-VP-111">
<LineStyle><color>ff00d7ff</color><width>2.0</width></LineStyle>
<PolyStyle><color>ff00d7ff</color></PolyStyle>
<IconStyle><color>ff00d7ff</color><scale>0.55</scale>
<Icon><href>http://maps.google.com/mapfiles/kml/shapes/placemark_circle.png</href></Icon>
</IconStyle>
<LabelStyle><scale>0.65</scale></LabelStyle>
</Style><Placemark><name>Praça Dom Francisco Xavier Aranha</name><styleUrl>#s-VP-111</styleUrl><description><![CDATA[<table style="border-collapse:collapse;width:100%;font-family:'Helvetica Neue',Helvetica,Arial,sans-serif;font-size:11px;border:1px solid #e5e7eb;border-radius:8px;overflow:hidden;"><tr><th colspan="2" style="padding:5px 8px;background:#1f6feb;color:#fff;text-align:left;font-size:12px;font-weight:600;">Praça Dom Francisco Xavier Aranha</th></tr><tr><th style="padding:3px 5px;text-align:left;background:#f3f4f6;border-bottom:1px solid #d1d5db;width:30%;font-size:11px;font-weight:600;color:#1f2937;">Serviço</th><td style="padding:3px 5px;border-bottom:1px solid #e5e7eb;font-size:11px;color:#111827;">Varrição de Praças (VP)</td></tr><tr><th style="padding:3px 5px;text-align:left;background:#f3f4f6;border-bottom:1px solid #d1d5db;width:30%;font-size:11px;font-weight:600;color:#1f2937;">Setor</th><td style="padding:3px 5px;border-bottom:1px solid #e5e7eb;font-size:11px;color:#111827;">ST10303VP0027</td></tr><tr><th style="padding:3px 5px;text-align:left;background:#f3f4f6;border-bottom:1px solid #d1d5db;width:30%;font-size:11px;font-weight:600;color:#1f2937;">Tipo de Serviço</th><td style="padding:3px 5px;border-bottom:1px solid #e5e7eb;font-size:11px;color:#111827;">Varrição de Praças</td></tr><tr><th style="padding:3px 5px;text-align:left;background:#f3f4f6;border-bottom:1px solid #d1d5db;width:30%;font-size:11px;font-weight:600;color:#1f2937;">Nome</th><td style="padding:3px 5px;border-bottom:1px solid #e5e7eb;font-size:11px;color:#111827;">Praça Dom Francisco Xavier Aranha</td></tr><tr><th style="padding:3px 5px;text-align:left;background:#f3f4f6;border-bottom:1px solid #d1d5db;width:30%;font-size:11px;font-weight:600;color:#1f2937;">Logradouro</th><td style="padding:3px 5px;border-bottom:1px solid #e5e7eb;font-size:11px;color:#111827;">R Imo Joao Creff</td></tr><tr><th style="padding:3px 5px;text-align:left;background:#f3f4f6;border-bottom:1px solid #d1d5db;width:30%;font-size:11px;font-weight:600;color:#1f2937;">Subprefeitura</th><td style="padding:3px 5px;border-bottom:1px solid #e5e7eb;font-size:11px;color:#111827;">Santana / Tucuruvi</td></tr><tr><th style="padding:3px 5px;text-align:left;background:#f3f4f6;border-bottom:1px solid #d1d5db;width:30%;font-size:11px;font-weight:600;color:#1f2937;">Turno</th><td style="padding:3px 5px;border-bottom:1px solid #e5e7eb;font-size:11px;color:#111827;">Diurno</td></tr><tr><th style="padding:3px 5px;text-align:left;background:#f3f4f6;border-bottom:1px solid #d1d5db;width:30%;font-size:11px;font-weight:600;color:#1f2937;">Frequência</th><td style="padding:3px 5px;border-bottom:1px solid #e5e7eb;font-size:11px;color:#111827;">Bissemanal de Terça/Sexta</td></tr><tr><th style="padding:3px 5px;text-align:left;background:#f3f4f6;border-bottom:1px solid #d1d5db;width:30%;font-size:11px;font-weight:600;color:#1f2937;">Cronograma</th><td style="padding:3px 5px;border-bottom:1px solid #e5e7eb;font-size:11px;color:#111827;">—</td></tr></table>]]></description><Polygon><outerBoundaryIs><LinearRing><coordinates>-46.6298500,-23.4734800,0 -46.6300800,-23.4733100,0 -46.6302100,-23.4731700,0 -46.6303600,-23.4729200,0 -46.6304100,-23.4727700,0 -46.6304400,-23.4724900,0 -46.6304200,-23.4723000,0 -46.6303600,-23.4720700,0 -46.6302700,-23.4718500,0 -46.6301800,-23.4717200,0 -46.6299200,-23.4715100,0 -46.6296000,-23.4713500,0 -46.6294600,-23.4713200,0 -46.6290500,-23.4710300,0 -46.6289000,-23.4709500,0 -46.6287500,-23.4708900,0 -46.6284900,-23.4708600,0 -46.6283400,-23.4707800,0 -46.6281800,-23.4707400,0 -46.6278400,-23.4707200,0 -46.6276700,-23.4707600,0 -46.6275100,-23.4708200,0 -46.6273700,-23.4709000,0 -46.6272400,-23.4710100,0 -46.6271400,-23.4711300,0 -46.6270600,-23.4712700,0 -46.6270000,-23.4714200,0 -46.6269800,-23.4715700,0 -46.6270000,-23.4717900,0 -46.6269800,-23.4720500,0 -46.6270000,-23.4722000,0 -46.6271400,-23.4724900,0 -46.6272400,-23.4726100,0 -46.6273700,-23.4727200,0 -46.6275100,-23.4728000,0 -46.6276700,-23.4728600,0 -46.6278800,-23.4729000,0 -46.6279900,-23.4730100,0 -46.6281300,-23.4731000,0 -46.6283200,-23.4731800,0 -46.6284200,-23.4733100,0 -46.6286200,-23.4734800,0 -46.6287600,-23.4735600,0 -46.6289200,-23.4736200,0 -46.6290900,-23.4736600,0 -46.6294300,-23.4736400,0 -46.6296500,-23.4735800,0 -46.6298500,-23.4734800,0</coordinates></LinearRing></outerBoundaryIs></Polygon></Placemark>
<Style id="s-VP-112">
<LineStyle><color>ff00d7ff</color><width>2.0</width></LineStyle>
<PolyStyle><color>ff00d7ff</color></PolyStyle>
<IconStyle><color>ff00d7ff</color><scale>0.55</scale>
<Icon><href>http://maps.google.com/mapfiles/kml/shapes/placemark_circle.png</href></Icon>
</IconStyle>
<LabelStyle><scale>0.65</scale></LabelStyle>
</Style><Placemark><name>Parque Domingos Luí­s</name><styleUrl>#s-VP-112</styleUrl><description><![CDATA[<table style="border-collapse:collapse;width:100%;font-family:'Helvetica Neue',Helvetica,Arial,sans-serif;font-size:11px;border:1px solid #e5e7eb;border-radius:8px;overflow:hidden;"><tr><th colspan="2" style="padding:5px 8px;background:#1f6feb;color:#fff;text-align:left;font-size:12px;font-weight:600;">Parque Domingos Luí­s</th></tr><tr><th style="padding:3px 5px;text-align:left;background:#f3f4f6;border-bottom:1px solid #d1d5db;width:30%;font-size:11px;font-weight:600;color:#1f2937;">Serviço</th><td style="padding:3px 5px;border-bottom:1px solid #e5e7eb;font-size:11px;color:#111827;">Varrição de Praças (VP)</td></tr><tr><th style="padding:3px 5px;text-align:left;background:#f3f4f6;border-bottom:1px solid #d1d5db;width:30%;font-size:11px;font-weight:600;color:#1f2937;">Setor</th><td style="padding:3px 5px;border-bottom:1px solid #e5e7eb;font-size:11px;color:#111827;">ST10303VP0028</td></tr><tr><th style="padding:3px 5px;text-align:left;background:#f3f4f6;border-bottom:1px solid #d1d5db;width:30%;font-size:11px;font-weight:600;color:#1f2937;">Tipo de Serviço</th><td style="padding:3px 5px;border-bottom:1px solid #e5e7eb;font-size:11px;color:#111827;">Varrição de Praças</td></tr><tr><th style="padding:3px 5px;text-align:left;background:#f3f4f6;border-bottom:1px solid #d1d5db;width:30%;font-size:11px;font-weight:600;color:#1f2937;">Nome</th><td style="padding:3px 5px;border-bottom:1px solid #e5e7eb;font-size:11px;color:#111827;">Parque Domingos Luí­s</td></tr><tr><th style="padding:3px 5px;text-align:left;background:#f3f4f6;border-bottom:1px solid #d1d5db;width:30%;font-size:11px;font-weight:600;color:#1f2937;">Logradouro</th><td style="padding:3px 5px;border-bottom:1px solid #e5e7eb;font-size:11px;color:#111827;">R Carlos de Laet</td></tr><tr><th style="padding:3px 5px;text-align:left;background:#f3f4f6;border-bottom:1px solid #d1d5db;width:30%;font-size:11px;font-weight:600;color:#1f2937;">Subprefeitura</th><td style="padding:3px 5px;border-bottom:1px solid #e5e7eb;font-size:11px;color:#111827;">Santana / Tucuruvi</td></tr><tr><th style="padding:3px 5px;text-align:left;background:#f3f4f6;border-bottom:1px solid #d1d5db;width:30%;font-size:11px;font-weight:600;color:#1f2937;">Turno</th><td style="padding:3px 5px;border-bottom:1px solid #e5e7eb;font-size:11px;color:#111827;">Diurno</td></tr><tr><th style="padding:3px 5px;text-align:left;background:#f3f4f6;border-bottom:1px solid #d1d5db;width:30%;font-size:11px;font-weight:600;color:#1f2937;">Frequência</th><td style="padding:3px 5px;border-bottom:1px solid #e5e7eb;font-size:11px;color:#111827;">Bissemanal de Terça/Sexta</td></tr><tr><th style="padding:3px 5px;text-align:left;background:#f3f4f6;border-bottom:1px solid #d1d5db;width:30%;font-size:11px;font-weight:600;color:#1f2937;">Cronograma</th><td style="padding:3px 5px;border-bottom:1px solid #e5e7eb;font-size:11px;color:#111827;">—</td></tr></table>]]></description><Polygon><outerBoundaryIs><LinearRing><coordinates>-46.6159000,-23.4910600,0 -46.6153200,-23.4916600,0 -46.6152400,-23.4918000,0 -46.6151900,-23.4919500,0 -46.6151700,-23.4921000,0 -46.6152100,-23.4924100,0 -46.6152700,-23.4925600,0 -46.6153700,-23.4926900,0 -46.6154800,-23.4928100,0 -46.6156000,-23.4928900,0 -46.6170400,-23.4937800,0 -46.6172000,-23.4938300,0 -46.6175400,-23.4938500,0 -46.6178700,-23.4937700,0 -46.6180100,-23.4936900,0 -46.6182500,-23.4934600,0 -46.6184900,-23.4931400,0 -46.6185800,-23.4930000,0 -46.6186600,-23.4927000,0 -46.6186500,-23.4924700,0 -46.6186000,-23.4923200,0 -46.6185300,-23.4921800,0 -46.6183500,-23.4919700,0 -46.6186300,-23.4913800,0 -46.6186600,-23.4911600,0 -46.6186000,-23.4908500,0 -46.6184300,-23.4905800,0 -46.6183000,-23.4904700,0 -46.6180100,-23.4903100,0 -46.6173300,-23.4901100,0 -46.6171700,-23.4900800,0 -46.6170000,-23.4900700,0 -46.6168300,-23.4900900,0 -46.6166600,-23.4901400,0 -46.6165100,-23.4902100,0 -46.6163700,-23.4903100,0 -46.6162600,-23.4904200,0 -46.6161500,-23.4905700,0 -46.6159000,-23.4910600,0</coordinates></LinearRing></outerBoundaryIs></Polygon></Placemark>
<Style id="s-VP-113">
<LineStyle><color>ff00d7ff</color><width>2.0</width></LineStyle>
<PolyStyle><color>ff00d7ff</color></PolyStyle>
<IconStyle><color>ff00d7ff</color><scale>0.55</scale>
<Icon><href>http://maps.google.com/mapfiles/kml/shapes/placemark_circle.png</href></Icon>
</IconStyle>
<LabelStyle><scale>0.65</scale></LabelStyle>
</Style><Placemark><name>Praça Alberto Pereira de Castro Junior</name><styleUrl>#s-VP-113</styleUrl><description><![CDATA[<table style="border-collapse:collapse;width:100%;font-family:'Helvetica Neue',Helvetica,Arial,sans-serif;font-size:11px;border:1px solid #e5e7eb;border-radius:8px;overflow:hidden;"><tr><th colspan="2" style="padding:5px 8px;background:#1f6feb;color:#fff;text-align:left;font-size:12px;font-weight:600;">Praça Alberto Pereira de Castro Junior</th></tr><tr><th style="padding:3px 5px;text-align:left;background:#f3f4f6;border-bottom:1px solid #d1d5db;width:30%;font-size:11px;font-weight:600;color:#1f2937;">Serviço</th><td style="padding:3px 5px;border-bottom:1px solid #e5e7eb;font-size:11px;color:#111827;">Varrição de Praças (VP)</td></tr><tr><th style="padding:3px 5px;text-align:left;background:#f3f4f6;border-bottom:1px solid #d1d5db;width:30%;font-size:11px;font-weight:600;color:#1f2937;">Setor</th><td style="padding:3px 5px;border-bottom:1px solid #e5e7eb;font-size:11px;color:#111827;">ST10304VP0029</td></tr><tr><th style="padding:3px 5px;text-align:left;background:#f3f4f6;border-bottom:1px solid #d1d5db;width:30%;font-size:11px;font-weight:600;color:#1f2937;">Tipo de Serviço</th><td style="padding:3px 5px;border-bottom:1px solid #e5e7eb;font-size:11px;color:#111827;">Varrição de Praças</td></tr><tr><th style="padding:3px 5px;text-align:left;background:#f3f4f6;border-bottom:1px solid #d1d5db;width:30%;font-size:11px;font-weight:600;color:#1f2937;">Nome</th><td style="padding:3px 5px;border-bottom:1px solid #e5e7eb;font-size:11px;color:#111827;">Praça Alberto Pereira de Castro Junior</td></tr><tr><th style="padding:3px 5px;text-align:left;background:#f3f4f6;border-bottom:1px solid #d1d5db;width:30%;font-size:11px;font-weight:600;color:#1f2937;">Logradouro</th><td style="padding:3px 5px;border-bottom:1px solid #e5e7eb;font-size:11px;color:#111827;">Av Ultramarino</td></tr><tr><th style="padding:3px 5px;text-align:left;background:#f3f4f6;border-bottom:1px solid #d1d5db;width:30%;font-size:11px;font-weight:600;color:#1f2937;">Subprefeitura</th><td style="padding:3px 5px;border-bottom:1px solid #e5e7eb;font-size:11px;color:#111827;">Santana / Tucuruvi</td></tr><tr><th style="padding:3px 5px;text-align:left;background:#f3f4f6;border-bottom:1px solid #d1d5db;width:30%;font-size:11px;font-weight:600;color:#1f2937;">Turno</th><td style="padding:3px 5px;border-bottom:1px solid #e5e7eb;font-size:11px;color:#111827;">Diurno</td></tr><tr><th style="padding:3px 5px;text-align:left;background:#f3f4f6;border-bottom:1px solid #d1d5db;width:30%;font-size:11px;font-weight:600;color:#1f2937;">Frequência</th><td style="padding:3px 5px;border-bottom:1px solid #e5e7eb;font-size:11px;color:#111827;">Bissemanal de Quarta/Sábado</td></tr><tr><th style="padding:3px 5px;text-align:left;background:#f3f4f6;border-bottom:1px solid #d1d5db;width:30%;font-size:11px;font-weight:600;color:#1f2937;">Cronograma</th><td style="padding:3px 5px;border-bottom:1px solid #e5e7eb;font-size:11px;color:#111827;">—</td></tr></table>]]></description><Polygon><outerBoundaryIs><LinearRing><coordinates>-46.6384800,-23.4743400,0 -46.6380700,-23.4745700,0 -46.6379500,-23.4746800,0 -46.6378600,-23.4748100,0 -46.6377400,-23.4751100,0 -46.6377300,-23.4752600,0 -46.6377900,-23.4755700,0 -46.6379700,-23.4758400,0 -46.6380900,-23.4759500,0 -46.6384400,-23.4761600,0 -46.6386600,-23.4762600,0 -46.6388200,-23.4763000,0 -46.6391600,-23.4763000,0 -46.6394800,-23.4761900,0 -46.6396200,-23.4761000,0 -46.6399400,-23.4757900,0 -46.6400700,-23.4756200,0 -46.6402100,-23.4753600,0 -46.6402500,-23.4752100,0 -46.6402600,-23.4750700,0 -46.6402000,-23.4747700,0 -46.6401300,-23.4746200,0 -46.6399100,-23.4743800,0 -46.6397700,-23.4742900,0 -46.6396100,-23.4742300,0 -46.6393400,-23.4741700,0 -46.6390300,-23.4741700,0 -46.6388600,-23.4742000,0 -46.6384800,-23.4743400,0</coordinates></LinearRing></outerBoundaryIs></Polygon></Placemark>
<Style id="s-VP-114">
<LineStyle><color>ff00d7ff</color><width>2.0</width></LineStyle>
<PolyStyle><color>ff00d7ff</color></PolyStyle>
<IconStyle><color>ff00d7ff</color><scale>0.55</scale>
<Icon><href>http://maps.google.com/mapfiles/kml/shapes/placemark_circle.png</href></Icon>
</IconStyle>
<LabelStyle><scale>0.65</scale></LabelStyle>
</Style><Placemark><name>Praça Caetana Farani de Carvalho</name><styleUrl>#s-VP-114</styleUrl><description><![CDATA[<table style="border-collapse:collapse;width:100%;font-family:'Helvetica Neue',Helvetica,Arial,sans-serif;font-size:11px;border:1px solid #e5e7eb;border-radius:8px;overflow:hidden;"><tr><th colspan="2" style="padding:5px 8px;background:#1f6feb;color:#fff;text-align:left;font-size:12px;font-weight:600;">Praça Caetana Farani de Carvalho</th></tr><tr><th style="padding:3px 5px;text-align:left;background:#f3f4f6;border-bottom:1px solid #d1d5db;width:30%;font-size:11px;font-weight:600;color:#1f2937;">Serviço</th><td style="padding:3px 5px;border-bottom:1px solid #e5e7eb;font-size:11px;color:#111827;">Varrição de Praças (VP)</td></tr><tr><th style="padding:3px 5px;text-align:left;background:#f3f4f6;border-bottom:1px solid #d1d5db;width:30%;font-size:11px;font-weight:600;color:#1f2937;">Setor</th><td style="padding:3px 5px;border-bottom:1px solid #e5e7eb;font-size:11px;color:#111827;">ST10304VP0030</td></tr><tr><th style="padding:3px 5px;text-align:left;background:#f3f4f6;border-bottom:1px solid #d1d5db;width:30%;font-size:11px;font-weight:600;color:#1f2937;">Tipo de Serviço</th><td style="padding:3px 5px;border-bottom:1px solid #e5e7eb;font-size:11px;color:#111827;">Varrição de Praças</td></tr><tr><th style="padding:3px 5px;text-align:left;background:#f3f4f6;border-bottom:1px solid #d1d5db;width:30%;font-size:11px;font-weight:600;color:#1f2937;">Nome</th><td style="padding:3px 5px;border-bottom:1px solid #e5e7eb;font-size:11px;color:#111827;">Praça Caetana Farani de Carvalho</td></tr><tr><th style="padding:3px 5px;text-align:left;background:#f3f4f6;border-bottom:1px solid #d1d5db;width:30%;font-size:11px;font-weight:600;color:#1f2937;">Logradouro</th><td style="padding:3px 5px;border-bottom:1px solid #e5e7eb;font-size:11px;color:#111827;">R Jardimirim</td></tr><tr><th style="padding:3px 5px;text-align:left;background:#f3f4f6;border-bottom:1px solid #d1d5db;width:30%;font-size:11px;font-weight:600;color:#1f2937;">Subprefeitura</th><td style="padding:3px 5px;border-bottom:1px solid #e5e7eb;font-size:11px;color:#111827;">Santana / Tucuruvi</td></tr><tr><th style="padding:3px 5px;text-align:left;background:#f3f4f6;border-bottom:1px solid #d1d5db;width:30%;font-size:11px;font-weight:600;color:#1f2937;">Turno</th><td style="padding:3px 5px;border-bottom:1px solid #e5e7eb;font-size:11px;color:#111827;">Diurno</td></tr><tr><th style="padding:3px 5px;text-align:left;background:#f3f4f6;border-bottom:1px solid #d1d5db;width:30%;font-size:11px;font-weight:600;color:#1f2937;">Frequência</th><td style="padding:3px 5px;border-bottom:1px solid #e5e7eb;font-size:11px;color:#111827;">Bissemanal de Quarta/Sábado</td></tr><tr><th style="padding:3px 5px;text-align:left;background:#f3f4f6;border-bottom:1px solid #d1d5db;width:30%;font-size:11px;font-weight:600;color:#1f2937;">Cronograma</th><td style="padding:3px 5px;border-bottom:1px solid #e5e7eb;font-size:11px;color:#111827;">—</td></tr></table>]]></description><Polygon><outerBoundaryIs><LinearRing><coordinates>-46.6366300,-23.4859300,0 -46.6370600,-23.4862900,0 -46.6372000,-23.4863900,0 -46.6373500,-23.4864600,0 -46.6375400,-23.4865100,0 -46.6377700,-23.4866100,0 -46.6381100,-23.4866500,0 -46.6382800,-23.4866300,0 -46.6384400,-23.4865900,0 -46.6385900,-23.4865100,0 -46.6387300,-23.4864200,0 -46.6388500,-23.4863100,0 -46.6390400,-23.4860200,0 -46.6390900,-23.4858700,0 -46.6391200,-23.4857200,0 -46.6391100,-23.4855000,0 -46.6389900,-23.4852100,0 -46.6388900,-23.4850800,0 -46.6387700,-23.4849700,0 -46.6385500,-23.4848200,0 -46.6379900,-23.4842100,0 -46.6377100,-23.4840400,0 -46.6375500,-23.4839900,0 -46.6372100,-23.4839700,0 -46.6370400,-23.4840000,0 -46.6368800,-23.4840600,0 -46.6367400,-23.4841400,0 -46.6366200,-23.4842400,0 -46.6364700,-23.4843100,0 -46.6363300,-23.4844100,0 -46.6362200,-23.4845200,0 -46.6361300,-23.4846600,0 -46.6360700,-23.4848000,0 -46.6360300,-23.4849500,0 -46.6360300,-23.4851100,0 -46.6360500,-23.4852700,0 -46.6361000,-23.4854200,0 -46.6361800,-23.4855500,0 -46.6362900,-23.4856800,0 -46.6366300,-23.4859300,0</coordinates></LinearRing></outerBoundaryIs></Polygon></Placemark>
</Document></kml>