<?xml version="1.0" encoding="UTF-8"?>
<kml xmlns="http://www.opengis.net/kml/2.2">
<Document>
<name>GeoPlano — Varrição Mecanizada (VM)</name>
<open>1</open>
<Style id="s-VM-0">
<LineStyle><color>ff2fffad</color><width>3.0</width></LineStyle>
<PolyStyle><color>ff2fffad</color></PolyStyle>
<IconStyle><color>ff2fffad</color><scale>0.55</scale>
<Icon><href>http://maps.google.com/mapfiles/kml/shapes/placemark_circle.png</href></Icon>
</IconStyle>
<LabelStyle><scale>0.65</scale></LabelStyle>
</Style><Placemark><name>CV10302VM0001 - Seg. 1</name><styleUrl>#s-VM-0</styleUrl><description><![CDATA[<table style="border-collapse:collapse;width:100%;font-family:'Helvetica Neue',Helvetica,Arial,sans-serif;font-size:11px;border:1px solid #e5e7eb;border-radius:8px;overflow:hidden;"><tr><th colspan="2" style="padding:5px 8px;background:#1f6feb;color:#fff;text-align:left;font-size:12px;font-weight:600;">CV10302VM0001 - Seg. 1</th></tr><tr><th style="padding:3px 5px;text-align:left;background:#f3f4f6;border-bottom:1px solid #d1d5db;width:30%;font-size:11px;font-weight:600;color:#1f2937;">Serviço</th><td style="padding:3px 5px;border-bottom:1px solid #e5e7eb;font-size:11px;color:#111827;">Varrição Mecanizada (VM)</td></tr><tr><th style="padding:3px 5px;text-align:left;background:#f3f4f6;border-bottom:1px solid #d1d5db;width:30%;font-size:11px;font-weight:600;color:#1f2937;">Setor</th><td style="padding:3px 5px;border-bottom:1px solid #e5e7eb;font-size:11px;color:#111827;">CV10302VM0001</td></tr><tr><th style="padding:3px 5px;text-align:left;background:#f3f4f6;border-bottom:1px solid #d1d5db;width:30%;font-size:11px;font-weight:600;color:#1f2937;">Tipo de Serviço</th><td style="padding:3px 5px;border-bottom:1px solid #e5e7eb;font-size:11px;color:#111827;">Varrição Mecanizada</td></tr><tr><th style="padding:3px 5px;text-align:left;background:#f3f4f6;border-bottom:1px solid #d1d5db;width:30%;font-size:11px;font-weight:600;color:#1f2937;">Nome</th><td style="padding:3px 5px;border-bottom:1px solid #e5e7eb;font-size:11px;color:#111827;">CV10302VM0001 - Seg. 1</td></tr><tr><th style="padding:3px 5px;text-align:left;background:#f3f4f6;border-bottom:1px solid #d1d5db;width:30%;font-size:11px;font-weight:600;color:#1f2937;">Logradouro</th><td style="padding:3px 5px;border-bottom:1px solid #e5e7eb;font-size:11px;color:#111827;">Av Comen Martinelli</td></tr><tr><th style="padding:3px 5px;text-align:left;background:#f3f4f6;border-bottom:1px solid #d1d5db;width:30%;font-size:11px;font-weight:600;color:#1f2937;">Subprefeitura</th><td style="padding:3px 5px;border-bottom:1px solid #e5e7eb;font-size:11px;color:#111827;">Casa Verde / Cachoeirinha</td></tr><tr><th style="padding:3px 5px;text-align:left;background:#f3f4f6;border-bottom:1px solid #d1d5db;width:30%;font-size:11px;font-weight:600;color:#1f2937;">Turno</th><td style="padding:3px 5px;border-bottom:1px solid #e5e7eb;font-size:11px;color:#111827;">Diurno</td></tr><tr><th style="padding:3px 5px;text-align:left;background:#f3f4f6;border-bottom:1px solid #d1d5db;width:30%;font-size:11px;font-weight:600;color:#1f2937;">Frequência</th><td style="padding:3px 5px;border-bottom:1px solid #e5e7eb;font-size:11px;color:#111827;">Segunda e Quinta</td></tr><tr><th style="padding:3px 5px;text-align:left;background:#f3f4f6;border-bottom:1px solid #d1d5db;width:30%;font-size:11px;font-weight:600;color:#1f2937;">Cronograma</th><td style="padding:3px 5px;border-bottom:1px solid #e5e7eb;font-size:11px;color:#111827;">—</td></tr></table>]]></description><LineString><coordinates>-46.6894200,-23.5076900,0 -46.6889500,-23.5054800,0 -46.6888000,-23.5049600,0 -46.6892900,-23.5076300,0 -46.6889000,-23.5060500,0 -46.6885800,-23.5049800,0</coordinates></LineString></Placemark>
<Style id="s-VM-1">
<LineStyle><color>ff2fffad</color><width>3.0</width></LineStyle>
<PolyStyle><color>ff2fffad</color></PolyStyle>
<IconStyle><color>ff2fffad</color><scale>0.55</scale>
<Icon><href>http://maps.google.com/mapfiles/kml/shapes/placemark_circle.png</href></Icon>
</IconStyle>
<LabelStyle><scale>0.65</scale></LabelStyle>
</Style><Placemark><name>CV10302VM0001 - Seg. 2</name><styleUrl>#s-VM-1</styleUrl><description><![CDATA[<table style="border-collapse:collapse;width:100%;font-family:'Helvetica Neue',Helvetica,Arial,sans-serif;font-size:11px;border:1px solid #e5e7eb;border-radius:8px;overflow:hidden;"><tr><th colspan="2" style="padding:5px 8px;background:#1f6feb;color:#fff;text-align:left;font-size:12px;font-weight:600;">CV10302VM0001 - Seg. 2</th></tr><tr><th style="padding:3px 5px;text-align:left;background:#f3f4f6;border-bottom:1px solid #d1d5db;width:30%;font-size:11px;font-weight:600;color:#1f2937;">Serviço</th><td style="padding:3px 5px;border-bottom:1px solid #e5e7eb;font-size:11px;color:#111827;">Varrição Mecanizada (VM)</td></tr><tr><th style="padding:3px 5px;text-align:left;background:#f3f4f6;border-bottom:1px solid #d1d5db;width:30%;font-size:11px;font-weight:600;color:#1f2937;">Setor</th><td style="padding:3px 5px;border-bottom:1px solid #e5e7eb;font-size:11px;color:#111827;">CV10302VM0001</td></tr><tr><th style="padding:3px 5px;text-align:left;background:#f3f4f6;border-bottom:1px solid #d1d5db;width:30%;font-size:11px;font-weight:600;color:#1f2937;">Tipo de Serviço</th><td style="padding:3px 5px;border-bottom:1px solid #e5e7eb;font-size:11px;color:#111827;">Varrição Mecanizada</td></tr><tr><th style="padding:3px 5px;text-align:left;background:#f3f4f6;border-bottom:1px solid #d1d5db;width:30%;font-size:11px;font-weight:600;color:#1f2937;">Nome</th><td style="padding:3px 5px;border-bottom:1px solid #e5e7eb;font-size:11px;color:#111827;">CV10302VM0001 - Seg. 2</td></tr><tr><th style="padding:3px 5px;text-align:left;background:#f3f4f6;border-bottom:1px solid #d1d5db;width:30%;font-size:11px;font-weight:600;color:#1f2937;">Logradouro</th><td style="padding:3px 5px;border-bottom:1px solid #e5e7eb;font-size:11px;color:#111827;">Av Dona Mariana Caligiori Ronchetti</td></tr><tr><th style="padding:3px 5px;text-align:left;background:#f3f4f6;border-bottom:1px solid #d1d5db;width:30%;font-size:11px;font-weight:600;color:#1f2937;">Subprefeitura</th><td style="padding:3px 5px;border-bottom:1px solid #e5e7eb;font-size:11px;color:#111827;">Casa Verde / Cachoeirinha</td></tr><tr><th style="padding:3px 5px;text-align:left;background:#f3f4f6;border-bottom:1px solid #d1d5db;width:30%;font-size:11px;font-weight:600;color:#1f2937;">Turno</th><td style="padding:3px 5px;border-bottom:1px solid #e5e7eb;font-size:11px;color:#111827;">Diurno</td></tr><tr><th style="padding:3px 5px;text-align:left;background:#f3f4f6;border-bottom:1px solid #d1d5db;width:30%;font-size:11px;font-weight:600;color:#1f2937;">Frequência</th><td style="padding:3px 5px;border-bottom:1px solid #e5e7eb;font-size:11px;color:#111827;">Segunda e Quinta</td></tr><tr><th style="padding:3px 5px;text-align:left;background:#f3f4f6;border-bottom:1px solid #d1d5db;width:30%;font-size:11px;font-weight:600;color:#1f2937;">Cronograma</th><td style="padding:3px 5px;border-bottom:1px solid #e5e7eb;font-size:11px;color:#111827;">—</td></tr></table>]]></description><LineString><coordinates>-46.6552200,-23.4644200,0 -46.6547500,-23.4637200,0 -46.6546000,-23.4632700,0 -46.6550500,-23.4639200,0 -46.6548400,-23.4635900,0 -46.6546000,-23.4632700,0 -46.6553400,-23.4643400,0 -46.6550500,-23.4639200,0</coordinates></LineString></Placemark>
<Style id="s-VM-2">
<LineStyle><color>ff2fffad</color><width>3.0</width></LineStyle>
<PolyStyle><color>ff2fffad</color></PolyStyle>
<IconStyle><color>ff2fffad</color><scale>0.55</scale>
<Icon><href>http://maps.google.com/mapfiles/kml/shapes/placemark_circle.png</href></Icon>
</IconStyle>
<LabelStyle><scale>0.65</scale></LabelStyle>
</Style><Placemark><name>CV10302VM0001 - Seg. 3</name><styleUrl>#s-VM-2</styleUrl><description><![CDATA[<table style="border-collapse:collapse;width:100%;font-family:'Helvetica Neue',Helvetica,Arial,sans-serif;font-size:11px;border:1px solid #e5e7eb;border-radius:8px;overflow:hidden;"><tr><th colspan="2" style="padding:5px 8px;background:#1f6feb;color:#fff;text-align:left;font-size:12px;font-weight:600;">CV10302VM0001 - Seg. 3</th></tr><tr><th style="padding:3px 5px;text-align:left;background:#f3f4f6;border-bottom:1px solid #d1d5db;width:30%;font-size:11px;font-weight:600;color:#1f2937;">Serviço</th><td style="padding:3px 5px;border-bottom:1px solid #e5e7eb;font-size:11px;color:#111827;">Varrição Mecanizada (VM)</td></tr><tr><th style="padding:3px 5px;text-align:left;background:#f3f4f6;border-bottom:1px solid #d1d5db;width:30%;font-size:11px;font-weight:600;color:#1f2937;">Setor</th><td style="padding:3px 5px;border-bottom:1px solid #e5e7eb;font-size:11px;color:#111827;">CV10302VM0001</td></tr><tr><th style="padding:3px 5px;text-align:left;background:#f3f4f6;border-bottom:1px solid #d1d5db;width:30%;font-size:11px;font-weight:600;color:#1f2937;">Tipo de Serviço</th><td style="padding:3px 5px;border-bottom:1px solid #e5e7eb;font-size:11px;color:#111827;">Varrição Mecanizada</td></tr><tr><th style="padding:3px 5px;text-align:left;background:#f3f4f6;border-bottom:1px solid #d1d5db;width:30%;font-size:11px;font-weight:600;color:#1f2937;">Nome</th><td style="padding:3px 5px;border-bottom:1px solid #e5e7eb;font-size:11px;color:#111827;">CV10302VM0001 - Seg. 3</td></tr><tr><th style="padding:3px 5px;text-align:left;background:#f3f4f6;border-bottom:1px solid #d1d5db;width:30%;font-size:11px;font-weight:600;color:#1f2937;">Logradouro</th><td style="padding:3px 5px;border-bottom:1px solid #e5e7eb;font-size:11px;color:#111827;">Av Eng Caetano Alvares</td></tr><tr><th style="padding:3px 5px;text-align:left;background:#f3f4f6;border-bottom:1px solid #d1d5db;width:30%;font-size:11px;font-weight:600;color:#1f2937;">Subprefeitura</th><td style="padding:3px 5px;border-bottom:1px solid #e5e7eb;font-size:11px;color:#111827;">Casa Verde / Cachoeirinha</td></tr><tr><th style="padding:3px 5px;text-align:left;background:#f3f4f6;border-bottom:1px solid #d1d5db;width:30%;font-size:11px;font-weight:600;color:#1f2937;">Turno</th><td style="padding:3px 5px;border-bottom:1px solid #e5e7eb;font-size:11px;color:#111827;">Diurno</td></tr><tr><th style="padding:3px 5px;text-align:left;background:#f3f4f6;border-bottom:1px solid #d1d5db;width:30%;font-size:11px;font-weight:600;color:#1f2937;">Frequência</th><td style="padding:3px 5px;border-bottom:1px solid #e5e7eb;font-size:11px;color:#111827;">Segunda e Quinta</td></tr><tr><th style="padding:3px 5px;text-align:left;background:#f3f4f6;border-bottom:1px solid #d1d5db;width:30%;font-size:11px;font-weight:600;color:#1f2937;">Cronograma</th><td style="padding:3px 5px;border-bottom:1px solid #e5e7eb;font-size:11px;color:#111827;">—</td></tr></table>]]></description><LineString><coordinates>-46.6714300,-23.5136500,0 -46.6710100,-23.5131200,0 -46.6706500,-23.5077300,0 -46.6705900,-23.5072900,0 -46.6703600,-23.5067900,0 -46.6700000,-23.5064500,0 -46.6689000,-23.5055800,0 -46.6685600,-23.5050700,0 -46.6681200,-23.5042500,0 -46.6679600,-23.5039700,0 -46.6678300,-23.5037900,0 -46.6675500,-23.5034400,0 -46.6660600,-23.5017300,0 -46.6646900,-23.5000700,0 -46.6644400,-23.4996900,0 -46.6638900,-23.4983900,0 -46.6629500,-23.4971000,0 -46.6621000,-23.4959900,0 -46.6616600,-23.4955600,0 -46.6613700,-23.4953300,0 -46.6605500,-23.4948600,0 -46.6601400,-23.4945400,0 -46.6593500,-23.4937800,0 -46.6588300,-23.4931400,0 -46.6582800,-23.4925200,0 -46.6579600,-23.4923200,0 -46.6576200,-23.4921600,0 -46.6563900,-23.4916700,0 -46.6559000,-23.4912600,0 -46.6556100,-23.4907700,0 -46.6552100,-23.4898500,0 -46.6550100,-23.4894400,0 -46.6547200,-23.4890900,0 -46.6544000,-23.4888800,0 -46.6540300,-23.4887700,0 -46.6537100,-23.4887500,0 -46.6523900,-23.4887300,0 -46.6517400,-23.4886500,0 -46.6490500,-23.4882000,0 -46.6481400,-23.4880700,0 -46.6478300,-23.4880000,0 -46.6475500,-23.4878800,0 -46.6468900,-23.4873700,0 -46.6465800,-23.4871700,0 -46.6462100,-23.4870100,0 -46.6458100,-23.4868700,0 -46.6455800,-23.4868200,0 -46.6453200,-23.4867800,0 -46.6447200,-23.4867400,0 -46.6432900,-23.4866700,0 -46.6416600,-23.4866200,0 -46.6409400,-23.4865700,0 -46.6402200,-23.4864400,0 -46.6395900,-23.4861500,0 -46.6385000,-23.4855800,0 -46.6378300,-23.4850600,0 -46.6371100,-23.4841100,0 -46.6368600,-23.4838500,0 -46.6362900,-23.4834400,0 -46.6356400,-23.4831400,0 -46.6349300,-23.4829600,0 -46.6343400,-23.4829200,0 -46.6329900,-23.4829300,0 -46.6323500,-23.4828500,0 -46.6318700,-23.4827300,0 -46.6297500,-23.4815700,0 -46.6303100,-23.4821500,0 -46.6310600,-23.4825000,0 -46.6318700,-23.4827300,0 -46.6297500,-23.4815700,0 -46.6292600,-23.4810900,0 -46.6288200,-23.4805500,0 -46.6284900,-23.4796200,0 -46.6283600,-23.4793400,0 -46.6279400,-23.4788300,0 -46.6274700,-23.4781500,0 -46.6272500,-23.4773900,0 -46.6262700,-23.4727000,0 -46.6262800,-23.4726300,0 -46.6262400,-23.4725800,0</coordinates></LineString></Placemark>
<Style id="s-VM-3">
<LineStyle><color>ff2fffad</color><width>3.0</width></LineStyle>
<PolyStyle><color>ff2fffad</color></PolyStyle>
<IconStyle><color>ff2fffad</color><scale>0.55</scale>
<Icon><href>http://maps.google.com/mapfiles/kml/shapes/placemark_circle.png</href></Icon>
</IconStyle>
<LabelStyle><scale>0.65</scale></LabelStyle>
</Style><Placemark><name>CV10302VM0001 - Seg. 4</name><styleUrl>#s-VM-3</styleUrl><description><![CDATA[<table style="border-collapse:collapse;width:100%;font-family:'Helvetica Neue',Helvetica,Arial,sans-serif;font-size:11px;border:1px solid #e5e7eb;border-radius:8px;overflow:hidden;"><tr><th colspan="2" style="padding:5px 8px;background:#1f6feb;color:#fff;text-align:left;font-size:12px;font-weight:600;">CV10302VM0001 - Seg. 4</th></tr><tr><th style="padding:3px 5px;text-align:left;background:#f3f4f6;border-bottom:1px solid #d1d5db;width:30%;font-size:11px;font-weight:600;color:#1f2937;">Serviço</th><td style="padding:3px 5px;border-bottom:1px solid #e5e7eb;font-size:11px;color:#111827;">Varrição Mecanizada (VM)</td></tr><tr><th style="padding:3px 5px;text-align:left;background:#f3f4f6;border-bottom:1px solid #d1d5db;width:30%;font-size:11px;font-weight:600;color:#1f2937;">Setor</th><td style="padding:3px 5px;border-bottom:1px solid #e5e7eb;font-size:11px;color:#111827;">CV10302VM0001</td></tr><tr><th style="padding:3px 5px;text-align:left;background:#f3f4f6;border-bottom:1px solid #d1d5db;width:30%;font-size:11px;font-weight:600;color:#1f2937;">Tipo de Serviço</th><td style="padding:3px 5px;border-bottom:1px solid #e5e7eb;font-size:11px;color:#111827;">Varrição Mecanizada</td></tr><tr><th style="padding:3px 5px;text-align:left;background:#f3f4f6;border-bottom:1px solid #d1d5db;width:30%;font-size:11px;font-weight:600;color:#1f2937;">Nome</th><td style="padding:3px 5px;border-bottom:1px solid #e5e7eb;font-size:11px;color:#111827;">CV10302VM0001 - Seg. 4</td></tr><tr><th style="padding:3px 5px;text-align:left;background:#f3f4f6;border-bottom:1px solid #d1d5db;width:30%;font-size:11px;font-weight:600;color:#1f2937;">Logradouro</th><td style="padding:3px 5px;border-bottom:1px solid #e5e7eb;font-size:11px;color:#111827;">Av Eng Caetano Alvares</td></tr><tr><th style="padding:3px 5px;text-align:left;background:#f3f4f6;border-bottom:1px solid #d1d5db;width:30%;font-size:11px;font-weight:600;color:#1f2937;">Subprefeitura</th><td style="padding:3px 5px;border-bottom:1px solid #e5e7eb;font-size:11px;color:#111827;">Casa Verde / Cachoeirinha</td></tr><tr><th style="padding:3px 5px;text-align:left;background:#f3f4f6;border-bottom:1px solid #d1d5db;width:30%;font-size:11px;font-weight:600;color:#1f2937;">Turno</th><td style="padding:3px 5px;border-bottom:1px solid #e5e7eb;font-size:11px;color:#111827;">Diurno</td></tr><tr><th style="padding:3px 5px;text-align:left;background:#f3f4f6;border-bottom:1px solid #d1d5db;width:30%;font-size:11px;font-weight:600;color:#1f2937;">Frequência</th><td style="padding:3px 5px;border-bottom:1px solid #e5e7eb;font-size:11px;color:#111827;">Segunda e Quinta</td></tr><tr><th style="padding:3px 5px;text-align:left;background:#f3f4f6;border-bottom:1px solid #d1d5db;width:30%;font-size:11px;font-weight:600;color:#1f2937;">Cronograma</th><td style="padding:3px 5px;border-bottom:1px solid #e5e7eb;font-size:11px;color:#111827;">—</td></tr></table>]]></description><LineString><coordinates>-46.6706700,-23.5137500,0 -46.6707400,-23.5130600,0 -46.6705200,-23.5098400,0 -46.6704600,-23.5087200,0 -46.6703600,-23.5074700,0 -46.6703100,-23.5072800,0 -46.6702400,-23.5071100,0 -46.6701200,-23.5069100,0 -46.6699500,-23.5067300,0 -46.6694400,-23.5063200,0 -46.6689100,-23.5059300,0 -46.6685500,-23.5055600,0 -46.6679500,-23.5044700,0 -46.6675200,-23.5037800,0 -46.6657400,-23.5017300,0 -46.6644300,-23.5001200,0 -46.6642000,-23.4997500,0 -46.6636800,-23.4985400,0 -46.6628200,-23.4973700,0 -46.6619300,-23.4962000,0 -46.6617700,-23.4960200,0 -46.6613000,-23.4956000,0 -46.6608500,-23.4953000,0 -46.6602900,-23.4949700,0 -46.6598500,-23.4946100,0 -46.6591800,-23.4939800,0 -46.6584900,-23.4931200,0 -46.6580600,-23.4926500,0 -46.6576500,-23.4924400,0 -46.6564000,-23.4918900,0 -46.6562500,-23.4918000,0 -46.6558800,-23.4915200,0 -46.6557000,-23.4913100,0 -46.6555500,-23.4910700,0 -46.6550500,-23.4899500,0 -46.6547000,-23.4893200,0 -46.6541800,-23.4889800,0 -46.6535200,-23.4889200,0 -46.6521700,-23.4888900,0 -46.6519200,-23.4888700,0 -46.6477300,-23.4881800,0 -46.6473600,-23.4879800,0 -46.6465600,-23.4874000,0 -46.6462100,-23.4872200,0 -46.6458200,-23.4870800,0 -46.6453400,-23.4869800,0 -46.6445400,-23.4869200,0 -46.6412900,-23.4867900,0 -46.6408700,-23.4867600,0 -46.6404500,-23.4867000,0 -46.6398500,-23.4864900,0 -46.6384300,-23.4857700,0 -46.6377500,-23.4852800,0 -46.6372700,-23.4846500,0 -46.6367400,-23.4840100,0 -46.6362700,-23.4836500,0 -46.6357400,-23.4833800,0 -46.6349300,-23.4831600,0 -46.6340900,-23.4831000,0 -46.6332500,-23.4831200,0 -46.6330100,-23.4831100,0 -46.6322900,-23.4830400,0 -46.6312500,-23.4828200,0 -46.6308300,-23.4826800,0 -46.6304200,-23.4824700,0 -46.6287500,-23.4807500,0 -46.6283200,-23.4796200,0 -46.6281100,-23.4792800,0 -46.6278100,-23.4789200,0 -46.6273100,-23.4782100,0 -46.6267000,-23.4755800,0 -46.6261000,-23.4726400,0 -46.6261300,-23.4725900,0</coordinates></LineString></Placemark>
<Style id="s-VM-4">
<LineStyle><color>ff2fffad</color><width>3.0</width></LineStyle>
<PolyStyle><color>ff2fffad</color></PolyStyle>
<IconStyle><color>ff2fffad</color><scale>0.55</scale>
<Icon><href>http://maps.google.com/mapfiles/kml/shapes/placemark_circle.png</href></Icon>
</IconStyle>
<LabelStyle><scale>0.65</scale></LabelStyle>
</Style><Placemark><name>CV10302VM0001 - Seg. 5</name><styleUrl>#s-VM-4</styleUrl><description><![CDATA[<table style="border-collapse:collapse;width:100%;font-family:'Helvetica Neue',Helvetica,Arial,sans-serif;font-size:11px;border:1px solid #e5e7eb;border-radius:8px;overflow:hidden;"><tr><th colspan="2" style="padding:5px 8px;background:#1f6feb;color:#fff;text-align:left;font-size:12px;font-weight:600;">CV10302VM0001 - Seg. 5</th></tr><tr><th style="padding:3px 5px;text-align:left;background:#f3f4f6;border-bottom:1px solid #d1d5db;width:30%;font-size:11px;font-weight:600;color:#1f2937;">Serviço</th><td style="padding:3px 5px;border-bottom:1px solid #e5e7eb;font-size:11px;color:#111827;">Varrição Mecanizada (VM)</td></tr><tr><th style="padding:3px 5px;text-align:left;background:#f3f4f6;border-bottom:1px solid #d1d5db;width:30%;font-size:11px;font-weight:600;color:#1f2937;">Setor</th><td style="padding:3px 5px;border-bottom:1px solid #e5e7eb;font-size:11px;color:#111827;">CV10302VM0001</td></tr><tr><th style="padding:3px 5px;text-align:left;background:#f3f4f6;border-bottom:1px solid #d1d5db;width:30%;font-size:11px;font-weight:600;color:#1f2937;">Tipo de Serviço</th><td style="padding:3px 5px;border-bottom:1px solid #e5e7eb;font-size:11px;color:#111827;">Varrição Mecanizada</td></tr><tr><th style="padding:3px 5px;text-align:left;background:#f3f4f6;border-bottom:1px solid #d1d5db;width:30%;font-size:11px;font-weight:600;color:#1f2937;">Nome</th><td style="padding:3px 5px;border-bottom:1px solid #e5e7eb;font-size:11px;color:#111827;">CV10302VM0001 - Seg. 5</td></tr><tr><th style="padding:3px 5px;text-align:left;background:#f3f4f6;border-bottom:1px solid #d1d5db;width:30%;font-size:11px;font-weight:600;color:#1f2937;">Logradouro</th><td style="padding:3px 5px;border-bottom:1px solid #e5e7eb;font-size:11px;color:#111827;">Av Inajar de Souza</td></tr><tr><th style="padding:3px 5px;text-align:left;background:#f3f4f6;border-bottom:1px solid #d1d5db;width:30%;font-size:11px;font-weight:600;color:#1f2937;">Subprefeitura</th><td style="padding:3px 5px;border-bottom:1px solid #e5e7eb;font-size:11px;color:#111827;">Casa Verde / Cachoeirinha</td></tr><tr><th style="padding:3px 5px;text-align:left;background:#f3f4f6;border-bottom:1px solid #d1d5db;width:30%;font-size:11px;font-weight:600;color:#1f2937;">Turno</th><td style="padding:3px 5px;border-bottom:1px solid #e5e7eb;font-size:11px;color:#111827;">Diurno</td></tr><tr><th style="padding:3px 5px;text-align:left;background:#f3f4f6;border-bottom:1px solid #d1d5db;width:30%;font-size:11px;font-weight:600;color:#1f2937;">Frequência</th><td style="padding:3px 5px;border-bottom:1px solid #e5e7eb;font-size:11px;color:#111827;">Segunda e Quinta</td></tr><tr><th style="padding:3px 5px;text-align:left;background:#f3f4f6;border-bottom:1px solid #d1d5db;width:30%;font-size:11px;font-weight:600;color:#1f2937;">Cronograma</th><td style="padding:3px 5px;border-bottom:1px solid #e5e7eb;font-size:11px;color:#111827;">—</td></tr></table>]]></description><LineString><coordinates>-46.6888000,-23.5049600,0 -46.6886100,-23.5044000,0 -46.6883600,-23.5038700,0 -46.6877400,-23.5026200,0 -46.6869500,-23.5010900,0 -46.6865100,-23.5001400,0 -46.6860400,-23.4993500,0 -46.6855400,-23.4986500,0 -46.6850700,-23.4979500,0 -46.6847300,-23.4971600,0 -46.6846400,-23.4964700,0 -46.6847300,-23.4957900,0 -46.6854100,-23.4925800,0 -46.6854700,-23.4922600,0 -46.6855200,-23.4917500,0 -46.6855000,-23.4913600,0 -46.6854400,-23.4909800,0 -46.6852300,-23.4903300,0 -46.6849900,-23.4897900,0 -46.6845400,-23.4891500,0 -46.6841800,-23.4887200,0 -46.6818100,-23.4862200,0 -46.6808400,-23.4852500,0 -46.6804500,-23.4848100,0 -46.6803200,-23.4846300,0 -46.6798300,-23.4841500,0 -46.6793800,-23.4836500,0 -46.6791100,-23.4834200,0 -46.6788200,-23.4832000,0 -46.6777700,-23.4826700,0 -46.6775100,-23.4825200,0 -46.6766300,-23.4821200,0 -46.6751500,-23.4813900,0 -46.6745500,-23.4811300,0 -46.6738600,-23.4806400,0 -46.6735200,-23.4798900,0 -46.6733000,-23.4788800,0 -46.6728700,-23.4774300,0 -46.6726000,-23.4766700,0 -46.6724500,-23.4764000,0 -46.6723100,-23.4762100,0 -46.6718600,-23.4758400,0 -46.6713000,-23.4756000,0 -46.6706600,-23.4752500,0 -46.6704600,-23.4750900,0 -46.6702200,-23.4746900,0 -46.6701600,-23.4742300,0 -46.6701700,-23.4739000,0 -46.6703800,-23.4723000,0 -46.6705600,-23.4706600,0 -46.6705300,-23.4698300,0 -46.6702700,-23.4684500,0 -46.6702500,-23.4682200,0 -46.6702400,-23.4679800,0 -46.6703100,-23.4673000,0 -46.6704800,-23.4666500,0 -46.6708500,-23.4659500,0 -46.6723100,-23.4639800,0 -46.6724000,-23.4637800,0 -46.6726200,-23.4631800,0 -46.6730300,-23.4608400,0 -46.6733500,-23.4600300,0 -46.6733200,-23.4598900,0 -46.6732300,-23.4597800,0</coordinates></LineString></Placemark>
<Style id="s-VM-5">
<LineStyle><color>ff2fffad</color><width>3.0</width></LineStyle>
<PolyStyle><color>ff2fffad</color></PolyStyle>
<IconStyle><color>ff2fffad</color><scale>0.55</scale>
<Icon><href>http://maps.google.com/mapfiles/kml/shapes/placemark_circle.png</href></Icon>
</IconStyle>
<LabelStyle><scale>0.65</scale></LabelStyle>
</Style><Placemark><name>CV10302VM0001 - Seg. 6</name><styleUrl>#s-VM-5</styleUrl><description><![CDATA[<table style="border-collapse:collapse;width:100%;font-family:'Helvetica Neue',Helvetica,Arial,sans-serif;font-size:11px;border:1px solid #e5e7eb;border-radius:8px;overflow:hidden;"><tr><th colspan="2" style="padding:5px 8px;background:#1f6feb;color:#fff;text-align:left;font-size:12px;font-weight:600;">CV10302VM0001 - Seg. 6</th></tr><tr><th style="padding:3px 5px;text-align:left;background:#f3f4f6;border-bottom:1px solid #d1d5db;width:30%;font-size:11px;font-weight:600;color:#1f2937;">Serviço</th><td style="padding:3px 5px;border-bottom:1px solid #e5e7eb;font-size:11px;color:#111827;">Varrição Mecanizada (VM)</td></tr><tr><th style="padding:3px 5px;text-align:left;background:#f3f4f6;border-bottom:1px solid #d1d5db;width:30%;font-size:11px;font-weight:600;color:#1f2937;">Setor</th><td style="padding:3px 5px;border-bottom:1px solid #e5e7eb;font-size:11px;color:#111827;">CV10302VM0001</td></tr><tr><th style="padding:3px 5px;text-align:left;background:#f3f4f6;border-bottom:1px solid #d1d5db;width:30%;font-size:11px;font-weight:600;color:#1f2937;">Tipo de Serviço</th><td style="padding:3px 5px;border-bottom:1px solid #e5e7eb;font-size:11px;color:#111827;">Varrição Mecanizada</td></tr><tr><th style="padding:3px 5px;text-align:left;background:#f3f4f6;border-bottom:1px solid #d1d5db;width:30%;font-size:11px;font-weight:600;color:#1f2937;">Nome</th><td style="padding:3px 5px;border-bottom:1px solid #e5e7eb;font-size:11px;color:#111827;">CV10302VM0001 - Seg. 6</td></tr><tr><th style="padding:3px 5px;text-align:left;background:#f3f4f6;border-bottom:1px solid #d1d5db;width:30%;font-size:11px;font-weight:600;color:#1f2937;">Logradouro</th><td style="padding:3px 5px;border-bottom:1px solid #e5e7eb;font-size:11px;color:#111827;">Av Inajar de Souza</td></tr><tr><th style="padding:3px 5px;text-align:left;background:#f3f4f6;border-bottom:1px solid #d1d5db;width:30%;font-size:11px;font-weight:600;color:#1f2937;">Subprefeitura</th><td style="padding:3px 5px;border-bottom:1px solid #e5e7eb;font-size:11px;color:#111827;">Casa Verde / Cachoeirinha</td></tr><tr><th style="padding:3px 5px;text-align:left;background:#f3f4f6;border-bottom:1px solid #d1d5db;width:30%;font-size:11px;font-weight:600;color:#1f2937;">Turno</th><td style="padding:3px 5px;border-bottom:1px solid #e5e7eb;font-size:11px;color:#111827;">Diurno</td></tr><tr><th style="padding:3px 5px;text-align:left;background:#f3f4f6;border-bottom:1px solid #d1d5db;width:30%;font-size:11px;font-weight:600;color:#1f2937;">Frequência</th><td style="padding:3px 5px;border-bottom:1px solid #e5e7eb;font-size:11px;color:#111827;">Segunda e Quinta</td></tr><tr><th style="padding:3px 5px;text-align:left;background:#f3f4f6;border-bottom:1px solid #d1d5db;width:30%;font-size:11px;font-weight:600;color:#1f2937;">Cronograma</th><td style="padding:3px 5px;border-bottom:1px solid #e5e7eb;font-size:11px;color:#111827;">—</td></tr></table>]]></description><LineString><coordinates>-46.6885800,-23.5049800,0 -46.6882900,-23.5044100,0 -46.6879700,-23.5038500,0 -46.6859700,-23.4998400,0 -46.6847900,-23.4981300,0 -46.6845600,-23.4976600,0 -46.6844000,-23.4971700,0 -46.6843200,-23.4965200,0 -46.6843800,-23.4958300,0 -46.6850400,-23.4927400,0 -46.6851400,-23.4922100,0 -46.6851900,-23.4917400,0 -46.6851700,-23.4913500,0 -46.6850200,-23.4907200,0 -46.6849300,-23.4904600,0 -46.6847900,-23.4901400,0 -46.6846200,-23.4898300,0 -46.6841800,-23.4892000,0 -46.6805600,-23.4853700,0 -46.6796200,-23.4843600,0 -46.6795100,-23.4842200,0 -46.6788100,-23.4835600,0 -46.6782100,-23.4832000,0 -46.6776000,-23.4829000,0 -46.6752900,-23.4818300,0 -46.6744500,-23.4814100,0 -46.6741000,-23.4812000,0 -46.6738400,-23.4809700,0 -46.6736200,-23.4806900,0 -46.6734300,-23.4802400,0 -46.6733400,-23.4797600,0 -46.6731800,-23.4791200,0 -46.6725800,-23.4771300,0 -46.6723900,-23.4766500,0 -46.6715400,-23.4758400,0 -46.6720300,-23.4761900,0 -46.6723900,-23.4766500,0 -46.6715400,-23.4758400,0 -46.6712200,-23.4756600,0 -46.6707800,-23.4754500,0 -46.6703900,-23.4751500,0 -46.6701200,-23.4746700,0 -46.6700100,-23.4741300,0 -46.6700100,-23.4739200,0 -46.6700500,-23.4733900,0 -46.6703300,-23.4711800,0 -46.6703800,-23.4705400,0 -46.6703800,-23.4702000,0 -46.6703500,-23.4698400,0 -46.6702400,-23.4693300,0 -46.6700900,-23.4684500,0 -46.6700700,-23.4679500,0 -46.6701100,-23.4673200,0 -46.6702700,-23.4667100,0 -46.6706200,-23.4659900,0 -46.6710900,-23.4653300,0 -46.6715800,-23.4646900,0 -46.6720300,-23.4640300,0 -46.6724100,-23.4633200,0 -46.6728100,-23.4606700,0 -46.6729400,-23.4599700,0 -46.6729900,-23.4598200,0 -46.6738000,-23.4596900,0 -46.6747100,-23.4586000,0 -46.6751100,-23.4580900,0 -46.6751200,-23.4572500,0 -46.6751800,-23.4564300,0 -46.6751400,-23.4556000,0 -46.6742400,-23.4532200,0 -46.6742600,-23.4524000,0 -46.6747200,-23.4516900,0 -46.6752300,-23.4509900,0 -46.6754300,-23.4508300,0 -46.6755000,-23.4508000,0</coordinates></LineString></Placemark>
<Style id="s-VM-6">
<LineStyle><color>ff2fffad</color><width>3.0</width></LineStyle>
<PolyStyle><color>ff2fffad</color></PolyStyle>
<IconStyle><color>ff2fffad</color><scale>0.55</scale>
<Icon><href>http://maps.google.com/mapfiles/kml/shapes/placemark_circle.png</href></Icon>
</IconStyle>
<LabelStyle><scale>0.65</scale></LabelStyle>
</Style><Placemark><name>CV10302VM0001 - Seg. 7</name><styleUrl>#s-VM-6</styleUrl><description><![CDATA[<table style="border-collapse:collapse;width:100%;font-family:'Helvetica Neue',Helvetica,Arial,sans-serif;font-size:11px;border:1px solid #e5e7eb;border-radius:8px;overflow:hidden;"><tr><th colspan="2" style="padding:5px 8px;background:#1f6feb;color:#fff;text-align:left;font-size:12px;font-weight:600;">CV10302VM0001 - Seg. 7</th></tr><tr><th style="padding:3px 5px;text-align:left;background:#f3f4f6;border-bottom:1px solid #d1d5db;width:30%;font-size:11px;font-weight:600;color:#1f2937;">Serviço</th><td style="padding:3px 5px;border-bottom:1px solid #e5e7eb;font-size:11px;color:#111827;">Varrição Mecanizada (VM)</td></tr><tr><th style="padding:3px 5px;text-align:left;background:#f3f4f6;border-bottom:1px solid #d1d5db;width:30%;font-size:11px;font-weight:600;color:#1f2937;">Setor</th><td style="padding:3px 5px;border-bottom:1px solid #e5e7eb;font-size:11px;color:#111827;">CV10302VM0001</td></tr><tr><th style="padding:3px 5px;text-align:left;background:#f3f4f6;border-bottom:1px solid #d1d5db;width:30%;font-size:11px;font-weight:600;color:#1f2937;">Tipo de Serviço</th><td style="padding:3px 5px;border-bottom:1px solid #e5e7eb;font-size:11px;color:#111827;">Varrição Mecanizada</td></tr><tr><th style="padding:3px 5px;text-align:left;background:#f3f4f6;border-bottom:1px solid #d1d5db;width:30%;font-size:11px;font-weight:600;color:#1f2937;">Nome</th><td style="padding:3px 5px;border-bottom:1px solid #e5e7eb;font-size:11px;color:#111827;">CV10302VM0001 - Seg. 7</td></tr><tr><th style="padding:3px 5px;text-align:left;background:#f3f4f6;border-bottom:1px solid #d1d5db;width:30%;font-size:11px;font-weight:600;color:#1f2937;">Logradouro</th><td style="padding:3px 5px;border-bottom:1px solid #e5e7eb;font-size:11px;color:#111827;">Av Inajar de Souza</td></tr><tr><th style="padding:3px 5px;text-align:left;background:#f3f4f6;border-bottom:1px solid #d1d5db;width:30%;font-size:11px;font-weight:600;color:#1f2937;">Subprefeitura</th><td style="padding:3px 5px;border-bottom:1px solid #e5e7eb;font-size:11px;color:#111827;">Casa Verde / Cachoeirinha</td></tr><tr><th style="padding:3px 5px;text-align:left;background:#f3f4f6;border-bottom:1px solid #d1d5db;width:30%;font-size:11px;font-weight:600;color:#1f2937;">Turno</th><td style="padding:3px 5px;border-bottom:1px solid #e5e7eb;font-size:11px;color:#111827;">Diurno</td></tr><tr><th style="padding:3px 5px;text-align:left;background:#f3f4f6;border-bottom:1px solid #d1d5db;width:30%;font-size:11px;font-weight:600;color:#1f2937;">Frequência</th><td style="padding:3px 5px;border-bottom:1px solid #e5e7eb;font-size:11px;color:#111827;">Segunda e Quinta</td></tr><tr><th style="padding:3px 5px;text-align:left;background:#f3f4f6;border-bottom:1px solid #d1d5db;width:30%;font-size:11px;font-weight:600;color:#1f2937;">Cronograma</th><td style="padding:3px 5px;border-bottom:1px solid #e5e7eb;font-size:11px;color:#111827;">—</td></tr></table>]]></description><LineString><coordinates>-46.6733700,-23.4597600,0 -46.6740400,-23.4591100,0 -46.6746500,-23.4584100,0 -46.6750000,-23.4576000,0 -46.6749200,-23.4567200,0 -46.6750300,-23.4558400,0 -46.6741100,-23.4533800,0 -46.6739300,-23.4526300,0 -46.6743300,-23.4519500,0 -46.6749700,-23.4509800,0 -46.6751700,-23.4506000,0</coordinates></LineString></Placemark>
<Style id="s-VM-7">
<LineStyle><color>ff2fffad</color><width>3.0</width></LineStyle>
<PolyStyle><color>ff2fffad</color></PolyStyle>
<IconStyle><color>ff2fffad</color><scale>0.55</scale>
<Icon><href>http://maps.google.com/mapfiles/kml/shapes/placemark_circle.png</href></Icon>
</IconStyle>
<LabelStyle><scale>0.65</scale></LabelStyle>
</Style><Placemark><name>CV10302VM0001 - Seg. 8</name><styleUrl>#s-VM-7</styleUrl><description><![CDATA[<table style="border-collapse:collapse;width:100%;font-family:'Helvetica Neue',Helvetica,Arial,sans-serif;font-size:11px;border:1px solid #e5e7eb;border-radius:8px;overflow:hidden;"><tr><th colspan="2" style="padding:5px 8px;background:#1f6feb;color:#fff;text-align:left;font-size:12px;font-weight:600;">CV10302VM0001 - Seg. 8</th></tr><tr><th style="padding:3px 5px;text-align:left;background:#f3f4f6;border-bottom:1px solid #d1d5db;width:30%;font-size:11px;font-weight:600;color:#1f2937;">Serviço</th><td style="padding:3px 5px;border-bottom:1px solid #e5e7eb;font-size:11px;color:#111827;">Varrição Mecanizada (VM)</td></tr><tr><th style="padding:3px 5px;text-align:left;background:#f3f4f6;border-bottom:1px solid #d1d5db;width:30%;font-size:11px;font-weight:600;color:#1f2937;">Setor</th><td style="padding:3px 5px;border-bottom:1px solid #e5e7eb;font-size:11px;color:#111827;">CV10302VM0001</td></tr><tr><th style="padding:3px 5px;text-align:left;background:#f3f4f6;border-bottom:1px solid #d1d5db;width:30%;font-size:11px;font-weight:600;color:#1f2937;">Tipo de Serviço</th><td style="padding:3px 5px;border-bottom:1px solid #e5e7eb;font-size:11px;color:#111827;">Varrição Mecanizada</td></tr><tr><th style="padding:3px 5px;text-align:left;background:#f3f4f6;border-bottom:1px solid #d1d5db;width:30%;font-size:11px;font-weight:600;color:#1f2937;">Nome</th><td style="padding:3px 5px;border-bottom:1px solid #e5e7eb;font-size:11px;color:#111827;">CV10302VM0001 - Seg. 8</td></tr><tr><th style="padding:3px 5px;text-align:left;background:#f3f4f6;border-bottom:1px solid #d1d5db;width:30%;font-size:11px;font-weight:600;color:#1f2937;">Logradouro</th><td style="padding:3px 5px;border-bottom:1px solid #e5e7eb;font-size:11px;color:#111827;">Av Jeronimo de Andrade</td></tr><tr><th style="padding:3px 5px;text-align:left;background:#f3f4f6;border-bottom:1px solid #d1d5db;width:30%;font-size:11px;font-weight:600;color:#1f2937;">Subprefeitura</th><td style="padding:3px 5px;border-bottom:1px solid #e5e7eb;font-size:11px;color:#111827;">Casa Verde / Cachoeirinha</td></tr><tr><th style="padding:3px 5px;text-align:left;background:#f3f4f6;border-bottom:1px solid #d1d5db;width:30%;font-size:11px;font-weight:600;color:#1f2937;">Turno</th><td style="padding:3px 5px;border-bottom:1px solid #e5e7eb;font-size:11px;color:#111827;">Diurno</td></tr><tr><th style="padding:3px 5px;text-align:left;background:#f3f4f6;border-bottom:1px solid #d1d5db;width:30%;font-size:11px;font-weight:600;color:#1f2937;">Frequência</th><td style="padding:3px 5px;border-bottom:1px solid #e5e7eb;font-size:11px;color:#111827;">Segunda e Quinta</td></tr><tr><th style="padding:3px 5px;text-align:left;background:#f3f4f6;border-bottom:1px solid #d1d5db;width:30%;font-size:11px;font-weight:600;color:#1f2937;">Cronograma</th><td style="padding:3px 5px;border-bottom:1px solid #e5e7eb;font-size:11px;color:#111827;">—</td></tr></table>]]></description><LineString><coordinates>-46.6678400,-23.4684300,0 -46.6681500,-23.4685400,0 -46.6684200,-23.4685800,0 -46.6687700,-23.4685200,0 -46.6700800,-23.4681100,0 -46.6680200,-23.4683200,0 -46.6682600,-23.4684200,0 -46.6686200,-23.4684200,0 -46.6700700,-23.4679500,0</coordinates></LineString></Placemark>
<Style id="s-VM-8">
<LineStyle><color>ff2fffad</color><width>3.0</width></LineStyle>
<PolyStyle><color>ff2fffad</color></PolyStyle>
<IconStyle><color>ff2fffad</color><scale>0.55</scale>
<Icon><href>http://maps.google.com/mapfiles/kml/shapes/placemark_circle.png</href></Icon>
</IconStyle>
<LabelStyle><scale>0.65</scale></LabelStyle>
</Style><Placemark><name>CV10302VM0001 - Seg. 9</name><styleUrl>#s-VM-8</styleUrl><description><![CDATA[<table style="border-collapse:collapse;width:100%;font-family:'Helvetica Neue',Helvetica,Arial,sans-serif;font-size:11px;border:1px solid #e5e7eb;border-radius:8px;overflow:hidden;"><tr><th colspan="2" style="padding:5px 8px;background:#1f6feb;color:#fff;text-align:left;font-size:12px;font-weight:600;">CV10302VM0001 - Seg. 9</th></tr><tr><th style="padding:3px 5px;text-align:left;background:#f3f4f6;border-bottom:1px solid #d1d5db;width:30%;font-size:11px;font-weight:600;color:#1f2937;">Serviço</th><td style="padding:3px 5px;border-bottom:1px solid #e5e7eb;font-size:11px;color:#111827;">Varrição Mecanizada (VM)</td></tr><tr><th style="padding:3px 5px;text-align:left;background:#f3f4f6;border-bottom:1px solid #d1d5db;width:30%;font-size:11px;font-weight:600;color:#1f2937;">Setor</th><td style="padding:3px 5px;border-bottom:1px solid #e5e7eb;font-size:11px;color:#111827;">CV10302VM0001</td></tr><tr><th style="padding:3px 5px;text-align:left;background:#f3f4f6;border-bottom:1px solid #d1d5db;width:30%;font-size:11px;font-weight:600;color:#1f2937;">Tipo de Serviço</th><td style="padding:3px 5px;border-bottom:1px solid #e5e7eb;font-size:11px;color:#111827;">Varrição Mecanizada</td></tr><tr><th style="padding:3px 5px;text-align:left;background:#f3f4f6;border-bottom:1px solid #d1d5db;width:30%;font-size:11px;font-weight:600;color:#1f2937;">Nome</th><td style="padding:3px 5px;border-bottom:1px solid #e5e7eb;font-size:11px;color:#111827;">CV10302VM0001 - Seg. 9</td></tr><tr><th style="padding:3px 5px;text-align:left;background:#f3f4f6;border-bottom:1px solid #d1d5db;width:30%;font-size:11px;font-weight:600;color:#1f2937;">Logradouro</th><td style="padding:3px 5px;border-bottom:1px solid #e5e7eb;font-size:11px;color:#111827;">Pte Freguesia do O</td></tr><tr><th style="padding:3px 5px;text-align:left;background:#f3f4f6;border-bottom:1px solid #d1d5db;width:30%;font-size:11px;font-weight:600;color:#1f2937;">Subprefeitura</th><td style="padding:3px 5px;border-bottom:1px solid #e5e7eb;font-size:11px;color:#111827;">Casa Verde / Cachoeirinha</td></tr><tr><th style="padding:3px 5px;text-align:left;background:#f3f4f6;border-bottom:1px solid #d1d5db;width:30%;font-size:11px;font-weight:600;color:#1f2937;">Turno</th><td style="padding:3px 5px;border-bottom:1px solid #e5e7eb;font-size:11px;color:#111827;">Diurno</td></tr><tr><th style="padding:3px 5px;text-align:left;background:#f3f4f6;border-bottom:1px solid #d1d5db;width:30%;font-size:11px;font-weight:600;color:#1f2937;">Frequência</th><td style="padding:3px 5px;border-bottom:1px solid #e5e7eb;font-size:11px;color:#111827;">Segunda e Quinta</td></tr><tr><th style="padding:3px 5px;text-align:left;background:#f3f4f6;border-bottom:1px solid #d1d5db;width:30%;font-size:11px;font-weight:600;color:#1f2937;">Cronograma</th><td style="padding:3px 5px;border-bottom:1px solid #e5e7eb;font-size:11px;color:#111827;">—</td></tr></table>]]></description><LineString><coordinates>-46.6897300,-23.5090600,0 -46.6894200,-23.5076900,0 -46.6895800,-23.5088900,0 -46.6892900,-23.5076300,0 -46.6896300,-23.5090800,0 -46.6895800,-23.5088900,0</coordinates></LineString></Placemark>
<Style id="s-VM-9">
<LineStyle><color>ff2fffad</color><width>3.0</width></LineStyle>
<PolyStyle><color>ff2fffad</color></PolyStyle>
<IconStyle><color>ff2fffad</color><scale>0.55</scale>
<Icon><href>http://maps.google.com/mapfiles/kml/shapes/placemark_circle.png</href></Icon>
</IconStyle>
<LabelStyle><scale>0.65</scale></LabelStyle>
</Style><Placemark><name>CV10302VM0001 - Seg. 10</name><styleUrl>#s-VM-9</styleUrl><description><![CDATA[<table style="border-collapse:collapse;width:100%;font-family:'Helvetica Neue',Helvetica,Arial,sans-serif;font-size:11px;border:1px solid #e5e7eb;border-radius:8px;overflow:hidden;"><tr><th colspan="2" style="padding:5px 8px;background:#1f6feb;color:#fff;text-align:left;font-size:12px;font-weight:600;">CV10302VM0001 - Seg. 10</th></tr><tr><th style="padding:3px 5px;text-align:left;background:#f3f4f6;border-bottom:1px solid #d1d5db;width:30%;font-size:11px;font-weight:600;color:#1f2937;">Serviço</th><td style="padding:3px 5px;border-bottom:1px solid #e5e7eb;font-size:11px;color:#111827;">Varrição Mecanizada (VM)</td></tr><tr><th style="padding:3px 5px;text-align:left;background:#f3f4f6;border-bottom:1px solid #d1d5db;width:30%;font-size:11px;font-weight:600;color:#1f2937;">Setor</th><td style="padding:3px 5px;border-bottom:1px solid #e5e7eb;font-size:11px;color:#111827;">CV10302VM0001</td></tr><tr><th style="padding:3px 5px;text-align:left;background:#f3f4f6;border-bottom:1px solid #d1d5db;width:30%;font-size:11px;font-weight:600;color:#1f2937;">Tipo de Serviço</th><td style="padding:3px 5px;border-bottom:1px solid #e5e7eb;font-size:11px;color:#111827;">Varrição Mecanizada</td></tr><tr><th style="padding:3px 5px;text-align:left;background:#f3f4f6;border-bottom:1px solid #d1d5db;width:30%;font-size:11px;font-weight:600;color:#1f2937;">Nome</th><td style="padding:3px 5px;border-bottom:1px solid #e5e7eb;font-size:11px;color:#111827;">CV10302VM0001 - Seg. 10</td></tr><tr><th style="padding:3px 5px;text-align:left;background:#f3f4f6;border-bottom:1px solid #d1d5db;width:30%;font-size:11px;font-weight:600;color:#1f2937;">Logradouro</th><td style="padding:3px 5px;border-bottom:1px solid #e5e7eb;font-size:11px;color:#111827;">R Afonso Lopes Vieira</td></tr><tr><th style="padding:3px 5px;text-align:left;background:#f3f4f6;border-bottom:1px solid #d1d5db;width:30%;font-size:11px;font-weight:600;color:#1f2937;">Subprefeitura</th><td style="padding:3px 5px;border-bottom:1px solid #e5e7eb;font-size:11px;color:#111827;">Casa Verde / Cachoeirinha</td></tr><tr><th style="padding:3px 5px;text-align:left;background:#f3f4f6;border-bottom:1px solid #d1d5db;width:30%;font-size:11px;font-weight:600;color:#1f2937;">Turno</th><td style="padding:3px 5px;border-bottom:1px solid #e5e7eb;font-size:11px;color:#111827;">Diurno</td></tr><tr><th style="padding:3px 5px;text-align:left;background:#f3f4f6;border-bottom:1px solid #d1d5db;width:30%;font-size:11px;font-weight:600;color:#1f2937;">Frequência</th><td style="padding:3px 5px;border-bottom:1px solid #e5e7eb;font-size:11px;color:#111827;">Segunda e Quinta</td></tr><tr><th style="padding:3px 5px;text-align:left;background:#f3f4f6;border-bottom:1px solid #d1d5db;width:30%;font-size:11px;font-weight:600;color:#1f2937;">Cronograma</th><td style="padding:3px 5px;border-bottom:1px solid #e5e7eb;font-size:11px;color:#111827;">—</td></tr></table>]]></description><LineString><coordinates>-46.6680200,-23.4683200,0 -46.6678000,-23.4681500,0 -46.6676000,-23.4679500,0 -46.6675500,-23.4678600,0 -46.6672500,-23.4671000,0 -46.6670200,-23.4663300,0 -46.6667300,-23.4655800,0 -46.6664300,-23.4653300,0 -46.6654500,-23.4649900,0 -46.6648900,-23.4647000,0 -46.6642900,-23.4633300,0 -46.6634800,-23.4628600,0 -46.6631100,-23.4628400,0 -46.6624000,-23.4627400,0 -46.6611200,-23.4620700,0 -46.6603900,-23.4621900,0 -46.6584500,-23.4632900,0 -46.6578700,-23.4636700,0 -46.6566200,-23.4646600,0</coordinates></LineString></Placemark>
<Style id="s-VM-10">
<LineStyle><color>ff2fffad</color><width>3.0</width></LineStyle>
<PolyStyle><color>ff2fffad</color></PolyStyle>
<IconStyle><color>ff2fffad</color><scale>0.55</scale>
<Icon><href>http://maps.google.com/mapfiles/kml/shapes/placemark_circle.png</href></Icon>
</IconStyle>
<LabelStyle><scale>0.65</scale></LabelStyle>
</Style><Placemark><name>CV10302VM0001 - Seg. 11</name><styleUrl>#s-VM-10</styleUrl><description><![CDATA[<table style="border-collapse:collapse;width:100%;font-family:'Helvetica Neue',Helvetica,Arial,sans-serif;font-size:11px;border:1px solid #e5e7eb;border-radius:8px;overflow:hidden;"><tr><th colspan="2" style="padding:5px 8px;background:#1f6feb;color:#fff;text-align:left;font-size:12px;font-weight:600;">CV10302VM0001 - Seg. 11</th></tr><tr><th style="padding:3px 5px;text-align:left;background:#f3f4f6;border-bottom:1px solid #d1d5db;width:30%;font-size:11px;font-weight:600;color:#1f2937;">Serviço</th><td style="padding:3px 5px;border-bottom:1px solid #e5e7eb;font-size:11px;color:#111827;">Varrição Mecanizada (VM)</td></tr><tr><th style="padding:3px 5px;text-align:left;background:#f3f4f6;border-bottom:1px solid #d1d5db;width:30%;font-size:11px;font-weight:600;color:#1f2937;">Setor</th><td style="padding:3px 5px;border-bottom:1px solid #e5e7eb;font-size:11px;color:#111827;">CV10302VM0001</td></tr><tr><th style="padding:3px 5px;text-align:left;background:#f3f4f6;border-bottom:1px solid #d1d5db;width:30%;font-size:11px;font-weight:600;color:#1f2937;">Tipo de Serviço</th><td style="padding:3px 5px;border-bottom:1px solid #e5e7eb;font-size:11px;color:#111827;">Varrição Mecanizada</td></tr><tr><th style="padding:3px 5px;text-align:left;background:#f3f4f6;border-bottom:1px solid #d1d5db;width:30%;font-size:11px;font-weight:600;color:#1f2937;">Nome</th><td style="padding:3px 5px;border-bottom:1px solid #e5e7eb;font-size:11px;color:#111827;">CV10302VM0001 - Seg. 11</td></tr><tr><th style="padding:3px 5px;text-align:left;background:#f3f4f6;border-bottom:1px solid #d1d5db;width:30%;font-size:11px;font-weight:600;color:#1f2937;">Logradouro</th><td style="padding:3px 5px;border-bottom:1px solid #e5e7eb;font-size:11px;color:#111827;">R Afonso Lopes Vieira</td></tr><tr><th style="padding:3px 5px;text-align:left;background:#f3f4f6;border-bottom:1px solid #d1d5db;width:30%;font-size:11px;font-weight:600;color:#1f2937;">Subprefeitura</th><td style="padding:3px 5px;border-bottom:1px solid #e5e7eb;font-size:11px;color:#111827;">Casa Verde / Cachoeirinha</td></tr><tr><th style="padding:3px 5px;text-align:left;background:#f3f4f6;border-bottom:1px solid #d1d5db;width:30%;font-size:11px;font-weight:600;color:#1f2937;">Turno</th><td style="padding:3px 5px;border-bottom:1px solid #e5e7eb;font-size:11px;color:#111827;">Diurno</td></tr><tr><th style="padding:3px 5px;text-align:left;background:#f3f4f6;border-bottom:1px solid #d1d5db;width:30%;font-size:11px;font-weight:600;color:#1f2937;">Frequência</th><td style="padding:3px 5px;border-bottom:1px solid #e5e7eb;font-size:11px;color:#111827;">Segunda e Quinta</td></tr><tr><th style="padding:3px 5px;text-align:left;background:#f3f4f6;border-bottom:1px solid #d1d5db;width:30%;font-size:11px;font-weight:600;color:#1f2937;">Cronograma</th><td style="padding:3px 5px;border-bottom:1px solid #e5e7eb;font-size:11px;color:#111827;">—</td></tr></table>]]></description><LineString><coordinates>-46.6678400,-23.4684300,0 -46.6674700,-23.4680900,0 -46.6673400,-23.4678400,0 -46.6668700,-23.4662700,0 -46.6664900,-23.4655400,0 -46.6649600,-23.4649400,0 -46.6645100,-23.4642800,0 -46.6642200,-23.4635500,0 -46.6635000,-23.4631500,0 -46.6628600,-23.4630900,0 -46.6625300,-23.4630400,0 -46.6617200,-23.4627300,0 -46.6609100,-23.4624600,0 -46.6601300,-23.4628000,0 -46.6586400,-23.4636300,0 -46.6579200,-23.4640800,0 -46.6568700,-23.4649000,0</coordinates></LineString></Placemark>
<Style id="s-VM-11">
<LineStyle><color>ff2fffad</color><width>3.0</width></LineStyle>
<PolyStyle><color>ff2fffad</color></PolyStyle>
<IconStyle><color>ff2fffad</color><scale>0.55</scale>
<Icon><href>http://maps.google.com/mapfiles/kml/shapes/placemark_circle.png</href></Icon>
</IconStyle>
<LabelStyle><scale>0.65</scale></LabelStyle>
</Style><Placemark><name>CV10302VM0001 - Seg. 12</name><styleUrl>#s-VM-11</styleUrl><description><![CDATA[<table style="border-collapse:collapse;width:100%;font-family:'Helvetica Neue',Helvetica,Arial,sans-serif;font-size:11px;border:1px solid #e5e7eb;border-radius:8px;overflow:hidden;"><tr><th colspan="2" style="padding:5px 8px;background:#1f6feb;color:#fff;text-align:left;font-size:12px;font-weight:600;">CV10302VM0001 - Seg. 12</th></tr><tr><th style="padding:3px 5px;text-align:left;background:#f3f4f6;border-bottom:1px solid #d1d5db;width:30%;font-size:11px;font-weight:600;color:#1f2937;">Serviço</th><td style="padding:3px 5px;border-bottom:1px solid #e5e7eb;font-size:11px;color:#111827;">Varrição Mecanizada (VM)</td></tr><tr><th style="padding:3px 5px;text-align:left;background:#f3f4f6;border-bottom:1px solid #d1d5db;width:30%;font-size:11px;font-weight:600;color:#1f2937;">Setor</th><td style="padding:3px 5px;border-bottom:1px solid #e5e7eb;font-size:11px;color:#111827;">CV10302VM0001</td></tr><tr><th style="padding:3px 5px;text-align:left;background:#f3f4f6;border-bottom:1px solid #d1d5db;width:30%;font-size:11px;font-weight:600;color:#1f2937;">Tipo de Serviço</th><td style="padding:3px 5px;border-bottom:1px solid #e5e7eb;font-size:11px;color:#111827;">Varrição Mecanizada</td></tr><tr><th style="padding:3px 5px;text-align:left;background:#f3f4f6;border-bottom:1px solid #d1d5db;width:30%;font-size:11px;font-weight:600;color:#1f2937;">Nome</th><td style="padding:3px 5px;border-bottom:1px solid #e5e7eb;font-size:11px;color:#111827;">CV10302VM0001 - Seg. 12</td></tr><tr><th style="padding:3px 5px;text-align:left;background:#f3f4f6;border-bottom:1px solid #d1d5db;width:30%;font-size:11px;font-weight:600;color:#1f2937;">Logradouro</th><td style="padding:3px 5px;border-bottom:1px solid #e5e7eb;font-size:11px;color:#111827;">R Francisco Arcuri</td></tr><tr><th style="padding:3px 5px;text-align:left;background:#f3f4f6;border-bottom:1px solid #d1d5db;width:30%;font-size:11px;font-weight:600;color:#1f2937;">Subprefeitura</th><td style="padding:3px 5px;border-bottom:1px solid #e5e7eb;font-size:11px;color:#111827;">Casa Verde / Cachoeirinha</td></tr><tr><th style="padding:3px 5px;text-align:left;background:#f3f4f6;border-bottom:1px solid #d1d5db;width:30%;font-size:11px;font-weight:600;color:#1f2937;">Turno</th><td style="padding:3px 5px;border-bottom:1px solid #e5e7eb;font-size:11px;color:#111827;">Diurno</td></tr><tr><th style="padding:3px 5px;text-align:left;background:#f3f4f6;border-bottom:1px solid #d1d5db;width:30%;font-size:11px;font-weight:600;color:#1f2937;">Frequência</th><td style="padding:3px 5px;border-bottom:1px solid #e5e7eb;font-size:11px;color:#111827;">Segunda e Quinta</td></tr><tr><th style="padding:3px 5px;text-align:left;background:#f3f4f6;border-bottom:1px solid #d1d5db;width:30%;font-size:11px;font-weight:600;color:#1f2937;">Cronograma</th><td style="padding:3px 5px;border-bottom:1px solid #e5e7eb;font-size:11px;color:#111827;">—</td></tr></table>]]></description><LineString><coordinates>-46.6552200,-23.4644200,0 -46.6555400,-23.4648500,0 -46.6558300,-23.4650300,0 -46.6561700,-23.4651100,0 -46.6565500,-23.4650700,0 -46.6568700,-23.4649000,0 -46.6553400,-23.4643400,0 -46.6555900,-23.4646300,0 -46.6558000,-23.4647800,0 -46.6560100,-23.4648500,0 -46.6562400,-23.4648700,0 -46.6564500,-23.4648000,0 -46.6566200,-23.4646600,0</coordinates></LineString></Placemark>
<Style id="s-VM-12">
<LineStyle><color>ff2fffad</color><width>3.0</width></LineStyle>
<PolyStyle><color>ff2fffad</color></PolyStyle>
<IconStyle><color>ff2fffad</color><scale>0.55</scale>
<Icon><href>http://maps.google.com/mapfiles/kml/shapes/placemark_circle.png</href></Icon>
</IconStyle>
<LabelStyle><scale>0.65</scale></LabelStyle>
</Style><Placemark><name>CV10302VM0001 - Seg. 13</name><styleUrl>#s-VM-12</styleUrl><description><![CDATA[<table style="border-collapse:collapse;width:100%;font-family:'Helvetica Neue',Helvetica,Arial,sans-serif;font-size:11px;border:1px solid #e5e7eb;border-radius:8px;overflow:hidden;"><tr><th colspan="2" style="padding:5px 8px;background:#1f6feb;color:#fff;text-align:left;font-size:12px;font-weight:600;">CV10302VM0001 - Seg. 13</th></tr><tr><th style="padding:3px 5px;text-align:left;background:#f3f4f6;border-bottom:1px solid #d1d5db;width:30%;font-size:11px;font-weight:600;color:#1f2937;">Serviço</th><td style="padding:3px 5px;border-bottom:1px solid #e5e7eb;font-size:11px;color:#111827;">Varrição Mecanizada (VM)</td></tr><tr><th style="padding:3px 5px;text-align:left;background:#f3f4f6;border-bottom:1px solid #d1d5db;width:30%;font-size:11px;font-weight:600;color:#1f2937;">Setor</th><td style="padding:3px 5px;border-bottom:1px solid #e5e7eb;font-size:11px;color:#111827;">CV10302VM0001</td></tr><tr><th style="padding:3px 5px;text-align:left;background:#f3f4f6;border-bottom:1px solid #d1d5db;width:30%;font-size:11px;font-weight:600;color:#1f2937;">Tipo de Serviço</th><td style="padding:3px 5px;border-bottom:1px solid #e5e7eb;font-size:11px;color:#111827;">Varrição Mecanizada</td></tr><tr><th style="padding:3px 5px;text-align:left;background:#f3f4f6;border-bottom:1px solid #d1d5db;width:30%;font-size:11px;font-weight:600;color:#1f2937;">Nome</th><td style="padding:3px 5px;border-bottom:1px solid #e5e7eb;font-size:11px;color:#111827;">CV10302VM0001 - Seg. 13</td></tr><tr><th style="padding:3px 5px;text-align:left;background:#f3f4f6;border-bottom:1px solid #d1d5db;width:30%;font-size:11px;font-weight:600;color:#1f2937;">Logradouro</th><td style="padding:3px 5px;border-bottom:1px solid #e5e7eb;font-size:11px;color:#111827;">R Imo Joao Creff</td></tr><tr><th style="padding:3px 5px;text-align:left;background:#f3f4f6;border-bottom:1px solid #d1d5db;width:30%;font-size:11px;font-weight:600;color:#1f2937;">Subprefeitura</th><td style="padding:3px 5px;border-bottom:1px solid #e5e7eb;font-size:11px;color:#111827;">Casa Verde / Cachoeirinha</td></tr><tr><th style="padding:3px 5px;text-align:left;background:#f3f4f6;border-bottom:1px solid #d1d5db;width:30%;font-size:11px;font-weight:600;color:#1f2937;">Turno</th><td style="padding:3px 5px;border-bottom:1px solid #e5e7eb;font-size:11px;color:#111827;">Diurno</td></tr><tr><th style="padding:3px 5px;text-align:left;background:#f3f4f6;border-bottom:1px solid #d1d5db;width:30%;font-size:11px;font-weight:600;color:#1f2937;">Frequência</th><td style="padding:3px 5px;border-bottom:1px solid #e5e7eb;font-size:11px;color:#111827;">Segunda e Quinta</td></tr><tr><th style="padding:3px 5px;text-align:left;background:#f3f4f6;border-bottom:1px solid #d1d5db;width:30%;font-size:11px;font-weight:600;color:#1f2937;">Cronograma</th><td style="padding:3px 5px;border-bottom:1px solid #e5e7eb;font-size:11px;color:#111827;">—</td></tr></table>]]></description><LineString><coordinates>-46.6261300,-23.4725900,0 -46.6261800,-23.4725700,0 -46.6262400,-23.4725800,0</coordinates></LineString></Placemark>
<Style id="s-VM-13">
<LineStyle><color>ff2fffad</color><width>3.0</width></LineStyle>
<PolyStyle><color>ff2fffad</color></PolyStyle>
<IconStyle><color>ff2fffad</color><scale>0.55</scale>
<Icon><href>http://maps.google.com/mapfiles/kml/shapes/placemark_circle.png</href></Icon>
</IconStyle>
<LabelStyle><scale>0.65</scale></LabelStyle>
</Style><Placemark><name>CV30303VM0002 - Seg. 1</name><styleUrl>#s-VM-13</styleUrl><description><![CDATA[<table style="border-collapse:collapse;width:100%;font-family:'Helvetica Neue',Helvetica,Arial,sans-serif;font-size:11px;border:1px solid #e5e7eb;border-radius:8px;overflow:hidden;"><tr><th colspan="2" style="padding:5px 8px;background:#1f6feb;color:#fff;text-align:left;font-size:12px;font-weight:600;">CV30303VM0002 - Seg. 1</th></tr><tr><th style="padding:3px 5px;text-align:left;background:#f3f4f6;border-bottom:1px solid #d1d5db;width:30%;font-size:11px;font-weight:600;color:#1f2937;">Serviço</th><td style="padding:3px 5px;border-bottom:1px solid #e5e7eb;font-size:11px;color:#111827;">Varrição Mecanizada (VM)</td></tr><tr><th style="padding:3px 5px;text-align:left;background:#f3f4f6;border-bottom:1px solid #d1d5db;width:30%;font-size:11px;font-weight:600;color:#1f2937;">Setor</th><td style="padding:3px 5px;border-bottom:1px solid #e5e7eb;font-size:11px;color:#111827;">CV30303VM0002</td></tr><tr><th style="padding:3px 5px;text-align:left;background:#f3f4f6;border-bottom:1px solid #d1d5db;width:30%;font-size:11px;font-weight:600;color:#1f2937;">Tipo de Serviço</th><td style="padding:3px 5px;border-bottom:1px solid #e5e7eb;font-size:11px;color:#111827;">Varrição Mecanizada</td></tr><tr><th style="padding:3px 5px;text-align:left;background:#f3f4f6;border-bottom:1px solid #d1d5db;width:30%;font-size:11px;font-weight:600;color:#1f2937;">Nome</th><td style="padding:3px 5px;border-bottom:1px solid #e5e7eb;font-size:11px;color:#111827;">CV30303VM0002 - Seg. 1</td></tr><tr><th style="padding:3px 5px;text-align:left;background:#f3f4f6;border-bottom:1px solid #d1d5db;width:30%;font-size:11px;font-weight:600;color:#1f2937;">Logradouro</th><td style="padding:3px 5px;border-bottom:1px solid #e5e7eb;font-size:11px;color:#111827;">Av Comen Martinelli</td></tr><tr><th style="padding:3px 5px;text-align:left;background:#f3f4f6;border-bottom:1px solid #d1d5db;width:30%;font-size:11px;font-weight:600;color:#1f2937;">Subprefeitura</th><td style="padding:3px 5px;border-bottom:1px solid #e5e7eb;font-size:11px;color:#111827;">Casa Verde / Cachoeirinha</td></tr><tr><th style="padding:3px 5px;text-align:left;background:#f3f4f6;border-bottom:1px solid #d1d5db;width:30%;font-size:11px;font-weight:600;color:#1f2937;">Turno</th><td style="padding:3px 5px;border-bottom:1px solid #e5e7eb;font-size:11px;color:#111827;">Noturno</td></tr><tr><th style="padding:3px 5px;text-align:left;background:#f3f4f6;border-bottom:1px solid #d1d5db;width:30%;font-size:11px;font-weight:600;color:#1f2937;">Frequência</th><td style="padding:3px 5px;border-bottom:1px solid #e5e7eb;font-size:11px;color:#111827;">Terça e Sexta</td></tr><tr><th style="padding:3px 5px;text-align:left;background:#f3f4f6;border-bottom:1px solid #d1d5db;width:30%;font-size:11px;font-weight:600;color:#1f2937;">Cronograma</th><td style="padding:3px 5px;border-bottom:1px solid #e5e7eb;font-size:11px;color:#111827;">—</td></tr></table>]]></description><LineString><coordinates>-46.6894200,-23.5076900,0 -46.6889500,-23.5054800,0 -46.6888000,-23.5049600,0 -46.6892900,-23.5076300,0 -46.6889000,-23.5060500,0 -46.6885800,-23.5049800,0</coordinates></LineString></Placemark>
<Style id="s-VM-14">
<LineStyle><color>ff2fffad</color><width>3.0</width></LineStyle>
<PolyStyle><color>ff2fffad</color></PolyStyle>
<IconStyle><color>ff2fffad</color><scale>0.55</scale>
<Icon><href>http://maps.google.com/mapfiles/kml/shapes/placemark_circle.png</href></Icon>
</IconStyle>
<LabelStyle><scale>0.65</scale></LabelStyle>
</Style><Placemark><name>CV30303VM0002 - Seg. 2</name><styleUrl>#s-VM-14</styleUrl><description><![CDATA[<table style="border-collapse:collapse;width:100%;font-family:'Helvetica Neue',Helvetica,Arial,sans-serif;font-size:11px;border:1px solid #e5e7eb;border-radius:8px;overflow:hidden;"><tr><th colspan="2" style="padding:5px 8px;background:#1f6feb;color:#fff;text-align:left;font-size:12px;font-weight:600;">CV30303VM0002 - Seg. 2</th></tr><tr><th style="padding:3px 5px;text-align:left;background:#f3f4f6;border-bottom:1px solid #d1d5db;width:30%;font-size:11px;font-weight:600;color:#1f2937;">Serviço</th><td style="padding:3px 5px;border-bottom:1px solid #e5e7eb;font-size:11px;color:#111827;">Varrição Mecanizada (VM)</td></tr><tr><th style="padding:3px 5px;text-align:left;background:#f3f4f6;border-bottom:1px solid #d1d5db;width:30%;font-size:11px;font-weight:600;color:#1f2937;">Setor</th><td style="padding:3px 5px;border-bottom:1px solid #e5e7eb;font-size:11px;color:#111827;">CV30303VM0002</td></tr><tr><th style="padding:3px 5px;text-align:left;background:#f3f4f6;border-bottom:1px solid #d1d5db;width:30%;font-size:11px;font-weight:600;color:#1f2937;">Tipo de Serviço</th><td style="padding:3px 5px;border-bottom:1px solid #e5e7eb;font-size:11px;color:#111827;">Varrição Mecanizada</td></tr><tr><th style="padding:3px 5px;text-align:left;background:#f3f4f6;border-bottom:1px solid #d1d5db;width:30%;font-size:11px;font-weight:600;color:#1f2937;">Nome</th><td style="padding:3px 5px;border-bottom:1px solid #e5e7eb;font-size:11px;color:#111827;">CV30303VM0002 - Seg. 2</td></tr><tr><th style="padding:3px 5px;text-align:left;background:#f3f4f6;border-bottom:1px solid #d1d5db;width:30%;font-size:11px;font-weight:600;color:#1f2937;">Logradouro</th><td style="padding:3px 5px;border-bottom:1px solid #e5e7eb;font-size:11px;color:#111827;">Av Dona Mariana Caligiori Ronchetti</td></tr><tr><th style="padding:3px 5px;text-align:left;background:#f3f4f6;border-bottom:1px solid #d1d5db;width:30%;font-size:11px;font-weight:600;color:#1f2937;">Subprefeitura</th><td style="padding:3px 5px;border-bottom:1px solid #e5e7eb;font-size:11px;color:#111827;">Casa Verde / Cachoeirinha</td></tr><tr><th style="padding:3px 5px;text-align:left;background:#f3f4f6;border-bottom:1px solid #d1d5db;width:30%;font-size:11px;font-weight:600;color:#1f2937;">Turno</th><td style="padding:3px 5px;border-bottom:1px solid #e5e7eb;font-size:11px;color:#111827;">Noturno</td></tr><tr><th style="padding:3px 5px;text-align:left;background:#f3f4f6;border-bottom:1px solid #d1d5db;width:30%;font-size:11px;font-weight:600;color:#1f2937;">Frequência</th><td style="padding:3px 5px;border-bottom:1px solid #e5e7eb;font-size:11px;color:#111827;">Terça e Sexta</td></tr><tr><th style="padding:3px 5px;text-align:left;background:#f3f4f6;border-bottom:1px solid #d1d5db;width:30%;font-size:11px;font-weight:600;color:#1f2937;">Cronograma</th><td style="padding:3px 5px;border-bottom:1px solid #e5e7eb;font-size:11px;color:#111827;">—</td></tr></table>]]></description><LineString><coordinates>-46.6552200,-23.4644200,0 -46.6547500,-23.4637200,0 -46.6546000,-23.4632700,0 -46.6550500,-23.4639200,0 -46.6548400,-23.4635900,0 -46.6546000,-23.4632700,0 -46.6553400,-23.4643400,0 -46.6550500,-23.4639200,0</coordinates></LineString></Placemark>
<Style id="s-VM-15">
<LineStyle><color>ff2fffad</color><width>3.0</width></LineStyle>
<PolyStyle><color>ff2fffad</color></PolyStyle>
<IconStyle><color>ff2fffad</color><scale>0.55</scale>
<Icon><href>http://maps.google.com/mapfiles/kml/shapes/placemark_circle.png</href></Icon>
</IconStyle>
<LabelStyle><scale>0.65</scale></LabelStyle>
</Style><Placemark><name>CV30303VM0002 - Seg. 3</name><styleUrl>#s-VM-15</styleUrl><description><![CDATA[<table style="border-collapse:collapse;width:100%;font-family:'Helvetica Neue',Helvetica,Arial,sans-serif;font-size:11px;border:1px solid #e5e7eb;border-radius:8px;overflow:hidden;"><tr><th colspan="2" style="padding:5px 8px;background:#1f6feb;color:#fff;text-align:left;font-size:12px;font-weight:600;">CV30303VM0002 - Seg. 3</th></tr><tr><th style="padding:3px 5px;text-align:left;background:#f3f4f6;border-bottom:1px solid #d1d5db;width:30%;font-size:11px;font-weight:600;color:#1f2937;">Serviço</th><td style="padding:3px 5px;border-bottom:1px solid #e5e7eb;font-size:11px;color:#111827;">Varrição Mecanizada (VM)</td></tr><tr><th style="padding:3px 5px;text-align:left;background:#f3f4f6;border-bottom:1px solid #d1d5db;width:30%;font-size:11px;font-weight:600;color:#1f2937;">Setor</th><td style="padding:3px 5px;border-bottom:1px solid #e5e7eb;font-size:11px;color:#111827;">CV30303VM0002</td></tr><tr><th style="padding:3px 5px;text-align:left;background:#f3f4f6;border-bottom:1px solid #d1d5db;width:30%;font-size:11px;font-weight:600;color:#1f2937;">Tipo de Serviço</th><td style="padding:3px 5px;border-bottom:1px solid #e5e7eb;font-size:11px;color:#111827;">Varrição Mecanizada</td></tr><tr><th style="padding:3px 5px;text-align:left;background:#f3f4f6;border-bottom:1px solid #d1d5db;width:30%;font-size:11px;font-weight:600;color:#1f2937;">Nome</th><td style="padding:3px 5px;border-bottom:1px solid #e5e7eb;font-size:11px;color:#111827;">CV30303VM0002 - Seg. 3</td></tr><tr><th style="padding:3px 5px;text-align:left;background:#f3f4f6;border-bottom:1px solid #d1d5db;width:30%;font-size:11px;font-weight:600;color:#1f2937;">Logradouro</th><td style="padding:3px 5px;border-bottom:1px solid #e5e7eb;font-size:11px;color:#111827;">Av Eng Caetano Alvares</td></tr><tr><th style="padding:3px 5px;text-align:left;background:#f3f4f6;border-bottom:1px solid #d1d5db;width:30%;font-size:11px;font-weight:600;color:#1f2937;">Subprefeitura</th><td style="padding:3px 5px;border-bottom:1px solid #e5e7eb;font-size:11px;color:#111827;">Casa Verde / Cachoeirinha</td></tr><tr><th style="padding:3px 5px;text-align:left;background:#f3f4f6;border-bottom:1px solid #d1d5db;width:30%;font-size:11px;font-weight:600;color:#1f2937;">Turno</th><td style="padding:3px 5px;border-bottom:1px solid #e5e7eb;font-size:11px;color:#111827;">Noturno</td></tr><tr><th style="padding:3px 5px;text-align:left;background:#f3f4f6;border-bottom:1px solid #d1d5db;width:30%;font-size:11px;font-weight:600;color:#1f2937;">Frequência</th><td style="padding:3px 5px;border-bottom:1px solid #e5e7eb;font-size:11px;color:#111827;">Terça e Sexta</td></tr><tr><th style="padding:3px 5px;text-align:left;background:#f3f4f6;border-bottom:1px solid #d1d5db;width:30%;font-size:11px;font-weight:600;color:#1f2937;">Cronograma</th><td style="padding:3px 5px;border-bottom:1px solid #e5e7eb;font-size:11px;color:#111827;">—</td></tr></table>]]></description><LineString><coordinates>-46.6714300,-23.5136500,0 -46.6710100,-23.5131200,0 -46.6706500,-23.5077300,0 -46.6705900,-23.5072900,0 -46.6703600,-23.5067900,0 -46.6700000,-23.5064500,0 -46.6689000,-23.5055800,0 -46.6685600,-23.5050700,0 -46.6681200,-23.5042500,0 -46.6679600,-23.5039700,0 -46.6678300,-23.5037900,0 -46.6675500,-23.5034400,0 -46.6660600,-23.5017300,0 -46.6646900,-23.5000700,0 -46.6644400,-23.4996900,0 -46.6638900,-23.4983900,0 -46.6629500,-23.4971000,0 -46.6621000,-23.4959900,0 -46.6616600,-23.4955600,0 -46.6613700,-23.4953300,0 -46.6605500,-23.4948600,0 -46.6601400,-23.4945400,0 -46.6593500,-23.4937800,0 -46.6588300,-23.4931400,0 -46.6582800,-23.4925200,0 -46.6579600,-23.4923200,0 -46.6576200,-23.4921600,0 -46.6563900,-23.4916700,0 -46.6559000,-23.4912600,0 -46.6556100,-23.4907700,0 -46.6552100,-23.4898500,0 -46.6550100,-23.4894400,0 -46.6547200,-23.4890900,0 -46.6544000,-23.4888800,0 -46.6540300,-23.4887700,0 -46.6537100,-23.4887500,0 -46.6523900,-23.4887300,0 -46.6517400,-23.4886500,0 -46.6490500,-23.4882000,0 -46.6481400,-23.4880700,0 -46.6478300,-23.4880000,0 -46.6475500,-23.4878800,0 -46.6468900,-23.4873700,0 -46.6465800,-23.4871700,0 -46.6462100,-23.4870100,0 -46.6458100,-23.4868700,0 -46.6455800,-23.4868200,0 -46.6453200,-23.4867800,0 -46.6447200,-23.4867400,0 -46.6432900,-23.4866700,0 -46.6416600,-23.4866200,0 -46.6409400,-23.4865700,0 -46.6402200,-23.4864400,0 -46.6395900,-23.4861500,0 -46.6385000,-23.4855800,0 -46.6378300,-23.4850600,0 -46.6371100,-23.4841100,0 -46.6368600,-23.4838500,0 -46.6362900,-23.4834400,0 -46.6356400,-23.4831400,0 -46.6349300,-23.4829600,0 -46.6343400,-23.4829200,0 -46.6329900,-23.4829300,0 -46.6323500,-23.4828500,0 -46.6318700,-23.4827300,0 -46.6297500,-23.4815700,0 -46.6303100,-23.4821500,0 -46.6310600,-23.4825000,0 -46.6318700,-23.4827300,0 -46.6297500,-23.4815700,0 -46.6292600,-23.4810900,0 -46.6288200,-23.4805500,0 -46.6284900,-23.4796200,0 -46.6283600,-23.4793400,0 -46.6279400,-23.4788300,0 -46.6274700,-23.4781500,0 -46.6272500,-23.4773900,0 -46.6262700,-23.4727000,0 -46.6262800,-23.4726300,0 -46.6262400,-23.4725800,0</coordinates></LineString></Placemark>
<Style id="s-VM-16">
<LineStyle><color>ff2fffad</color><width>3.0</width></LineStyle>
<PolyStyle><color>ff2fffad</color></PolyStyle>
<IconStyle><color>ff2fffad</color><scale>0.55</scale>
<Icon><href>http://maps.google.com/mapfiles/kml/shapes/placemark_circle.png</href></Icon>
</IconStyle>
<LabelStyle><scale>0.65</scale></LabelStyle>
</Style><Placemark><name>CV30303VM0002 - Seg. 4</name><styleUrl>#s-VM-16</styleUrl><description><![CDATA[<table style="border-collapse:collapse;width:100%;font-family:'Helvetica Neue',Helvetica,Arial,sans-serif;font-size:11px;border:1px solid #e5e7eb;border-radius:8px;overflow:hidden;"><tr><th colspan="2" style="padding:5px 8px;background:#1f6feb;color:#fff;text-align:left;font-size:12px;font-weight:600;">CV30303VM0002 - Seg. 4</th></tr><tr><th style="padding:3px 5px;text-align:left;background:#f3f4f6;border-bottom:1px solid #d1d5db;width:30%;font-size:11px;font-weight:600;color:#1f2937;">Serviço</th><td style="padding:3px 5px;border-bottom:1px solid #e5e7eb;font-size:11px;color:#111827;">Varrição Mecanizada (VM)</td></tr><tr><th style="padding:3px 5px;text-align:left;background:#f3f4f6;border-bottom:1px solid #d1d5db;width:30%;font-size:11px;font-weight:600;color:#1f2937;">Setor</th><td style="padding:3px 5px;border-bottom:1px solid #e5e7eb;font-size:11px;color:#111827;">CV30303VM0002</td></tr><tr><th style="padding:3px 5px;text-align:left;background:#f3f4f6;border-bottom:1px solid #d1d5db;width:30%;font-size:11px;font-weight:600;color:#1f2937;">Tipo de Serviço</th><td style="padding:3px 5px;border-bottom:1px solid #e5e7eb;font-size:11px;color:#111827;">Varrição Mecanizada</td></tr><tr><th style="padding:3px 5px;text-align:left;background:#f3f4f6;border-bottom:1px solid #d1d5db;width:30%;font-size:11px;font-weight:600;color:#1f2937;">Nome</th><td style="padding:3px 5px;border-bottom:1px solid #e5e7eb;font-size:11px;color:#111827;">CV30303VM0002 - Seg. 4</td></tr><tr><th style="padding:3px 5px;text-align:left;background:#f3f4f6;border-bottom:1px solid #d1d5db;width:30%;font-size:11px;font-weight:600;color:#1f2937;">Logradouro</th><td style="padding:3px 5px;border-bottom:1px solid #e5e7eb;font-size:11px;color:#111827;">Av Eng Caetano Alvares</td></tr><tr><th style="padding:3px 5px;text-align:left;background:#f3f4f6;border-bottom:1px solid #d1d5db;width:30%;font-size:11px;font-weight:600;color:#1f2937;">Subprefeitura</th><td style="padding:3px 5px;border-bottom:1px solid #e5e7eb;font-size:11px;color:#111827;">Casa Verde / Cachoeirinha</td></tr><tr><th style="padding:3px 5px;text-align:left;background:#f3f4f6;border-bottom:1px solid #d1d5db;width:30%;font-size:11px;font-weight:600;color:#1f2937;">Turno</th><td style="padding:3px 5px;border-bottom:1px solid #e5e7eb;font-size:11px;color:#111827;">Noturno</td></tr><tr><th style="padding:3px 5px;text-align:left;background:#f3f4f6;border-bottom:1px solid #d1d5db;width:30%;font-size:11px;font-weight:600;color:#1f2937;">Frequência</th><td style="padding:3px 5px;border-bottom:1px solid #e5e7eb;font-size:11px;color:#111827;">Terça e Sexta</td></tr><tr><th style="padding:3px 5px;text-align:left;background:#f3f4f6;border-bottom:1px solid #d1d5db;width:30%;font-size:11px;font-weight:600;color:#1f2937;">Cronograma</th><td style="padding:3px 5px;border-bottom:1px solid #e5e7eb;font-size:11px;color:#111827;">—</td></tr></table>]]></description><LineString><coordinates>-46.6706700,-23.5137500,0 -46.6707400,-23.5130600,0 -46.6705200,-23.5098400,0 -46.6704600,-23.5087200,0 -46.6703600,-23.5074700,0 -46.6703100,-23.5072800,0 -46.6702400,-23.5071100,0 -46.6701200,-23.5069100,0 -46.6699500,-23.5067300,0 -46.6694400,-23.5063200,0 -46.6689100,-23.5059300,0 -46.6685500,-23.5055600,0 -46.6679500,-23.5044700,0 -46.6675200,-23.5037800,0 -46.6657400,-23.5017300,0 -46.6644300,-23.5001200,0 -46.6642000,-23.4997500,0 -46.6636800,-23.4985400,0 -46.6628200,-23.4973700,0 -46.6619300,-23.4962000,0 -46.6617700,-23.4960200,0 -46.6613000,-23.4956000,0 -46.6608500,-23.4953000,0 -46.6602900,-23.4949700,0 -46.6598500,-23.4946100,0 -46.6591800,-23.4939800,0 -46.6584900,-23.4931200,0 -46.6580600,-23.4926500,0 -46.6576500,-23.4924400,0 -46.6564000,-23.4918900,0 -46.6562500,-23.4918000,0 -46.6558800,-23.4915200,0 -46.6557000,-23.4913100,0 -46.6555500,-23.4910700,0 -46.6550500,-23.4899500,0 -46.6547000,-23.4893200,0 -46.6541800,-23.4889800,0 -46.6535200,-23.4889200,0 -46.6521700,-23.4888900,0 -46.6519200,-23.4888700,0 -46.6477300,-23.4881800,0 -46.6473600,-23.4879800,0 -46.6465600,-23.4874000,0 -46.6462100,-23.4872200,0 -46.6458200,-23.4870800,0 -46.6453400,-23.4869800,0 -46.6445400,-23.4869200,0 -46.6412900,-23.4867900,0 -46.6408700,-23.4867600,0 -46.6404500,-23.4867000,0 -46.6398500,-23.4864900,0 -46.6384300,-23.4857700,0 -46.6377500,-23.4852800,0 -46.6372700,-23.4846500,0 -46.6367400,-23.4840100,0 -46.6362700,-23.4836500,0 -46.6357400,-23.4833800,0 -46.6349300,-23.4831600,0 -46.6340900,-23.4831000,0 -46.6332500,-23.4831200,0 -46.6330100,-23.4831100,0 -46.6322900,-23.4830400,0 -46.6312500,-23.4828200,0 -46.6308300,-23.4826800,0 -46.6304200,-23.4824700,0 -46.6287500,-23.4807500,0 -46.6283200,-23.4796200,0 -46.6281100,-23.4792800,0 -46.6278100,-23.4789200,0 -46.6273100,-23.4782100,0 -46.6267000,-23.4755800,0 -46.6261000,-23.4726400,0 -46.6261300,-23.4725900,0</coordinates></LineString></Placemark>
<Style id="s-VM-17">
<LineStyle><color>ff2fffad</color><width>3.0</width></LineStyle>
<PolyStyle><color>ff2fffad</color></PolyStyle>
<IconStyle><color>ff2fffad</color><scale>0.55</scale>
<Icon><href>http://maps.google.com/mapfiles/kml/shapes/placemark_circle.png</href></Icon>
</IconStyle>
<LabelStyle><scale>0.65</scale></LabelStyle>
</Style><Placemark><name>CV30303VM0002 - Seg. 5</name><styleUrl>#s-VM-17</styleUrl><description><![CDATA[<table style="border-collapse:collapse;width:100%;font-family:'Helvetica Neue',Helvetica,Arial,sans-serif;font-size:11px;border:1px solid #e5e7eb;border-radius:8px;overflow:hidden;"><tr><th colspan="2" style="padding:5px 8px;background:#1f6feb;color:#fff;text-align:left;font-size:12px;font-weight:600;">CV30303VM0002 - Seg. 5</th></tr><tr><th style="padding:3px 5px;text-align:left;background:#f3f4f6;border-bottom:1px solid #d1d5db;width:30%;font-size:11px;font-weight:600;color:#1f2937;">Serviço</th><td style="padding:3px 5px;border-bottom:1px solid #e5e7eb;font-size:11px;color:#111827;">Varrição Mecanizada (VM)</td></tr><tr><th style="padding:3px 5px;text-align:left;background:#f3f4f6;border-bottom:1px solid #d1d5db;width:30%;font-size:11px;font-weight:600;color:#1f2937;">Setor</th><td style="padding:3px 5px;border-bottom:1px solid #e5e7eb;font-size:11px;color:#111827;">CV30303VM0002</td></tr><tr><th style="padding:3px 5px;text-align:left;background:#f3f4f6;border-bottom:1px solid #d1d5db;width:30%;font-size:11px;font-weight:600;color:#1f2937;">Tipo de Serviço</th><td style="padding:3px 5px;border-bottom:1px solid #e5e7eb;font-size:11px;color:#111827;">Varrição Mecanizada</td></tr><tr><th style="padding:3px 5px;text-align:left;background:#f3f4f6;border-bottom:1px solid #d1d5db;width:30%;font-size:11px;font-weight:600;color:#1f2937;">Nome</th><td style="padding:3px 5px;border-bottom:1px solid #e5e7eb;font-size:11px;color:#111827;">CV30303VM0002 - Seg. 5</td></tr><tr><th style="padding:3px 5px;text-align:left;background:#f3f4f6;border-bottom:1px solid #d1d5db;width:30%;font-size:11px;font-weight:600;color:#1f2937;">Logradouro</th><td style="padding:3px 5px;border-bottom:1px solid #e5e7eb;font-size:11px;color:#111827;">Av Inajar de Souza</td></tr><tr><th style="padding:3px 5px;text-align:left;background:#f3f4f6;border-bottom:1px solid #d1d5db;width:30%;font-size:11px;font-weight:600;color:#1f2937;">Subprefeitura</th><td style="padding:3px 5px;border-bottom:1px solid #e5e7eb;font-size:11px;color:#111827;">Casa Verde / Cachoeirinha</td></tr><tr><th style="padding:3px 5px;text-align:left;background:#f3f4f6;border-bottom:1px solid #d1d5db;width:30%;font-size:11px;font-weight:600;color:#1f2937;">Turno</th><td style="padding:3px 5px;border-bottom:1px solid #e5e7eb;font-size:11px;color:#111827;">Noturno</td></tr><tr><th style="padding:3px 5px;text-align:left;background:#f3f4f6;border-bottom:1px solid #d1d5db;width:30%;font-size:11px;font-weight:600;color:#1f2937;">Frequência</th><td style="padding:3px 5px;border-bottom:1px solid #e5e7eb;font-size:11px;color:#111827;">Terça e Sexta</td></tr><tr><th style="padding:3px 5px;text-align:left;background:#f3f4f6;border-bottom:1px solid #d1d5db;width:30%;font-size:11px;font-weight:600;color:#1f2937;">Cronograma</th><td style="padding:3px 5px;border-bottom:1px solid #e5e7eb;font-size:11px;color:#111827;">—</td></tr></table>]]></description><LineString><coordinates>-46.6888000,-23.5049600,0 -46.6886100,-23.5044000,0 -46.6883600,-23.5038700,0 -46.6877400,-23.5026200,0 -46.6869500,-23.5010900,0 -46.6865100,-23.5001400,0 -46.6860400,-23.4993500,0 -46.6855400,-23.4986500,0 -46.6850700,-23.4979500,0 -46.6847300,-23.4971600,0 -46.6846400,-23.4964700,0 -46.6847300,-23.4957900,0 -46.6854100,-23.4925800,0 -46.6854700,-23.4922600,0 -46.6855200,-23.4917500,0 -46.6855000,-23.4913600,0 -46.6854400,-23.4909800,0 -46.6852300,-23.4903300,0 -46.6849900,-23.4897900,0 -46.6845400,-23.4891500,0 -46.6841800,-23.4887200,0 -46.6818100,-23.4862200,0 -46.6808400,-23.4852500,0 -46.6804500,-23.4848100,0 -46.6803200,-23.4846300,0 -46.6798300,-23.4841500,0 -46.6793800,-23.4836500,0 -46.6791100,-23.4834200,0 -46.6788200,-23.4832000,0 -46.6777700,-23.4826700,0 -46.6775100,-23.4825200,0 -46.6766300,-23.4821200,0 -46.6751500,-23.4813900,0 -46.6745500,-23.4811300,0 -46.6738600,-23.4806400,0 -46.6735200,-23.4798900,0 -46.6733000,-23.4788800,0 -46.6728700,-23.4774300,0 -46.6726000,-23.4766700,0 -46.6724500,-23.4764000,0 -46.6723100,-23.4762100,0 -46.6718600,-23.4758400,0 -46.6713000,-23.4756000,0 -46.6706600,-23.4752500,0 -46.6704600,-23.4750900,0 -46.6702200,-23.4746900,0 -46.6701600,-23.4742300,0 -46.6701700,-23.4739000,0 -46.6703800,-23.4723000,0 -46.6705600,-23.4706600,0 -46.6705300,-23.4698300,0 -46.6702700,-23.4684500,0 -46.6702500,-23.4682200,0 -46.6702400,-23.4679800,0 -46.6703100,-23.4673000,0 -46.6704800,-23.4666500,0 -46.6708500,-23.4659500,0 -46.6723100,-23.4639800,0 -46.6724000,-23.4637800,0 -46.6726200,-23.4631800,0 -46.6730300,-23.4608400,0 -46.6733500,-23.4600300,0 -46.6733200,-23.4598900,0 -46.6732300,-23.4597800,0</coordinates></LineString></Placemark>
<Style id="s-VM-18">
<LineStyle><color>ff2fffad</color><width>3.0</width></LineStyle>
<PolyStyle><color>ff2fffad</color></PolyStyle>
<IconStyle><color>ff2fffad</color><scale>0.55</scale>
<Icon><href>http://maps.google.com/mapfiles/kml/shapes/placemark_circle.png</href></Icon>
</IconStyle>
<LabelStyle><scale>0.65</scale></LabelStyle>
</Style><Placemark><name>CV30303VM0002 - Seg. 6</name><styleUrl>#s-VM-18</styleUrl><description><![CDATA[<table style="border-collapse:collapse;width:100%;font-family:'Helvetica Neue',Helvetica,Arial,sans-serif;font-size:11px;border:1px solid #e5e7eb;border-radius:8px;overflow:hidden;"><tr><th colspan="2" style="padding:5px 8px;background:#1f6feb;color:#fff;text-align:left;font-size:12px;font-weight:600;">CV30303VM0002 - Seg. 6</th></tr><tr><th style="padding:3px 5px;text-align:left;background:#f3f4f6;border-bottom:1px solid #d1d5db;width:30%;font-size:11px;font-weight:600;color:#1f2937;">Serviço</th><td style="padding:3px 5px;border-bottom:1px solid #e5e7eb;font-size:11px;color:#111827;">Varrição Mecanizada (VM)</td></tr><tr><th style="padding:3px 5px;text-align:left;background:#f3f4f6;border-bottom:1px solid #d1d5db;width:30%;font-size:11px;font-weight:600;color:#1f2937;">Setor</th><td style="padding:3px 5px;border-bottom:1px solid #e5e7eb;font-size:11px;color:#111827;">CV30303VM0002</td></tr><tr><th style="padding:3px 5px;text-align:left;background:#f3f4f6;border-bottom:1px solid #d1d5db;width:30%;font-size:11px;font-weight:600;color:#1f2937;">Tipo de Serviço</th><td style="padding:3px 5px;border-bottom:1px solid #e5e7eb;font-size:11px;color:#111827;">Varrição Mecanizada</td></tr><tr><th style="padding:3px 5px;text-align:left;background:#f3f4f6;border-bottom:1px solid #d1d5db;width:30%;font-size:11px;font-weight:600;color:#1f2937;">Nome</th><td style="padding:3px 5px;border-bottom:1px solid #e5e7eb;font-size:11px;color:#111827;">CV30303VM0002 - Seg. 6</td></tr><tr><th style="padding:3px 5px;text-align:left;background:#f3f4f6;border-bottom:1px solid #d1d5db;width:30%;font-size:11px;font-weight:600;color:#1f2937;">Logradouro</th><td style="padding:3px 5px;border-bottom:1px solid #e5e7eb;font-size:11px;color:#111827;">Av Inajar de Souza</td></tr><tr><th style="padding:3px 5px;text-align:left;background:#f3f4f6;border-bottom:1px solid #d1d5db;width:30%;font-size:11px;font-weight:600;color:#1f2937;">Subprefeitura</th><td style="padding:3px 5px;border-bottom:1px solid #e5e7eb;font-size:11px;color:#111827;">Casa Verde / Cachoeirinha</td></tr><tr><th style="padding:3px 5px;text-align:left;background:#f3f4f6;border-bottom:1px solid #d1d5db;width:30%;font-size:11px;font-weight:600;color:#1f2937;">Turno</th><td style="padding:3px 5px;border-bottom:1px solid #e5e7eb;font-size:11px;color:#111827;">Noturno</td></tr><tr><th style="padding:3px 5px;text-align:left;background:#f3f4f6;border-bottom:1px solid #d1d5db;width:30%;font-size:11px;font-weight:600;color:#1f2937;">Frequência</th><td style="padding:3px 5px;border-bottom:1px solid #e5e7eb;font-size:11px;color:#111827;">Terça e Sexta</td></tr><tr><th style="padding:3px 5px;text-align:left;background:#f3f4f6;border-bottom:1px solid #d1d5db;width:30%;font-size:11px;font-weight:600;color:#1f2937;">Cronograma</th><td style="padding:3px 5px;border-bottom:1px solid #e5e7eb;font-size:11px;color:#111827;">—</td></tr></table>]]></description><LineString><coordinates>-46.6885800,-23.5049800,0 -46.6882900,-23.5044100,0 -46.6879700,-23.5038500,0 -46.6859700,-23.4998400,0 -46.6847900,-23.4981300,0 -46.6845600,-23.4976600,0 -46.6844000,-23.4971700,0 -46.6843200,-23.4965200,0 -46.6843800,-23.4958300,0 -46.6850400,-23.4927400,0 -46.6851400,-23.4922100,0 -46.6851900,-23.4917400,0 -46.6851700,-23.4913500,0 -46.6850200,-23.4907200,0 -46.6849300,-23.4904600,0 -46.6847900,-23.4901400,0 -46.6846200,-23.4898300,0 -46.6841800,-23.4892000,0 -46.6805600,-23.4853700,0 -46.6796200,-23.4843600,0 -46.6795100,-23.4842200,0 -46.6788100,-23.4835600,0 -46.6782100,-23.4832000,0 -46.6776000,-23.4829000,0 -46.6752900,-23.4818300,0 -46.6744500,-23.4814100,0 -46.6741000,-23.4812000,0 -46.6738400,-23.4809700,0 -46.6736200,-23.4806900,0 -46.6734300,-23.4802400,0 -46.6733400,-23.4797600,0 -46.6731800,-23.4791200,0 -46.6725800,-23.4771300,0 -46.6723900,-23.4766500,0 -46.6715400,-23.4758400,0 -46.6720300,-23.4761900,0 -46.6723900,-23.4766500,0 -46.6715400,-23.4758400,0 -46.6712200,-23.4756600,0 -46.6707800,-23.4754500,0 -46.6703900,-23.4751500,0 -46.6701200,-23.4746700,0 -46.6700100,-23.4741300,0 -46.6700100,-23.4739200,0 -46.6700500,-23.4733900,0 -46.6703300,-23.4711800,0 -46.6703800,-23.4705400,0 -46.6703800,-23.4702000,0 -46.6703500,-23.4698400,0 -46.6702400,-23.4693300,0 -46.6700900,-23.4684500,0 -46.6700700,-23.4679500,0 -46.6701100,-23.4673200,0 -46.6702700,-23.4667100,0 -46.6706200,-23.4659900,0 -46.6710900,-23.4653300,0 -46.6715800,-23.4646900,0 -46.6720300,-23.4640300,0 -46.6724100,-23.4633200,0 -46.6728100,-23.4606700,0 -46.6729400,-23.4599700,0 -46.6729900,-23.4598200,0 -46.6738000,-23.4596900,0 -46.6747100,-23.4586000,0 -46.6751100,-23.4580900,0 -46.6751200,-23.4572500,0 -46.6751800,-23.4564300,0 -46.6751400,-23.4556000,0 -46.6742400,-23.4532200,0 -46.6742600,-23.4524000,0 -46.6747200,-23.4516900,0 -46.6752300,-23.4509900,0 -46.6754300,-23.4508300,0 -46.6755000,-23.4508000,0</coordinates></LineString></Placemark>
<Style id="s-VM-19">
<LineStyle><color>ff2fffad</color><width>3.0</width></LineStyle>
<PolyStyle><color>ff2fffad</color></PolyStyle>
<IconStyle><color>ff2fffad</color><scale>0.55</scale>
<Icon><href>http://maps.google.com/mapfiles/kml/shapes/placemark_circle.png</href></Icon>
</IconStyle>
<LabelStyle><scale>0.65</scale></LabelStyle>
</Style><Placemark><name>CV30303VM0002 - Seg. 7</name><styleUrl>#s-VM-19</styleUrl><description><![CDATA[<table style="border-collapse:collapse;width:100%;font-family:'Helvetica Neue',Helvetica,Arial,sans-serif;font-size:11px;border:1px solid #e5e7eb;border-radius:8px;overflow:hidden;"><tr><th colspan="2" style="padding:5px 8px;background:#1f6feb;color:#fff;text-align:left;font-size:12px;font-weight:600;">CV30303VM0002 - Seg. 7</th></tr><tr><th style="padding:3px 5px;text-align:left;background:#f3f4f6;border-bottom:1px solid #d1d5db;width:30%;font-size:11px;font-weight:600;color:#1f2937;">Serviço</th><td style="padding:3px 5px;border-bottom:1px solid #e5e7eb;font-size:11px;color:#111827;">Varrição Mecanizada (VM)</td></tr><tr><th style="padding:3px 5px;text-align:left;background:#f3f4f6;border-bottom:1px solid #d1d5db;width:30%;font-size:11px;font-weight:600;color:#1f2937;">Setor</th><td style="padding:3px 5px;border-bottom:1px solid #e5e7eb;font-size:11px;color:#111827;">CV30303VM0002</td></tr><tr><th style="padding:3px 5px;text-align:left;background:#f3f4f6;border-bottom:1px solid #d1d5db;width:30%;font-size:11px;font-weight:600;color:#1f2937;">Tipo de Serviço</th><td style="padding:3px 5px;border-bottom:1px solid #e5e7eb;font-size:11px;color:#111827;">Varrição Mecanizada</td></tr><tr><th style="padding:3px 5px;text-align:left;background:#f3f4f6;border-bottom:1px solid #d1d5db;width:30%;font-size:11px;font-weight:600;color:#1f2937;">Nome</th><td style="padding:3px 5px;border-bottom:1px solid #e5e7eb;font-size:11px;color:#111827;">CV30303VM0002 - Seg. 7</td></tr><tr><th style="padding:3px 5px;text-align:left;background:#f3f4f6;border-bottom:1px solid #d1d5db;width:30%;font-size:11px;font-weight:600;color:#1f2937;">Logradouro</th><td style="padding:3px 5px;border-bottom:1px solid #e5e7eb;font-size:11px;color:#111827;">Av Inajar de Souza</td></tr><tr><th style="padding:3px 5px;text-align:left;background:#f3f4f6;border-bottom:1px solid #d1d5db;width:30%;font-size:11px;font-weight:600;color:#1f2937;">Subprefeitura</th><td style="padding:3px 5px;border-bottom:1px solid #e5e7eb;font-size:11px;color:#111827;">Casa Verde / Cachoeirinha</td></tr><tr><th style="padding:3px 5px;text-align:left;background:#f3f4f6;border-bottom:1px solid #d1d5db;width:30%;font-size:11px;font-weight:600;color:#1f2937;">Turno</th><td style="padding:3px 5px;border-bottom:1px solid #e5e7eb;font-size:11px;color:#111827;">Noturno</td></tr><tr><th style="padding:3px 5px;text-align:left;background:#f3f4f6;border-bottom:1px solid #d1d5db;width:30%;font-size:11px;font-weight:600;color:#1f2937;">Frequência</th><td style="padding:3px 5px;border-bottom:1px solid #e5e7eb;font-size:11px;color:#111827;">Terça e Sexta</td></tr><tr><th style="padding:3px 5px;text-align:left;background:#f3f4f6;border-bottom:1px solid #d1d5db;width:30%;font-size:11px;font-weight:600;color:#1f2937;">Cronograma</th><td style="padding:3px 5px;border-bottom:1px solid #e5e7eb;font-size:11px;color:#111827;">—</td></tr></table>]]></description><LineString><coordinates>-46.6733700,-23.4597600,0 -46.6740400,-23.4591100,0 -46.6746500,-23.4584100,0 -46.6750000,-23.4576000,0 -46.6749200,-23.4567200,0 -46.6750300,-23.4558400,0 -46.6741100,-23.4533800,0 -46.6739300,-23.4526300,0 -46.6743300,-23.4519500,0 -46.6749700,-23.4509800,0 -46.6751700,-23.4506000,0</coordinates></LineString></Placemark>
<Style id="s-VM-20">
<LineStyle><color>ff2fffad</color><width>3.0</width></LineStyle>
<PolyStyle><color>ff2fffad</color></PolyStyle>
<IconStyle><color>ff2fffad</color><scale>0.55</scale>
<Icon><href>http://maps.google.com/mapfiles/kml/shapes/placemark_circle.png</href></Icon>
</IconStyle>
<LabelStyle><scale>0.65</scale></LabelStyle>
</Style><Placemark><name>CV30303VM0002 - Seg. 8</name><styleUrl>#s-VM-20</styleUrl><description><![CDATA[<table style="border-collapse:collapse;width:100%;font-family:'Helvetica Neue',Helvetica,Arial,sans-serif;font-size:11px;border:1px solid #e5e7eb;border-radius:8px;overflow:hidden;"><tr><th colspan="2" style="padding:5px 8px;background:#1f6feb;color:#fff;text-align:left;font-size:12px;font-weight:600;">CV30303VM0002 - Seg. 8</th></tr><tr><th style="padding:3px 5px;text-align:left;background:#f3f4f6;border-bottom:1px solid #d1d5db;width:30%;font-size:11px;font-weight:600;color:#1f2937;">Serviço</th><td style="padding:3px 5px;border-bottom:1px solid #e5e7eb;font-size:11px;color:#111827;">Varrição Mecanizada (VM)</td></tr><tr><th style="padding:3px 5px;text-align:left;background:#f3f4f6;border-bottom:1px solid #d1d5db;width:30%;font-size:11px;font-weight:600;color:#1f2937;">Setor</th><td style="padding:3px 5px;border-bottom:1px solid #e5e7eb;font-size:11px;color:#111827;">CV30303VM0002</td></tr><tr><th style="padding:3px 5px;text-align:left;background:#f3f4f6;border-bottom:1px solid #d1d5db;width:30%;font-size:11px;font-weight:600;color:#1f2937;">Tipo de Serviço</th><td style="padding:3px 5px;border-bottom:1px solid #e5e7eb;font-size:11px;color:#111827;">Varrição Mecanizada</td></tr><tr><th style="padding:3px 5px;text-align:left;background:#f3f4f6;border-bottom:1px solid #d1d5db;width:30%;font-size:11px;font-weight:600;color:#1f2937;">Nome</th><td style="padding:3px 5px;border-bottom:1px solid #e5e7eb;font-size:11px;color:#111827;">CV30303VM0002 - Seg. 8</td></tr><tr><th style="padding:3px 5px;text-align:left;background:#f3f4f6;border-bottom:1px solid #d1d5db;width:30%;font-size:11px;font-weight:600;color:#1f2937;">Logradouro</th><td style="padding:3px 5px;border-bottom:1px solid #e5e7eb;font-size:11px;color:#111827;">Av Jeronimo de Andrade</td></tr><tr><th style="padding:3px 5px;text-align:left;background:#f3f4f6;border-bottom:1px solid #d1d5db;width:30%;font-size:11px;font-weight:600;color:#1f2937;">Subprefeitura</th><td style="padding:3px 5px;border-bottom:1px solid #e5e7eb;font-size:11px;color:#111827;">Casa Verde / Cachoeirinha</td></tr><tr><th style="padding:3px 5px;text-align:left;background:#f3f4f6;border-bottom:1px solid #d1d5db;width:30%;font-size:11px;font-weight:600;color:#1f2937;">Turno</th><td style="padding:3px 5px;border-bottom:1px solid #e5e7eb;font-size:11px;color:#111827;">Noturno</td></tr><tr><th style="padding:3px 5px;text-align:left;background:#f3f4f6;border-bottom:1px solid #d1d5db;width:30%;font-size:11px;font-weight:600;color:#1f2937;">Frequência</th><td style="padding:3px 5px;border-bottom:1px solid #e5e7eb;font-size:11px;color:#111827;">Terça e Sexta</td></tr><tr><th style="padding:3px 5px;text-align:left;background:#f3f4f6;border-bottom:1px solid #d1d5db;width:30%;font-size:11px;font-weight:600;color:#1f2937;">Cronograma</th><td style="padding:3px 5px;border-bottom:1px solid #e5e7eb;font-size:11px;color:#111827;">—</td></tr></table>]]></description><LineString><coordinates>-46.6678400,-23.4684300,0 -46.6681500,-23.4685400,0 -46.6684200,-23.4685800,0 -46.6687700,-23.4685200,0 -46.6700800,-23.4681100,0 -46.6680200,-23.4683200,0 -46.6682600,-23.4684200,0 -46.6686200,-23.4684200,0 -46.6700700,-23.4679500,0</coordinates></LineString></Placemark>
<Style id="s-VM-21">
<LineStyle><color>ff2fffad</color><width>3.0</width></LineStyle>
<PolyStyle><color>ff2fffad</color></PolyStyle>
<IconStyle><color>ff2fffad</color><scale>0.55</scale>
<Icon><href>http://maps.google.com/mapfiles/kml/shapes/placemark_circle.png</href></Icon>
</IconStyle>
<LabelStyle><scale>0.65</scale></LabelStyle>
</Style><Placemark><name>CV30303VM0002 - Seg. 9</name><styleUrl>#s-VM-21</styleUrl><description><![CDATA[<table style="border-collapse:collapse;width:100%;font-family:'Helvetica Neue',Helvetica,Arial,sans-serif;font-size:11px;border:1px solid #e5e7eb;border-radius:8px;overflow:hidden;"><tr><th colspan="2" style="padding:5px 8px;background:#1f6feb;color:#fff;text-align:left;font-size:12px;font-weight:600;">CV30303VM0002 - Seg. 9</th></tr><tr><th style="padding:3px 5px;text-align:left;background:#f3f4f6;border-bottom:1px solid #d1d5db;width:30%;font-size:11px;font-weight:600;color:#1f2937;">Serviço</th><td style="padding:3px 5px;border-bottom:1px solid #e5e7eb;font-size:11px;color:#111827;">Varrição Mecanizada (VM)</td></tr><tr><th style="padding:3px 5px;text-align:left;background:#f3f4f6;border-bottom:1px solid #d1d5db;width:30%;font-size:11px;font-weight:600;color:#1f2937;">Setor</th><td style="padding:3px 5px;border-bottom:1px solid #e5e7eb;font-size:11px;color:#111827;">CV30303VM0002</td></tr><tr><th style="padding:3px 5px;text-align:left;background:#f3f4f6;border-bottom:1px solid #d1d5db;width:30%;font-size:11px;font-weight:600;color:#1f2937;">Tipo de Serviço</th><td style="padding:3px 5px;border-bottom:1px solid #e5e7eb;font-size:11px;color:#111827;">Varrição Mecanizada</td></tr><tr><th style="padding:3px 5px;text-align:left;background:#f3f4f6;border-bottom:1px solid #d1d5db;width:30%;font-size:11px;font-weight:600;color:#1f2937;">Nome</th><td style="padding:3px 5px;border-bottom:1px solid #e5e7eb;font-size:11px;color:#111827;">CV30303VM0002 - Seg. 9</td></tr><tr><th style="padding:3px 5px;text-align:left;background:#f3f4f6;border-bottom:1px solid #d1d5db;width:30%;font-size:11px;font-weight:600;color:#1f2937;">Logradouro</th><td style="padding:3px 5px;border-bottom:1px solid #e5e7eb;font-size:11px;color:#111827;">Pte Freguesia do O</td></tr><tr><th style="padding:3px 5px;text-align:left;background:#f3f4f6;border-bottom:1px solid #d1d5db;width:30%;font-size:11px;font-weight:600;color:#1f2937;">Subprefeitura</th><td style="padding:3px 5px;border-bottom:1px solid #e5e7eb;font-size:11px;color:#111827;">Casa Verde / Cachoeirinha</td></tr><tr><th style="padding:3px 5px;text-align:left;background:#f3f4f6;border-bottom:1px solid #d1d5db;width:30%;font-size:11px;font-weight:600;color:#1f2937;">Turno</th><td style="padding:3px 5px;border-bottom:1px solid #e5e7eb;font-size:11px;color:#111827;">Noturno</td></tr><tr><th style="padding:3px 5px;text-align:left;background:#f3f4f6;border-bottom:1px solid #d1d5db;width:30%;font-size:11px;font-weight:600;color:#1f2937;">Frequência</th><td style="padding:3px 5px;border-bottom:1px solid #e5e7eb;font-size:11px;color:#111827;">Terça e Sexta</td></tr><tr><th style="padding:3px 5px;text-align:left;background:#f3f4f6;border-bottom:1px solid #d1d5db;width:30%;font-size:11px;font-weight:600;color:#1f2937;">Cronograma</th><td style="padding:3px 5px;border-bottom:1px solid #e5e7eb;font-size:11px;color:#111827;">—</td></tr></table>]]></description><LineString><coordinates>-46.6897300,-23.5090600,0 -46.6894200,-23.5076900,0 -46.6895800,-23.5088900,0 -46.6892900,-23.5076300,0 -46.6896300,-23.5090800,0 -46.6895800,-23.5088900,0</coordinates></LineString></Placemark>
<Style id="s-VM-22">
<LineStyle><color>ff2fffad</color><width>3.0</width></LineStyle>
<PolyStyle><color>ff2fffad</color></PolyStyle>
<IconStyle><color>ff2fffad</color><scale>0.55</scale>
<Icon><href>http://maps.google.com/mapfiles/kml/shapes/placemark_circle.png</href></Icon>
</IconStyle>
<LabelStyle><scale>0.65</scale></LabelStyle>
</Style><Placemark><name>CV30303VM0002 - Seg. 10</name><styleUrl>#s-VM-22</styleUrl><description><![CDATA[<table style="border-collapse:collapse;width:100%;font-family:'Helvetica Neue',Helvetica,Arial,sans-serif;font-size:11px;border:1px solid #e5e7eb;border-radius:8px;overflow:hidden;"><tr><th colspan="2" style="padding:5px 8px;background:#1f6feb;color:#fff;text-align:left;font-size:12px;font-weight:600;">CV30303VM0002 - Seg. 10</th></tr><tr><th style="padding:3px 5px;text-align:left;background:#f3f4f6;border-bottom:1px solid #d1d5db;width:30%;font-size:11px;font-weight:600;color:#1f2937;">Serviço</th><td style="padding:3px 5px;border-bottom:1px solid #e5e7eb;font-size:11px;color:#111827;">Varrição Mecanizada (VM)</td></tr><tr><th style="padding:3px 5px;text-align:left;background:#f3f4f6;border-bottom:1px solid #d1d5db;width:30%;font-size:11px;font-weight:600;color:#1f2937;">Setor</th><td style="padding:3px 5px;border-bottom:1px solid #e5e7eb;font-size:11px;color:#111827;">CV30303VM0002</td></tr><tr><th style="padding:3px 5px;text-align:left;background:#f3f4f6;border-bottom:1px solid #d1d5db;width:30%;font-size:11px;font-weight:600;color:#1f2937;">Tipo de Serviço</th><td style="padding:3px 5px;border-bottom:1px solid #e5e7eb;font-size:11px;color:#111827;">Varrição Mecanizada</td></tr><tr><th style="padding:3px 5px;text-align:left;background:#f3f4f6;border-bottom:1px solid #d1d5db;width:30%;font-size:11px;font-weight:600;color:#1f2937;">Nome</th><td style="padding:3px 5px;border-bottom:1px solid #e5e7eb;font-size:11px;color:#111827;">CV30303VM0002 - Seg. 10</td></tr><tr><th style="padding:3px 5px;text-align:left;background:#f3f4f6;border-bottom:1px solid #d1d5db;width:30%;font-size:11px;font-weight:600;color:#1f2937;">Logradouro</th><td style="padding:3px 5px;border-bottom:1px solid #e5e7eb;font-size:11px;color:#111827;">R Afonso Lopes Vieira</td></tr><tr><th style="padding:3px 5px;text-align:left;background:#f3f4f6;border-bottom:1px solid #d1d5db;width:30%;font-size:11px;font-weight:600;color:#1f2937;">Subprefeitura</th><td style="padding:3px 5px;border-bottom:1px solid #e5e7eb;font-size:11px;color:#111827;">Casa Verde / Cachoeirinha</td></tr><tr><th style="padding:3px 5px;text-align:left;background:#f3f4f6;border-bottom:1px solid #d1d5db;width:30%;font-size:11px;font-weight:600;color:#1f2937;">Turno</th><td style="padding:3px 5px;border-bottom:1px solid #e5e7eb;font-size:11px;color:#111827;">Noturno</td></tr><tr><th style="padding:3px 5px;text-align:left;background:#f3f4f6;border-bottom:1px solid #d1d5db;width:30%;font-size:11px;font-weight:600;color:#1f2937;">Frequência</th><td style="padding:3px 5px;border-bottom:1px solid #e5e7eb;font-size:11px;color:#111827;">Terça e Sexta</td></tr><tr><th style="padding:3px 5px;text-align:left;background:#f3f4f6;border-bottom:1px solid #d1d5db;width:30%;font-size:11px;font-weight:600;color:#1f2937;">Cronograma</th><td style="padding:3px 5px;border-bottom:1px solid #e5e7eb;font-size:11px;color:#111827;">—</td></tr></table>]]></description><LineString><coordinates>-46.6680200,-23.4683200,0 -46.6678000,-23.4681500,0 -46.6676000,-23.4679500,0 -46.6675500,-23.4678600,0 -46.6672500,-23.4671000,0 -46.6670200,-23.4663300,0 -46.6667300,-23.4655800,0 -46.6664300,-23.4653300,0 -46.6654500,-23.4649900,0 -46.6648900,-23.4647000,0 -46.6642900,-23.4633300,0 -46.6634800,-23.4628600,0 -46.6631100,-23.4628400,0 -46.6624000,-23.4627400,0 -46.6611200,-23.4620700,0 -46.6603900,-23.4621900,0 -46.6584500,-23.4632900,0 -46.6578700,-23.4636700,0 -46.6566200,-23.4646600,0</coordinates></LineString></Placemark>
<Style id="s-VM-23">
<LineStyle><color>ff2fffad</color><width>3.0</width></LineStyle>
<PolyStyle><color>ff2fffad</color></PolyStyle>
<IconStyle><color>ff2fffad</color><scale>0.55</scale>
<Icon><href>http://maps.google.com/mapfiles/kml/shapes/placemark_circle.png</href></Icon>
</IconStyle>
<LabelStyle><scale>0.65</scale></LabelStyle>
</Style><Placemark><name>CV30303VM0002 - Seg. 11</name><styleUrl>#s-VM-23</styleUrl><description><![CDATA[<table style="border-collapse:collapse;width:100%;font-family:'Helvetica Neue',Helvetica,Arial,sans-serif;font-size:11px;border:1px solid #e5e7eb;border-radius:8px;overflow:hidden;"><tr><th colspan="2" style="padding:5px 8px;background:#1f6feb;color:#fff;text-align:left;font-size:12px;font-weight:600;">CV30303VM0002 - Seg. 11</th></tr><tr><th style="padding:3px 5px;text-align:left;background:#f3f4f6;border-bottom:1px solid #d1d5db;width:30%;font-size:11px;font-weight:600;color:#1f2937;">Serviço</th><td style="padding:3px 5px;border-bottom:1px solid #e5e7eb;font-size:11px;color:#111827;">Varrição Mecanizada (VM)</td></tr><tr><th style="padding:3px 5px;text-align:left;background:#f3f4f6;border-bottom:1px solid #d1d5db;width:30%;font-size:11px;font-weight:600;color:#1f2937;">Setor</th><td style="padding:3px 5px;border-bottom:1px solid #e5e7eb;font-size:11px;color:#111827;">CV30303VM0002</td></tr><tr><th style="padding:3px 5px;text-align:left;background:#f3f4f6;border-bottom:1px solid #d1d5db;width:30%;font-size:11px;font-weight:600;color:#1f2937;">Tipo de Serviço</th><td style="padding:3px 5px;border-bottom:1px solid #e5e7eb;font-size:11px;color:#111827;">Varrição Mecanizada</td></tr><tr><th style="padding:3px 5px;text-align:left;background:#f3f4f6;border-bottom:1px solid #d1d5db;width:30%;font-size:11px;font-weight:600;color:#1f2937;">Nome</th><td style="padding:3px 5px;border-bottom:1px solid #e5e7eb;font-size:11px;color:#111827;">CV30303VM0002 - Seg. 11</td></tr><tr><th style="padding:3px 5px;text-align:left;background:#f3f4f6;border-bottom:1px solid #d1d5db;width:30%;font-size:11px;font-weight:600;color:#1f2937;">Logradouro</th><td style="padding:3px 5px;border-bottom:1px solid #e5e7eb;font-size:11px;color:#111827;">R Afonso Lopes Vieira</td></tr><tr><th style="padding:3px 5px;text-align:left;background:#f3f4f6;border-bottom:1px solid #d1d5db;width:30%;font-size:11px;font-weight:600;color:#1f2937;">Subprefeitura</th><td style="padding:3px 5px;border-bottom:1px solid #e5e7eb;font-size:11px;color:#111827;">Casa Verde / Cachoeirinha</td></tr><tr><th style="padding:3px 5px;text-align:left;background:#f3f4f6;border-bottom:1px solid #d1d5db;width:30%;font-size:11px;font-weight:600;color:#1f2937;">Turno</th><td style="padding:3px 5px;border-bottom:1px solid #e5e7eb;font-size:11px;color:#111827;">Noturno</td></tr><tr><th style="padding:3px 5px;text-align:left;background:#f3f4f6;border-bottom:1px solid #d1d5db;width:30%;font-size:11px;font-weight:600;color:#1f2937;">Frequência</th><td style="padding:3px 5px;border-bottom:1px solid #e5e7eb;font-size:11px;color:#111827;">Terça e Sexta</td></tr><tr><th style="padding:3px 5px;text-align:left;background:#f3f4f6;border-bottom:1px solid #d1d5db;width:30%;font-size:11px;font-weight:600;color:#1f2937;">Cronograma</th><td style="padding:3px 5px;border-bottom:1px solid #e5e7eb;font-size:11px;color:#111827;">—</td></tr></table>]]></description><LineString><coordinates>-46.6678400,-23.4684300,0 -46.6674700,-23.4680900,0 -46.6673400,-23.4678400,0 -46.6668700,-23.4662700,0 -46.6664900,-23.4655400,0 -46.6649600,-23.4649400,0 -46.6645100,-23.4642800,0 -46.6642200,-23.4635500,0 -46.6635000,-23.4631500,0 -46.6628600,-23.4630900,0 -46.6625300,-23.4630400,0 -46.6617200,-23.4627300,0 -46.6609100,-23.4624600,0 -46.6601300,-23.4628000,0 -46.6586400,-23.4636300,0 -46.6579200,-23.4640800,0 -46.6568700,-23.4649000,0</coordinates></LineString></Placemark>
<Style id="s-VM-24">
<LineStyle><color>ff2fffad</color><width>3.0</width></LineStyle>
<PolyStyle><color>ff2fffad</color></PolyStyle>
<IconStyle><color>ff2fffad</color><scale>0.55</scale>
<Icon><href>http://maps.google.com/mapfiles/kml/shapes/placemark_circle.png</href></Icon>
</IconStyle>
<LabelStyle><scale>0.65</scale></LabelStyle>
</Style><Placemark><name>CV30303VM0002 - Seg. 12</name><styleUrl>#s-VM-24</styleUrl><description><![CDATA[<table style="border-collapse:collapse;width:100%;font-family:'Helvetica Neue',Helvetica,Arial,sans-serif;font-size:11px;border:1px solid #e5e7eb;border-radius:8px;overflow:hidden;"><tr><th colspan="2" style="padding:5px 8px;background:#1f6feb;color:#fff;text-align:left;font-size:12px;font-weight:600;">CV30303VM0002 - Seg. 12</th></tr><tr><th style="padding:3px 5px;text-align:left;background:#f3f4f6;border-bottom:1px solid #d1d5db;width:30%;font-size:11px;font-weight:600;color:#1f2937;">Serviço</th><td style="padding:3px 5px;border-bottom:1px solid #e5e7eb;font-size:11px;color:#111827;">Varrição Mecanizada (VM)</td></tr><tr><th style="padding:3px 5px;text-align:left;background:#f3f4f6;border-bottom:1px solid #d1d5db;width:30%;font-size:11px;font-weight:600;color:#1f2937;">Setor</th><td style="padding:3px 5px;border-bottom:1px solid #e5e7eb;font-size:11px;color:#111827;">CV30303VM0002</td></tr><tr><th style="padding:3px 5px;text-align:left;background:#f3f4f6;border-bottom:1px solid #d1d5db;width:30%;font-size:11px;font-weight:600;color:#1f2937;">Tipo de Serviço</th><td style="padding:3px 5px;border-bottom:1px solid #e5e7eb;font-size:11px;color:#111827;">Varrição Mecanizada</td></tr><tr><th style="padding:3px 5px;text-align:left;background:#f3f4f6;border-bottom:1px solid #d1d5db;width:30%;font-size:11px;font-weight:600;color:#1f2937;">Nome</th><td style="padding:3px 5px;border-bottom:1px solid #e5e7eb;font-size:11px;color:#111827;">CV30303VM0002 - Seg. 12</td></tr><tr><th style="padding:3px 5px;text-align:left;background:#f3f4f6;border-bottom:1px solid #d1d5db;width:30%;font-size:11px;font-weight:600;color:#1f2937;">Logradouro</th><td style="padding:3px 5px;border-bottom:1px solid #e5e7eb;font-size:11px;color:#111827;">R Francisco Arcuri</td></tr><tr><th style="padding:3px 5px;text-align:left;background:#f3f4f6;border-bottom:1px solid #d1d5db;width:30%;font-size:11px;font-weight:600;color:#1f2937;">Subprefeitura</th><td style="padding:3px 5px;border-bottom:1px solid #e5e7eb;font-size:11px;color:#111827;">Casa Verde / Cachoeirinha</td></tr><tr><th style="padding:3px 5px;text-align:left;background:#f3f4f6;border-bottom:1px solid #d1d5db;width:30%;font-size:11px;font-weight:600;color:#1f2937;">Turno</th><td style="padding:3px 5px;border-bottom:1px solid #e5e7eb;font-size:11px;color:#111827;">Noturno</td></tr><tr><th style="padding:3px 5px;text-align:left;background:#f3f4f6;border-bottom:1px solid #d1d5db;width:30%;font-size:11px;font-weight:600;color:#1f2937;">Frequência</th><td style="padding:3px 5px;border-bottom:1px solid #e5e7eb;font-size:11px;color:#111827;">Terça e Sexta</td></tr><tr><th style="padding:3px 5px;text-align:left;background:#f3f4f6;border-bottom:1px solid #d1d5db;width:30%;font-size:11px;font-weight:600;color:#1f2937;">Cronograma</th><td style="padding:3px 5px;border-bottom:1px solid #e5e7eb;font-size:11px;color:#111827;">—</td></tr></table>]]></description><LineString><coordinates>-46.6552200,-23.4644200,0 -46.6555400,-23.4648500,0 -46.6558300,-23.4650300,0 -46.6561700,-23.4651100,0 -46.6565500,-23.4650700,0 -46.6568700,-23.4649000,0 -46.6553400,-23.4643400,0 -46.6555900,-23.4646300,0 -46.6558000,-23.4647800,0 -46.6560100,-23.4648500,0 -46.6562400,-23.4648700,0 -46.6564500,-23.4648000,0 -46.6566200,-23.4646600,0</coordinates></LineString></Placemark>
<Style id="s-VM-25">
<LineStyle><color>ff2fffad</color><width>3.0</width></LineStyle>
<PolyStyle><color>ff2fffad</color></PolyStyle>
<IconStyle><color>ff2fffad</color><scale>0.55</scale>
<Icon><href>http://maps.google.com/mapfiles/kml/shapes/placemark_circle.png</href></Icon>
</IconStyle>
<LabelStyle><scale>0.65</scale></LabelStyle>
</Style><Placemark><name>CV30303VM0002 - Seg. 13</name><styleUrl>#s-VM-25</styleUrl><description><![CDATA[<table style="border-collapse:collapse;width:100%;font-family:'Helvetica Neue',Helvetica,Arial,sans-serif;font-size:11px;border:1px solid #e5e7eb;border-radius:8px;overflow:hidden;"><tr><th colspan="2" style="padding:5px 8px;background:#1f6feb;color:#fff;text-align:left;font-size:12px;font-weight:600;">CV30303VM0002 - Seg. 13</th></tr><tr><th style="padding:3px 5px;text-align:left;background:#f3f4f6;border-bottom:1px solid #d1d5db;width:30%;font-size:11px;font-weight:600;color:#1f2937;">Serviço</th><td style="padding:3px 5px;border-bottom:1px solid #e5e7eb;font-size:11px;color:#111827;">Varrição Mecanizada (VM)</td></tr><tr><th style="padding:3px 5px;text-align:left;background:#f3f4f6;border-bottom:1px solid #d1d5db;width:30%;font-size:11px;font-weight:600;color:#1f2937;">Setor</th><td style="padding:3px 5px;border-bottom:1px solid #e5e7eb;font-size:11px;color:#111827;">CV30303VM0002</td></tr><tr><th style="padding:3px 5px;text-align:left;background:#f3f4f6;border-bottom:1px solid #d1d5db;width:30%;font-size:11px;font-weight:600;color:#1f2937;">Tipo de Serviço</th><td style="padding:3px 5px;border-bottom:1px solid #e5e7eb;font-size:11px;color:#111827;">Varrição Mecanizada</td></tr><tr><th style="padding:3px 5px;text-align:left;background:#f3f4f6;border-bottom:1px solid #d1d5db;width:30%;font-size:11px;font-weight:600;color:#1f2937;">Nome</th><td style="padding:3px 5px;border-bottom:1px solid #e5e7eb;font-size:11px;color:#111827;">CV30303VM0002 - Seg. 13</td></tr><tr><th style="padding:3px 5px;text-align:left;background:#f3f4f6;border-bottom:1px solid #d1d5db;width:30%;font-size:11px;font-weight:600;color:#1f2937;">Logradouro</th><td style="padding:3px 5px;border-bottom:1px solid #e5e7eb;font-size:11px;color:#111827;">R Imo Joao Creff</td></tr><tr><th style="padding:3px 5px;text-align:left;background:#f3f4f6;border-bottom:1px solid #d1d5db;width:30%;font-size:11px;font-weight:600;color:#1f2937;">Subprefeitura</th><td style="padding:3px 5px;border-bottom:1px solid #e5e7eb;font-size:11px;color:#111827;">Casa Verde / Cachoeirinha</td></tr><tr><th style="padding:3px 5px;text-align:left;background:#f3f4f6;border-bottom:1px solid #d1d5db;width:30%;font-size:11px;font-weight:600;color:#1f2937;">Turno</th><td style="padding:3px 5px;border-bottom:1px solid #e5e7eb;font-size:11px;color:#111827;">Noturno</td></tr><tr><th style="padding:3px 5px;text-align:left;background:#f3f4f6;border-bottom:1px solid #d1d5db;width:30%;font-size:11px;font-weight:600;color:#1f2937;">Frequência</th><td style="padding:3px 5px;border-bottom:1px solid #e5e7eb;font-size:11px;color:#111827;">Terça e Sexta</td></tr><tr><th style="padding:3px 5px;text-align:left;background:#f3f4f6;border-bottom:1px solid #d1d5db;width:30%;font-size:11px;font-weight:600;color:#1f2937;">Cronograma</th><td style="padding:3px 5px;border-bottom:1px solid #e5e7eb;font-size:11px;color:#111827;">—</td></tr></table>]]></description><LineString><coordinates>-46.6261300,-23.4725900,0 -46.6261800,-23.4725700,0 -46.6262400,-23.4725800,0</coordinates></LineString></Placemark>
<Style id="s-VM-26">
<LineStyle><color>ff82004b</color><width>3.0</width></LineStyle>
<PolyStyle><color>ff82004b</color></PolyStyle>
<IconStyle><color>ff82004b</color><scale>0.55</scale>
<Icon><href>http://maps.google.com/mapfiles/kml/shapes/placemark_circle.png</href></Icon>
</IconStyle>
<LabelStyle><scale>0.65</scale></LabelStyle>
</Style><Placemark><name>JT30402VM0001 - Seg. 1</name><styleUrl>#s-VM-26</styleUrl><description><![CDATA[<table style="border-collapse:collapse;width:100%;font-family:'Helvetica Neue',Helvetica,Arial,sans-serif;font-size:11px;border:1px solid #e5e7eb;border-radius:8px;overflow:hidden;"><tr><th colspan="2" style="padding:5px 8px;background:#1f6feb;color:#fff;text-align:left;font-size:12px;font-weight:600;">JT30402VM0001 - Seg. 1</th></tr><tr><th style="padding:3px 5px;text-align:left;background:#f3f4f6;border-bottom:1px solid #d1d5db;width:30%;font-size:11px;font-weight:600;color:#1f2937;">Serviço</th><td style="padding:3px 5px;border-bottom:1px solid #e5e7eb;font-size:11px;color:#111827;">Varrição Mecanizada (VM)</td></tr><tr><th style="padding:3px 5px;text-align:left;background:#f3f4f6;border-bottom:1px solid #d1d5db;width:30%;font-size:11px;font-weight:600;color:#1f2937;">Setor</th><td style="padding:3px 5px;border-bottom:1px solid #e5e7eb;font-size:11px;color:#111827;">JT30402VM0001</td></tr><tr><th style="padding:3px 5px;text-align:left;background:#f3f4f6;border-bottom:1px solid #d1d5db;width:30%;font-size:11px;font-weight:600;color:#1f2937;">Tipo de Serviço</th><td style="padding:3px 5px;border-bottom:1px solid #e5e7eb;font-size:11px;color:#111827;">Varrição Mecanizada</td></tr><tr><th style="padding:3px 5px;text-align:left;background:#f3f4f6;border-bottom:1px solid #d1d5db;width:30%;font-size:11px;font-weight:600;color:#1f2937;">Nome</th><td style="padding:3px 5px;border-bottom:1px solid #e5e7eb;font-size:11px;color:#111827;">JT30402VM0001 - Seg. 1</td></tr><tr><th style="padding:3px 5px;text-align:left;background:#f3f4f6;border-bottom:1px solid #d1d5db;width:30%;font-size:11px;font-weight:600;color:#1f2937;">Logradouro</th><td style="padding:3px 5px;border-bottom:1px solid #e5e7eb;font-size:11px;color:#111827;">Av Cel Sezefredo Fagundes</td></tr><tr><th style="padding:3px 5px;text-align:left;background:#f3f4f6;border-bottom:1px solid #d1d5db;width:30%;font-size:11px;font-weight:600;color:#1f2937;">Subprefeitura</th><td style="padding:3px 5px;border-bottom:1px solid #e5e7eb;font-size:11px;color:#111827;">Jaçanã / Tucuruvi</td></tr><tr><th style="padding:3px 5px;text-align:left;background:#f3f4f6;border-bottom:1px solid #d1d5db;width:30%;font-size:11px;font-weight:600;color:#1f2937;">Turno</th><td style="padding:3px 5px;border-bottom:1px solid #e5e7eb;font-size:11px;color:#111827;">Noturno</td></tr><tr><th style="padding:3px 5px;text-align:left;background:#f3f4f6;border-bottom:1px solid #d1d5db;width:30%;font-size:11px;font-weight:600;color:#1f2937;">Frequência</th><td style="padding:3px 5px;border-bottom:1px solid #e5e7eb;font-size:11px;color:#111827;">Segunda e Quarta</td></tr><tr><th style="padding:3px 5px;text-align:left;background:#f3f4f6;border-bottom:1px solid #d1d5db;width:30%;font-size:11px;font-weight:600;color:#1f2937;">Cronograma</th><td style="padding:3px 5px;border-bottom:1px solid #e5e7eb;font-size:11px;color:#111827;">—</td></tr></table>]]></description><LineString><coordinates>-46.6025400,-23.4575900,0 -46.6027000,-23.4563000,0 -46.6026900,-23.4561400,0 -46.6026000,-23.4558400,0 -46.6023600,-23.4551900,0 -46.6021200,-23.4546400,0 -46.6019500,-23.4540500,0 -46.6018800,-23.4535500,0 -46.6017400,-23.4530300,0 -46.6001900,-23.4511600,0 -46.6008800,-23.4516400,0 -46.6013700,-23.4523100,0 -46.6017400,-23.4530300,0 -46.6001900,-23.4511600,0 -46.5990900,-23.4501900,0 -46.5991100,-23.4493700,0 -46.5991000,-23.4485400,0 -46.5992000,-23.4477300,0 -46.5989800,-23.4472700,0 -46.5985900,-23.4468700,0 -46.5977800,-23.4462700,0 -46.5973400,-23.4459900,0 -46.5970300,-23.4457200,0 -46.5965300,-23.4451800,0 -46.5961000,-23.4438200,0 -46.5947400,-23.4430500,0 -46.5945800,-23.4429400,0</coordinates></LineString></Placemark>
<Style id="s-VM-27">
<LineStyle><color>ff82004b</color><width>3.0</width></LineStyle>
<PolyStyle><color>ff82004b</color></PolyStyle>
<IconStyle><color>ff82004b</color><scale>0.55</scale>
<Icon><href>http://maps.google.com/mapfiles/kml/shapes/placemark_circle.png</href></Icon>
</IconStyle>
<LabelStyle><scale>0.65</scale></LabelStyle>
</Style><Placemark><name>JT30402VM0001 - Seg. 2</name><styleUrl>#s-VM-27</styleUrl><description><![CDATA[<table style="border-collapse:collapse;width:100%;font-family:'Helvetica Neue',Helvetica,Arial,sans-serif;font-size:11px;border:1px solid #e5e7eb;border-radius:8px;overflow:hidden;"><tr><th colspan="2" style="padding:5px 8px;background:#1f6feb;color:#fff;text-align:left;font-size:12px;font-weight:600;">JT30402VM0001 - Seg. 2</th></tr><tr><th style="padding:3px 5px;text-align:left;background:#f3f4f6;border-bottom:1px solid #d1d5db;width:30%;font-size:11px;font-weight:600;color:#1f2937;">Serviço</th><td style="padding:3px 5px;border-bottom:1px solid #e5e7eb;font-size:11px;color:#111827;">Varrição Mecanizada (VM)</td></tr><tr><th style="padding:3px 5px;text-align:left;background:#f3f4f6;border-bottom:1px solid #d1d5db;width:30%;font-size:11px;font-weight:600;color:#1f2937;">Setor</th><td style="padding:3px 5px;border-bottom:1px solid #e5e7eb;font-size:11px;color:#111827;">JT30402VM0001</td></tr><tr><th style="padding:3px 5px;text-align:left;background:#f3f4f6;border-bottom:1px solid #d1d5db;width:30%;font-size:11px;font-weight:600;color:#1f2937;">Tipo de Serviço</th><td style="padding:3px 5px;border-bottom:1px solid #e5e7eb;font-size:11px;color:#111827;">Varrição Mecanizada</td></tr><tr><th style="padding:3px 5px;text-align:left;background:#f3f4f6;border-bottom:1px solid #d1d5db;width:30%;font-size:11px;font-weight:600;color:#1f2937;">Nome</th><td style="padding:3px 5px;border-bottom:1px solid #e5e7eb;font-size:11px;color:#111827;">JT30402VM0001 - Seg. 2</td></tr><tr><th style="padding:3px 5px;text-align:left;background:#f3f4f6;border-bottom:1px solid #d1d5db;width:30%;font-size:11px;font-weight:600;color:#1f2937;">Logradouro</th><td style="padding:3px 5px;border-bottom:1px solid #e5e7eb;font-size:11px;color:#111827;">R Dr Carlos Bastos Aranha</td></tr><tr><th style="padding:3px 5px;text-align:left;background:#f3f4f6;border-bottom:1px solid #d1d5db;width:30%;font-size:11px;font-weight:600;color:#1f2937;">Subprefeitura</th><td style="padding:3px 5px;border-bottom:1px solid #e5e7eb;font-size:11px;color:#111827;">Jaçanã / Tucuruvi</td></tr><tr><th style="padding:3px 5px;text-align:left;background:#f3f4f6;border-bottom:1px solid #d1d5db;width:30%;font-size:11px;font-weight:600;color:#1f2937;">Turno</th><td style="padding:3px 5px;border-bottom:1px solid #e5e7eb;font-size:11px;color:#111827;">Noturno</td></tr><tr><th style="padding:3px 5px;text-align:left;background:#f3f4f6;border-bottom:1px solid #d1d5db;width:30%;font-size:11px;font-weight:600;color:#1f2937;">Frequência</th><td style="padding:3px 5px;border-bottom:1px solid #e5e7eb;font-size:11px;color:#111827;">Segunda e Quarta</td></tr><tr><th style="padding:3px 5px;text-align:left;background:#f3f4f6;border-bottom:1px solid #d1d5db;width:30%;font-size:11px;font-weight:600;color:#1f2937;">Cronograma</th><td style="padding:3px 5px;border-bottom:1px solid #e5e7eb;font-size:11px;color:#111827;">—</td></tr></table>]]></description><LineString><coordinates>-46.5829600,-23.4638800,0 -46.5826400,-23.4637400,0 -46.5829600,-23.4638800,0 -46.5826400,-23.4636100,0 -46.5822600,-23.4634300,0 -46.5806000,-23.4627900,0 -46.5826400,-23.4637400,0 -46.5811100,-23.4631200,0 -46.5806000,-23.4628900,0</coordinates></LineString></Placemark>
<Style id="s-VM-28">
<LineStyle><color>ff82004b</color><width>3.0</width></LineStyle>
<PolyStyle><color>ff82004b</color></PolyStyle>
<IconStyle><color>ff82004b</color><scale>0.55</scale>
<Icon><href>http://maps.google.com/mapfiles/kml/shapes/placemark_circle.png</href></Icon>
</IconStyle>
<LabelStyle><scale>0.65</scale></LabelStyle>
</Style><Placemark><name>JT30402VM0001 - Seg. 3</name><styleUrl>#s-VM-28</styleUrl><description><![CDATA[<table style="border-collapse:collapse;width:100%;font-family:'Helvetica Neue',Helvetica,Arial,sans-serif;font-size:11px;border:1px solid #e5e7eb;border-radius:8px;overflow:hidden;"><tr><th colspan="2" style="padding:5px 8px;background:#1f6feb;color:#fff;text-align:left;font-size:12px;font-weight:600;">JT30402VM0001 - Seg. 3</th></tr><tr><th style="padding:3px 5px;text-align:left;background:#f3f4f6;border-bottom:1px solid #d1d5db;width:30%;font-size:11px;font-weight:600;color:#1f2937;">Serviço</th><td style="padding:3px 5px;border-bottom:1px solid #e5e7eb;font-size:11px;color:#111827;">Varrição Mecanizada (VM)</td></tr><tr><th style="padding:3px 5px;text-align:left;background:#f3f4f6;border-bottom:1px solid #d1d5db;width:30%;font-size:11px;font-weight:600;color:#1f2937;">Setor</th><td style="padding:3px 5px;border-bottom:1px solid #e5e7eb;font-size:11px;color:#111827;">JT30402VM0001</td></tr><tr><th style="padding:3px 5px;text-align:left;background:#f3f4f6;border-bottom:1px solid #d1d5db;width:30%;font-size:11px;font-weight:600;color:#1f2937;">Tipo de Serviço</th><td style="padding:3px 5px;border-bottom:1px solid #e5e7eb;font-size:11px;color:#111827;">Varrição Mecanizada</td></tr><tr><th style="padding:3px 5px;text-align:left;background:#f3f4f6;border-bottom:1px solid #d1d5db;width:30%;font-size:11px;font-weight:600;color:#1f2937;">Nome</th><td style="padding:3px 5px;border-bottom:1px solid #e5e7eb;font-size:11px;color:#111827;">JT30402VM0001 - Seg. 3</td></tr><tr><th style="padding:3px 5px;text-align:left;background:#f3f4f6;border-bottom:1px solid #d1d5db;width:30%;font-size:11px;font-weight:600;color:#1f2937;">Logradouro</th><td style="padding:3px 5px;border-bottom:1px solid #e5e7eb;font-size:11px;color:#111827;">R Maria Amalia Lopes Azevedo</td></tr><tr><th style="padding:3px 5px;text-align:left;background:#f3f4f6;border-bottom:1px solid #d1d5db;width:30%;font-size:11px;font-weight:600;color:#1f2937;">Subprefeitura</th><td style="padding:3px 5px;border-bottom:1px solid #e5e7eb;font-size:11px;color:#111827;">Jaçanã / Tucuruvi</td></tr><tr><th style="padding:3px 5px;text-align:left;background:#f3f4f6;border-bottom:1px solid #d1d5db;width:30%;font-size:11px;font-weight:600;color:#1f2937;">Turno</th><td style="padding:3px 5px;border-bottom:1px solid #e5e7eb;font-size:11px;color:#111827;">Noturno</td></tr><tr><th style="padding:3px 5px;text-align:left;background:#f3f4f6;border-bottom:1px solid #d1d5db;width:30%;font-size:11px;font-weight:600;color:#1f2937;">Frequência</th><td style="padding:3px 5px;border-bottom:1px solid #e5e7eb;font-size:11px;color:#111827;">Segunda e Quarta</td></tr><tr><th style="padding:3px 5px;text-align:left;background:#f3f4f6;border-bottom:1px solid #d1d5db;width:30%;font-size:11px;font-weight:600;color:#1f2937;">Cronograma</th><td style="padding:3px 5px;border-bottom:1px solid #e5e7eb;font-size:11px;color:#111827;">—</td></tr></table>]]></description><LineString><coordinates>-46.6237800,-23.4599000,0 -46.6236700,-23.4599800,0 -46.6227000,-23.4605000,0 -46.6221400,-23.4607600,0 -46.6215200,-23.4605300,0 -46.6209200,-23.4602200,0 -46.6197000,-23.4583600,0 -46.6204000,-23.4587800,0 -46.6206700,-23.4594900,0 -46.6209200,-23.4602200,0 -46.6197000,-23.4583600,0 -46.6190700,-23.4580300,0 -46.6186800,-23.4578800,0 -46.6177200,-23.4577600,0 -46.6171800,-23.4577700,0 -46.6150900,-23.4582400,0 -46.6143900,-23.4582100,0 -46.6123600,-23.4581900,0 -46.6078300,-23.4584300,0 -46.6072300,-23.4584900,0 -46.6066400,-23.4584300,0 -46.6063400,-23.4583000,0 -46.6058000,-23.4581600,0 -46.6052400,-23.4580500,0 -46.6040900,-23.4579800,0 -46.6033200,-23.4578000,0 -46.6025400,-23.4575900,0</coordinates></LineString></Placemark>
<Style id="s-VM-29">
<LineStyle><color>ff82004b</color><width>3.0</width></LineStyle>
<PolyStyle><color>ff82004b</color></PolyStyle>
<IconStyle><color>ff82004b</color><scale>0.55</scale>
<Icon><href>http://maps.google.com/mapfiles/kml/shapes/placemark_circle.png</href></Icon>
</IconStyle>
<LabelStyle><scale>0.65</scale></LabelStyle>
</Style><Placemark><name>JT30404VM0002 - Seg. 1</name><styleUrl>#s-VM-29</styleUrl><description><![CDATA[<table style="border-collapse:collapse;width:100%;font-family:'Helvetica Neue',Helvetica,Arial,sans-serif;font-size:11px;border:1px solid #e5e7eb;border-radius:8px;overflow:hidden;"><tr><th colspan="2" style="padding:5px 8px;background:#1f6feb;color:#fff;text-align:left;font-size:12px;font-weight:600;">JT30404VM0002 - Seg. 1</th></tr><tr><th style="padding:3px 5px;text-align:left;background:#f3f4f6;border-bottom:1px solid #d1d5db;width:30%;font-size:11px;font-weight:600;color:#1f2937;">Serviço</th><td style="padding:3px 5px;border-bottom:1px solid #e5e7eb;font-size:11px;color:#111827;">Varrição Mecanizada (VM)</td></tr><tr><th style="padding:3px 5px;text-align:left;background:#f3f4f6;border-bottom:1px solid #d1d5db;width:30%;font-size:11px;font-weight:600;color:#1f2937;">Setor</th><td style="padding:3px 5px;border-bottom:1px solid #e5e7eb;font-size:11px;color:#111827;">JT30404VM0002</td></tr><tr><th style="padding:3px 5px;text-align:left;background:#f3f4f6;border-bottom:1px solid #d1d5db;width:30%;font-size:11px;font-weight:600;color:#1f2937;">Tipo de Serviço</th><td style="padding:3px 5px;border-bottom:1px solid #e5e7eb;font-size:11px;color:#111827;">Varrição Mecanizada</td></tr><tr><th style="padding:3px 5px;text-align:left;background:#f3f4f6;border-bottom:1px solid #d1d5db;width:30%;font-size:11px;font-weight:600;color:#1f2937;">Nome</th><td style="padding:3px 5px;border-bottom:1px solid #e5e7eb;font-size:11px;color:#111827;">JT30404VM0002 - Seg. 1</td></tr><tr><th style="padding:3px 5px;text-align:left;background:#f3f4f6;border-bottom:1px solid #d1d5db;width:30%;font-size:11px;font-weight:600;color:#1f2937;">Logradouro</th><td style="padding:3px 5px;border-bottom:1px solid #e5e7eb;font-size:11px;color:#111827;">Av Cel Sezefredo Fagundes</td></tr><tr><th style="padding:3px 5px;text-align:left;background:#f3f4f6;border-bottom:1px solid #d1d5db;width:30%;font-size:11px;font-weight:600;color:#1f2937;">Subprefeitura</th><td style="padding:3px 5px;border-bottom:1px solid #e5e7eb;font-size:11px;color:#111827;">Jaçanã / Tucuruvi</td></tr><tr><th style="padding:3px 5px;text-align:left;background:#f3f4f6;border-bottom:1px solid #d1d5db;width:30%;font-size:11px;font-weight:600;color:#1f2937;">Turno</th><td style="padding:3px 5px;border-bottom:1px solid #e5e7eb;font-size:11px;color:#111827;">Noturno</td></tr><tr><th style="padding:3px 5px;text-align:left;background:#f3f4f6;border-bottom:1px solid #d1d5db;width:30%;font-size:11px;font-weight:600;color:#1f2937;">Frequência</th><td style="padding:3px 5px;border-bottom:1px solid #e5e7eb;font-size:11px;color:#111827;">—</td></tr><tr><th style="padding:3px 5px;text-align:left;background:#f3f4f6;border-bottom:1px solid #d1d5db;width:30%;font-size:11px;font-weight:600;color:#1f2937;">Cronograma</th><td style="padding:3px 5px;border-bottom:1px solid #e5e7eb;font-size:11px;color:#111827;">—</td></tr></table>]]></description><LineString><coordinates>-46.6025400,-23.4575900,0 -46.6027000,-23.4563000,0 -46.6026900,-23.4561400,0 -46.6026000,-23.4558400,0 -46.6023600,-23.4551900,0 -46.6021200,-23.4546400,0 -46.6019500,-23.4540500,0 -46.6018800,-23.4535500,0 -46.6017400,-23.4530300,0 -46.6001900,-23.4511600,0 -46.6008800,-23.4516400,0 -46.6013700,-23.4523100,0 -46.6017400,-23.4530300,0 -46.6001900,-23.4511600,0 -46.5990900,-23.4501900,0 -46.5991100,-23.4493700,0 -46.5991000,-23.4485400,0 -46.5992000,-23.4477300,0 -46.5989800,-23.4472700,0 -46.5985900,-23.4468700,0 -46.5977800,-23.4462700,0 -46.5973400,-23.4459900,0 -46.5970300,-23.4457200,0 -46.5965300,-23.4451800,0 -46.5961000,-23.4438200,0 -46.5947400,-23.4430500,0 -46.5945800,-23.4429400,0</coordinates></LineString></Placemark>
<Style id="s-VM-30">
<LineStyle><color>ff82004b</color><width>3.0</width></LineStyle>
<PolyStyle><color>ff82004b</color></PolyStyle>
<IconStyle><color>ff82004b</color><scale>0.55</scale>
<Icon><href>http://maps.google.com/mapfiles/kml/shapes/placemark_circle.png</href></Icon>
</IconStyle>
<LabelStyle><scale>0.65</scale></LabelStyle>
</Style><Placemark><name>JT30404VM0002 - Seg. 2</name><styleUrl>#s-VM-30</styleUrl><description><![CDATA[<table style="border-collapse:collapse;width:100%;font-family:'Helvetica Neue',Helvetica,Arial,sans-serif;font-size:11px;border:1px solid #e5e7eb;border-radius:8px;overflow:hidden;"><tr><th colspan="2" style="padding:5px 8px;background:#1f6feb;color:#fff;text-align:left;font-size:12px;font-weight:600;">JT30404VM0002 - Seg. 2</th></tr><tr><th style="padding:3px 5px;text-align:left;background:#f3f4f6;border-bottom:1px solid #d1d5db;width:30%;font-size:11px;font-weight:600;color:#1f2937;">Serviço</th><td style="padding:3px 5px;border-bottom:1px solid #e5e7eb;font-size:11px;color:#111827;">Varrição Mecanizada (VM)</td></tr><tr><th style="padding:3px 5px;text-align:left;background:#f3f4f6;border-bottom:1px solid #d1d5db;width:30%;font-size:11px;font-weight:600;color:#1f2937;">Setor</th><td style="padding:3px 5px;border-bottom:1px solid #e5e7eb;font-size:11px;color:#111827;">JT30404VM0002</td></tr><tr><th style="padding:3px 5px;text-align:left;background:#f3f4f6;border-bottom:1px solid #d1d5db;width:30%;font-size:11px;font-weight:600;color:#1f2937;">Tipo de Serviço</th><td style="padding:3px 5px;border-bottom:1px solid #e5e7eb;font-size:11px;color:#111827;">Varrição Mecanizada</td></tr><tr><th style="padding:3px 5px;text-align:left;background:#f3f4f6;border-bottom:1px solid #d1d5db;width:30%;font-size:11px;font-weight:600;color:#1f2937;">Nome</th><td style="padding:3px 5px;border-bottom:1px solid #e5e7eb;font-size:11px;color:#111827;">JT30404VM0002 - Seg. 2</td></tr><tr><th style="padding:3px 5px;text-align:left;background:#f3f4f6;border-bottom:1px solid #d1d5db;width:30%;font-size:11px;font-weight:600;color:#1f2937;">Logradouro</th><td style="padding:3px 5px;border-bottom:1px solid #e5e7eb;font-size:11px;color:#111827;">R Dr Carlos Bastos Aranha</td></tr><tr><th style="padding:3px 5px;text-align:left;background:#f3f4f6;border-bottom:1px solid #d1d5db;width:30%;font-size:11px;font-weight:600;color:#1f2937;">Subprefeitura</th><td style="padding:3px 5px;border-bottom:1px solid #e5e7eb;font-size:11px;color:#111827;">Jaçanã / Tucuruvi</td></tr><tr><th style="padding:3px 5px;text-align:left;background:#f3f4f6;border-bottom:1px solid #d1d5db;width:30%;font-size:11px;font-weight:600;color:#1f2937;">Turno</th><td style="padding:3px 5px;border-bottom:1px solid #e5e7eb;font-size:11px;color:#111827;">Noturno</td></tr><tr><th style="padding:3px 5px;text-align:left;background:#f3f4f6;border-bottom:1px solid #d1d5db;width:30%;font-size:11px;font-weight:600;color:#1f2937;">Frequência</th><td style="padding:3px 5px;border-bottom:1px solid #e5e7eb;font-size:11px;color:#111827;">—</td></tr><tr><th style="padding:3px 5px;text-align:left;background:#f3f4f6;border-bottom:1px solid #d1d5db;width:30%;font-size:11px;font-weight:600;color:#1f2937;">Cronograma</th><td style="padding:3px 5px;border-bottom:1px solid #e5e7eb;font-size:11px;color:#111827;">—</td></tr></table>]]></description><LineString><coordinates>-46.5829600,-23.4638800,0 -46.5826400,-23.4637400,0 -46.5829600,-23.4638800,0 -46.5826400,-23.4636100,0 -46.5822600,-23.4634300,0 -46.5806000,-23.4627900,0 -46.5826400,-23.4637400,0 -46.5811100,-23.4631200,0 -46.5806000,-23.4628900,0</coordinates></LineString></Placemark>
<Style id="s-VM-31">
<LineStyle><color>ff82004b</color><width>3.0</width></LineStyle>
<PolyStyle><color>ff82004b</color></PolyStyle>
<IconStyle><color>ff82004b</color><scale>0.55</scale>
<Icon><href>http://maps.google.com/mapfiles/kml/shapes/placemark_circle.png</href></Icon>
</IconStyle>
<LabelStyle><scale>0.65</scale></LabelStyle>
</Style><Placemark><name>JT30404VM0002 - Seg. 3</name><styleUrl>#s-VM-31</styleUrl><description><![CDATA[<table style="border-collapse:collapse;width:100%;font-family:'Helvetica Neue',Helvetica,Arial,sans-serif;font-size:11px;border:1px solid #e5e7eb;border-radius:8px;overflow:hidden;"><tr><th colspan="2" style="padding:5px 8px;background:#1f6feb;color:#fff;text-align:left;font-size:12px;font-weight:600;">JT30404VM0002 - Seg. 3</th></tr><tr><th style="padding:3px 5px;text-align:left;background:#f3f4f6;border-bottom:1px solid #d1d5db;width:30%;font-size:11px;font-weight:600;color:#1f2937;">Serviço</th><td style="padding:3px 5px;border-bottom:1px solid #e5e7eb;font-size:11px;color:#111827;">Varrição Mecanizada (VM)</td></tr><tr><th style="padding:3px 5px;text-align:left;background:#f3f4f6;border-bottom:1px solid #d1d5db;width:30%;font-size:11px;font-weight:600;color:#1f2937;">Setor</th><td style="padding:3px 5px;border-bottom:1px solid #e5e7eb;font-size:11px;color:#111827;">JT30404VM0002</td></tr><tr><th style="padding:3px 5px;text-align:left;background:#f3f4f6;border-bottom:1px solid #d1d5db;width:30%;font-size:11px;font-weight:600;color:#1f2937;">Tipo de Serviço</th><td style="padding:3px 5px;border-bottom:1px solid #e5e7eb;font-size:11px;color:#111827;">Varrição Mecanizada</td></tr><tr><th style="padding:3px 5px;text-align:left;background:#f3f4f6;border-bottom:1px solid #d1d5db;width:30%;font-size:11px;font-weight:600;color:#1f2937;">Nome</th><td style="padding:3px 5px;border-bottom:1px solid #e5e7eb;font-size:11px;color:#111827;">JT30404VM0002 - Seg. 3</td></tr><tr><th style="padding:3px 5px;text-align:left;background:#f3f4f6;border-bottom:1px solid #d1d5db;width:30%;font-size:11px;font-weight:600;color:#1f2937;">Logradouro</th><td style="padding:3px 5px;border-bottom:1px solid #e5e7eb;font-size:11px;color:#111827;">R Maria Amalia Lopes Azevedo</td></tr><tr><th style="padding:3px 5px;text-align:left;background:#f3f4f6;border-bottom:1px solid #d1d5db;width:30%;font-size:11px;font-weight:600;color:#1f2937;">Subprefeitura</th><td style="padding:3px 5px;border-bottom:1px solid #e5e7eb;font-size:11px;color:#111827;">Jaçanã / Tucuruvi</td></tr><tr><th style="padding:3px 5px;text-align:left;background:#f3f4f6;border-bottom:1px solid #d1d5db;width:30%;font-size:11px;font-weight:600;color:#1f2937;">Turno</th><td style="padding:3px 5px;border-bottom:1px solid #e5e7eb;font-size:11px;color:#111827;">Noturno</td></tr><tr><th style="padding:3px 5px;text-align:left;background:#f3f4f6;border-bottom:1px solid #d1d5db;width:30%;font-size:11px;font-weight:600;color:#1f2937;">Frequência</th><td style="padding:3px 5px;border-bottom:1px solid #e5e7eb;font-size:11px;color:#111827;">—</td></tr><tr><th style="padding:3px 5px;text-align:left;background:#f3f4f6;border-bottom:1px solid #d1d5db;width:30%;font-size:11px;font-weight:600;color:#1f2937;">Cronograma</th><td style="padding:3px 5px;border-bottom:1px solid #e5e7eb;font-size:11px;color:#111827;">—</td></tr></table>]]></description><LineString><coordinates>-46.6237800,-23.4599000,0 -46.6236700,-23.4599800,0 -46.6227000,-23.4605000,0 -46.6221400,-23.4607600,0 -46.6215200,-23.4605300,0 -46.6209200,-23.4602200,0 -46.6197000,-23.4583600,0 -46.6204000,-23.4587800,0 -46.6206700,-23.4594900,0 -46.6209200,-23.4602200,0 -46.6197000,-23.4583600,0 -46.6190700,-23.4580300,0 -46.6186800,-23.4578800,0 -46.6177200,-23.4577600,0 -46.6171800,-23.4577700,0 -46.6150900,-23.4582400,0 -46.6143900,-23.4582100,0 -46.6123600,-23.4581900,0 -46.6078300,-23.4584300,0 -46.6072300,-23.4584900,0 -46.6066400,-23.4584300,0 -46.6063400,-23.4583000,0 -46.6058000,-23.4581600,0 -46.6052400,-23.4580500,0 -46.6040900,-23.4579800,0 -46.6033200,-23.4578000,0 -46.6025400,-23.4575900,0</coordinates></LineString></Placemark>
<Style id="s-VM-32">
<LineStyle><color>ffebce87</color><width>3.0</width></LineStyle>
<PolyStyle><color>ffebce87</color></PolyStyle>
<IconStyle><color>ffebce87</color><scale>0.55</scale>
<Icon><href>http://maps.google.com/mapfiles/kml/shapes/placemark_circle.png</href></Icon>
</IconStyle>
<LabelStyle><scale>0.65</scale></LabelStyle>
</Style><Placemark><name>MG10303VM0001 - Seg. 1</name><styleUrl>#s-VM-32</styleUrl><description><![CDATA[<table style="border-collapse:collapse;width:100%;font-family:'Helvetica Neue',Helvetica,Arial,sans-serif;font-size:11px;border:1px solid #e5e7eb;border-radius:8px;overflow:hidden;"><tr><th colspan="2" style="padding:5px 8px;background:#1f6feb;color:#fff;text-align:left;font-size:12px;font-weight:600;">MG10303VM0001 - Seg. 1</th></tr><tr><th style="padding:3px 5px;text-align:left;background:#f3f4f6;border-bottom:1px solid #d1d5db;width:30%;font-size:11px;font-weight:600;color:#1f2937;">Serviço</th><td style="padding:3px 5px;border-bottom:1px solid #e5e7eb;font-size:11px;color:#111827;">Varrição Mecanizada (VM)</td></tr><tr><th style="padding:3px 5px;text-align:left;background:#f3f4f6;border-bottom:1px solid #d1d5db;width:30%;font-size:11px;font-weight:600;color:#1f2937;">Setor</th><td style="padding:3px 5px;border-bottom:1px solid #e5e7eb;font-size:11px;color:#111827;">MG10303VM0001</td></tr><tr><th style="padding:3px 5px;text-align:left;background:#f3f4f6;border-bottom:1px solid #d1d5db;width:30%;font-size:11px;font-weight:600;color:#1f2937;">Tipo de Serviço</th><td style="padding:3px 5px;border-bottom:1px solid #e5e7eb;font-size:11px;color:#111827;">Varrição Mecanizada</td></tr><tr><th style="padding:3px 5px;text-align:left;background:#f3f4f6;border-bottom:1px solid #d1d5db;width:30%;font-size:11px;font-weight:600;color:#1f2937;">Nome</th><td style="padding:3px 5px;border-bottom:1px solid #e5e7eb;font-size:11px;color:#111827;">MG10303VM0001 - Seg. 1</td></tr><tr><th style="padding:3px 5px;text-align:left;background:#f3f4f6;border-bottom:1px solid #d1d5db;width:30%;font-size:11px;font-weight:600;color:#1f2937;">Logradouro</th><td style="padding:3px 5px;border-bottom:1px solid #e5e7eb;font-size:11px;color:#111827;">Ac Av Guilherme Cotching</td></tr><tr><th style="padding:3px 5px;text-align:left;background:#f3f4f6;border-bottom:1px solid #d1d5db;width:30%;font-size:11px;font-weight:600;color:#1f2937;">Subprefeitura</th><td style="padding:3px 5px;border-bottom:1px solid #e5e7eb;font-size:11px;color:#111827;">Vila Maria / Vila Guilherme</td></tr><tr><th style="padding:3px 5px;text-align:left;background:#f3f4f6;border-bottom:1px solid #d1d5db;width:30%;font-size:11px;font-weight:600;color:#1f2937;">Turno</th><td style="padding:3px 5px;border-bottom:1px solid #e5e7eb;font-size:11px;color:#111827;">Diurno</td></tr><tr><th style="padding:3px 5px;text-align:left;background:#f3f4f6;border-bottom:1px solid #d1d5db;width:30%;font-size:11px;font-weight:600;color:#1f2937;">Frequência</th><td style="padding:3px 5px;border-bottom:1px solid #e5e7eb;font-size:11px;color:#111827;">Terça, Sexta e Domingo</td></tr><tr><th style="padding:3px 5px;text-align:left;background:#f3f4f6;border-bottom:1px solid #d1d5db;width:30%;font-size:11px;font-weight:600;color:#1f2937;">Cronograma</th><td style="padding:3px 5px;border-bottom:1px solid #e5e7eb;font-size:11px;color:#111827;">—</td></tr></table>]]></description><LineString><coordinates>-46.5956400,-23.5243700,0 -46.5953900,-23.5248100,0 -46.5952800,-23.5251500,0 -46.5953600,-23.5255000,0</coordinates></LineString></Placemark>
<Style id="s-VM-33">
<LineStyle><color>ffebce87</color><width>3.0</width></LineStyle>
<PolyStyle><color>ffebce87</color></PolyStyle>
<IconStyle><color>ffebce87</color><scale>0.55</scale>
<Icon><href>http://maps.google.com/mapfiles/kml/shapes/placemark_circle.png</href></Icon>
</IconStyle>
<LabelStyle><scale>0.65</scale></LabelStyle>
</Style><Placemark><name>MG10303VM0001 - Seg. 2</name><styleUrl>#s-VM-33</styleUrl><description><![CDATA[<table style="border-collapse:collapse;width:100%;font-family:'Helvetica Neue',Helvetica,Arial,sans-serif;font-size:11px;border:1px solid #e5e7eb;border-radius:8px;overflow:hidden;"><tr><th colspan="2" style="padding:5px 8px;background:#1f6feb;color:#fff;text-align:left;font-size:12px;font-weight:600;">MG10303VM0001 - Seg. 2</th></tr><tr><th style="padding:3px 5px;text-align:left;background:#f3f4f6;border-bottom:1px solid #d1d5db;width:30%;font-size:11px;font-weight:600;color:#1f2937;">Serviço</th><td style="padding:3px 5px;border-bottom:1px solid #e5e7eb;font-size:11px;color:#111827;">Varrição Mecanizada (VM)</td></tr><tr><th style="padding:3px 5px;text-align:left;background:#f3f4f6;border-bottom:1px solid #d1d5db;width:30%;font-size:11px;font-weight:600;color:#1f2937;">Setor</th><td style="padding:3px 5px;border-bottom:1px solid #e5e7eb;font-size:11px;color:#111827;">MG10303VM0001</td></tr><tr><th style="padding:3px 5px;text-align:left;background:#f3f4f6;border-bottom:1px solid #d1d5db;width:30%;font-size:11px;font-weight:600;color:#1f2937;">Tipo de Serviço</th><td style="padding:3px 5px;border-bottom:1px solid #e5e7eb;font-size:11px;color:#111827;">Varrição Mecanizada</td></tr><tr><th style="padding:3px 5px;text-align:left;background:#f3f4f6;border-bottom:1px solid #d1d5db;width:30%;font-size:11px;font-weight:600;color:#1f2937;">Nome</th><td style="padding:3px 5px;border-bottom:1px solid #e5e7eb;font-size:11px;color:#111827;">MG10303VM0001 - Seg. 2</td></tr><tr><th style="padding:3px 5px;text-align:left;background:#f3f4f6;border-bottom:1px solid #d1d5db;width:30%;font-size:11px;font-weight:600;color:#1f2937;">Logradouro</th><td style="padding:3px 5px;border-bottom:1px solid #e5e7eb;font-size:11px;color:#111827;">Ac Av Nadir Dias de Figueiredo</td></tr><tr><th style="padding:3px 5px;text-align:left;background:#f3f4f6;border-bottom:1px solid #d1d5db;width:30%;font-size:11px;font-weight:600;color:#1f2937;">Subprefeitura</th><td style="padding:3px 5px;border-bottom:1px solid #e5e7eb;font-size:11px;color:#111827;">Vila Maria / Vila Guilherme</td></tr><tr><th style="padding:3px 5px;text-align:left;background:#f3f4f6;border-bottom:1px solid #d1d5db;width:30%;font-size:11px;font-weight:600;color:#1f2937;">Turno</th><td style="padding:3px 5px;border-bottom:1px solid #e5e7eb;font-size:11px;color:#111827;">Diurno</td></tr><tr><th style="padding:3px 5px;text-align:left;background:#f3f4f6;border-bottom:1px solid #d1d5db;width:30%;font-size:11px;font-weight:600;color:#1f2937;">Frequência</th><td style="padding:3px 5px;border-bottom:1px solid #e5e7eb;font-size:11px;color:#111827;">Terça, Sexta e Domingo</td></tr><tr><th style="padding:3px 5px;text-align:left;background:#f3f4f6;border-bottom:1px solid #d1d5db;width:30%;font-size:11px;font-weight:600;color:#1f2937;">Cronograma</th><td style="padding:3px 5px;border-bottom:1px solid #e5e7eb;font-size:11px;color:#111827;">—</td></tr></table>]]></description><LineString><coordinates>-46.5951600,-23.5246800,0 -46.5950500,-23.5253400,0</coordinates></LineString></Placemark>
<Style id="s-VM-34">
<LineStyle><color>ffebce87</color><width>3.0</width></LineStyle>
<PolyStyle><color>ffebce87</color></PolyStyle>
<IconStyle><color>ffebce87</color><scale>0.55</scale>
<Icon><href>http://maps.google.com/mapfiles/kml/shapes/placemark_circle.png</href></Icon>
</IconStyle>
<LabelStyle><scale>0.65</scale></LabelStyle>
</Style><Placemark><name>MG10303VM0001 - Seg. 3</name><styleUrl>#s-VM-34</styleUrl><description><![CDATA[<table style="border-collapse:collapse;width:100%;font-family:'Helvetica Neue',Helvetica,Arial,sans-serif;font-size:11px;border:1px solid #e5e7eb;border-radius:8px;overflow:hidden;"><tr><th colspan="2" style="padding:5px 8px;background:#1f6feb;color:#fff;text-align:left;font-size:12px;font-weight:600;">MG10303VM0001 - Seg. 3</th></tr><tr><th style="padding:3px 5px;text-align:left;background:#f3f4f6;border-bottom:1px solid #d1d5db;width:30%;font-size:11px;font-weight:600;color:#1f2937;">Serviço</th><td style="padding:3px 5px;border-bottom:1px solid #e5e7eb;font-size:11px;color:#111827;">Varrição Mecanizada (VM)</td></tr><tr><th style="padding:3px 5px;text-align:left;background:#f3f4f6;border-bottom:1px solid #d1d5db;width:30%;font-size:11px;font-weight:600;color:#1f2937;">Setor</th><td style="padding:3px 5px;border-bottom:1px solid #e5e7eb;font-size:11px;color:#111827;">MG10303VM0001</td></tr><tr><th style="padding:3px 5px;text-align:left;background:#f3f4f6;border-bottom:1px solid #d1d5db;width:30%;font-size:11px;font-weight:600;color:#1f2937;">Tipo de Serviço</th><td style="padding:3px 5px;border-bottom:1px solid #e5e7eb;font-size:11px;color:#111827;">Varrição Mecanizada</td></tr><tr><th style="padding:3px 5px;text-align:left;background:#f3f4f6;border-bottom:1px solid #d1d5db;width:30%;font-size:11px;font-weight:600;color:#1f2937;">Nome</th><td style="padding:3px 5px;border-bottom:1px solid #e5e7eb;font-size:11px;color:#111827;">MG10303VM0001 - Seg. 3</td></tr><tr><th style="padding:3px 5px;text-align:left;background:#f3f4f6;border-bottom:1px solid #d1d5db;width:30%;font-size:11px;font-weight:600;color:#1f2937;">Logradouro</th><td style="padding:3px 5px;border-bottom:1px solid #e5e7eb;font-size:11px;color:#111827;">Av Amadeu Poli</td></tr><tr><th style="padding:3px 5px;text-align:left;background:#f3f4f6;border-bottom:1px solid #d1d5db;width:30%;font-size:11px;font-weight:600;color:#1f2937;">Subprefeitura</th><td style="padding:3px 5px;border-bottom:1px solid #e5e7eb;font-size:11px;color:#111827;">Vila Maria / Vila Guilherme</td></tr><tr><th style="padding:3px 5px;text-align:left;background:#f3f4f6;border-bottom:1px solid #d1d5db;width:30%;font-size:11px;font-weight:600;color:#1f2937;">Turno</th><td style="padding:3px 5px;border-bottom:1px solid #e5e7eb;font-size:11px;color:#111827;">Diurno</td></tr><tr><th style="padding:3px 5px;text-align:left;background:#f3f4f6;border-bottom:1px solid #d1d5db;width:30%;font-size:11px;font-weight:600;color:#1f2937;">Frequência</th><td style="padding:3px 5px;border-bottom:1px solid #e5e7eb;font-size:11px;color:#111827;">Terça, Sexta e Domingo</td></tr><tr><th style="padding:3px 5px;text-align:left;background:#f3f4f6;border-bottom:1px solid #d1d5db;width:30%;font-size:11px;font-weight:600;color:#1f2937;">Cronograma</th><td style="padding:3px 5px;border-bottom:1px solid #e5e7eb;font-size:11px;color:#111827;">—</td></tr></table>]]></description><LineString><coordinates>-46.5632200,-23.5122700,0 -46.5633700,-23.5119700,0 -46.5643900,-23.5101800,0 -46.5652400,-23.5086000,0 -46.5673600,-23.5048500,0 -46.5674400,-23.5047700,0 -46.5675500,-23.5047700,0</coordinates></LineString></Placemark>
<Style id="s-VM-35">
<LineStyle><color>ffebce87</color><width>3.0</width></LineStyle>
<PolyStyle><color>ffebce87</color></PolyStyle>
<IconStyle><color>ffebce87</color><scale>0.55</scale>
<Icon><href>http://maps.google.com/mapfiles/kml/shapes/placemark_circle.png</href></Icon>
</IconStyle>
<LabelStyle><scale>0.65</scale></LabelStyle>
</Style><Placemark><name>MG10303VM0001 - Seg. 4</name><styleUrl>#s-VM-35</styleUrl><description><![CDATA[<table style="border-collapse:collapse;width:100%;font-family:'Helvetica Neue',Helvetica,Arial,sans-serif;font-size:11px;border:1px solid #e5e7eb;border-radius:8px;overflow:hidden;"><tr><th colspan="2" style="padding:5px 8px;background:#1f6feb;color:#fff;text-align:left;font-size:12px;font-weight:600;">MG10303VM0001 - Seg. 4</th></tr><tr><th style="padding:3px 5px;text-align:left;background:#f3f4f6;border-bottom:1px solid #d1d5db;width:30%;font-size:11px;font-weight:600;color:#1f2937;">Serviço</th><td style="padding:3px 5px;border-bottom:1px solid #e5e7eb;font-size:11px;color:#111827;">Varrição Mecanizada (VM)</td></tr><tr><th style="padding:3px 5px;text-align:left;background:#f3f4f6;border-bottom:1px solid #d1d5db;width:30%;font-size:11px;font-weight:600;color:#1f2937;">Setor</th><td style="padding:3px 5px;border-bottom:1px solid #e5e7eb;font-size:11px;color:#111827;">MG10303VM0001</td></tr><tr><th style="padding:3px 5px;text-align:left;background:#f3f4f6;border-bottom:1px solid #d1d5db;width:30%;font-size:11px;font-weight:600;color:#1f2937;">Tipo de Serviço</th><td style="padding:3px 5px;border-bottom:1px solid #e5e7eb;font-size:11px;color:#111827;">Varrição Mecanizada</td></tr><tr><th style="padding:3px 5px;text-align:left;background:#f3f4f6;border-bottom:1px solid #d1d5db;width:30%;font-size:11px;font-weight:600;color:#1f2937;">Nome</th><td style="padding:3px 5px;border-bottom:1px solid #e5e7eb;font-size:11px;color:#111827;">MG10303VM0001 - Seg. 4</td></tr><tr><th style="padding:3px 5px;text-align:left;background:#f3f4f6;border-bottom:1px solid #d1d5db;width:30%;font-size:11px;font-weight:600;color:#1f2937;">Logradouro</th><td style="padding:3px 5px;border-bottom:1px solid #e5e7eb;font-size:11px;color:#111827;">Av Amadeu Poli</td></tr><tr><th style="padding:3px 5px;text-align:left;background:#f3f4f6;border-bottom:1px solid #d1d5db;width:30%;font-size:11px;font-weight:600;color:#1f2937;">Subprefeitura</th><td style="padding:3px 5px;border-bottom:1px solid #e5e7eb;font-size:11px;color:#111827;">Vila Maria / Vila Guilherme</td></tr><tr><th style="padding:3px 5px;text-align:left;background:#f3f4f6;border-bottom:1px solid #d1d5db;width:30%;font-size:11px;font-weight:600;color:#1f2937;">Turno</th><td style="padding:3px 5px;border-bottom:1px solid #e5e7eb;font-size:11px;color:#111827;">Diurno</td></tr><tr><th style="padding:3px 5px;text-align:left;background:#f3f4f6;border-bottom:1px solid #d1d5db;width:30%;font-size:11px;font-weight:600;color:#1f2937;">Frequência</th><td style="padding:3px 5px;border-bottom:1px solid #e5e7eb;font-size:11px;color:#111827;">Terça, Sexta e Domingo</td></tr><tr><th style="padding:3px 5px;text-align:left;background:#f3f4f6;border-bottom:1px solid #d1d5db;width:30%;font-size:11px;font-weight:600;color:#1f2937;">Cronograma</th><td style="padding:3px 5px;border-bottom:1px solid #e5e7eb;font-size:11px;color:#111827;">—</td></tr></table>]]></description><LineString><coordinates>-46.5631500,-23.5120500,0 -46.5646400,-23.5093600,0 -46.5671500,-23.5049200,0 -46.5673100,-23.5046900,0 -46.5675800,-23.5047300,0</coordinates></LineString></Placemark>
<Style id="s-VM-36">
<LineStyle><color>ffebce87</color><width>3.0</width></LineStyle>
<PolyStyle><color>ffebce87</color></PolyStyle>
<IconStyle><color>ffebce87</color><scale>0.55</scale>
<Icon><href>http://maps.google.com/mapfiles/kml/shapes/placemark_circle.png</href></Icon>
</IconStyle>
<LabelStyle><scale>0.65</scale></LabelStyle>
</Style><Placemark><name>MG10303VM0001 - Seg. 5</name><styleUrl>#s-VM-36</styleUrl><description><![CDATA[<table style="border-collapse:collapse;width:100%;font-family:'Helvetica Neue',Helvetica,Arial,sans-serif;font-size:11px;border:1px solid #e5e7eb;border-radius:8px;overflow:hidden;"><tr><th colspan="2" style="padding:5px 8px;background:#1f6feb;color:#fff;text-align:left;font-size:12px;font-weight:600;">MG10303VM0001 - Seg. 5</th></tr><tr><th style="padding:3px 5px;text-align:left;background:#f3f4f6;border-bottom:1px solid #d1d5db;width:30%;font-size:11px;font-weight:600;color:#1f2937;">Serviço</th><td style="padding:3px 5px;border-bottom:1px solid #e5e7eb;font-size:11px;color:#111827;">Varrição Mecanizada (VM)</td></tr><tr><th style="padding:3px 5px;text-align:left;background:#f3f4f6;border-bottom:1px solid #d1d5db;width:30%;font-size:11px;font-weight:600;color:#1f2937;">Setor</th><td style="padding:3px 5px;border-bottom:1px solid #e5e7eb;font-size:11px;color:#111827;">MG10303VM0001</td></tr><tr><th style="padding:3px 5px;text-align:left;background:#f3f4f6;border-bottom:1px solid #d1d5db;width:30%;font-size:11px;font-weight:600;color:#1f2937;">Tipo de Serviço</th><td style="padding:3px 5px;border-bottom:1px solid #e5e7eb;font-size:11px;color:#111827;">Varrição Mecanizada</td></tr><tr><th style="padding:3px 5px;text-align:left;background:#f3f4f6;border-bottom:1px solid #d1d5db;width:30%;font-size:11px;font-weight:600;color:#1f2937;">Nome</th><td style="padding:3px 5px;border-bottom:1px solid #e5e7eb;font-size:11px;color:#111827;">MG10303VM0001 - Seg. 5</td></tr><tr><th style="padding:3px 5px;text-align:left;background:#f3f4f6;border-bottom:1px solid #d1d5db;width:30%;font-size:11px;font-weight:600;color:#1f2937;">Logradouro</th><td style="padding:3px 5px;border-bottom:1px solid #e5e7eb;font-size:11px;color:#111827;">Av do Poeta</td></tr><tr><th style="padding:3px 5px;text-align:left;background:#f3f4f6;border-bottom:1px solid #d1d5db;width:30%;font-size:11px;font-weight:600;color:#1f2937;">Subprefeitura</th><td style="padding:3px 5px;border-bottom:1px solid #e5e7eb;font-size:11px;color:#111827;">Vila Maria / Vila Guilherme</td></tr><tr><th style="padding:3px 5px;text-align:left;background:#f3f4f6;border-bottom:1px solid #d1d5db;width:30%;font-size:11px;font-weight:600;color:#1f2937;">Turno</th><td style="padding:3px 5px;border-bottom:1px solid #e5e7eb;font-size:11px;color:#111827;">Diurno</td></tr><tr><th style="padding:3px 5px;text-align:left;background:#f3f4f6;border-bottom:1px solid #d1d5db;width:30%;font-size:11px;font-weight:600;color:#1f2937;">Frequência</th><td style="padding:3px 5px;border-bottom:1px solid #e5e7eb;font-size:11px;color:#111827;">Terça, Sexta e Domingo</td></tr><tr><th style="padding:3px 5px;text-align:left;background:#f3f4f6;border-bottom:1px solid #d1d5db;width:30%;font-size:11px;font-weight:600;color:#1f2937;">Cronograma</th><td style="padding:3px 5px;border-bottom:1px solid #e5e7eb;font-size:11px;color:#111827;">—</td></tr></table>]]></description><LineString><coordinates>-46.5692700,-23.4915200,0 -46.5689800,-23.4911200,0 -46.5685500,-23.4908600,0 -46.5678800,-23.4907700,0 -46.5665400,-23.4906700,0 -46.5662000,-23.4906000,0 -46.5658900,-23.4904800,0 -46.5657500,-23.4903200,0 -46.5656500,-23.4901400,0 -46.5660100,-23.4903900,0 -46.5656500,-23.4901400,0 -46.5665300,-23.4905800,0 -46.5662600,-23.4905200,0 -46.5660100,-23.4903900,0 -46.5677700,-23.4906600,0 -46.5665300,-23.4905800,0 -46.5695100,-23.4915700,0 -46.5690500,-23.4910700,0 -46.5684700,-23.4907300,0 -46.5677700,-23.4906600,0 -46.5695100,-23.4915700,0 -46.5693500,-23.4912300,0 -46.5691300,-23.4909100,0 -46.5688800,-23.4906700,0 -46.5686600,-23.4905400,0 -46.5685500,-23.4904400,0 -46.5681800,-23.4903800,0 -46.5670800,-23.4902800,0 -46.5664300,-23.4900000,0 -46.5662300,-23.4893500,0</coordinates></LineString></Placemark>
<Style id="s-VM-37">
<LineStyle><color>ffebce87</color><width>3.0</width></LineStyle>
<PolyStyle><color>ffebce87</color></PolyStyle>
<IconStyle><color>ffebce87</color><scale>0.55</scale>
<Icon><href>http://maps.google.com/mapfiles/kml/shapes/placemark_circle.png</href></Icon>
</IconStyle>
<LabelStyle><scale>0.65</scale></LabelStyle>
</Style><Placemark><name>MG10303VM0001 - Seg. 6</name><styleUrl>#s-VM-37</styleUrl><description><![CDATA[<table style="border-collapse:collapse;width:100%;font-family:'Helvetica Neue',Helvetica,Arial,sans-serif;font-size:11px;border:1px solid #e5e7eb;border-radius:8px;overflow:hidden;"><tr><th colspan="2" style="padding:5px 8px;background:#1f6feb;color:#fff;text-align:left;font-size:12px;font-weight:600;">MG10303VM0001 - Seg. 6</th></tr><tr><th style="padding:3px 5px;text-align:left;background:#f3f4f6;border-bottom:1px solid #d1d5db;width:30%;font-size:11px;font-weight:600;color:#1f2937;">Serviço</th><td style="padding:3px 5px;border-bottom:1px solid #e5e7eb;font-size:11px;color:#111827;">Varrição Mecanizada (VM)</td></tr><tr><th style="padding:3px 5px;text-align:left;background:#f3f4f6;border-bottom:1px solid #d1d5db;width:30%;font-size:11px;font-weight:600;color:#1f2937;">Setor</th><td style="padding:3px 5px;border-bottom:1px solid #e5e7eb;font-size:11px;color:#111827;">MG10303VM0001</td></tr><tr><th style="padding:3px 5px;text-align:left;background:#f3f4f6;border-bottom:1px solid #d1d5db;width:30%;font-size:11px;font-weight:600;color:#1f2937;">Tipo de Serviço</th><td style="padding:3px 5px;border-bottom:1px solid #e5e7eb;font-size:11px;color:#111827;">Varrição Mecanizada</td></tr><tr><th style="padding:3px 5px;text-align:left;background:#f3f4f6;border-bottom:1px solid #d1d5db;width:30%;font-size:11px;font-weight:600;color:#1f2937;">Nome</th><td style="padding:3px 5px;border-bottom:1px solid #e5e7eb;font-size:11px;color:#111827;">MG10303VM0001 - Seg. 6</td></tr><tr><th style="padding:3px 5px;text-align:left;background:#f3f4f6;border-bottom:1px solid #d1d5db;width:30%;font-size:11px;font-weight:600;color:#1f2937;">Logradouro</th><td style="padding:3px 5px;border-bottom:1px solid #e5e7eb;font-size:11px;color:#111827;">Av Guilherme Cotching</td></tr><tr><th style="padding:3px 5px;text-align:left;background:#f3f4f6;border-bottom:1px solid #d1d5db;width:30%;font-size:11px;font-weight:600;color:#1f2937;">Subprefeitura</th><td style="padding:3px 5px;border-bottom:1px solid #e5e7eb;font-size:11px;color:#111827;">Vila Maria / Vila Guilherme</td></tr><tr><th style="padding:3px 5px;text-align:left;background:#f3f4f6;border-bottom:1px solid #d1d5db;width:30%;font-size:11px;font-weight:600;color:#1f2937;">Turno</th><td style="padding:3px 5px;border-bottom:1px solid #e5e7eb;font-size:11px;color:#111827;">Diurno</td></tr><tr><th style="padding:3px 5px;text-align:left;background:#f3f4f6;border-bottom:1px solid #d1d5db;width:30%;font-size:11px;font-weight:600;color:#1f2937;">Frequência</th><td style="padding:3px 5px;border-bottom:1px solid #e5e7eb;font-size:11px;color:#111827;">Terça, Sexta e Domingo</td></tr><tr><th style="padding:3px 5px;text-align:left;background:#f3f4f6;border-bottom:1px solid #d1d5db;width:30%;font-size:11px;font-weight:600;color:#1f2937;">Cronograma</th><td style="padding:3px 5px;border-bottom:1px solid #e5e7eb;font-size:11px;color:#111827;">—</td></tr></table>]]></description><LineString><coordinates>-46.5956500,-23.5258300,0 -46.5953600,-23.5255000,0 -46.5950900,-23.5251200,0 -46.5929900,-23.5223900,0 -46.5924900,-23.5218000,0 -46.5905800,-23.5193500,0 -46.5869000,-23.5146900,0 -46.5853100,-23.5126300,0</coordinates></LineString></Placemark>
<Style id="s-VM-38">
<LineStyle><color>ffebce87</color><width>3.0</width></LineStyle>
<PolyStyle><color>ffebce87</color></PolyStyle>
<IconStyle><color>ffebce87</color><scale>0.55</scale>
<Icon><href>http://maps.google.com/mapfiles/kml/shapes/placemark_circle.png</href></Icon>
</IconStyle>
<LabelStyle><scale>0.65</scale></LabelStyle>
</Style><Placemark><name>MG10303VM0001 - Seg. 7</name><styleUrl>#s-VM-38</styleUrl><description><![CDATA[<table style="border-collapse:collapse;width:100%;font-family:'Helvetica Neue',Helvetica,Arial,sans-serif;font-size:11px;border:1px solid #e5e7eb;border-radius:8px;overflow:hidden;"><tr><th colspan="2" style="padding:5px 8px;background:#1f6feb;color:#fff;text-align:left;font-size:12px;font-weight:600;">MG10303VM0001 - Seg. 7</th></tr><tr><th style="padding:3px 5px;text-align:left;background:#f3f4f6;border-bottom:1px solid #d1d5db;width:30%;font-size:11px;font-weight:600;color:#1f2937;">Serviço</th><td style="padding:3px 5px;border-bottom:1px solid #e5e7eb;font-size:11px;color:#111827;">Varrição Mecanizada (VM)</td></tr><tr><th style="padding:3px 5px;text-align:left;background:#f3f4f6;border-bottom:1px solid #d1d5db;width:30%;font-size:11px;font-weight:600;color:#1f2937;">Setor</th><td style="padding:3px 5px;border-bottom:1px solid #e5e7eb;font-size:11px;color:#111827;">MG10303VM0001</td></tr><tr><th style="padding:3px 5px;text-align:left;background:#f3f4f6;border-bottom:1px solid #d1d5db;width:30%;font-size:11px;font-weight:600;color:#1f2937;">Tipo de Serviço</th><td style="padding:3px 5px;border-bottom:1px solid #e5e7eb;font-size:11px;color:#111827;">Varrição Mecanizada</td></tr><tr><th style="padding:3px 5px;text-align:left;background:#f3f4f6;border-bottom:1px solid #d1d5db;width:30%;font-size:11px;font-weight:600;color:#1f2937;">Nome</th><td style="padding:3px 5px;border-bottom:1px solid #e5e7eb;font-size:11px;color:#111827;">MG10303VM0001 - Seg. 7</td></tr><tr><th style="padding:3px 5px;text-align:left;background:#f3f4f6;border-bottom:1px solid #d1d5db;width:30%;font-size:11px;font-weight:600;color:#1f2937;">Logradouro</th><td style="padding:3px 5px;border-bottom:1px solid #e5e7eb;font-size:11px;color:#111827;">Av Guilherme Cotching</td></tr><tr><th style="padding:3px 5px;text-align:left;background:#f3f4f6;border-bottom:1px solid #d1d5db;width:30%;font-size:11px;font-weight:600;color:#1f2937;">Subprefeitura</th><td style="padding:3px 5px;border-bottom:1px solid #e5e7eb;font-size:11px;color:#111827;">Vila Maria / Vila Guilherme</td></tr><tr><th style="padding:3px 5px;text-align:left;background:#f3f4f6;border-bottom:1px solid #d1d5db;width:30%;font-size:11px;font-weight:600;color:#1f2937;">Turno</th><td style="padding:3px 5px;border-bottom:1px solid #e5e7eb;font-size:11px;color:#111827;">Diurno</td></tr><tr><th style="padding:3px 5px;text-align:left;background:#f3f4f6;border-bottom:1px solid #d1d5db;width:30%;font-size:11px;font-weight:600;color:#1f2937;">Frequência</th><td style="padding:3px 5px;border-bottom:1px solid #e5e7eb;font-size:11px;color:#111827;">Terça, Sexta e Domingo</td></tr><tr><th style="padding:3px 5px;text-align:left;background:#f3f4f6;border-bottom:1px solid #d1d5db;width:30%;font-size:11px;font-weight:600;color:#1f2937;">Cronograma</th><td style="padding:3px 5px;border-bottom:1px solid #e5e7eb;font-size:11px;color:#111827;">—</td></tr></table>]]></description><LineString><coordinates>-46.5958200,-23.5262200,0 -46.5950500,-23.5253400,0 -46.5946500,-23.5247900,0 -46.5933400,-23.5231000,0 -46.5861400,-23.5139400,0 -46.5852000,-23.5127000,0</coordinates></LineString></Placemark>
<Style id="s-VM-39">
<LineStyle><color>ffebce87</color><width>3.0</width></LineStyle>
<PolyStyle><color>ffebce87</color></PolyStyle>
<IconStyle><color>ffebce87</color><scale>0.55</scale>
<Icon><href>http://maps.google.com/mapfiles/kml/shapes/placemark_circle.png</href></Icon>
</IconStyle>
<LabelStyle><scale>0.65</scale></LabelStyle>
</Style><Placemark><name>MG10303VM0001 - Seg. 8</name><styleUrl>#s-VM-39</styleUrl><description><![CDATA[<table style="border-collapse:collapse;width:100%;font-family:'Helvetica Neue',Helvetica,Arial,sans-serif;font-size:11px;border:1px solid #e5e7eb;border-radius:8px;overflow:hidden;"><tr><th colspan="2" style="padding:5px 8px;background:#1f6feb;color:#fff;text-align:left;font-size:12px;font-weight:600;">MG10303VM0001 - Seg. 8</th></tr><tr><th style="padding:3px 5px;text-align:left;background:#f3f4f6;border-bottom:1px solid #d1d5db;width:30%;font-size:11px;font-weight:600;color:#1f2937;">Serviço</th><td style="padding:3px 5px;border-bottom:1px solid #e5e7eb;font-size:11px;color:#111827;">Varrição Mecanizada (VM)</td></tr><tr><th style="padding:3px 5px;text-align:left;background:#f3f4f6;border-bottom:1px solid #d1d5db;width:30%;font-size:11px;font-weight:600;color:#1f2937;">Setor</th><td style="padding:3px 5px;border-bottom:1px solid #e5e7eb;font-size:11px;color:#111827;">MG10303VM0001</td></tr><tr><th style="padding:3px 5px;text-align:left;background:#f3f4f6;border-bottom:1px solid #d1d5db;width:30%;font-size:11px;font-weight:600;color:#1f2937;">Tipo de Serviço</th><td style="padding:3px 5px;border-bottom:1px solid #e5e7eb;font-size:11px;color:#111827;">Varrição Mecanizada</td></tr><tr><th style="padding:3px 5px;text-align:left;background:#f3f4f6;border-bottom:1px solid #d1d5db;width:30%;font-size:11px;font-weight:600;color:#1f2937;">Nome</th><td style="padding:3px 5px;border-bottom:1px solid #e5e7eb;font-size:11px;color:#111827;">MG10303VM0001 - Seg. 8</td></tr><tr><th style="padding:3px 5px;text-align:left;background:#f3f4f6;border-bottom:1px solid #d1d5db;width:30%;font-size:11px;font-weight:600;color:#1f2937;">Logradouro</th><td style="padding:3px 5px;border-bottom:1px solid #e5e7eb;font-size:11px;color:#111827;">Av Joao Simao de Castro</td></tr><tr><th style="padding:3px 5px;text-align:left;background:#f3f4f6;border-bottom:1px solid #d1d5db;width:30%;font-size:11px;font-weight:600;color:#1f2937;">Subprefeitura</th><td style="padding:3px 5px;border-bottom:1px solid #e5e7eb;font-size:11px;color:#111827;">Vila Maria / Vila Guilherme</td></tr><tr><th style="padding:3px 5px;text-align:left;background:#f3f4f6;border-bottom:1px solid #d1d5db;width:30%;font-size:11px;font-weight:600;color:#1f2937;">Turno</th><td style="padding:3px 5px;border-bottom:1px solid #e5e7eb;font-size:11px;color:#111827;">Diurno</td></tr><tr><th style="padding:3px 5px;text-align:left;background:#f3f4f6;border-bottom:1px solid #d1d5db;width:30%;font-size:11px;font-weight:600;color:#1f2937;">Frequência</th><td style="padding:3px 5px;border-bottom:1px solid #e5e7eb;font-size:11px;color:#111827;">Terça, Sexta e Domingo</td></tr><tr><th style="padding:3px 5px;text-align:left;background:#f3f4f6;border-bottom:1px solid #d1d5db;width:30%;font-size:11px;font-weight:600;color:#1f2937;">Cronograma</th><td style="padding:3px 5px;border-bottom:1px solid #e5e7eb;font-size:11px;color:#111827;">—</td></tr></table>]]></description><LineString><coordinates>-46.5759800,-23.4895200,0 -46.5749300,-23.4895200,0 -46.5746800,-23.4895400,0 -46.5757400,-23.4892900,0 -46.5755300,-23.4892700,0 -46.5753000,-23.4893200,0 -46.5749800,-23.4893200,0 -46.5746900,-23.4892500,0 -46.5741500,-23.4895500,0 -46.5739500,-23.4894900,0 -46.5737600,-23.4894800,0 -46.5696400,-23.4893700,0 -46.5690600,-23.4893600,0 -46.5684500,-23.4894200,0 -46.5654200,-23.4893300,0</coordinates></LineString></Placemark>
<Style id="s-VM-40">
<LineStyle><color>ffebce87</color><width>3.0</width></LineStyle>
<PolyStyle><color>ffebce87</color></PolyStyle>
<IconStyle><color>ffebce87</color><scale>0.55</scale>
<Icon><href>http://maps.google.com/mapfiles/kml/shapes/placemark_circle.png</href></Icon>
</IconStyle>
<LabelStyle><scale>0.65</scale></LabelStyle>
</Style><Placemark><name>MG10303VM0001 - Seg. 9</name><styleUrl>#s-VM-40</styleUrl><description><![CDATA[<table style="border-collapse:collapse;width:100%;font-family:'Helvetica Neue',Helvetica,Arial,sans-serif;font-size:11px;border:1px solid #e5e7eb;border-radius:8px;overflow:hidden;"><tr><th colspan="2" style="padding:5px 8px;background:#1f6feb;color:#fff;text-align:left;font-size:12px;font-weight:600;">MG10303VM0001 - Seg. 9</th></tr><tr><th style="padding:3px 5px;text-align:left;background:#f3f4f6;border-bottom:1px solid #d1d5db;width:30%;font-size:11px;font-weight:600;color:#1f2937;">Serviço</th><td style="padding:3px 5px;border-bottom:1px solid #e5e7eb;font-size:11px;color:#111827;">Varrição Mecanizada (VM)</td></tr><tr><th style="padding:3px 5px;text-align:left;background:#f3f4f6;border-bottom:1px solid #d1d5db;width:30%;font-size:11px;font-weight:600;color:#1f2937;">Setor</th><td style="padding:3px 5px;border-bottom:1px solid #e5e7eb;font-size:11px;color:#111827;">MG10303VM0001</td></tr><tr><th style="padding:3px 5px;text-align:left;background:#f3f4f6;border-bottom:1px solid #d1d5db;width:30%;font-size:11px;font-weight:600;color:#1f2937;">Tipo de Serviço</th><td style="padding:3px 5px;border-bottom:1px solid #e5e7eb;font-size:11px;color:#111827;">Varrição Mecanizada</td></tr><tr><th style="padding:3px 5px;text-align:left;background:#f3f4f6;border-bottom:1px solid #d1d5db;width:30%;font-size:11px;font-weight:600;color:#1f2937;">Nome</th><td style="padding:3px 5px;border-bottom:1px solid #e5e7eb;font-size:11px;color:#111827;">MG10303VM0001 - Seg. 9</td></tr><tr><th style="padding:3px 5px;text-align:left;background:#f3f4f6;border-bottom:1px solid #d1d5db;width:30%;font-size:11px;font-weight:600;color:#1f2937;">Logradouro</th><td style="padding:3px 5px;border-bottom:1px solid #e5e7eb;font-size:11px;color:#111827;">Av Joao Simao de Castro</td></tr><tr><th style="padding:3px 5px;text-align:left;background:#f3f4f6;border-bottom:1px solid #d1d5db;width:30%;font-size:11px;font-weight:600;color:#1f2937;">Subprefeitura</th><td style="padding:3px 5px;border-bottom:1px solid #e5e7eb;font-size:11px;color:#111827;">Vila Maria / Vila Guilherme</td></tr><tr><th style="padding:3px 5px;text-align:left;background:#f3f4f6;border-bottom:1px solid #d1d5db;width:30%;font-size:11px;font-weight:600;color:#1f2937;">Turno</th><td style="padding:3px 5px;border-bottom:1px solid #e5e7eb;font-size:11px;color:#111827;">Diurno</td></tr><tr><th style="padding:3px 5px;text-align:left;background:#f3f4f6;border-bottom:1px solid #d1d5db;width:30%;font-size:11px;font-weight:600;color:#1f2937;">Frequência</th><td style="padding:3px 5px;border-bottom:1px solid #e5e7eb;font-size:11px;color:#111827;">Terça, Sexta e Domingo</td></tr><tr><th style="padding:3px 5px;text-align:left;background:#f3f4f6;border-bottom:1px solid #d1d5db;width:30%;font-size:11px;font-weight:600;color:#1f2937;">Cronograma</th><td style="padding:3px 5px;border-bottom:1px solid #e5e7eb;font-size:11px;color:#111827;">—</td></tr></table>]]></description><LineString><coordinates>-46.5741400,-23.4892700,0 -46.5739500,-23.4893000,0 -46.5737600,-23.4893000,0 -46.5717600,-23.4892500,0 -46.5699600,-23.4891800,0 -46.5654300,-23.4890500,0</coordinates></LineString></Placemark>
<Style id="s-VM-41">
<LineStyle><color>ffebce87</color><width>3.0</width></LineStyle>
<PolyStyle><color>ffebce87</color></PolyStyle>
<IconStyle><color>ffebce87</color><scale>0.55</scale>
<Icon><href>http://maps.google.com/mapfiles/kml/shapes/placemark_circle.png</href></Icon>
</IconStyle>
<LabelStyle><scale>0.65</scale></LabelStyle>
</Style><Placemark><name>MG10303VM0001 - Seg. 10</name><styleUrl>#s-VM-41</styleUrl><description><![CDATA[<table style="border-collapse:collapse;width:100%;font-family:'Helvetica Neue',Helvetica,Arial,sans-serif;font-size:11px;border:1px solid #e5e7eb;border-radius:8px;overflow:hidden;"><tr><th colspan="2" style="padding:5px 8px;background:#1f6feb;color:#fff;text-align:left;font-size:12px;font-weight:600;">MG10303VM0001 - Seg. 10</th></tr><tr><th style="padding:3px 5px;text-align:left;background:#f3f4f6;border-bottom:1px solid #d1d5db;width:30%;font-size:11px;font-weight:600;color:#1f2937;">Serviço</th><td style="padding:3px 5px;border-bottom:1px solid #e5e7eb;font-size:11px;color:#111827;">Varrição Mecanizada (VM)</td></tr><tr><th style="padding:3px 5px;text-align:left;background:#f3f4f6;border-bottom:1px solid #d1d5db;width:30%;font-size:11px;font-weight:600;color:#1f2937;">Setor</th><td style="padding:3px 5px;border-bottom:1px solid #e5e7eb;font-size:11px;color:#111827;">MG10303VM0001</td></tr><tr><th style="padding:3px 5px;text-align:left;background:#f3f4f6;border-bottom:1px solid #d1d5db;width:30%;font-size:11px;font-weight:600;color:#1f2937;">Tipo de Serviço</th><td style="padding:3px 5px;border-bottom:1px solid #e5e7eb;font-size:11px;color:#111827;">Varrição Mecanizada</td></tr><tr><th style="padding:3px 5px;text-align:left;background:#f3f4f6;border-bottom:1px solid #d1d5db;width:30%;font-size:11px;font-weight:600;color:#1f2937;">Nome</th><td style="padding:3px 5px;border-bottom:1px solid #e5e7eb;font-size:11px;color:#111827;">MG10303VM0001 - Seg. 10</td></tr><tr><th style="padding:3px 5px;text-align:left;background:#f3f4f6;border-bottom:1px solid #d1d5db;width:30%;font-size:11px;font-weight:600;color:#1f2937;">Logradouro</th><td style="padding:3px 5px;border-bottom:1px solid #e5e7eb;font-size:11px;color:#111827;">Av Jose Maria Fernandes</td></tr><tr><th style="padding:3px 5px;text-align:left;background:#f3f4f6;border-bottom:1px solid #d1d5db;width:30%;font-size:11px;font-weight:600;color:#1f2937;">Subprefeitura</th><td style="padding:3px 5px;border-bottom:1px solid #e5e7eb;font-size:11px;color:#111827;">Vila Maria / Vila Guilherme</td></tr><tr><th style="padding:3px 5px;text-align:left;background:#f3f4f6;border-bottom:1px solid #d1d5db;width:30%;font-size:11px;font-weight:600;color:#1f2937;">Turno</th><td style="padding:3px 5px;border-bottom:1px solid #e5e7eb;font-size:11px;color:#111827;">Diurno</td></tr><tr><th style="padding:3px 5px;text-align:left;background:#f3f4f6;border-bottom:1px solid #d1d5db;width:30%;font-size:11px;font-weight:600;color:#1f2937;">Frequência</th><td style="padding:3px 5px;border-bottom:1px solid #e5e7eb;font-size:11px;color:#111827;">Terça, Sexta e Domingo</td></tr><tr><th style="padding:3px 5px;text-align:left;background:#f3f4f6;border-bottom:1px solid #d1d5db;width:30%;font-size:11px;font-weight:600;color:#1f2937;">Cronograma</th><td style="padding:3px 5px;border-bottom:1px solid #e5e7eb;font-size:11px;color:#111827;">—</td></tr></table>]]></description><LineString><coordinates>-46.5681200,-23.5164300,0 -46.5677700,-23.5064200,0 -46.5677300,-23.5055600,0 -46.5675800,-23.5047300,0</coordinates></LineString></Placemark>
<Style id="s-VM-42">
<LineStyle><color>ffebce87</color><width>3.0</width></LineStyle>
<PolyStyle><color>ffebce87</color></PolyStyle>
<IconStyle><color>ffebce87</color><scale>0.55</scale>
<Icon><href>http://maps.google.com/mapfiles/kml/shapes/placemark_circle.png</href></Icon>
</IconStyle>
<LabelStyle><scale>0.65</scale></LabelStyle>
</Style><Placemark><name>MG10303VM0001 - Seg. 11</name><styleUrl>#s-VM-42</styleUrl><description><![CDATA[<table style="border-collapse:collapse;width:100%;font-family:'Helvetica Neue',Helvetica,Arial,sans-serif;font-size:11px;border:1px solid #e5e7eb;border-radius:8px;overflow:hidden;"><tr><th colspan="2" style="padding:5px 8px;background:#1f6feb;color:#fff;text-align:left;font-size:12px;font-weight:600;">MG10303VM0001 - Seg. 11</th></tr><tr><th style="padding:3px 5px;text-align:left;background:#f3f4f6;border-bottom:1px solid #d1d5db;width:30%;font-size:11px;font-weight:600;color:#1f2937;">Serviço</th><td style="padding:3px 5px;border-bottom:1px solid #e5e7eb;font-size:11px;color:#111827;">Varrição Mecanizada (VM)</td></tr><tr><th style="padding:3px 5px;text-align:left;background:#f3f4f6;border-bottom:1px solid #d1d5db;width:30%;font-size:11px;font-weight:600;color:#1f2937;">Setor</th><td style="padding:3px 5px;border-bottom:1px solid #e5e7eb;font-size:11px;color:#111827;">MG10303VM0001</td></tr><tr><th style="padding:3px 5px;text-align:left;background:#f3f4f6;border-bottom:1px solid #d1d5db;width:30%;font-size:11px;font-weight:600;color:#1f2937;">Tipo de Serviço</th><td style="padding:3px 5px;border-bottom:1px solid #e5e7eb;font-size:11px;color:#111827;">Varrição Mecanizada</td></tr><tr><th style="padding:3px 5px;text-align:left;background:#f3f4f6;border-bottom:1px solid #d1d5db;width:30%;font-size:11px;font-weight:600;color:#1f2937;">Nome</th><td style="padding:3px 5px;border-bottom:1px solid #e5e7eb;font-size:11px;color:#111827;">MG10303VM0001 - Seg. 11</td></tr><tr><th style="padding:3px 5px;text-align:left;background:#f3f4f6;border-bottom:1px solid #d1d5db;width:30%;font-size:11px;font-weight:600;color:#1f2937;">Logradouro</th><td style="padding:3px 5px;border-bottom:1px solid #e5e7eb;font-size:11px;color:#111827;">Av Jose Maria Fernandes</td></tr><tr><th style="padding:3px 5px;text-align:left;background:#f3f4f6;border-bottom:1px solid #d1d5db;width:30%;font-size:11px;font-weight:600;color:#1f2937;">Subprefeitura</th><td style="padding:3px 5px;border-bottom:1px solid #e5e7eb;font-size:11px;color:#111827;">Vila Maria / Vila Guilherme</td></tr><tr><th style="padding:3px 5px;text-align:left;background:#f3f4f6;border-bottom:1px solid #d1d5db;width:30%;font-size:11px;font-weight:600;color:#1f2937;">Turno</th><td style="padding:3px 5px;border-bottom:1px solid #e5e7eb;font-size:11px;color:#111827;">Diurno</td></tr><tr><th style="padding:3px 5px;text-align:left;background:#f3f4f6;border-bottom:1px solid #d1d5db;width:30%;font-size:11px;font-weight:600;color:#1f2937;">Frequência</th><td style="padding:3px 5px;border-bottom:1px solid #e5e7eb;font-size:11px;color:#111827;">Terça, Sexta e Domingo</td></tr><tr><th style="padding:3px 5px;text-align:left;background:#f3f4f6;border-bottom:1px solid #d1d5db;width:30%;font-size:11px;font-weight:600;color:#1f2937;">Cronograma</th><td style="padding:3px 5px;border-bottom:1px solid #e5e7eb;font-size:11px;color:#111827;">—</td></tr></table>]]></description><LineString><coordinates>-46.5679700,-23.5164300,0 -46.5677200,-23.5093000,0 -46.5676200,-23.5055900,0 -46.5675500,-23.5047700,0</coordinates></LineString></Placemark>
<Style id="s-VM-43">
<LineStyle><color>ffebce87</color><width>3.0</width></LineStyle>
<PolyStyle><color>ffebce87</color></PolyStyle>
<IconStyle><color>ffebce87</color><scale>0.55</scale>
<Icon><href>http://maps.google.com/mapfiles/kml/shapes/placemark_circle.png</href></Icon>
</IconStyle>
<LabelStyle><scale>0.65</scale></LabelStyle>
</Style><Placemark><name>MG10303VM0001 - Seg. 12</name><styleUrl>#s-VM-43</styleUrl><description><![CDATA[<table style="border-collapse:collapse;width:100%;font-family:'Helvetica Neue',Helvetica,Arial,sans-serif;font-size:11px;border:1px solid #e5e7eb;border-radius:8px;overflow:hidden;"><tr><th colspan="2" style="padding:5px 8px;background:#1f6feb;color:#fff;text-align:left;font-size:12px;font-weight:600;">MG10303VM0001 - Seg. 12</th></tr><tr><th style="padding:3px 5px;text-align:left;background:#f3f4f6;border-bottom:1px solid #d1d5db;width:30%;font-size:11px;font-weight:600;color:#1f2937;">Serviço</th><td style="padding:3px 5px;border-bottom:1px solid #e5e7eb;font-size:11px;color:#111827;">Varrição Mecanizada (VM)</td></tr><tr><th style="padding:3px 5px;text-align:left;background:#f3f4f6;border-bottom:1px solid #d1d5db;width:30%;font-size:11px;font-weight:600;color:#1f2937;">Setor</th><td style="padding:3px 5px;border-bottom:1px solid #e5e7eb;font-size:11px;color:#111827;">MG10303VM0001</td></tr><tr><th style="padding:3px 5px;text-align:left;background:#f3f4f6;border-bottom:1px solid #d1d5db;width:30%;font-size:11px;font-weight:600;color:#1f2937;">Tipo de Serviço</th><td style="padding:3px 5px;border-bottom:1px solid #e5e7eb;font-size:11px;color:#111827;">Varrição Mecanizada</td></tr><tr><th style="padding:3px 5px;text-align:left;background:#f3f4f6;border-bottom:1px solid #d1d5db;width:30%;font-size:11px;font-weight:600;color:#1f2937;">Nome</th><td style="padding:3px 5px;border-bottom:1px solid #e5e7eb;font-size:11px;color:#111827;">MG10303VM0001 - Seg. 12</td></tr><tr><th style="padding:3px 5px;text-align:left;background:#f3f4f6;border-bottom:1px solid #d1d5db;width:30%;font-size:11px;font-weight:600;color:#1f2937;">Logradouro</th><td style="padding:3px 5px;border-bottom:1px solid #e5e7eb;font-size:11px;color:#111827;">Av Mal Argolo Ferrao</td></tr><tr><th style="padding:3px 5px;text-align:left;background:#f3f4f6;border-bottom:1px solid #d1d5db;width:30%;font-size:11px;font-weight:600;color:#1f2937;">Subprefeitura</th><td style="padding:3px 5px;border-bottom:1px solid #e5e7eb;font-size:11px;color:#111827;">Vila Maria / Vila Guilherme</td></tr><tr><th style="padding:3px 5px;text-align:left;background:#f3f4f6;border-bottom:1px solid #d1d5db;width:30%;font-size:11px;font-weight:600;color:#1f2937;">Turno</th><td style="padding:3px 5px;border-bottom:1px solid #e5e7eb;font-size:11px;color:#111827;">Diurno</td></tr><tr><th style="padding:3px 5px;text-align:left;background:#f3f4f6;border-bottom:1px solid #d1d5db;width:30%;font-size:11px;font-weight:600;color:#1f2937;">Frequência</th><td style="padding:3px 5px;border-bottom:1px solid #e5e7eb;font-size:11px;color:#111827;">Terça, Sexta e Domingo</td></tr><tr><th style="padding:3px 5px;text-align:left;background:#f3f4f6;border-bottom:1px solid #d1d5db;width:30%;font-size:11px;font-weight:600;color:#1f2937;">Cronograma</th><td style="padding:3px 5px;border-bottom:1px solid #e5e7eb;font-size:11px;color:#111827;">—</td></tr></table>]]></description><LineString><coordinates>-46.5741000,-23.4929200,0 -46.5724700,-23.4957800,0 -46.5723000,-23.4960900,0 -46.5722300,-23.4962600,0 -46.5716100,-23.4972900,0 -46.5705200,-23.4992600,0 -46.5701900,-23.4997800,0</coordinates></LineString></Placemark>
<Style id="s-VM-44">
<LineStyle><color>ffebce87</color><width>3.0</width></LineStyle>
<PolyStyle><color>ffebce87</color></PolyStyle>
<IconStyle><color>ffebce87</color><scale>0.55</scale>
<Icon><href>http://maps.google.com/mapfiles/kml/shapes/placemark_circle.png</href></Icon>
</IconStyle>
<LabelStyle><scale>0.65</scale></LabelStyle>
</Style><Placemark><name>MG10303VM0001 - Seg. 13</name><styleUrl>#s-VM-44</styleUrl><description><![CDATA[<table style="border-collapse:collapse;width:100%;font-family:'Helvetica Neue',Helvetica,Arial,sans-serif;font-size:11px;border:1px solid #e5e7eb;border-radius:8px;overflow:hidden;"><tr><th colspan="2" style="padding:5px 8px;background:#1f6feb;color:#fff;text-align:left;font-size:12px;font-weight:600;">MG10303VM0001 - Seg. 13</th></tr><tr><th style="padding:3px 5px;text-align:left;background:#f3f4f6;border-bottom:1px solid #d1d5db;width:30%;font-size:11px;font-weight:600;color:#1f2937;">Serviço</th><td style="padding:3px 5px;border-bottom:1px solid #e5e7eb;font-size:11px;color:#111827;">Varrição Mecanizada (VM)</td></tr><tr><th style="padding:3px 5px;text-align:left;background:#f3f4f6;border-bottom:1px solid #d1d5db;width:30%;font-size:11px;font-weight:600;color:#1f2937;">Setor</th><td style="padding:3px 5px;border-bottom:1px solid #e5e7eb;font-size:11px;color:#111827;">MG10303VM0001</td></tr><tr><th style="padding:3px 5px;text-align:left;background:#f3f4f6;border-bottom:1px solid #d1d5db;width:30%;font-size:11px;font-weight:600;color:#1f2937;">Tipo de Serviço</th><td style="padding:3px 5px;border-bottom:1px solid #e5e7eb;font-size:11px;color:#111827;">Varrição Mecanizada</td></tr><tr><th style="padding:3px 5px;text-align:left;background:#f3f4f6;border-bottom:1px solid #d1d5db;width:30%;font-size:11px;font-weight:600;color:#1f2937;">Nome</th><td style="padding:3px 5px;border-bottom:1px solid #e5e7eb;font-size:11px;color:#111827;">MG10303VM0001 - Seg. 13</td></tr><tr><th style="padding:3px 5px;text-align:left;background:#f3f4f6;border-bottom:1px solid #d1d5db;width:30%;font-size:11px;font-weight:600;color:#1f2937;">Logradouro</th><td style="padding:3px 5px;border-bottom:1px solid #e5e7eb;font-size:11px;color:#111827;">Av Mal Argolo Ferrao</td></tr><tr><th style="padding:3px 5px;text-align:left;background:#f3f4f6;border-bottom:1px solid #d1d5db;width:30%;font-size:11px;font-weight:600;color:#1f2937;">Subprefeitura</th><td style="padding:3px 5px;border-bottom:1px solid #e5e7eb;font-size:11px;color:#111827;">Vila Maria / Vila Guilherme</td></tr><tr><th style="padding:3px 5px;text-align:left;background:#f3f4f6;border-bottom:1px solid #d1d5db;width:30%;font-size:11px;font-weight:600;color:#1f2937;">Turno</th><td style="padding:3px 5px;border-bottom:1px solid #e5e7eb;font-size:11px;color:#111827;">Diurno</td></tr><tr><th style="padding:3px 5px;text-align:left;background:#f3f4f6;border-bottom:1px solid #d1d5db;width:30%;font-size:11px;font-weight:600;color:#1f2937;">Frequência</th><td style="padding:3px 5px;border-bottom:1px solid #e5e7eb;font-size:11px;color:#111827;">Terça, Sexta e Domingo</td></tr><tr><th style="padding:3px 5px;text-align:left;background:#f3f4f6;border-bottom:1px solid #d1d5db;width:30%;font-size:11px;font-weight:600;color:#1f2937;">Cronograma</th><td style="padding:3px 5px;border-bottom:1px solid #e5e7eb;font-size:11px;color:#111827;">—</td></tr></table>]]></description><LineString><coordinates>-46.5739500,-23.4928400,0 -46.5708700,-23.4983300,0 -46.5704200,-23.4990700,0 -46.5700900,-23.4996700,0</coordinates></LineString></Placemark>
<Style id="s-VM-45">
<LineStyle><color>ffebce87</color><width>3.0</width></LineStyle>
<PolyStyle><color>ffebce87</color></PolyStyle>
<IconStyle><color>ffebce87</color><scale>0.55</scale>
<Icon><href>http://maps.google.com/mapfiles/kml/shapes/placemark_circle.png</href></Icon>
</IconStyle>
<LabelStyle><scale>0.65</scale></LabelStyle>
</Style><Placemark><name>MG10303VM0001 - Seg. 14</name><styleUrl>#s-VM-45</styleUrl><description><![CDATA[<table style="border-collapse:collapse;width:100%;font-family:'Helvetica Neue',Helvetica,Arial,sans-serif;font-size:11px;border:1px solid #e5e7eb;border-radius:8px;overflow:hidden;"><tr><th colspan="2" style="padding:5px 8px;background:#1f6feb;color:#fff;text-align:left;font-size:12px;font-weight:600;">MG10303VM0001 - Seg. 14</th></tr><tr><th style="padding:3px 5px;text-align:left;background:#f3f4f6;border-bottom:1px solid #d1d5db;width:30%;font-size:11px;font-weight:600;color:#1f2937;">Serviço</th><td style="padding:3px 5px;border-bottom:1px solid #e5e7eb;font-size:11px;color:#111827;">Varrição Mecanizada (VM)</td></tr><tr><th style="padding:3px 5px;text-align:left;background:#f3f4f6;border-bottom:1px solid #d1d5db;width:30%;font-size:11px;font-weight:600;color:#1f2937;">Setor</th><td style="padding:3px 5px;border-bottom:1px solid #e5e7eb;font-size:11px;color:#111827;">MG10303VM0001</td></tr><tr><th style="padding:3px 5px;text-align:left;background:#f3f4f6;border-bottom:1px solid #d1d5db;width:30%;font-size:11px;font-weight:600;color:#1f2937;">Tipo de Serviço</th><td style="padding:3px 5px;border-bottom:1px solid #e5e7eb;font-size:11px;color:#111827;">Varrição Mecanizada</td></tr><tr><th style="padding:3px 5px;text-align:left;background:#f3f4f6;border-bottom:1px solid #d1d5db;width:30%;font-size:11px;font-weight:600;color:#1f2937;">Nome</th><td style="padding:3px 5px;border-bottom:1px solid #e5e7eb;font-size:11px;color:#111827;">MG10303VM0001 - Seg. 14</td></tr><tr><th style="padding:3px 5px;text-align:left;background:#f3f4f6;border-bottom:1px solid #d1d5db;width:30%;font-size:11px;font-weight:600;color:#1f2937;">Logradouro</th><td style="padding:3px 5px;border-bottom:1px solid #e5e7eb;font-size:11px;color:#111827;">Av Manuel Antonio Goncalves</td></tr><tr><th style="padding:3px 5px;text-align:left;background:#f3f4f6;border-bottom:1px solid #d1d5db;width:30%;font-size:11px;font-weight:600;color:#1f2937;">Subprefeitura</th><td style="padding:3px 5px;border-bottom:1px solid #e5e7eb;font-size:11px;color:#111827;">Vila Maria / Vila Guilherme</td></tr><tr><th style="padding:3px 5px;text-align:left;background:#f3f4f6;border-bottom:1px solid #d1d5db;width:30%;font-size:11px;font-weight:600;color:#1f2937;">Turno</th><td style="padding:3px 5px;border-bottom:1px solid #e5e7eb;font-size:11px;color:#111827;">Diurno</td></tr><tr><th style="padding:3px 5px;text-align:left;background:#f3f4f6;border-bottom:1px solid #d1d5db;width:30%;font-size:11px;font-weight:600;color:#1f2937;">Frequência</th><td style="padding:3px 5px;border-bottom:1px solid #e5e7eb;font-size:11px;color:#111827;">Terça, Sexta e Domingo</td></tr><tr><th style="padding:3px 5px;text-align:left;background:#f3f4f6;border-bottom:1px solid #d1d5db;width:30%;font-size:11px;font-weight:600;color:#1f2937;">Cronograma</th><td style="padding:3px 5px;border-bottom:1px solid #e5e7eb;font-size:11px;color:#111827;">—</td></tr></table>]]></description><LineString><coordinates>-46.5728500,-23.4995400,0 -46.5728700,-23.4994500,0 -46.5728100,-23.4991900,0 -46.5729100,-23.4983100,0 -46.5729200,-23.4979200,0 -46.5729000,-23.4975500,0 -46.5726800,-23.4967800,0 -46.5722600,-23.4960100,0 -46.5695100,-23.4915700,0</coordinates></LineString></Placemark>
<Style id="s-VM-46">
<LineStyle><color>ffebce87</color><width>3.0</width></LineStyle>
<PolyStyle><color>ffebce87</color></PolyStyle>
<IconStyle><color>ffebce87</color><scale>0.55</scale>
<Icon><href>http://maps.google.com/mapfiles/kml/shapes/placemark_circle.png</href></Icon>
</IconStyle>
<LabelStyle><scale>0.65</scale></LabelStyle>
</Style><Placemark><name>MG10303VM0001 - Seg. 15</name><styleUrl>#s-VM-46</styleUrl><description><![CDATA[<table style="border-collapse:collapse;width:100%;font-family:'Helvetica Neue',Helvetica,Arial,sans-serif;font-size:11px;border:1px solid #e5e7eb;border-radius:8px;overflow:hidden;"><tr><th colspan="2" style="padding:5px 8px;background:#1f6feb;color:#fff;text-align:left;font-size:12px;font-weight:600;">MG10303VM0001 - Seg. 15</th></tr><tr><th style="padding:3px 5px;text-align:left;background:#f3f4f6;border-bottom:1px solid #d1d5db;width:30%;font-size:11px;font-weight:600;color:#1f2937;">Serviço</th><td style="padding:3px 5px;border-bottom:1px solid #e5e7eb;font-size:11px;color:#111827;">Varrição Mecanizada (VM)</td></tr><tr><th style="padding:3px 5px;text-align:left;background:#f3f4f6;border-bottom:1px solid #d1d5db;width:30%;font-size:11px;font-weight:600;color:#1f2937;">Setor</th><td style="padding:3px 5px;border-bottom:1px solid #e5e7eb;font-size:11px;color:#111827;">MG10303VM0001</td></tr><tr><th style="padding:3px 5px;text-align:left;background:#f3f4f6;border-bottom:1px solid #d1d5db;width:30%;font-size:11px;font-weight:600;color:#1f2937;">Tipo de Serviço</th><td style="padding:3px 5px;border-bottom:1px solid #e5e7eb;font-size:11px;color:#111827;">Varrição Mecanizada</td></tr><tr><th style="padding:3px 5px;text-align:left;background:#f3f4f6;border-bottom:1px solid #d1d5db;width:30%;font-size:11px;font-weight:600;color:#1f2937;">Nome</th><td style="padding:3px 5px;border-bottom:1px solid #e5e7eb;font-size:11px;color:#111827;">MG10303VM0001 - Seg. 15</td></tr><tr><th style="padding:3px 5px;text-align:left;background:#f3f4f6;border-bottom:1px solid #d1d5db;width:30%;font-size:11px;font-weight:600;color:#1f2937;">Logradouro</th><td style="padding:3px 5px;border-bottom:1px solid #e5e7eb;font-size:11px;color:#111827;">Av Manuel Antonio Goncalves</td></tr><tr><th style="padding:3px 5px;text-align:left;background:#f3f4f6;border-bottom:1px solid #d1d5db;width:30%;font-size:11px;font-weight:600;color:#1f2937;">Subprefeitura</th><td style="padding:3px 5px;border-bottom:1px solid #e5e7eb;font-size:11px;color:#111827;">Vila Maria / Vila Guilherme</td></tr><tr><th style="padding:3px 5px;text-align:left;background:#f3f4f6;border-bottom:1px solid #d1d5db;width:30%;font-size:11px;font-weight:600;color:#1f2937;">Turno</th><td style="padding:3px 5px;border-bottom:1px solid #e5e7eb;font-size:11px;color:#111827;">Diurno</td></tr><tr><th style="padding:3px 5px;text-align:left;background:#f3f4f6;border-bottom:1px solid #d1d5db;width:30%;font-size:11px;font-weight:600;color:#1f2937;">Frequência</th><td style="padding:3px 5px;border-bottom:1px solid #e5e7eb;font-size:11px;color:#111827;">Terça, Sexta e Domingo</td></tr><tr><th style="padding:3px 5px;text-align:left;background:#f3f4f6;border-bottom:1px solid #d1d5db;width:30%;font-size:11px;font-weight:600;color:#1f2937;">Cronograma</th><td style="padding:3px 5px;border-bottom:1px solid #e5e7eb;font-size:11px;color:#111827;">—</td></tr></table>]]></description><LineString><coordinates>-46.5726900,-23.4997100,0 -46.5726000,-23.4995800,0 -46.5725600,-23.4993700,0 -46.5725900,-23.4991600,0 -46.5727700,-23.4983500,0 -46.5727400,-23.4975300,0 -46.5725600,-23.4968700,0 -46.5721800,-23.4961700,0 -46.5709900,-23.4942800,0 -46.5694900,-23.4918400,0 -46.5692700,-23.4915200,0</coordinates></LineString></Placemark>
<Style id="s-VM-47">
<LineStyle><color>ffebce87</color><width>3.0</width></LineStyle>
<PolyStyle><color>ffebce87</color></PolyStyle>
<IconStyle><color>ffebce87</color><scale>0.55</scale>
<Icon><href>http://maps.google.com/mapfiles/kml/shapes/placemark_circle.png</href></Icon>
</IconStyle>
<LabelStyle><scale>0.65</scale></LabelStyle>
</Style><Placemark><name>MG10303VM0001 - Seg. 16</name><styleUrl>#s-VM-47</styleUrl><description><![CDATA[<table style="border-collapse:collapse;width:100%;font-family:'Helvetica Neue',Helvetica,Arial,sans-serif;font-size:11px;border:1px solid #e5e7eb;border-radius:8px;overflow:hidden;"><tr><th colspan="2" style="padding:5px 8px;background:#1f6feb;color:#fff;text-align:left;font-size:12px;font-weight:600;">MG10303VM0001 - Seg. 16</th></tr><tr><th style="padding:3px 5px;text-align:left;background:#f3f4f6;border-bottom:1px solid #d1d5db;width:30%;font-size:11px;font-weight:600;color:#1f2937;">Serviço</th><td style="padding:3px 5px;border-bottom:1px solid #e5e7eb;font-size:11px;color:#111827;">Varrição Mecanizada (VM)</td></tr><tr><th style="padding:3px 5px;text-align:left;background:#f3f4f6;border-bottom:1px solid #d1d5db;width:30%;font-size:11px;font-weight:600;color:#1f2937;">Setor</th><td style="padding:3px 5px;border-bottom:1px solid #e5e7eb;font-size:11px;color:#111827;">MG10303VM0001</td></tr><tr><th style="padding:3px 5px;text-align:left;background:#f3f4f6;border-bottom:1px solid #d1d5db;width:30%;font-size:11px;font-weight:600;color:#1f2937;">Tipo de Serviço</th><td style="padding:3px 5px;border-bottom:1px solid #e5e7eb;font-size:11px;color:#111827;">Varrição Mecanizada</td></tr><tr><th style="padding:3px 5px;text-align:left;background:#f3f4f6;border-bottom:1px solid #d1d5db;width:30%;font-size:11px;font-weight:600;color:#1f2937;">Nome</th><td style="padding:3px 5px;border-bottom:1px solid #e5e7eb;font-size:11px;color:#111827;">MG10303VM0001 - Seg. 16</td></tr><tr><th style="padding:3px 5px;text-align:left;background:#f3f4f6;border-bottom:1px solid #d1d5db;width:30%;font-size:11px;font-weight:600;color:#1f2937;">Logradouro</th><td style="padding:3px 5px;border-bottom:1px solid #e5e7eb;font-size:11px;color:#111827;">Av Nadir Dias de Figueiredo</td></tr><tr><th style="padding:3px 5px;text-align:left;background:#f3f4f6;border-bottom:1px solid #d1d5db;width:30%;font-size:11px;font-weight:600;color:#1f2937;">Subprefeitura</th><td style="padding:3px 5px;border-bottom:1px solid #e5e7eb;font-size:11px;color:#111827;">Vila Maria / Vila Guilherme</td></tr><tr><th style="padding:3px 5px;text-align:left;background:#f3f4f6;border-bottom:1px solid #d1d5db;width:30%;font-size:11px;font-weight:600;color:#1f2937;">Turno</th><td style="padding:3px 5px;border-bottom:1px solid #e5e7eb;font-size:11px;color:#111827;">Diurno</td></tr><tr><th style="padding:3px 5px;text-align:left;background:#f3f4f6;border-bottom:1px solid #d1d5db;width:30%;font-size:11px;font-weight:600;color:#1f2937;">Frequência</th><td style="padding:3px 5px;border-bottom:1px solid #e5e7eb;font-size:11px;color:#111827;">Terça, Sexta e Domingo</td></tr><tr><th style="padding:3px 5px;text-align:left;background:#f3f4f6;border-bottom:1px solid #d1d5db;width:30%;font-size:11px;font-weight:600;color:#1f2937;">Cronograma</th><td style="padding:3px 5px;border-bottom:1px solid #e5e7eb;font-size:11px;color:#111827;">—</td></tr></table>]]></description><LineString><coordinates>-46.5956400,-23.5243700,0 -46.5960300,-23.5236600,0 -46.5961800,-23.5228800,0 -46.5962700,-23.5221000,0 -46.5960400,-23.5213400,0 -46.5955500,-23.5206800,0 -46.5952800,-23.5199600,0 -46.5952400,-23.5168900,0 -46.5950800,-23.5100600,0</coordinates></LineString></Placemark>
<Style id="s-VM-48">
<LineStyle><color>ffebce87</color><width>3.0</width></LineStyle>
<PolyStyle><color>ffebce87</color></PolyStyle>
<IconStyle><color>ffebce87</color><scale>0.55</scale>
<Icon><href>http://maps.google.com/mapfiles/kml/shapes/placemark_circle.png</href></Icon>
</IconStyle>
<LabelStyle><scale>0.65</scale></LabelStyle>
</Style><Placemark><name>MG10303VM0001 - Seg. 17</name><styleUrl>#s-VM-48</styleUrl><description><![CDATA[<table style="border-collapse:collapse;width:100%;font-family:'Helvetica Neue',Helvetica,Arial,sans-serif;font-size:11px;border:1px solid #e5e7eb;border-radius:8px;overflow:hidden;"><tr><th colspan="2" style="padding:5px 8px;background:#1f6feb;color:#fff;text-align:left;font-size:12px;font-weight:600;">MG10303VM0001 - Seg. 17</th></tr><tr><th style="padding:3px 5px;text-align:left;background:#f3f4f6;border-bottom:1px solid #d1d5db;width:30%;font-size:11px;font-weight:600;color:#1f2937;">Serviço</th><td style="padding:3px 5px;border-bottom:1px solid #e5e7eb;font-size:11px;color:#111827;">Varrição Mecanizada (VM)</td></tr><tr><th style="padding:3px 5px;text-align:left;background:#f3f4f6;border-bottom:1px solid #d1d5db;width:30%;font-size:11px;font-weight:600;color:#1f2937;">Setor</th><td style="padding:3px 5px;border-bottom:1px solid #e5e7eb;font-size:11px;color:#111827;">MG10303VM0001</td></tr><tr><th style="padding:3px 5px;text-align:left;background:#f3f4f6;border-bottom:1px solid #d1d5db;width:30%;font-size:11px;font-weight:600;color:#1f2937;">Tipo de Serviço</th><td style="padding:3px 5px;border-bottom:1px solid #e5e7eb;font-size:11px;color:#111827;">Varrição Mecanizada</td></tr><tr><th style="padding:3px 5px;text-align:left;background:#f3f4f6;border-bottom:1px solid #d1d5db;width:30%;font-size:11px;font-weight:600;color:#1f2937;">Nome</th><td style="padding:3px 5px;border-bottom:1px solid #e5e7eb;font-size:11px;color:#111827;">MG10303VM0001 - Seg. 17</td></tr><tr><th style="padding:3px 5px;text-align:left;background:#f3f4f6;border-bottom:1px solid #d1d5db;width:30%;font-size:11px;font-weight:600;color:#1f2937;">Logradouro</th><td style="padding:3px 5px;border-bottom:1px solid #e5e7eb;font-size:11px;color:#111827;">Av Nadir Dias de Figueiredo</td></tr><tr><th style="padding:3px 5px;text-align:left;background:#f3f4f6;border-bottom:1px solid #d1d5db;width:30%;font-size:11px;font-weight:600;color:#1f2937;">Subprefeitura</th><td style="padding:3px 5px;border-bottom:1px solid #e5e7eb;font-size:11px;color:#111827;">Vila Maria / Vila Guilherme</td></tr><tr><th style="padding:3px 5px;text-align:left;background:#f3f4f6;border-bottom:1px solid #d1d5db;width:30%;font-size:11px;font-weight:600;color:#1f2937;">Turno</th><td style="padding:3px 5px;border-bottom:1px solid #e5e7eb;font-size:11px;color:#111827;">Diurno</td></tr><tr><th style="padding:3px 5px;text-align:left;background:#f3f4f6;border-bottom:1px solid #d1d5db;width:30%;font-size:11px;font-weight:600;color:#1f2937;">Frequência</th><td style="padding:3px 5px;border-bottom:1px solid #e5e7eb;font-size:11px;color:#111827;">Terça, Sexta e Domingo</td></tr><tr><th style="padding:3px 5px;text-align:left;background:#f3f4f6;border-bottom:1px solid #d1d5db;width:30%;font-size:11px;font-weight:600;color:#1f2937;">Cronograma</th><td style="padding:3px 5px;border-bottom:1px solid #e5e7eb;font-size:11px;color:#111827;">—</td></tr></table>]]></description><LineString><coordinates>-46.5951600,-23.5246800,0 -46.5955900,-23.5239600,0 -46.5958800,-23.5231700,0 -46.5960200,-23.5223400,0 -46.5958600,-23.5215200,0 -46.5952100,-23.5206200,0 -46.5951100,-23.5204100,0 -46.5950400,-23.5197900,0 -46.5950300,-23.5173300,0 -46.5948600,-23.5103800,0 -46.5948600,-23.5100600,0 -46.5948800,-23.5099700,0</coordinates></LineString></Placemark>
<Style id="s-VM-49">
<LineStyle><color>ffebce87</color><width>3.0</width></LineStyle>
<PolyStyle><color>ffebce87</color></PolyStyle>
<IconStyle><color>ffebce87</color><scale>0.55</scale>
<Icon><href>http://maps.google.com/mapfiles/kml/shapes/placemark_circle.png</href></Icon>
</IconStyle>
<LabelStyle><scale>0.65</scale></LabelStyle>
</Style><Placemark><name>MG10303VM0001 - Seg. 18</name><styleUrl>#s-VM-49</styleUrl><description><![CDATA[<table style="border-collapse:collapse;width:100%;font-family:'Helvetica Neue',Helvetica,Arial,sans-serif;font-size:11px;border:1px solid #e5e7eb;border-radius:8px;overflow:hidden;"><tr><th colspan="2" style="padding:5px 8px;background:#1f6feb;color:#fff;text-align:left;font-size:12px;font-weight:600;">MG10303VM0001 - Seg. 18</th></tr><tr><th style="padding:3px 5px;text-align:left;background:#f3f4f6;border-bottom:1px solid #d1d5db;width:30%;font-size:11px;font-weight:600;color:#1f2937;">Serviço</th><td style="padding:3px 5px;border-bottom:1px solid #e5e7eb;font-size:11px;color:#111827;">Varrição Mecanizada (VM)</td></tr><tr><th style="padding:3px 5px;text-align:left;background:#f3f4f6;border-bottom:1px solid #d1d5db;width:30%;font-size:11px;font-weight:600;color:#1f2937;">Setor</th><td style="padding:3px 5px;border-bottom:1px solid #e5e7eb;font-size:11px;color:#111827;">MG10303VM0001</td></tr><tr><th style="padding:3px 5px;text-align:left;background:#f3f4f6;border-bottom:1px solid #d1d5db;width:30%;font-size:11px;font-weight:600;color:#1f2937;">Tipo de Serviço</th><td style="padding:3px 5px;border-bottom:1px solid #e5e7eb;font-size:11px;color:#111827;">Varrição Mecanizada</td></tr><tr><th style="padding:3px 5px;text-align:left;background:#f3f4f6;border-bottom:1px solid #d1d5db;width:30%;font-size:11px;font-weight:600;color:#1f2937;">Nome</th><td style="padding:3px 5px;border-bottom:1px solid #e5e7eb;font-size:11px;color:#111827;">MG10303VM0001 - Seg. 18</td></tr><tr><th style="padding:3px 5px;text-align:left;background:#f3f4f6;border-bottom:1px solid #d1d5db;width:30%;font-size:11px;font-weight:600;color:#1f2937;">Logradouro</th><td style="padding:3px 5px;border-bottom:1px solid #e5e7eb;font-size:11px;color:#111827;">Av Otto Baumgart</td></tr><tr><th style="padding:3px 5px;text-align:left;background:#f3f4f6;border-bottom:1px solid #d1d5db;width:30%;font-size:11px;font-weight:600;color:#1f2937;">Subprefeitura</th><td style="padding:3px 5px;border-bottom:1px solid #e5e7eb;font-size:11px;color:#111827;">Vila Maria / Vila Guilherme</td></tr><tr><th style="padding:3px 5px;text-align:left;background:#f3f4f6;border-bottom:1px solid #d1d5db;width:30%;font-size:11px;font-weight:600;color:#1f2937;">Turno</th><td style="padding:3px 5px;border-bottom:1px solid #e5e7eb;font-size:11px;color:#111827;">Diurno</td></tr><tr><th style="padding:3px 5px;text-align:left;background:#f3f4f6;border-bottom:1px solid #d1d5db;width:30%;font-size:11px;font-weight:600;color:#1f2937;">Frequência</th><td style="padding:3px 5px;border-bottom:1px solid #e5e7eb;font-size:11px;color:#111827;">Terça, Sexta e Domingo</td></tr><tr><th style="padding:3px 5px;text-align:left;background:#f3f4f6;border-bottom:1px solid #d1d5db;width:30%;font-size:11px;font-weight:600;color:#1f2937;">Cronograma</th><td style="padding:3px 5px;border-bottom:1px solid #e5e7eb;font-size:11px;color:#111827;">—</td></tr></table>]]></description><LineString><coordinates>-46.6157800,-23.5090200,0 -46.6159600,-23.5088700,0 -46.6158400,-23.5104600,0 -46.6157700,-23.5097300,0 -46.6157800,-23.5090200,0 -46.6158900,-23.5109500,0 -46.6158400,-23.5104600,0 -46.6165200,-23.5169800,0 -46.6163000,-23.5148200,0 -46.6165400,-23.5172900,0 -46.6165200,-23.5169800,0 -46.6165400,-23.5172900,0 -46.6164900,-23.5181000,0 -46.6172500,-23.5183500,0 -46.6163500,-23.5187200,0 -46.6163800,-23.5172800,0 -46.6157100,-23.5108800,0 -46.6154600,-23.5081500,0</coordinates></LineString></Placemark>
<Style id="s-VM-50">
<LineStyle><color>ffebce87</color><width>3.0</width></LineStyle>
<PolyStyle><color>ffebce87</color></PolyStyle>
<IconStyle><color>ffebce87</color><scale>0.55</scale>
<Icon><href>http://maps.google.com/mapfiles/kml/shapes/placemark_circle.png</href></Icon>
</IconStyle>
<LabelStyle><scale>0.65</scale></LabelStyle>
</Style><Placemark><name>MG10303VM0001 - Seg. 19</name><styleUrl>#s-VM-50</styleUrl><description><![CDATA[<table style="border-collapse:collapse;width:100%;font-family:'Helvetica Neue',Helvetica,Arial,sans-serif;font-size:11px;border:1px solid #e5e7eb;border-radius:8px;overflow:hidden;"><tr><th colspan="2" style="padding:5px 8px;background:#1f6feb;color:#fff;text-align:left;font-size:12px;font-weight:600;">MG10303VM0001 - Seg. 19</th></tr><tr><th style="padding:3px 5px;text-align:left;background:#f3f4f6;border-bottom:1px solid #d1d5db;width:30%;font-size:11px;font-weight:600;color:#1f2937;">Serviço</th><td style="padding:3px 5px;border-bottom:1px solid #e5e7eb;font-size:11px;color:#111827;">Varrição Mecanizada (VM)</td></tr><tr><th style="padding:3px 5px;text-align:left;background:#f3f4f6;border-bottom:1px solid #d1d5db;width:30%;font-size:11px;font-weight:600;color:#1f2937;">Setor</th><td style="padding:3px 5px;border-bottom:1px solid #e5e7eb;font-size:11px;color:#111827;">MG10303VM0001</td></tr><tr><th style="padding:3px 5px;text-align:left;background:#f3f4f6;border-bottom:1px solid #d1d5db;width:30%;font-size:11px;font-weight:600;color:#1f2937;">Tipo de Serviço</th><td style="padding:3px 5px;border-bottom:1px solid #e5e7eb;font-size:11px;color:#111827;">Varrição Mecanizada</td></tr><tr><th style="padding:3px 5px;text-align:left;background:#f3f4f6;border-bottom:1px solid #d1d5db;width:30%;font-size:11px;font-weight:600;color:#1f2937;">Nome</th><td style="padding:3px 5px;border-bottom:1px solid #e5e7eb;font-size:11px;color:#111827;">MG10303VM0001 - Seg. 19</td></tr><tr><th style="padding:3px 5px;text-align:left;background:#f3f4f6;border-bottom:1px solid #d1d5db;width:30%;font-size:11px;font-weight:600;color:#1f2937;">Logradouro</th><td style="padding:3px 5px;border-bottom:1px solid #e5e7eb;font-size:11px;color:#111827;">Av Serafim Goncalves Pereira</td></tr><tr><th style="padding:3px 5px;text-align:left;background:#f3f4f6;border-bottom:1px solid #d1d5db;width:30%;font-size:11px;font-weight:600;color:#1f2937;">Subprefeitura</th><td style="padding:3px 5px;border-bottom:1px solid #e5e7eb;font-size:11px;color:#111827;">Vila Maria / Vila Guilherme</td></tr><tr><th style="padding:3px 5px;text-align:left;background:#f3f4f6;border-bottom:1px solid #d1d5db;width:30%;font-size:11px;font-weight:600;color:#1f2937;">Turno</th><td style="padding:3px 5px;border-bottom:1px solid #e5e7eb;font-size:11px;color:#111827;">Diurno</td></tr><tr><th style="padding:3px 5px;text-align:left;background:#f3f4f6;border-bottom:1px solid #d1d5db;width:30%;font-size:11px;font-weight:600;color:#1f2937;">Frequência</th><td style="padding:3px 5px;border-bottom:1px solid #e5e7eb;font-size:11px;color:#111827;">Terça, Sexta e Domingo</td></tr><tr><th style="padding:3px 5px;text-align:left;background:#f3f4f6;border-bottom:1px solid #d1d5db;width:30%;font-size:11px;font-weight:600;color:#1f2937;">Cronograma</th><td style="padding:3px 5px;border-bottom:1px solid #e5e7eb;font-size:11px;color:#111827;">—</td></tr></table>]]></description><LineString><coordinates>-46.5684000,-23.5246700,0 -46.5682100,-23.5192700,0 -46.5681600,-23.5182900,0</coordinates></LineString></Placemark>
<Style id="s-VM-51">
<LineStyle><color>ffebce87</color><width>3.0</width></LineStyle>
<PolyStyle><color>ffebce87</color></PolyStyle>
<IconStyle><color>ffebce87</color><scale>0.55</scale>
<Icon><href>http://maps.google.com/mapfiles/kml/shapes/placemark_circle.png</href></Icon>
</IconStyle>
<LabelStyle><scale>0.65</scale></LabelStyle>
</Style><Placemark><name>MG10303VM0001 - Seg. 20</name><styleUrl>#s-VM-51</styleUrl><description><![CDATA[<table style="border-collapse:collapse;width:100%;font-family:'Helvetica Neue',Helvetica,Arial,sans-serif;font-size:11px;border:1px solid #e5e7eb;border-radius:8px;overflow:hidden;"><tr><th colspan="2" style="padding:5px 8px;background:#1f6feb;color:#fff;text-align:left;font-size:12px;font-weight:600;">MG10303VM0001 - Seg. 20</th></tr><tr><th style="padding:3px 5px;text-align:left;background:#f3f4f6;border-bottom:1px solid #d1d5db;width:30%;font-size:11px;font-weight:600;color:#1f2937;">Serviço</th><td style="padding:3px 5px;border-bottom:1px solid #e5e7eb;font-size:11px;color:#111827;">Varrição Mecanizada (VM)</td></tr><tr><th style="padding:3px 5px;text-align:left;background:#f3f4f6;border-bottom:1px solid #d1d5db;width:30%;font-size:11px;font-weight:600;color:#1f2937;">Setor</th><td style="padding:3px 5px;border-bottom:1px solid #e5e7eb;font-size:11px;color:#111827;">MG10303VM0001</td></tr><tr><th style="padding:3px 5px;text-align:left;background:#f3f4f6;border-bottom:1px solid #d1d5db;width:30%;font-size:11px;font-weight:600;color:#1f2937;">Tipo de Serviço</th><td style="padding:3px 5px;border-bottom:1px solid #e5e7eb;font-size:11px;color:#111827;">Varrição Mecanizada</td></tr><tr><th style="padding:3px 5px;text-align:left;background:#f3f4f6;border-bottom:1px solid #d1d5db;width:30%;font-size:11px;font-weight:600;color:#1f2937;">Nome</th><td style="padding:3px 5px;border-bottom:1px solid #e5e7eb;font-size:11px;color:#111827;">MG10303VM0001 - Seg. 20</td></tr><tr><th style="padding:3px 5px;text-align:left;background:#f3f4f6;border-bottom:1px solid #d1d5db;width:30%;font-size:11px;font-weight:600;color:#1f2937;">Logradouro</th><td style="padding:3px 5px;border-bottom:1px solid #e5e7eb;font-size:11px;color:#111827;">Av Serafim Goncalves Pereira</td></tr><tr><th style="padding:3px 5px;text-align:left;background:#f3f4f6;border-bottom:1px solid #d1d5db;width:30%;font-size:11px;font-weight:600;color:#1f2937;">Subprefeitura</th><td style="padding:3px 5px;border-bottom:1px solid #e5e7eb;font-size:11px;color:#111827;">Vila Maria / Vila Guilherme</td></tr><tr><th style="padding:3px 5px;text-align:left;background:#f3f4f6;border-bottom:1px solid #d1d5db;width:30%;font-size:11px;font-weight:600;color:#1f2937;">Turno</th><td style="padding:3px 5px;border-bottom:1px solid #e5e7eb;font-size:11px;color:#111827;">Diurno</td></tr><tr><th style="padding:3px 5px;text-align:left;background:#f3f4f6;border-bottom:1px solid #d1d5db;width:30%;font-size:11px;font-weight:600;color:#1f2937;">Frequência</th><td style="padding:3px 5px;border-bottom:1px solid #e5e7eb;font-size:11px;color:#111827;">Terça, Sexta e Domingo</td></tr><tr><th style="padding:3px 5px;text-align:left;background:#f3f4f6;border-bottom:1px solid #d1d5db;width:30%;font-size:11px;font-weight:600;color:#1f2937;">Cronograma</th><td style="padding:3px 5px;border-bottom:1px solid #e5e7eb;font-size:11px;color:#111827;">—</td></tr></table>]]></description><LineString><coordinates>-46.5682700,-23.5246100,0 -46.5682200,-23.5238800,0 -46.5681600,-23.5224200,0 -46.5680300,-23.5183000,0</coordinates></LineString></Placemark>
<Style id="s-VM-52">
<LineStyle><color>ffebce87</color><width>3.0</width></LineStyle>
<PolyStyle><color>ffebce87</color></PolyStyle>
<IconStyle><color>ffebce87</color><scale>0.55</scale>
<Icon><href>http://maps.google.com/mapfiles/kml/shapes/placemark_circle.png</href></Icon>
</IconStyle>
<LabelStyle><scale>0.65</scale></LabelStyle>
</Style><Placemark><name>MG10303VM0001 - Seg. 21</name><styleUrl>#s-VM-52</styleUrl><description><![CDATA[<table style="border-collapse:collapse;width:100%;font-family:'Helvetica Neue',Helvetica,Arial,sans-serif;font-size:11px;border:1px solid #e5e7eb;border-radius:8px;overflow:hidden;"><tr><th colspan="2" style="padding:5px 8px;background:#1f6feb;color:#fff;text-align:left;font-size:12px;font-weight:600;">MG10303VM0001 - Seg. 21</th></tr><tr><th style="padding:3px 5px;text-align:left;background:#f3f4f6;border-bottom:1px solid #d1d5db;width:30%;font-size:11px;font-weight:600;color:#1f2937;">Serviço</th><td style="padding:3px 5px;border-bottom:1px solid #e5e7eb;font-size:11px;color:#111827;">Varrição Mecanizada (VM)</td></tr><tr><th style="padding:3px 5px;text-align:left;background:#f3f4f6;border-bottom:1px solid #d1d5db;width:30%;font-size:11px;font-weight:600;color:#1f2937;">Setor</th><td style="padding:3px 5px;border-bottom:1px solid #e5e7eb;font-size:11px;color:#111827;">MG10303VM0001</td></tr><tr><th style="padding:3px 5px;text-align:left;background:#f3f4f6;border-bottom:1px solid #d1d5db;width:30%;font-size:11px;font-weight:600;color:#1f2937;">Tipo de Serviço</th><td style="padding:3px 5px;border-bottom:1px solid #e5e7eb;font-size:11px;color:#111827;">Varrição Mecanizada</td></tr><tr><th style="padding:3px 5px;text-align:left;background:#f3f4f6;border-bottom:1px solid #d1d5db;width:30%;font-size:11px;font-weight:600;color:#1f2937;">Nome</th><td style="padding:3px 5px;border-bottom:1px solid #e5e7eb;font-size:11px;color:#111827;">MG10303VM0001 - Seg. 21</td></tr><tr><th style="padding:3px 5px;text-align:left;background:#f3f4f6;border-bottom:1px solid #d1d5db;width:30%;font-size:11px;font-weight:600;color:#1f2937;">Logradouro</th><td style="padding:3px 5px;border-bottom:1px solid #e5e7eb;font-size:11px;color:#111827;">Av Ten Amaro Felicissimo da Silveira</td></tr><tr><th style="padding:3px 5px;text-align:left;background:#f3f4f6;border-bottom:1px solid #d1d5db;width:30%;font-size:11px;font-weight:600;color:#1f2937;">Subprefeitura</th><td style="padding:3px 5px;border-bottom:1px solid #e5e7eb;font-size:11px;color:#111827;">Vila Maria / Vila Guilherme</td></tr><tr><th style="padding:3px 5px;text-align:left;background:#f3f4f6;border-bottom:1px solid #d1d5db;width:30%;font-size:11px;font-weight:600;color:#1f2937;">Turno</th><td style="padding:3px 5px;border-bottom:1px solid #e5e7eb;font-size:11px;color:#111827;">Diurno</td></tr><tr><th style="padding:3px 5px;text-align:left;background:#f3f4f6;border-bottom:1px solid #d1d5db;width:30%;font-size:11px;font-weight:600;color:#1f2937;">Frequência</th><td style="padding:3px 5px;border-bottom:1px solid #e5e7eb;font-size:11px;color:#111827;">Terça, Sexta e Domingo</td></tr><tr><th style="padding:3px 5px;text-align:left;background:#f3f4f6;border-bottom:1px solid #d1d5db;width:30%;font-size:11px;font-weight:600;color:#1f2937;">Cronograma</th><td style="padding:3px 5px;border-bottom:1px solid #e5e7eb;font-size:11px;color:#111827;">—</td></tr></table>]]></description><LineString><coordinates>-46.5714700,-23.5256100,0 -46.5714400,-23.5232800,0 -46.5714000,-23.5228900,0 -46.5713800,-23.5210400,0 -46.5713500,-23.5209600,0 -46.5712200,-23.5177800,0 -46.5711700,-23.5160700,0 -46.5711300,-23.5137100,0 -46.5709700,-23.5096900,0 -46.5709400,-23.5080600,0 -46.5711800,-23.5074400,0 -46.5714700,-23.5068300,0</coordinates></LineString></Placemark>
<Style id="s-VM-53">
<LineStyle><color>ffebce87</color><width>3.0</width></LineStyle>
<PolyStyle><color>ffebce87</color></PolyStyle>
<IconStyle><color>ffebce87</color><scale>0.55</scale>
<Icon><href>http://maps.google.com/mapfiles/kml/shapes/placemark_circle.png</href></Icon>
</IconStyle>
<LabelStyle><scale>0.65</scale></LabelStyle>
</Style><Placemark><name>MG10303VM0001 - Seg. 22</name><styleUrl>#s-VM-53</styleUrl><description><![CDATA[<table style="border-collapse:collapse;width:100%;font-family:'Helvetica Neue',Helvetica,Arial,sans-serif;font-size:11px;border:1px solid #e5e7eb;border-radius:8px;overflow:hidden;"><tr><th colspan="2" style="padding:5px 8px;background:#1f6feb;color:#fff;text-align:left;font-size:12px;font-weight:600;">MG10303VM0001 - Seg. 22</th></tr><tr><th style="padding:3px 5px;text-align:left;background:#f3f4f6;border-bottom:1px solid #d1d5db;width:30%;font-size:11px;font-weight:600;color:#1f2937;">Serviço</th><td style="padding:3px 5px;border-bottom:1px solid #e5e7eb;font-size:11px;color:#111827;">Varrição Mecanizada (VM)</td></tr><tr><th style="padding:3px 5px;text-align:left;background:#f3f4f6;border-bottom:1px solid #d1d5db;width:30%;font-size:11px;font-weight:600;color:#1f2937;">Setor</th><td style="padding:3px 5px;border-bottom:1px solid #e5e7eb;font-size:11px;color:#111827;">MG10303VM0001</td></tr><tr><th style="padding:3px 5px;text-align:left;background:#f3f4f6;border-bottom:1px solid #d1d5db;width:30%;font-size:11px;font-weight:600;color:#1f2937;">Tipo de Serviço</th><td style="padding:3px 5px;border-bottom:1px solid #e5e7eb;font-size:11px;color:#111827;">Varrição Mecanizada</td></tr><tr><th style="padding:3px 5px;text-align:left;background:#f3f4f6;border-bottom:1px solid #d1d5db;width:30%;font-size:11px;font-weight:600;color:#1f2937;">Nome</th><td style="padding:3px 5px;border-bottom:1px solid #e5e7eb;font-size:11px;color:#111827;">MG10303VM0001 - Seg. 22</td></tr><tr><th style="padding:3px 5px;text-align:left;background:#f3f4f6;border-bottom:1px solid #d1d5db;width:30%;font-size:11px;font-weight:600;color:#1f2937;">Logradouro</th><td style="padding:3px 5px;border-bottom:1px solid #e5e7eb;font-size:11px;color:#111827;">Av Ten Jose Jeronimo de Mesquita</td></tr><tr><th style="padding:3px 5px;text-align:left;background:#f3f4f6;border-bottom:1px solid #d1d5db;width:30%;font-size:11px;font-weight:600;color:#1f2937;">Subprefeitura</th><td style="padding:3px 5px;border-bottom:1px solid #e5e7eb;font-size:11px;color:#111827;">Vila Maria / Vila Guilherme</td></tr><tr><th style="padding:3px 5px;text-align:left;background:#f3f4f6;border-bottom:1px solid #d1d5db;width:30%;font-size:11px;font-weight:600;color:#1f2937;">Turno</th><td style="padding:3px 5px;border-bottom:1px solid #e5e7eb;font-size:11px;color:#111827;">Diurno</td></tr><tr><th style="padding:3px 5px;text-align:left;background:#f3f4f6;border-bottom:1px solid #d1d5db;width:30%;font-size:11px;font-weight:600;color:#1f2937;">Frequência</th><td style="padding:3px 5px;border-bottom:1px solid #e5e7eb;font-size:11px;color:#111827;">Terça, Sexta e Domingo</td></tr><tr><th style="padding:3px 5px;text-align:left;background:#f3f4f6;border-bottom:1px solid #d1d5db;width:30%;font-size:11px;font-weight:600;color:#1f2937;">Cronograma</th><td style="padding:3px 5px;border-bottom:1px solid #e5e7eb;font-size:11px;color:#111827;">—</td></tr></table>]]></description><LineString><coordinates>-46.5676800,-23.5032400,0 -46.5675600,-23.4999200,0 -46.5675200,-23.4986400,0 -46.5675200,-23.4979800,0 -46.5674600,-23.4963300,0 -46.5675400,-23.4957900,0 -46.5690100,-23.4946300,0</coordinates></LineString></Placemark>
<Style id="s-VM-54">
<LineStyle><color>ffebce87</color><width>3.0</width></LineStyle>
<PolyStyle><color>ffebce87</color></PolyStyle>
<IconStyle><color>ffebce87</color><scale>0.55</scale>
<Icon><href>http://maps.google.com/mapfiles/kml/shapes/placemark_circle.png</href></Icon>
</IconStyle>
<LabelStyle><scale>0.65</scale></LabelStyle>
</Style><Placemark><name>MG10303VM0001 - Seg. 23</name><styleUrl>#s-VM-54</styleUrl><description><![CDATA[<table style="border-collapse:collapse;width:100%;font-family:'Helvetica Neue',Helvetica,Arial,sans-serif;font-size:11px;border:1px solid #e5e7eb;border-radius:8px;overflow:hidden;"><tr><th colspan="2" style="padding:5px 8px;background:#1f6feb;color:#fff;text-align:left;font-size:12px;font-weight:600;">MG10303VM0001 - Seg. 23</th></tr><tr><th style="padding:3px 5px;text-align:left;background:#f3f4f6;border-bottom:1px solid #d1d5db;width:30%;font-size:11px;font-weight:600;color:#1f2937;">Serviço</th><td style="padding:3px 5px;border-bottom:1px solid #e5e7eb;font-size:11px;color:#111827;">Varrição Mecanizada (VM)</td></tr><tr><th style="padding:3px 5px;text-align:left;background:#f3f4f6;border-bottom:1px solid #d1d5db;width:30%;font-size:11px;font-weight:600;color:#1f2937;">Setor</th><td style="padding:3px 5px;border-bottom:1px solid #e5e7eb;font-size:11px;color:#111827;">MG10303VM0001</td></tr><tr><th style="padding:3px 5px;text-align:left;background:#f3f4f6;border-bottom:1px solid #d1d5db;width:30%;font-size:11px;font-weight:600;color:#1f2937;">Tipo de Serviço</th><td style="padding:3px 5px;border-bottom:1px solid #e5e7eb;font-size:11px;color:#111827;">Varrição Mecanizada</td></tr><tr><th style="padding:3px 5px;text-align:left;background:#f3f4f6;border-bottom:1px solid #d1d5db;width:30%;font-size:11px;font-weight:600;color:#1f2937;">Nome</th><td style="padding:3px 5px;border-bottom:1px solid #e5e7eb;font-size:11px;color:#111827;">MG10303VM0001 - Seg. 23</td></tr><tr><th style="padding:3px 5px;text-align:left;background:#f3f4f6;border-bottom:1px solid #d1d5db;width:30%;font-size:11px;font-weight:600;color:#1f2937;">Logradouro</th><td style="padding:3px 5px;border-bottom:1px solid #e5e7eb;font-size:11px;color:#111827;">Av Ten Jose Jeronimo de Mesquita</td></tr><tr><th style="padding:3px 5px;text-align:left;background:#f3f4f6;border-bottom:1px solid #d1d5db;width:30%;font-size:11px;font-weight:600;color:#1f2937;">Subprefeitura</th><td style="padding:3px 5px;border-bottom:1px solid #e5e7eb;font-size:11px;color:#111827;">Vila Maria / Vila Guilherme</td></tr><tr><th style="padding:3px 5px;text-align:left;background:#f3f4f6;border-bottom:1px solid #d1d5db;width:30%;font-size:11px;font-weight:600;color:#1f2937;">Turno</th><td style="padding:3px 5px;border-bottom:1px solid #e5e7eb;font-size:11px;color:#111827;">Diurno</td></tr><tr><th style="padding:3px 5px;text-align:left;background:#f3f4f6;border-bottom:1px solid #d1d5db;width:30%;font-size:11px;font-weight:600;color:#1f2937;">Frequência</th><td style="padding:3px 5px;border-bottom:1px solid #e5e7eb;font-size:11px;color:#111827;">Terça, Sexta e Domingo</td></tr><tr><th style="padding:3px 5px;text-align:left;background:#f3f4f6;border-bottom:1px solid #d1d5db;width:30%;font-size:11px;font-weight:600;color:#1f2937;">Cronograma</th><td style="padding:3px 5px;border-bottom:1px solid #e5e7eb;font-size:11px;color:#111827;">—</td></tr></table>]]></description><LineString><coordinates>-46.5675100,-23.5032400,0 -46.5673000,-23.4974100,0 -46.5672700,-23.4960700,0 -46.5674400,-23.4957300,0 -46.5676800,-23.4954800,0 -46.5689000,-23.4945200,0</coordinates></LineString></Placemark>
<Style id="s-VM-55">
<LineStyle><color>ffebce87</color><width>3.0</width></LineStyle>
<PolyStyle><color>ffebce87</color></PolyStyle>
<IconStyle><color>ffebce87</color><scale>0.55</scale>
<Icon><href>http://maps.google.com/mapfiles/kml/shapes/placemark_circle.png</href></Icon>
</IconStyle>
<LabelStyle><scale>0.65</scale></LabelStyle>
</Style><Placemark><name>MG10303VM0001 - Seg. 24</name><styleUrl>#s-VM-55</styleUrl><description><![CDATA[<table style="border-collapse:collapse;width:100%;font-family:'Helvetica Neue',Helvetica,Arial,sans-serif;font-size:11px;border:1px solid #e5e7eb;border-radius:8px;overflow:hidden;"><tr><th colspan="2" style="padding:5px 8px;background:#1f6feb;color:#fff;text-align:left;font-size:12px;font-weight:600;">MG10303VM0001 - Seg. 24</th></tr><tr><th style="padding:3px 5px;text-align:left;background:#f3f4f6;border-bottom:1px solid #d1d5db;width:30%;font-size:11px;font-weight:600;color:#1f2937;">Serviço</th><td style="padding:3px 5px;border-bottom:1px solid #e5e7eb;font-size:11px;color:#111827;">Varrição Mecanizada (VM)</td></tr><tr><th style="padding:3px 5px;text-align:left;background:#f3f4f6;border-bottom:1px solid #d1d5db;width:30%;font-size:11px;font-weight:600;color:#1f2937;">Setor</th><td style="padding:3px 5px;border-bottom:1px solid #e5e7eb;font-size:11px;color:#111827;">MG10303VM0001</td></tr><tr><th style="padding:3px 5px;text-align:left;background:#f3f4f6;border-bottom:1px solid #d1d5db;width:30%;font-size:11px;font-weight:600;color:#1f2937;">Tipo de Serviço</th><td style="padding:3px 5px;border-bottom:1px solid #e5e7eb;font-size:11px;color:#111827;">Varrição Mecanizada</td></tr><tr><th style="padding:3px 5px;text-align:left;background:#f3f4f6;border-bottom:1px solid #d1d5db;width:30%;font-size:11px;font-weight:600;color:#1f2937;">Nome</th><td style="padding:3px 5px;border-bottom:1px solid #e5e7eb;font-size:11px;color:#111827;">MG10303VM0001 - Seg. 24</td></tr><tr><th style="padding:3px 5px;text-align:left;background:#f3f4f6;border-bottom:1px solid #d1d5db;width:30%;font-size:11px;font-weight:600;color:#1f2937;">Logradouro</th><td style="padding:3px 5px;border-bottom:1px solid #e5e7eb;font-size:11px;color:#111827;">Pc Lourenco Billis</td></tr><tr><th style="padding:3px 5px;text-align:left;background:#f3f4f6;border-bottom:1px solid #d1d5db;width:30%;font-size:11px;font-weight:600;color:#1f2937;">Subprefeitura</th><td style="padding:3px 5px;border-bottom:1px solid #e5e7eb;font-size:11px;color:#111827;">Vila Maria / Vila Guilherme</td></tr><tr><th style="padding:3px 5px;text-align:left;background:#f3f4f6;border-bottom:1px solid #d1d5db;width:30%;font-size:11px;font-weight:600;color:#1f2937;">Turno</th><td style="padding:3px 5px;border-bottom:1px solid #e5e7eb;font-size:11px;color:#111827;">Diurno</td></tr><tr><th style="padding:3px 5px;text-align:left;background:#f3f4f6;border-bottom:1px solid #d1d5db;width:30%;font-size:11px;font-weight:600;color:#1f2937;">Frequência</th><td style="padding:3px 5px;border-bottom:1px solid #e5e7eb;font-size:11px;color:#111827;">Terça, Sexta e Domingo</td></tr><tr><th style="padding:3px 5px;text-align:left;background:#f3f4f6;border-bottom:1px solid #d1d5db;width:30%;font-size:11px;font-weight:600;color:#1f2937;">Cronograma</th><td style="padding:3px 5px;border-bottom:1px solid #e5e7eb;font-size:11px;color:#111827;">—</td></tr></table>]]></description><LineString><coordinates>-46.5741500,-23.4895500,0 -46.5742700,-23.4896600,0 -46.5742400,-23.4891600,0 -46.5741800,-23.4892100,0 -46.5741400,-23.4892700,0 -46.5745800,-23.4891600,0 -46.5744100,-23.4891200,0 -46.5742400,-23.4891600,0 -46.5746900,-23.4892500,0 -46.5745800,-23.4891600,0 -46.5742700,-23.4896600,0 -46.5744300,-23.4896800,0 -46.5745800,-23.4896400,0 -46.5746400,-23.4896000,0 -46.5746800,-23.4895400,0</coordinates></LineString></Placemark>
<Style id="s-VM-56">
<LineStyle><color>ffebce87</color><width>3.0</width></LineStyle>
<PolyStyle><color>ffebce87</color></PolyStyle>
<IconStyle><color>ffebce87</color><scale>0.55</scale>
<Icon><href>http://maps.google.com/mapfiles/kml/shapes/placemark_circle.png</href></Icon>
</IconStyle>
<LabelStyle><scale>0.65</scale></LabelStyle>
</Style><Placemark><name>MG10303VM0001 - Seg. 25</name><styleUrl>#s-VM-56</styleUrl><description><![CDATA[<table style="border-collapse:collapse;width:100%;font-family:'Helvetica Neue',Helvetica,Arial,sans-serif;font-size:11px;border:1px solid #e5e7eb;border-radius:8px;overflow:hidden;"><tr><th colspan="2" style="padding:5px 8px;background:#1f6feb;color:#fff;text-align:left;font-size:12px;font-weight:600;">MG10303VM0001 - Seg. 25</th></tr><tr><th style="padding:3px 5px;text-align:left;background:#f3f4f6;border-bottom:1px solid #d1d5db;width:30%;font-size:11px;font-weight:600;color:#1f2937;">Serviço</th><td style="padding:3px 5px;border-bottom:1px solid #e5e7eb;font-size:11px;color:#111827;">Varrição Mecanizada (VM)</td></tr><tr><th style="padding:3px 5px;text-align:left;background:#f3f4f6;border-bottom:1px solid #d1d5db;width:30%;font-size:11px;font-weight:600;color:#1f2937;">Setor</th><td style="padding:3px 5px;border-bottom:1px solid #e5e7eb;font-size:11px;color:#111827;">MG10303VM0001</td></tr><tr><th style="padding:3px 5px;text-align:left;background:#f3f4f6;border-bottom:1px solid #d1d5db;width:30%;font-size:11px;font-weight:600;color:#1f2937;">Tipo de Serviço</th><td style="padding:3px 5px;border-bottom:1px solid #e5e7eb;font-size:11px;color:#111827;">Varrição Mecanizada</td></tr><tr><th style="padding:3px 5px;text-align:left;background:#f3f4f6;border-bottom:1px solid #d1d5db;width:30%;font-size:11px;font-weight:600;color:#1f2937;">Nome</th><td style="padding:3px 5px;border-bottom:1px solid #e5e7eb;font-size:11px;color:#111827;">MG10303VM0001 - Seg. 25</td></tr><tr><th style="padding:3px 5px;text-align:left;background:#f3f4f6;border-bottom:1px solid #d1d5db;width:30%;font-size:11px;font-weight:600;color:#1f2937;">Logradouro</th><td style="padding:3px 5px;border-bottom:1px solid #e5e7eb;font-size:11px;color:#111827;">Pc Novo Mundo</td></tr><tr><th style="padding:3px 5px;text-align:left;background:#f3f4f6;border-bottom:1px solid #d1d5db;width:30%;font-size:11px;font-weight:600;color:#1f2937;">Subprefeitura</th><td style="padding:3px 5px;border-bottom:1px solid #e5e7eb;font-size:11px;color:#111827;">Vila Maria / Vila Guilherme</td></tr><tr><th style="padding:3px 5px;text-align:left;background:#f3f4f6;border-bottom:1px solid #d1d5db;width:30%;font-size:11px;font-weight:600;color:#1f2937;">Turno</th><td style="padding:3px 5px;border-bottom:1px solid #e5e7eb;font-size:11px;color:#111827;">Diurno</td></tr><tr><th style="padding:3px 5px;text-align:left;background:#f3f4f6;border-bottom:1px solid #d1d5db;width:30%;font-size:11px;font-weight:600;color:#1f2937;">Frequência</th><td style="padding:3px 5px;border-bottom:1px solid #e5e7eb;font-size:11px;color:#111827;">Terça, Sexta e Domingo</td></tr><tr><th style="padding:3px 5px;text-align:left;background:#f3f4f6;border-bottom:1px solid #d1d5db;width:30%;font-size:11px;font-weight:600;color:#1f2937;">Cronograma</th><td style="padding:3px 5px;border-bottom:1px solid #e5e7eb;font-size:11px;color:#111827;">—</td></tr></table>]]></description><LineString><coordinates>-46.5676800,-23.5179700,0 -46.5678100,-23.5181700,0 -46.5680300,-23.5183000,0 -46.5676600,-23.5175400,0 -46.5676800,-23.5179700,0 -46.5676300,-23.5167500,0 -46.5676400,-23.5171400,0 -46.5676600,-23.5175400,0 -46.5679700,-23.5164300,0 -46.5677700,-23.5165700,0 -46.5676300,-23.5167500,0 -46.5684100,-23.5166400,0 -46.5682800,-23.5165100,0 -46.5681200,-23.5164300,0 -46.5684700,-23.5170600,0 -46.5684500,-23.5168500,0 -46.5684100,-23.5166400,0 -46.5684900,-23.5175100,0 -46.5684700,-23.5170600,0 -46.5681600,-23.5182900,0 -46.5683800,-23.5181700,0 -46.5685100,-23.5179600,0 -46.5684900,-23.5175100,0</coordinates></LineString></Placemark>
<Style id="s-VM-57">
<LineStyle><color>ffebce87</color><width>3.0</width></LineStyle>
<PolyStyle><color>ffebce87</color></PolyStyle>
<IconStyle><color>ffebce87</color><scale>0.55</scale>
<Icon><href>http://maps.google.com/mapfiles/kml/shapes/placemark_circle.png</href></Icon>
</IconStyle>
<LabelStyle><scale>0.65</scale></LabelStyle>
</Style><Placemark><name>MG10303VM0001 - Seg. 26</name><styleUrl>#s-VM-57</styleUrl><description><![CDATA[<table style="border-collapse:collapse;width:100%;font-family:'Helvetica Neue',Helvetica,Arial,sans-serif;font-size:11px;border:1px solid #e5e7eb;border-radius:8px;overflow:hidden;"><tr><th colspan="2" style="padding:5px 8px;background:#1f6feb;color:#fff;text-align:left;font-size:12px;font-weight:600;">MG10303VM0001 - Seg. 26</th></tr><tr><th style="padding:3px 5px;text-align:left;background:#f3f4f6;border-bottom:1px solid #d1d5db;width:30%;font-size:11px;font-weight:600;color:#1f2937;">Serviço</th><td style="padding:3px 5px;border-bottom:1px solid #e5e7eb;font-size:11px;color:#111827;">Varrição Mecanizada (VM)</td></tr><tr><th style="padding:3px 5px;text-align:left;background:#f3f4f6;border-bottom:1px solid #d1d5db;width:30%;font-size:11px;font-weight:600;color:#1f2937;">Setor</th><td style="padding:3px 5px;border-bottom:1px solid #e5e7eb;font-size:11px;color:#111827;">MG10303VM0001</td></tr><tr><th style="padding:3px 5px;text-align:left;background:#f3f4f6;border-bottom:1px solid #d1d5db;width:30%;font-size:11px;font-weight:600;color:#1f2937;">Tipo de Serviço</th><td style="padding:3px 5px;border-bottom:1px solid #e5e7eb;font-size:11px;color:#111827;">Varrição Mecanizada</td></tr><tr><th style="padding:3px 5px;text-align:left;background:#f3f4f6;border-bottom:1px solid #d1d5db;width:30%;font-size:11px;font-weight:600;color:#1f2937;">Nome</th><td style="padding:3px 5px;border-bottom:1px solid #e5e7eb;font-size:11px;color:#111827;">MG10303VM0001 - Seg. 26</td></tr><tr><th style="padding:3px 5px;text-align:left;background:#f3f4f6;border-bottom:1px solid #d1d5db;width:30%;font-size:11px;font-weight:600;color:#1f2937;">Logradouro</th><td style="padding:3px 5px;border-bottom:1px solid #e5e7eb;font-size:11px;color:#111827;">R Araritaguaba</td></tr><tr><th style="padding:3px 5px;text-align:left;background:#f3f4f6;border-bottom:1px solid #d1d5db;width:30%;font-size:11px;font-weight:600;color:#1f2937;">Subprefeitura</th><td style="padding:3px 5px;border-bottom:1px solid #e5e7eb;font-size:11px;color:#111827;">Vila Maria / Vila Guilherme</td></tr><tr><th style="padding:3px 5px;text-align:left;background:#f3f4f6;border-bottom:1px solid #d1d5db;width:30%;font-size:11px;font-weight:600;color:#1f2937;">Turno</th><td style="padding:3px 5px;border-bottom:1px solid #e5e7eb;font-size:11px;color:#111827;">Diurno</td></tr><tr><th style="padding:3px 5px;text-align:left;background:#f3f4f6;border-bottom:1px solid #d1d5db;width:30%;font-size:11px;font-weight:600;color:#1f2937;">Frequência</th><td style="padding:3px 5px;border-bottom:1px solid #e5e7eb;font-size:11px;color:#111827;">Terça, Sexta e Domingo</td></tr><tr><th style="padding:3px 5px;text-align:left;background:#f3f4f6;border-bottom:1px solid #d1d5db;width:30%;font-size:11px;font-weight:600;color:#1f2937;">Cronograma</th><td style="padding:3px 5px;border-bottom:1px solid #e5e7eb;font-size:11px;color:#111827;">—</td></tr></table>]]></description><LineString><coordinates>-46.5852000,-23.5127000,0 -46.5847400,-23.5129900,0 -46.5824700,-23.5145300,0 -46.5850500,-23.5126100,0 -46.5834200,-23.5136900,0 -46.5826700,-23.5142100,0 -46.5823700,-23.5143900,0</coordinates></LineString></Placemark>
<Style id="s-VM-58">
<LineStyle><color>ffebce87</color><width>3.0</width></LineStyle>
<PolyStyle><color>ffebce87</color></PolyStyle>
<IconStyle><color>ffebce87</color><scale>0.55</scale>
<Icon><href>http://maps.google.com/mapfiles/kml/shapes/placemark_circle.png</href></Icon>
</IconStyle>
<LabelStyle><scale>0.65</scale></LabelStyle>
</Style><Placemark><name>MG10303VM0001 - Seg. 27</name><styleUrl>#s-VM-58</styleUrl><description><![CDATA[<table style="border-collapse:collapse;width:100%;font-family:'Helvetica Neue',Helvetica,Arial,sans-serif;font-size:11px;border:1px solid #e5e7eb;border-radius:8px;overflow:hidden;"><tr><th colspan="2" style="padding:5px 8px;background:#1f6feb;color:#fff;text-align:left;font-size:12px;font-weight:600;">MG10303VM0001 - Seg. 27</th></tr><tr><th style="padding:3px 5px;text-align:left;background:#f3f4f6;border-bottom:1px solid #d1d5db;width:30%;font-size:11px;font-weight:600;color:#1f2937;">Serviço</th><td style="padding:3px 5px;border-bottom:1px solid #e5e7eb;font-size:11px;color:#111827;">Varrição Mecanizada (VM)</td></tr><tr><th style="padding:3px 5px;text-align:left;background:#f3f4f6;border-bottom:1px solid #d1d5db;width:30%;font-size:11px;font-weight:600;color:#1f2937;">Setor</th><td style="padding:3px 5px;border-bottom:1px solid #e5e7eb;font-size:11px;color:#111827;">MG10303VM0001</td></tr><tr><th style="padding:3px 5px;text-align:left;background:#f3f4f6;border-bottom:1px solid #d1d5db;width:30%;font-size:11px;font-weight:600;color:#1f2937;">Tipo de Serviço</th><td style="padding:3px 5px;border-bottom:1px solid #e5e7eb;font-size:11px;color:#111827;">Varrição Mecanizada</td></tr><tr><th style="padding:3px 5px;text-align:left;background:#f3f4f6;border-bottom:1px solid #d1d5db;width:30%;font-size:11px;font-weight:600;color:#1f2937;">Nome</th><td style="padding:3px 5px;border-bottom:1px solid #e5e7eb;font-size:11px;color:#111827;">MG10303VM0001 - Seg. 27</td></tr><tr><th style="padding:3px 5px;text-align:left;background:#f3f4f6;border-bottom:1px solid #d1d5db;width:30%;font-size:11px;font-weight:600;color:#1f2937;">Logradouro</th><td style="padding:3px 5px;border-bottom:1px solid #e5e7eb;font-size:11px;color:#111827;">R Izidoro Matheus</td></tr><tr><th style="padding:3px 5px;text-align:left;background:#f3f4f6;border-bottom:1px solid #d1d5db;width:30%;font-size:11px;font-weight:600;color:#1f2937;">Subprefeitura</th><td style="padding:3px 5px;border-bottom:1px solid #e5e7eb;font-size:11px;color:#111827;">Vila Maria / Vila Guilherme</td></tr><tr><th style="padding:3px 5px;text-align:left;background:#f3f4f6;border-bottom:1px solid #d1d5db;width:30%;font-size:11px;font-weight:600;color:#1f2937;">Turno</th><td style="padding:3px 5px;border-bottom:1px solid #e5e7eb;font-size:11px;color:#111827;">Diurno</td></tr><tr><th style="padding:3px 5px;text-align:left;background:#f3f4f6;border-bottom:1px solid #d1d5db;width:30%;font-size:11px;font-weight:600;color:#1f2937;">Frequência</th><td style="padding:3px 5px;border-bottom:1px solid #e5e7eb;font-size:11px;color:#111827;">Terça, Sexta e Domingo</td></tr><tr><th style="padding:3px 5px;text-align:left;background:#f3f4f6;border-bottom:1px solid #d1d5db;width:30%;font-size:11px;font-weight:600;color:#1f2937;">Cronograma</th><td style="padding:3px 5px;border-bottom:1px solid #e5e7eb;font-size:11px;color:#111827;">—</td></tr></table>]]></description><LineString><coordinates>-46.5945100,-23.5270300,0 -46.5948000,-23.5261900,0 -46.5950500,-23.5253400,0</coordinates></LineString></Placemark>
<Style id="s-VM-59">
<LineStyle><color>ffebce87</color><width>3.0</width></LineStyle>
<PolyStyle><color>ffebce87</color></PolyStyle>
<IconStyle><color>ffebce87</color><scale>0.55</scale>
<Icon><href>http://maps.google.com/mapfiles/kml/shapes/placemark_circle.png</href></Icon>
</IconStyle>
<LabelStyle><scale>0.65</scale></LabelStyle>
</Style><Placemark><name>MG10303VM0001 - Seg. 28</name><styleUrl>#s-VM-59</styleUrl><description><![CDATA[<table style="border-collapse:collapse;width:100%;font-family:'Helvetica Neue',Helvetica,Arial,sans-serif;font-size:11px;border:1px solid #e5e7eb;border-radius:8px;overflow:hidden;"><tr><th colspan="2" style="padding:5px 8px;background:#1f6feb;color:#fff;text-align:left;font-size:12px;font-weight:600;">MG10303VM0001 - Seg. 28</th></tr><tr><th style="padding:3px 5px;text-align:left;background:#f3f4f6;border-bottom:1px solid #d1d5db;width:30%;font-size:11px;font-weight:600;color:#1f2937;">Serviço</th><td style="padding:3px 5px;border-bottom:1px solid #e5e7eb;font-size:11px;color:#111827;">Varrição Mecanizada (VM)</td></tr><tr><th style="padding:3px 5px;text-align:left;background:#f3f4f6;border-bottom:1px solid #d1d5db;width:30%;font-size:11px;font-weight:600;color:#1f2937;">Setor</th><td style="padding:3px 5px;border-bottom:1px solid #e5e7eb;font-size:11px;color:#111827;">MG10303VM0001</td></tr><tr><th style="padding:3px 5px;text-align:left;background:#f3f4f6;border-bottom:1px solid #d1d5db;width:30%;font-size:11px;font-weight:600;color:#1f2937;">Tipo de Serviço</th><td style="padding:3px 5px;border-bottom:1px solid #e5e7eb;font-size:11px;color:#111827;">Varrição Mecanizada</td></tr><tr><th style="padding:3px 5px;text-align:left;background:#f3f4f6;border-bottom:1px solid #d1d5db;width:30%;font-size:11px;font-weight:600;color:#1f2937;">Nome</th><td style="padding:3px 5px;border-bottom:1px solid #e5e7eb;font-size:11px;color:#111827;">MG10303VM0001 - Seg. 28</td></tr><tr><th style="padding:3px 5px;text-align:left;background:#f3f4f6;border-bottom:1px solid #d1d5db;width:30%;font-size:11px;font-weight:600;color:#1f2937;">Logradouro</th><td style="padding:3px 5px;border-bottom:1px solid #e5e7eb;font-size:11px;color:#111827;">R Srg Miguel de Sousa Filho</td></tr><tr><th style="padding:3px 5px;text-align:left;background:#f3f4f6;border-bottom:1px solid #d1d5db;width:30%;font-size:11px;font-weight:600;color:#1f2937;">Subprefeitura</th><td style="padding:3px 5px;border-bottom:1px solid #e5e7eb;font-size:11px;color:#111827;">Vila Maria / Vila Guilherme</td></tr><tr><th style="padding:3px 5px;text-align:left;background:#f3f4f6;border-bottom:1px solid #d1d5db;width:30%;font-size:11px;font-weight:600;color:#1f2937;">Turno</th><td style="padding:3px 5px;border-bottom:1px solid #e5e7eb;font-size:11px;color:#111827;">Diurno</td></tr><tr><th style="padding:3px 5px;text-align:left;background:#f3f4f6;border-bottom:1px solid #d1d5db;width:30%;font-size:11px;font-weight:600;color:#1f2937;">Frequência</th><td style="padding:3px 5px;border-bottom:1px solid #e5e7eb;font-size:11px;color:#111827;">Terça, Sexta e Domingo</td></tr><tr><th style="padding:3px 5px;text-align:left;background:#f3f4f6;border-bottom:1px solid #d1d5db;width:30%;font-size:11px;font-weight:600;color:#1f2937;">Cronograma</th><td style="padding:3px 5px;border-bottom:1px solid #e5e7eb;font-size:11px;color:#111827;">—</td></tr></table>]]></description><LineString><coordinates>-46.5714700,-23.5068300,0 -46.5718500,-23.5062700,0 -46.5724100,-23.5056100,0</coordinates></LineString></Placemark>
<Style id="s-VM-60">
<LineStyle><color>ffebce87</color><width>3.0</width></LineStyle>
<PolyStyle><color>ffebce87</color></PolyStyle>
<IconStyle><color>ffebce87</color><scale>0.55</scale>
<Icon><href>http://maps.google.com/mapfiles/kml/shapes/placemark_circle.png</href></Icon>
</IconStyle>
<LabelStyle><scale>0.65</scale></LabelStyle>
</Style><Placemark><name>MG10401VM0002 - Seg. 1</name><styleUrl>#s-VM-60</styleUrl><description><![CDATA[<table style="border-collapse:collapse;width:100%;font-family:'Helvetica Neue',Helvetica,Arial,sans-serif;font-size:11px;border:1px solid #e5e7eb;border-radius:8px;overflow:hidden;"><tr><th colspan="2" style="padding:5px 8px;background:#1f6feb;color:#fff;text-align:left;font-size:12px;font-weight:600;">MG10401VM0002 - Seg. 1</th></tr><tr><th style="padding:3px 5px;text-align:left;background:#f3f4f6;border-bottom:1px solid #d1d5db;width:30%;font-size:11px;font-weight:600;color:#1f2937;">Serviço</th><td style="padding:3px 5px;border-bottom:1px solid #e5e7eb;font-size:11px;color:#111827;">Varrição Mecanizada (VM)</td></tr><tr><th style="padding:3px 5px;text-align:left;background:#f3f4f6;border-bottom:1px solid #d1d5db;width:30%;font-size:11px;font-weight:600;color:#1f2937;">Setor</th><td style="padding:3px 5px;border-bottom:1px solid #e5e7eb;font-size:11px;color:#111827;">MG10401VM0002</td></tr><tr><th style="padding:3px 5px;text-align:left;background:#f3f4f6;border-bottom:1px solid #d1d5db;width:30%;font-size:11px;font-weight:600;color:#1f2937;">Tipo de Serviço</th><td style="padding:3px 5px;border-bottom:1px solid #e5e7eb;font-size:11px;color:#111827;">Varrição Mecanizada</td></tr><tr><th style="padding:3px 5px;text-align:left;background:#f3f4f6;border-bottom:1px solid #d1d5db;width:30%;font-size:11px;font-weight:600;color:#1f2937;">Nome</th><td style="padding:3px 5px;border-bottom:1px solid #e5e7eb;font-size:11px;color:#111827;">MG10401VM0002 - Seg. 1</td></tr><tr><th style="padding:3px 5px;text-align:left;background:#f3f4f6;border-bottom:1px solid #d1d5db;width:30%;font-size:11px;font-weight:600;color:#1f2937;">Logradouro</th><td style="padding:3px 5px;border-bottom:1px solid #e5e7eb;font-size:11px;color:#111827;">Ac Av Guilherme Cotching</td></tr><tr><th style="padding:3px 5px;text-align:left;background:#f3f4f6;border-bottom:1px solid #d1d5db;width:30%;font-size:11px;font-weight:600;color:#1f2937;">Subprefeitura</th><td style="padding:3px 5px;border-bottom:1px solid #e5e7eb;font-size:11px;color:#111827;">Vila Maria / Vila Guilherme</td></tr><tr><th style="padding:3px 5px;text-align:left;background:#f3f4f6;border-bottom:1px solid #d1d5db;width:30%;font-size:11px;font-weight:600;color:#1f2937;">Turno</th><td style="padding:3px 5px;border-bottom:1px solid #e5e7eb;font-size:11px;color:#111827;">Diurno</td></tr><tr><th style="padding:3px 5px;text-align:left;background:#f3f4f6;border-bottom:1px solid #d1d5db;width:30%;font-size:11px;font-weight:600;color:#1f2937;">Frequência</th><td style="padding:3px 5px;border-bottom:1px solid #e5e7eb;font-size:11px;color:#111827;">—</td></tr><tr><th style="padding:3px 5px;text-align:left;background:#f3f4f6;border-bottom:1px solid #d1d5db;width:30%;font-size:11px;font-weight:600;color:#1f2937;">Cronograma</th><td style="padding:3px 5px;border-bottom:1px solid #e5e7eb;font-size:11px;color:#111827;">—</td></tr></table>]]></description><LineString><coordinates>-46.5956400,-23.5243700,0 -46.5953900,-23.5248100,0 -46.5952800,-23.5251500,0 -46.5953600,-23.5255000,0</coordinates></LineString></Placemark>
<Style id="s-VM-61">
<LineStyle><color>ffebce87</color><width>3.0</width></LineStyle>
<PolyStyle><color>ffebce87</color></PolyStyle>
<IconStyle><color>ffebce87</color><scale>0.55</scale>
<Icon><href>http://maps.google.com/mapfiles/kml/shapes/placemark_circle.png</href></Icon>
</IconStyle>
<LabelStyle><scale>0.65</scale></LabelStyle>
</Style><Placemark><name>MG10401VM0002 - Seg. 2</name><styleUrl>#s-VM-61</styleUrl><description><![CDATA[<table style="border-collapse:collapse;width:100%;font-family:'Helvetica Neue',Helvetica,Arial,sans-serif;font-size:11px;border:1px solid #e5e7eb;border-radius:8px;overflow:hidden;"><tr><th colspan="2" style="padding:5px 8px;background:#1f6feb;color:#fff;text-align:left;font-size:12px;font-weight:600;">MG10401VM0002 - Seg. 2</th></tr><tr><th style="padding:3px 5px;text-align:left;background:#f3f4f6;border-bottom:1px solid #d1d5db;width:30%;font-size:11px;font-weight:600;color:#1f2937;">Serviço</th><td style="padding:3px 5px;border-bottom:1px solid #e5e7eb;font-size:11px;color:#111827;">Varrição Mecanizada (VM)</td></tr><tr><th style="padding:3px 5px;text-align:left;background:#f3f4f6;border-bottom:1px solid #d1d5db;width:30%;font-size:11px;font-weight:600;color:#1f2937;">Setor</th><td style="padding:3px 5px;border-bottom:1px solid #e5e7eb;font-size:11px;color:#111827;">MG10401VM0002</td></tr><tr><th style="padding:3px 5px;text-align:left;background:#f3f4f6;border-bottom:1px solid #d1d5db;width:30%;font-size:11px;font-weight:600;color:#1f2937;">Tipo de Serviço</th><td style="padding:3px 5px;border-bottom:1px solid #e5e7eb;font-size:11px;color:#111827;">Varrição Mecanizada</td></tr><tr><th style="padding:3px 5px;text-align:left;background:#f3f4f6;border-bottom:1px solid #d1d5db;width:30%;font-size:11px;font-weight:600;color:#1f2937;">Nome</th><td style="padding:3px 5px;border-bottom:1px solid #e5e7eb;font-size:11px;color:#111827;">MG10401VM0002 - Seg. 2</td></tr><tr><th style="padding:3px 5px;text-align:left;background:#f3f4f6;border-bottom:1px solid #d1d5db;width:30%;font-size:11px;font-weight:600;color:#1f2937;">Logradouro</th><td style="padding:3px 5px;border-bottom:1px solid #e5e7eb;font-size:11px;color:#111827;">Ac Av Nadir Dias de Figueiredo</td></tr><tr><th style="padding:3px 5px;text-align:left;background:#f3f4f6;border-bottom:1px solid #d1d5db;width:30%;font-size:11px;font-weight:600;color:#1f2937;">Subprefeitura</th><td style="padding:3px 5px;border-bottom:1px solid #e5e7eb;font-size:11px;color:#111827;">Vila Maria / Vila Guilherme</td></tr><tr><th style="padding:3px 5px;text-align:left;background:#f3f4f6;border-bottom:1px solid #d1d5db;width:30%;font-size:11px;font-weight:600;color:#1f2937;">Turno</th><td style="padding:3px 5px;border-bottom:1px solid #e5e7eb;font-size:11px;color:#111827;">Diurno</td></tr><tr><th style="padding:3px 5px;text-align:left;background:#f3f4f6;border-bottom:1px solid #d1d5db;width:30%;font-size:11px;font-weight:600;color:#1f2937;">Frequência</th><td style="padding:3px 5px;border-bottom:1px solid #e5e7eb;font-size:11px;color:#111827;">—</td></tr><tr><th style="padding:3px 5px;text-align:left;background:#f3f4f6;border-bottom:1px solid #d1d5db;width:30%;font-size:11px;font-weight:600;color:#1f2937;">Cronograma</th><td style="padding:3px 5px;border-bottom:1px solid #e5e7eb;font-size:11px;color:#111827;">—</td></tr></table>]]></description><LineString><coordinates>-46.5951600,-23.5246800,0 -46.5950500,-23.5253400,0</coordinates></LineString></Placemark>
<Style id="s-VM-62">
<LineStyle><color>ffebce87</color><width>3.0</width></LineStyle>
<PolyStyle><color>ffebce87</color></PolyStyle>
<IconStyle><color>ffebce87</color><scale>0.55</scale>
<Icon><href>http://maps.google.com/mapfiles/kml/shapes/placemark_circle.png</href></Icon>
</IconStyle>
<LabelStyle><scale>0.65</scale></LabelStyle>
</Style><Placemark><name>MG10401VM0002 - Seg. 3</name><styleUrl>#s-VM-62</styleUrl><description><![CDATA[<table style="border-collapse:collapse;width:100%;font-family:'Helvetica Neue',Helvetica,Arial,sans-serif;font-size:11px;border:1px solid #e5e7eb;border-radius:8px;overflow:hidden;"><tr><th colspan="2" style="padding:5px 8px;background:#1f6feb;color:#fff;text-align:left;font-size:12px;font-weight:600;">MG10401VM0002 - Seg. 3</th></tr><tr><th style="padding:3px 5px;text-align:left;background:#f3f4f6;border-bottom:1px solid #d1d5db;width:30%;font-size:11px;font-weight:600;color:#1f2937;">Serviço</th><td style="padding:3px 5px;border-bottom:1px solid #e5e7eb;font-size:11px;color:#111827;">Varrição Mecanizada (VM)</td></tr><tr><th style="padding:3px 5px;text-align:left;background:#f3f4f6;border-bottom:1px solid #d1d5db;width:30%;font-size:11px;font-weight:600;color:#1f2937;">Setor</th><td style="padding:3px 5px;border-bottom:1px solid #e5e7eb;font-size:11px;color:#111827;">MG10401VM0002</td></tr><tr><th style="padding:3px 5px;text-align:left;background:#f3f4f6;border-bottom:1px solid #d1d5db;width:30%;font-size:11px;font-weight:600;color:#1f2937;">Tipo de Serviço</th><td style="padding:3px 5px;border-bottom:1px solid #e5e7eb;font-size:11px;color:#111827;">Varrição Mecanizada</td></tr><tr><th style="padding:3px 5px;text-align:left;background:#f3f4f6;border-bottom:1px solid #d1d5db;width:30%;font-size:11px;font-weight:600;color:#1f2937;">Nome</th><td style="padding:3px 5px;border-bottom:1px solid #e5e7eb;font-size:11px;color:#111827;">MG10401VM0002 - Seg. 3</td></tr><tr><th style="padding:3px 5px;text-align:left;background:#f3f4f6;border-bottom:1px solid #d1d5db;width:30%;font-size:11px;font-weight:600;color:#1f2937;">Logradouro</th><td style="padding:3px 5px;border-bottom:1px solid #e5e7eb;font-size:11px;color:#111827;">Av Amadeu Poli</td></tr><tr><th style="padding:3px 5px;text-align:left;background:#f3f4f6;border-bottom:1px solid #d1d5db;width:30%;font-size:11px;font-weight:600;color:#1f2937;">Subprefeitura</th><td style="padding:3px 5px;border-bottom:1px solid #e5e7eb;font-size:11px;color:#111827;">Vila Maria / Vila Guilherme</td></tr><tr><th style="padding:3px 5px;text-align:left;background:#f3f4f6;border-bottom:1px solid #d1d5db;width:30%;font-size:11px;font-weight:600;color:#1f2937;">Turno</th><td style="padding:3px 5px;border-bottom:1px solid #e5e7eb;font-size:11px;color:#111827;">Diurno</td></tr><tr><th style="padding:3px 5px;text-align:left;background:#f3f4f6;border-bottom:1px solid #d1d5db;width:30%;font-size:11px;font-weight:600;color:#1f2937;">Frequência</th><td style="padding:3px 5px;border-bottom:1px solid #e5e7eb;font-size:11px;color:#111827;">—</td></tr><tr><th style="padding:3px 5px;text-align:left;background:#f3f4f6;border-bottom:1px solid #d1d5db;width:30%;font-size:11px;font-weight:600;color:#1f2937;">Cronograma</th><td style="padding:3px 5px;border-bottom:1px solid #e5e7eb;font-size:11px;color:#111827;">—</td></tr></table>]]></description><LineString><coordinates>-46.5632200,-23.5122700,0 -46.5633700,-23.5119700,0 -46.5643900,-23.5101800,0 -46.5652400,-23.5086000,0 -46.5673600,-23.5048500,0 -46.5674400,-23.5047700,0 -46.5675500,-23.5047700,0</coordinates></LineString></Placemark>
<Style id="s-VM-63">
<LineStyle><color>ffebce87</color><width>3.0</width></LineStyle>
<PolyStyle><color>ffebce87</color></PolyStyle>
<IconStyle><color>ffebce87</color><scale>0.55</scale>
<Icon><href>http://maps.google.com/mapfiles/kml/shapes/placemark_circle.png</href></Icon>
</IconStyle>
<LabelStyle><scale>0.65</scale></LabelStyle>
</Style><Placemark><name>MG10401VM0002 - Seg. 4</name><styleUrl>#s-VM-63</styleUrl><description><![CDATA[<table style="border-collapse:collapse;width:100%;font-family:'Helvetica Neue',Helvetica,Arial,sans-serif;font-size:11px;border:1px solid #e5e7eb;border-radius:8px;overflow:hidden;"><tr><th colspan="2" style="padding:5px 8px;background:#1f6feb;color:#fff;text-align:left;font-size:12px;font-weight:600;">MG10401VM0002 - Seg. 4</th></tr><tr><th style="padding:3px 5px;text-align:left;background:#f3f4f6;border-bottom:1px solid #d1d5db;width:30%;font-size:11px;font-weight:600;color:#1f2937;">Serviço</th><td style="padding:3px 5px;border-bottom:1px solid #e5e7eb;font-size:11px;color:#111827;">Varrição Mecanizada (VM)</td></tr><tr><th style="padding:3px 5px;text-align:left;background:#f3f4f6;border-bottom:1px solid #d1d5db;width:30%;font-size:11px;font-weight:600;color:#1f2937;">Setor</th><td style="padding:3px 5px;border-bottom:1px solid #e5e7eb;font-size:11px;color:#111827;">MG10401VM0002</td></tr><tr><th style="padding:3px 5px;text-align:left;background:#f3f4f6;border-bottom:1px solid #d1d5db;width:30%;font-size:11px;font-weight:600;color:#1f2937;">Tipo de Serviço</th><td style="padding:3px 5px;border-bottom:1px solid #e5e7eb;font-size:11px;color:#111827;">Varrição Mecanizada</td></tr><tr><th style="padding:3px 5px;text-align:left;background:#f3f4f6;border-bottom:1px solid #d1d5db;width:30%;font-size:11px;font-weight:600;color:#1f2937;">Nome</th><td style="padding:3px 5px;border-bottom:1px solid #e5e7eb;font-size:11px;color:#111827;">MG10401VM0002 - Seg. 4</td></tr><tr><th style="padding:3px 5px;text-align:left;background:#f3f4f6;border-bottom:1px solid #d1d5db;width:30%;font-size:11px;font-weight:600;color:#1f2937;">Logradouro</th><td style="padding:3px 5px;border-bottom:1px solid #e5e7eb;font-size:11px;color:#111827;">Av Amadeu Poli</td></tr><tr><th style="padding:3px 5px;text-align:left;background:#f3f4f6;border-bottom:1px solid #d1d5db;width:30%;font-size:11px;font-weight:600;color:#1f2937;">Subprefeitura</th><td style="padding:3px 5px;border-bottom:1px solid #e5e7eb;font-size:11px;color:#111827;">Vila Maria / Vila Guilherme</td></tr><tr><th style="padding:3px 5px;text-align:left;background:#f3f4f6;border-bottom:1px solid #d1d5db;width:30%;font-size:11px;font-weight:600;color:#1f2937;">Turno</th><td style="padding:3px 5px;border-bottom:1px solid #e5e7eb;font-size:11px;color:#111827;">Diurno</td></tr><tr><th style="padding:3px 5px;text-align:left;background:#f3f4f6;border-bottom:1px solid #d1d5db;width:30%;font-size:11px;font-weight:600;color:#1f2937;">Frequência</th><td style="padding:3px 5px;border-bottom:1px solid #e5e7eb;font-size:11px;color:#111827;">—</td></tr><tr><th style="padding:3px 5px;text-align:left;background:#f3f4f6;border-bottom:1px solid #d1d5db;width:30%;font-size:11px;font-weight:600;color:#1f2937;">Cronograma</th><td style="padding:3px 5px;border-bottom:1px solid #e5e7eb;font-size:11px;color:#111827;">—</td></tr></table>]]></description><LineString><coordinates>-46.5631500,-23.5120500,0 -46.5646400,-23.5093600,0 -46.5671500,-23.5049200,0 -46.5673100,-23.5046900,0 -46.5675800,-23.5047300,0</coordinates></LineString></Placemark>
<Style id="s-VM-64">
<LineStyle><color>ffebce87</color><width>3.0</width></LineStyle>
<PolyStyle><color>ffebce87</color></PolyStyle>
<IconStyle><color>ffebce87</color><scale>0.55</scale>
<Icon><href>http://maps.google.com/mapfiles/kml/shapes/placemark_circle.png</href></Icon>
</IconStyle>
<LabelStyle><scale>0.65</scale></LabelStyle>
</Style><Placemark><name>MG10401VM0002 - Seg. 5</name><styleUrl>#s-VM-64</styleUrl><description><![CDATA[<table style="border-collapse:collapse;width:100%;font-family:'Helvetica Neue',Helvetica,Arial,sans-serif;font-size:11px;border:1px solid #e5e7eb;border-radius:8px;overflow:hidden;"><tr><th colspan="2" style="padding:5px 8px;background:#1f6feb;color:#fff;text-align:left;font-size:12px;font-weight:600;">MG10401VM0002 - Seg. 5</th></tr><tr><th style="padding:3px 5px;text-align:left;background:#f3f4f6;border-bottom:1px solid #d1d5db;width:30%;font-size:11px;font-weight:600;color:#1f2937;">Serviço</th><td style="padding:3px 5px;border-bottom:1px solid #e5e7eb;font-size:11px;color:#111827;">Varrição Mecanizada (VM)</td></tr><tr><th style="padding:3px 5px;text-align:left;background:#f3f4f6;border-bottom:1px solid #d1d5db;width:30%;font-size:11px;font-weight:600;color:#1f2937;">Setor</th><td style="padding:3px 5px;border-bottom:1px solid #e5e7eb;font-size:11px;color:#111827;">MG10401VM0002</td></tr><tr><th style="padding:3px 5px;text-align:left;background:#f3f4f6;border-bottom:1px solid #d1d5db;width:30%;font-size:11px;font-weight:600;color:#1f2937;">Tipo de Serviço</th><td style="padding:3px 5px;border-bottom:1px solid #e5e7eb;font-size:11px;color:#111827;">Varrição Mecanizada</td></tr><tr><th style="padding:3px 5px;text-align:left;background:#f3f4f6;border-bottom:1px solid #d1d5db;width:30%;font-size:11px;font-weight:600;color:#1f2937;">Nome</th><td style="padding:3px 5px;border-bottom:1px solid #e5e7eb;font-size:11px;color:#111827;">MG10401VM0002 - Seg. 5</td></tr><tr><th style="padding:3px 5px;text-align:left;background:#f3f4f6;border-bottom:1px solid #d1d5db;width:30%;font-size:11px;font-weight:600;color:#1f2937;">Logradouro</th><td style="padding:3px 5px;border-bottom:1px solid #e5e7eb;font-size:11px;color:#111827;">Av do Poeta</td></tr><tr><th style="padding:3px 5px;text-align:left;background:#f3f4f6;border-bottom:1px solid #d1d5db;width:30%;font-size:11px;font-weight:600;color:#1f2937;">Subprefeitura</th><td style="padding:3px 5px;border-bottom:1px solid #e5e7eb;font-size:11px;color:#111827;">Vila Maria / Vila Guilherme</td></tr><tr><th style="padding:3px 5px;text-align:left;background:#f3f4f6;border-bottom:1px solid #d1d5db;width:30%;font-size:11px;font-weight:600;color:#1f2937;">Turno</th><td style="padding:3px 5px;border-bottom:1px solid #e5e7eb;font-size:11px;color:#111827;">Diurno</td></tr><tr><th style="padding:3px 5px;text-align:left;background:#f3f4f6;border-bottom:1px solid #d1d5db;width:30%;font-size:11px;font-weight:600;color:#1f2937;">Frequência</th><td style="padding:3px 5px;border-bottom:1px solid #e5e7eb;font-size:11px;color:#111827;">—</td></tr><tr><th style="padding:3px 5px;text-align:left;background:#f3f4f6;border-bottom:1px solid #d1d5db;width:30%;font-size:11px;font-weight:600;color:#1f2937;">Cronograma</th><td style="padding:3px 5px;border-bottom:1px solid #e5e7eb;font-size:11px;color:#111827;">—</td></tr></table>]]></description><LineString><coordinates>-46.5692700,-23.4915200,0 -46.5689800,-23.4911200,0 -46.5685500,-23.4908600,0 -46.5678800,-23.4907700,0 -46.5665400,-23.4906700,0 -46.5662000,-23.4906000,0 -46.5658900,-23.4904800,0 -46.5657500,-23.4903200,0 -46.5656500,-23.4901400,0 -46.5660100,-23.4903900,0 -46.5656500,-23.4901400,0 -46.5665300,-23.4905800,0 -46.5662600,-23.4905200,0 -46.5660100,-23.4903900,0 -46.5677700,-23.4906600,0 -46.5665300,-23.4905800,0 -46.5695100,-23.4915700,0 -46.5690500,-23.4910700,0 -46.5684700,-23.4907300,0 -46.5677700,-23.4906600,0 -46.5695100,-23.4915700,0 -46.5693500,-23.4912300,0 -46.5691300,-23.4909100,0 -46.5688800,-23.4906700,0 -46.5686600,-23.4905400,0 -46.5685500,-23.4904400,0 -46.5681800,-23.4903800,0 -46.5670800,-23.4902800,0 -46.5664300,-23.4900000,0 -46.5662300,-23.4893500,0</coordinates></LineString></Placemark>
<Style id="s-VM-65">
<LineStyle><color>ffebce87</color><width>3.0</width></LineStyle>
<PolyStyle><color>ffebce87</color></PolyStyle>
<IconStyle><color>ffebce87</color><scale>0.55</scale>
<Icon><href>http://maps.google.com/mapfiles/kml/shapes/placemark_circle.png</href></Icon>
</IconStyle>
<LabelStyle><scale>0.65</scale></LabelStyle>
</Style><Placemark><name>MG10401VM0002 - Seg. 6</name><styleUrl>#s-VM-65</styleUrl><description><![CDATA[<table style="border-collapse:collapse;width:100%;font-family:'Helvetica Neue',Helvetica,Arial,sans-serif;font-size:11px;border:1px solid #e5e7eb;border-radius:8px;overflow:hidden;"><tr><th colspan="2" style="padding:5px 8px;background:#1f6feb;color:#fff;text-align:left;font-size:12px;font-weight:600;">MG10401VM0002 - Seg. 6</th></tr><tr><th style="padding:3px 5px;text-align:left;background:#f3f4f6;border-bottom:1px solid #d1d5db;width:30%;font-size:11px;font-weight:600;color:#1f2937;">Serviço</th><td style="padding:3px 5px;border-bottom:1px solid #e5e7eb;font-size:11px;color:#111827;">Varrição Mecanizada (VM)</td></tr><tr><th style="padding:3px 5px;text-align:left;background:#f3f4f6;border-bottom:1px solid #d1d5db;width:30%;font-size:11px;font-weight:600;color:#1f2937;">Setor</th><td style="padding:3px 5px;border-bottom:1px solid #e5e7eb;font-size:11px;color:#111827;">MG10401VM0002</td></tr><tr><th style="padding:3px 5px;text-align:left;background:#f3f4f6;border-bottom:1px solid #d1d5db;width:30%;font-size:11px;font-weight:600;color:#1f2937;">Tipo de Serviço</th><td style="padding:3px 5px;border-bottom:1px solid #e5e7eb;font-size:11px;color:#111827;">Varrição Mecanizada</td></tr><tr><th style="padding:3px 5px;text-align:left;background:#f3f4f6;border-bottom:1px solid #d1d5db;width:30%;font-size:11px;font-weight:600;color:#1f2937;">Nome</th><td style="padding:3px 5px;border-bottom:1px solid #e5e7eb;font-size:11px;color:#111827;">MG10401VM0002 - Seg. 6</td></tr><tr><th style="padding:3px 5px;text-align:left;background:#f3f4f6;border-bottom:1px solid #d1d5db;width:30%;font-size:11px;font-weight:600;color:#1f2937;">Logradouro</th><td style="padding:3px 5px;border-bottom:1px solid #e5e7eb;font-size:11px;color:#111827;">Av Guilherme Cotching</td></tr><tr><th style="padding:3px 5px;text-align:left;background:#f3f4f6;border-bottom:1px solid #d1d5db;width:30%;font-size:11px;font-weight:600;color:#1f2937;">Subprefeitura</th><td style="padding:3px 5px;border-bottom:1px solid #e5e7eb;font-size:11px;color:#111827;">Vila Maria / Vila Guilherme</td></tr><tr><th style="padding:3px 5px;text-align:left;background:#f3f4f6;border-bottom:1px solid #d1d5db;width:30%;font-size:11px;font-weight:600;color:#1f2937;">Turno</th><td style="padding:3px 5px;border-bottom:1px solid #e5e7eb;font-size:11px;color:#111827;">Diurno</td></tr><tr><th style="padding:3px 5px;text-align:left;background:#f3f4f6;border-bottom:1px solid #d1d5db;width:30%;font-size:11px;font-weight:600;color:#1f2937;">Frequência</th><td style="padding:3px 5px;border-bottom:1px solid #e5e7eb;font-size:11px;color:#111827;">—</td></tr><tr><th style="padding:3px 5px;text-align:left;background:#f3f4f6;border-bottom:1px solid #d1d5db;width:30%;font-size:11px;font-weight:600;color:#1f2937;">Cronograma</th><td style="padding:3px 5px;border-bottom:1px solid #e5e7eb;font-size:11px;color:#111827;">—</td></tr></table>]]></description><LineString><coordinates>-46.5956500,-23.5258300,0 -46.5953600,-23.5255000,0 -46.5950900,-23.5251200,0 -46.5929900,-23.5223900,0 -46.5924900,-23.5218000,0 -46.5905800,-23.5193500,0 -46.5869000,-23.5146900,0 -46.5853100,-23.5126300,0</coordinates></LineString></Placemark>
<Style id="s-VM-66">
<LineStyle><color>ffebce87</color><width>3.0</width></LineStyle>
<PolyStyle><color>ffebce87</color></PolyStyle>
<IconStyle><color>ffebce87</color><scale>0.55</scale>
<Icon><href>http://maps.google.com/mapfiles/kml/shapes/placemark_circle.png</href></Icon>
</IconStyle>
<LabelStyle><scale>0.65</scale></LabelStyle>
</Style><Placemark><name>MG10401VM0002 - Seg. 7</name><styleUrl>#s-VM-66</styleUrl><description><![CDATA[<table style="border-collapse:collapse;width:100%;font-family:'Helvetica Neue',Helvetica,Arial,sans-serif;font-size:11px;border:1px solid #e5e7eb;border-radius:8px;overflow:hidden;"><tr><th colspan="2" style="padding:5px 8px;background:#1f6feb;color:#fff;text-align:left;font-size:12px;font-weight:600;">MG10401VM0002 - Seg. 7</th></tr><tr><th style="padding:3px 5px;text-align:left;background:#f3f4f6;border-bottom:1px solid #d1d5db;width:30%;font-size:11px;font-weight:600;color:#1f2937;">Serviço</th><td style="padding:3px 5px;border-bottom:1px solid #e5e7eb;font-size:11px;color:#111827;">Varrição Mecanizada (VM)</td></tr><tr><th style="padding:3px 5px;text-align:left;background:#f3f4f6;border-bottom:1px solid #d1d5db;width:30%;font-size:11px;font-weight:600;color:#1f2937;">Setor</th><td style="padding:3px 5px;border-bottom:1px solid #e5e7eb;font-size:11px;color:#111827;">MG10401VM0002</td></tr><tr><th style="padding:3px 5px;text-align:left;background:#f3f4f6;border-bottom:1px solid #d1d5db;width:30%;font-size:11px;font-weight:600;color:#1f2937;">Tipo de Serviço</th><td style="padding:3px 5px;border-bottom:1px solid #e5e7eb;font-size:11px;color:#111827;">Varrição Mecanizada</td></tr><tr><th style="padding:3px 5px;text-align:left;background:#f3f4f6;border-bottom:1px solid #d1d5db;width:30%;font-size:11px;font-weight:600;color:#1f2937;">Nome</th><td style="padding:3px 5px;border-bottom:1px solid #e5e7eb;font-size:11px;color:#111827;">MG10401VM0002 - Seg. 7</td></tr><tr><th style="padding:3px 5px;text-align:left;background:#f3f4f6;border-bottom:1px solid #d1d5db;width:30%;font-size:11px;font-weight:600;color:#1f2937;">Logradouro</th><td style="padding:3px 5px;border-bottom:1px solid #e5e7eb;font-size:11px;color:#111827;">Av Guilherme Cotching</td></tr><tr><th style="padding:3px 5px;text-align:left;background:#f3f4f6;border-bottom:1px solid #d1d5db;width:30%;font-size:11px;font-weight:600;color:#1f2937;">Subprefeitura</th><td style="padding:3px 5px;border-bottom:1px solid #e5e7eb;font-size:11px;color:#111827;">Vila Maria / Vila Guilherme</td></tr><tr><th style="padding:3px 5px;text-align:left;background:#f3f4f6;border-bottom:1px solid #d1d5db;width:30%;font-size:11px;font-weight:600;color:#1f2937;">Turno</th><td style="padding:3px 5px;border-bottom:1px solid #e5e7eb;font-size:11px;color:#111827;">Diurno</td></tr><tr><th style="padding:3px 5px;text-align:left;background:#f3f4f6;border-bottom:1px solid #d1d5db;width:30%;font-size:11px;font-weight:600;color:#1f2937;">Frequência</th><td style="padding:3px 5px;border-bottom:1px solid #e5e7eb;font-size:11px;color:#111827;">—</td></tr><tr><th style="padding:3px 5px;text-align:left;background:#f3f4f6;border-bottom:1px solid #d1d5db;width:30%;font-size:11px;font-weight:600;color:#1f2937;">Cronograma</th><td style="padding:3px 5px;border-bottom:1px solid #e5e7eb;font-size:11px;color:#111827;">—</td></tr></table>]]></description><LineString><coordinates>-46.5958200,-23.5262200,0 -46.5950500,-23.5253400,0 -46.5946500,-23.5247900,0 -46.5933400,-23.5231000,0 -46.5861400,-23.5139400,0 -46.5852000,-23.5127000,0</coordinates></LineString></Placemark>
<Style id="s-VM-67">
<LineStyle><color>ffebce87</color><width>3.0</width></LineStyle>
<PolyStyle><color>ffebce87</color></PolyStyle>
<IconStyle><color>ffebce87</color><scale>0.55</scale>
<Icon><href>http://maps.google.com/mapfiles/kml/shapes/placemark_circle.png</href></Icon>
</IconStyle>
<LabelStyle><scale>0.65</scale></LabelStyle>
</Style><Placemark><name>MG10401VM0002 - Seg. 8</name><styleUrl>#s-VM-67</styleUrl><description><![CDATA[<table style="border-collapse:collapse;width:100%;font-family:'Helvetica Neue',Helvetica,Arial,sans-serif;font-size:11px;border:1px solid #e5e7eb;border-radius:8px;overflow:hidden;"><tr><th colspan="2" style="padding:5px 8px;background:#1f6feb;color:#fff;text-align:left;font-size:12px;font-weight:600;">MG10401VM0002 - Seg. 8</th></tr><tr><th style="padding:3px 5px;text-align:left;background:#f3f4f6;border-bottom:1px solid #d1d5db;width:30%;font-size:11px;font-weight:600;color:#1f2937;">Serviço</th><td style="padding:3px 5px;border-bottom:1px solid #e5e7eb;font-size:11px;color:#111827;">Varrição Mecanizada (VM)</td></tr><tr><th style="padding:3px 5px;text-align:left;background:#f3f4f6;border-bottom:1px solid #d1d5db;width:30%;font-size:11px;font-weight:600;color:#1f2937;">Setor</th><td style="padding:3px 5px;border-bottom:1px solid #e5e7eb;font-size:11px;color:#111827;">MG10401VM0002</td></tr><tr><th style="padding:3px 5px;text-align:left;background:#f3f4f6;border-bottom:1px solid #d1d5db;width:30%;font-size:11px;font-weight:600;color:#1f2937;">Tipo de Serviço</th><td style="padding:3px 5px;border-bottom:1px solid #e5e7eb;font-size:11px;color:#111827;">Varrição Mecanizada</td></tr><tr><th style="padding:3px 5px;text-align:left;background:#f3f4f6;border-bottom:1px solid #d1d5db;width:30%;font-size:11px;font-weight:600;color:#1f2937;">Nome</th><td style="padding:3px 5px;border-bottom:1px solid #e5e7eb;font-size:11px;color:#111827;">MG10401VM0002 - Seg. 8</td></tr><tr><th style="padding:3px 5px;text-align:left;background:#f3f4f6;border-bottom:1px solid #d1d5db;width:30%;font-size:11px;font-weight:600;color:#1f2937;">Logradouro</th><td style="padding:3px 5px;border-bottom:1px solid #e5e7eb;font-size:11px;color:#111827;">Av Joao Simao de Castro</td></tr><tr><th style="padding:3px 5px;text-align:left;background:#f3f4f6;border-bottom:1px solid #d1d5db;width:30%;font-size:11px;font-weight:600;color:#1f2937;">Subprefeitura</th><td style="padding:3px 5px;border-bottom:1px solid #e5e7eb;font-size:11px;color:#111827;">Vila Maria / Vila Guilherme</td></tr><tr><th style="padding:3px 5px;text-align:left;background:#f3f4f6;border-bottom:1px solid #d1d5db;width:30%;font-size:11px;font-weight:600;color:#1f2937;">Turno</th><td style="padding:3px 5px;border-bottom:1px solid #e5e7eb;font-size:11px;color:#111827;">Diurno</td></tr><tr><th style="padding:3px 5px;text-align:left;background:#f3f4f6;border-bottom:1px solid #d1d5db;width:30%;font-size:11px;font-weight:600;color:#1f2937;">Frequência</th><td style="padding:3px 5px;border-bottom:1px solid #e5e7eb;font-size:11px;color:#111827;">—</td></tr><tr><th style="padding:3px 5px;text-align:left;background:#f3f4f6;border-bottom:1px solid #d1d5db;width:30%;font-size:11px;font-weight:600;color:#1f2937;">Cronograma</th><td style="padding:3px 5px;border-bottom:1px solid #e5e7eb;font-size:11px;color:#111827;">—</td></tr></table>]]></description><LineString><coordinates>-46.5759800,-23.4895200,0 -46.5749300,-23.4895200,0 -46.5746800,-23.4895400,0 -46.5757400,-23.4892900,0 -46.5755300,-23.4892700,0 -46.5753000,-23.4893200,0 -46.5749800,-23.4893200,0 -46.5746900,-23.4892500,0 -46.5741500,-23.4895500,0 -46.5739500,-23.4894900,0 -46.5737600,-23.4894800,0 -46.5696400,-23.4893700,0 -46.5690600,-23.4893600,0 -46.5684500,-23.4894200,0 -46.5654200,-23.4893300,0</coordinates></LineString></Placemark>
<Style id="s-VM-68">
<LineStyle><color>ffebce87</color><width>3.0</width></LineStyle>
<PolyStyle><color>ffebce87</color></PolyStyle>
<IconStyle><color>ffebce87</color><scale>0.55</scale>
<Icon><href>http://maps.google.com/mapfiles/kml/shapes/placemark_circle.png</href></Icon>
</IconStyle>
<LabelStyle><scale>0.65</scale></LabelStyle>
</Style><Placemark><name>MG10401VM0002 - Seg. 9</name><styleUrl>#s-VM-68</styleUrl><description><![CDATA[<table style="border-collapse:collapse;width:100%;font-family:'Helvetica Neue',Helvetica,Arial,sans-serif;font-size:11px;border:1px solid #e5e7eb;border-radius:8px;overflow:hidden;"><tr><th colspan="2" style="padding:5px 8px;background:#1f6feb;color:#fff;text-align:left;font-size:12px;font-weight:600;">MG10401VM0002 - Seg. 9</th></tr><tr><th style="padding:3px 5px;text-align:left;background:#f3f4f6;border-bottom:1px solid #d1d5db;width:30%;font-size:11px;font-weight:600;color:#1f2937;">Serviço</th><td style="padding:3px 5px;border-bottom:1px solid #e5e7eb;font-size:11px;color:#111827;">Varrição Mecanizada (VM)</td></tr><tr><th style="padding:3px 5px;text-align:left;background:#f3f4f6;border-bottom:1px solid #d1d5db;width:30%;font-size:11px;font-weight:600;color:#1f2937;">Setor</th><td style="padding:3px 5px;border-bottom:1px solid #e5e7eb;font-size:11px;color:#111827;">MG10401VM0002</td></tr><tr><th style="padding:3px 5px;text-align:left;background:#f3f4f6;border-bottom:1px solid #d1d5db;width:30%;font-size:11px;font-weight:600;color:#1f2937;">Tipo de Serviço</th><td style="padding:3px 5px;border-bottom:1px solid #e5e7eb;font-size:11px;color:#111827;">Varrição Mecanizada</td></tr><tr><th style="padding:3px 5px;text-align:left;background:#f3f4f6;border-bottom:1px solid #d1d5db;width:30%;font-size:11px;font-weight:600;color:#1f2937;">Nome</th><td style="padding:3px 5px;border-bottom:1px solid #e5e7eb;font-size:11px;color:#111827;">MG10401VM0002 - Seg. 9</td></tr><tr><th style="padding:3px 5px;text-align:left;background:#f3f4f6;border-bottom:1px solid #d1d5db;width:30%;font-size:11px;font-weight:600;color:#1f2937;">Logradouro</th><td style="padding:3px 5px;border-bottom:1px solid #e5e7eb;font-size:11px;color:#111827;">Av Joao Simao de Castro</td></tr><tr><th style="padding:3px 5px;text-align:left;background:#f3f4f6;border-bottom:1px solid #d1d5db;width:30%;font-size:11px;font-weight:600;color:#1f2937;">Subprefeitura</th><td style="padding:3px 5px;border-bottom:1px solid #e5e7eb;font-size:11px;color:#111827;">Vila Maria / Vila Guilherme</td></tr><tr><th style="padding:3px 5px;text-align:left;background:#f3f4f6;border-bottom:1px solid #d1d5db;width:30%;font-size:11px;font-weight:600;color:#1f2937;">Turno</th><td style="padding:3px 5px;border-bottom:1px solid #e5e7eb;font-size:11px;color:#111827;">Diurno</td></tr><tr><th style="padding:3px 5px;text-align:left;background:#f3f4f6;border-bottom:1px solid #d1d5db;width:30%;font-size:11px;font-weight:600;color:#1f2937;">Frequência</th><td style="padding:3px 5px;border-bottom:1px solid #e5e7eb;font-size:11px;color:#111827;">—</td></tr><tr><th style="padding:3px 5px;text-align:left;background:#f3f4f6;border-bottom:1px solid #d1d5db;width:30%;font-size:11px;font-weight:600;color:#1f2937;">Cronograma</th><td style="padding:3px 5px;border-bottom:1px solid #e5e7eb;font-size:11px;color:#111827;">—</td></tr></table>]]></description><LineString><coordinates>-46.5741400,-23.4892700,0 -46.5739500,-23.4893000,0 -46.5737600,-23.4893000,0 -46.5717600,-23.4892500,0 -46.5699600,-23.4891800,0 -46.5654300,-23.4890500,0</coordinates></LineString></Placemark>
<Style id="s-VM-69">
<LineStyle><color>ffebce87</color><width>3.0</width></LineStyle>
<PolyStyle><color>ffebce87</color></PolyStyle>
<IconStyle><color>ffebce87</color><scale>0.55</scale>
<Icon><href>http://maps.google.com/mapfiles/kml/shapes/placemark_circle.png</href></Icon>
</IconStyle>
<LabelStyle><scale>0.65</scale></LabelStyle>
</Style><Placemark><name>MG10401VM0002 - Seg. 10</name><styleUrl>#s-VM-69</styleUrl><description><![CDATA[<table style="border-collapse:collapse;width:100%;font-family:'Helvetica Neue',Helvetica,Arial,sans-serif;font-size:11px;border:1px solid #e5e7eb;border-radius:8px;overflow:hidden;"><tr><th colspan="2" style="padding:5px 8px;background:#1f6feb;color:#fff;text-align:left;font-size:12px;font-weight:600;">MG10401VM0002 - Seg. 10</th></tr><tr><th style="padding:3px 5px;text-align:left;background:#f3f4f6;border-bottom:1px solid #d1d5db;width:30%;font-size:11px;font-weight:600;color:#1f2937;">Serviço</th><td style="padding:3px 5px;border-bottom:1px solid #e5e7eb;font-size:11px;color:#111827;">Varrição Mecanizada (VM)</td></tr><tr><th style="padding:3px 5px;text-align:left;background:#f3f4f6;border-bottom:1px solid #d1d5db;width:30%;font-size:11px;font-weight:600;color:#1f2937;">Setor</th><td style="padding:3px 5px;border-bottom:1px solid #e5e7eb;font-size:11px;color:#111827;">MG10401VM0002</td></tr><tr><th style="padding:3px 5px;text-align:left;background:#f3f4f6;border-bottom:1px solid #d1d5db;width:30%;font-size:11px;font-weight:600;color:#1f2937;">Tipo de Serviço</th><td style="padding:3px 5px;border-bottom:1px solid #e5e7eb;font-size:11px;color:#111827;">Varrição Mecanizada</td></tr><tr><th style="padding:3px 5px;text-align:left;background:#f3f4f6;border-bottom:1px solid #d1d5db;width:30%;font-size:11px;font-weight:600;color:#1f2937;">Nome</th><td style="padding:3px 5px;border-bottom:1px solid #e5e7eb;font-size:11px;color:#111827;">MG10401VM0002 - Seg. 10</td></tr><tr><th style="padding:3px 5px;text-align:left;background:#f3f4f6;border-bottom:1px solid #d1d5db;width:30%;font-size:11px;font-weight:600;color:#1f2937;">Logradouro</th><td style="padding:3px 5px;border-bottom:1px solid #e5e7eb;font-size:11px;color:#111827;">Av Jose Maria Fernandes</td></tr><tr><th style="padding:3px 5px;text-align:left;background:#f3f4f6;border-bottom:1px solid #d1d5db;width:30%;font-size:11px;font-weight:600;color:#1f2937;">Subprefeitura</th><td style="padding:3px 5px;border-bottom:1px solid #e5e7eb;font-size:11px;color:#111827;">Vila Maria / Vila Guilherme</td></tr><tr><th style="padding:3px 5px;text-align:left;background:#f3f4f6;border-bottom:1px solid #d1d5db;width:30%;font-size:11px;font-weight:600;color:#1f2937;">Turno</th><td style="padding:3px 5px;border-bottom:1px solid #e5e7eb;font-size:11px;color:#111827;">Diurno</td></tr><tr><th style="padding:3px 5px;text-align:left;background:#f3f4f6;border-bottom:1px solid #d1d5db;width:30%;font-size:11px;font-weight:600;color:#1f2937;">Frequência</th><td style="padding:3px 5px;border-bottom:1px solid #e5e7eb;font-size:11px;color:#111827;">—</td></tr><tr><th style="padding:3px 5px;text-align:left;background:#f3f4f6;border-bottom:1px solid #d1d5db;width:30%;font-size:11px;font-weight:600;color:#1f2937;">Cronograma</th><td style="padding:3px 5px;border-bottom:1px solid #e5e7eb;font-size:11px;color:#111827;">—</td></tr></table>]]></description><LineString><coordinates>-46.5681200,-23.5164300,0 -46.5677700,-23.5064200,0 -46.5677300,-23.5055600,0 -46.5675800,-23.5047300,0</coordinates></LineString></Placemark>
<Style id="s-VM-70">
<LineStyle><color>ffebce87</color><width>3.0</width></LineStyle>
<PolyStyle><color>ffebce87</color></PolyStyle>
<IconStyle><color>ffebce87</color><scale>0.55</scale>
<Icon><href>http://maps.google.com/mapfiles/kml/shapes/placemark_circle.png</href></Icon>
</IconStyle>
<LabelStyle><scale>0.65</scale></LabelStyle>
</Style><Placemark><name>MG10401VM0002 - Seg. 11</name><styleUrl>#s-VM-70</styleUrl><description><![CDATA[<table style="border-collapse:collapse;width:100%;font-family:'Helvetica Neue',Helvetica,Arial,sans-serif;font-size:11px;border:1px solid #e5e7eb;border-radius:8px;overflow:hidden;"><tr><th colspan="2" style="padding:5px 8px;background:#1f6feb;color:#fff;text-align:left;font-size:12px;font-weight:600;">MG10401VM0002 - Seg. 11</th></tr><tr><th style="padding:3px 5px;text-align:left;background:#f3f4f6;border-bottom:1px solid #d1d5db;width:30%;font-size:11px;font-weight:600;color:#1f2937;">Serviço</th><td style="padding:3px 5px;border-bottom:1px solid #e5e7eb;font-size:11px;color:#111827;">Varrição Mecanizada (VM)</td></tr><tr><th style="padding:3px 5px;text-align:left;background:#f3f4f6;border-bottom:1px solid #d1d5db;width:30%;font-size:11px;font-weight:600;color:#1f2937;">Setor</th><td style="padding:3px 5px;border-bottom:1px solid #e5e7eb;font-size:11px;color:#111827;">MG10401VM0002</td></tr><tr><th style="padding:3px 5px;text-align:left;background:#f3f4f6;border-bottom:1px solid #d1d5db;width:30%;font-size:11px;font-weight:600;color:#1f2937;">Tipo de Serviço</th><td style="padding:3px 5px;border-bottom:1px solid #e5e7eb;font-size:11px;color:#111827;">Varrição Mecanizada</td></tr><tr><th style="padding:3px 5px;text-align:left;background:#f3f4f6;border-bottom:1px solid #d1d5db;width:30%;font-size:11px;font-weight:600;color:#1f2937;">Nome</th><td style="padding:3px 5px;border-bottom:1px solid #e5e7eb;font-size:11px;color:#111827;">MG10401VM0002 - Seg. 11</td></tr><tr><th style="padding:3px 5px;text-align:left;background:#f3f4f6;border-bottom:1px solid #d1d5db;width:30%;font-size:11px;font-weight:600;color:#1f2937;">Logradouro</th><td style="padding:3px 5px;border-bottom:1px solid #e5e7eb;font-size:11px;color:#111827;">Av Jose Maria Fernandes</td></tr><tr><th style="padding:3px 5px;text-align:left;background:#f3f4f6;border-bottom:1px solid #d1d5db;width:30%;font-size:11px;font-weight:600;color:#1f2937;">Subprefeitura</th><td style="padding:3px 5px;border-bottom:1px solid #e5e7eb;font-size:11px;color:#111827;">Vila Maria / Vila Guilherme</td></tr><tr><th style="padding:3px 5px;text-align:left;background:#f3f4f6;border-bottom:1px solid #d1d5db;width:30%;font-size:11px;font-weight:600;color:#1f2937;">Turno</th><td style="padding:3px 5px;border-bottom:1px solid #e5e7eb;font-size:11px;color:#111827;">Diurno</td></tr><tr><th style="padding:3px 5px;text-align:left;background:#f3f4f6;border-bottom:1px solid #d1d5db;width:30%;font-size:11px;font-weight:600;color:#1f2937;">Frequência</th><td style="padding:3px 5px;border-bottom:1px solid #e5e7eb;font-size:11px;color:#111827;">—</td></tr><tr><th style="padding:3px 5px;text-align:left;background:#f3f4f6;border-bottom:1px solid #d1d5db;width:30%;font-size:11px;font-weight:600;color:#1f2937;">Cronograma</th><td style="padding:3px 5px;border-bottom:1px solid #e5e7eb;font-size:11px;color:#111827;">—</td></tr></table>]]></description><LineString><coordinates>-46.5679700,-23.5164300,0 -46.5677200,-23.5093000,0 -46.5676200,-23.5055900,0 -46.5675500,-23.5047700,0</coordinates></LineString></Placemark>
<Style id="s-VM-71">
<LineStyle><color>ffebce87</color><width>3.0</width></LineStyle>
<PolyStyle><color>ffebce87</color></PolyStyle>
<IconStyle><color>ffebce87</color><scale>0.55</scale>
<Icon><href>http://maps.google.com/mapfiles/kml/shapes/placemark_circle.png</href></Icon>
</IconStyle>
<LabelStyle><scale>0.65</scale></LabelStyle>
</Style><Placemark><name>MG10401VM0002 - Seg. 12</name><styleUrl>#s-VM-71</styleUrl><description><![CDATA[<table style="border-collapse:collapse;width:100%;font-family:'Helvetica Neue',Helvetica,Arial,sans-serif;font-size:11px;border:1px solid #e5e7eb;border-radius:8px;overflow:hidden;"><tr><th colspan="2" style="padding:5px 8px;background:#1f6feb;color:#fff;text-align:left;font-size:12px;font-weight:600;">MG10401VM0002 - Seg. 12</th></tr><tr><th style="padding:3px 5px;text-align:left;background:#f3f4f6;border-bottom:1px solid #d1d5db;width:30%;font-size:11px;font-weight:600;color:#1f2937;">Serviço</th><td style="padding:3px 5px;border-bottom:1px solid #e5e7eb;font-size:11px;color:#111827;">Varrição Mecanizada (VM)</td></tr><tr><th style="padding:3px 5px;text-align:left;background:#f3f4f6;border-bottom:1px solid #d1d5db;width:30%;font-size:11px;font-weight:600;color:#1f2937;">Setor</th><td style="padding:3px 5px;border-bottom:1px solid #e5e7eb;font-size:11px;color:#111827;">MG10401VM0002</td></tr><tr><th style="padding:3px 5px;text-align:left;background:#f3f4f6;border-bottom:1px solid #d1d5db;width:30%;font-size:11px;font-weight:600;color:#1f2937;">Tipo de Serviço</th><td style="padding:3px 5px;border-bottom:1px solid #e5e7eb;font-size:11px;color:#111827;">Varrição Mecanizada</td></tr><tr><th style="padding:3px 5px;text-align:left;background:#f3f4f6;border-bottom:1px solid #d1d5db;width:30%;font-size:11px;font-weight:600;color:#1f2937;">Nome</th><td style="padding:3px 5px;border-bottom:1px solid #e5e7eb;font-size:11px;color:#111827;">MG10401VM0002 - Seg. 12</td></tr><tr><th style="padding:3px 5px;text-align:left;background:#f3f4f6;border-bottom:1px solid #d1d5db;width:30%;font-size:11px;font-weight:600;color:#1f2937;">Logradouro</th><td style="padding:3px 5px;border-bottom:1px solid #e5e7eb;font-size:11px;color:#111827;">Av Mal Argolo Ferrao</td></tr><tr><th style="padding:3px 5px;text-align:left;background:#f3f4f6;border-bottom:1px solid #d1d5db;width:30%;font-size:11px;font-weight:600;color:#1f2937;">Subprefeitura</th><td style="padding:3px 5px;border-bottom:1px solid #e5e7eb;font-size:11px;color:#111827;">Vila Maria / Vila Guilherme</td></tr><tr><th style="padding:3px 5px;text-align:left;background:#f3f4f6;border-bottom:1px solid #d1d5db;width:30%;font-size:11px;font-weight:600;color:#1f2937;">Turno</th><td style="padding:3px 5px;border-bottom:1px solid #e5e7eb;font-size:11px;color:#111827;">Diurno</td></tr><tr><th style="padding:3px 5px;text-align:left;background:#f3f4f6;border-bottom:1px solid #d1d5db;width:30%;font-size:11px;font-weight:600;color:#1f2937;">Frequência</th><td style="padding:3px 5px;border-bottom:1px solid #e5e7eb;font-size:11px;color:#111827;">—</td></tr><tr><th style="padding:3px 5px;text-align:left;background:#f3f4f6;border-bottom:1px solid #d1d5db;width:30%;font-size:11px;font-weight:600;color:#1f2937;">Cronograma</th><td style="padding:3px 5px;border-bottom:1px solid #e5e7eb;font-size:11px;color:#111827;">—</td></tr></table>]]></description><LineString><coordinates>-46.5741000,-23.4929200,0 -46.5724700,-23.4957800,0 -46.5723000,-23.4960900,0 -46.5722300,-23.4962600,0 -46.5716100,-23.4972900,0 -46.5705200,-23.4992600,0 -46.5701900,-23.4997800,0</coordinates></LineString></Placemark>
<Style id="s-VM-72">
<LineStyle><color>ffebce87</color><width>3.0</width></LineStyle>
<PolyStyle><color>ffebce87</color></PolyStyle>
<IconStyle><color>ffebce87</color><scale>0.55</scale>
<Icon><href>http://maps.google.com/mapfiles/kml/shapes/placemark_circle.png</href></Icon>
</IconStyle>
<LabelStyle><scale>0.65</scale></LabelStyle>
</Style><Placemark><name>MG10401VM0002 - Seg. 13</name><styleUrl>#s-VM-72</styleUrl><description><![CDATA[<table style="border-collapse:collapse;width:100%;font-family:'Helvetica Neue',Helvetica,Arial,sans-serif;font-size:11px;border:1px solid #e5e7eb;border-radius:8px;overflow:hidden;"><tr><th colspan="2" style="padding:5px 8px;background:#1f6feb;color:#fff;text-align:left;font-size:12px;font-weight:600;">MG10401VM0002 - Seg. 13</th></tr><tr><th style="padding:3px 5px;text-align:left;background:#f3f4f6;border-bottom:1px solid #d1d5db;width:30%;font-size:11px;font-weight:600;color:#1f2937;">Serviço</th><td style="padding:3px 5px;border-bottom:1px solid #e5e7eb;font-size:11px;color:#111827;">Varrição Mecanizada (VM)</td></tr><tr><th style="padding:3px 5px;text-align:left;background:#f3f4f6;border-bottom:1px solid #d1d5db;width:30%;font-size:11px;font-weight:600;color:#1f2937;">Setor</th><td style="padding:3px 5px;border-bottom:1px solid #e5e7eb;font-size:11px;color:#111827;">MG10401VM0002</td></tr><tr><th style="padding:3px 5px;text-align:left;background:#f3f4f6;border-bottom:1px solid #d1d5db;width:30%;font-size:11px;font-weight:600;color:#1f2937;">Tipo de Serviço</th><td style="padding:3px 5px;border-bottom:1px solid #e5e7eb;font-size:11px;color:#111827;">Varrição Mecanizada</td></tr><tr><th style="padding:3px 5px;text-align:left;background:#f3f4f6;border-bottom:1px solid #d1d5db;width:30%;font-size:11px;font-weight:600;color:#1f2937;">Nome</th><td style="padding:3px 5px;border-bottom:1px solid #e5e7eb;font-size:11px;color:#111827;">MG10401VM0002 - Seg. 13</td></tr><tr><th style="padding:3px 5px;text-align:left;background:#f3f4f6;border-bottom:1px solid #d1d5db;width:30%;font-size:11px;font-weight:600;color:#1f2937;">Logradouro</th><td style="padding:3px 5px;border-bottom:1px solid #e5e7eb;font-size:11px;color:#111827;">Av Mal Argolo Ferrao</td></tr><tr><th style="padding:3px 5px;text-align:left;background:#f3f4f6;border-bottom:1px solid #d1d5db;width:30%;font-size:11px;font-weight:600;color:#1f2937;">Subprefeitura</th><td style="padding:3px 5px;border-bottom:1px solid #e5e7eb;font-size:11px;color:#111827;">Vila Maria / Vila Guilherme</td></tr><tr><th style="padding:3px 5px;text-align:left;background:#f3f4f6;border-bottom:1px solid #d1d5db;width:30%;font-size:11px;font-weight:600;color:#1f2937;">Turno</th><td style="padding:3px 5px;border-bottom:1px solid #e5e7eb;font-size:11px;color:#111827;">Diurno</td></tr><tr><th style="padding:3px 5px;text-align:left;background:#f3f4f6;border-bottom:1px solid #d1d5db;width:30%;font-size:11px;font-weight:600;color:#1f2937;">Frequência</th><td style="padding:3px 5px;border-bottom:1px solid #e5e7eb;font-size:11px;color:#111827;">—</td></tr><tr><th style="padding:3px 5px;text-align:left;background:#f3f4f6;border-bottom:1px solid #d1d5db;width:30%;font-size:11px;font-weight:600;color:#1f2937;">Cronograma</th><td style="padding:3px 5px;border-bottom:1px solid #e5e7eb;font-size:11px;color:#111827;">—</td></tr></table>]]></description><LineString><coordinates>-46.5739500,-23.4928400,0 -46.5708700,-23.4983300,0 -46.5704200,-23.4990700,0 -46.5700900,-23.4996700,0</coordinates></LineString></Placemark>
<Style id="s-VM-73">
<LineStyle><color>ffebce87</color><width>3.0</width></LineStyle>
<PolyStyle><color>ffebce87</color></PolyStyle>
<IconStyle><color>ffebce87</color><scale>0.55</scale>
<Icon><href>http://maps.google.com/mapfiles/kml/shapes/placemark_circle.png</href></Icon>
</IconStyle>
<LabelStyle><scale>0.65</scale></LabelStyle>
</Style><Placemark><name>MG10401VM0002 - Seg. 14</name><styleUrl>#s-VM-73</styleUrl><description><![CDATA[<table style="border-collapse:collapse;width:100%;font-family:'Helvetica Neue',Helvetica,Arial,sans-serif;font-size:11px;border:1px solid #e5e7eb;border-radius:8px;overflow:hidden;"><tr><th colspan="2" style="padding:5px 8px;background:#1f6feb;color:#fff;text-align:left;font-size:12px;font-weight:600;">MG10401VM0002 - Seg. 14</th></tr><tr><th style="padding:3px 5px;text-align:left;background:#f3f4f6;border-bottom:1px solid #d1d5db;width:30%;font-size:11px;font-weight:600;color:#1f2937;">Serviço</th><td style="padding:3px 5px;border-bottom:1px solid #e5e7eb;font-size:11px;color:#111827;">Varrição Mecanizada (VM)</td></tr><tr><th style="padding:3px 5px;text-align:left;background:#f3f4f6;border-bottom:1px solid #d1d5db;width:30%;font-size:11px;font-weight:600;color:#1f2937;">Setor</th><td style="padding:3px 5px;border-bottom:1px solid #e5e7eb;font-size:11px;color:#111827;">MG10401VM0002</td></tr><tr><th style="padding:3px 5px;text-align:left;background:#f3f4f6;border-bottom:1px solid #d1d5db;width:30%;font-size:11px;font-weight:600;color:#1f2937;">Tipo de Serviço</th><td style="padding:3px 5px;border-bottom:1px solid #e5e7eb;font-size:11px;color:#111827;">Varrição Mecanizada</td></tr><tr><th style="padding:3px 5px;text-align:left;background:#f3f4f6;border-bottom:1px solid #d1d5db;width:30%;font-size:11px;font-weight:600;color:#1f2937;">Nome</th><td style="padding:3px 5px;border-bottom:1px solid #e5e7eb;font-size:11px;color:#111827;">MG10401VM0002 - Seg. 14</td></tr><tr><th style="padding:3px 5px;text-align:left;background:#f3f4f6;border-bottom:1px solid #d1d5db;width:30%;font-size:11px;font-weight:600;color:#1f2937;">Logradouro</th><td style="padding:3px 5px;border-bottom:1px solid #e5e7eb;font-size:11px;color:#111827;">Av Manuel Antonio Goncalves</td></tr><tr><th style="padding:3px 5px;text-align:left;background:#f3f4f6;border-bottom:1px solid #d1d5db;width:30%;font-size:11px;font-weight:600;color:#1f2937;">Subprefeitura</th><td style="padding:3px 5px;border-bottom:1px solid #e5e7eb;font-size:11px;color:#111827;">Vila Maria / Vila Guilherme</td></tr><tr><th style="padding:3px 5px;text-align:left;background:#f3f4f6;border-bottom:1px solid #d1d5db;width:30%;font-size:11px;font-weight:600;color:#1f2937;">Turno</th><td style="padding:3px 5px;border-bottom:1px solid #e5e7eb;font-size:11px;color:#111827;">Diurno</td></tr><tr><th style="padding:3px 5px;text-align:left;background:#f3f4f6;border-bottom:1px solid #d1d5db;width:30%;font-size:11px;font-weight:600;color:#1f2937;">Frequência</th><td style="padding:3px 5px;border-bottom:1px solid #e5e7eb;font-size:11px;color:#111827;">—</td></tr><tr><th style="padding:3px 5px;text-align:left;background:#f3f4f6;border-bottom:1px solid #d1d5db;width:30%;font-size:11px;font-weight:600;color:#1f2937;">Cronograma</th><td style="padding:3px 5px;border-bottom:1px solid #e5e7eb;font-size:11px;color:#111827;">—</td></tr></table>]]></description><LineString><coordinates>-46.5728500,-23.4995400,0 -46.5728700,-23.4994500,0 -46.5728100,-23.4991900,0 -46.5729100,-23.4983100,0 -46.5729200,-23.4979200,0 -46.5729000,-23.4975500,0 -46.5726800,-23.4967800,0 -46.5722600,-23.4960100,0 -46.5695100,-23.4915700,0</coordinates></LineString></Placemark>
<Style id="s-VM-74">
<LineStyle><color>ffebce87</color><width>3.0</width></LineStyle>
<PolyStyle><color>ffebce87</color></PolyStyle>
<IconStyle><color>ffebce87</color><scale>0.55</scale>
<Icon><href>http://maps.google.com/mapfiles/kml/shapes/placemark_circle.png</href></Icon>
</IconStyle>
<LabelStyle><scale>0.65</scale></LabelStyle>
</Style><Placemark><name>MG10401VM0002 - Seg. 15</name><styleUrl>#s-VM-74</styleUrl><description><![CDATA[<table style="border-collapse:collapse;width:100%;font-family:'Helvetica Neue',Helvetica,Arial,sans-serif;font-size:11px;border:1px solid #e5e7eb;border-radius:8px;overflow:hidden;"><tr><th colspan="2" style="padding:5px 8px;background:#1f6feb;color:#fff;text-align:left;font-size:12px;font-weight:600;">MG10401VM0002 - Seg. 15</th></tr><tr><th style="padding:3px 5px;text-align:left;background:#f3f4f6;border-bottom:1px solid #d1d5db;width:30%;font-size:11px;font-weight:600;color:#1f2937;">Serviço</th><td style="padding:3px 5px;border-bottom:1px solid #e5e7eb;font-size:11px;color:#111827;">Varrição Mecanizada (VM)</td></tr><tr><th style="padding:3px 5px;text-align:left;background:#f3f4f6;border-bottom:1px solid #d1d5db;width:30%;font-size:11px;font-weight:600;color:#1f2937;">Setor</th><td style="padding:3px 5px;border-bottom:1px solid #e5e7eb;font-size:11px;color:#111827;">MG10401VM0002</td></tr><tr><th style="padding:3px 5px;text-align:left;background:#f3f4f6;border-bottom:1px solid #d1d5db;width:30%;font-size:11px;font-weight:600;color:#1f2937;">Tipo de Serviço</th><td style="padding:3px 5px;border-bottom:1px solid #e5e7eb;font-size:11px;color:#111827;">Varrição Mecanizada</td></tr><tr><th style="padding:3px 5px;text-align:left;background:#f3f4f6;border-bottom:1px solid #d1d5db;width:30%;font-size:11px;font-weight:600;color:#1f2937;">Nome</th><td style="padding:3px 5px;border-bottom:1px solid #e5e7eb;font-size:11px;color:#111827;">MG10401VM0002 - Seg. 15</td></tr><tr><th style="padding:3px 5px;text-align:left;background:#f3f4f6;border-bottom:1px solid #d1d5db;width:30%;font-size:11px;font-weight:600;color:#1f2937;">Logradouro</th><td style="padding:3px 5px;border-bottom:1px solid #e5e7eb;font-size:11px;color:#111827;">Av Manuel Antonio Goncalves</td></tr><tr><th style="padding:3px 5px;text-align:left;background:#f3f4f6;border-bottom:1px solid #d1d5db;width:30%;font-size:11px;font-weight:600;color:#1f2937;">Subprefeitura</th><td style="padding:3px 5px;border-bottom:1px solid #e5e7eb;font-size:11px;color:#111827;">Vila Maria / Vila Guilherme</td></tr><tr><th style="padding:3px 5px;text-align:left;background:#f3f4f6;border-bottom:1px solid #d1d5db;width:30%;font-size:11px;font-weight:600;color:#1f2937;">Turno</th><td style="padding:3px 5px;border-bottom:1px solid #e5e7eb;font-size:11px;color:#111827;">Diurno</td></tr><tr><th style="padding:3px 5px;text-align:left;background:#f3f4f6;border-bottom:1px solid #d1d5db;width:30%;font-size:11px;font-weight:600;color:#1f2937;">Frequência</th><td style="padding:3px 5px;border-bottom:1px solid #e5e7eb;font-size:11px;color:#111827;">—</td></tr><tr><th style="padding:3px 5px;text-align:left;background:#f3f4f6;border-bottom:1px solid #d1d5db;width:30%;font-size:11px;font-weight:600;color:#1f2937;">Cronograma</th><td style="padding:3px 5px;border-bottom:1px solid #e5e7eb;font-size:11px;color:#111827;">—</td></tr></table>]]></description><LineString><coordinates>-46.5726900,-23.4997100,0 -46.5726000,-23.4995800,0 -46.5725600,-23.4993700,0 -46.5725900,-23.4991600,0 -46.5727700,-23.4983500,0 -46.5727400,-23.4975300,0 -46.5725600,-23.4968700,0 -46.5721800,-23.4961700,0 -46.5709900,-23.4942800,0 -46.5694900,-23.4918400,0 -46.5692700,-23.4915200,0</coordinates></LineString></Placemark>
<Style id="s-VM-75">
<LineStyle><color>ffebce87</color><width>3.0</width></LineStyle>
<PolyStyle><color>ffebce87</color></PolyStyle>
<IconStyle><color>ffebce87</color><scale>0.55</scale>
<Icon><href>http://maps.google.com/mapfiles/kml/shapes/placemark_circle.png</href></Icon>
</IconStyle>
<LabelStyle><scale>0.65</scale></LabelStyle>
</Style><Placemark><name>MG10401VM0002 - Seg. 16</name><styleUrl>#s-VM-75</styleUrl><description><![CDATA[<table style="border-collapse:collapse;width:100%;font-family:'Helvetica Neue',Helvetica,Arial,sans-serif;font-size:11px;border:1px solid #e5e7eb;border-radius:8px;overflow:hidden;"><tr><th colspan="2" style="padding:5px 8px;background:#1f6feb;color:#fff;text-align:left;font-size:12px;font-weight:600;">MG10401VM0002 - Seg. 16</th></tr><tr><th style="padding:3px 5px;text-align:left;background:#f3f4f6;border-bottom:1px solid #d1d5db;width:30%;font-size:11px;font-weight:600;color:#1f2937;">Serviço</th><td style="padding:3px 5px;border-bottom:1px solid #e5e7eb;font-size:11px;color:#111827;">Varrição Mecanizada (VM)</td></tr><tr><th style="padding:3px 5px;text-align:left;background:#f3f4f6;border-bottom:1px solid #d1d5db;width:30%;font-size:11px;font-weight:600;color:#1f2937;">Setor</th><td style="padding:3px 5px;border-bottom:1px solid #e5e7eb;font-size:11px;color:#111827;">MG10401VM0002</td></tr><tr><th style="padding:3px 5px;text-align:left;background:#f3f4f6;border-bottom:1px solid #d1d5db;width:30%;font-size:11px;font-weight:600;color:#1f2937;">Tipo de Serviço</th><td style="padding:3px 5px;border-bottom:1px solid #e5e7eb;font-size:11px;color:#111827;">Varrição Mecanizada</td></tr><tr><th style="padding:3px 5px;text-align:left;background:#f3f4f6;border-bottom:1px solid #d1d5db;width:30%;font-size:11px;font-weight:600;color:#1f2937;">Nome</th><td style="padding:3px 5px;border-bottom:1px solid #e5e7eb;font-size:11px;color:#111827;">MG10401VM0002 - Seg. 16</td></tr><tr><th style="padding:3px 5px;text-align:left;background:#f3f4f6;border-bottom:1px solid #d1d5db;width:30%;font-size:11px;font-weight:600;color:#1f2937;">Logradouro</th><td style="padding:3px 5px;border-bottom:1px solid #e5e7eb;font-size:11px;color:#111827;">Av Nadir Dias de Figueiredo</td></tr><tr><th style="padding:3px 5px;text-align:left;background:#f3f4f6;border-bottom:1px solid #d1d5db;width:30%;font-size:11px;font-weight:600;color:#1f2937;">Subprefeitura</th><td style="padding:3px 5px;border-bottom:1px solid #e5e7eb;font-size:11px;color:#111827;">Vila Maria / Vila Guilherme</td></tr><tr><th style="padding:3px 5px;text-align:left;background:#f3f4f6;border-bottom:1px solid #d1d5db;width:30%;font-size:11px;font-weight:600;color:#1f2937;">Turno</th><td style="padding:3px 5px;border-bottom:1px solid #e5e7eb;font-size:11px;color:#111827;">Diurno</td></tr><tr><th style="padding:3px 5px;text-align:left;background:#f3f4f6;border-bottom:1px solid #d1d5db;width:30%;font-size:11px;font-weight:600;color:#1f2937;">Frequência</th><td style="padding:3px 5px;border-bottom:1px solid #e5e7eb;font-size:11px;color:#111827;">—</td></tr><tr><th style="padding:3px 5px;text-align:left;background:#f3f4f6;border-bottom:1px solid #d1d5db;width:30%;font-size:11px;font-weight:600;color:#1f2937;">Cronograma</th><td style="padding:3px 5px;border-bottom:1px solid #e5e7eb;font-size:11px;color:#111827;">—</td></tr></table>]]></description><LineString><coordinates>-46.5956400,-23.5243700,0 -46.5960300,-23.5236600,0 -46.5961800,-23.5228800,0 -46.5962700,-23.5221000,0 -46.5960400,-23.5213400,0 -46.5955500,-23.5206800,0 -46.5952800,-23.5199600,0 -46.5952400,-23.5168900,0 -46.5950800,-23.5100600,0</coordinates></LineString></Placemark>
<Style id="s-VM-76">
<LineStyle><color>ffebce87</color><width>3.0</width></LineStyle>
<PolyStyle><color>ffebce87</color></PolyStyle>
<IconStyle><color>ffebce87</color><scale>0.55</scale>
<Icon><href>http://maps.google.com/mapfiles/kml/shapes/placemark_circle.png</href></Icon>
</IconStyle>
<LabelStyle><scale>0.65</scale></LabelStyle>
</Style><Placemark><name>MG10401VM0002 - Seg. 17</name><styleUrl>#s-VM-76</styleUrl><description><![CDATA[<table style="border-collapse:collapse;width:100%;font-family:'Helvetica Neue',Helvetica,Arial,sans-serif;font-size:11px;border:1px solid #e5e7eb;border-radius:8px;overflow:hidden;"><tr><th colspan="2" style="padding:5px 8px;background:#1f6feb;color:#fff;text-align:left;font-size:12px;font-weight:600;">MG10401VM0002 - Seg. 17</th></tr><tr><th style="padding:3px 5px;text-align:left;background:#f3f4f6;border-bottom:1px solid #d1d5db;width:30%;font-size:11px;font-weight:600;color:#1f2937;">Serviço</th><td style="padding:3px 5px;border-bottom:1px solid #e5e7eb;font-size:11px;color:#111827;">Varrição Mecanizada (VM)</td></tr><tr><th style="padding:3px 5px;text-align:left;background:#f3f4f6;border-bottom:1px solid #d1d5db;width:30%;font-size:11px;font-weight:600;color:#1f2937;">Setor</th><td style="padding:3px 5px;border-bottom:1px solid #e5e7eb;font-size:11px;color:#111827;">MG10401VM0002</td></tr><tr><th style="padding:3px 5px;text-align:left;background:#f3f4f6;border-bottom:1px solid #d1d5db;width:30%;font-size:11px;font-weight:600;color:#1f2937;">Tipo de Serviço</th><td style="padding:3px 5px;border-bottom:1px solid #e5e7eb;font-size:11px;color:#111827;">Varrição Mecanizada</td></tr><tr><th style="padding:3px 5px;text-align:left;background:#f3f4f6;border-bottom:1px solid #d1d5db;width:30%;font-size:11px;font-weight:600;color:#1f2937;">Nome</th><td style="padding:3px 5px;border-bottom:1px solid #e5e7eb;font-size:11px;color:#111827;">MG10401VM0002 - Seg. 17</td></tr><tr><th style="padding:3px 5px;text-align:left;background:#f3f4f6;border-bottom:1px solid #d1d5db;width:30%;font-size:11px;font-weight:600;color:#1f2937;">Logradouro</th><td style="padding:3px 5px;border-bottom:1px solid #e5e7eb;font-size:11px;color:#111827;">Av Nadir Dias de Figueiredo</td></tr><tr><th style="padding:3px 5px;text-align:left;background:#f3f4f6;border-bottom:1px solid #d1d5db;width:30%;font-size:11px;font-weight:600;color:#1f2937;">Subprefeitura</th><td style="padding:3px 5px;border-bottom:1px solid #e5e7eb;font-size:11px;color:#111827;">Vila Maria / Vila Guilherme</td></tr><tr><th style="padding:3px 5px;text-align:left;background:#f3f4f6;border-bottom:1px solid #d1d5db;width:30%;font-size:11px;font-weight:600;color:#1f2937;">Turno</th><td style="padding:3px 5px;border-bottom:1px solid #e5e7eb;font-size:11px;color:#111827;">Diurno</td></tr><tr><th style="padding:3px 5px;text-align:left;background:#f3f4f6;border-bottom:1px solid #d1d5db;width:30%;font-size:11px;font-weight:600;color:#1f2937;">Frequência</th><td style="padding:3px 5px;border-bottom:1px solid #e5e7eb;font-size:11px;color:#111827;">—</td></tr><tr><th style="padding:3px 5px;text-align:left;background:#f3f4f6;border-bottom:1px solid #d1d5db;width:30%;font-size:11px;font-weight:600;color:#1f2937;">Cronograma</th><td style="padding:3px 5px;border-bottom:1px solid #e5e7eb;font-size:11px;color:#111827;">—</td></tr></table>]]></description><LineString><coordinates>-46.5951600,-23.5246800,0 -46.5955900,-23.5239600,0 -46.5958800,-23.5231700,0 -46.5960200,-23.5223400,0 -46.5958600,-23.5215200,0 -46.5952100,-23.5206200,0 -46.5951100,-23.5204100,0 -46.5950400,-23.5197900,0 -46.5950300,-23.5173300,0 -46.5948600,-23.5103800,0 -46.5948600,-23.5100600,0 -46.5948800,-23.5099700,0</coordinates></LineString></Placemark>
<Style id="s-VM-77">
<LineStyle><color>ffebce87</color><width>3.0</width></LineStyle>
<PolyStyle><color>ffebce87</color></PolyStyle>
<IconStyle><color>ffebce87</color><scale>0.55</scale>
<Icon><href>http://maps.google.com/mapfiles/kml/shapes/placemark_circle.png</href></Icon>
</IconStyle>
<LabelStyle><scale>0.65</scale></LabelStyle>
</Style><Placemark><name>MG10401VM0002 - Seg. 18</name><styleUrl>#s-VM-77</styleUrl><description><![CDATA[<table style="border-collapse:collapse;width:100%;font-family:'Helvetica Neue',Helvetica,Arial,sans-serif;font-size:11px;border:1px solid #e5e7eb;border-radius:8px;overflow:hidden;"><tr><th colspan="2" style="padding:5px 8px;background:#1f6feb;color:#fff;text-align:left;font-size:12px;font-weight:600;">MG10401VM0002 - Seg. 18</th></tr><tr><th style="padding:3px 5px;text-align:left;background:#f3f4f6;border-bottom:1px solid #d1d5db;width:30%;font-size:11px;font-weight:600;color:#1f2937;">Serviço</th><td style="padding:3px 5px;border-bottom:1px solid #e5e7eb;font-size:11px;color:#111827;">Varrição Mecanizada (VM)</td></tr><tr><th style="padding:3px 5px;text-align:left;background:#f3f4f6;border-bottom:1px solid #d1d5db;width:30%;font-size:11px;font-weight:600;color:#1f2937;">Setor</th><td style="padding:3px 5px;border-bottom:1px solid #e5e7eb;font-size:11px;color:#111827;">MG10401VM0002</td></tr><tr><th style="padding:3px 5px;text-align:left;background:#f3f4f6;border-bottom:1px solid #d1d5db;width:30%;font-size:11px;font-weight:600;color:#1f2937;">Tipo de Serviço</th><td style="padding:3px 5px;border-bottom:1px solid #e5e7eb;font-size:11px;color:#111827;">Varrição Mecanizada</td></tr><tr><th style="padding:3px 5px;text-align:left;background:#f3f4f6;border-bottom:1px solid #d1d5db;width:30%;font-size:11px;font-weight:600;color:#1f2937;">Nome</th><td style="padding:3px 5px;border-bottom:1px solid #e5e7eb;font-size:11px;color:#111827;">MG10401VM0002 - Seg. 18</td></tr><tr><th style="padding:3px 5px;text-align:left;background:#f3f4f6;border-bottom:1px solid #d1d5db;width:30%;font-size:11px;font-weight:600;color:#1f2937;">Logradouro</th><td style="padding:3px 5px;border-bottom:1px solid #e5e7eb;font-size:11px;color:#111827;">Av Otto Baumgart</td></tr><tr><th style="padding:3px 5px;text-align:left;background:#f3f4f6;border-bottom:1px solid #d1d5db;width:30%;font-size:11px;font-weight:600;color:#1f2937;">Subprefeitura</th><td style="padding:3px 5px;border-bottom:1px solid #e5e7eb;font-size:11px;color:#111827;">Vila Maria / Vila Guilherme</td></tr><tr><th style="padding:3px 5px;text-align:left;background:#f3f4f6;border-bottom:1px solid #d1d5db;width:30%;font-size:11px;font-weight:600;color:#1f2937;">Turno</th><td style="padding:3px 5px;border-bottom:1px solid #e5e7eb;font-size:11px;color:#111827;">Diurno</td></tr><tr><th style="padding:3px 5px;text-align:left;background:#f3f4f6;border-bottom:1px solid #d1d5db;width:30%;font-size:11px;font-weight:600;color:#1f2937;">Frequência</th><td style="padding:3px 5px;border-bottom:1px solid #e5e7eb;font-size:11px;color:#111827;">—</td></tr><tr><th style="padding:3px 5px;text-align:left;background:#f3f4f6;border-bottom:1px solid #d1d5db;width:30%;font-size:11px;font-weight:600;color:#1f2937;">Cronograma</th><td style="padding:3px 5px;border-bottom:1px solid #e5e7eb;font-size:11px;color:#111827;">—</td></tr></table>]]></description><LineString><coordinates>-46.6157800,-23.5090200,0 -46.6159600,-23.5088700,0 -46.6158400,-23.5104600,0 -46.6157700,-23.5097300,0 -46.6157800,-23.5090200,0 -46.6158900,-23.5109500,0 -46.6158400,-23.5104600,0 -46.6165200,-23.5169800,0 -46.6163000,-23.5148200,0 -46.6165400,-23.5172900,0 -46.6165200,-23.5169800,0 -46.6165400,-23.5172900,0 -46.6164900,-23.5181000,0 -46.6172500,-23.5183500,0 -46.6163500,-23.5187200,0 -46.6163800,-23.5172800,0 -46.6157100,-23.5108800,0 -46.6154600,-23.5081500,0</coordinates></LineString></Placemark>
<Style id="s-VM-78">
<LineStyle><color>ffebce87</color><width>3.0</width></LineStyle>
<PolyStyle><color>ffebce87</color></PolyStyle>
<IconStyle><color>ffebce87</color><scale>0.55</scale>
<Icon><href>http://maps.google.com/mapfiles/kml/shapes/placemark_circle.png</href></Icon>
</IconStyle>
<LabelStyle><scale>0.65</scale></LabelStyle>
</Style><Placemark><name>MG10401VM0002 - Seg. 19</name><styleUrl>#s-VM-78</styleUrl><description><![CDATA[<table style="border-collapse:collapse;width:100%;font-family:'Helvetica Neue',Helvetica,Arial,sans-serif;font-size:11px;border:1px solid #e5e7eb;border-radius:8px;overflow:hidden;"><tr><th colspan="2" style="padding:5px 8px;background:#1f6feb;color:#fff;text-align:left;font-size:12px;font-weight:600;">MG10401VM0002 - Seg. 19</th></tr><tr><th style="padding:3px 5px;text-align:left;background:#f3f4f6;border-bottom:1px solid #d1d5db;width:30%;font-size:11px;font-weight:600;color:#1f2937;">Serviço</th><td style="padding:3px 5px;border-bottom:1px solid #e5e7eb;font-size:11px;color:#111827;">Varrição Mecanizada (VM)</td></tr><tr><th style="padding:3px 5px;text-align:left;background:#f3f4f6;border-bottom:1px solid #d1d5db;width:30%;font-size:11px;font-weight:600;color:#1f2937;">Setor</th><td style="padding:3px 5px;border-bottom:1px solid #e5e7eb;font-size:11px;color:#111827;">MG10401VM0002</td></tr><tr><th style="padding:3px 5px;text-align:left;background:#f3f4f6;border-bottom:1px solid #d1d5db;width:30%;font-size:11px;font-weight:600;color:#1f2937;">Tipo de Serviço</th><td style="padding:3px 5px;border-bottom:1px solid #e5e7eb;font-size:11px;color:#111827;">Varrição Mecanizada</td></tr><tr><th style="padding:3px 5px;text-align:left;background:#f3f4f6;border-bottom:1px solid #d1d5db;width:30%;font-size:11px;font-weight:600;color:#1f2937;">Nome</th><td style="padding:3px 5px;border-bottom:1px solid #e5e7eb;font-size:11px;color:#111827;">MG10401VM0002 - Seg. 19</td></tr><tr><th style="padding:3px 5px;text-align:left;background:#f3f4f6;border-bottom:1px solid #d1d5db;width:30%;font-size:11px;font-weight:600;color:#1f2937;">Logradouro</th><td style="padding:3px 5px;border-bottom:1px solid #e5e7eb;font-size:11px;color:#111827;">Av Serafim Goncalves Pereira</td></tr><tr><th style="padding:3px 5px;text-align:left;background:#f3f4f6;border-bottom:1px solid #d1d5db;width:30%;font-size:11px;font-weight:600;color:#1f2937;">Subprefeitura</th><td style="padding:3px 5px;border-bottom:1px solid #e5e7eb;font-size:11px;color:#111827;">Vila Maria / Vila Guilherme</td></tr><tr><th style="padding:3px 5px;text-align:left;background:#f3f4f6;border-bottom:1px solid #d1d5db;width:30%;font-size:11px;font-weight:600;color:#1f2937;">Turno</th><td style="padding:3px 5px;border-bottom:1px solid #e5e7eb;font-size:11px;color:#111827;">Diurno</td></tr><tr><th style="padding:3px 5px;text-align:left;background:#f3f4f6;border-bottom:1px solid #d1d5db;width:30%;font-size:11px;font-weight:600;color:#1f2937;">Frequência</th><td style="padding:3px 5px;border-bottom:1px solid #e5e7eb;font-size:11px;color:#111827;">—</td></tr><tr><th style="padding:3px 5px;text-align:left;background:#f3f4f6;border-bottom:1px solid #d1d5db;width:30%;font-size:11px;font-weight:600;color:#1f2937;">Cronograma</th><td style="padding:3px 5px;border-bottom:1px solid #e5e7eb;font-size:11px;color:#111827;">—</td></tr></table>]]></description><LineString><coordinates>-46.5684000,-23.5246700,0 -46.5682100,-23.5192700,0 -46.5681600,-23.5182900,0</coordinates></LineString></Placemark>
<Style id="s-VM-79">
<LineStyle><color>ffebce87</color><width>3.0</width></LineStyle>
<PolyStyle><color>ffebce87</color></PolyStyle>
<IconStyle><color>ffebce87</color><scale>0.55</scale>
<Icon><href>http://maps.google.com/mapfiles/kml/shapes/placemark_circle.png</href></Icon>
</IconStyle>
<LabelStyle><scale>0.65</scale></LabelStyle>
</Style><Placemark><name>MG10401VM0002 - Seg. 20</name><styleUrl>#s-VM-79</styleUrl><description><![CDATA[<table style="border-collapse:collapse;width:100%;font-family:'Helvetica Neue',Helvetica,Arial,sans-serif;font-size:11px;border:1px solid #e5e7eb;border-radius:8px;overflow:hidden;"><tr><th colspan="2" style="padding:5px 8px;background:#1f6feb;color:#fff;text-align:left;font-size:12px;font-weight:600;">MG10401VM0002 - Seg. 20</th></tr><tr><th style="padding:3px 5px;text-align:left;background:#f3f4f6;border-bottom:1px solid #d1d5db;width:30%;font-size:11px;font-weight:600;color:#1f2937;">Serviço</th><td style="padding:3px 5px;border-bottom:1px solid #e5e7eb;font-size:11px;color:#111827;">Varrição Mecanizada (VM)</td></tr><tr><th style="padding:3px 5px;text-align:left;background:#f3f4f6;border-bottom:1px solid #d1d5db;width:30%;font-size:11px;font-weight:600;color:#1f2937;">Setor</th><td style="padding:3px 5px;border-bottom:1px solid #e5e7eb;font-size:11px;color:#111827;">MG10401VM0002</td></tr><tr><th style="padding:3px 5px;text-align:left;background:#f3f4f6;border-bottom:1px solid #d1d5db;width:30%;font-size:11px;font-weight:600;color:#1f2937;">Tipo de Serviço</th><td style="padding:3px 5px;border-bottom:1px solid #e5e7eb;font-size:11px;color:#111827;">Varrição Mecanizada</td></tr><tr><th style="padding:3px 5px;text-align:left;background:#f3f4f6;border-bottom:1px solid #d1d5db;width:30%;font-size:11px;font-weight:600;color:#1f2937;">Nome</th><td style="padding:3px 5px;border-bottom:1px solid #e5e7eb;font-size:11px;color:#111827;">MG10401VM0002 - Seg. 20</td></tr><tr><th style="padding:3px 5px;text-align:left;background:#f3f4f6;border-bottom:1px solid #d1d5db;width:30%;font-size:11px;font-weight:600;color:#1f2937;">Logradouro</th><td style="padding:3px 5px;border-bottom:1px solid #e5e7eb;font-size:11px;color:#111827;">Av Serafim Goncalves Pereira</td></tr><tr><th style="padding:3px 5px;text-align:left;background:#f3f4f6;border-bottom:1px solid #d1d5db;width:30%;font-size:11px;font-weight:600;color:#1f2937;">Subprefeitura</th><td style="padding:3px 5px;border-bottom:1px solid #e5e7eb;font-size:11px;color:#111827;">Vila Maria / Vila Guilherme</td></tr><tr><th style="padding:3px 5px;text-align:left;background:#f3f4f6;border-bottom:1px solid #d1d5db;width:30%;font-size:11px;font-weight:600;color:#1f2937;">Turno</th><td style="padding:3px 5px;border-bottom:1px solid #e5e7eb;font-size:11px;color:#111827;">Diurno</td></tr><tr><th style="padding:3px 5px;text-align:left;background:#f3f4f6;border-bottom:1px solid #d1d5db;width:30%;font-size:11px;font-weight:600;color:#1f2937;">Frequência</th><td style="padding:3px 5px;border-bottom:1px solid #e5e7eb;font-size:11px;color:#111827;">—</td></tr><tr><th style="padding:3px 5px;text-align:left;background:#f3f4f6;border-bottom:1px solid #d1d5db;width:30%;font-size:11px;font-weight:600;color:#1f2937;">Cronograma</th><td style="padding:3px 5px;border-bottom:1px solid #e5e7eb;font-size:11px;color:#111827;">—</td></tr></table>]]></description><LineString><coordinates>-46.5682700,-23.5246100,0 -46.5682200,-23.5238800,0 -46.5681600,-23.5224200,0 -46.5680300,-23.5183000,0</coordinates></LineString></Placemark>
<Style id="s-VM-80">
<LineStyle><color>ffebce87</color><width>3.0</width></LineStyle>
<PolyStyle><color>ffebce87</color></PolyStyle>
<IconStyle><color>ffebce87</color><scale>0.55</scale>
<Icon><href>http://maps.google.com/mapfiles/kml/shapes/placemark_circle.png</href></Icon>
</IconStyle>
<LabelStyle><scale>0.65</scale></LabelStyle>
</Style><Placemark><name>MG10401VM0002 - Seg. 21</name><styleUrl>#s-VM-80</styleUrl><description><![CDATA[<table style="border-collapse:collapse;width:100%;font-family:'Helvetica Neue',Helvetica,Arial,sans-serif;font-size:11px;border:1px solid #e5e7eb;border-radius:8px;overflow:hidden;"><tr><th colspan="2" style="padding:5px 8px;background:#1f6feb;color:#fff;text-align:left;font-size:12px;font-weight:600;">MG10401VM0002 - Seg. 21</th></tr><tr><th style="padding:3px 5px;text-align:left;background:#f3f4f6;border-bottom:1px solid #d1d5db;width:30%;font-size:11px;font-weight:600;color:#1f2937;">Serviço</th><td style="padding:3px 5px;border-bottom:1px solid #e5e7eb;font-size:11px;color:#111827;">Varrição Mecanizada (VM)</td></tr><tr><th style="padding:3px 5px;text-align:left;background:#f3f4f6;border-bottom:1px solid #d1d5db;width:30%;font-size:11px;font-weight:600;color:#1f2937;">Setor</th><td style="padding:3px 5px;border-bottom:1px solid #e5e7eb;font-size:11px;color:#111827;">MG10401VM0002</td></tr><tr><th style="padding:3px 5px;text-align:left;background:#f3f4f6;border-bottom:1px solid #d1d5db;width:30%;font-size:11px;font-weight:600;color:#1f2937;">Tipo de Serviço</th><td style="padding:3px 5px;border-bottom:1px solid #e5e7eb;font-size:11px;color:#111827;">Varrição Mecanizada</td></tr><tr><th style="padding:3px 5px;text-align:left;background:#f3f4f6;border-bottom:1px solid #d1d5db;width:30%;font-size:11px;font-weight:600;color:#1f2937;">Nome</th><td style="padding:3px 5px;border-bottom:1px solid #e5e7eb;font-size:11px;color:#111827;">MG10401VM0002 - Seg. 21</td></tr><tr><th style="padding:3px 5px;text-align:left;background:#f3f4f6;border-bottom:1px solid #d1d5db;width:30%;font-size:11px;font-weight:600;color:#1f2937;">Logradouro</th><td style="padding:3px 5px;border-bottom:1px solid #e5e7eb;font-size:11px;color:#111827;">Av Ten Amaro Felicissimo da Silveira</td></tr><tr><th style="padding:3px 5px;text-align:left;background:#f3f4f6;border-bottom:1px solid #d1d5db;width:30%;font-size:11px;font-weight:600;color:#1f2937;">Subprefeitura</th><td style="padding:3px 5px;border-bottom:1px solid #e5e7eb;font-size:11px;color:#111827;">Vila Maria / Vila Guilherme</td></tr><tr><th style="padding:3px 5px;text-align:left;background:#f3f4f6;border-bottom:1px solid #d1d5db;width:30%;font-size:11px;font-weight:600;color:#1f2937;">Turno</th><td style="padding:3px 5px;border-bottom:1px solid #e5e7eb;font-size:11px;color:#111827;">Diurno</td></tr><tr><th style="padding:3px 5px;text-align:left;background:#f3f4f6;border-bottom:1px solid #d1d5db;width:30%;font-size:11px;font-weight:600;color:#1f2937;">Frequência</th><td style="padding:3px 5px;border-bottom:1px solid #e5e7eb;font-size:11px;color:#111827;">—</td></tr><tr><th style="padding:3px 5px;text-align:left;background:#f3f4f6;border-bottom:1px solid #d1d5db;width:30%;font-size:11px;font-weight:600;color:#1f2937;">Cronograma</th><td style="padding:3px 5px;border-bottom:1px solid #e5e7eb;font-size:11px;color:#111827;">—</td></tr></table>]]></description><LineString><coordinates>-46.5714700,-23.5256100,0 -46.5714400,-23.5232800,0 -46.5714000,-23.5228900,0 -46.5713800,-23.5210400,0 -46.5713500,-23.5209600,0 -46.5712200,-23.5177800,0 -46.5711700,-23.5160700,0 -46.5711300,-23.5137100,0 -46.5709700,-23.5096900,0 -46.5709400,-23.5080600,0 -46.5711800,-23.5074400,0 -46.5714700,-23.5068300,0</coordinates></LineString></Placemark>
<Style id="s-VM-81">
<LineStyle><color>ffebce87</color><width>3.0</width></LineStyle>
<PolyStyle><color>ffebce87</color></PolyStyle>
<IconStyle><color>ffebce87</color><scale>0.55</scale>
<Icon><href>http://maps.google.com/mapfiles/kml/shapes/placemark_circle.png</href></Icon>
</IconStyle>
<LabelStyle><scale>0.65</scale></LabelStyle>
</Style><Placemark><name>MG10401VM0002 - Seg. 22</name><styleUrl>#s-VM-81</styleUrl><description><![CDATA[<table style="border-collapse:collapse;width:100%;font-family:'Helvetica Neue',Helvetica,Arial,sans-serif;font-size:11px;border:1px solid #e5e7eb;border-radius:8px;overflow:hidden;"><tr><th colspan="2" style="padding:5px 8px;background:#1f6feb;color:#fff;text-align:left;font-size:12px;font-weight:600;">MG10401VM0002 - Seg. 22</th></tr><tr><th style="padding:3px 5px;text-align:left;background:#f3f4f6;border-bottom:1px solid #d1d5db;width:30%;font-size:11px;font-weight:600;color:#1f2937;">Serviço</th><td style="padding:3px 5px;border-bottom:1px solid #e5e7eb;font-size:11px;color:#111827;">Varrição Mecanizada (VM)</td></tr><tr><th style="padding:3px 5px;text-align:left;background:#f3f4f6;border-bottom:1px solid #d1d5db;width:30%;font-size:11px;font-weight:600;color:#1f2937;">Setor</th><td style="padding:3px 5px;border-bottom:1px solid #e5e7eb;font-size:11px;color:#111827;">MG10401VM0002</td></tr><tr><th style="padding:3px 5px;text-align:left;background:#f3f4f6;border-bottom:1px solid #d1d5db;width:30%;font-size:11px;font-weight:600;color:#1f2937;">Tipo de Serviço</th><td style="padding:3px 5px;border-bottom:1px solid #e5e7eb;font-size:11px;color:#111827;">Varrição Mecanizada</td></tr><tr><th style="padding:3px 5px;text-align:left;background:#f3f4f6;border-bottom:1px solid #d1d5db;width:30%;font-size:11px;font-weight:600;color:#1f2937;">Nome</th><td style="padding:3px 5px;border-bottom:1px solid #e5e7eb;font-size:11px;color:#111827;">MG10401VM0002 - Seg. 22</td></tr><tr><th style="padding:3px 5px;text-align:left;background:#f3f4f6;border-bottom:1px solid #d1d5db;width:30%;font-size:11px;font-weight:600;color:#1f2937;">Logradouro</th><td style="padding:3px 5px;border-bottom:1px solid #e5e7eb;font-size:11px;color:#111827;">Av Ten Jose Jeronimo de Mesquita</td></tr><tr><th style="padding:3px 5px;text-align:left;background:#f3f4f6;border-bottom:1px solid #d1d5db;width:30%;font-size:11px;font-weight:600;color:#1f2937;">Subprefeitura</th><td style="padding:3px 5px;border-bottom:1px solid #e5e7eb;font-size:11px;color:#111827;">Vila Maria / Vila Guilherme</td></tr><tr><th style="padding:3px 5px;text-align:left;background:#f3f4f6;border-bottom:1px solid #d1d5db;width:30%;font-size:11px;font-weight:600;color:#1f2937;">Turno</th><td style="padding:3px 5px;border-bottom:1px solid #e5e7eb;font-size:11px;color:#111827;">Diurno</td></tr><tr><th style="padding:3px 5px;text-align:left;background:#f3f4f6;border-bottom:1px solid #d1d5db;width:30%;font-size:11px;font-weight:600;color:#1f2937;">Frequência</th><td style="padding:3px 5px;border-bottom:1px solid #e5e7eb;font-size:11px;color:#111827;">—</td></tr><tr><th style="padding:3px 5px;text-align:left;background:#f3f4f6;border-bottom:1px solid #d1d5db;width:30%;font-size:11px;font-weight:600;color:#1f2937;">Cronograma</th><td style="padding:3px 5px;border-bottom:1px solid #e5e7eb;font-size:11px;color:#111827;">—</td></tr></table>]]></description><LineString><coordinates>-46.5676800,-23.5032400,0 -46.5675600,-23.4999200,0 -46.5675200,-23.4986400,0 -46.5675200,-23.4979800,0 -46.5674600,-23.4963300,0 -46.5675400,-23.4957900,0 -46.5690100,-23.4946300,0</coordinates></LineString></Placemark>
<Style id="s-VM-82">
<LineStyle><color>ffebce87</color><width>3.0</width></LineStyle>
<PolyStyle><color>ffebce87</color></PolyStyle>
<IconStyle><color>ffebce87</color><scale>0.55</scale>
<Icon><href>http://maps.google.com/mapfiles/kml/shapes/placemark_circle.png</href></Icon>
</IconStyle>
<LabelStyle><scale>0.65</scale></LabelStyle>
</Style><Placemark><name>MG10401VM0002 - Seg. 23</name><styleUrl>#s-VM-82</styleUrl><description><![CDATA[<table style="border-collapse:collapse;width:100%;font-family:'Helvetica Neue',Helvetica,Arial,sans-serif;font-size:11px;border:1px solid #e5e7eb;border-radius:8px;overflow:hidden;"><tr><th colspan="2" style="padding:5px 8px;background:#1f6feb;color:#fff;text-align:left;font-size:12px;font-weight:600;">MG10401VM0002 - Seg. 23</th></tr><tr><th style="padding:3px 5px;text-align:left;background:#f3f4f6;border-bottom:1px solid #d1d5db;width:30%;font-size:11px;font-weight:600;color:#1f2937;">Serviço</th><td style="padding:3px 5px;border-bottom:1px solid #e5e7eb;font-size:11px;color:#111827;">Varrição Mecanizada (VM)</td></tr><tr><th style="padding:3px 5px;text-align:left;background:#f3f4f6;border-bottom:1px solid #d1d5db;width:30%;font-size:11px;font-weight:600;color:#1f2937;">Setor</th><td style="padding:3px 5px;border-bottom:1px solid #e5e7eb;font-size:11px;color:#111827;">MG10401VM0002</td></tr><tr><th style="padding:3px 5px;text-align:left;background:#f3f4f6;border-bottom:1px solid #d1d5db;width:30%;font-size:11px;font-weight:600;color:#1f2937;">Tipo de Serviço</th><td style="padding:3px 5px;border-bottom:1px solid #e5e7eb;font-size:11px;color:#111827;">Varrição Mecanizada</td></tr><tr><th style="padding:3px 5px;text-align:left;background:#f3f4f6;border-bottom:1px solid #d1d5db;width:30%;font-size:11px;font-weight:600;color:#1f2937;">Nome</th><td style="padding:3px 5px;border-bottom:1px solid #e5e7eb;font-size:11px;color:#111827;">MG10401VM0002 - Seg. 23</td></tr><tr><th style="padding:3px 5px;text-align:left;background:#f3f4f6;border-bottom:1px solid #d1d5db;width:30%;font-size:11px;font-weight:600;color:#1f2937;">Logradouro</th><td style="padding:3px 5px;border-bottom:1px solid #e5e7eb;font-size:11px;color:#111827;">Av Ten Jose Jeronimo de Mesquita</td></tr><tr><th style="padding:3px 5px;text-align:left;background:#f3f4f6;border-bottom:1px solid #d1d5db;width:30%;font-size:11px;font-weight:600;color:#1f2937;">Subprefeitura</th><td style="padding:3px 5px;border-bottom:1px solid #e5e7eb;font-size:11px;color:#111827;">Vila Maria / Vila Guilherme</td></tr><tr><th style="padding:3px 5px;text-align:left;background:#f3f4f6;border-bottom:1px solid #d1d5db;width:30%;font-size:11px;font-weight:600;color:#1f2937;">Turno</th><td style="padding:3px 5px;border-bottom:1px solid #e5e7eb;font-size:11px;color:#111827;">Diurno</td></tr><tr><th style="padding:3px 5px;text-align:left;background:#f3f4f6;border-bottom:1px solid #d1d5db;width:30%;font-size:11px;font-weight:600;color:#1f2937;">Frequência</th><td style="padding:3px 5px;border-bottom:1px solid #e5e7eb;font-size:11px;color:#111827;">—</td></tr><tr><th style="padding:3px 5px;text-align:left;background:#f3f4f6;border-bottom:1px solid #d1d5db;width:30%;font-size:11px;font-weight:600;color:#1f2937;">Cronograma</th><td style="padding:3px 5px;border-bottom:1px solid #e5e7eb;font-size:11px;color:#111827;">—</td></tr></table>]]></description><LineString><coordinates>-46.5675100,-23.5032400,0 -46.5673000,-23.4974100,0 -46.5672700,-23.4960700,0 -46.5674400,-23.4957300,0 -46.5676800,-23.4954800,0 -46.5689000,-23.4945200,0</coordinates></LineString></Placemark>
<Style id="s-VM-83">
<LineStyle><color>ffebce87</color><width>3.0</width></LineStyle>
<PolyStyle><color>ffebce87</color></PolyStyle>
<IconStyle><color>ffebce87</color><scale>0.55</scale>
<Icon><href>http://maps.google.com/mapfiles/kml/shapes/placemark_circle.png</href></Icon>
</IconStyle>
<LabelStyle><scale>0.65</scale></LabelStyle>
</Style><Placemark><name>MG10401VM0002 - Seg. 24</name><styleUrl>#s-VM-83</styleUrl><description><![CDATA[<table style="border-collapse:collapse;width:100%;font-family:'Helvetica Neue',Helvetica,Arial,sans-serif;font-size:11px;border:1px solid #e5e7eb;border-radius:8px;overflow:hidden;"><tr><th colspan="2" style="padding:5px 8px;background:#1f6feb;color:#fff;text-align:left;font-size:12px;font-weight:600;">MG10401VM0002 - Seg. 24</th></tr><tr><th style="padding:3px 5px;text-align:left;background:#f3f4f6;border-bottom:1px solid #d1d5db;width:30%;font-size:11px;font-weight:600;color:#1f2937;">Serviço</th><td style="padding:3px 5px;border-bottom:1px solid #e5e7eb;font-size:11px;color:#111827;">Varrição Mecanizada (VM)</td></tr><tr><th style="padding:3px 5px;text-align:left;background:#f3f4f6;border-bottom:1px solid #d1d5db;width:30%;font-size:11px;font-weight:600;color:#1f2937;">Setor</th><td style="padding:3px 5px;border-bottom:1px solid #e5e7eb;font-size:11px;color:#111827;">MG10401VM0002</td></tr><tr><th style="padding:3px 5px;text-align:left;background:#f3f4f6;border-bottom:1px solid #d1d5db;width:30%;font-size:11px;font-weight:600;color:#1f2937;">Tipo de Serviço</th><td style="padding:3px 5px;border-bottom:1px solid #e5e7eb;font-size:11px;color:#111827;">Varrição Mecanizada</td></tr><tr><th style="padding:3px 5px;text-align:left;background:#f3f4f6;border-bottom:1px solid #d1d5db;width:30%;font-size:11px;font-weight:600;color:#1f2937;">Nome</th><td style="padding:3px 5px;border-bottom:1px solid #e5e7eb;font-size:11px;color:#111827;">MG10401VM0002 - Seg. 24</td></tr><tr><th style="padding:3px 5px;text-align:left;background:#f3f4f6;border-bottom:1px solid #d1d5db;width:30%;font-size:11px;font-weight:600;color:#1f2937;">Logradouro</th><td style="padding:3px 5px;border-bottom:1px solid #e5e7eb;font-size:11px;color:#111827;">Pc Lourenco Billis</td></tr><tr><th style="padding:3px 5px;text-align:left;background:#f3f4f6;border-bottom:1px solid #d1d5db;width:30%;font-size:11px;font-weight:600;color:#1f2937;">Subprefeitura</th><td style="padding:3px 5px;border-bottom:1px solid #e5e7eb;font-size:11px;color:#111827;">Vila Maria / Vila Guilherme</td></tr><tr><th style="padding:3px 5px;text-align:left;background:#f3f4f6;border-bottom:1px solid #d1d5db;width:30%;font-size:11px;font-weight:600;color:#1f2937;">Turno</th><td style="padding:3px 5px;border-bottom:1px solid #e5e7eb;font-size:11px;color:#111827;">Diurno</td></tr><tr><th style="padding:3px 5px;text-align:left;background:#f3f4f6;border-bottom:1px solid #d1d5db;width:30%;font-size:11px;font-weight:600;color:#1f2937;">Frequência</th><td style="padding:3px 5px;border-bottom:1px solid #e5e7eb;font-size:11px;color:#111827;">—</td></tr><tr><th style="padding:3px 5px;text-align:left;background:#f3f4f6;border-bottom:1px solid #d1d5db;width:30%;font-size:11px;font-weight:600;color:#1f2937;">Cronograma</th><td style="padding:3px 5px;border-bottom:1px solid #e5e7eb;font-size:11px;color:#111827;">—</td></tr></table>]]></description><LineString><coordinates>-46.5741500,-23.4895500,0 -46.5742700,-23.4896600,0 -46.5742400,-23.4891600,0 -46.5741800,-23.4892100,0 -46.5741400,-23.4892700,0 -46.5745800,-23.4891600,0 -46.5744100,-23.4891200,0 -46.5742400,-23.4891600,0 -46.5746900,-23.4892500,0 -46.5745800,-23.4891600,0 -46.5742700,-23.4896600,0 -46.5744300,-23.4896800,0 -46.5745800,-23.4896400,0 -46.5746400,-23.4896000,0 -46.5746800,-23.4895400,0</coordinates></LineString></Placemark>
<Style id="s-VM-84">
<LineStyle><color>ffebce87</color><width>3.0</width></LineStyle>
<PolyStyle><color>ffebce87</color></PolyStyle>
<IconStyle><color>ffebce87</color><scale>0.55</scale>
<Icon><href>http://maps.google.com/mapfiles/kml/shapes/placemark_circle.png</href></Icon>
</IconStyle>
<LabelStyle><scale>0.65</scale></LabelStyle>
</Style><Placemark><name>MG10401VM0002 - Seg. 25</name><styleUrl>#s-VM-84</styleUrl><description><![CDATA[<table style="border-collapse:collapse;width:100%;font-family:'Helvetica Neue',Helvetica,Arial,sans-serif;font-size:11px;border:1px solid #e5e7eb;border-radius:8px;overflow:hidden;"><tr><th colspan="2" style="padding:5px 8px;background:#1f6feb;color:#fff;text-align:left;font-size:12px;font-weight:600;">MG10401VM0002 - Seg. 25</th></tr><tr><th style="padding:3px 5px;text-align:left;background:#f3f4f6;border-bottom:1px solid #d1d5db;width:30%;font-size:11px;font-weight:600;color:#1f2937;">Serviço</th><td style="padding:3px 5px;border-bottom:1px solid #e5e7eb;font-size:11px;color:#111827;">Varrição Mecanizada (VM)</td></tr><tr><th style="padding:3px 5px;text-align:left;background:#f3f4f6;border-bottom:1px solid #d1d5db;width:30%;font-size:11px;font-weight:600;color:#1f2937;">Setor</th><td style="padding:3px 5px;border-bottom:1px solid #e5e7eb;font-size:11px;color:#111827;">MG10401VM0002</td></tr><tr><th style="padding:3px 5px;text-align:left;background:#f3f4f6;border-bottom:1px solid #d1d5db;width:30%;font-size:11px;font-weight:600;color:#1f2937;">Tipo de Serviço</th><td style="padding:3px 5px;border-bottom:1px solid #e5e7eb;font-size:11px;color:#111827;">Varrição Mecanizada</td></tr><tr><th style="padding:3px 5px;text-align:left;background:#f3f4f6;border-bottom:1px solid #d1d5db;width:30%;font-size:11px;font-weight:600;color:#1f2937;">Nome</th><td style="padding:3px 5px;border-bottom:1px solid #e5e7eb;font-size:11px;color:#111827;">MG10401VM0002 - Seg. 25</td></tr><tr><th style="padding:3px 5px;text-align:left;background:#f3f4f6;border-bottom:1px solid #d1d5db;width:30%;font-size:11px;font-weight:600;color:#1f2937;">Logradouro</th><td style="padding:3px 5px;border-bottom:1px solid #e5e7eb;font-size:11px;color:#111827;">Pc Novo Mundo</td></tr><tr><th style="padding:3px 5px;text-align:left;background:#f3f4f6;border-bottom:1px solid #d1d5db;width:30%;font-size:11px;font-weight:600;color:#1f2937;">Subprefeitura</th><td style="padding:3px 5px;border-bottom:1px solid #e5e7eb;font-size:11px;color:#111827;">Vila Maria / Vila Guilherme</td></tr><tr><th style="padding:3px 5px;text-align:left;background:#f3f4f6;border-bottom:1px solid #d1d5db;width:30%;font-size:11px;font-weight:600;color:#1f2937;">Turno</th><td style="padding:3px 5px;border-bottom:1px solid #e5e7eb;font-size:11px;color:#111827;">Diurno</td></tr><tr><th style="padding:3px 5px;text-align:left;background:#f3f4f6;border-bottom:1px solid #d1d5db;width:30%;font-size:11px;font-weight:600;color:#1f2937;">Frequência</th><td style="padding:3px 5px;border-bottom:1px solid #e5e7eb;font-size:11px;color:#111827;">—</td></tr><tr><th style="padding:3px 5px;text-align:left;background:#f3f4f6;border-bottom:1px solid #d1d5db;width:30%;font-size:11px;font-weight:600;color:#1f2937;">Cronograma</th><td style="padding:3px 5px;border-bottom:1px solid #e5e7eb;font-size:11px;color:#111827;">—</td></tr></table>]]></description><LineString><coordinates>-46.5676800,-23.5179700,0 -46.5678100,-23.5181700,0 -46.5680300,-23.5183000,0 -46.5676600,-23.5175400,0 -46.5676800,-23.5179700,0 -46.5676300,-23.5167500,0 -46.5676400,-23.5171400,0 -46.5676600,-23.5175400,0 -46.5679700,-23.5164300,0 -46.5677700,-23.5165700,0 -46.5676300,-23.5167500,0 -46.5684100,-23.5166400,0 -46.5682800,-23.5165100,0 -46.5681200,-23.5164300,0 -46.5684700,-23.5170600,0 -46.5684500,-23.5168500,0 -46.5684100,-23.5166400,0 -46.5684900,-23.5175100,0 -46.5684700,-23.5170600,0 -46.5681600,-23.5182900,0 -46.5683800,-23.5181700,0 -46.5685100,-23.5179600,0 -46.5684900,-23.5175100,0</coordinates></LineString></Placemark>
<Style id="s-VM-85">
<LineStyle><color>ffebce87</color><width>3.0</width></LineStyle>
<PolyStyle><color>ffebce87</color></PolyStyle>
<IconStyle><color>ffebce87</color><scale>0.55</scale>
<Icon><href>http://maps.google.com/mapfiles/kml/shapes/placemark_circle.png</href></Icon>
</IconStyle>
<LabelStyle><scale>0.65</scale></LabelStyle>
</Style><Placemark><name>MG10401VM0002 - Seg. 26</name><styleUrl>#s-VM-85</styleUrl><description><![CDATA[<table style="border-collapse:collapse;width:100%;font-family:'Helvetica Neue',Helvetica,Arial,sans-serif;font-size:11px;border:1px solid #e5e7eb;border-radius:8px;overflow:hidden;"><tr><th colspan="2" style="padding:5px 8px;background:#1f6feb;color:#fff;text-align:left;font-size:12px;font-weight:600;">MG10401VM0002 - Seg. 26</th></tr><tr><th style="padding:3px 5px;text-align:left;background:#f3f4f6;border-bottom:1px solid #d1d5db;width:30%;font-size:11px;font-weight:600;color:#1f2937;">Serviço</th><td style="padding:3px 5px;border-bottom:1px solid #e5e7eb;font-size:11px;color:#111827;">Varrição Mecanizada (VM)</td></tr><tr><th style="padding:3px 5px;text-align:left;background:#f3f4f6;border-bottom:1px solid #d1d5db;width:30%;font-size:11px;font-weight:600;color:#1f2937;">Setor</th><td style="padding:3px 5px;border-bottom:1px solid #e5e7eb;font-size:11px;color:#111827;">MG10401VM0002</td></tr><tr><th style="padding:3px 5px;text-align:left;background:#f3f4f6;border-bottom:1px solid #d1d5db;width:30%;font-size:11px;font-weight:600;color:#1f2937;">Tipo de Serviço</th><td style="padding:3px 5px;border-bottom:1px solid #e5e7eb;font-size:11px;color:#111827;">Varrição Mecanizada</td></tr><tr><th style="padding:3px 5px;text-align:left;background:#f3f4f6;border-bottom:1px solid #d1d5db;width:30%;font-size:11px;font-weight:600;color:#1f2937;">Nome</th><td style="padding:3px 5px;border-bottom:1px solid #e5e7eb;font-size:11px;color:#111827;">MG10401VM0002 - Seg. 26</td></tr><tr><th style="padding:3px 5px;text-align:left;background:#f3f4f6;border-bottom:1px solid #d1d5db;width:30%;font-size:11px;font-weight:600;color:#1f2937;">Logradouro</th><td style="padding:3px 5px;border-bottom:1px solid #e5e7eb;font-size:11px;color:#111827;">R Araritaguaba</td></tr><tr><th style="padding:3px 5px;text-align:left;background:#f3f4f6;border-bottom:1px solid #d1d5db;width:30%;font-size:11px;font-weight:600;color:#1f2937;">Subprefeitura</th><td style="padding:3px 5px;border-bottom:1px solid #e5e7eb;font-size:11px;color:#111827;">Vila Maria / Vila Guilherme</td></tr><tr><th style="padding:3px 5px;text-align:left;background:#f3f4f6;border-bottom:1px solid #d1d5db;width:30%;font-size:11px;font-weight:600;color:#1f2937;">Turno</th><td style="padding:3px 5px;border-bottom:1px solid #e5e7eb;font-size:11px;color:#111827;">Diurno</td></tr><tr><th style="padding:3px 5px;text-align:left;background:#f3f4f6;border-bottom:1px solid #d1d5db;width:30%;font-size:11px;font-weight:600;color:#1f2937;">Frequência</th><td style="padding:3px 5px;border-bottom:1px solid #e5e7eb;font-size:11px;color:#111827;">—</td></tr><tr><th style="padding:3px 5px;text-align:left;background:#f3f4f6;border-bottom:1px solid #d1d5db;width:30%;font-size:11px;font-weight:600;color:#1f2937;">Cronograma</th><td style="padding:3px 5px;border-bottom:1px solid #e5e7eb;font-size:11px;color:#111827;">—</td></tr></table>]]></description><LineString><coordinates>-46.5852000,-23.5127000,0 -46.5847400,-23.5129900,0 -46.5824700,-23.5145300,0 -46.5850500,-23.5126100,0 -46.5834200,-23.5136900,0 -46.5826700,-23.5142100,0 -46.5823700,-23.5143900,0</coordinates></LineString></Placemark>
<Style id="s-VM-86">
<LineStyle><color>ffebce87</color><width>3.0</width></LineStyle>
<PolyStyle><color>ffebce87</color></PolyStyle>
<IconStyle><color>ffebce87</color><scale>0.55</scale>
<Icon><href>http://maps.google.com/mapfiles/kml/shapes/placemark_circle.png</href></Icon>
</IconStyle>
<LabelStyle><scale>0.65</scale></LabelStyle>
</Style><Placemark><name>MG10401VM0002 - Seg. 27</name><styleUrl>#s-VM-86</styleUrl><description><![CDATA[<table style="border-collapse:collapse;width:100%;font-family:'Helvetica Neue',Helvetica,Arial,sans-serif;font-size:11px;border:1px solid #e5e7eb;border-radius:8px;overflow:hidden;"><tr><th colspan="2" style="padding:5px 8px;background:#1f6feb;color:#fff;text-align:left;font-size:12px;font-weight:600;">MG10401VM0002 - Seg. 27</th></tr><tr><th style="padding:3px 5px;text-align:left;background:#f3f4f6;border-bottom:1px solid #d1d5db;width:30%;font-size:11px;font-weight:600;color:#1f2937;">Serviço</th><td style="padding:3px 5px;border-bottom:1px solid #e5e7eb;font-size:11px;color:#111827;">Varrição Mecanizada (VM)</td></tr><tr><th style="padding:3px 5px;text-align:left;background:#f3f4f6;border-bottom:1px solid #d1d5db;width:30%;font-size:11px;font-weight:600;color:#1f2937;">Setor</th><td style="padding:3px 5px;border-bottom:1px solid #e5e7eb;font-size:11px;color:#111827;">MG10401VM0002</td></tr><tr><th style="padding:3px 5px;text-align:left;background:#f3f4f6;border-bottom:1px solid #d1d5db;width:30%;font-size:11px;font-weight:600;color:#1f2937;">Tipo de Serviço</th><td style="padding:3px 5px;border-bottom:1px solid #e5e7eb;font-size:11px;color:#111827;">Varrição Mecanizada</td></tr><tr><th style="padding:3px 5px;text-align:left;background:#f3f4f6;border-bottom:1px solid #d1d5db;width:30%;font-size:11px;font-weight:600;color:#1f2937;">Nome</th><td style="padding:3px 5px;border-bottom:1px solid #e5e7eb;font-size:11px;color:#111827;">MG10401VM0002 - Seg. 27</td></tr><tr><th style="padding:3px 5px;text-align:left;background:#f3f4f6;border-bottom:1px solid #d1d5db;width:30%;font-size:11px;font-weight:600;color:#1f2937;">Logradouro</th><td style="padding:3px 5px;border-bottom:1px solid #e5e7eb;font-size:11px;color:#111827;">R Izidoro Matheus</td></tr><tr><th style="padding:3px 5px;text-align:left;background:#f3f4f6;border-bottom:1px solid #d1d5db;width:30%;font-size:11px;font-weight:600;color:#1f2937;">Subprefeitura</th><td style="padding:3px 5px;border-bottom:1px solid #e5e7eb;font-size:11px;color:#111827;">Vila Maria / Vila Guilherme</td></tr><tr><th style="padding:3px 5px;text-align:left;background:#f3f4f6;border-bottom:1px solid #d1d5db;width:30%;font-size:11px;font-weight:600;color:#1f2937;">Turno</th><td style="padding:3px 5px;border-bottom:1px solid #e5e7eb;font-size:11px;color:#111827;">Diurno</td></tr><tr><th style="padding:3px 5px;text-align:left;background:#f3f4f6;border-bottom:1px solid #d1d5db;width:30%;font-size:11px;font-weight:600;color:#1f2937;">Frequência</th><td style="padding:3px 5px;border-bottom:1px solid #e5e7eb;font-size:11px;color:#111827;">—</td></tr><tr><th style="padding:3px 5px;text-align:left;background:#f3f4f6;border-bottom:1px solid #d1d5db;width:30%;font-size:11px;font-weight:600;color:#1f2937;">Cronograma</th><td style="padding:3px 5px;border-bottom:1px solid #e5e7eb;font-size:11px;color:#111827;">—</td></tr></table>]]></description><LineString><coordinates>-46.5945100,-23.5270300,0 -46.5948000,-23.5261900,0 -46.5950500,-23.5253400,0</coordinates></LineString></Placemark>
<Style id="s-VM-87">
<LineStyle><color>ffebce87</color><width>3.0</width></LineStyle>
<PolyStyle><color>ffebce87</color></PolyStyle>
<IconStyle><color>ffebce87</color><scale>0.55</scale>
<Icon><href>http://maps.google.com/mapfiles/kml/shapes/placemark_circle.png</href></Icon>
</IconStyle>
<LabelStyle><scale>0.65</scale></LabelStyle>
</Style><Placemark><name>MG10401VM0002 - Seg. 28</name><styleUrl>#s-VM-87</styleUrl><description><![CDATA[<table style="border-collapse:collapse;width:100%;font-family:'Helvetica Neue',Helvetica,Arial,sans-serif;font-size:11px;border:1px solid #e5e7eb;border-radius:8px;overflow:hidden;"><tr><th colspan="2" style="padding:5px 8px;background:#1f6feb;color:#fff;text-align:left;font-size:12px;font-weight:600;">MG10401VM0002 - Seg. 28</th></tr><tr><th style="padding:3px 5px;text-align:left;background:#f3f4f6;border-bottom:1px solid #d1d5db;width:30%;font-size:11px;font-weight:600;color:#1f2937;">Serviço</th><td style="padding:3px 5px;border-bottom:1px solid #e5e7eb;font-size:11px;color:#111827;">Varrição Mecanizada (VM)</td></tr><tr><th style="padding:3px 5px;text-align:left;background:#f3f4f6;border-bottom:1px solid #d1d5db;width:30%;font-size:11px;font-weight:600;color:#1f2937;">Setor</th><td style="padding:3px 5px;border-bottom:1px solid #e5e7eb;font-size:11px;color:#111827;">MG10401VM0002</td></tr><tr><th style="padding:3px 5px;text-align:left;background:#f3f4f6;border-bottom:1px solid #d1d5db;width:30%;font-size:11px;font-weight:600;color:#1f2937;">Tipo de Serviço</th><td style="padding:3px 5px;border-bottom:1px solid #e5e7eb;font-size:11px;color:#111827;">Varrição Mecanizada</td></tr><tr><th style="padding:3px 5px;text-align:left;background:#f3f4f6;border-bottom:1px solid #d1d5db;width:30%;font-size:11px;font-weight:600;color:#1f2937;">Nome</th><td style="padding:3px 5px;border-bottom:1px solid #e5e7eb;font-size:11px;color:#111827;">MG10401VM0002 - Seg. 28</td></tr><tr><th style="padding:3px 5px;text-align:left;background:#f3f4f6;border-bottom:1px solid #d1d5db;width:30%;font-size:11px;font-weight:600;color:#1f2937;">Logradouro</th><td style="padding:3px 5px;border-bottom:1px solid #e5e7eb;font-size:11px;color:#111827;">R Srg Miguel de Sousa Filho</td></tr><tr><th style="padding:3px 5px;text-align:left;background:#f3f4f6;border-bottom:1px solid #d1d5db;width:30%;font-size:11px;font-weight:600;color:#1f2937;">Subprefeitura</th><td style="padding:3px 5px;border-bottom:1px solid #e5e7eb;font-size:11px;color:#111827;">Vila Maria / Vila Guilherme</td></tr><tr><th style="padding:3px 5px;text-align:left;background:#f3f4f6;border-bottom:1px solid #d1d5db;width:30%;font-size:11px;font-weight:600;color:#1f2937;">Turno</th><td style="padding:3px 5px;border-bottom:1px solid #e5e7eb;font-size:11px;color:#111827;">Diurno</td></tr><tr><th style="padding:3px 5px;text-align:left;background:#f3f4f6;border-bottom:1px solid #d1d5db;width:30%;font-size:11px;font-weight:600;color:#1f2937;">Frequência</th><td style="padding:3px 5px;border-bottom:1px solid #e5e7eb;font-size:11px;color:#111827;">—</td></tr><tr><th style="padding:3px 5px;text-align:left;background:#f3f4f6;border-bottom:1px solid #d1d5db;width:30%;font-size:11px;font-weight:600;color:#1f2937;">Cronograma</th><td style="padding:3px 5px;border-bottom:1px solid #e5e7eb;font-size:11px;color:#111827;">—</td></tr></table>]]></description><LineString><coordinates>-46.5714700,-23.5068300,0 -46.5718500,-23.5062700,0 -46.5724100,-23.5056100,0</coordinates></LineString></Placemark>
<Style id="s-VM-88">
<LineStyle><color>ffebce87</color><width>3.0</width></LineStyle>
<PolyStyle><color>ffebce87</color></PolyStyle>
<IconStyle><color>ffebce87</color><scale>0.55</scale>
<Icon><href>http://maps.google.com/mapfiles/kml/shapes/placemark_circle.png</href></Icon>
</IconStyle>
<LabelStyle><scale>0.65</scale></LabelStyle>
</Style><Placemark><name>MG30402VM0003 - Seg. 1</name><styleUrl>#s-VM-88</styleUrl><description><![CDATA[<table style="border-collapse:collapse;width:100%;font-family:'Helvetica Neue',Helvetica,Arial,sans-serif;font-size:11px;border:1px solid #e5e7eb;border-radius:8px;overflow:hidden;"><tr><th colspan="2" style="padding:5px 8px;background:#1f6feb;color:#fff;text-align:left;font-size:12px;font-weight:600;">MG30402VM0003 - Seg. 1</th></tr><tr><th style="padding:3px 5px;text-align:left;background:#f3f4f6;border-bottom:1px solid #d1d5db;width:30%;font-size:11px;font-weight:600;color:#1f2937;">Serviço</th><td style="padding:3px 5px;border-bottom:1px solid #e5e7eb;font-size:11px;color:#111827;">Varrição Mecanizada (VM)</td></tr><tr><th style="padding:3px 5px;text-align:left;background:#f3f4f6;border-bottom:1px solid #d1d5db;width:30%;font-size:11px;font-weight:600;color:#1f2937;">Setor</th><td style="padding:3px 5px;border-bottom:1px solid #e5e7eb;font-size:11px;color:#111827;">MG30402VM0003</td></tr><tr><th style="padding:3px 5px;text-align:left;background:#f3f4f6;border-bottom:1px solid #d1d5db;width:30%;font-size:11px;font-weight:600;color:#1f2937;">Tipo de Serviço</th><td style="padding:3px 5px;border-bottom:1px solid #e5e7eb;font-size:11px;color:#111827;">Varrição Mecanizada</td></tr><tr><th style="padding:3px 5px;text-align:left;background:#f3f4f6;border-bottom:1px solid #d1d5db;width:30%;font-size:11px;font-weight:600;color:#1f2937;">Nome</th><td style="padding:3px 5px;border-bottom:1px solid #e5e7eb;font-size:11px;color:#111827;">MG30402VM0003 - Seg. 1</td></tr><tr><th style="padding:3px 5px;text-align:left;background:#f3f4f6;border-bottom:1px solid #d1d5db;width:30%;font-size:11px;font-weight:600;color:#1f2937;">Logradouro</th><td style="padding:3px 5px;border-bottom:1px solid #e5e7eb;font-size:11px;color:#111827;">Ac Av Guilherme Cotching</td></tr><tr><th style="padding:3px 5px;text-align:left;background:#f3f4f6;border-bottom:1px solid #d1d5db;width:30%;font-size:11px;font-weight:600;color:#1f2937;">Subprefeitura</th><td style="padding:3px 5px;border-bottom:1px solid #e5e7eb;font-size:11px;color:#111827;">Vila Maria / Vila Guilherme</td></tr><tr><th style="padding:3px 5px;text-align:left;background:#f3f4f6;border-bottom:1px solid #d1d5db;width:30%;font-size:11px;font-weight:600;color:#1f2937;">Turno</th><td style="padding:3px 5px;border-bottom:1px solid #e5e7eb;font-size:11px;color:#111827;">Noturno</td></tr><tr><th style="padding:3px 5px;text-align:left;background:#f3f4f6;border-bottom:1px solid #d1d5db;width:30%;font-size:11px;font-weight:600;color:#1f2937;">Frequência</th><td style="padding:3px 5px;border-bottom:1px solid #e5e7eb;font-size:11px;color:#111827;">Segunda, Quarta e Sábado</td></tr><tr><th style="padding:3px 5px;text-align:left;background:#f3f4f6;border-bottom:1px solid #d1d5db;width:30%;font-size:11px;font-weight:600;color:#1f2937;">Cronograma</th><td style="padding:3px 5px;border-bottom:1px solid #e5e7eb;font-size:11px;color:#111827;">—</td></tr></table>]]></description><LineString><coordinates>-46.5956400,-23.5243700,0 -46.5953900,-23.5248100,0 -46.5952800,-23.5251500,0 -46.5953600,-23.5255000,0</coordinates></LineString></Placemark>
<Style id="s-VM-89">
<LineStyle><color>ffebce87</color><width>3.0</width></LineStyle>
<PolyStyle><color>ffebce87</color></PolyStyle>
<IconStyle><color>ffebce87</color><scale>0.55</scale>
<Icon><href>http://maps.google.com/mapfiles/kml/shapes/placemark_circle.png</href></Icon>
</IconStyle>
<LabelStyle><scale>0.65</scale></LabelStyle>
</Style><Placemark><name>MG30402VM0003 - Seg. 2</name><styleUrl>#s-VM-89</styleUrl><description><![CDATA[<table style="border-collapse:collapse;width:100%;font-family:'Helvetica Neue',Helvetica,Arial,sans-serif;font-size:11px;border:1px solid #e5e7eb;border-radius:8px;overflow:hidden;"><tr><th colspan="2" style="padding:5px 8px;background:#1f6feb;color:#fff;text-align:left;font-size:12px;font-weight:600;">MG30402VM0003 - Seg. 2</th></tr><tr><th style="padding:3px 5px;text-align:left;background:#f3f4f6;border-bottom:1px solid #d1d5db;width:30%;font-size:11px;font-weight:600;color:#1f2937;">Serviço</th><td style="padding:3px 5px;border-bottom:1px solid #e5e7eb;font-size:11px;color:#111827;">Varrição Mecanizada (VM)</td></tr><tr><th style="padding:3px 5px;text-align:left;background:#f3f4f6;border-bottom:1px solid #d1d5db;width:30%;font-size:11px;font-weight:600;color:#1f2937;">Setor</th><td style="padding:3px 5px;border-bottom:1px solid #e5e7eb;font-size:11px;color:#111827;">MG30402VM0003</td></tr><tr><th style="padding:3px 5px;text-align:left;background:#f3f4f6;border-bottom:1px solid #d1d5db;width:30%;font-size:11px;font-weight:600;color:#1f2937;">Tipo de Serviço</th><td style="padding:3px 5px;border-bottom:1px solid #e5e7eb;font-size:11px;color:#111827;">Varrição Mecanizada</td></tr><tr><th style="padding:3px 5px;text-align:left;background:#f3f4f6;border-bottom:1px solid #d1d5db;width:30%;font-size:11px;font-weight:600;color:#1f2937;">Nome</th><td style="padding:3px 5px;border-bottom:1px solid #e5e7eb;font-size:11px;color:#111827;">MG30402VM0003 - Seg. 2</td></tr><tr><th style="padding:3px 5px;text-align:left;background:#f3f4f6;border-bottom:1px solid #d1d5db;width:30%;font-size:11px;font-weight:600;color:#1f2937;">Logradouro</th><td style="padding:3px 5px;border-bottom:1px solid #e5e7eb;font-size:11px;color:#111827;">Ac Av Nadir Dias de Figueiredo</td></tr><tr><th style="padding:3px 5px;text-align:left;background:#f3f4f6;border-bottom:1px solid #d1d5db;width:30%;font-size:11px;font-weight:600;color:#1f2937;">Subprefeitura</th><td style="padding:3px 5px;border-bottom:1px solid #e5e7eb;font-size:11px;color:#111827;">Vila Maria / Vila Guilherme</td></tr><tr><th style="padding:3px 5px;text-align:left;background:#f3f4f6;border-bottom:1px solid #d1d5db;width:30%;font-size:11px;font-weight:600;color:#1f2937;">Turno</th><td style="padding:3px 5px;border-bottom:1px solid #e5e7eb;font-size:11px;color:#111827;">Noturno</td></tr><tr><th style="padding:3px 5px;text-align:left;background:#f3f4f6;border-bottom:1px solid #d1d5db;width:30%;font-size:11px;font-weight:600;color:#1f2937;">Frequência</th><td style="padding:3px 5px;border-bottom:1px solid #e5e7eb;font-size:11px;color:#111827;">Segunda, Quarta e Sábado</td></tr><tr><th style="padding:3px 5px;text-align:left;background:#f3f4f6;border-bottom:1px solid #d1d5db;width:30%;font-size:11px;font-weight:600;color:#1f2937;">Cronograma</th><td style="padding:3px 5px;border-bottom:1px solid #e5e7eb;font-size:11px;color:#111827;">—</td></tr></table>]]></description><LineString><coordinates>-46.5951600,-23.5246800,0 -46.5950500,-23.5253400,0</coordinates></LineString></Placemark>
<Style id="s-VM-90">
<LineStyle><color>ffebce87</color><width>3.0</width></LineStyle>
<PolyStyle><color>ffebce87</color></PolyStyle>
<IconStyle><color>ffebce87</color><scale>0.55</scale>
<Icon><href>http://maps.google.com/mapfiles/kml/shapes/placemark_circle.png</href></Icon>
</IconStyle>
<LabelStyle><scale>0.65</scale></LabelStyle>
</Style><Placemark><name>MG30402VM0003 - Seg. 3</name><styleUrl>#s-VM-90</styleUrl><description><![CDATA[<table style="border-collapse:collapse;width:100%;font-family:'Helvetica Neue',Helvetica,Arial,sans-serif;font-size:11px;border:1px solid #e5e7eb;border-radius:8px;overflow:hidden;"><tr><th colspan="2" style="padding:5px 8px;background:#1f6feb;color:#fff;text-align:left;font-size:12px;font-weight:600;">MG30402VM0003 - Seg. 3</th></tr><tr><th style="padding:3px 5px;text-align:left;background:#f3f4f6;border-bottom:1px solid #d1d5db;width:30%;font-size:11px;font-weight:600;color:#1f2937;">Serviço</th><td style="padding:3px 5px;border-bottom:1px solid #e5e7eb;font-size:11px;color:#111827;">Varrição Mecanizada (VM)</td></tr><tr><th style="padding:3px 5px;text-align:left;background:#f3f4f6;border-bottom:1px solid #d1d5db;width:30%;font-size:11px;font-weight:600;color:#1f2937;">Setor</th><td style="padding:3px 5px;border-bottom:1px solid #e5e7eb;font-size:11px;color:#111827;">MG30402VM0003</td></tr><tr><th style="padding:3px 5px;text-align:left;background:#f3f4f6;border-bottom:1px solid #d1d5db;width:30%;font-size:11px;font-weight:600;color:#1f2937;">Tipo de Serviço</th><td style="padding:3px 5px;border-bottom:1px solid #e5e7eb;font-size:11px;color:#111827;">Varrição Mecanizada</td></tr><tr><th style="padding:3px 5px;text-align:left;background:#f3f4f6;border-bottom:1px solid #d1d5db;width:30%;font-size:11px;font-weight:600;color:#1f2937;">Nome</th><td style="padding:3px 5px;border-bottom:1px solid #e5e7eb;font-size:11px;color:#111827;">MG30402VM0003 - Seg. 3</td></tr><tr><th style="padding:3px 5px;text-align:left;background:#f3f4f6;border-bottom:1px solid #d1d5db;width:30%;font-size:11px;font-weight:600;color:#1f2937;">Logradouro</th><td style="padding:3px 5px;border-bottom:1px solid #e5e7eb;font-size:11px;color:#111827;">Av Amadeu Poli</td></tr><tr><th style="padding:3px 5px;text-align:left;background:#f3f4f6;border-bottom:1px solid #d1d5db;width:30%;font-size:11px;font-weight:600;color:#1f2937;">Subprefeitura</th><td style="padding:3px 5px;border-bottom:1px solid #e5e7eb;font-size:11px;color:#111827;">Vila Maria / Vila Guilherme</td></tr><tr><th style="padding:3px 5px;text-align:left;background:#f3f4f6;border-bottom:1px solid #d1d5db;width:30%;font-size:11px;font-weight:600;color:#1f2937;">Turno</th><td style="padding:3px 5px;border-bottom:1px solid #e5e7eb;font-size:11px;color:#111827;">Noturno</td></tr><tr><th style="padding:3px 5px;text-align:left;background:#f3f4f6;border-bottom:1px solid #d1d5db;width:30%;font-size:11px;font-weight:600;color:#1f2937;">Frequência</th><td style="padding:3px 5px;border-bottom:1px solid #e5e7eb;font-size:11px;color:#111827;">Segunda, Quarta e Sábado</td></tr><tr><th style="padding:3px 5px;text-align:left;background:#f3f4f6;border-bottom:1px solid #d1d5db;width:30%;font-size:11px;font-weight:600;color:#1f2937;">Cronograma</th><td style="padding:3px 5px;border-bottom:1px solid #e5e7eb;font-size:11px;color:#111827;">—</td></tr></table>]]></description><LineString><coordinates>-46.5632200,-23.5122700,0 -46.5633700,-23.5119700,0 -46.5643900,-23.5101800,0 -46.5652400,-23.5086000,0 -46.5673600,-23.5048500,0 -46.5674400,-23.5047700,0 -46.5675500,-23.5047700,0</coordinates></LineString></Placemark>
<Style id="s-VM-91">
<LineStyle><color>ffebce87</color><width>3.0</width></LineStyle>
<PolyStyle><color>ffebce87</color></PolyStyle>
<IconStyle><color>ffebce87</color><scale>0.55</scale>
<Icon><href>http://maps.google.com/mapfiles/kml/shapes/placemark_circle.png</href></Icon>
</IconStyle>
<LabelStyle><scale>0.65</scale></LabelStyle>
</Style><Placemark><name>MG30402VM0003 - Seg. 4</name><styleUrl>#s-VM-91</styleUrl><description><![CDATA[<table style="border-collapse:collapse;width:100%;font-family:'Helvetica Neue',Helvetica,Arial,sans-serif;font-size:11px;border:1px solid #e5e7eb;border-radius:8px;overflow:hidden;"><tr><th colspan="2" style="padding:5px 8px;background:#1f6feb;color:#fff;text-align:left;font-size:12px;font-weight:600;">MG30402VM0003 - Seg. 4</th></tr><tr><th style="padding:3px 5px;text-align:left;background:#f3f4f6;border-bottom:1px solid #d1d5db;width:30%;font-size:11px;font-weight:600;color:#1f2937;">Serviço</th><td style="padding:3px 5px;border-bottom:1px solid #e5e7eb;font-size:11px;color:#111827;">Varrição Mecanizada (VM)</td></tr><tr><th style="padding:3px 5px;text-align:left;background:#f3f4f6;border-bottom:1px solid #d1d5db;width:30%;font-size:11px;font-weight:600;color:#1f2937;">Setor</th><td style="padding:3px 5px;border-bottom:1px solid #e5e7eb;font-size:11px;color:#111827;">MG30402VM0003</td></tr><tr><th style="padding:3px 5px;text-align:left;background:#f3f4f6;border-bottom:1px solid #d1d5db;width:30%;font-size:11px;font-weight:600;color:#1f2937;">Tipo de Serviço</th><td style="padding:3px 5px;border-bottom:1px solid #e5e7eb;font-size:11px;color:#111827;">Varrição Mecanizada</td></tr><tr><th style="padding:3px 5px;text-align:left;background:#f3f4f6;border-bottom:1px solid #d1d5db;width:30%;font-size:11px;font-weight:600;color:#1f2937;">Nome</th><td style="padding:3px 5px;border-bottom:1px solid #e5e7eb;font-size:11px;color:#111827;">MG30402VM0003 - Seg. 4</td></tr><tr><th style="padding:3px 5px;text-align:left;background:#f3f4f6;border-bottom:1px solid #d1d5db;width:30%;font-size:11px;font-weight:600;color:#1f2937;">Logradouro</th><td style="padding:3px 5px;border-bottom:1px solid #e5e7eb;font-size:11px;color:#111827;">Av Amadeu Poli</td></tr><tr><th style="padding:3px 5px;text-align:left;background:#f3f4f6;border-bottom:1px solid #d1d5db;width:30%;font-size:11px;font-weight:600;color:#1f2937;">Subprefeitura</th><td style="padding:3px 5px;border-bottom:1px solid #e5e7eb;font-size:11px;color:#111827;">Vila Maria / Vila Guilherme</td></tr><tr><th style="padding:3px 5px;text-align:left;background:#f3f4f6;border-bottom:1px solid #d1d5db;width:30%;font-size:11px;font-weight:600;color:#1f2937;">Turno</th><td style="padding:3px 5px;border-bottom:1px solid #e5e7eb;font-size:11px;color:#111827;">Noturno</td></tr><tr><th style="padding:3px 5px;text-align:left;background:#f3f4f6;border-bottom:1px solid #d1d5db;width:30%;font-size:11px;font-weight:600;color:#1f2937;">Frequência</th><td style="padding:3px 5px;border-bottom:1px solid #e5e7eb;font-size:11px;color:#111827;">Segunda, Quarta e Sábado</td></tr><tr><th style="padding:3px 5px;text-align:left;background:#f3f4f6;border-bottom:1px solid #d1d5db;width:30%;font-size:11px;font-weight:600;color:#1f2937;">Cronograma</th><td style="padding:3px 5px;border-bottom:1px solid #e5e7eb;font-size:11px;color:#111827;">—</td></tr></table>]]></description><LineString><coordinates>-46.5631500,-23.5120500,0 -46.5646400,-23.5093600,0 -46.5671500,-23.5049200,0 -46.5673100,-23.5046900,0 -46.5675800,-23.5047300,0</coordinates></LineString></Placemark>
<Style id="s-VM-92">
<LineStyle><color>ffebce87</color><width>3.0</width></LineStyle>
<PolyStyle><color>ffebce87</color></PolyStyle>
<IconStyle><color>ffebce87</color><scale>0.55</scale>
<Icon><href>http://maps.google.com/mapfiles/kml/shapes/placemark_circle.png</href></Icon>
</IconStyle>
<LabelStyle><scale>0.65</scale></LabelStyle>
</Style><Placemark><name>MG30402VM0003 - Seg. 5</name><styleUrl>#s-VM-92</styleUrl><description><![CDATA[<table style="border-collapse:collapse;width:100%;font-family:'Helvetica Neue',Helvetica,Arial,sans-serif;font-size:11px;border:1px solid #e5e7eb;border-radius:8px;overflow:hidden;"><tr><th colspan="2" style="padding:5px 8px;background:#1f6feb;color:#fff;text-align:left;font-size:12px;font-weight:600;">MG30402VM0003 - Seg. 5</th></tr><tr><th style="padding:3px 5px;text-align:left;background:#f3f4f6;border-bottom:1px solid #d1d5db;width:30%;font-size:11px;font-weight:600;color:#1f2937;">Serviço</th><td style="padding:3px 5px;border-bottom:1px solid #e5e7eb;font-size:11px;color:#111827;">Varrição Mecanizada (VM)</td></tr><tr><th style="padding:3px 5px;text-align:left;background:#f3f4f6;border-bottom:1px solid #d1d5db;width:30%;font-size:11px;font-weight:600;color:#1f2937;">Setor</th><td style="padding:3px 5px;border-bottom:1px solid #e5e7eb;font-size:11px;color:#111827;">MG30402VM0003</td></tr><tr><th style="padding:3px 5px;text-align:left;background:#f3f4f6;border-bottom:1px solid #d1d5db;width:30%;font-size:11px;font-weight:600;color:#1f2937;">Tipo de Serviço</th><td style="padding:3px 5px;border-bottom:1px solid #e5e7eb;font-size:11px;color:#111827;">Varrição Mecanizada</td></tr><tr><th style="padding:3px 5px;text-align:left;background:#f3f4f6;border-bottom:1px solid #d1d5db;width:30%;font-size:11px;font-weight:600;color:#1f2937;">Nome</th><td style="padding:3px 5px;border-bottom:1px solid #e5e7eb;font-size:11px;color:#111827;">MG30402VM0003 - Seg. 5</td></tr><tr><th style="padding:3px 5px;text-align:left;background:#f3f4f6;border-bottom:1px solid #d1d5db;width:30%;font-size:11px;font-weight:600;color:#1f2937;">Logradouro</th><td style="padding:3px 5px;border-bottom:1px solid #e5e7eb;font-size:11px;color:#111827;">Av do Poeta</td></tr><tr><th style="padding:3px 5px;text-align:left;background:#f3f4f6;border-bottom:1px solid #d1d5db;width:30%;font-size:11px;font-weight:600;color:#1f2937;">Subprefeitura</th><td style="padding:3px 5px;border-bottom:1px solid #e5e7eb;font-size:11px;color:#111827;">Vila Maria / Vila Guilherme</td></tr><tr><th style="padding:3px 5px;text-align:left;background:#f3f4f6;border-bottom:1px solid #d1d5db;width:30%;font-size:11px;font-weight:600;color:#1f2937;">Turno</th><td style="padding:3px 5px;border-bottom:1px solid #e5e7eb;font-size:11px;color:#111827;">Noturno</td></tr><tr><th style="padding:3px 5px;text-align:left;background:#f3f4f6;border-bottom:1px solid #d1d5db;width:30%;font-size:11px;font-weight:600;color:#1f2937;">Frequência</th><td style="padding:3px 5px;border-bottom:1px solid #e5e7eb;font-size:11px;color:#111827;">Segunda, Quarta e Sábado</td></tr><tr><th style="padding:3px 5px;text-align:left;background:#f3f4f6;border-bottom:1px solid #d1d5db;width:30%;font-size:11px;font-weight:600;color:#1f2937;">Cronograma</th><td style="padding:3px 5px;border-bottom:1px solid #e5e7eb;font-size:11px;color:#111827;">—</td></tr></table>]]></description><LineString><coordinates>-46.5692700,-23.4915200,0 -46.5689800,-23.4911200,0 -46.5685500,-23.4908600,0 -46.5678800,-23.4907700,0 -46.5665400,-23.4906700,0 -46.5662000,-23.4906000,0 -46.5658900,-23.4904800,0 -46.5657500,-23.4903200,0 -46.5656500,-23.4901400,0 -46.5660100,-23.4903900,0 -46.5656500,-23.4901400,0 -46.5665300,-23.4905800,0 -46.5662600,-23.4905200,0 -46.5660100,-23.4903900,0 -46.5677700,-23.4906600,0 -46.5665300,-23.4905800,0 -46.5695100,-23.4915700,0 -46.5690500,-23.4910700,0 -46.5684700,-23.4907300,0 -46.5677700,-23.4906600,0 -46.5695100,-23.4915700,0 -46.5693500,-23.4912300,0 -46.5691300,-23.4909100,0 -46.5688800,-23.4906700,0 -46.5686600,-23.4905400,0 -46.5685500,-23.4904400,0 -46.5681800,-23.4903800,0 -46.5670800,-23.4902800,0 -46.5664300,-23.4900000,0 -46.5662300,-23.4893500,0</coordinates></LineString></Placemark>
<Style id="s-VM-93">
<LineStyle><color>ffebce87</color><width>3.0</width></LineStyle>
<PolyStyle><color>ffebce87</color></PolyStyle>
<IconStyle><color>ffebce87</color><scale>0.55</scale>
<Icon><href>http://maps.google.com/mapfiles/kml/shapes/placemark_circle.png</href></Icon>
</IconStyle>
<LabelStyle><scale>0.65</scale></LabelStyle>
</Style><Placemark><name>MG30402VM0003 - Seg. 6</name><styleUrl>#s-VM-93</styleUrl><description><![CDATA[<table style="border-collapse:collapse;width:100%;font-family:'Helvetica Neue',Helvetica,Arial,sans-serif;font-size:11px;border:1px solid #e5e7eb;border-radius:8px;overflow:hidden;"><tr><th colspan="2" style="padding:5px 8px;background:#1f6feb;color:#fff;text-align:left;font-size:12px;font-weight:600;">MG30402VM0003 - Seg. 6</th></tr><tr><th style="padding:3px 5px;text-align:left;background:#f3f4f6;border-bottom:1px solid #d1d5db;width:30%;font-size:11px;font-weight:600;color:#1f2937;">Serviço</th><td style="padding:3px 5px;border-bottom:1px solid #e5e7eb;font-size:11px;color:#111827;">Varrição Mecanizada (VM)</td></tr><tr><th style="padding:3px 5px;text-align:left;background:#f3f4f6;border-bottom:1px solid #d1d5db;width:30%;font-size:11px;font-weight:600;color:#1f2937;">Setor</th><td style="padding:3px 5px;border-bottom:1px solid #e5e7eb;font-size:11px;color:#111827;">MG30402VM0003</td></tr><tr><th style="padding:3px 5px;text-align:left;background:#f3f4f6;border-bottom:1px solid #d1d5db;width:30%;font-size:11px;font-weight:600;color:#1f2937;">Tipo de Serviço</th><td style="padding:3px 5px;border-bottom:1px solid #e5e7eb;font-size:11px;color:#111827;">Varrição Mecanizada</td></tr><tr><th style="padding:3px 5px;text-align:left;background:#f3f4f6;border-bottom:1px solid #d1d5db;width:30%;font-size:11px;font-weight:600;color:#1f2937;">Nome</th><td style="padding:3px 5px;border-bottom:1px solid #e5e7eb;font-size:11px;color:#111827;">MG30402VM0003 - Seg. 6</td></tr><tr><th style="padding:3px 5px;text-align:left;background:#f3f4f6;border-bottom:1px solid #d1d5db;width:30%;font-size:11px;font-weight:600;color:#1f2937;">Logradouro</th><td style="padding:3px 5px;border-bottom:1px solid #e5e7eb;font-size:11px;color:#111827;">Av Guilherme Cotching</td></tr><tr><th style="padding:3px 5px;text-align:left;background:#f3f4f6;border-bottom:1px solid #d1d5db;width:30%;font-size:11px;font-weight:600;color:#1f2937;">Subprefeitura</th><td style="padding:3px 5px;border-bottom:1px solid #e5e7eb;font-size:11px;color:#111827;">Vila Maria / Vila Guilherme</td></tr><tr><th style="padding:3px 5px;text-align:left;background:#f3f4f6;border-bottom:1px solid #d1d5db;width:30%;font-size:11px;font-weight:600;color:#1f2937;">Turno</th><td style="padding:3px 5px;border-bottom:1px solid #e5e7eb;font-size:11px;color:#111827;">Noturno</td></tr><tr><th style="padding:3px 5px;text-align:left;background:#f3f4f6;border-bottom:1px solid #d1d5db;width:30%;font-size:11px;font-weight:600;color:#1f2937;">Frequência</th><td style="padding:3px 5px;border-bottom:1px solid #e5e7eb;font-size:11px;color:#111827;">Segunda, Quarta e Sábado</td></tr><tr><th style="padding:3px 5px;text-align:left;background:#f3f4f6;border-bottom:1px solid #d1d5db;width:30%;font-size:11px;font-weight:600;color:#1f2937;">Cronograma</th><td style="padding:3px 5px;border-bottom:1px solid #e5e7eb;font-size:11px;color:#111827;">—</td></tr></table>]]></description><LineString><coordinates>-46.5956500,-23.5258300,0 -46.5953600,-23.5255000,0 -46.5950900,-23.5251200,0 -46.5929900,-23.5223900,0 -46.5924900,-23.5218000,0 -46.5905800,-23.5193500,0 -46.5869000,-23.5146900,0 -46.5853100,-23.5126300,0</coordinates></LineString></Placemark>
<Style id="s-VM-94">
<LineStyle><color>ffebce87</color><width>3.0</width></LineStyle>
<PolyStyle><color>ffebce87</color></PolyStyle>
<IconStyle><color>ffebce87</color><scale>0.55</scale>
<Icon><href>http://maps.google.com/mapfiles/kml/shapes/placemark_circle.png</href></Icon>
</IconStyle>
<LabelStyle><scale>0.65</scale></LabelStyle>
</Style><Placemark><name>MG30402VM0003 - Seg. 7</name><styleUrl>#s-VM-94</styleUrl><description><![CDATA[<table style="border-collapse:collapse;width:100%;font-family:'Helvetica Neue',Helvetica,Arial,sans-serif;font-size:11px;border:1px solid #e5e7eb;border-radius:8px;overflow:hidden;"><tr><th colspan="2" style="padding:5px 8px;background:#1f6feb;color:#fff;text-align:left;font-size:12px;font-weight:600;">MG30402VM0003 - Seg. 7</th></tr><tr><th style="padding:3px 5px;text-align:left;background:#f3f4f6;border-bottom:1px solid #d1d5db;width:30%;font-size:11px;font-weight:600;color:#1f2937;">Serviço</th><td style="padding:3px 5px;border-bottom:1px solid #e5e7eb;font-size:11px;color:#111827;">Varrição Mecanizada (VM)</td></tr><tr><th style="padding:3px 5px;text-align:left;background:#f3f4f6;border-bottom:1px solid #d1d5db;width:30%;font-size:11px;font-weight:600;color:#1f2937;">Setor</th><td style="padding:3px 5px;border-bottom:1px solid #e5e7eb;font-size:11px;color:#111827;">MG30402VM0003</td></tr><tr><th style="padding:3px 5px;text-align:left;background:#f3f4f6;border-bottom:1px solid #d1d5db;width:30%;font-size:11px;font-weight:600;color:#1f2937;">Tipo de Serviço</th><td style="padding:3px 5px;border-bottom:1px solid #e5e7eb;font-size:11px;color:#111827;">Varrição Mecanizada</td></tr><tr><th style="padding:3px 5px;text-align:left;background:#f3f4f6;border-bottom:1px solid #d1d5db;width:30%;font-size:11px;font-weight:600;color:#1f2937;">Nome</th><td style="padding:3px 5px;border-bottom:1px solid #e5e7eb;font-size:11px;color:#111827;">MG30402VM0003 - Seg. 7</td></tr><tr><th style="padding:3px 5px;text-align:left;background:#f3f4f6;border-bottom:1px solid #d1d5db;width:30%;font-size:11px;font-weight:600;color:#1f2937;">Logradouro</th><td style="padding:3px 5px;border-bottom:1px solid #e5e7eb;font-size:11px;color:#111827;">Av Guilherme Cotching</td></tr><tr><th style="padding:3px 5px;text-align:left;background:#f3f4f6;border-bottom:1px solid #d1d5db;width:30%;font-size:11px;font-weight:600;color:#1f2937;">Subprefeitura</th><td style="padding:3px 5px;border-bottom:1px solid #e5e7eb;font-size:11px;color:#111827;">Vila Maria / Vila Guilherme</td></tr><tr><th style="padding:3px 5px;text-align:left;background:#f3f4f6;border-bottom:1px solid #d1d5db;width:30%;font-size:11px;font-weight:600;color:#1f2937;">Turno</th><td style="padding:3px 5px;border-bottom:1px solid #e5e7eb;font-size:11px;color:#111827;">Noturno</td></tr><tr><th style="padding:3px 5px;text-align:left;background:#f3f4f6;border-bottom:1px solid #d1d5db;width:30%;font-size:11px;font-weight:600;color:#1f2937;">Frequência</th><td style="padding:3px 5px;border-bottom:1px solid #e5e7eb;font-size:11px;color:#111827;">Segunda, Quarta e Sábado</td></tr><tr><th style="padding:3px 5px;text-align:left;background:#f3f4f6;border-bottom:1px solid #d1d5db;width:30%;font-size:11px;font-weight:600;color:#1f2937;">Cronograma</th><td style="padding:3px 5px;border-bottom:1px solid #e5e7eb;font-size:11px;color:#111827;">—</td></tr></table>]]></description><LineString><coordinates>-46.5958200,-23.5262200,0 -46.5950500,-23.5253400,0 -46.5946500,-23.5247900,0 -46.5933400,-23.5231000,0 -46.5861400,-23.5139400,0 -46.5852000,-23.5127000,0</coordinates></LineString></Placemark>
<Style id="s-VM-95">
<LineStyle><color>ffebce87</color><width>3.0</width></LineStyle>
<PolyStyle><color>ffebce87</color></PolyStyle>
<IconStyle><color>ffebce87</color><scale>0.55</scale>
<Icon><href>http://maps.google.com/mapfiles/kml/shapes/placemark_circle.png</href></Icon>
</IconStyle>
<LabelStyle><scale>0.65</scale></LabelStyle>
</Style><Placemark><name>MG30402VM0003 - Seg. 8</name><styleUrl>#s-VM-95</styleUrl><description><![CDATA[<table style="border-collapse:collapse;width:100%;font-family:'Helvetica Neue',Helvetica,Arial,sans-serif;font-size:11px;border:1px solid #e5e7eb;border-radius:8px;overflow:hidden;"><tr><th colspan="2" style="padding:5px 8px;background:#1f6feb;color:#fff;text-align:left;font-size:12px;font-weight:600;">MG30402VM0003 - Seg. 8</th></tr><tr><th style="padding:3px 5px;text-align:left;background:#f3f4f6;border-bottom:1px solid #d1d5db;width:30%;font-size:11px;font-weight:600;color:#1f2937;">Serviço</th><td style="padding:3px 5px;border-bottom:1px solid #e5e7eb;font-size:11px;color:#111827;">Varrição Mecanizada (VM)</td></tr><tr><th style="padding:3px 5px;text-align:left;background:#f3f4f6;border-bottom:1px solid #d1d5db;width:30%;font-size:11px;font-weight:600;color:#1f2937;">Setor</th><td style="padding:3px 5px;border-bottom:1px solid #e5e7eb;font-size:11px;color:#111827;">MG30402VM0003</td></tr><tr><th style="padding:3px 5px;text-align:left;background:#f3f4f6;border-bottom:1px solid #d1d5db;width:30%;font-size:11px;font-weight:600;color:#1f2937;">Tipo de Serviço</th><td style="padding:3px 5px;border-bottom:1px solid #e5e7eb;font-size:11px;color:#111827;">Varrição Mecanizada</td></tr><tr><th style="padding:3px 5px;text-align:left;background:#f3f4f6;border-bottom:1px solid #d1d5db;width:30%;font-size:11px;font-weight:600;color:#1f2937;">Nome</th><td style="padding:3px 5px;border-bottom:1px solid #e5e7eb;font-size:11px;color:#111827;">MG30402VM0003 - Seg. 8</td></tr><tr><th style="padding:3px 5px;text-align:left;background:#f3f4f6;border-bottom:1px solid #d1d5db;width:30%;font-size:11px;font-weight:600;color:#1f2937;">Logradouro</th><td style="padding:3px 5px;border-bottom:1px solid #e5e7eb;font-size:11px;color:#111827;">Av Joao Simao de Castro</td></tr><tr><th style="padding:3px 5px;text-align:left;background:#f3f4f6;border-bottom:1px solid #d1d5db;width:30%;font-size:11px;font-weight:600;color:#1f2937;">Subprefeitura</th><td style="padding:3px 5px;border-bottom:1px solid #e5e7eb;font-size:11px;color:#111827;">Vila Maria / Vila Guilherme</td></tr><tr><th style="padding:3px 5px;text-align:left;background:#f3f4f6;border-bottom:1px solid #d1d5db;width:30%;font-size:11px;font-weight:600;color:#1f2937;">Turno</th><td style="padding:3px 5px;border-bottom:1px solid #e5e7eb;font-size:11px;color:#111827;">Noturno</td></tr><tr><th style="padding:3px 5px;text-align:left;background:#f3f4f6;border-bottom:1px solid #d1d5db;width:30%;font-size:11px;font-weight:600;color:#1f2937;">Frequência</th><td style="padding:3px 5px;border-bottom:1px solid #e5e7eb;font-size:11px;color:#111827;">Segunda, Quarta e Sábado</td></tr><tr><th style="padding:3px 5px;text-align:left;background:#f3f4f6;border-bottom:1px solid #d1d5db;width:30%;font-size:11px;font-weight:600;color:#1f2937;">Cronograma</th><td style="padding:3px 5px;border-bottom:1px solid #e5e7eb;font-size:11px;color:#111827;">—</td></tr></table>]]></description><LineString><coordinates>-46.5759800,-23.4895200,0 -46.5749300,-23.4895200,0 -46.5746800,-23.4895400,0 -46.5757400,-23.4892900,0 -46.5755300,-23.4892700,0 -46.5753000,-23.4893200,0 -46.5749800,-23.4893200,0 -46.5746900,-23.4892500,0 -46.5741500,-23.4895500,0 -46.5739500,-23.4894900,0 -46.5737600,-23.4894800,0 -46.5696400,-23.4893700,0 -46.5690600,-23.4893600,0 -46.5684500,-23.4894200,0 -46.5654200,-23.4893300,0</coordinates></LineString></Placemark>
<Style id="s-VM-96">
<LineStyle><color>ffebce87</color><width>3.0</width></LineStyle>
<PolyStyle><color>ffebce87</color></PolyStyle>
<IconStyle><color>ffebce87</color><scale>0.55</scale>
<Icon><href>http://maps.google.com/mapfiles/kml/shapes/placemark_circle.png</href></Icon>
</IconStyle>
<LabelStyle><scale>0.65</scale></LabelStyle>
</Style><Placemark><name>MG30402VM0003 - Seg. 9</name><styleUrl>#s-VM-96</styleUrl><description><![CDATA[<table style="border-collapse:collapse;width:100%;font-family:'Helvetica Neue',Helvetica,Arial,sans-serif;font-size:11px;border:1px solid #e5e7eb;border-radius:8px;overflow:hidden;"><tr><th colspan="2" style="padding:5px 8px;background:#1f6feb;color:#fff;text-align:left;font-size:12px;font-weight:600;">MG30402VM0003 - Seg. 9</th></tr><tr><th style="padding:3px 5px;text-align:left;background:#f3f4f6;border-bottom:1px solid #d1d5db;width:30%;font-size:11px;font-weight:600;color:#1f2937;">Serviço</th><td style="padding:3px 5px;border-bottom:1px solid #e5e7eb;font-size:11px;color:#111827;">Varrição Mecanizada (VM)</td></tr><tr><th style="padding:3px 5px;text-align:left;background:#f3f4f6;border-bottom:1px solid #d1d5db;width:30%;font-size:11px;font-weight:600;color:#1f2937;">Setor</th><td style="padding:3px 5px;border-bottom:1px solid #e5e7eb;font-size:11px;color:#111827;">MG30402VM0003</td></tr><tr><th style="padding:3px 5px;text-align:left;background:#f3f4f6;border-bottom:1px solid #d1d5db;width:30%;font-size:11px;font-weight:600;color:#1f2937;">Tipo de Serviço</th><td style="padding:3px 5px;border-bottom:1px solid #e5e7eb;font-size:11px;color:#111827;">Varrição Mecanizada</td></tr><tr><th style="padding:3px 5px;text-align:left;background:#f3f4f6;border-bottom:1px solid #d1d5db;width:30%;font-size:11px;font-weight:600;color:#1f2937;">Nome</th><td style="padding:3px 5px;border-bottom:1px solid #e5e7eb;font-size:11px;color:#111827;">MG30402VM0003 - Seg. 9</td></tr><tr><th style="padding:3px 5px;text-align:left;background:#f3f4f6;border-bottom:1px solid #d1d5db;width:30%;font-size:11px;font-weight:600;color:#1f2937;">Logradouro</th><td style="padding:3px 5px;border-bottom:1px solid #e5e7eb;font-size:11px;color:#111827;">Av Joao Simao de Castro</td></tr><tr><th style="padding:3px 5px;text-align:left;background:#f3f4f6;border-bottom:1px solid #d1d5db;width:30%;font-size:11px;font-weight:600;color:#1f2937;">Subprefeitura</th><td style="padding:3px 5px;border-bottom:1px solid #e5e7eb;font-size:11px;color:#111827;">Vila Maria / Vila Guilherme</td></tr><tr><th style="padding:3px 5px;text-align:left;background:#f3f4f6;border-bottom:1px solid #d1d5db;width:30%;font-size:11px;font-weight:600;color:#1f2937;">Turno</th><td style="padding:3px 5px;border-bottom:1px solid #e5e7eb;font-size:11px;color:#111827;">Noturno</td></tr><tr><th style="padding:3px 5px;text-align:left;background:#f3f4f6;border-bottom:1px solid #d1d5db;width:30%;font-size:11px;font-weight:600;color:#1f2937;">Frequência</th><td style="padding:3px 5px;border-bottom:1px solid #e5e7eb;font-size:11px;color:#111827;">Segunda, Quarta e Sábado</td></tr><tr><th style="padding:3px 5px;text-align:left;background:#f3f4f6;border-bottom:1px solid #d1d5db;width:30%;font-size:11px;font-weight:600;color:#1f2937;">Cronograma</th><td style="padding:3px 5px;border-bottom:1px solid #e5e7eb;font-size:11px;color:#111827;">—</td></tr></table>]]></description><LineString><coordinates>-46.5741400,-23.4892700,0 -46.5739500,-23.4893000,0 -46.5737600,-23.4893000,0 -46.5717600,-23.4892500,0 -46.5699600,-23.4891800,0 -46.5654300,-23.4890500,0</coordinates></LineString></Placemark>
<Style id="s-VM-97">
<LineStyle><color>ffebce87</color><width>3.0</width></LineStyle>
<PolyStyle><color>ffebce87</color></PolyStyle>
<IconStyle><color>ffebce87</color><scale>0.55</scale>
<Icon><href>http://maps.google.com/mapfiles/kml/shapes/placemark_circle.png</href></Icon>
</IconStyle>
<LabelStyle><scale>0.65</scale></LabelStyle>
</Style><Placemark><name>MG30402VM0003 - Seg. 10</name><styleUrl>#s-VM-97</styleUrl><description><![CDATA[<table style="border-collapse:collapse;width:100%;font-family:'Helvetica Neue',Helvetica,Arial,sans-serif;font-size:11px;border:1px solid #e5e7eb;border-radius:8px;overflow:hidden;"><tr><th colspan="2" style="padding:5px 8px;background:#1f6feb;color:#fff;text-align:left;font-size:12px;font-weight:600;">MG30402VM0003 - Seg. 10</th></tr><tr><th style="padding:3px 5px;text-align:left;background:#f3f4f6;border-bottom:1px solid #d1d5db;width:30%;font-size:11px;font-weight:600;color:#1f2937;">Serviço</th><td style="padding:3px 5px;border-bottom:1px solid #e5e7eb;font-size:11px;color:#111827;">Varrição Mecanizada (VM)</td></tr><tr><th style="padding:3px 5px;text-align:left;background:#f3f4f6;border-bottom:1px solid #d1d5db;width:30%;font-size:11px;font-weight:600;color:#1f2937;">Setor</th><td style="padding:3px 5px;border-bottom:1px solid #e5e7eb;font-size:11px;color:#111827;">MG30402VM0003</td></tr><tr><th style="padding:3px 5px;text-align:left;background:#f3f4f6;border-bottom:1px solid #d1d5db;width:30%;font-size:11px;font-weight:600;color:#1f2937;">Tipo de Serviço</th><td style="padding:3px 5px;border-bottom:1px solid #e5e7eb;font-size:11px;color:#111827;">Varrição Mecanizada</td></tr><tr><th style="padding:3px 5px;text-align:left;background:#f3f4f6;border-bottom:1px solid #d1d5db;width:30%;font-size:11px;font-weight:600;color:#1f2937;">Nome</th><td style="padding:3px 5px;border-bottom:1px solid #e5e7eb;font-size:11px;color:#111827;">MG30402VM0003 - Seg. 10</td></tr><tr><th style="padding:3px 5px;text-align:left;background:#f3f4f6;border-bottom:1px solid #d1d5db;width:30%;font-size:11px;font-weight:600;color:#1f2937;">Logradouro</th><td style="padding:3px 5px;border-bottom:1px solid #e5e7eb;font-size:11px;color:#111827;">Av Jose Maria Fernandes</td></tr><tr><th style="padding:3px 5px;text-align:left;background:#f3f4f6;border-bottom:1px solid #d1d5db;width:30%;font-size:11px;font-weight:600;color:#1f2937;">Subprefeitura</th><td style="padding:3px 5px;border-bottom:1px solid #e5e7eb;font-size:11px;color:#111827;">Vila Maria / Vila Guilherme</td></tr><tr><th style="padding:3px 5px;text-align:left;background:#f3f4f6;border-bottom:1px solid #d1d5db;width:30%;font-size:11px;font-weight:600;color:#1f2937;">Turno</th><td style="padding:3px 5px;border-bottom:1px solid #e5e7eb;font-size:11px;color:#111827;">Noturno</td></tr><tr><th style="padding:3px 5px;text-align:left;background:#f3f4f6;border-bottom:1px solid #d1d5db;width:30%;font-size:11px;font-weight:600;color:#1f2937;">Frequência</th><td style="padding:3px 5px;border-bottom:1px solid #e5e7eb;font-size:11px;color:#111827;">Segunda, Quarta e Sábado</td></tr><tr><th style="padding:3px 5px;text-align:left;background:#f3f4f6;border-bottom:1px solid #d1d5db;width:30%;font-size:11px;font-weight:600;color:#1f2937;">Cronograma</th><td style="padding:3px 5px;border-bottom:1px solid #e5e7eb;font-size:11px;color:#111827;">—</td></tr></table>]]></description><LineString><coordinates>-46.5681200,-23.5164300,0 -46.5677700,-23.5064200,0 -46.5677300,-23.5055600,0 -46.5675800,-23.5047300,0</coordinates></LineString></Placemark>
<Style id="s-VM-98">
<LineStyle><color>ffebce87</color><width>3.0</width></LineStyle>
<PolyStyle><color>ffebce87</color></PolyStyle>
<IconStyle><color>ffebce87</color><scale>0.55</scale>
<Icon><href>http://maps.google.com/mapfiles/kml/shapes/placemark_circle.png</href></Icon>
</IconStyle>
<LabelStyle><scale>0.65</scale></LabelStyle>
</Style><Placemark><name>MG30402VM0003 - Seg. 11</name><styleUrl>#s-VM-98</styleUrl><description><![CDATA[<table style="border-collapse:collapse;width:100%;font-family:'Helvetica Neue',Helvetica,Arial,sans-serif;font-size:11px;border:1px solid #e5e7eb;border-radius:8px;overflow:hidden;"><tr><th colspan="2" style="padding:5px 8px;background:#1f6feb;color:#fff;text-align:left;font-size:12px;font-weight:600;">MG30402VM0003 - Seg. 11</th></tr><tr><th style="padding:3px 5px;text-align:left;background:#f3f4f6;border-bottom:1px solid #d1d5db;width:30%;font-size:11px;font-weight:600;color:#1f2937;">Serviço</th><td style="padding:3px 5px;border-bottom:1px solid #e5e7eb;font-size:11px;color:#111827;">Varrição Mecanizada (VM)</td></tr><tr><th style="padding:3px 5px;text-align:left;background:#f3f4f6;border-bottom:1px solid #d1d5db;width:30%;font-size:11px;font-weight:600;color:#1f2937;">Setor</th><td style="padding:3px 5px;border-bottom:1px solid #e5e7eb;font-size:11px;color:#111827;">MG30402VM0003</td></tr><tr><th style="padding:3px 5px;text-align:left;background:#f3f4f6;border-bottom:1px solid #d1d5db;width:30%;font-size:11px;font-weight:600;color:#1f2937;">Tipo de Serviço</th><td style="padding:3px 5px;border-bottom:1px solid #e5e7eb;font-size:11px;color:#111827;">Varrição Mecanizada</td></tr><tr><th style="padding:3px 5px;text-align:left;background:#f3f4f6;border-bottom:1px solid #d1d5db;width:30%;font-size:11px;font-weight:600;color:#1f2937;">Nome</th><td style="padding:3px 5px;border-bottom:1px solid #e5e7eb;font-size:11px;color:#111827;">MG30402VM0003 - Seg. 11</td></tr><tr><th style="padding:3px 5px;text-align:left;background:#f3f4f6;border-bottom:1px solid #d1d5db;width:30%;font-size:11px;font-weight:600;color:#1f2937;">Logradouro</th><td style="padding:3px 5px;border-bottom:1px solid #e5e7eb;font-size:11px;color:#111827;">Av Jose Maria Fernandes</td></tr><tr><th style="padding:3px 5px;text-align:left;background:#f3f4f6;border-bottom:1px solid #d1d5db;width:30%;font-size:11px;font-weight:600;color:#1f2937;">Subprefeitura</th><td style="padding:3px 5px;border-bottom:1px solid #e5e7eb;font-size:11px;color:#111827;">Vila Maria / Vila Guilherme</td></tr><tr><th style="padding:3px 5px;text-align:left;background:#f3f4f6;border-bottom:1px solid #d1d5db;width:30%;font-size:11px;font-weight:600;color:#1f2937;">Turno</th><td style="padding:3px 5px;border-bottom:1px solid #e5e7eb;font-size:11px;color:#111827;">Noturno</td></tr><tr><th style="padding:3px 5px;text-align:left;background:#f3f4f6;border-bottom:1px solid #d1d5db;width:30%;font-size:11px;font-weight:600;color:#1f2937;">Frequência</th><td style="padding:3px 5px;border-bottom:1px solid #e5e7eb;font-size:11px;color:#111827;">Segunda, Quarta e Sábado</td></tr><tr><th style="padding:3px 5px;text-align:left;background:#f3f4f6;border-bottom:1px solid #d1d5db;width:30%;font-size:11px;font-weight:600;color:#1f2937;">Cronograma</th><td style="padding:3px 5px;border-bottom:1px solid #e5e7eb;font-size:11px;color:#111827;">—</td></tr></table>]]></description><LineString><coordinates>-46.5679700,-23.5164300,0 -46.5677200,-23.5093000,0 -46.5676200,-23.5055900,0 -46.5675500,-23.5047700,0</coordinates></LineString></Placemark>
<Style id="s-VM-99">
<LineStyle><color>ffebce87</color><width>3.0</width></LineStyle>
<PolyStyle><color>ffebce87</color></PolyStyle>
<IconStyle><color>ffebce87</color><scale>0.55</scale>
<Icon><href>http://maps.google.com/mapfiles/kml/shapes/placemark_circle.png</href></Icon>
</IconStyle>
<LabelStyle><scale>0.65</scale></LabelStyle>
</Style><Placemark><name>MG30402VM0003 - Seg. 12</name><styleUrl>#s-VM-99</styleUrl><description><![CDATA[<table style="border-collapse:collapse;width:100%;font-family:'Helvetica Neue',Helvetica,Arial,sans-serif;font-size:11px;border:1px solid #e5e7eb;border-radius:8px;overflow:hidden;"><tr><th colspan="2" style="padding:5px 8px;background:#1f6feb;color:#fff;text-align:left;font-size:12px;font-weight:600;">MG30402VM0003 - Seg. 12</th></tr><tr><th style="padding:3px 5px;text-align:left;background:#f3f4f6;border-bottom:1px solid #d1d5db;width:30%;font-size:11px;font-weight:600;color:#1f2937;">Serviço</th><td style="padding:3px 5px;border-bottom:1px solid #e5e7eb;font-size:11px;color:#111827;">Varrição Mecanizada (VM)</td></tr><tr><th style="padding:3px 5px;text-align:left;background:#f3f4f6;border-bottom:1px solid #d1d5db;width:30%;font-size:11px;font-weight:600;color:#1f2937;">Setor</th><td style="padding:3px 5px;border-bottom:1px solid #e5e7eb;font-size:11px;color:#111827;">MG30402VM0003</td></tr><tr><th style="padding:3px 5px;text-align:left;background:#f3f4f6;border-bottom:1px solid #d1d5db;width:30%;font-size:11px;font-weight:600;color:#1f2937;">Tipo de Serviço</th><td style="padding:3px 5px;border-bottom:1px solid #e5e7eb;font-size:11px;color:#111827;">Varrição Mecanizada</td></tr><tr><th style="padding:3px 5px;text-align:left;background:#f3f4f6;border-bottom:1px solid #d1d5db;width:30%;font-size:11px;font-weight:600;color:#1f2937;">Nome</th><td style="padding:3px 5px;border-bottom:1px solid #e5e7eb;font-size:11px;color:#111827;">MG30402VM0003 - Seg. 12</td></tr><tr><th style="padding:3px 5px;text-align:left;background:#f3f4f6;border-bottom:1px solid #d1d5db;width:30%;font-size:11px;font-weight:600;color:#1f2937;">Logradouro</th><td style="padding:3px 5px;border-bottom:1px solid #e5e7eb;font-size:11px;color:#111827;">Av Mal Argolo Ferrao</td></tr><tr><th style="padding:3px 5px;text-align:left;background:#f3f4f6;border-bottom:1px solid #d1d5db;width:30%;font-size:11px;font-weight:600;color:#1f2937;">Subprefeitura</th><td style="padding:3px 5px;border-bottom:1px solid #e5e7eb;font-size:11px;color:#111827;">Vila Maria / Vila Guilherme</td></tr><tr><th style="padding:3px 5px;text-align:left;background:#f3f4f6;border-bottom:1px solid #d1d5db;width:30%;font-size:11px;font-weight:600;color:#1f2937;">Turno</th><td style="padding:3px 5px;border-bottom:1px solid #e5e7eb;font-size:11px;color:#111827;">Noturno</td></tr><tr><th style="padding:3px 5px;text-align:left;background:#f3f4f6;border-bottom:1px solid #d1d5db;width:30%;font-size:11px;font-weight:600;color:#1f2937;">Frequência</th><td style="padding:3px 5px;border-bottom:1px solid #e5e7eb;font-size:11px;color:#111827;">Segunda, Quarta e Sábado</td></tr><tr><th style="padding:3px 5px;text-align:left;background:#f3f4f6;border-bottom:1px solid #d1d5db;width:30%;font-size:11px;font-weight:600;color:#1f2937;">Cronograma</th><td style="padding:3px 5px;border-bottom:1px solid #e5e7eb;font-size:11px;color:#111827;">—</td></tr></table>]]></description><LineString><coordinates>-46.5741000,-23.4929200,0 -46.5724700,-23.4957800,0 -46.5723000,-23.4960900,0 -46.5722300,-23.4962600,0 -46.5716100,-23.4972900,0 -46.5705200,-23.4992600,0 -46.5701900,-23.4997800,0</coordinates></LineString></Placemark>
<Style id="s-VM-100">
<LineStyle><color>ffebce87</color><width>3.0</width></LineStyle>
<PolyStyle><color>ffebce87</color></PolyStyle>
<IconStyle><color>ffebce87</color><scale>0.55</scale>
<Icon><href>http://maps.google.com/mapfiles/kml/shapes/placemark_circle.png</href></Icon>
</IconStyle>
<LabelStyle><scale>0.65</scale></LabelStyle>
</Style><Placemark><name>MG30402VM0003 - Seg. 13</name><styleUrl>#s-VM-100</styleUrl><description><![CDATA[<table style="border-collapse:collapse;width:100%;font-family:'Helvetica Neue',Helvetica,Arial,sans-serif;font-size:11px;border:1px solid #e5e7eb;border-radius:8px;overflow:hidden;"><tr><th colspan="2" style="padding:5px 8px;background:#1f6feb;color:#fff;text-align:left;font-size:12px;font-weight:600;">MG30402VM0003 - Seg. 13</th></tr><tr><th style="padding:3px 5px;text-align:left;background:#f3f4f6;border-bottom:1px solid #d1d5db;width:30%;font-size:11px;font-weight:600;color:#1f2937;">Serviço</th><td style="padding:3px 5px;border-bottom:1px solid #e5e7eb;font-size:11px;color:#111827;">Varrição Mecanizada (VM)</td></tr><tr><th style="padding:3px 5px;text-align:left;background:#f3f4f6;border-bottom:1px solid #d1d5db;width:30%;font-size:11px;font-weight:600;color:#1f2937;">Setor</th><td style="padding:3px 5px;border-bottom:1px solid #e5e7eb;font-size:11px;color:#111827;">MG30402VM0003</td></tr><tr><th style="padding:3px 5px;text-align:left;background:#f3f4f6;border-bottom:1px solid #d1d5db;width:30%;font-size:11px;font-weight:600;color:#1f2937;">Tipo de Serviço</th><td style="padding:3px 5px;border-bottom:1px solid #e5e7eb;font-size:11px;color:#111827;">Varrição Mecanizada</td></tr><tr><th style="padding:3px 5px;text-align:left;background:#f3f4f6;border-bottom:1px solid #d1d5db;width:30%;font-size:11px;font-weight:600;color:#1f2937;">Nome</th><td style="padding:3px 5px;border-bottom:1px solid #e5e7eb;font-size:11px;color:#111827;">MG30402VM0003 - Seg. 13</td></tr><tr><th style="padding:3px 5px;text-align:left;background:#f3f4f6;border-bottom:1px solid #d1d5db;width:30%;font-size:11px;font-weight:600;color:#1f2937;">Logradouro</th><td style="padding:3px 5px;border-bottom:1px solid #e5e7eb;font-size:11px;color:#111827;">Av Mal Argolo Ferrao</td></tr><tr><th style="padding:3px 5px;text-align:left;background:#f3f4f6;border-bottom:1px solid #d1d5db;width:30%;font-size:11px;font-weight:600;color:#1f2937;">Subprefeitura</th><td style="padding:3px 5px;border-bottom:1px solid #e5e7eb;font-size:11px;color:#111827;">Vila Maria / Vila Guilherme</td></tr><tr><th style="padding:3px 5px;text-align:left;background:#f3f4f6;border-bottom:1px solid #d1d5db;width:30%;font-size:11px;font-weight:600;color:#1f2937;">Turno</th><td style="padding:3px 5px;border-bottom:1px solid #e5e7eb;font-size:11px;color:#111827;">Noturno</td></tr><tr><th style="padding:3px 5px;text-align:left;background:#f3f4f6;border-bottom:1px solid #d1d5db;width:30%;font-size:11px;font-weight:600;color:#1f2937;">Frequência</th><td style="padding:3px 5px;border-bottom:1px solid #e5e7eb;font-size:11px;color:#111827;">Segunda, Quarta e Sábado</td></tr><tr><th style="padding:3px 5px;text-align:left;background:#f3f4f6;border-bottom:1px solid #d1d5db;width:30%;font-size:11px;font-weight:600;color:#1f2937;">Cronograma</th><td style="padding:3px 5px;border-bottom:1px solid #e5e7eb;font-size:11px;color:#111827;">—</td></tr></table>]]></description><LineString><coordinates>-46.5739500,-23.4928400,0 -46.5708700,-23.4983300,0 -46.5704200,-23.4990700,0 -46.5700900,-23.4996700,0</coordinates></LineString></Placemark>
<Style id="s-VM-101">
<LineStyle><color>ffebce87</color><width>3.0</width></LineStyle>
<PolyStyle><color>ffebce87</color></PolyStyle>
<IconStyle><color>ffebce87</color><scale>0.55</scale>
<Icon><href>http://maps.google.com/mapfiles/kml/shapes/placemark_circle.png</href></Icon>
</IconStyle>
<LabelStyle><scale>0.65</scale></LabelStyle>
</Style><Placemark><name>MG30402VM0003 - Seg. 14</name><styleUrl>#s-VM-101</styleUrl><description><![CDATA[<table style="border-collapse:collapse;width:100%;font-family:'Helvetica Neue',Helvetica,Arial,sans-serif;font-size:11px;border:1px solid #e5e7eb;border-radius:8px;overflow:hidden;"><tr><th colspan="2" style="padding:5px 8px;background:#1f6feb;color:#fff;text-align:left;font-size:12px;font-weight:600;">MG30402VM0003 - Seg. 14</th></tr><tr><th style="padding:3px 5px;text-align:left;background:#f3f4f6;border-bottom:1px solid #d1d5db;width:30%;font-size:11px;font-weight:600;color:#1f2937;">Serviço</th><td style="padding:3px 5px;border-bottom:1px solid #e5e7eb;font-size:11px;color:#111827;">Varrição Mecanizada (VM)</td></tr><tr><th style="padding:3px 5px;text-align:left;background:#f3f4f6;border-bottom:1px solid #d1d5db;width:30%;font-size:11px;font-weight:600;color:#1f2937;">Setor</th><td style="padding:3px 5px;border-bottom:1px solid #e5e7eb;font-size:11px;color:#111827;">MG30402VM0003</td></tr><tr><th style="padding:3px 5px;text-align:left;background:#f3f4f6;border-bottom:1px solid #d1d5db;width:30%;font-size:11px;font-weight:600;color:#1f2937;">Tipo de Serviço</th><td style="padding:3px 5px;border-bottom:1px solid #e5e7eb;font-size:11px;color:#111827;">Varrição Mecanizada</td></tr><tr><th style="padding:3px 5px;text-align:left;background:#f3f4f6;border-bottom:1px solid #d1d5db;width:30%;font-size:11px;font-weight:600;color:#1f2937;">Nome</th><td style="padding:3px 5px;border-bottom:1px solid #e5e7eb;font-size:11px;color:#111827;">MG30402VM0003 - Seg. 14</td></tr><tr><th style="padding:3px 5px;text-align:left;background:#f3f4f6;border-bottom:1px solid #d1d5db;width:30%;font-size:11px;font-weight:600;color:#1f2937;">Logradouro</th><td style="padding:3px 5px;border-bottom:1px solid #e5e7eb;font-size:11px;color:#111827;">Av Manuel Antonio Goncalves</td></tr><tr><th style="padding:3px 5px;text-align:left;background:#f3f4f6;border-bottom:1px solid #d1d5db;width:30%;font-size:11px;font-weight:600;color:#1f2937;">Subprefeitura</th><td style="padding:3px 5px;border-bottom:1px solid #e5e7eb;font-size:11px;color:#111827;">Vila Maria / Vila Guilherme</td></tr><tr><th style="padding:3px 5px;text-align:left;background:#f3f4f6;border-bottom:1px solid #d1d5db;width:30%;font-size:11px;font-weight:600;color:#1f2937;">Turno</th><td style="padding:3px 5px;border-bottom:1px solid #e5e7eb;font-size:11px;color:#111827;">Noturno</td></tr><tr><th style="padding:3px 5px;text-align:left;background:#f3f4f6;border-bottom:1px solid #d1d5db;width:30%;font-size:11px;font-weight:600;color:#1f2937;">Frequência</th><td style="padding:3px 5px;border-bottom:1px solid #e5e7eb;font-size:11px;color:#111827;">Segunda, Quarta e Sábado</td></tr><tr><th style="padding:3px 5px;text-align:left;background:#f3f4f6;border-bottom:1px solid #d1d5db;width:30%;font-size:11px;font-weight:600;color:#1f2937;">Cronograma</th><td style="padding:3px 5px;border-bottom:1px solid #e5e7eb;font-size:11px;color:#111827;">—</td></tr></table>]]></description><LineString><coordinates>-46.5728500,-23.4995400,0 -46.5728700,-23.4994500,0 -46.5728100,-23.4991900,0 -46.5729100,-23.4983100,0 -46.5729200,-23.4979200,0 -46.5729000,-23.4975500,0 -46.5726800,-23.4967800,0 -46.5722600,-23.4960100,0 -46.5695100,-23.4915700,0</coordinates></LineString></Placemark>
<Style id="s-VM-102">
<LineStyle><color>ffebce87</color><width>3.0</width></LineStyle>
<PolyStyle><color>ffebce87</color></PolyStyle>
<IconStyle><color>ffebce87</color><scale>0.55</scale>
<Icon><href>http://maps.google.com/mapfiles/kml/shapes/placemark_circle.png</href></Icon>
</IconStyle>
<LabelStyle><scale>0.65</scale></LabelStyle>
</Style><Placemark><name>MG30402VM0003 - Seg. 15</name><styleUrl>#s-VM-102</styleUrl><description><![CDATA[<table style="border-collapse:collapse;width:100%;font-family:'Helvetica Neue',Helvetica,Arial,sans-serif;font-size:11px;border:1px solid #e5e7eb;border-radius:8px;overflow:hidden;"><tr><th colspan="2" style="padding:5px 8px;background:#1f6feb;color:#fff;text-align:left;font-size:12px;font-weight:600;">MG30402VM0003 - Seg. 15</th></tr><tr><th style="padding:3px 5px;text-align:left;background:#f3f4f6;border-bottom:1px solid #d1d5db;width:30%;font-size:11px;font-weight:600;color:#1f2937;">Serviço</th><td style="padding:3px 5px;border-bottom:1px solid #e5e7eb;font-size:11px;color:#111827;">Varrição Mecanizada (VM)</td></tr><tr><th style="padding:3px 5px;text-align:left;background:#f3f4f6;border-bottom:1px solid #d1d5db;width:30%;font-size:11px;font-weight:600;color:#1f2937;">Setor</th><td style="padding:3px 5px;border-bottom:1px solid #e5e7eb;font-size:11px;color:#111827;">MG30402VM0003</td></tr><tr><th style="padding:3px 5px;text-align:left;background:#f3f4f6;border-bottom:1px solid #d1d5db;width:30%;font-size:11px;font-weight:600;color:#1f2937;">Tipo de Serviço</th><td style="padding:3px 5px;border-bottom:1px solid #e5e7eb;font-size:11px;color:#111827;">Varrição Mecanizada</td></tr><tr><th style="padding:3px 5px;text-align:left;background:#f3f4f6;border-bottom:1px solid #d1d5db;width:30%;font-size:11px;font-weight:600;color:#1f2937;">Nome</th><td style="padding:3px 5px;border-bottom:1px solid #e5e7eb;font-size:11px;color:#111827;">MG30402VM0003 - Seg. 15</td></tr><tr><th style="padding:3px 5px;text-align:left;background:#f3f4f6;border-bottom:1px solid #d1d5db;width:30%;font-size:11px;font-weight:600;color:#1f2937;">Logradouro</th><td style="padding:3px 5px;border-bottom:1px solid #e5e7eb;font-size:11px;color:#111827;">Av Manuel Antonio Goncalves</td></tr><tr><th style="padding:3px 5px;text-align:left;background:#f3f4f6;border-bottom:1px solid #d1d5db;width:30%;font-size:11px;font-weight:600;color:#1f2937;">Subprefeitura</th><td style="padding:3px 5px;border-bottom:1px solid #e5e7eb;font-size:11px;color:#111827;">Vila Maria / Vila Guilherme</td></tr><tr><th style="padding:3px 5px;text-align:left;background:#f3f4f6;border-bottom:1px solid #d1d5db;width:30%;font-size:11px;font-weight:600;color:#1f2937;">Turno</th><td style="padding:3px 5px;border-bottom:1px solid #e5e7eb;font-size:11px;color:#111827;">Noturno</td></tr><tr><th style="padding:3px 5px;text-align:left;background:#f3f4f6;border-bottom:1px solid #d1d5db;width:30%;font-size:11px;font-weight:600;color:#1f2937;">Frequência</th><td style="padding:3px 5px;border-bottom:1px solid #e5e7eb;font-size:11px;color:#111827;">Segunda, Quarta e Sábado</td></tr><tr><th style="padding:3px 5px;text-align:left;background:#f3f4f6;border-bottom:1px solid #d1d5db;width:30%;font-size:11px;font-weight:600;color:#1f2937;">Cronograma</th><td style="padding:3px 5px;border-bottom:1px solid #e5e7eb;font-size:11px;color:#111827;">—</td></tr></table>]]></description><LineString><coordinates>-46.5726900,-23.4997100,0 -46.5726000,-23.4995800,0 -46.5725600,-23.4993700,0 -46.5725900,-23.4991600,0 -46.5727700,-23.4983500,0 -46.5727400,-23.4975300,0 -46.5725600,-23.4968700,0 -46.5721800,-23.4961700,0 -46.5709900,-23.4942800,0 -46.5694900,-23.4918400,0 -46.5692700,-23.4915200,0</coordinates></LineString></Placemark>
<Style id="s-VM-103">
<LineStyle><color>ffebce87</color><width>3.0</width></LineStyle>
<PolyStyle><color>ffebce87</color></PolyStyle>
<IconStyle><color>ffebce87</color><scale>0.55</scale>
<Icon><href>http://maps.google.com/mapfiles/kml/shapes/placemark_circle.png</href></Icon>
</IconStyle>
<LabelStyle><scale>0.65</scale></LabelStyle>
</Style><Placemark><name>MG30402VM0003 - Seg. 16</name><styleUrl>#s-VM-103</styleUrl><description><![CDATA[<table style="border-collapse:collapse;width:100%;font-family:'Helvetica Neue',Helvetica,Arial,sans-serif;font-size:11px;border:1px solid #e5e7eb;border-radius:8px;overflow:hidden;"><tr><th colspan="2" style="padding:5px 8px;background:#1f6feb;color:#fff;text-align:left;font-size:12px;font-weight:600;">MG30402VM0003 - Seg. 16</th></tr><tr><th style="padding:3px 5px;text-align:left;background:#f3f4f6;border-bottom:1px solid #d1d5db;width:30%;font-size:11px;font-weight:600;color:#1f2937;">Serviço</th><td style="padding:3px 5px;border-bottom:1px solid #e5e7eb;font-size:11px;color:#111827;">Varrição Mecanizada (VM)</td></tr><tr><th style="padding:3px 5px;text-align:left;background:#f3f4f6;border-bottom:1px solid #d1d5db;width:30%;font-size:11px;font-weight:600;color:#1f2937;">Setor</th><td style="padding:3px 5px;border-bottom:1px solid #e5e7eb;font-size:11px;color:#111827;">MG30402VM0003</td></tr><tr><th style="padding:3px 5px;text-align:left;background:#f3f4f6;border-bottom:1px solid #d1d5db;width:30%;font-size:11px;font-weight:600;color:#1f2937;">Tipo de Serviço</th><td style="padding:3px 5px;border-bottom:1px solid #e5e7eb;font-size:11px;color:#111827;">Varrição Mecanizada</td></tr><tr><th style="padding:3px 5px;text-align:left;background:#f3f4f6;border-bottom:1px solid #d1d5db;width:30%;font-size:11px;font-weight:600;color:#1f2937;">Nome</th><td style="padding:3px 5px;border-bottom:1px solid #e5e7eb;font-size:11px;color:#111827;">MG30402VM0003 - Seg. 16</td></tr><tr><th style="padding:3px 5px;text-align:left;background:#f3f4f6;border-bottom:1px solid #d1d5db;width:30%;font-size:11px;font-weight:600;color:#1f2937;">Logradouro</th><td style="padding:3px 5px;border-bottom:1px solid #e5e7eb;font-size:11px;color:#111827;">Av Nadir Dias de Figueiredo</td></tr><tr><th style="padding:3px 5px;text-align:left;background:#f3f4f6;border-bottom:1px solid #d1d5db;width:30%;font-size:11px;font-weight:600;color:#1f2937;">Subprefeitura</th><td style="padding:3px 5px;border-bottom:1px solid #e5e7eb;font-size:11px;color:#111827;">Vila Maria / Vila Guilherme</td></tr><tr><th style="padding:3px 5px;text-align:left;background:#f3f4f6;border-bottom:1px solid #d1d5db;width:30%;font-size:11px;font-weight:600;color:#1f2937;">Turno</th><td style="padding:3px 5px;border-bottom:1px solid #e5e7eb;font-size:11px;color:#111827;">Noturno</td></tr><tr><th style="padding:3px 5px;text-align:left;background:#f3f4f6;border-bottom:1px solid #d1d5db;width:30%;font-size:11px;font-weight:600;color:#1f2937;">Frequência</th><td style="padding:3px 5px;border-bottom:1px solid #e5e7eb;font-size:11px;color:#111827;">Segunda, Quarta e Sábado</td></tr><tr><th style="padding:3px 5px;text-align:left;background:#f3f4f6;border-bottom:1px solid #d1d5db;width:30%;font-size:11px;font-weight:600;color:#1f2937;">Cronograma</th><td style="padding:3px 5px;border-bottom:1px solid #e5e7eb;font-size:11px;color:#111827;">—</td></tr></table>]]></description><LineString><coordinates>-46.5956400,-23.5243700,0 -46.5960300,-23.5236600,0 -46.5961800,-23.5228800,0 -46.5962700,-23.5221000,0 -46.5960400,-23.5213400,0 -46.5955500,-23.5206800,0 -46.5952800,-23.5199600,0 -46.5952400,-23.5168900,0 -46.5950800,-23.5100600,0</coordinates></LineString></Placemark>
<Style id="s-VM-104">
<LineStyle><color>ffebce87</color><width>3.0</width></LineStyle>
<PolyStyle><color>ffebce87</color></PolyStyle>
<IconStyle><color>ffebce87</color><scale>0.55</scale>
<Icon><href>http://maps.google.com/mapfiles/kml/shapes/placemark_circle.png</href></Icon>
</IconStyle>
<LabelStyle><scale>0.65</scale></LabelStyle>
</Style><Placemark><name>MG30402VM0003 - Seg. 17</name><styleUrl>#s-VM-104</styleUrl><description><![CDATA[<table style="border-collapse:collapse;width:100%;font-family:'Helvetica Neue',Helvetica,Arial,sans-serif;font-size:11px;border:1px solid #e5e7eb;border-radius:8px;overflow:hidden;"><tr><th colspan="2" style="padding:5px 8px;background:#1f6feb;color:#fff;text-align:left;font-size:12px;font-weight:600;">MG30402VM0003 - Seg. 17</th></tr><tr><th style="padding:3px 5px;text-align:left;background:#f3f4f6;border-bottom:1px solid #d1d5db;width:30%;font-size:11px;font-weight:600;color:#1f2937;">Serviço</th><td style="padding:3px 5px;border-bottom:1px solid #e5e7eb;font-size:11px;color:#111827;">Varrição Mecanizada (VM)</td></tr><tr><th style="padding:3px 5px;text-align:left;background:#f3f4f6;border-bottom:1px solid #d1d5db;width:30%;font-size:11px;font-weight:600;color:#1f2937;">Setor</th><td style="padding:3px 5px;border-bottom:1px solid #e5e7eb;font-size:11px;color:#111827;">MG30402VM0003</td></tr><tr><th style="padding:3px 5px;text-align:left;background:#f3f4f6;border-bottom:1px solid #d1d5db;width:30%;font-size:11px;font-weight:600;color:#1f2937;">Tipo de Serviço</th><td style="padding:3px 5px;border-bottom:1px solid #e5e7eb;font-size:11px;color:#111827;">Varrição Mecanizada</td></tr><tr><th style="padding:3px 5px;text-align:left;background:#f3f4f6;border-bottom:1px solid #d1d5db;width:30%;font-size:11px;font-weight:600;color:#1f2937;">Nome</th><td style="padding:3px 5px;border-bottom:1px solid #e5e7eb;font-size:11px;color:#111827;">MG30402VM0003 - Seg. 17</td></tr><tr><th style="padding:3px 5px;text-align:left;background:#f3f4f6;border-bottom:1px solid #d1d5db;width:30%;font-size:11px;font-weight:600;color:#1f2937;">Logradouro</th><td style="padding:3px 5px;border-bottom:1px solid #e5e7eb;font-size:11px;color:#111827;">Av Nadir Dias de Figueiredo</td></tr><tr><th style="padding:3px 5px;text-align:left;background:#f3f4f6;border-bottom:1px solid #d1d5db;width:30%;font-size:11px;font-weight:600;color:#1f2937;">Subprefeitura</th><td style="padding:3px 5px;border-bottom:1px solid #e5e7eb;font-size:11px;color:#111827;">Vila Maria / Vila Guilherme</td></tr><tr><th style="padding:3px 5px;text-align:left;background:#f3f4f6;border-bottom:1px solid #d1d5db;width:30%;font-size:11px;font-weight:600;color:#1f2937;">Turno</th><td style="padding:3px 5px;border-bottom:1px solid #e5e7eb;font-size:11px;color:#111827;">Noturno</td></tr><tr><th style="padding:3px 5px;text-align:left;background:#f3f4f6;border-bottom:1px solid #d1d5db;width:30%;font-size:11px;font-weight:600;color:#1f2937;">Frequência</th><td style="padding:3px 5px;border-bottom:1px solid #e5e7eb;font-size:11px;color:#111827;">Segunda, Quarta e Sábado</td></tr><tr><th style="padding:3px 5px;text-align:left;background:#f3f4f6;border-bottom:1px solid #d1d5db;width:30%;font-size:11px;font-weight:600;color:#1f2937;">Cronograma</th><td style="padding:3px 5px;border-bottom:1px solid #e5e7eb;font-size:11px;color:#111827;">—</td></tr></table>]]></description><LineString><coordinates>-46.5951600,-23.5246800,0 -46.5955900,-23.5239600,0 -46.5958800,-23.5231700,0 -46.5960200,-23.5223400,0 -46.5958600,-23.5215200,0 -46.5952100,-23.5206200,0 -46.5951100,-23.5204100,0 -46.5950400,-23.5197900,0 -46.5950300,-23.5173300,0 -46.5948600,-23.5103800,0 -46.5948600,-23.5100600,0 -46.5948800,-23.5099700,0</coordinates></LineString></Placemark>
<Style id="s-VM-105">
<LineStyle><color>ffebce87</color><width>3.0</width></LineStyle>
<PolyStyle><color>ffebce87</color></PolyStyle>
<IconStyle><color>ffebce87</color><scale>0.55</scale>
<Icon><href>http://maps.google.com/mapfiles/kml/shapes/placemark_circle.png</href></Icon>
</IconStyle>
<LabelStyle><scale>0.65</scale></LabelStyle>
</Style><Placemark><name>MG30402VM0003 - Seg. 18</name><styleUrl>#s-VM-105</styleUrl><description><![CDATA[<table style="border-collapse:collapse;width:100%;font-family:'Helvetica Neue',Helvetica,Arial,sans-serif;font-size:11px;border:1px solid #e5e7eb;border-radius:8px;overflow:hidden;"><tr><th colspan="2" style="padding:5px 8px;background:#1f6feb;color:#fff;text-align:left;font-size:12px;font-weight:600;">MG30402VM0003 - Seg. 18</th></tr><tr><th style="padding:3px 5px;text-align:left;background:#f3f4f6;border-bottom:1px solid #d1d5db;width:30%;font-size:11px;font-weight:600;color:#1f2937;">Serviço</th><td style="padding:3px 5px;border-bottom:1px solid #e5e7eb;font-size:11px;color:#111827;">Varrição Mecanizada (VM)</td></tr><tr><th style="padding:3px 5px;text-align:left;background:#f3f4f6;border-bottom:1px solid #d1d5db;width:30%;font-size:11px;font-weight:600;color:#1f2937;">Setor</th><td style="padding:3px 5px;border-bottom:1px solid #e5e7eb;font-size:11px;color:#111827;">MG30402VM0003</td></tr><tr><th style="padding:3px 5px;text-align:left;background:#f3f4f6;border-bottom:1px solid #d1d5db;width:30%;font-size:11px;font-weight:600;color:#1f2937;">Tipo de Serviço</th><td style="padding:3px 5px;border-bottom:1px solid #e5e7eb;font-size:11px;color:#111827;">Varrição Mecanizada</td></tr><tr><th style="padding:3px 5px;text-align:left;background:#f3f4f6;border-bottom:1px solid #d1d5db;width:30%;font-size:11px;font-weight:600;color:#1f2937;">Nome</th><td style="padding:3px 5px;border-bottom:1px solid #e5e7eb;font-size:11px;color:#111827;">MG30402VM0003 - Seg. 18</td></tr><tr><th style="padding:3px 5px;text-align:left;background:#f3f4f6;border-bottom:1px solid #d1d5db;width:30%;font-size:11px;font-weight:600;color:#1f2937;">Logradouro</th><td style="padding:3px 5px;border-bottom:1px solid #e5e7eb;font-size:11px;color:#111827;">Av Otto Baumgart</td></tr><tr><th style="padding:3px 5px;text-align:left;background:#f3f4f6;border-bottom:1px solid #d1d5db;width:30%;font-size:11px;font-weight:600;color:#1f2937;">Subprefeitura</th><td style="padding:3px 5px;border-bottom:1px solid #e5e7eb;font-size:11px;color:#111827;">Vila Maria / Vila Guilherme</td></tr><tr><th style="padding:3px 5px;text-align:left;background:#f3f4f6;border-bottom:1px solid #d1d5db;width:30%;font-size:11px;font-weight:600;color:#1f2937;">Turno</th><td style="padding:3px 5px;border-bottom:1px solid #e5e7eb;font-size:11px;color:#111827;">Noturno</td></tr><tr><th style="padding:3px 5px;text-align:left;background:#f3f4f6;border-bottom:1px solid #d1d5db;width:30%;font-size:11px;font-weight:600;color:#1f2937;">Frequência</th><td style="padding:3px 5px;border-bottom:1px solid #e5e7eb;font-size:11px;color:#111827;">Segunda, Quarta e Sábado</td></tr><tr><th style="padding:3px 5px;text-align:left;background:#f3f4f6;border-bottom:1px solid #d1d5db;width:30%;font-size:11px;font-weight:600;color:#1f2937;">Cronograma</th><td style="padding:3px 5px;border-bottom:1px solid #e5e7eb;font-size:11px;color:#111827;">—</td></tr></table>]]></description><LineString><coordinates>-46.6157800,-23.5090200,0 -46.6159600,-23.5088700,0 -46.6158400,-23.5104600,0 -46.6157700,-23.5097300,0 -46.6157800,-23.5090200,0 -46.6158900,-23.5109500,0 -46.6158400,-23.5104600,0 -46.6165200,-23.5169800,0 -46.6163000,-23.5148200,0 -46.6165400,-23.5172900,0 -46.6165200,-23.5169800,0 -46.6165400,-23.5172900,0 -46.6164900,-23.5181000,0 -46.6172500,-23.5183500,0 -46.6163500,-23.5187200,0 -46.6163800,-23.5172800,0 -46.6157100,-23.5108800,0 -46.6154600,-23.5081500,0</coordinates></LineString></Placemark>
<Style id="s-VM-106">
<LineStyle><color>ffebce87</color><width>3.0</width></LineStyle>
<PolyStyle><color>ffebce87</color></PolyStyle>
<IconStyle><color>ffebce87</color><scale>0.55</scale>
<Icon><href>http://maps.google.com/mapfiles/kml/shapes/placemark_circle.png</href></Icon>
</IconStyle>
<LabelStyle><scale>0.65</scale></LabelStyle>
</Style><Placemark><name>MG30402VM0003 - Seg. 19</name><styleUrl>#s-VM-106</styleUrl><description><![CDATA[<table style="border-collapse:collapse;width:100%;font-family:'Helvetica Neue',Helvetica,Arial,sans-serif;font-size:11px;border:1px solid #e5e7eb;border-radius:8px;overflow:hidden;"><tr><th colspan="2" style="padding:5px 8px;background:#1f6feb;color:#fff;text-align:left;font-size:12px;font-weight:600;">MG30402VM0003 - Seg. 19</th></tr><tr><th style="padding:3px 5px;text-align:left;background:#f3f4f6;border-bottom:1px solid #d1d5db;width:30%;font-size:11px;font-weight:600;color:#1f2937;">Serviço</th><td style="padding:3px 5px;border-bottom:1px solid #e5e7eb;font-size:11px;color:#111827;">Varrição Mecanizada (VM)</td></tr><tr><th style="padding:3px 5px;text-align:left;background:#f3f4f6;border-bottom:1px solid #d1d5db;width:30%;font-size:11px;font-weight:600;color:#1f2937;">Setor</th><td style="padding:3px 5px;border-bottom:1px solid #e5e7eb;font-size:11px;color:#111827;">MG30402VM0003</td></tr><tr><th style="padding:3px 5px;text-align:left;background:#f3f4f6;border-bottom:1px solid #d1d5db;width:30%;font-size:11px;font-weight:600;color:#1f2937;">Tipo de Serviço</th><td style="padding:3px 5px;border-bottom:1px solid #e5e7eb;font-size:11px;color:#111827;">Varrição Mecanizada</td></tr><tr><th style="padding:3px 5px;text-align:left;background:#f3f4f6;border-bottom:1px solid #d1d5db;width:30%;font-size:11px;font-weight:600;color:#1f2937;">Nome</th><td style="padding:3px 5px;border-bottom:1px solid #e5e7eb;font-size:11px;color:#111827;">MG30402VM0003 - Seg. 19</td></tr><tr><th style="padding:3px 5px;text-align:left;background:#f3f4f6;border-bottom:1px solid #d1d5db;width:30%;font-size:11px;font-weight:600;color:#1f2937;">Logradouro</th><td style="padding:3px 5px;border-bottom:1px solid #e5e7eb;font-size:11px;color:#111827;">Av Serafim Goncalves Pereira</td></tr><tr><th style="padding:3px 5px;text-align:left;background:#f3f4f6;border-bottom:1px solid #d1d5db;width:30%;font-size:11px;font-weight:600;color:#1f2937;">Subprefeitura</th><td style="padding:3px 5px;border-bottom:1px solid #e5e7eb;font-size:11px;color:#111827;">Vila Maria / Vila Guilherme</td></tr><tr><th style="padding:3px 5px;text-align:left;background:#f3f4f6;border-bottom:1px solid #d1d5db;width:30%;font-size:11px;font-weight:600;color:#1f2937;">Turno</th><td style="padding:3px 5px;border-bottom:1px solid #e5e7eb;font-size:11px;color:#111827;">Noturno</td></tr><tr><th style="padding:3px 5px;text-align:left;background:#f3f4f6;border-bottom:1px solid #d1d5db;width:30%;font-size:11px;font-weight:600;color:#1f2937;">Frequência</th><td style="padding:3px 5px;border-bottom:1px solid #e5e7eb;font-size:11px;color:#111827;">Segunda, Quarta e Sábado</td></tr><tr><th style="padding:3px 5px;text-align:left;background:#f3f4f6;border-bottom:1px solid #d1d5db;width:30%;font-size:11px;font-weight:600;color:#1f2937;">Cronograma</th><td style="padding:3px 5px;border-bottom:1px solid #e5e7eb;font-size:11px;color:#111827;">—</td></tr></table>]]></description><LineString><coordinates>-46.5684000,-23.5246700,0 -46.5682100,-23.5192700,0 -46.5681600,-23.5182900,0</coordinates></LineString></Placemark>
<Style id="s-VM-107">
<LineStyle><color>ffebce87</color><width>3.0</width></LineStyle>
<PolyStyle><color>ffebce87</color></PolyStyle>
<IconStyle><color>ffebce87</color><scale>0.55</scale>
<Icon><href>http://maps.google.com/mapfiles/kml/shapes/placemark_circle.png</href></Icon>
</IconStyle>
<LabelStyle><scale>0.65</scale></LabelStyle>
</Style><Placemark><name>MG30402VM0003 - Seg. 20</name><styleUrl>#s-VM-107</styleUrl><description><![CDATA[<table style="border-collapse:collapse;width:100%;font-family:'Helvetica Neue',Helvetica,Arial,sans-serif;font-size:11px;border:1px solid #e5e7eb;border-radius:8px;overflow:hidden;"><tr><th colspan="2" style="padding:5px 8px;background:#1f6feb;color:#fff;text-align:left;font-size:12px;font-weight:600;">MG30402VM0003 - Seg. 20</th></tr><tr><th style="padding:3px 5px;text-align:left;background:#f3f4f6;border-bottom:1px solid #d1d5db;width:30%;font-size:11px;font-weight:600;color:#1f2937;">Serviço</th><td style="padding:3px 5px;border-bottom:1px solid #e5e7eb;font-size:11px;color:#111827;">Varrição Mecanizada (VM)</td></tr><tr><th style="padding:3px 5px;text-align:left;background:#f3f4f6;border-bottom:1px solid #d1d5db;width:30%;font-size:11px;font-weight:600;color:#1f2937;">Setor</th><td style="padding:3px 5px;border-bottom:1px solid #e5e7eb;font-size:11px;color:#111827;">MG30402VM0003</td></tr><tr><th style="padding:3px 5px;text-align:left;background:#f3f4f6;border-bottom:1px solid #d1d5db;width:30%;font-size:11px;font-weight:600;color:#1f2937;">Tipo de Serviço</th><td style="padding:3px 5px;border-bottom:1px solid #e5e7eb;font-size:11px;color:#111827;">Varrição Mecanizada</td></tr><tr><th style="padding:3px 5px;text-align:left;background:#f3f4f6;border-bottom:1px solid #d1d5db;width:30%;font-size:11px;font-weight:600;color:#1f2937;">Nome</th><td style="padding:3px 5px;border-bottom:1px solid #e5e7eb;font-size:11px;color:#111827;">MG30402VM0003 - Seg. 20</td></tr><tr><th style="padding:3px 5px;text-align:left;background:#f3f4f6;border-bottom:1px solid #d1d5db;width:30%;font-size:11px;font-weight:600;color:#1f2937;">Logradouro</th><td style="padding:3px 5px;border-bottom:1px solid #e5e7eb;font-size:11px;color:#111827;">Av Serafim Goncalves Pereira</td></tr><tr><th style="padding:3px 5px;text-align:left;background:#f3f4f6;border-bottom:1px solid #d1d5db;width:30%;font-size:11px;font-weight:600;color:#1f2937;">Subprefeitura</th><td style="padding:3px 5px;border-bottom:1px solid #e5e7eb;font-size:11px;color:#111827;">Vila Maria / Vila Guilherme</td></tr><tr><th style="padding:3px 5px;text-align:left;background:#f3f4f6;border-bottom:1px solid #d1d5db;width:30%;font-size:11px;font-weight:600;color:#1f2937;">Turno</th><td style="padding:3px 5px;border-bottom:1px solid #e5e7eb;font-size:11px;color:#111827;">Noturno</td></tr><tr><th style="padding:3px 5px;text-align:left;background:#f3f4f6;border-bottom:1px solid #d1d5db;width:30%;font-size:11px;font-weight:600;color:#1f2937;">Frequência</th><td style="padding:3px 5px;border-bottom:1px solid #e5e7eb;font-size:11px;color:#111827;">Segunda, Quarta e Sábado</td></tr><tr><th style="padding:3px 5px;text-align:left;background:#f3f4f6;border-bottom:1px solid #d1d5db;width:30%;font-size:11px;font-weight:600;color:#1f2937;">Cronograma</th><td style="padding:3px 5px;border-bottom:1px solid #e5e7eb;font-size:11px;color:#111827;">—</td></tr></table>]]></description><LineString><coordinates>-46.5682700,-23.5246100,0 -46.5682200,-23.5238800,0 -46.5681600,-23.5224200,0 -46.5680300,-23.5183000,0</coordinates></LineString></Placemark>
<Style id="s-VM-108">
<LineStyle><color>ffebce87</color><width>3.0</width></LineStyle>
<PolyStyle><color>ffebce87</color></PolyStyle>
<IconStyle><color>ffebce87</color><scale>0.55</scale>
<Icon><href>http://maps.google.com/mapfiles/kml/shapes/placemark_circle.png</href></Icon>
</IconStyle>
<LabelStyle><scale>0.65</scale></LabelStyle>
</Style><Placemark><name>MG30402VM0003 - Seg. 21</name><styleUrl>#s-VM-108</styleUrl><description><![CDATA[<table style="border-collapse:collapse;width:100%;font-family:'Helvetica Neue',Helvetica,Arial,sans-serif;font-size:11px;border:1px solid #e5e7eb;border-radius:8px;overflow:hidden;"><tr><th colspan="2" style="padding:5px 8px;background:#1f6feb;color:#fff;text-align:left;font-size:12px;font-weight:600;">MG30402VM0003 - Seg. 21</th></tr><tr><th style="padding:3px 5px;text-align:left;background:#f3f4f6;border-bottom:1px solid #d1d5db;width:30%;font-size:11px;font-weight:600;color:#1f2937;">Serviço</th><td style="padding:3px 5px;border-bottom:1px solid #e5e7eb;font-size:11px;color:#111827;">Varrição Mecanizada (VM)</td></tr><tr><th style="padding:3px 5px;text-align:left;background:#f3f4f6;border-bottom:1px solid #d1d5db;width:30%;font-size:11px;font-weight:600;color:#1f2937;">Setor</th><td style="padding:3px 5px;border-bottom:1px solid #e5e7eb;font-size:11px;color:#111827;">MG30402VM0003</td></tr><tr><th style="padding:3px 5px;text-align:left;background:#f3f4f6;border-bottom:1px solid #d1d5db;width:30%;font-size:11px;font-weight:600;color:#1f2937;">Tipo de Serviço</th><td style="padding:3px 5px;border-bottom:1px solid #e5e7eb;font-size:11px;color:#111827;">Varrição Mecanizada</td></tr><tr><th style="padding:3px 5px;text-align:left;background:#f3f4f6;border-bottom:1px solid #d1d5db;width:30%;font-size:11px;font-weight:600;color:#1f2937;">Nome</th><td style="padding:3px 5px;border-bottom:1px solid #e5e7eb;font-size:11px;color:#111827;">MG30402VM0003 - Seg. 21</td></tr><tr><th style="padding:3px 5px;text-align:left;background:#f3f4f6;border-bottom:1px solid #d1d5db;width:30%;font-size:11px;font-weight:600;color:#1f2937;">Logradouro</th><td style="padding:3px 5px;border-bottom:1px solid #e5e7eb;font-size:11px;color:#111827;">Av Ten Amaro Felicissimo da Silveira</td></tr><tr><th style="padding:3px 5px;text-align:left;background:#f3f4f6;border-bottom:1px solid #d1d5db;width:30%;font-size:11px;font-weight:600;color:#1f2937;">Subprefeitura</th><td style="padding:3px 5px;border-bottom:1px solid #e5e7eb;font-size:11px;color:#111827;">Vila Maria / Vila Guilherme</td></tr><tr><th style="padding:3px 5px;text-align:left;background:#f3f4f6;border-bottom:1px solid #d1d5db;width:30%;font-size:11px;font-weight:600;color:#1f2937;">Turno</th><td style="padding:3px 5px;border-bottom:1px solid #e5e7eb;font-size:11px;color:#111827;">Noturno</td></tr><tr><th style="padding:3px 5px;text-align:left;background:#f3f4f6;border-bottom:1px solid #d1d5db;width:30%;font-size:11px;font-weight:600;color:#1f2937;">Frequência</th><td style="padding:3px 5px;border-bottom:1px solid #e5e7eb;font-size:11px;color:#111827;">Segunda, Quarta e Sábado</td></tr><tr><th style="padding:3px 5px;text-align:left;background:#f3f4f6;border-bottom:1px solid #d1d5db;width:30%;font-size:11px;font-weight:600;color:#1f2937;">Cronograma</th><td style="padding:3px 5px;border-bottom:1px solid #e5e7eb;font-size:11px;color:#111827;">—</td></tr></table>]]></description><LineString><coordinates>-46.5714700,-23.5256100,0 -46.5714400,-23.5232800,0 -46.5714000,-23.5228900,0 -46.5713800,-23.5210400,0 -46.5713500,-23.5209600,0 -46.5712200,-23.5177800,0 -46.5711700,-23.5160700,0 -46.5711300,-23.5137100,0 -46.5709700,-23.5096900,0 -46.5709400,-23.5080600,0 -46.5711800,-23.5074400,0 -46.5714700,-23.5068300,0</coordinates></LineString></Placemark>
<Style id="s-VM-109">
<LineStyle><color>ffebce87</color><width>3.0</width></LineStyle>
<PolyStyle><color>ffebce87</color></PolyStyle>
<IconStyle><color>ffebce87</color><scale>0.55</scale>
<Icon><href>http://maps.google.com/mapfiles/kml/shapes/placemark_circle.png</href></Icon>
</IconStyle>
<LabelStyle><scale>0.65</scale></LabelStyle>
</Style><Placemark><name>MG30402VM0003 - Seg. 22</name><styleUrl>#s-VM-109</styleUrl><description><![CDATA[<table style="border-collapse:collapse;width:100%;font-family:'Helvetica Neue',Helvetica,Arial,sans-serif;font-size:11px;border:1px solid #e5e7eb;border-radius:8px;overflow:hidden;"><tr><th colspan="2" style="padding:5px 8px;background:#1f6feb;color:#fff;text-align:left;font-size:12px;font-weight:600;">MG30402VM0003 - Seg. 22</th></tr><tr><th style="padding:3px 5px;text-align:left;background:#f3f4f6;border-bottom:1px solid #d1d5db;width:30%;font-size:11px;font-weight:600;color:#1f2937;">Serviço</th><td style="padding:3px 5px;border-bottom:1px solid #e5e7eb;font-size:11px;color:#111827;">Varrição Mecanizada (VM)</td></tr><tr><th style="padding:3px 5px;text-align:left;background:#f3f4f6;border-bottom:1px solid #d1d5db;width:30%;font-size:11px;font-weight:600;color:#1f2937;">Setor</th><td style="padding:3px 5px;border-bottom:1px solid #e5e7eb;font-size:11px;color:#111827;">MG30402VM0003</td></tr><tr><th style="padding:3px 5px;text-align:left;background:#f3f4f6;border-bottom:1px solid #d1d5db;width:30%;font-size:11px;font-weight:600;color:#1f2937;">Tipo de Serviço</th><td style="padding:3px 5px;border-bottom:1px solid #e5e7eb;font-size:11px;color:#111827;">Varrição Mecanizada</td></tr><tr><th style="padding:3px 5px;text-align:left;background:#f3f4f6;border-bottom:1px solid #d1d5db;width:30%;font-size:11px;font-weight:600;color:#1f2937;">Nome</th><td style="padding:3px 5px;border-bottom:1px solid #e5e7eb;font-size:11px;color:#111827;">MG30402VM0003 - Seg. 22</td></tr><tr><th style="padding:3px 5px;text-align:left;background:#f3f4f6;border-bottom:1px solid #d1d5db;width:30%;font-size:11px;font-weight:600;color:#1f2937;">Logradouro</th><td style="padding:3px 5px;border-bottom:1px solid #e5e7eb;font-size:11px;color:#111827;">Av Ten Jose Jeronimo de Mesquita</td></tr><tr><th style="padding:3px 5px;text-align:left;background:#f3f4f6;border-bottom:1px solid #d1d5db;width:30%;font-size:11px;font-weight:600;color:#1f2937;">Subprefeitura</th><td style="padding:3px 5px;border-bottom:1px solid #e5e7eb;font-size:11px;color:#111827;">Vila Maria / Vila Guilherme</td></tr><tr><th style="padding:3px 5px;text-align:left;background:#f3f4f6;border-bottom:1px solid #d1d5db;width:30%;font-size:11px;font-weight:600;color:#1f2937;">Turno</th><td style="padding:3px 5px;border-bottom:1px solid #e5e7eb;font-size:11px;color:#111827;">Noturno</td></tr><tr><th style="padding:3px 5px;text-align:left;background:#f3f4f6;border-bottom:1px solid #d1d5db;width:30%;font-size:11px;font-weight:600;color:#1f2937;">Frequência</th><td style="padding:3px 5px;border-bottom:1px solid #e5e7eb;font-size:11px;color:#111827;">Segunda, Quarta e Sábado</td></tr><tr><th style="padding:3px 5px;text-align:left;background:#f3f4f6;border-bottom:1px solid #d1d5db;width:30%;font-size:11px;font-weight:600;color:#1f2937;">Cronograma</th><td style="padding:3px 5px;border-bottom:1px solid #e5e7eb;font-size:11px;color:#111827;">—</td></tr></table>]]></description><LineString><coordinates>-46.5676800,-23.5032400,0 -46.5675600,-23.4999200,0 -46.5675200,-23.4986400,0 -46.5675200,-23.4979800,0 -46.5674600,-23.4963300,0 -46.5675400,-23.4957900,0 -46.5690100,-23.4946300,0</coordinates></LineString></Placemark>
<Style id="s-VM-110">
<LineStyle><color>ffebce87</color><width>3.0</width></LineStyle>
<PolyStyle><color>ffebce87</color></PolyStyle>
<IconStyle><color>ffebce87</color><scale>0.55</scale>
<Icon><href>http://maps.google.com/mapfiles/kml/shapes/placemark_circle.png</href></Icon>
</IconStyle>
<LabelStyle><scale>0.65</scale></LabelStyle>
</Style><Placemark><name>MG30402VM0003 - Seg. 23</name><styleUrl>#s-VM-110</styleUrl><description><![CDATA[<table style="border-collapse:collapse;width:100%;font-family:'Helvetica Neue',Helvetica,Arial,sans-serif;font-size:11px;border:1px solid #e5e7eb;border-radius:8px;overflow:hidden;"><tr><th colspan="2" style="padding:5px 8px;background:#1f6feb;color:#fff;text-align:left;font-size:12px;font-weight:600;">MG30402VM0003 - Seg. 23</th></tr><tr><th style="padding:3px 5px;text-align:left;background:#f3f4f6;border-bottom:1px solid #d1d5db;width:30%;font-size:11px;font-weight:600;color:#1f2937;">Serviço</th><td style="padding:3px 5px;border-bottom:1px solid #e5e7eb;font-size:11px;color:#111827;">Varrição Mecanizada (VM)</td></tr><tr><th style="padding:3px 5px;text-align:left;background:#f3f4f6;border-bottom:1px solid #d1d5db;width:30%;font-size:11px;font-weight:600;color:#1f2937;">Setor</th><td style="padding:3px 5px;border-bottom:1px solid #e5e7eb;font-size:11px;color:#111827;">MG30402VM0003</td></tr><tr><th style="padding:3px 5px;text-align:left;background:#f3f4f6;border-bottom:1px solid #d1d5db;width:30%;font-size:11px;font-weight:600;color:#1f2937;">Tipo de Serviço</th><td style="padding:3px 5px;border-bottom:1px solid #e5e7eb;font-size:11px;color:#111827;">Varrição Mecanizada</td></tr><tr><th style="padding:3px 5px;text-align:left;background:#f3f4f6;border-bottom:1px solid #d1d5db;width:30%;font-size:11px;font-weight:600;color:#1f2937;">Nome</th><td style="padding:3px 5px;border-bottom:1px solid #e5e7eb;font-size:11px;color:#111827;">MG30402VM0003 - Seg. 23</td></tr><tr><th style="padding:3px 5px;text-align:left;background:#f3f4f6;border-bottom:1px solid #d1d5db;width:30%;font-size:11px;font-weight:600;color:#1f2937;">Logradouro</th><td style="padding:3px 5px;border-bottom:1px solid #e5e7eb;font-size:11px;color:#111827;">Av Ten Jose Jeronimo de Mesquita</td></tr><tr><th style="padding:3px 5px;text-align:left;background:#f3f4f6;border-bottom:1px solid #d1d5db;width:30%;font-size:11px;font-weight:600;color:#1f2937;">Subprefeitura</th><td style="padding:3px 5px;border-bottom:1px solid #e5e7eb;font-size:11px;color:#111827;">Vila Maria / Vila Guilherme</td></tr><tr><th style="padding:3px 5px;text-align:left;background:#f3f4f6;border-bottom:1px solid #d1d5db;width:30%;font-size:11px;font-weight:600;color:#1f2937;">Turno</th><td style="padding:3px 5px;border-bottom:1px solid #e5e7eb;font-size:11px;color:#111827;">Noturno</td></tr><tr><th style="padding:3px 5px;text-align:left;background:#f3f4f6;border-bottom:1px solid #d1d5db;width:30%;font-size:11px;font-weight:600;color:#1f2937;">Frequência</th><td style="padding:3px 5px;border-bottom:1px solid #e5e7eb;font-size:11px;color:#111827;">Segunda, Quarta e Sábado</td></tr><tr><th style="padding:3px 5px;text-align:left;background:#f3f4f6;border-bottom:1px solid #d1d5db;width:30%;font-size:11px;font-weight:600;color:#1f2937;">Cronograma</th><td style="padding:3px 5px;border-bottom:1px solid #e5e7eb;font-size:11px;color:#111827;">—</td></tr></table>]]></description><LineString><coordinates>-46.5675100,-23.5032400,0 -46.5673000,-23.4974100,0 -46.5672700,-23.4960700,0 -46.5674400,-23.4957300,0 -46.5676800,-23.4954800,0 -46.5689000,-23.4945200,0</coordinates></LineString></Placemark>
<Style id="s-VM-111">
<LineStyle><color>ffebce87</color><width>3.0</width></LineStyle>
<PolyStyle><color>ffebce87</color></PolyStyle>
<IconStyle><color>ffebce87</color><scale>0.55</scale>
<Icon><href>http://maps.google.com/mapfiles/kml/shapes/placemark_circle.png</href></Icon>
</IconStyle>
<LabelStyle><scale>0.65</scale></LabelStyle>
</Style><Placemark><name>MG30402VM0003 - Seg. 24</name><styleUrl>#s-VM-111</styleUrl><description><![CDATA[<table style="border-collapse:collapse;width:100%;font-family:'Helvetica Neue',Helvetica,Arial,sans-serif;font-size:11px;border:1px solid #e5e7eb;border-radius:8px;overflow:hidden;"><tr><th colspan="2" style="padding:5px 8px;background:#1f6feb;color:#fff;text-align:left;font-size:12px;font-weight:600;">MG30402VM0003 - Seg. 24</th></tr><tr><th style="padding:3px 5px;text-align:left;background:#f3f4f6;border-bottom:1px solid #d1d5db;width:30%;font-size:11px;font-weight:600;color:#1f2937;">Serviço</th><td style="padding:3px 5px;border-bottom:1px solid #e5e7eb;font-size:11px;color:#111827;">Varrição Mecanizada (VM)</td></tr><tr><th style="padding:3px 5px;text-align:left;background:#f3f4f6;border-bottom:1px solid #d1d5db;width:30%;font-size:11px;font-weight:600;color:#1f2937;">Setor</th><td style="padding:3px 5px;border-bottom:1px solid #e5e7eb;font-size:11px;color:#111827;">MG30402VM0003</td></tr><tr><th style="padding:3px 5px;text-align:left;background:#f3f4f6;border-bottom:1px solid #d1d5db;width:30%;font-size:11px;font-weight:600;color:#1f2937;">Tipo de Serviço</th><td style="padding:3px 5px;border-bottom:1px solid #e5e7eb;font-size:11px;color:#111827;">Varrição Mecanizada</td></tr><tr><th style="padding:3px 5px;text-align:left;background:#f3f4f6;border-bottom:1px solid #d1d5db;width:30%;font-size:11px;font-weight:600;color:#1f2937;">Nome</th><td style="padding:3px 5px;border-bottom:1px solid #e5e7eb;font-size:11px;color:#111827;">MG30402VM0003 - Seg. 24</td></tr><tr><th style="padding:3px 5px;text-align:left;background:#f3f4f6;border-bottom:1px solid #d1d5db;width:30%;font-size:11px;font-weight:600;color:#1f2937;">Logradouro</th><td style="padding:3px 5px;border-bottom:1px solid #e5e7eb;font-size:11px;color:#111827;">Pc Lourenco Billis</td></tr><tr><th style="padding:3px 5px;text-align:left;background:#f3f4f6;border-bottom:1px solid #d1d5db;width:30%;font-size:11px;font-weight:600;color:#1f2937;">Subprefeitura</th><td style="padding:3px 5px;border-bottom:1px solid #e5e7eb;font-size:11px;color:#111827;">Vila Maria / Vila Guilherme</td></tr><tr><th style="padding:3px 5px;text-align:left;background:#f3f4f6;border-bottom:1px solid #d1d5db;width:30%;font-size:11px;font-weight:600;color:#1f2937;">Turno</th><td style="padding:3px 5px;border-bottom:1px solid #e5e7eb;font-size:11px;color:#111827;">Noturno</td></tr><tr><th style="padding:3px 5px;text-align:left;background:#f3f4f6;border-bottom:1px solid #d1d5db;width:30%;font-size:11px;font-weight:600;color:#1f2937;">Frequência</th><td style="padding:3px 5px;border-bottom:1px solid #e5e7eb;font-size:11px;color:#111827;">Segunda, Quarta e Sábado</td></tr><tr><th style="padding:3px 5px;text-align:left;background:#f3f4f6;border-bottom:1px solid #d1d5db;width:30%;font-size:11px;font-weight:600;color:#1f2937;">Cronograma</th><td style="padding:3px 5px;border-bottom:1px solid #e5e7eb;font-size:11px;color:#111827;">—</td></tr></table>]]></description><LineString><coordinates>-46.5741500,-23.4895500,0 -46.5742700,-23.4896600,0 -46.5742400,-23.4891600,0 -46.5741800,-23.4892100,0 -46.5741400,-23.4892700,0 -46.5745800,-23.4891600,0 -46.5744100,-23.4891200,0 -46.5742400,-23.4891600,0 -46.5746900,-23.4892500,0 -46.5745800,-23.4891600,0 -46.5742700,-23.4896600,0 -46.5744300,-23.4896800,0 -46.5745800,-23.4896400,0 -46.5746400,-23.4896000,0 -46.5746800,-23.4895400,0</coordinates></LineString></Placemark>
<Style id="s-VM-112">
<LineStyle><color>ffebce87</color><width>3.0</width></LineStyle>
<PolyStyle><color>ffebce87</color></PolyStyle>
<IconStyle><color>ffebce87</color><scale>0.55</scale>
<Icon><href>http://maps.google.com/mapfiles/kml/shapes/placemark_circle.png</href></Icon>
</IconStyle>
<LabelStyle><scale>0.65</scale></LabelStyle>
</Style><Placemark><name>MG30402VM0003 - Seg. 25</name><styleUrl>#s-VM-112</styleUrl><description><![CDATA[<table style="border-collapse:collapse;width:100%;font-family:'Helvetica Neue',Helvetica,Arial,sans-serif;font-size:11px;border:1px solid #e5e7eb;border-radius:8px;overflow:hidden;"><tr><th colspan="2" style="padding:5px 8px;background:#1f6feb;color:#fff;text-align:left;font-size:12px;font-weight:600;">MG30402VM0003 - Seg. 25</th></tr><tr><th style="padding:3px 5px;text-align:left;background:#f3f4f6;border-bottom:1px solid #d1d5db;width:30%;font-size:11px;font-weight:600;color:#1f2937;">Serviço</th><td style="padding:3px 5px;border-bottom:1px solid #e5e7eb;font-size:11px;color:#111827;">Varrição Mecanizada (VM)</td></tr><tr><th style="padding:3px 5px;text-align:left;background:#f3f4f6;border-bottom:1px solid #d1d5db;width:30%;font-size:11px;font-weight:600;color:#1f2937;">Setor</th><td style="padding:3px 5px;border-bottom:1px solid #e5e7eb;font-size:11px;color:#111827;">MG30402VM0003</td></tr><tr><th style="padding:3px 5px;text-align:left;background:#f3f4f6;border-bottom:1px solid #d1d5db;width:30%;font-size:11px;font-weight:600;color:#1f2937;">Tipo de Serviço</th><td style="padding:3px 5px;border-bottom:1px solid #e5e7eb;font-size:11px;color:#111827;">Varrição Mecanizada</td></tr><tr><th style="padding:3px 5px;text-align:left;background:#f3f4f6;border-bottom:1px solid #d1d5db;width:30%;font-size:11px;font-weight:600;color:#1f2937;">Nome</th><td style="padding:3px 5px;border-bottom:1px solid #e5e7eb;font-size:11px;color:#111827;">MG30402VM0003 - Seg. 25</td></tr><tr><th style="padding:3px 5px;text-align:left;background:#f3f4f6;border-bottom:1px solid #d1d5db;width:30%;font-size:11px;font-weight:600;color:#1f2937;">Logradouro</th><td style="padding:3px 5px;border-bottom:1px solid #e5e7eb;font-size:11px;color:#111827;">Pc Novo Mundo</td></tr><tr><th style="padding:3px 5px;text-align:left;background:#f3f4f6;border-bottom:1px solid #d1d5db;width:30%;font-size:11px;font-weight:600;color:#1f2937;">Subprefeitura</th><td style="padding:3px 5px;border-bottom:1px solid #e5e7eb;font-size:11px;color:#111827;">Vila Maria / Vila Guilherme</td></tr><tr><th style="padding:3px 5px;text-align:left;background:#f3f4f6;border-bottom:1px solid #d1d5db;width:30%;font-size:11px;font-weight:600;color:#1f2937;">Turno</th><td style="padding:3px 5px;border-bottom:1px solid #e5e7eb;font-size:11px;color:#111827;">Noturno</td></tr><tr><th style="padding:3px 5px;text-align:left;background:#f3f4f6;border-bottom:1px solid #d1d5db;width:30%;font-size:11px;font-weight:600;color:#1f2937;">Frequência</th><td style="padding:3px 5px;border-bottom:1px solid #e5e7eb;font-size:11px;color:#111827;">Segunda, Quarta e Sábado</td></tr><tr><th style="padding:3px 5px;text-align:left;background:#f3f4f6;border-bottom:1px solid #d1d5db;width:30%;font-size:11px;font-weight:600;color:#1f2937;">Cronograma</th><td style="padding:3px 5px;border-bottom:1px solid #e5e7eb;font-size:11px;color:#111827;">—</td></tr></table>]]></description><LineString><coordinates>-46.5676800,-23.5179700,0 -46.5678100,-23.5181700,0 -46.5680300,-23.5183000,0 -46.5676600,-23.5175400,0 -46.5676800,-23.5179700,0 -46.5676300,-23.5167500,0 -46.5676400,-23.5171400,0 -46.5676600,-23.5175400,0 -46.5679700,-23.5164300,0 -46.5677700,-23.5165700,0 -46.5676300,-23.5167500,0 -46.5684100,-23.5166400,0 -46.5682800,-23.5165100,0 -46.5681200,-23.5164300,0 -46.5684700,-23.5170600,0 -46.5684500,-23.5168500,0 -46.5684100,-23.5166400,0 -46.5684900,-23.5175100,0 -46.5684700,-23.5170600,0 -46.5681600,-23.5182900,0 -46.5683800,-23.5181700,0 -46.5685100,-23.5179600,0 -46.5684900,-23.5175100,0</coordinates></LineString></Placemark>
<Style id="s-VM-113">
<LineStyle><color>ffebce87</color><width>3.0</width></LineStyle>
<PolyStyle><color>ffebce87</color></PolyStyle>
<IconStyle><color>ffebce87</color><scale>0.55</scale>
<Icon><href>http://maps.google.com/mapfiles/kml/shapes/placemark_circle.png</href></Icon>
</IconStyle>
<LabelStyle><scale>0.65</scale></LabelStyle>
</Style><Placemark><name>MG30402VM0003 - Seg. 26</name><styleUrl>#s-VM-113</styleUrl><description><![CDATA[<table style="border-collapse:collapse;width:100%;font-family:'Helvetica Neue',Helvetica,Arial,sans-serif;font-size:11px;border:1px solid #e5e7eb;border-radius:8px;overflow:hidden;"><tr><th colspan="2" style="padding:5px 8px;background:#1f6feb;color:#fff;text-align:left;font-size:12px;font-weight:600;">MG30402VM0003 - Seg. 26</th></tr><tr><th style="padding:3px 5px;text-align:left;background:#f3f4f6;border-bottom:1px solid #d1d5db;width:30%;font-size:11px;font-weight:600;color:#1f2937;">Serviço</th><td style="padding:3px 5px;border-bottom:1px solid #e5e7eb;font-size:11px;color:#111827;">Varrição Mecanizada (VM)</td></tr><tr><th style="padding:3px 5px;text-align:left;background:#f3f4f6;border-bottom:1px solid #d1d5db;width:30%;font-size:11px;font-weight:600;color:#1f2937;">Setor</th><td style="padding:3px 5px;border-bottom:1px solid #e5e7eb;font-size:11px;color:#111827;">MG30402VM0003</td></tr><tr><th style="padding:3px 5px;text-align:left;background:#f3f4f6;border-bottom:1px solid #d1d5db;width:30%;font-size:11px;font-weight:600;color:#1f2937;">Tipo de Serviço</th><td style="padding:3px 5px;border-bottom:1px solid #e5e7eb;font-size:11px;color:#111827;">Varrição Mecanizada</td></tr><tr><th style="padding:3px 5px;text-align:left;background:#f3f4f6;border-bottom:1px solid #d1d5db;width:30%;font-size:11px;font-weight:600;color:#1f2937;">Nome</th><td style="padding:3px 5px;border-bottom:1px solid #e5e7eb;font-size:11px;color:#111827;">MG30402VM0003 - Seg. 26</td></tr><tr><th style="padding:3px 5px;text-align:left;background:#f3f4f6;border-bottom:1px solid #d1d5db;width:30%;font-size:11px;font-weight:600;color:#1f2937;">Logradouro</th><td style="padding:3px 5px;border-bottom:1px solid #e5e7eb;font-size:11px;color:#111827;">R Araritaguaba</td></tr><tr><th style="padding:3px 5px;text-align:left;background:#f3f4f6;border-bottom:1px solid #d1d5db;width:30%;font-size:11px;font-weight:600;color:#1f2937;">Subprefeitura</th><td style="padding:3px 5px;border-bottom:1px solid #e5e7eb;font-size:11px;color:#111827;">Vila Maria / Vila Guilherme</td></tr><tr><th style="padding:3px 5px;text-align:left;background:#f3f4f6;border-bottom:1px solid #d1d5db;width:30%;font-size:11px;font-weight:600;color:#1f2937;">Turno</th><td style="padding:3px 5px;border-bottom:1px solid #e5e7eb;font-size:11px;color:#111827;">Noturno</td></tr><tr><th style="padding:3px 5px;text-align:left;background:#f3f4f6;border-bottom:1px solid #d1d5db;width:30%;font-size:11px;font-weight:600;color:#1f2937;">Frequência</th><td style="padding:3px 5px;border-bottom:1px solid #e5e7eb;font-size:11px;color:#111827;">Segunda, Quarta e Sábado</td></tr><tr><th style="padding:3px 5px;text-align:left;background:#f3f4f6;border-bottom:1px solid #d1d5db;width:30%;font-size:11px;font-weight:600;color:#1f2937;">Cronograma</th><td style="padding:3px 5px;border-bottom:1px solid #e5e7eb;font-size:11px;color:#111827;">—</td></tr></table>]]></description><LineString><coordinates>-46.5852000,-23.5127000,0 -46.5847400,-23.5129900,0 -46.5824700,-23.5145300,0 -46.5850500,-23.5126100,0 -46.5834200,-23.5136900,0 -46.5826700,-23.5142100,0 -46.5823700,-23.5143900,0</coordinates></LineString></Placemark>
<Style id="s-VM-114">
<LineStyle><color>ffebce87</color><width>3.0</width></LineStyle>
<PolyStyle><color>ffebce87</color></PolyStyle>
<IconStyle><color>ffebce87</color><scale>0.55</scale>
<Icon><href>http://maps.google.com/mapfiles/kml/shapes/placemark_circle.png</href></Icon>
</IconStyle>
<LabelStyle><scale>0.65</scale></LabelStyle>
</Style><Placemark><name>MG30402VM0003 - Seg. 27</name><styleUrl>#s-VM-114</styleUrl><description><![CDATA[<table style="border-collapse:collapse;width:100%;font-family:'Helvetica Neue',Helvetica,Arial,sans-serif;font-size:11px;border:1px solid #e5e7eb;border-radius:8px;overflow:hidden;"><tr><th colspan="2" style="padding:5px 8px;background:#1f6feb;color:#fff;text-align:left;font-size:12px;font-weight:600;">MG30402VM0003 - Seg. 27</th></tr><tr><th style="padding:3px 5px;text-align:left;background:#f3f4f6;border-bottom:1px solid #d1d5db;width:30%;font-size:11px;font-weight:600;color:#1f2937;">Serviço</th><td style="padding:3px 5px;border-bottom:1px solid #e5e7eb;font-size:11px;color:#111827;">Varrição Mecanizada (VM)</td></tr><tr><th style="padding:3px 5px;text-align:left;background:#f3f4f6;border-bottom:1px solid #d1d5db;width:30%;font-size:11px;font-weight:600;color:#1f2937;">Setor</th><td style="padding:3px 5px;border-bottom:1px solid #e5e7eb;font-size:11px;color:#111827;">MG30402VM0003</td></tr><tr><th style="padding:3px 5px;text-align:left;background:#f3f4f6;border-bottom:1px solid #d1d5db;width:30%;font-size:11px;font-weight:600;color:#1f2937;">Tipo de Serviço</th><td style="padding:3px 5px;border-bottom:1px solid #e5e7eb;font-size:11px;color:#111827;">Varrição Mecanizada</td></tr><tr><th style="padding:3px 5px;text-align:left;background:#f3f4f6;border-bottom:1px solid #d1d5db;width:30%;font-size:11px;font-weight:600;color:#1f2937;">Nome</th><td style="padding:3px 5px;border-bottom:1px solid #e5e7eb;font-size:11px;color:#111827;">MG30402VM0003 - Seg. 27</td></tr><tr><th style="padding:3px 5px;text-align:left;background:#f3f4f6;border-bottom:1px solid #d1d5db;width:30%;font-size:11px;font-weight:600;color:#1f2937;">Logradouro</th><td style="padding:3px 5px;border-bottom:1px solid #e5e7eb;font-size:11px;color:#111827;">R Izidoro Matheus</td></tr><tr><th style="padding:3px 5px;text-align:left;background:#f3f4f6;border-bottom:1px solid #d1d5db;width:30%;font-size:11px;font-weight:600;color:#1f2937;">Subprefeitura</th><td style="padding:3px 5px;border-bottom:1px solid #e5e7eb;font-size:11px;color:#111827;">Vila Maria / Vila Guilherme</td></tr><tr><th style="padding:3px 5px;text-align:left;background:#f3f4f6;border-bottom:1px solid #d1d5db;width:30%;font-size:11px;font-weight:600;color:#1f2937;">Turno</th><td style="padding:3px 5px;border-bottom:1px solid #e5e7eb;font-size:11px;color:#111827;">Noturno</td></tr><tr><th style="padding:3px 5px;text-align:left;background:#f3f4f6;border-bottom:1px solid #d1d5db;width:30%;font-size:11px;font-weight:600;color:#1f2937;">Frequência</th><td style="padding:3px 5px;border-bottom:1px solid #e5e7eb;font-size:11px;color:#111827;">Segunda, Quarta e Sábado</td></tr><tr><th style="padding:3px 5px;text-align:left;background:#f3f4f6;border-bottom:1px solid #d1d5db;width:30%;font-size:11px;font-weight:600;color:#1f2937;">Cronograma</th><td style="padding:3px 5px;border-bottom:1px solid #e5e7eb;font-size:11px;color:#111827;">—</td></tr></table>]]></description><LineString><coordinates>-46.5945100,-23.5270300,0 -46.5948000,-23.5261900,0 -46.5950500,-23.5253400,0</coordinates></LineString></Placemark>
<Style id="s-VM-115">
<LineStyle><color>ffebce87</color><width>3.0</width></LineStyle>
<PolyStyle><color>ffebce87</color></PolyStyle>
<IconStyle><color>ffebce87</color><scale>0.55</scale>
<Icon><href>http://maps.google.com/mapfiles/kml/shapes/placemark_circle.png</href></Icon>
</IconStyle>
<LabelStyle><scale>0.65</scale></LabelStyle>
</Style><Placemark><name>MG30402VM0003 - Seg. 28</name><styleUrl>#s-VM-115</styleUrl><description><![CDATA[<table style="border-collapse:collapse;width:100%;font-family:'Helvetica Neue',Helvetica,Arial,sans-serif;font-size:11px;border:1px solid #e5e7eb;border-radius:8px;overflow:hidden;"><tr><th colspan="2" style="padding:5px 8px;background:#1f6feb;color:#fff;text-align:left;font-size:12px;font-weight:600;">MG30402VM0003 - Seg. 28</th></tr><tr><th style="padding:3px 5px;text-align:left;background:#f3f4f6;border-bottom:1px solid #d1d5db;width:30%;font-size:11px;font-weight:600;color:#1f2937;">Serviço</th><td style="padding:3px 5px;border-bottom:1px solid #e5e7eb;font-size:11px;color:#111827;">Varrição Mecanizada (VM)</td></tr><tr><th style="padding:3px 5px;text-align:left;background:#f3f4f6;border-bottom:1px solid #d1d5db;width:30%;font-size:11px;font-weight:600;color:#1f2937;">Setor</th><td style="padding:3px 5px;border-bottom:1px solid #e5e7eb;font-size:11px;color:#111827;">MG30402VM0003</td></tr><tr><th style="padding:3px 5px;text-align:left;background:#f3f4f6;border-bottom:1px solid #d1d5db;width:30%;font-size:11px;font-weight:600;color:#1f2937;">Tipo de Serviço</th><td style="padding:3px 5px;border-bottom:1px solid #e5e7eb;font-size:11px;color:#111827;">Varrição Mecanizada</td></tr><tr><th style="padding:3px 5px;text-align:left;background:#f3f4f6;border-bottom:1px solid #d1d5db;width:30%;font-size:11px;font-weight:600;color:#1f2937;">Nome</th><td style="padding:3px 5px;border-bottom:1px solid #e5e7eb;font-size:11px;color:#111827;">MG30402VM0003 - Seg. 28</td></tr><tr><th style="padding:3px 5px;text-align:left;background:#f3f4f6;border-bottom:1px solid #d1d5db;width:30%;font-size:11px;font-weight:600;color:#1f2937;">Logradouro</th><td style="padding:3px 5px;border-bottom:1px solid #e5e7eb;font-size:11px;color:#111827;">R Srg Miguel de Sousa Filho</td></tr><tr><th style="padding:3px 5px;text-align:left;background:#f3f4f6;border-bottom:1px solid #d1d5db;width:30%;font-size:11px;font-weight:600;color:#1f2937;">Subprefeitura</th><td style="padding:3px 5px;border-bottom:1px solid #e5e7eb;font-size:11px;color:#111827;">Vila Maria / Vila Guilherme</td></tr><tr><th style="padding:3px 5px;text-align:left;background:#f3f4f6;border-bottom:1px solid #d1d5db;width:30%;font-size:11px;font-weight:600;color:#1f2937;">Turno</th><td style="padding:3px 5px;border-bottom:1px solid #e5e7eb;font-size:11px;color:#111827;">Noturno</td></tr><tr><th style="padding:3px 5px;text-align:left;background:#f3f4f6;border-bottom:1px solid #d1d5db;width:30%;font-size:11px;font-weight:600;color:#1f2937;">Frequência</th><td style="padding:3px 5px;border-bottom:1px solid #e5e7eb;font-size:11px;color:#111827;">Segunda, Quarta e Sábado</td></tr><tr><th style="padding:3px 5px;text-align:left;background:#f3f4f6;border-bottom:1px solid #d1d5db;width:30%;font-size:11px;font-weight:600;color:#1f2937;">Cronograma</th><td style="padding:3px 5px;border-bottom:1px solid #e5e7eb;font-size:11px;color:#111827;">—</td></tr></table>]]></description><LineString><coordinates>-46.5714700,-23.5068300,0 -46.5718500,-23.5062700,0 -46.5724100,-23.5056100,0</coordinates></LineString></Placemark>
<Style id="s-VM-116">
<LineStyle><color>ffebce87</color><width>3.0</width></LineStyle>
<PolyStyle><color>ffebce87</color></PolyStyle>
<IconStyle><color>ffebce87</color><scale>0.55</scale>
<Icon><href>http://maps.google.com/mapfiles/kml/shapes/placemark_circle.png</href></Icon>
</IconStyle>
<LabelStyle><scale>0.65</scale></LabelStyle>
</Style><Placemark><name>MG30404VM0004 - Seg. 1</name><styleUrl>#s-VM-116</styleUrl><description><![CDATA[<table style="border-collapse:collapse;width:100%;font-family:'Helvetica Neue',Helvetica,Arial,sans-serif;font-size:11px;border:1px solid #e5e7eb;border-radius:8px;overflow:hidden;"><tr><th colspan="2" style="padding:5px 8px;background:#1f6feb;color:#fff;text-align:left;font-size:12px;font-weight:600;">MG30404VM0004 - Seg. 1</th></tr><tr><th style="padding:3px 5px;text-align:left;background:#f3f4f6;border-bottom:1px solid #d1d5db;width:30%;font-size:11px;font-weight:600;color:#1f2937;">Serviço</th><td style="padding:3px 5px;border-bottom:1px solid #e5e7eb;font-size:11px;color:#111827;">Varrição Mecanizada (VM)</td></tr><tr><th style="padding:3px 5px;text-align:left;background:#f3f4f6;border-bottom:1px solid #d1d5db;width:30%;font-size:11px;font-weight:600;color:#1f2937;">Setor</th><td style="padding:3px 5px;border-bottom:1px solid #e5e7eb;font-size:11px;color:#111827;">MG30404VM0004</td></tr><tr><th style="padding:3px 5px;text-align:left;background:#f3f4f6;border-bottom:1px solid #d1d5db;width:30%;font-size:11px;font-weight:600;color:#1f2937;">Tipo de Serviço</th><td style="padding:3px 5px;border-bottom:1px solid #e5e7eb;font-size:11px;color:#111827;">Varrição Mecanizada</td></tr><tr><th style="padding:3px 5px;text-align:left;background:#f3f4f6;border-bottom:1px solid #d1d5db;width:30%;font-size:11px;font-weight:600;color:#1f2937;">Nome</th><td style="padding:3px 5px;border-bottom:1px solid #e5e7eb;font-size:11px;color:#111827;">MG30404VM0004 - Seg. 1</td></tr><tr><th style="padding:3px 5px;text-align:left;background:#f3f4f6;border-bottom:1px solid #d1d5db;width:30%;font-size:11px;font-weight:600;color:#1f2937;">Logradouro</th><td style="padding:3px 5px;border-bottom:1px solid #e5e7eb;font-size:11px;color:#111827;">Ac Av Guilherme Cotching</td></tr><tr><th style="padding:3px 5px;text-align:left;background:#f3f4f6;border-bottom:1px solid #d1d5db;width:30%;font-size:11px;font-weight:600;color:#1f2937;">Subprefeitura</th><td style="padding:3px 5px;border-bottom:1px solid #e5e7eb;font-size:11px;color:#111827;">Vila Maria / Vila Guilherme</td></tr><tr><th style="padding:3px 5px;text-align:left;background:#f3f4f6;border-bottom:1px solid #d1d5db;width:30%;font-size:11px;font-weight:600;color:#1f2937;">Turno</th><td style="padding:3px 5px;border-bottom:1px solid #e5e7eb;font-size:11px;color:#111827;">Noturno</td></tr><tr><th style="padding:3px 5px;text-align:left;background:#f3f4f6;border-bottom:1px solid #d1d5db;width:30%;font-size:11px;font-weight:600;color:#1f2937;">Frequência</th><td style="padding:3px 5px;border-bottom:1px solid #e5e7eb;font-size:11px;color:#111827;">—</td></tr><tr><th style="padding:3px 5px;text-align:left;background:#f3f4f6;border-bottom:1px solid #d1d5db;width:30%;font-size:11px;font-weight:600;color:#1f2937;">Cronograma</th><td style="padding:3px 5px;border-bottom:1px solid #e5e7eb;font-size:11px;color:#111827;">—</td></tr></table>]]></description><LineString><coordinates>-46.5956400,-23.5243700,0 -46.5953900,-23.5248100,0 -46.5952800,-23.5251500,0 -46.5953600,-23.5255000,0</coordinates></LineString></Placemark>
<Style id="s-VM-117">
<LineStyle><color>ffebce87</color><width>3.0</width></LineStyle>
<PolyStyle><color>ffebce87</color></PolyStyle>
<IconStyle><color>ffebce87</color><scale>0.55</scale>
<Icon><href>http://maps.google.com/mapfiles/kml/shapes/placemark_circle.png</href></Icon>
</IconStyle>
<LabelStyle><scale>0.65</scale></LabelStyle>
</Style><Placemark><name>MG30404VM0004 - Seg. 2</name><styleUrl>#s-VM-117</styleUrl><description><![CDATA[<table style="border-collapse:collapse;width:100%;font-family:'Helvetica Neue',Helvetica,Arial,sans-serif;font-size:11px;border:1px solid #e5e7eb;border-radius:8px;overflow:hidden;"><tr><th colspan="2" style="padding:5px 8px;background:#1f6feb;color:#fff;text-align:left;font-size:12px;font-weight:600;">MG30404VM0004 - Seg. 2</th></tr><tr><th style="padding:3px 5px;text-align:left;background:#f3f4f6;border-bottom:1px solid #d1d5db;width:30%;font-size:11px;font-weight:600;color:#1f2937;">Serviço</th><td style="padding:3px 5px;border-bottom:1px solid #e5e7eb;font-size:11px;color:#111827;">Varrição Mecanizada (VM)</td></tr><tr><th style="padding:3px 5px;text-align:left;background:#f3f4f6;border-bottom:1px solid #d1d5db;width:30%;font-size:11px;font-weight:600;color:#1f2937;">Setor</th><td style="padding:3px 5px;border-bottom:1px solid #e5e7eb;font-size:11px;color:#111827;">MG30404VM0004</td></tr><tr><th style="padding:3px 5px;text-align:left;background:#f3f4f6;border-bottom:1px solid #d1d5db;width:30%;font-size:11px;font-weight:600;color:#1f2937;">Tipo de Serviço</th><td style="padding:3px 5px;border-bottom:1px solid #e5e7eb;font-size:11px;color:#111827;">Varrição Mecanizada</td></tr><tr><th style="padding:3px 5px;text-align:left;background:#f3f4f6;border-bottom:1px solid #d1d5db;width:30%;font-size:11px;font-weight:600;color:#1f2937;">Nome</th><td style="padding:3px 5px;border-bottom:1px solid #e5e7eb;font-size:11px;color:#111827;">MG30404VM0004 - Seg. 2</td></tr><tr><th style="padding:3px 5px;text-align:left;background:#f3f4f6;border-bottom:1px solid #d1d5db;width:30%;font-size:11px;font-weight:600;color:#1f2937;">Logradouro</th><td style="padding:3px 5px;border-bottom:1px solid #e5e7eb;font-size:11px;color:#111827;">Ac Av Nadir Dias de Figueiredo</td></tr><tr><th style="padding:3px 5px;text-align:left;background:#f3f4f6;border-bottom:1px solid #d1d5db;width:30%;font-size:11px;font-weight:600;color:#1f2937;">Subprefeitura</th><td style="padding:3px 5px;border-bottom:1px solid #e5e7eb;font-size:11px;color:#111827;">Vila Maria / Vila Guilherme</td></tr><tr><th style="padding:3px 5px;text-align:left;background:#f3f4f6;border-bottom:1px solid #d1d5db;width:30%;font-size:11px;font-weight:600;color:#1f2937;">Turno</th><td style="padding:3px 5px;border-bottom:1px solid #e5e7eb;font-size:11px;color:#111827;">Noturno</td></tr><tr><th style="padding:3px 5px;text-align:left;background:#f3f4f6;border-bottom:1px solid #d1d5db;width:30%;font-size:11px;font-weight:600;color:#1f2937;">Frequência</th><td style="padding:3px 5px;border-bottom:1px solid #e5e7eb;font-size:11px;color:#111827;">—</td></tr><tr><th style="padding:3px 5px;text-align:left;background:#f3f4f6;border-bottom:1px solid #d1d5db;width:30%;font-size:11px;font-weight:600;color:#1f2937;">Cronograma</th><td style="padding:3px 5px;border-bottom:1px solid #e5e7eb;font-size:11px;color:#111827;">—</td></tr></table>]]></description><LineString><coordinates>-46.5951600,-23.5246800,0 -46.5950500,-23.5253400,0</coordinates></LineString></Placemark>
<Style id="s-VM-118">
<LineStyle><color>ffebce87</color><width>3.0</width></LineStyle>
<PolyStyle><color>ffebce87</color></PolyStyle>
<IconStyle><color>ffebce87</color><scale>0.55</scale>
<Icon><href>http://maps.google.com/mapfiles/kml/shapes/placemark_circle.png</href></Icon>
</IconStyle>
<LabelStyle><scale>0.65</scale></LabelStyle>
</Style><Placemark><name>MG30404VM0004 - Seg. 3</name><styleUrl>#s-VM-118</styleUrl><description><![CDATA[<table style="border-collapse:collapse;width:100%;font-family:'Helvetica Neue',Helvetica,Arial,sans-serif;font-size:11px;border:1px solid #e5e7eb;border-radius:8px;overflow:hidden;"><tr><th colspan="2" style="padding:5px 8px;background:#1f6feb;color:#fff;text-align:left;font-size:12px;font-weight:600;">MG30404VM0004 - Seg. 3</th></tr><tr><th style="padding:3px 5px;text-align:left;background:#f3f4f6;border-bottom:1px solid #d1d5db;width:30%;font-size:11px;font-weight:600;color:#1f2937;">Serviço</th><td style="padding:3px 5px;border-bottom:1px solid #e5e7eb;font-size:11px;color:#111827;">Varrição Mecanizada (VM)</td></tr><tr><th style="padding:3px 5px;text-align:left;background:#f3f4f6;border-bottom:1px solid #d1d5db;width:30%;font-size:11px;font-weight:600;color:#1f2937;">Setor</th><td style="padding:3px 5px;border-bottom:1px solid #e5e7eb;font-size:11px;color:#111827;">MG30404VM0004</td></tr><tr><th style="padding:3px 5px;text-align:left;background:#f3f4f6;border-bottom:1px solid #d1d5db;width:30%;font-size:11px;font-weight:600;color:#1f2937;">Tipo de Serviço</th><td style="padding:3px 5px;border-bottom:1px solid #e5e7eb;font-size:11px;color:#111827;">Varrição Mecanizada</td></tr><tr><th style="padding:3px 5px;text-align:left;background:#f3f4f6;border-bottom:1px solid #d1d5db;width:30%;font-size:11px;font-weight:600;color:#1f2937;">Nome</th><td style="padding:3px 5px;border-bottom:1px solid #e5e7eb;font-size:11px;color:#111827;">MG30404VM0004 - Seg. 3</td></tr><tr><th style="padding:3px 5px;text-align:left;background:#f3f4f6;border-bottom:1px solid #d1d5db;width:30%;font-size:11px;font-weight:600;color:#1f2937;">Logradouro</th><td style="padding:3px 5px;border-bottom:1px solid #e5e7eb;font-size:11px;color:#111827;">Av Amadeu Poli</td></tr><tr><th style="padding:3px 5px;text-align:left;background:#f3f4f6;border-bottom:1px solid #d1d5db;width:30%;font-size:11px;font-weight:600;color:#1f2937;">Subprefeitura</th><td style="padding:3px 5px;border-bottom:1px solid #e5e7eb;font-size:11px;color:#111827;">Vila Maria / Vila Guilherme</td></tr><tr><th style="padding:3px 5px;text-align:left;background:#f3f4f6;border-bottom:1px solid #d1d5db;width:30%;font-size:11px;font-weight:600;color:#1f2937;">Turno</th><td style="padding:3px 5px;border-bottom:1px solid #e5e7eb;font-size:11px;color:#111827;">Noturno</td></tr><tr><th style="padding:3px 5px;text-align:left;background:#f3f4f6;border-bottom:1px solid #d1d5db;width:30%;font-size:11px;font-weight:600;color:#1f2937;">Frequência</th><td style="padding:3px 5px;border-bottom:1px solid #e5e7eb;font-size:11px;color:#111827;">—</td></tr><tr><th style="padding:3px 5px;text-align:left;background:#f3f4f6;border-bottom:1px solid #d1d5db;width:30%;font-size:11px;font-weight:600;color:#1f2937;">Cronograma</th><td style="padding:3px 5px;border-bottom:1px solid #e5e7eb;font-size:11px;color:#111827;">—</td></tr></table>]]></description><LineString><coordinates>-46.5632200,-23.5122700,0 -46.5633700,-23.5119700,0 -46.5643900,-23.5101800,0 -46.5652400,-23.5086000,0 -46.5673600,-23.5048500,0 -46.5674400,-23.5047700,0 -46.5675500,-23.5047700,0</coordinates></LineString></Placemark>
<Style id="s-VM-119">
<LineStyle><color>ffebce87</color><width>3.0</width></LineStyle>
<PolyStyle><color>ffebce87</color></PolyStyle>
<IconStyle><color>ffebce87</color><scale>0.55</scale>
<Icon><href>http://maps.google.com/mapfiles/kml/shapes/placemark_circle.png</href></Icon>
</IconStyle>
<LabelStyle><scale>0.65</scale></LabelStyle>
</Style><Placemark><name>MG30404VM0004 - Seg. 4</name><styleUrl>#s-VM-119</styleUrl><description><![CDATA[<table style="border-collapse:collapse;width:100%;font-family:'Helvetica Neue',Helvetica,Arial,sans-serif;font-size:11px;border:1px solid #e5e7eb;border-radius:8px;overflow:hidden;"><tr><th colspan="2" style="padding:5px 8px;background:#1f6feb;color:#fff;text-align:left;font-size:12px;font-weight:600;">MG30404VM0004 - Seg. 4</th></tr><tr><th style="padding:3px 5px;text-align:left;background:#f3f4f6;border-bottom:1px solid #d1d5db;width:30%;font-size:11px;font-weight:600;color:#1f2937;">Serviço</th><td style="padding:3px 5px;border-bottom:1px solid #e5e7eb;font-size:11px;color:#111827;">Varrição Mecanizada (VM)</td></tr><tr><th style="padding:3px 5px;text-align:left;background:#f3f4f6;border-bottom:1px solid #d1d5db;width:30%;font-size:11px;font-weight:600;color:#1f2937;">Setor</th><td style="padding:3px 5px;border-bottom:1px solid #e5e7eb;font-size:11px;color:#111827;">MG30404VM0004</td></tr><tr><th style="padding:3px 5px;text-align:left;background:#f3f4f6;border-bottom:1px solid #d1d5db;width:30%;font-size:11px;font-weight:600;color:#1f2937;">Tipo de Serviço</th><td style="padding:3px 5px;border-bottom:1px solid #e5e7eb;font-size:11px;color:#111827;">Varrição Mecanizada</td></tr><tr><th style="padding:3px 5px;text-align:left;background:#f3f4f6;border-bottom:1px solid #d1d5db;width:30%;font-size:11px;font-weight:600;color:#1f2937;">Nome</th><td style="padding:3px 5px;border-bottom:1px solid #e5e7eb;font-size:11px;color:#111827;">MG30404VM0004 - Seg. 4</td></tr><tr><th style="padding:3px 5px;text-align:left;background:#f3f4f6;border-bottom:1px solid #d1d5db;width:30%;font-size:11px;font-weight:600;color:#1f2937;">Logradouro</th><td style="padding:3px 5px;border-bottom:1px solid #e5e7eb;font-size:11px;color:#111827;">Av Amadeu Poli</td></tr><tr><th style="padding:3px 5px;text-align:left;background:#f3f4f6;border-bottom:1px solid #d1d5db;width:30%;font-size:11px;font-weight:600;color:#1f2937;">Subprefeitura</th><td style="padding:3px 5px;border-bottom:1px solid #e5e7eb;font-size:11px;color:#111827;">Vila Maria / Vila Guilherme</td></tr><tr><th style="padding:3px 5px;text-align:left;background:#f3f4f6;border-bottom:1px solid #d1d5db;width:30%;font-size:11px;font-weight:600;color:#1f2937;">Turno</th><td style="padding:3px 5px;border-bottom:1px solid #e5e7eb;font-size:11px;color:#111827;">Noturno</td></tr><tr><th style="padding:3px 5px;text-align:left;background:#f3f4f6;border-bottom:1px solid #d1d5db;width:30%;font-size:11px;font-weight:600;color:#1f2937;">Frequência</th><td style="padding:3px 5px;border-bottom:1px solid #e5e7eb;font-size:11px;color:#111827;">—</td></tr><tr><th style="padding:3px 5px;text-align:left;background:#f3f4f6;border-bottom:1px solid #d1d5db;width:30%;font-size:11px;font-weight:600;color:#1f2937;">Cronograma</th><td style="padding:3px 5px;border-bottom:1px solid #e5e7eb;font-size:11px;color:#111827;">—</td></tr></table>]]></description><LineString><coordinates>-46.5631500,-23.5120500,0 -46.5646400,-23.5093600,0 -46.5671500,-23.5049200,0 -46.5673100,-23.5046900,0 -46.5675800,-23.5047300,0</coordinates></LineString></Placemark>
<Style id="s-VM-120">
<LineStyle><color>ffebce87</color><width>3.0</width></LineStyle>
<PolyStyle><color>ffebce87</color></PolyStyle>
<IconStyle><color>ffebce87</color><scale>0.55</scale>
<Icon><href>http://maps.google.com/mapfiles/kml/shapes/placemark_circle.png</href></Icon>
</IconStyle>
<LabelStyle><scale>0.65</scale></LabelStyle>
</Style><Placemark><name>MG30404VM0004 - Seg. 5</name><styleUrl>#s-VM-120</styleUrl><description><![CDATA[<table style="border-collapse:collapse;width:100%;font-family:'Helvetica Neue',Helvetica,Arial,sans-serif;font-size:11px;border:1px solid #e5e7eb;border-radius:8px;overflow:hidden;"><tr><th colspan="2" style="padding:5px 8px;background:#1f6feb;color:#fff;text-align:left;font-size:12px;font-weight:600;">MG30404VM0004 - Seg. 5</th></tr><tr><th style="padding:3px 5px;text-align:left;background:#f3f4f6;border-bottom:1px solid #d1d5db;width:30%;font-size:11px;font-weight:600;color:#1f2937;">Serviço</th><td style="padding:3px 5px;border-bottom:1px solid #e5e7eb;font-size:11px;color:#111827;">Varrição Mecanizada (VM)</td></tr><tr><th style="padding:3px 5px;text-align:left;background:#f3f4f6;border-bottom:1px solid #d1d5db;width:30%;font-size:11px;font-weight:600;color:#1f2937;">Setor</th><td style="padding:3px 5px;border-bottom:1px solid #e5e7eb;font-size:11px;color:#111827;">MG30404VM0004</td></tr><tr><th style="padding:3px 5px;text-align:left;background:#f3f4f6;border-bottom:1px solid #d1d5db;width:30%;font-size:11px;font-weight:600;color:#1f2937;">Tipo de Serviço</th><td style="padding:3px 5px;border-bottom:1px solid #e5e7eb;font-size:11px;color:#111827;">Varrição Mecanizada</td></tr><tr><th style="padding:3px 5px;text-align:left;background:#f3f4f6;border-bottom:1px solid #d1d5db;width:30%;font-size:11px;font-weight:600;color:#1f2937;">Nome</th><td style="padding:3px 5px;border-bottom:1px solid #e5e7eb;font-size:11px;color:#111827;">MG30404VM0004 - Seg. 5</td></tr><tr><th style="padding:3px 5px;text-align:left;background:#f3f4f6;border-bottom:1px solid #d1d5db;width:30%;font-size:11px;font-weight:600;color:#1f2937;">Logradouro</th><td style="padding:3px 5px;border-bottom:1px solid #e5e7eb;font-size:11px;color:#111827;">Av do Poeta</td></tr><tr><th style="padding:3px 5px;text-align:left;background:#f3f4f6;border-bottom:1px solid #d1d5db;width:30%;font-size:11px;font-weight:600;color:#1f2937;">Subprefeitura</th><td style="padding:3px 5px;border-bottom:1px solid #e5e7eb;font-size:11px;color:#111827;">Vila Maria / Vila Guilherme</td></tr><tr><th style="padding:3px 5px;text-align:left;background:#f3f4f6;border-bottom:1px solid #d1d5db;width:30%;font-size:11px;font-weight:600;color:#1f2937;">Turno</th><td style="padding:3px 5px;border-bottom:1px solid #e5e7eb;font-size:11px;color:#111827;">Noturno</td></tr><tr><th style="padding:3px 5px;text-align:left;background:#f3f4f6;border-bottom:1px solid #d1d5db;width:30%;font-size:11px;font-weight:600;color:#1f2937;">Frequência</th><td style="padding:3px 5px;border-bottom:1px solid #e5e7eb;font-size:11px;color:#111827;">—</td></tr><tr><th style="padding:3px 5px;text-align:left;background:#f3f4f6;border-bottom:1px solid #d1d5db;width:30%;font-size:11px;font-weight:600;color:#1f2937;">Cronograma</th><td style="padding:3px 5px;border-bottom:1px solid #e5e7eb;font-size:11px;color:#111827;">—</td></tr></table>]]></description><LineString><coordinates>-46.5692700,-23.4915200,0 -46.5689800,-23.4911200,0 -46.5685500,-23.4908600,0 -46.5678800,-23.4907700,0 -46.5665400,-23.4906700,0 -46.5662000,-23.4906000,0 -46.5658900,-23.4904800,0 -46.5657500,-23.4903200,0 -46.5656500,-23.4901400,0 -46.5660100,-23.4903900,0 -46.5656500,-23.4901400,0 -46.5665300,-23.4905800,0 -46.5662600,-23.4905200,0 -46.5660100,-23.4903900,0 -46.5677700,-23.4906600,0 -46.5665300,-23.4905800,0 -46.5695100,-23.4915700,0 -46.5690500,-23.4910700,0 -46.5684700,-23.4907300,0 -46.5677700,-23.4906600,0 -46.5695100,-23.4915700,0 -46.5693500,-23.4912300,0 -46.5691300,-23.4909100,0 -46.5688800,-23.4906700,0 -46.5686600,-23.4905400,0 -46.5685500,-23.4904400,0 -46.5681800,-23.4903800,0 -46.5670800,-23.4902800,0 -46.5664300,-23.4900000,0 -46.5662300,-23.4893500,0</coordinates></LineString></Placemark>
<Style id="s-VM-121">
<LineStyle><color>ffebce87</color><width>3.0</width></LineStyle>
<PolyStyle><color>ffebce87</color></PolyStyle>
<IconStyle><color>ffebce87</color><scale>0.55</scale>
<Icon><href>http://maps.google.com/mapfiles/kml/shapes/placemark_circle.png</href></Icon>
</IconStyle>
<LabelStyle><scale>0.65</scale></LabelStyle>
</Style><Placemark><name>MG30404VM0004 - Seg. 6</name><styleUrl>#s-VM-121</styleUrl><description><![CDATA[<table style="border-collapse:collapse;width:100%;font-family:'Helvetica Neue',Helvetica,Arial,sans-serif;font-size:11px;border:1px solid #e5e7eb;border-radius:8px;overflow:hidden;"><tr><th colspan="2" style="padding:5px 8px;background:#1f6feb;color:#fff;text-align:left;font-size:12px;font-weight:600;">MG30404VM0004 - Seg. 6</th></tr><tr><th style="padding:3px 5px;text-align:left;background:#f3f4f6;border-bottom:1px solid #d1d5db;width:30%;font-size:11px;font-weight:600;color:#1f2937;">Serviço</th><td style="padding:3px 5px;border-bottom:1px solid #e5e7eb;font-size:11px;color:#111827;">Varrição Mecanizada (VM)</td></tr><tr><th style="padding:3px 5px;text-align:left;background:#f3f4f6;border-bottom:1px solid #d1d5db;width:30%;font-size:11px;font-weight:600;color:#1f2937;">Setor</th><td style="padding:3px 5px;border-bottom:1px solid #e5e7eb;font-size:11px;color:#111827;">MG30404VM0004</td></tr><tr><th style="padding:3px 5px;text-align:left;background:#f3f4f6;border-bottom:1px solid #d1d5db;width:30%;font-size:11px;font-weight:600;color:#1f2937;">Tipo de Serviço</th><td style="padding:3px 5px;border-bottom:1px solid #e5e7eb;font-size:11px;color:#111827;">Varrição Mecanizada</td></tr><tr><th style="padding:3px 5px;text-align:left;background:#f3f4f6;border-bottom:1px solid #d1d5db;width:30%;font-size:11px;font-weight:600;color:#1f2937;">Nome</th><td style="padding:3px 5px;border-bottom:1px solid #e5e7eb;font-size:11px;color:#111827;">MG30404VM0004 - Seg. 6</td></tr><tr><th style="padding:3px 5px;text-align:left;background:#f3f4f6;border-bottom:1px solid #d1d5db;width:30%;font-size:11px;font-weight:600;color:#1f2937;">Logradouro</th><td style="padding:3px 5px;border-bottom:1px solid #e5e7eb;font-size:11px;color:#111827;">Av Guilherme Cotching</td></tr><tr><th style="padding:3px 5px;text-align:left;background:#f3f4f6;border-bottom:1px solid #d1d5db;width:30%;font-size:11px;font-weight:600;color:#1f2937;">Subprefeitura</th><td style="padding:3px 5px;border-bottom:1px solid #e5e7eb;font-size:11px;color:#111827;">Vila Maria / Vila Guilherme</td></tr><tr><th style="padding:3px 5px;text-align:left;background:#f3f4f6;border-bottom:1px solid #d1d5db;width:30%;font-size:11px;font-weight:600;color:#1f2937;">Turno</th><td style="padding:3px 5px;border-bottom:1px solid #e5e7eb;font-size:11px;color:#111827;">Noturno</td></tr><tr><th style="padding:3px 5px;text-align:left;background:#f3f4f6;border-bottom:1px solid #d1d5db;width:30%;font-size:11px;font-weight:600;color:#1f2937;">Frequência</th><td style="padding:3px 5px;border-bottom:1px solid #e5e7eb;font-size:11px;color:#111827;">—</td></tr><tr><th style="padding:3px 5px;text-align:left;background:#f3f4f6;border-bottom:1px solid #d1d5db;width:30%;font-size:11px;font-weight:600;color:#1f2937;">Cronograma</th><td style="padding:3px 5px;border-bottom:1px solid #e5e7eb;font-size:11px;color:#111827;">—</td></tr></table>]]></description><LineString><coordinates>-46.5956500,-23.5258300,0 -46.5953600,-23.5255000,0 -46.5950900,-23.5251200,0 -46.5929900,-23.5223900,0 -46.5924900,-23.5218000,0 -46.5905800,-23.5193500,0 -46.5869000,-23.5146900,0 -46.5853100,-23.5126300,0</coordinates></LineString></Placemark>
<Style id="s-VM-122">
<LineStyle><color>ffebce87</color><width>3.0</width></LineStyle>
<PolyStyle><color>ffebce87</color></PolyStyle>
<IconStyle><color>ffebce87</color><scale>0.55</scale>
<Icon><href>http://maps.google.com/mapfiles/kml/shapes/placemark_circle.png</href></Icon>
</IconStyle>
<LabelStyle><scale>0.65</scale></LabelStyle>
</Style><Placemark><name>MG30404VM0004 - Seg. 7</name><styleUrl>#s-VM-122</styleUrl><description><![CDATA[<table style="border-collapse:collapse;width:100%;font-family:'Helvetica Neue',Helvetica,Arial,sans-serif;font-size:11px;border:1px solid #e5e7eb;border-radius:8px;overflow:hidden;"><tr><th colspan="2" style="padding:5px 8px;background:#1f6feb;color:#fff;text-align:left;font-size:12px;font-weight:600;">MG30404VM0004 - Seg. 7</th></tr><tr><th style="padding:3px 5px;text-align:left;background:#f3f4f6;border-bottom:1px solid #d1d5db;width:30%;font-size:11px;font-weight:600;color:#1f2937;">Serviço</th><td style="padding:3px 5px;border-bottom:1px solid #e5e7eb;font-size:11px;color:#111827;">Varrição Mecanizada (VM)</td></tr><tr><th style="padding:3px 5px;text-align:left;background:#f3f4f6;border-bottom:1px solid #d1d5db;width:30%;font-size:11px;font-weight:600;color:#1f2937;">Setor</th><td style="padding:3px 5px;border-bottom:1px solid #e5e7eb;font-size:11px;color:#111827;">MG30404VM0004</td></tr><tr><th style="padding:3px 5px;text-align:left;background:#f3f4f6;border-bottom:1px solid #d1d5db;width:30%;font-size:11px;font-weight:600;color:#1f2937;">Tipo de Serviço</th><td style="padding:3px 5px;border-bottom:1px solid #e5e7eb;font-size:11px;color:#111827;">Varrição Mecanizada</td></tr><tr><th style="padding:3px 5px;text-align:left;background:#f3f4f6;border-bottom:1px solid #d1d5db;width:30%;font-size:11px;font-weight:600;color:#1f2937;">Nome</th><td style="padding:3px 5px;border-bottom:1px solid #e5e7eb;font-size:11px;color:#111827;">MG30404VM0004 - Seg. 7</td></tr><tr><th style="padding:3px 5px;text-align:left;background:#f3f4f6;border-bottom:1px solid #d1d5db;width:30%;font-size:11px;font-weight:600;color:#1f2937;">Logradouro</th><td style="padding:3px 5px;border-bottom:1px solid #e5e7eb;font-size:11px;color:#111827;">Av Guilherme Cotching</td></tr><tr><th style="padding:3px 5px;text-align:left;background:#f3f4f6;border-bottom:1px solid #d1d5db;width:30%;font-size:11px;font-weight:600;color:#1f2937;">Subprefeitura</th><td style="padding:3px 5px;border-bottom:1px solid #e5e7eb;font-size:11px;color:#111827;">Vila Maria / Vila Guilherme</td></tr><tr><th style="padding:3px 5px;text-align:left;background:#f3f4f6;border-bottom:1px solid #d1d5db;width:30%;font-size:11px;font-weight:600;color:#1f2937;">Turno</th><td style="padding:3px 5px;border-bottom:1px solid #e5e7eb;font-size:11px;color:#111827;">Noturno</td></tr><tr><th style="padding:3px 5px;text-align:left;background:#f3f4f6;border-bottom:1px solid #d1d5db;width:30%;font-size:11px;font-weight:600;color:#1f2937;">Frequência</th><td style="padding:3px 5px;border-bottom:1px solid #e5e7eb;font-size:11px;color:#111827;">—</td></tr><tr><th style="padding:3px 5px;text-align:left;background:#f3f4f6;border-bottom:1px solid #d1d5db;width:30%;font-size:11px;font-weight:600;color:#1f2937;">Cronograma</th><td style="padding:3px 5px;border-bottom:1px solid #e5e7eb;font-size:11px;color:#111827;">—</td></tr></table>]]></description><LineString><coordinates>-46.5958200,-23.5262200,0 -46.5950500,-23.5253400,0 -46.5946500,-23.5247900,0 -46.5933400,-23.5231000,0 -46.5861400,-23.5139400,0 -46.5852000,-23.5127000,0</coordinates></LineString></Placemark>
<Style id="s-VM-123">
<LineStyle><color>ffebce87</color><width>3.0</width></LineStyle>
<PolyStyle><color>ffebce87</color></PolyStyle>
<IconStyle><color>ffebce87</color><scale>0.55</scale>
<Icon><href>http://maps.google.com/mapfiles/kml/shapes/placemark_circle.png</href></Icon>
</IconStyle>
<LabelStyle><scale>0.65</scale></LabelStyle>
</Style><Placemark><name>MG30404VM0004 - Seg. 8</name><styleUrl>#s-VM-123</styleUrl><description><![CDATA[<table style="border-collapse:collapse;width:100%;font-family:'Helvetica Neue',Helvetica,Arial,sans-serif;font-size:11px;border:1px solid #e5e7eb;border-radius:8px;overflow:hidden;"><tr><th colspan="2" style="padding:5px 8px;background:#1f6feb;color:#fff;text-align:left;font-size:12px;font-weight:600;">MG30404VM0004 - Seg. 8</th></tr><tr><th style="padding:3px 5px;text-align:left;background:#f3f4f6;border-bottom:1px solid #d1d5db;width:30%;font-size:11px;font-weight:600;color:#1f2937;">Serviço</th><td style="padding:3px 5px;border-bottom:1px solid #e5e7eb;font-size:11px;color:#111827;">Varrição Mecanizada (VM)</td></tr><tr><th style="padding:3px 5px;text-align:left;background:#f3f4f6;border-bottom:1px solid #d1d5db;width:30%;font-size:11px;font-weight:600;color:#1f2937;">Setor</th><td style="padding:3px 5px;border-bottom:1px solid #e5e7eb;font-size:11px;color:#111827;">MG30404VM0004</td></tr><tr><th style="padding:3px 5px;text-align:left;background:#f3f4f6;border-bottom:1px solid #d1d5db;width:30%;font-size:11px;font-weight:600;color:#1f2937;">Tipo de Serviço</th><td style="padding:3px 5px;border-bottom:1px solid #e5e7eb;font-size:11px;color:#111827;">Varrição Mecanizada</td></tr><tr><th style="padding:3px 5px;text-align:left;background:#f3f4f6;border-bottom:1px solid #d1d5db;width:30%;font-size:11px;font-weight:600;color:#1f2937;">Nome</th><td style="padding:3px 5px;border-bottom:1px solid #e5e7eb;font-size:11px;color:#111827;">MG30404VM0004 - Seg. 8</td></tr><tr><th style="padding:3px 5px;text-align:left;background:#f3f4f6;border-bottom:1px solid #d1d5db;width:30%;font-size:11px;font-weight:600;color:#1f2937;">Logradouro</th><td style="padding:3px 5px;border-bottom:1px solid #e5e7eb;font-size:11px;color:#111827;">Av Joao Simao de Castro</td></tr><tr><th style="padding:3px 5px;text-align:left;background:#f3f4f6;border-bottom:1px solid #d1d5db;width:30%;font-size:11px;font-weight:600;color:#1f2937;">Subprefeitura</th><td style="padding:3px 5px;border-bottom:1px solid #e5e7eb;font-size:11px;color:#111827;">Vila Maria / Vila Guilherme</td></tr><tr><th style="padding:3px 5px;text-align:left;background:#f3f4f6;border-bottom:1px solid #d1d5db;width:30%;font-size:11px;font-weight:600;color:#1f2937;">Turno</th><td style="padding:3px 5px;border-bottom:1px solid #e5e7eb;font-size:11px;color:#111827;">Noturno</td></tr><tr><th style="padding:3px 5px;text-align:left;background:#f3f4f6;border-bottom:1px solid #d1d5db;width:30%;font-size:11px;font-weight:600;color:#1f2937;">Frequência</th><td style="padding:3px 5px;border-bottom:1px solid #e5e7eb;font-size:11px;color:#111827;">—</td></tr><tr><th style="padding:3px 5px;text-align:left;background:#f3f4f6;border-bottom:1px solid #d1d5db;width:30%;font-size:11px;font-weight:600;color:#1f2937;">Cronograma</th><td style="padding:3px 5px;border-bottom:1px solid #e5e7eb;font-size:11px;color:#111827;">—</td></tr></table>]]></description><LineString><coordinates>-46.5759800,-23.4895200,0 -46.5749300,-23.4895200,0 -46.5746800,-23.4895400,0 -46.5757400,-23.4892900,0 -46.5755300,-23.4892700,0 -46.5753000,-23.4893200,0 -46.5749800,-23.4893200,0 -46.5746900,-23.4892500,0 -46.5741500,-23.4895500,0 -46.5739500,-23.4894900,0 -46.5737600,-23.4894800,0 -46.5696400,-23.4893700,0 -46.5690600,-23.4893600,0 -46.5684500,-23.4894200,0 -46.5654200,-23.4893300,0</coordinates></LineString></Placemark>
<Style id="s-VM-124">
<LineStyle><color>ffebce87</color><width>3.0</width></LineStyle>
<PolyStyle><color>ffebce87</color></PolyStyle>
<IconStyle><color>ffebce87</color><scale>0.55</scale>
<Icon><href>http://maps.google.com/mapfiles/kml/shapes/placemark_circle.png</href></Icon>
</IconStyle>
<LabelStyle><scale>0.65</scale></LabelStyle>
</Style><Placemark><name>MG30404VM0004 - Seg. 9</name><styleUrl>#s-VM-124</styleUrl><description><![CDATA[<table style="border-collapse:collapse;width:100%;font-family:'Helvetica Neue',Helvetica,Arial,sans-serif;font-size:11px;border:1px solid #e5e7eb;border-radius:8px;overflow:hidden;"><tr><th colspan="2" style="padding:5px 8px;background:#1f6feb;color:#fff;text-align:left;font-size:12px;font-weight:600;">MG30404VM0004 - Seg. 9</th></tr><tr><th style="padding:3px 5px;text-align:left;background:#f3f4f6;border-bottom:1px solid #d1d5db;width:30%;font-size:11px;font-weight:600;color:#1f2937;">Serviço</th><td style="padding:3px 5px;border-bottom:1px solid #e5e7eb;font-size:11px;color:#111827;">Varrição Mecanizada (VM)</td></tr><tr><th style="padding:3px 5px;text-align:left;background:#f3f4f6;border-bottom:1px solid #d1d5db;width:30%;font-size:11px;font-weight:600;color:#1f2937;">Setor</th><td style="padding:3px 5px;border-bottom:1px solid #e5e7eb;font-size:11px;color:#111827;">MG30404VM0004</td></tr><tr><th style="padding:3px 5px;text-align:left;background:#f3f4f6;border-bottom:1px solid #d1d5db;width:30%;font-size:11px;font-weight:600;color:#1f2937;">Tipo de Serviço</th><td style="padding:3px 5px;border-bottom:1px solid #e5e7eb;font-size:11px;color:#111827;">Varrição Mecanizada</td></tr><tr><th style="padding:3px 5px;text-align:left;background:#f3f4f6;border-bottom:1px solid #d1d5db;width:30%;font-size:11px;font-weight:600;color:#1f2937;">Nome</th><td style="padding:3px 5px;border-bottom:1px solid #e5e7eb;font-size:11px;color:#111827;">MG30404VM0004 - Seg. 9</td></tr><tr><th style="padding:3px 5px;text-align:left;background:#f3f4f6;border-bottom:1px solid #d1d5db;width:30%;font-size:11px;font-weight:600;color:#1f2937;">Logradouro</th><td style="padding:3px 5px;border-bottom:1px solid #e5e7eb;font-size:11px;color:#111827;">Av Joao Simao de Castro</td></tr><tr><th style="padding:3px 5px;text-align:left;background:#f3f4f6;border-bottom:1px solid #d1d5db;width:30%;font-size:11px;font-weight:600;color:#1f2937;">Subprefeitura</th><td style="padding:3px 5px;border-bottom:1px solid #e5e7eb;font-size:11px;color:#111827;">Vila Maria / Vila Guilherme</td></tr><tr><th style="padding:3px 5px;text-align:left;background:#f3f4f6;border-bottom:1px solid #d1d5db;width:30%;font-size:11px;font-weight:600;color:#1f2937;">Turno</th><td style="padding:3px 5px;border-bottom:1px solid #e5e7eb;font-size:11px;color:#111827;">Noturno</td></tr><tr><th style="padding:3px 5px;text-align:left;background:#f3f4f6;border-bottom:1px solid #d1d5db;width:30%;font-size:11px;font-weight:600;color:#1f2937;">Frequência</th><td style="padding:3px 5px;border-bottom:1px solid #e5e7eb;font-size:11px;color:#111827;">—</td></tr><tr><th style="padding:3px 5px;text-align:left;background:#f3f4f6;border-bottom:1px solid #d1d5db;width:30%;font-size:11px;font-weight:600;color:#1f2937;">Cronograma</th><td style="padding:3px 5px;border-bottom:1px solid #e5e7eb;font-size:11px;color:#111827;">—</td></tr></table>]]></description><LineString><coordinates>-46.5741400,-23.4892700,0 -46.5739500,-23.4893000,0 -46.5737600,-23.4893000,0 -46.5717600,-23.4892500,0 -46.5699600,-23.4891800,0 -46.5654300,-23.4890500,0</coordinates></LineString></Placemark>
<Style id="s-VM-125">
<LineStyle><color>ffebce87</color><width>3.0</width></LineStyle>
<PolyStyle><color>ffebce87</color></PolyStyle>
<IconStyle><color>ffebce87</color><scale>0.55</scale>
<Icon><href>http://maps.google.com/mapfiles/kml/shapes/placemark_circle.png</href></Icon>
</IconStyle>
<LabelStyle><scale>0.65</scale></LabelStyle>
</Style><Placemark><name>MG30404VM0004 - Seg. 10</name><styleUrl>#s-VM-125</styleUrl><description><![CDATA[<table style="border-collapse:collapse;width:100%;font-family:'Helvetica Neue',Helvetica,Arial,sans-serif;font-size:11px;border:1px solid #e5e7eb;border-radius:8px;overflow:hidden;"><tr><th colspan="2" style="padding:5px 8px;background:#1f6feb;color:#fff;text-align:left;font-size:12px;font-weight:600;">MG30404VM0004 - Seg. 10</th></tr><tr><th style="padding:3px 5px;text-align:left;background:#f3f4f6;border-bottom:1px solid #d1d5db;width:30%;font-size:11px;font-weight:600;color:#1f2937;">Serviço</th><td style="padding:3px 5px;border-bottom:1px solid #e5e7eb;font-size:11px;color:#111827;">Varrição Mecanizada (VM)</td></tr><tr><th style="padding:3px 5px;text-align:left;background:#f3f4f6;border-bottom:1px solid #d1d5db;width:30%;font-size:11px;font-weight:600;color:#1f2937;">Setor</th><td style="padding:3px 5px;border-bottom:1px solid #e5e7eb;font-size:11px;color:#111827;">MG30404VM0004</td></tr><tr><th style="padding:3px 5px;text-align:left;background:#f3f4f6;border-bottom:1px solid #d1d5db;width:30%;font-size:11px;font-weight:600;color:#1f2937;">Tipo de Serviço</th><td style="padding:3px 5px;border-bottom:1px solid #e5e7eb;font-size:11px;color:#111827;">Varrição Mecanizada</td></tr><tr><th style="padding:3px 5px;text-align:left;background:#f3f4f6;border-bottom:1px solid #d1d5db;width:30%;font-size:11px;font-weight:600;color:#1f2937;">Nome</th><td style="padding:3px 5px;border-bottom:1px solid #e5e7eb;font-size:11px;color:#111827;">MG30404VM0004 - Seg. 10</td></tr><tr><th style="padding:3px 5px;text-align:left;background:#f3f4f6;border-bottom:1px solid #d1d5db;width:30%;font-size:11px;font-weight:600;color:#1f2937;">Logradouro</th><td style="padding:3px 5px;border-bottom:1px solid #e5e7eb;font-size:11px;color:#111827;">Av Jose Maria Fernandes</td></tr><tr><th style="padding:3px 5px;text-align:left;background:#f3f4f6;border-bottom:1px solid #d1d5db;width:30%;font-size:11px;font-weight:600;color:#1f2937;">Subprefeitura</th><td style="padding:3px 5px;border-bottom:1px solid #e5e7eb;font-size:11px;color:#111827;">Vila Maria / Vila Guilherme</td></tr><tr><th style="padding:3px 5px;text-align:left;background:#f3f4f6;border-bottom:1px solid #d1d5db;width:30%;font-size:11px;font-weight:600;color:#1f2937;">Turno</th><td style="padding:3px 5px;border-bottom:1px solid #e5e7eb;font-size:11px;color:#111827;">Noturno</td></tr><tr><th style="padding:3px 5px;text-align:left;background:#f3f4f6;border-bottom:1px solid #d1d5db;width:30%;font-size:11px;font-weight:600;color:#1f2937;">Frequência</th><td style="padding:3px 5px;border-bottom:1px solid #e5e7eb;font-size:11px;color:#111827;">—</td></tr><tr><th style="padding:3px 5px;text-align:left;background:#f3f4f6;border-bottom:1px solid #d1d5db;width:30%;font-size:11px;font-weight:600;color:#1f2937;">Cronograma</th><td style="padding:3px 5px;border-bottom:1px solid #e5e7eb;font-size:11px;color:#111827;">—</td></tr></table>]]></description><LineString><coordinates>-46.5681200,-23.5164300,0 -46.5677700,-23.5064200,0 -46.5677300,-23.5055600,0 -46.5675800,-23.5047300,0</coordinates></LineString></Placemark>
<Style id="s-VM-126">
<LineStyle><color>ffebce87</color><width>3.0</width></LineStyle>
<PolyStyle><color>ffebce87</color></PolyStyle>
<IconStyle><color>ffebce87</color><scale>0.55</scale>
<Icon><href>http://maps.google.com/mapfiles/kml/shapes/placemark_circle.png</href></Icon>
</IconStyle>
<LabelStyle><scale>0.65</scale></LabelStyle>
</Style><Placemark><name>MG30404VM0004 - Seg. 11</name><styleUrl>#s-VM-126</styleUrl><description><![CDATA[<table style="border-collapse:collapse;width:100%;font-family:'Helvetica Neue',Helvetica,Arial,sans-serif;font-size:11px;border:1px solid #e5e7eb;border-radius:8px;overflow:hidden;"><tr><th colspan="2" style="padding:5px 8px;background:#1f6feb;color:#fff;text-align:left;font-size:12px;font-weight:600;">MG30404VM0004 - Seg. 11</th></tr><tr><th style="padding:3px 5px;text-align:left;background:#f3f4f6;border-bottom:1px solid #d1d5db;width:30%;font-size:11px;font-weight:600;color:#1f2937;">Serviço</th><td style="padding:3px 5px;border-bottom:1px solid #e5e7eb;font-size:11px;color:#111827;">Varrição Mecanizada (VM)</td></tr><tr><th style="padding:3px 5px;text-align:left;background:#f3f4f6;border-bottom:1px solid #d1d5db;width:30%;font-size:11px;font-weight:600;color:#1f2937;">Setor</th><td style="padding:3px 5px;border-bottom:1px solid #e5e7eb;font-size:11px;color:#111827;">MG30404VM0004</td></tr><tr><th style="padding:3px 5px;text-align:left;background:#f3f4f6;border-bottom:1px solid #d1d5db;width:30%;font-size:11px;font-weight:600;color:#1f2937;">Tipo de Serviço</th><td style="padding:3px 5px;border-bottom:1px solid #e5e7eb;font-size:11px;color:#111827;">Varrição Mecanizada</td></tr><tr><th style="padding:3px 5px;text-align:left;background:#f3f4f6;border-bottom:1px solid #d1d5db;width:30%;font-size:11px;font-weight:600;color:#1f2937;">Nome</th><td style="padding:3px 5px;border-bottom:1px solid #e5e7eb;font-size:11px;color:#111827;">MG30404VM0004 - Seg. 11</td></tr><tr><th style="padding:3px 5px;text-align:left;background:#f3f4f6;border-bottom:1px solid #d1d5db;width:30%;font-size:11px;font-weight:600;color:#1f2937;">Logradouro</th><td style="padding:3px 5px;border-bottom:1px solid #e5e7eb;font-size:11px;color:#111827;">Av Jose Maria Fernandes</td></tr><tr><th style="padding:3px 5px;text-align:left;background:#f3f4f6;border-bottom:1px solid #d1d5db;width:30%;font-size:11px;font-weight:600;color:#1f2937;">Subprefeitura</th><td style="padding:3px 5px;border-bottom:1px solid #e5e7eb;font-size:11px;color:#111827;">Vila Maria / Vila Guilherme</td></tr><tr><th style="padding:3px 5px;text-align:left;background:#f3f4f6;border-bottom:1px solid #d1d5db;width:30%;font-size:11px;font-weight:600;color:#1f2937;">Turno</th><td style="padding:3px 5px;border-bottom:1px solid #e5e7eb;font-size:11px;color:#111827;">Noturno</td></tr><tr><th style="padding:3px 5px;text-align:left;background:#f3f4f6;border-bottom:1px solid #d1d5db;width:30%;font-size:11px;font-weight:600;color:#1f2937;">Frequência</th><td style="padding:3px 5px;border-bottom:1px solid #e5e7eb;font-size:11px;color:#111827;">—</td></tr><tr><th style="padding:3px 5px;text-align:left;background:#f3f4f6;border-bottom:1px solid #d1d5db;width:30%;font-size:11px;font-weight:600;color:#1f2937;">Cronograma</th><td style="padding:3px 5px;border-bottom:1px solid #e5e7eb;font-size:11px;color:#111827;">—</td></tr></table>]]></description><LineString><coordinates>-46.5679700,-23.5164300,0 -46.5677200,-23.5093000,0 -46.5676200,-23.5055900,0 -46.5675500,-23.5047700,0</coordinates></LineString></Placemark>
<Style id="s-VM-127">
<LineStyle><color>ffebce87</color><width>3.0</width></LineStyle>
<PolyStyle><color>ffebce87</color></PolyStyle>
<IconStyle><color>ffebce87</color><scale>0.55</scale>
<Icon><href>http://maps.google.com/mapfiles/kml/shapes/placemark_circle.png</href></Icon>
</IconStyle>
<LabelStyle><scale>0.65</scale></LabelStyle>
</Style><Placemark><name>MG30404VM0004 - Seg. 12</name><styleUrl>#s-VM-127</styleUrl><description><![CDATA[<table style="border-collapse:collapse;width:100%;font-family:'Helvetica Neue',Helvetica,Arial,sans-serif;font-size:11px;border:1px solid #e5e7eb;border-radius:8px;overflow:hidden;"><tr><th colspan="2" style="padding:5px 8px;background:#1f6feb;color:#fff;text-align:left;font-size:12px;font-weight:600;">MG30404VM0004 - Seg. 12</th></tr><tr><th style="padding:3px 5px;text-align:left;background:#f3f4f6;border-bottom:1px solid #d1d5db;width:30%;font-size:11px;font-weight:600;color:#1f2937;">Serviço</th><td style="padding:3px 5px;border-bottom:1px solid #e5e7eb;font-size:11px;color:#111827;">Varrição Mecanizada (VM)</td></tr><tr><th style="padding:3px 5px;text-align:left;background:#f3f4f6;border-bottom:1px solid #d1d5db;width:30%;font-size:11px;font-weight:600;color:#1f2937;">Setor</th><td style="padding:3px 5px;border-bottom:1px solid #e5e7eb;font-size:11px;color:#111827;">MG30404VM0004</td></tr><tr><th style="padding:3px 5px;text-align:left;background:#f3f4f6;border-bottom:1px solid #d1d5db;width:30%;font-size:11px;font-weight:600;color:#1f2937;">Tipo de Serviço</th><td style="padding:3px 5px;border-bottom:1px solid #e5e7eb;font-size:11px;color:#111827;">Varrição Mecanizada</td></tr><tr><th style="padding:3px 5px;text-align:left;background:#f3f4f6;border-bottom:1px solid #d1d5db;width:30%;font-size:11px;font-weight:600;color:#1f2937;">Nome</th><td style="padding:3px 5px;border-bottom:1px solid #e5e7eb;font-size:11px;color:#111827;">MG30404VM0004 - Seg. 12</td></tr><tr><th style="padding:3px 5px;text-align:left;background:#f3f4f6;border-bottom:1px solid #d1d5db;width:30%;font-size:11px;font-weight:600;color:#1f2937;">Logradouro</th><td style="padding:3px 5px;border-bottom:1px solid #e5e7eb;font-size:11px;color:#111827;">Av Mal Argolo Ferrao</td></tr><tr><th style="padding:3px 5px;text-align:left;background:#f3f4f6;border-bottom:1px solid #d1d5db;width:30%;font-size:11px;font-weight:600;color:#1f2937;">Subprefeitura</th><td style="padding:3px 5px;border-bottom:1px solid #e5e7eb;font-size:11px;color:#111827;">Vila Maria / Vila Guilherme</td></tr><tr><th style="padding:3px 5px;text-align:left;background:#f3f4f6;border-bottom:1px solid #d1d5db;width:30%;font-size:11px;font-weight:600;color:#1f2937;">Turno</th><td style="padding:3px 5px;border-bottom:1px solid #e5e7eb;font-size:11px;color:#111827;">Noturno</td></tr><tr><th style="padding:3px 5px;text-align:left;background:#f3f4f6;border-bottom:1px solid #d1d5db;width:30%;font-size:11px;font-weight:600;color:#1f2937;">Frequência</th><td style="padding:3px 5px;border-bottom:1px solid #e5e7eb;font-size:11px;color:#111827;">—</td></tr><tr><th style="padding:3px 5px;text-align:left;background:#f3f4f6;border-bottom:1px solid #d1d5db;width:30%;font-size:11px;font-weight:600;color:#1f2937;">Cronograma</th><td style="padding:3px 5px;border-bottom:1px solid #e5e7eb;font-size:11px;color:#111827;">—</td></tr></table>]]></description><LineString><coordinates>-46.5741000,-23.4929200,0 -46.5724700,-23.4957800,0 -46.5723000,-23.4960900,0 -46.5722300,-23.4962600,0 -46.5716100,-23.4972900,0 -46.5705200,-23.4992600,0 -46.5701900,-23.4997800,0</coordinates></LineString></Placemark>
<Style id="s-VM-128">
<LineStyle><color>ffebce87</color><width>3.0</width></LineStyle>
<PolyStyle><color>ffebce87</color></PolyStyle>
<IconStyle><color>ffebce87</color><scale>0.55</scale>
<Icon><href>http://maps.google.com/mapfiles/kml/shapes/placemark_circle.png</href></Icon>
</IconStyle>
<LabelStyle><scale>0.65</scale></LabelStyle>
</Style><Placemark><name>MG30404VM0004 - Seg. 13</name><styleUrl>#s-VM-128</styleUrl><description><![CDATA[<table style="border-collapse:collapse;width:100%;font-family:'Helvetica Neue',Helvetica,Arial,sans-serif;font-size:11px;border:1px solid #e5e7eb;border-radius:8px;overflow:hidden;"><tr><th colspan="2" style="padding:5px 8px;background:#1f6feb;color:#fff;text-align:left;font-size:12px;font-weight:600;">MG30404VM0004 - Seg. 13</th></tr><tr><th style="padding:3px 5px;text-align:left;background:#f3f4f6;border-bottom:1px solid #d1d5db;width:30%;font-size:11px;font-weight:600;color:#1f2937;">Serviço</th><td style="padding:3px 5px;border-bottom:1px solid #e5e7eb;font-size:11px;color:#111827;">Varrição Mecanizada (VM)</td></tr><tr><th style="padding:3px 5px;text-align:left;background:#f3f4f6;border-bottom:1px solid #d1d5db;width:30%;font-size:11px;font-weight:600;color:#1f2937;">Setor</th><td style="padding:3px 5px;border-bottom:1px solid #e5e7eb;font-size:11px;color:#111827;">MG30404VM0004</td></tr><tr><th style="padding:3px 5px;text-align:left;background:#f3f4f6;border-bottom:1px solid #d1d5db;width:30%;font-size:11px;font-weight:600;color:#1f2937;">Tipo de Serviço</th><td style="padding:3px 5px;border-bottom:1px solid #e5e7eb;font-size:11px;color:#111827;">Varrição Mecanizada</td></tr><tr><th style="padding:3px 5px;text-align:left;background:#f3f4f6;border-bottom:1px solid #d1d5db;width:30%;font-size:11px;font-weight:600;color:#1f2937;">Nome</th><td style="padding:3px 5px;border-bottom:1px solid #e5e7eb;font-size:11px;color:#111827;">MG30404VM0004 - Seg. 13</td></tr><tr><th style="padding:3px 5px;text-align:left;background:#f3f4f6;border-bottom:1px solid #d1d5db;width:30%;font-size:11px;font-weight:600;color:#1f2937;">Logradouro</th><td style="padding:3px 5px;border-bottom:1px solid #e5e7eb;font-size:11px;color:#111827;">Av Mal Argolo Ferrao</td></tr><tr><th style="padding:3px 5px;text-align:left;background:#f3f4f6;border-bottom:1px solid #d1d5db;width:30%;font-size:11px;font-weight:600;color:#1f2937;">Subprefeitura</th><td style="padding:3px 5px;border-bottom:1px solid #e5e7eb;font-size:11px;color:#111827;">Vila Maria / Vila Guilherme</td></tr><tr><th style="padding:3px 5px;text-align:left;background:#f3f4f6;border-bottom:1px solid #d1d5db;width:30%;font-size:11px;font-weight:600;color:#1f2937;">Turno</th><td style="padding:3px 5px;border-bottom:1px solid #e5e7eb;font-size:11px;color:#111827;">Noturno</td></tr><tr><th style="padding:3px 5px;text-align:left;background:#f3f4f6;border-bottom:1px solid #d1d5db;width:30%;font-size:11px;font-weight:600;color:#1f2937;">Frequência</th><td style="padding:3px 5px;border-bottom:1px solid #e5e7eb;font-size:11px;color:#111827;">—</td></tr><tr><th style="padding:3px 5px;text-align:left;background:#f3f4f6;border-bottom:1px solid #d1d5db;width:30%;font-size:11px;font-weight:600;color:#1f2937;">Cronograma</th><td style="padding:3px 5px;border-bottom:1px solid #e5e7eb;font-size:11px;color:#111827;">—</td></tr></table>]]></description><LineString><coordinates>-46.5739500,-23.4928400,0 -46.5708700,-23.4983300,0 -46.5704200,-23.4990700,0 -46.5700900,-23.4996700,0</coordinates></LineString></Placemark>
<Style id="s-VM-129">
<LineStyle><color>ffebce87</color><width>3.0</width></LineStyle>
<PolyStyle><color>ffebce87</color></PolyStyle>
<IconStyle><color>ffebce87</color><scale>0.55</scale>
<Icon><href>http://maps.google.com/mapfiles/kml/shapes/placemark_circle.png</href></Icon>
</IconStyle>
<LabelStyle><scale>0.65</scale></LabelStyle>
</Style><Placemark><name>MG30404VM0004 - Seg. 14</name><styleUrl>#s-VM-129</styleUrl><description><![CDATA[<table style="border-collapse:collapse;width:100%;font-family:'Helvetica Neue',Helvetica,Arial,sans-serif;font-size:11px;border:1px solid #e5e7eb;border-radius:8px;overflow:hidden;"><tr><th colspan="2" style="padding:5px 8px;background:#1f6feb;color:#fff;text-align:left;font-size:12px;font-weight:600;">MG30404VM0004 - Seg. 14</th></tr><tr><th style="padding:3px 5px;text-align:left;background:#f3f4f6;border-bottom:1px solid #d1d5db;width:30%;font-size:11px;font-weight:600;color:#1f2937;">Serviço</th><td style="padding:3px 5px;border-bottom:1px solid #e5e7eb;font-size:11px;color:#111827;">Varrição Mecanizada (VM)</td></tr><tr><th style="padding:3px 5px;text-align:left;background:#f3f4f6;border-bottom:1px solid #d1d5db;width:30%;font-size:11px;font-weight:600;color:#1f2937;">Setor</th><td style="padding:3px 5px;border-bottom:1px solid #e5e7eb;font-size:11px;color:#111827;">MG30404VM0004</td></tr><tr><th style="padding:3px 5px;text-align:left;background:#f3f4f6;border-bottom:1px solid #d1d5db;width:30%;font-size:11px;font-weight:600;color:#1f2937;">Tipo de Serviço</th><td style="padding:3px 5px;border-bottom:1px solid #e5e7eb;font-size:11px;color:#111827;">Varrição Mecanizada</td></tr><tr><th style="padding:3px 5px;text-align:left;background:#f3f4f6;border-bottom:1px solid #d1d5db;width:30%;font-size:11px;font-weight:600;color:#1f2937;">Nome</th><td style="padding:3px 5px;border-bottom:1px solid #e5e7eb;font-size:11px;color:#111827;">MG30404VM0004 - Seg. 14</td></tr><tr><th style="padding:3px 5px;text-align:left;background:#f3f4f6;border-bottom:1px solid #d1d5db;width:30%;font-size:11px;font-weight:600;color:#1f2937;">Logradouro</th><td style="padding:3px 5px;border-bottom:1px solid #e5e7eb;font-size:11px;color:#111827;">Av Manuel Antonio Goncalves</td></tr><tr><th style="padding:3px 5px;text-align:left;background:#f3f4f6;border-bottom:1px solid #d1d5db;width:30%;font-size:11px;font-weight:600;color:#1f2937;">Subprefeitura</th><td style="padding:3px 5px;border-bottom:1px solid #e5e7eb;font-size:11px;color:#111827;">Vila Maria / Vila Guilherme</td></tr><tr><th style="padding:3px 5px;text-align:left;background:#f3f4f6;border-bottom:1px solid #d1d5db;width:30%;font-size:11px;font-weight:600;color:#1f2937;">Turno</th><td style="padding:3px 5px;border-bottom:1px solid #e5e7eb;font-size:11px;color:#111827;">Noturno</td></tr><tr><th style="padding:3px 5px;text-align:left;background:#f3f4f6;border-bottom:1px solid #d1d5db;width:30%;font-size:11px;font-weight:600;color:#1f2937;">Frequência</th><td style="padding:3px 5px;border-bottom:1px solid #e5e7eb;font-size:11px;color:#111827;">—</td></tr><tr><th style="padding:3px 5px;text-align:left;background:#f3f4f6;border-bottom:1px solid #d1d5db;width:30%;font-size:11px;font-weight:600;color:#1f2937;">Cronograma</th><td style="padding:3px 5px;border-bottom:1px solid #e5e7eb;font-size:11px;color:#111827;">—</td></tr></table>]]></description><LineString><coordinates>-46.5728500,-23.4995400,0 -46.5728700,-23.4994500,0 -46.5728100,-23.4991900,0 -46.5729100,-23.4983100,0 -46.5729200,-23.4979200,0 -46.5729000,-23.4975500,0 -46.5726800,-23.4967800,0 -46.5722600,-23.4960100,0 -46.5695100,-23.4915700,0</coordinates></LineString></Placemark>
<Style id="s-VM-130">
<LineStyle><color>ffebce87</color><width>3.0</width></LineStyle>
<PolyStyle><color>ffebce87</color></PolyStyle>
<IconStyle><color>ffebce87</color><scale>0.55</scale>
<Icon><href>http://maps.google.com/mapfiles/kml/shapes/placemark_circle.png</href></Icon>
</IconStyle>
<LabelStyle><scale>0.65</scale></LabelStyle>
</Style><Placemark><name>MG30404VM0004 - Seg. 15</name><styleUrl>#s-VM-130</styleUrl><description><![CDATA[<table style="border-collapse:collapse;width:100%;font-family:'Helvetica Neue',Helvetica,Arial,sans-serif;font-size:11px;border:1px solid #e5e7eb;border-radius:8px;overflow:hidden;"><tr><th colspan="2" style="padding:5px 8px;background:#1f6feb;color:#fff;text-align:left;font-size:12px;font-weight:600;">MG30404VM0004 - Seg. 15</th></tr><tr><th style="padding:3px 5px;text-align:left;background:#f3f4f6;border-bottom:1px solid #d1d5db;width:30%;font-size:11px;font-weight:600;color:#1f2937;">Serviço</th><td style="padding:3px 5px;border-bottom:1px solid #e5e7eb;font-size:11px;color:#111827;">Varrição Mecanizada (VM)</td></tr><tr><th style="padding:3px 5px;text-align:left;background:#f3f4f6;border-bottom:1px solid #d1d5db;width:30%;font-size:11px;font-weight:600;color:#1f2937;">Setor</th><td style="padding:3px 5px;border-bottom:1px solid #e5e7eb;font-size:11px;color:#111827;">MG30404VM0004</td></tr><tr><th style="padding:3px 5px;text-align:left;background:#f3f4f6;border-bottom:1px solid #d1d5db;width:30%;font-size:11px;font-weight:600;color:#1f2937;">Tipo de Serviço</th><td style="padding:3px 5px;border-bottom:1px solid #e5e7eb;font-size:11px;color:#111827;">Varrição Mecanizada</td></tr><tr><th style="padding:3px 5px;text-align:left;background:#f3f4f6;border-bottom:1px solid #d1d5db;width:30%;font-size:11px;font-weight:600;color:#1f2937;">Nome</th><td style="padding:3px 5px;border-bottom:1px solid #e5e7eb;font-size:11px;color:#111827;">MG30404VM0004 - Seg. 15</td></tr><tr><th style="padding:3px 5px;text-align:left;background:#f3f4f6;border-bottom:1px solid #d1d5db;width:30%;font-size:11px;font-weight:600;color:#1f2937;">Logradouro</th><td style="padding:3px 5px;border-bottom:1px solid #e5e7eb;font-size:11px;color:#111827;">Av Manuel Antonio Goncalves</td></tr><tr><th style="padding:3px 5px;text-align:left;background:#f3f4f6;border-bottom:1px solid #d1d5db;width:30%;font-size:11px;font-weight:600;color:#1f2937;">Subprefeitura</th><td style="padding:3px 5px;border-bottom:1px solid #e5e7eb;font-size:11px;color:#111827;">Vila Maria / Vila Guilherme</td></tr><tr><th style="padding:3px 5px;text-align:left;background:#f3f4f6;border-bottom:1px solid #d1d5db;width:30%;font-size:11px;font-weight:600;color:#1f2937;">Turno</th><td style="padding:3px 5px;border-bottom:1px solid #e5e7eb;font-size:11px;color:#111827;">Noturno</td></tr><tr><th style="padding:3px 5px;text-align:left;background:#f3f4f6;border-bottom:1px solid #d1d5db;width:30%;font-size:11px;font-weight:600;color:#1f2937;">Frequência</th><td style="padding:3px 5px;border-bottom:1px solid #e5e7eb;font-size:11px;color:#111827;">—</td></tr><tr><th style="padding:3px 5px;text-align:left;background:#f3f4f6;border-bottom:1px solid #d1d5db;width:30%;font-size:11px;font-weight:600;color:#1f2937;">Cronograma</th><td style="padding:3px 5px;border-bottom:1px solid #e5e7eb;font-size:11px;color:#111827;">—</td></tr></table>]]></description><LineString><coordinates>-46.5726900,-23.4997100,0 -46.5726000,-23.4995800,0 -46.5725600,-23.4993700,0 -46.5725900,-23.4991600,0 -46.5727700,-23.4983500,0 -46.5727400,-23.4975300,0 -46.5725600,-23.4968700,0 -46.5721800,-23.4961700,0 -46.5709900,-23.4942800,0 -46.5694900,-23.4918400,0 -46.5692700,-23.4915200,0</coordinates></LineString></Placemark>
<Style id="s-VM-131">
<LineStyle><color>ffebce87</color><width>3.0</width></LineStyle>
<PolyStyle><color>ffebce87</color></PolyStyle>
<IconStyle><color>ffebce87</color><scale>0.55</scale>
<Icon><href>http://maps.google.com/mapfiles/kml/shapes/placemark_circle.png</href></Icon>
</IconStyle>
<LabelStyle><scale>0.65</scale></LabelStyle>
</Style><Placemark><name>MG30404VM0004 - Seg. 16</name><styleUrl>#s-VM-131</styleUrl><description><![CDATA[<table style="border-collapse:collapse;width:100%;font-family:'Helvetica Neue',Helvetica,Arial,sans-serif;font-size:11px;border:1px solid #e5e7eb;border-radius:8px;overflow:hidden;"><tr><th colspan="2" style="padding:5px 8px;background:#1f6feb;color:#fff;text-align:left;font-size:12px;font-weight:600;">MG30404VM0004 - Seg. 16</th></tr><tr><th style="padding:3px 5px;text-align:left;background:#f3f4f6;border-bottom:1px solid #d1d5db;width:30%;font-size:11px;font-weight:600;color:#1f2937;">Serviço</th><td style="padding:3px 5px;border-bottom:1px solid #e5e7eb;font-size:11px;color:#111827;">Varrição Mecanizada (VM)</td></tr><tr><th style="padding:3px 5px;text-align:left;background:#f3f4f6;border-bottom:1px solid #d1d5db;width:30%;font-size:11px;font-weight:600;color:#1f2937;">Setor</th><td style="padding:3px 5px;border-bottom:1px solid #e5e7eb;font-size:11px;color:#111827;">MG30404VM0004</td></tr><tr><th style="padding:3px 5px;text-align:left;background:#f3f4f6;border-bottom:1px solid #d1d5db;width:30%;font-size:11px;font-weight:600;color:#1f2937;">Tipo de Serviço</th><td style="padding:3px 5px;border-bottom:1px solid #e5e7eb;font-size:11px;color:#111827;">Varrição Mecanizada</td></tr><tr><th style="padding:3px 5px;text-align:left;background:#f3f4f6;border-bottom:1px solid #d1d5db;width:30%;font-size:11px;font-weight:600;color:#1f2937;">Nome</th><td style="padding:3px 5px;border-bottom:1px solid #e5e7eb;font-size:11px;color:#111827;">MG30404VM0004 - Seg. 16</td></tr><tr><th style="padding:3px 5px;text-align:left;background:#f3f4f6;border-bottom:1px solid #d1d5db;width:30%;font-size:11px;font-weight:600;color:#1f2937;">Logradouro</th><td style="padding:3px 5px;border-bottom:1px solid #e5e7eb;font-size:11px;color:#111827;">Av Nadir Dias de Figueiredo</td></tr><tr><th style="padding:3px 5px;text-align:left;background:#f3f4f6;border-bottom:1px solid #d1d5db;width:30%;font-size:11px;font-weight:600;color:#1f2937;">Subprefeitura</th><td style="padding:3px 5px;border-bottom:1px solid #e5e7eb;font-size:11px;color:#111827;">Vila Maria / Vila Guilherme</td></tr><tr><th style="padding:3px 5px;text-align:left;background:#f3f4f6;border-bottom:1px solid #d1d5db;width:30%;font-size:11px;font-weight:600;color:#1f2937;">Turno</th><td style="padding:3px 5px;border-bottom:1px solid #e5e7eb;font-size:11px;color:#111827;">Noturno</td></tr><tr><th style="padding:3px 5px;text-align:left;background:#f3f4f6;border-bottom:1px solid #d1d5db;width:30%;font-size:11px;font-weight:600;color:#1f2937;">Frequência</th><td style="padding:3px 5px;border-bottom:1px solid #e5e7eb;font-size:11px;color:#111827;">—</td></tr><tr><th style="padding:3px 5px;text-align:left;background:#f3f4f6;border-bottom:1px solid #d1d5db;width:30%;font-size:11px;font-weight:600;color:#1f2937;">Cronograma</th><td style="padding:3px 5px;border-bottom:1px solid #e5e7eb;font-size:11px;color:#111827;">—</td></tr></table>]]></description><LineString><coordinates>-46.5956400,-23.5243700,0 -46.5960300,-23.5236600,0 -46.5961800,-23.5228800,0 -46.5962700,-23.5221000,0 -46.5960400,-23.5213400,0 -46.5955500,-23.5206800,0 -46.5952800,-23.5199600,0 -46.5952400,-23.5168900,0 -46.5950800,-23.5100600,0</coordinates></LineString></Placemark>
<Style id="s-VM-132">
<LineStyle><color>ffebce87</color><width>3.0</width></LineStyle>
<PolyStyle><color>ffebce87</color></PolyStyle>
<IconStyle><color>ffebce87</color><scale>0.55</scale>
<Icon><href>http://maps.google.com/mapfiles/kml/shapes/placemark_circle.png</href></Icon>
</IconStyle>
<LabelStyle><scale>0.65</scale></LabelStyle>
</Style><Placemark><name>MG30404VM0004 - Seg. 17</name><styleUrl>#s-VM-132</styleUrl><description><![CDATA[<table style="border-collapse:collapse;width:100%;font-family:'Helvetica Neue',Helvetica,Arial,sans-serif;font-size:11px;border:1px solid #e5e7eb;border-radius:8px;overflow:hidden;"><tr><th colspan="2" style="padding:5px 8px;background:#1f6feb;color:#fff;text-align:left;font-size:12px;font-weight:600;">MG30404VM0004 - Seg. 17</th></tr><tr><th style="padding:3px 5px;text-align:left;background:#f3f4f6;border-bottom:1px solid #d1d5db;width:30%;font-size:11px;font-weight:600;color:#1f2937;">Serviço</th><td style="padding:3px 5px;border-bottom:1px solid #e5e7eb;font-size:11px;color:#111827;">Varrição Mecanizada (VM)</td></tr><tr><th style="padding:3px 5px;text-align:left;background:#f3f4f6;border-bottom:1px solid #d1d5db;width:30%;font-size:11px;font-weight:600;color:#1f2937;">Setor</th><td style="padding:3px 5px;border-bottom:1px solid #e5e7eb;font-size:11px;color:#111827;">MG30404VM0004</td></tr><tr><th style="padding:3px 5px;text-align:left;background:#f3f4f6;border-bottom:1px solid #d1d5db;width:30%;font-size:11px;font-weight:600;color:#1f2937;">Tipo de Serviço</th><td style="padding:3px 5px;border-bottom:1px solid #e5e7eb;font-size:11px;color:#111827;">Varrição Mecanizada</td></tr><tr><th style="padding:3px 5px;text-align:left;background:#f3f4f6;border-bottom:1px solid #d1d5db;width:30%;font-size:11px;font-weight:600;color:#1f2937;">Nome</th><td style="padding:3px 5px;border-bottom:1px solid #e5e7eb;font-size:11px;color:#111827;">MG30404VM0004 - Seg. 17</td></tr><tr><th style="padding:3px 5px;text-align:left;background:#f3f4f6;border-bottom:1px solid #d1d5db;width:30%;font-size:11px;font-weight:600;color:#1f2937;">Logradouro</th><td style="padding:3px 5px;border-bottom:1px solid #e5e7eb;font-size:11px;color:#111827;">Av Nadir Dias de Figueiredo</td></tr><tr><th style="padding:3px 5px;text-align:left;background:#f3f4f6;border-bottom:1px solid #d1d5db;width:30%;font-size:11px;font-weight:600;color:#1f2937;">Subprefeitura</th><td style="padding:3px 5px;border-bottom:1px solid #e5e7eb;font-size:11px;color:#111827;">Vila Maria / Vila Guilherme</td></tr><tr><th style="padding:3px 5px;text-align:left;background:#f3f4f6;border-bottom:1px solid #d1d5db;width:30%;font-size:11px;font-weight:600;color:#1f2937;">Turno</th><td style="padding:3px 5px;border-bottom:1px solid #e5e7eb;font-size:11px;color:#111827;">Noturno</td></tr><tr><th style="padding:3px 5px;text-align:left;background:#f3f4f6;border-bottom:1px solid #d1d5db;width:30%;font-size:11px;font-weight:600;color:#1f2937;">Frequência</th><td style="padding:3px 5px;border-bottom:1px solid #e5e7eb;font-size:11px;color:#111827;">—</td></tr><tr><th style="padding:3px 5px;text-align:left;background:#f3f4f6;border-bottom:1px solid #d1d5db;width:30%;font-size:11px;font-weight:600;color:#1f2937;">Cronograma</th><td style="padding:3px 5px;border-bottom:1px solid #e5e7eb;font-size:11px;color:#111827;">—</td></tr></table>]]></description><LineString><coordinates>-46.5951600,-23.5246800,0 -46.5955900,-23.5239600,0 -46.5958800,-23.5231700,0 -46.5960200,-23.5223400,0 -46.5958600,-23.5215200,0 -46.5952100,-23.5206200,0 -46.5951100,-23.5204100,0 -46.5950400,-23.5197900,0 -46.5950300,-23.5173300,0 -46.5948600,-23.5103800,0 -46.5948600,-23.5100600,0 -46.5948800,-23.5099700,0</coordinates></LineString></Placemark>
<Style id="s-VM-133">
<LineStyle><color>ffebce87</color><width>3.0</width></LineStyle>
<PolyStyle><color>ffebce87</color></PolyStyle>
<IconStyle><color>ffebce87</color><scale>0.55</scale>
<Icon><href>http://maps.google.com/mapfiles/kml/shapes/placemark_circle.png</href></Icon>
</IconStyle>
<LabelStyle><scale>0.65</scale></LabelStyle>
</Style><Placemark><name>MG30404VM0004 - Seg. 18</name><styleUrl>#s-VM-133</styleUrl><description><![CDATA[<table style="border-collapse:collapse;width:100%;font-family:'Helvetica Neue',Helvetica,Arial,sans-serif;font-size:11px;border:1px solid #e5e7eb;border-radius:8px;overflow:hidden;"><tr><th colspan="2" style="padding:5px 8px;background:#1f6feb;color:#fff;text-align:left;font-size:12px;font-weight:600;">MG30404VM0004 - Seg. 18</th></tr><tr><th style="padding:3px 5px;text-align:left;background:#f3f4f6;border-bottom:1px solid #d1d5db;width:30%;font-size:11px;font-weight:600;color:#1f2937;">Serviço</th><td style="padding:3px 5px;border-bottom:1px solid #e5e7eb;font-size:11px;color:#111827;">Varrição Mecanizada (VM)</td></tr><tr><th style="padding:3px 5px;text-align:left;background:#f3f4f6;border-bottom:1px solid #d1d5db;width:30%;font-size:11px;font-weight:600;color:#1f2937;">Setor</th><td style="padding:3px 5px;border-bottom:1px solid #e5e7eb;font-size:11px;color:#111827;">MG30404VM0004</td></tr><tr><th style="padding:3px 5px;text-align:left;background:#f3f4f6;border-bottom:1px solid #d1d5db;width:30%;font-size:11px;font-weight:600;color:#1f2937;">Tipo de Serviço</th><td style="padding:3px 5px;border-bottom:1px solid #e5e7eb;font-size:11px;color:#111827;">Varrição Mecanizada</td></tr><tr><th style="padding:3px 5px;text-align:left;background:#f3f4f6;border-bottom:1px solid #d1d5db;width:30%;font-size:11px;font-weight:600;color:#1f2937;">Nome</th><td style="padding:3px 5px;border-bottom:1px solid #e5e7eb;font-size:11px;color:#111827;">MG30404VM0004 - Seg. 18</td></tr><tr><th style="padding:3px 5px;text-align:left;background:#f3f4f6;border-bottom:1px solid #d1d5db;width:30%;font-size:11px;font-weight:600;color:#1f2937;">Logradouro</th><td style="padding:3px 5px;border-bottom:1px solid #e5e7eb;font-size:11px;color:#111827;">Av Otto Baumgart</td></tr><tr><th style="padding:3px 5px;text-align:left;background:#f3f4f6;border-bottom:1px solid #d1d5db;width:30%;font-size:11px;font-weight:600;color:#1f2937;">Subprefeitura</th><td style="padding:3px 5px;border-bottom:1px solid #e5e7eb;font-size:11px;color:#111827;">Vila Maria / Vila Guilherme</td></tr><tr><th style="padding:3px 5px;text-align:left;background:#f3f4f6;border-bottom:1px solid #d1d5db;width:30%;font-size:11px;font-weight:600;color:#1f2937;">Turno</th><td style="padding:3px 5px;border-bottom:1px solid #e5e7eb;font-size:11px;color:#111827;">Noturno</td></tr><tr><th style="padding:3px 5px;text-align:left;background:#f3f4f6;border-bottom:1px solid #d1d5db;width:30%;font-size:11px;font-weight:600;color:#1f2937;">Frequência</th><td style="padding:3px 5px;border-bottom:1px solid #e5e7eb;font-size:11px;color:#111827;">—</td></tr><tr><th style="padding:3px 5px;text-align:left;background:#f3f4f6;border-bottom:1px solid #d1d5db;width:30%;font-size:11px;font-weight:600;color:#1f2937;">Cronograma</th><td style="padding:3px 5px;border-bottom:1px solid #e5e7eb;font-size:11px;color:#111827;">—</td></tr></table>]]></description><LineString><coordinates>-46.6157800,-23.5090200,0 -46.6159600,-23.5088700,0 -46.6158400,-23.5104600,0 -46.6157700,-23.5097300,0 -46.6157800,-23.5090200,0 -46.6158900,-23.5109500,0 -46.6158400,-23.5104600,0 -46.6165200,-23.5169800,0 -46.6163000,-23.5148200,0 -46.6165400,-23.5172900,0 -46.6165200,-23.5169800,0 -46.6165400,-23.5172900,0 -46.6164900,-23.5181000,0 -46.6172500,-23.5183500,0 -46.6163500,-23.5187200,0 -46.6163800,-23.5172800,0 -46.6157100,-23.5108800,0 -46.6154600,-23.5081500,0</coordinates></LineString></Placemark>
<Style id="s-VM-134">
<LineStyle><color>ffebce87</color><width>3.0</width></LineStyle>
<PolyStyle><color>ffebce87</color></PolyStyle>
<IconStyle><color>ffebce87</color><scale>0.55</scale>
<Icon><href>http://maps.google.com/mapfiles/kml/shapes/placemark_circle.png</href></Icon>
</IconStyle>
<LabelStyle><scale>0.65</scale></LabelStyle>
</Style><Placemark><name>MG30404VM0004 - Seg. 19</name><styleUrl>#s-VM-134</styleUrl><description><![CDATA[<table style="border-collapse:collapse;width:100%;font-family:'Helvetica Neue',Helvetica,Arial,sans-serif;font-size:11px;border:1px solid #e5e7eb;border-radius:8px;overflow:hidden;"><tr><th colspan="2" style="padding:5px 8px;background:#1f6feb;color:#fff;text-align:left;font-size:12px;font-weight:600;">MG30404VM0004 - Seg. 19</th></tr><tr><th style="padding:3px 5px;text-align:left;background:#f3f4f6;border-bottom:1px solid #d1d5db;width:30%;font-size:11px;font-weight:600;color:#1f2937;">Serviço</th><td style="padding:3px 5px;border-bottom:1px solid #e5e7eb;font-size:11px;color:#111827;">Varrição Mecanizada (VM)</td></tr><tr><th style="padding:3px 5px;text-align:left;background:#f3f4f6;border-bottom:1px solid #d1d5db;width:30%;font-size:11px;font-weight:600;color:#1f2937;">Setor</th><td style="padding:3px 5px;border-bottom:1px solid #e5e7eb;font-size:11px;color:#111827;">MG30404VM0004</td></tr><tr><th style="padding:3px 5px;text-align:left;background:#f3f4f6;border-bottom:1px solid #d1d5db;width:30%;font-size:11px;font-weight:600;color:#1f2937;">Tipo de Serviço</th><td style="padding:3px 5px;border-bottom:1px solid #e5e7eb;font-size:11px;color:#111827;">Varrição Mecanizada</td></tr><tr><th style="padding:3px 5px;text-align:left;background:#f3f4f6;border-bottom:1px solid #d1d5db;width:30%;font-size:11px;font-weight:600;color:#1f2937;">Nome</th><td style="padding:3px 5px;border-bottom:1px solid #e5e7eb;font-size:11px;color:#111827;">MG30404VM0004 - Seg. 19</td></tr><tr><th style="padding:3px 5px;text-align:left;background:#f3f4f6;border-bottom:1px solid #d1d5db;width:30%;font-size:11px;font-weight:600;color:#1f2937;">Logradouro</th><td style="padding:3px 5px;border-bottom:1px solid #e5e7eb;font-size:11px;color:#111827;">Av Serafim Goncalves Pereira</td></tr><tr><th style="padding:3px 5px;text-align:left;background:#f3f4f6;border-bottom:1px solid #d1d5db;width:30%;font-size:11px;font-weight:600;color:#1f2937;">Subprefeitura</th><td style="padding:3px 5px;border-bottom:1px solid #e5e7eb;font-size:11px;color:#111827;">Vila Maria / Vila Guilherme</td></tr><tr><th style="padding:3px 5px;text-align:left;background:#f3f4f6;border-bottom:1px solid #d1d5db;width:30%;font-size:11px;font-weight:600;color:#1f2937;">Turno</th><td style="padding:3px 5px;border-bottom:1px solid #e5e7eb;font-size:11px;color:#111827;">Noturno</td></tr><tr><th style="padding:3px 5px;text-align:left;background:#f3f4f6;border-bottom:1px solid #d1d5db;width:30%;font-size:11px;font-weight:600;color:#1f2937;">Frequência</th><td style="padding:3px 5px;border-bottom:1px solid #e5e7eb;font-size:11px;color:#111827;">—</td></tr><tr><th style="padding:3px 5px;text-align:left;background:#f3f4f6;border-bottom:1px solid #d1d5db;width:30%;font-size:11px;font-weight:600;color:#1f2937;">Cronograma</th><td style="padding:3px 5px;border-bottom:1px solid #e5e7eb;font-size:11px;color:#111827;">—</td></tr></table>]]></description><LineString><coordinates>-46.5684000,-23.5246700,0 -46.5682100,-23.5192700,0 -46.5681600,-23.5182900,0</coordinates></LineString></Placemark>
<Style id="s-VM-135">
<LineStyle><color>ffebce87</color><width>3.0</width></LineStyle>
<PolyStyle><color>ffebce87</color></PolyStyle>
<IconStyle><color>ffebce87</color><scale>0.55</scale>
<Icon><href>http://maps.google.com/mapfiles/kml/shapes/placemark_circle.png</href></Icon>
</IconStyle>
<LabelStyle><scale>0.65</scale></LabelStyle>
</Style><Placemark><name>MG30404VM0004 - Seg. 20</name><styleUrl>#s-VM-135</styleUrl><description><![CDATA[<table style="border-collapse:collapse;width:100%;font-family:'Helvetica Neue',Helvetica,Arial,sans-serif;font-size:11px;border:1px solid #e5e7eb;border-radius:8px;overflow:hidden;"><tr><th colspan="2" style="padding:5px 8px;background:#1f6feb;color:#fff;text-align:left;font-size:12px;font-weight:600;">MG30404VM0004 - Seg. 20</th></tr><tr><th style="padding:3px 5px;text-align:left;background:#f3f4f6;border-bottom:1px solid #d1d5db;width:30%;font-size:11px;font-weight:600;color:#1f2937;">Serviço</th><td style="padding:3px 5px;border-bottom:1px solid #e5e7eb;font-size:11px;color:#111827;">Varrição Mecanizada (VM)</td></tr><tr><th style="padding:3px 5px;text-align:left;background:#f3f4f6;border-bottom:1px solid #d1d5db;width:30%;font-size:11px;font-weight:600;color:#1f2937;">Setor</th><td style="padding:3px 5px;border-bottom:1px solid #e5e7eb;font-size:11px;color:#111827;">MG30404VM0004</td></tr><tr><th style="padding:3px 5px;text-align:left;background:#f3f4f6;border-bottom:1px solid #d1d5db;width:30%;font-size:11px;font-weight:600;color:#1f2937;">Tipo de Serviço</th><td style="padding:3px 5px;border-bottom:1px solid #e5e7eb;font-size:11px;color:#111827;">Varrição Mecanizada</td></tr><tr><th style="padding:3px 5px;text-align:left;background:#f3f4f6;border-bottom:1px solid #d1d5db;width:30%;font-size:11px;font-weight:600;color:#1f2937;">Nome</th><td style="padding:3px 5px;border-bottom:1px solid #e5e7eb;font-size:11px;color:#111827;">MG30404VM0004 - Seg. 20</td></tr><tr><th style="padding:3px 5px;text-align:left;background:#f3f4f6;border-bottom:1px solid #d1d5db;width:30%;font-size:11px;font-weight:600;color:#1f2937;">Logradouro</th><td style="padding:3px 5px;border-bottom:1px solid #e5e7eb;font-size:11px;color:#111827;">Av Serafim Goncalves Pereira</td></tr><tr><th style="padding:3px 5px;text-align:left;background:#f3f4f6;border-bottom:1px solid #d1d5db;width:30%;font-size:11px;font-weight:600;color:#1f2937;">Subprefeitura</th><td style="padding:3px 5px;border-bottom:1px solid #e5e7eb;font-size:11px;color:#111827;">Vila Maria / Vila Guilherme</td></tr><tr><th style="padding:3px 5px;text-align:left;background:#f3f4f6;border-bottom:1px solid #d1d5db;width:30%;font-size:11px;font-weight:600;color:#1f2937;">Turno</th><td style="padding:3px 5px;border-bottom:1px solid #e5e7eb;font-size:11px;color:#111827;">Noturno</td></tr><tr><th style="padding:3px 5px;text-align:left;background:#f3f4f6;border-bottom:1px solid #d1d5db;width:30%;font-size:11px;font-weight:600;color:#1f2937;">Frequência</th><td style="padding:3px 5px;border-bottom:1px solid #e5e7eb;font-size:11px;color:#111827;">—</td></tr><tr><th style="padding:3px 5px;text-align:left;background:#f3f4f6;border-bottom:1px solid #d1d5db;width:30%;font-size:11px;font-weight:600;color:#1f2937;">Cronograma</th><td style="padding:3px 5px;border-bottom:1px solid #e5e7eb;font-size:11px;color:#111827;">—</td></tr></table>]]></description><LineString><coordinates>-46.5682700,-23.5246100,0 -46.5682200,-23.5238800,0 -46.5681600,-23.5224200,0 -46.5680300,-23.5183000,0</coordinates></LineString></Placemark>
<Style id="s-VM-136">
<LineStyle><color>ffebce87</color><width>3.0</width></LineStyle>
<PolyStyle><color>ffebce87</color></PolyStyle>
<IconStyle><color>ffebce87</color><scale>0.55</scale>
<Icon><href>http://maps.google.com/mapfiles/kml/shapes/placemark_circle.png</href></Icon>
</IconStyle>
<LabelStyle><scale>0.65</scale></LabelStyle>
</Style><Placemark><name>MG30404VM0004 - Seg. 21</name><styleUrl>#s-VM-136</styleUrl><description><![CDATA[<table style="border-collapse:collapse;width:100%;font-family:'Helvetica Neue',Helvetica,Arial,sans-serif;font-size:11px;border:1px solid #e5e7eb;border-radius:8px;overflow:hidden;"><tr><th colspan="2" style="padding:5px 8px;background:#1f6feb;color:#fff;text-align:left;font-size:12px;font-weight:600;">MG30404VM0004 - Seg. 21</th></tr><tr><th style="padding:3px 5px;text-align:left;background:#f3f4f6;border-bottom:1px solid #d1d5db;width:30%;font-size:11px;font-weight:600;color:#1f2937;">Serviço</th><td style="padding:3px 5px;border-bottom:1px solid #e5e7eb;font-size:11px;color:#111827;">Varrição Mecanizada (VM)</td></tr><tr><th style="padding:3px 5px;text-align:left;background:#f3f4f6;border-bottom:1px solid #d1d5db;width:30%;font-size:11px;font-weight:600;color:#1f2937;">Setor</th><td style="padding:3px 5px;border-bottom:1px solid #e5e7eb;font-size:11px;color:#111827;">MG30404VM0004</td></tr><tr><th style="padding:3px 5px;text-align:left;background:#f3f4f6;border-bottom:1px solid #d1d5db;width:30%;font-size:11px;font-weight:600;color:#1f2937;">Tipo de Serviço</th><td style="padding:3px 5px;border-bottom:1px solid #e5e7eb;font-size:11px;color:#111827;">Varrição Mecanizada</td></tr><tr><th style="padding:3px 5px;text-align:left;background:#f3f4f6;border-bottom:1px solid #d1d5db;width:30%;font-size:11px;font-weight:600;color:#1f2937;">Nome</th><td style="padding:3px 5px;border-bottom:1px solid #e5e7eb;font-size:11px;color:#111827;">MG30404VM0004 - Seg. 21</td></tr><tr><th style="padding:3px 5px;text-align:left;background:#f3f4f6;border-bottom:1px solid #d1d5db;width:30%;font-size:11px;font-weight:600;color:#1f2937;">Logradouro</th><td style="padding:3px 5px;border-bottom:1px solid #e5e7eb;font-size:11px;color:#111827;">Av Ten Amaro Felicissimo da Silveira</td></tr><tr><th style="padding:3px 5px;text-align:left;background:#f3f4f6;border-bottom:1px solid #d1d5db;width:30%;font-size:11px;font-weight:600;color:#1f2937;">Subprefeitura</th><td style="padding:3px 5px;border-bottom:1px solid #e5e7eb;font-size:11px;color:#111827;">Vila Maria / Vila Guilherme</td></tr><tr><th style="padding:3px 5px;text-align:left;background:#f3f4f6;border-bottom:1px solid #d1d5db;width:30%;font-size:11px;font-weight:600;color:#1f2937;">Turno</th><td style="padding:3px 5px;border-bottom:1px solid #e5e7eb;font-size:11px;color:#111827;">Noturno</td></tr><tr><th style="padding:3px 5px;text-align:left;background:#f3f4f6;border-bottom:1px solid #d1d5db;width:30%;font-size:11px;font-weight:600;color:#1f2937;">Frequência</th><td style="padding:3px 5px;border-bottom:1px solid #e5e7eb;font-size:11px;color:#111827;">—</td></tr><tr><th style="padding:3px 5px;text-align:left;background:#f3f4f6;border-bottom:1px solid #d1d5db;width:30%;font-size:11px;font-weight:600;color:#1f2937;">Cronograma</th><td style="padding:3px 5px;border-bottom:1px solid #e5e7eb;font-size:11px;color:#111827;">—</td></tr></table>]]></description><LineString><coordinates>-46.5714700,-23.5256100,0 -46.5714400,-23.5232800,0 -46.5714000,-23.5228900,0 -46.5713800,-23.5210400,0 -46.5713500,-23.5209600,0 -46.5712200,-23.5177800,0 -46.5711700,-23.5160700,0 -46.5711300,-23.5137100,0 -46.5709700,-23.5096900,0 -46.5709400,-23.5080600,0 -46.5711800,-23.5074400,0 -46.5714700,-23.5068300,0</coordinates></LineString></Placemark>
<Style id="s-VM-137">
<LineStyle><color>ffebce87</color><width>3.0</width></LineStyle>
<PolyStyle><color>ffebce87</color></PolyStyle>
<IconStyle><color>ffebce87</color><scale>0.55</scale>
<Icon><href>http://maps.google.com/mapfiles/kml/shapes/placemark_circle.png</href></Icon>
</IconStyle>
<LabelStyle><scale>0.65</scale></LabelStyle>
</Style><Placemark><name>MG30404VM0004 - Seg. 22</name><styleUrl>#s-VM-137</styleUrl><description><![CDATA[<table style="border-collapse:collapse;width:100%;font-family:'Helvetica Neue',Helvetica,Arial,sans-serif;font-size:11px;border:1px solid #e5e7eb;border-radius:8px;overflow:hidden;"><tr><th colspan="2" style="padding:5px 8px;background:#1f6feb;color:#fff;text-align:left;font-size:12px;font-weight:600;">MG30404VM0004 - Seg. 22</th></tr><tr><th style="padding:3px 5px;text-align:left;background:#f3f4f6;border-bottom:1px solid #d1d5db;width:30%;font-size:11px;font-weight:600;color:#1f2937;">Serviço</th><td style="padding:3px 5px;border-bottom:1px solid #e5e7eb;font-size:11px;color:#111827;">Varrição Mecanizada (VM)</td></tr><tr><th style="padding:3px 5px;text-align:left;background:#f3f4f6;border-bottom:1px solid #d1d5db;width:30%;font-size:11px;font-weight:600;color:#1f2937;">Setor</th><td style="padding:3px 5px;border-bottom:1px solid #e5e7eb;font-size:11px;color:#111827;">MG30404VM0004</td></tr><tr><th style="padding:3px 5px;text-align:left;background:#f3f4f6;border-bottom:1px solid #d1d5db;width:30%;font-size:11px;font-weight:600;color:#1f2937;">Tipo de Serviço</th><td style="padding:3px 5px;border-bottom:1px solid #e5e7eb;font-size:11px;color:#111827;">Varrição Mecanizada</td></tr><tr><th style="padding:3px 5px;text-align:left;background:#f3f4f6;border-bottom:1px solid #d1d5db;width:30%;font-size:11px;font-weight:600;color:#1f2937;">Nome</th><td style="padding:3px 5px;border-bottom:1px solid #e5e7eb;font-size:11px;color:#111827;">MG30404VM0004 - Seg. 22</td></tr><tr><th style="padding:3px 5px;text-align:left;background:#f3f4f6;border-bottom:1px solid #d1d5db;width:30%;font-size:11px;font-weight:600;color:#1f2937;">Logradouro</th><td style="padding:3px 5px;border-bottom:1px solid #e5e7eb;font-size:11px;color:#111827;">Av Ten Jose Jeronimo de Mesquita</td></tr><tr><th style="padding:3px 5px;text-align:left;background:#f3f4f6;border-bottom:1px solid #d1d5db;width:30%;font-size:11px;font-weight:600;color:#1f2937;">Subprefeitura</th><td style="padding:3px 5px;border-bottom:1px solid #e5e7eb;font-size:11px;color:#111827;">Vila Maria / Vila Guilherme</td></tr><tr><th style="padding:3px 5px;text-align:left;background:#f3f4f6;border-bottom:1px solid #d1d5db;width:30%;font-size:11px;font-weight:600;color:#1f2937;">Turno</th><td style="padding:3px 5px;border-bottom:1px solid #e5e7eb;font-size:11px;color:#111827;">Noturno</td></tr><tr><th style="padding:3px 5px;text-align:left;background:#f3f4f6;border-bottom:1px solid #d1d5db;width:30%;font-size:11px;font-weight:600;color:#1f2937;">Frequência</th><td style="padding:3px 5px;border-bottom:1px solid #e5e7eb;font-size:11px;color:#111827;">—</td></tr><tr><th style="padding:3px 5px;text-align:left;background:#f3f4f6;border-bottom:1px solid #d1d5db;width:30%;font-size:11px;font-weight:600;color:#1f2937;">Cronograma</th><td style="padding:3px 5px;border-bottom:1px solid #e5e7eb;font-size:11px;color:#111827;">—</td></tr></table>]]></description><LineString><coordinates>-46.5676800,-23.5032400,0 -46.5675600,-23.4999200,0 -46.5675200,-23.4986400,0 -46.5675200,-23.4979800,0 -46.5674600,-23.4963300,0 -46.5675400,-23.4957900,0 -46.5690100,-23.4946300,0</coordinates></LineString></Placemark>
<Style id="s-VM-138">
<LineStyle><color>ffebce87</color><width>3.0</width></LineStyle>
<PolyStyle><color>ffebce87</color></PolyStyle>
<IconStyle><color>ffebce87</color><scale>0.55</scale>
<Icon><href>http://maps.google.com/mapfiles/kml/shapes/placemark_circle.png</href></Icon>
</IconStyle>
<LabelStyle><scale>0.65</scale></LabelStyle>
</Style><Placemark><name>MG30404VM0004 - Seg. 23</name><styleUrl>#s-VM-138</styleUrl><description><![CDATA[<table style="border-collapse:collapse;width:100%;font-family:'Helvetica Neue',Helvetica,Arial,sans-serif;font-size:11px;border:1px solid #e5e7eb;border-radius:8px;overflow:hidden;"><tr><th colspan="2" style="padding:5px 8px;background:#1f6feb;color:#fff;text-align:left;font-size:12px;font-weight:600;">MG30404VM0004 - Seg. 23</th></tr><tr><th style="padding:3px 5px;text-align:left;background:#f3f4f6;border-bottom:1px solid #d1d5db;width:30%;font-size:11px;font-weight:600;color:#1f2937;">Serviço</th><td style="padding:3px 5px;border-bottom:1px solid #e5e7eb;font-size:11px;color:#111827;">Varrição Mecanizada (VM)</td></tr><tr><th style="padding:3px 5px;text-align:left;background:#f3f4f6;border-bottom:1px solid #d1d5db;width:30%;font-size:11px;font-weight:600;color:#1f2937;">Setor</th><td style="padding:3px 5px;border-bottom:1px solid #e5e7eb;font-size:11px;color:#111827;">MG30404VM0004</td></tr><tr><th style="padding:3px 5px;text-align:left;background:#f3f4f6;border-bottom:1px solid #d1d5db;width:30%;font-size:11px;font-weight:600;color:#1f2937;">Tipo de Serviço</th><td style="padding:3px 5px;border-bottom:1px solid #e5e7eb;font-size:11px;color:#111827;">Varrição Mecanizada</td></tr><tr><th style="padding:3px 5px;text-align:left;background:#f3f4f6;border-bottom:1px solid #d1d5db;width:30%;font-size:11px;font-weight:600;color:#1f2937;">Nome</th><td style="padding:3px 5px;border-bottom:1px solid #e5e7eb;font-size:11px;color:#111827;">MG30404VM0004 - Seg. 23</td></tr><tr><th style="padding:3px 5px;text-align:left;background:#f3f4f6;border-bottom:1px solid #d1d5db;width:30%;font-size:11px;font-weight:600;color:#1f2937;">Logradouro</th><td style="padding:3px 5px;border-bottom:1px solid #e5e7eb;font-size:11px;color:#111827;">Av Ten Jose Jeronimo de Mesquita</td></tr><tr><th style="padding:3px 5px;text-align:left;background:#f3f4f6;border-bottom:1px solid #d1d5db;width:30%;font-size:11px;font-weight:600;color:#1f2937;">Subprefeitura</th><td style="padding:3px 5px;border-bottom:1px solid #e5e7eb;font-size:11px;color:#111827;">Vila Maria / Vila Guilherme</td></tr><tr><th style="padding:3px 5px;text-align:left;background:#f3f4f6;border-bottom:1px solid #d1d5db;width:30%;font-size:11px;font-weight:600;color:#1f2937;">Turno</th><td style="padding:3px 5px;border-bottom:1px solid #e5e7eb;font-size:11px;color:#111827;">Noturno</td></tr><tr><th style="padding:3px 5px;text-align:left;background:#f3f4f6;border-bottom:1px solid #d1d5db;width:30%;font-size:11px;font-weight:600;color:#1f2937;">Frequência</th><td style="padding:3px 5px;border-bottom:1px solid #e5e7eb;font-size:11px;color:#111827;">—</td></tr><tr><th style="padding:3px 5px;text-align:left;background:#f3f4f6;border-bottom:1px solid #d1d5db;width:30%;font-size:11px;font-weight:600;color:#1f2937;">Cronograma</th><td style="padding:3px 5px;border-bottom:1px solid #e5e7eb;font-size:11px;color:#111827;">—</td></tr></table>]]></description><LineString><coordinates>-46.5675100,-23.5032400,0 -46.5673000,-23.4974100,0 -46.5672700,-23.4960700,0 -46.5674400,-23.4957300,0 -46.5676800,-23.4954800,0 -46.5689000,-23.4945200,0</coordinates></LineString></Placemark>
<Style id="s-VM-139">
<LineStyle><color>ffebce87</color><width>3.0</width></LineStyle>
<PolyStyle><color>ffebce87</color></PolyStyle>
<IconStyle><color>ffebce87</color><scale>0.55</scale>
<Icon><href>http://maps.google.com/mapfiles/kml/shapes/placemark_circle.png</href></Icon>
</IconStyle>
<LabelStyle><scale>0.65</scale></LabelStyle>
</Style><Placemark><name>MG30404VM0004 - Seg. 24</name><styleUrl>#s-VM-139</styleUrl><description><![CDATA[<table style="border-collapse:collapse;width:100%;font-family:'Helvetica Neue',Helvetica,Arial,sans-serif;font-size:11px;border:1px solid #e5e7eb;border-radius:8px;overflow:hidden;"><tr><th colspan="2" style="padding:5px 8px;background:#1f6feb;color:#fff;text-align:left;font-size:12px;font-weight:600;">MG30404VM0004 - Seg. 24</th></tr><tr><th style="padding:3px 5px;text-align:left;background:#f3f4f6;border-bottom:1px solid #d1d5db;width:30%;font-size:11px;font-weight:600;color:#1f2937;">Serviço</th><td style="padding:3px 5px;border-bottom:1px solid #e5e7eb;font-size:11px;color:#111827;">Varrição Mecanizada (VM)</td></tr><tr><th style="padding:3px 5px;text-align:left;background:#f3f4f6;border-bottom:1px solid #d1d5db;width:30%;font-size:11px;font-weight:600;color:#1f2937;">Setor</th><td style="padding:3px 5px;border-bottom:1px solid #e5e7eb;font-size:11px;color:#111827;">MG30404VM0004</td></tr><tr><th style="padding:3px 5px;text-align:left;background:#f3f4f6;border-bottom:1px solid #d1d5db;width:30%;font-size:11px;font-weight:600;color:#1f2937;">Tipo de Serviço</th><td style="padding:3px 5px;border-bottom:1px solid #e5e7eb;font-size:11px;color:#111827;">Varrição Mecanizada</td></tr><tr><th style="padding:3px 5px;text-align:left;background:#f3f4f6;border-bottom:1px solid #d1d5db;width:30%;font-size:11px;font-weight:600;color:#1f2937;">Nome</th><td style="padding:3px 5px;border-bottom:1px solid #e5e7eb;font-size:11px;color:#111827;">MG30404VM0004 - Seg. 24</td></tr><tr><th style="padding:3px 5px;text-align:left;background:#f3f4f6;border-bottom:1px solid #d1d5db;width:30%;font-size:11px;font-weight:600;color:#1f2937;">Logradouro</th><td style="padding:3px 5px;border-bottom:1px solid #e5e7eb;font-size:11px;color:#111827;">Pc Lourenco Billis</td></tr><tr><th style="padding:3px 5px;text-align:left;background:#f3f4f6;border-bottom:1px solid #d1d5db;width:30%;font-size:11px;font-weight:600;color:#1f2937;">Subprefeitura</th><td style="padding:3px 5px;border-bottom:1px solid #e5e7eb;font-size:11px;color:#111827;">Vila Maria / Vila Guilherme</td></tr><tr><th style="padding:3px 5px;text-align:left;background:#f3f4f6;border-bottom:1px solid #d1d5db;width:30%;font-size:11px;font-weight:600;color:#1f2937;">Turno</th><td style="padding:3px 5px;border-bottom:1px solid #e5e7eb;font-size:11px;color:#111827;">Noturno</td></tr><tr><th style="padding:3px 5px;text-align:left;background:#f3f4f6;border-bottom:1px solid #d1d5db;width:30%;font-size:11px;font-weight:600;color:#1f2937;">Frequência</th><td style="padding:3px 5px;border-bottom:1px solid #e5e7eb;font-size:11px;color:#111827;">—</td></tr><tr><th style="padding:3px 5px;text-align:left;background:#f3f4f6;border-bottom:1px solid #d1d5db;width:30%;font-size:11px;font-weight:600;color:#1f2937;">Cronograma</th><td style="padding:3px 5px;border-bottom:1px solid #e5e7eb;font-size:11px;color:#111827;">—</td></tr></table>]]></description><LineString><coordinates>-46.5741500,-23.4895500,0 -46.5742700,-23.4896600,0 -46.5742400,-23.4891600,0 -46.5741800,-23.4892100,0 -46.5741400,-23.4892700,0 -46.5745800,-23.4891600,0 -46.5744100,-23.4891200,0 -46.5742400,-23.4891600,0 -46.5746900,-23.4892500,0 -46.5745800,-23.4891600,0 -46.5742700,-23.4896600,0 -46.5744300,-23.4896800,0 -46.5745800,-23.4896400,0 -46.5746400,-23.4896000,0 -46.5746800,-23.4895400,0</coordinates></LineString></Placemark>
<Style id="s-VM-140">
<LineStyle><color>ffebce87</color><width>3.0</width></LineStyle>
<PolyStyle><color>ffebce87</color></PolyStyle>
<IconStyle><color>ffebce87</color><scale>0.55</scale>
<Icon><href>http://maps.google.com/mapfiles/kml/shapes/placemark_circle.png</href></Icon>
</IconStyle>
<LabelStyle><scale>0.65</scale></LabelStyle>
</Style><Placemark><name>MG30404VM0004 - Seg. 25</name><styleUrl>#s-VM-140</styleUrl><description><![CDATA[<table style="border-collapse:collapse;width:100%;font-family:'Helvetica Neue',Helvetica,Arial,sans-serif;font-size:11px;border:1px solid #e5e7eb;border-radius:8px;overflow:hidden;"><tr><th colspan="2" style="padding:5px 8px;background:#1f6feb;color:#fff;text-align:left;font-size:12px;font-weight:600;">MG30404VM0004 - Seg. 25</th></tr><tr><th style="padding:3px 5px;text-align:left;background:#f3f4f6;border-bottom:1px solid #d1d5db;width:30%;font-size:11px;font-weight:600;color:#1f2937;">Serviço</th><td style="padding:3px 5px;border-bottom:1px solid #e5e7eb;font-size:11px;color:#111827;">Varrição Mecanizada (VM)</td></tr><tr><th style="padding:3px 5px;text-align:left;background:#f3f4f6;border-bottom:1px solid #d1d5db;width:30%;font-size:11px;font-weight:600;color:#1f2937;">Setor</th><td style="padding:3px 5px;border-bottom:1px solid #e5e7eb;font-size:11px;color:#111827;">MG30404VM0004</td></tr><tr><th style="padding:3px 5px;text-align:left;background:#f3f4f6;border-bottom:1px solid #d1d5db;width:30%;font-size:11px;font-weight:600;color:#1f2937;">Tipo de Serviço</th><td style="padding:3px 5px;border-bottom:1px solid #e5e7eb;font-size:11px;color:#111827;">Varrição Mecanizada</td></tr><tr><th style="padding:3px 5px;text-align:left;background:#f3f4f6;border-bottom:1px solid #d1d5db;width:30%;font-size:11px;font-weight:600;color:#1f2937;">Nome</th><td style="padding:3px 5px;border-bottom:1px solid #e5e7eb;font-size:11px;color:#111827;">MG30404VM0004 - Seg. 25</td></tr><tr><th style="padding:3px 5px;text-align:left;background:#f3f4f6;border-bottom:1px solid #d1d5db;width:30%;font-size:11px;font-weight:600;color:#1f2937;">Logradouro</th><td style="padding:3px 5px;border-bottom:1px solid #e5e7eb;font-size:11px;color:#111827;">Pc Novo Mundo</td></tr><tr><th style="padding:3px 5px;text-align:left;background:#f3f4f6;border-bottom:1px solid #d1d5db;width:30%;font-size:11px;font-weight:600;color:#1f2937;">Subprefeitura</th><td style="padding:3px 5px;border-bottom:1px solid #e5e7eb;font-size:11px;color:#111827;">Vila Maria / Vila Guilherme</td></tr><tr><th style="padding:3px 5px;text-align:left;background:#f3f4f6;border-bottom:1px solid #d1d5db;width:30%;font-size:11px;font-weight:600;color:#1f2937;">Turno</th><td style="padding:3px 5px;border-bottom:1px solid #e5e7eb;font-size:11px;color:#111827;">Noturno</td></tr><tr><th style="padding:3px 5px;text-align:left;background:#f3f4f6;border-bottom:1px solid #d1d5db;width:30%;font-size:11px;font-weight:600;color:#1f2937;">Frequência</th><td style="padding:3px 5px;border-bottom:1px solid #e5e7eb;font-size:11px;color:#111827;">—</td></tr><tr><th style="padding:3px 5px;text-align:left;background:#f3f4f6;border-bottom:1px solid #d1d5db;width:30%;font-size:11px;font-weight:600;color:#1f2937;">Cronograma</th><td style="padding:3px 5px;border-bottom:1px solid #e5e7eb;font-size:11px;color:#111827;">—</td></tr></table>]]></description><LineString><coordinates>-46.5676800,-23.5179700,0 -46.5678100,-23.5181700,0 -46.5680300,-23.5183000,0 -46.5676600,-23.5175400,0 -46.5676800,-23.5179700,0 -46.5676300,-23.5167500,0 -46.5676400,-23.5171400,0 -46.5676600,-23.5175400,0 -46.5679700,-23.5164300,0 -46.5677700,-23.5165700,0 -46.5676300,-23.5167500,0 -46.5684100,-23.5166400,0 -46.5682800,-23.5165100,0 -46.5681200,-23.5164300,0 -46.5684700,-23.5170600,0 -46.5684500,-23.5168500,0 -46.5684100,-23.5166400,0 -46.5684900,-23.5175100,0 -46.5684700,-23.5170600,0 -46.5681600,-23.5182900,0 -46.5683800,-23.5181700,0 -46.5685100,-23.5179600,0 -46.5684900,-23.5175100,0</coordinates></LineString></Placemark>
<Style id="s-VM-141">
<LineStyle><color>ffebce87</color><width>3.0</width></LineStyle>
<PolyStyle><color>ffebce87</color></PolyStyle>
<IconStyle><color>ffebce87</color><scale>0.55</scale>
<Icon><href>http://maps.google.com/mapfiles/kml/shapes/placemark_circle.png</href></Icon>
</IconStyle>
<LabelStyle><scale>0.65</scale></LabelStyle>
</Style><Placemark><name>MG30404VM0004 - Seg. 26</name><styleUrl>#s-VM-141</styleUrl><description><![CDATA[<table style="border-collapse:collapse;width:100%;font-family:'Helvetica Neue',Helvetica,Arial,sans-serif;font-size:11px;border:1px solid #e5e7eb;border-radius:8px;overflow:hidden;"><tr><th colspan="2" style="padding:5px 8px;background:#1f6feb;color:#fff;text-align:left;font-size:12px;font-weight:600;">MG30404VM0004 - Seg. 26</th></tr><tr><th style="padding:3px 5px;text-align:left;background:#f3f4f6;border-bottom:1px solid #d1d5db;width:30%;font-size:11px;font-weight:600;color:#1f2937;">Serviço</th><td style="padding:3px 5px;border-bottom:1px solid #e5e7eb;font-size:11px;color:#111827;">Varrição Mecanizada (VM)</td></tr><tr><th style="padding:3px 5px;text-align:left;background:#f3f4f6;border-bottom:1px solid #d1d5db;width:30%;font-size:11px;font-weight:600;color:#1f2937;">Setor</th><td style="padding:3px 5px;border-bottom:1px solid #e5e7eb;font-size:11px;color:#111827;">MG30404VM0004</td></tr><tr><th style="padding:3px 5px;text-align:left;background:#f3f4f6;border-bottom:1px solid #d1d5db;width:30%;font-size:11px;font-weight:600;color:#1f2937;">Tipo de Serviço</th><td style="padding:3px 5px;border-bottom:1px solid #e5e7eb;font-size:11px;color:#111827;">Varrição Mecanizada</td></tr><tr><th style="padding:3px 5px;text-align:left;background:#f3f4f6;border-bottom:1px solid #d1d5db;width:30%;font-size:11px;font-weight:600;color:#1f2937;">Nome</th><td style="padding:3px 5px;border-bottom:1px solid #e5e7eb;font-size:11px;color:#111827;">MG30404VM0004 - Seg. 26</td></tr><tr><th style="padding:3px 5px;text-align:left;background:#f3f4f6;border-bottom:1px solid #d1d5db;width:30%;font-size:11px;font-weight:600;color:#1f2937;">Logradouro</th><td style="padding:3px 5px;border-bottom:1px solid #e5e7eb;font-size:11px;color:#111827;">R Araritaguaba</td></tr><tr><th style="padding:3px 5px;text-align:left;background:#f3f4f6;border-bottom:1px solid #d1d5db;width:30%;font-size:11px;font-weight:600;color:#1f2937;">Subprefeitura</th><td style="padding:3px 5px;border-bottom:1px solid #e5e7eb;font-size:11px;color:#111827;">Vila Maria / Vila Guilherme</td></tr><tr><th style="padding:3px 5px;text-align:left;background:#f3f4f6;border-bottom:1px solid #d1d5db;width:30%;font-size:11px;font-weight:600;color:#1f2937;">Turno</th><td style="padding:3px 5px;border-bottom:1px solid #e5e7eb;font-size:11px;color:#111827;">Noturno</td></tr><tr><th style="padding:3px 5px;text-align:left;background:#f3f4f6;border-bottom:1px solid #d1d5db;width:30%;font-size:11px;font-weight:600;color:#1f2937;">Frequência</th><td style="padding:3px 5px;border-bottom:1px solid #e5e7eb;font-size:11px;color:#111827;">—</td></tr><tr><th style="padding:3px 5px;text-align:left;background:#f3f4f6;border-bottom:1px solid #d1d5db;width:30%;font-size:11px;font-weight:600;color:#1f2937;">Cronograma</th><td style="padding:3px 5px;border-bottom:1px solid #e5e7eb;font-size:11px;color:#111827;">—</td></tr></table>]]></description><LineString><coordinates>-46.5852000,-23.5127000,0 -46.5847400,-23.5129900,0 -46.5824700,-23.5145300,0 -46.5850500,-23.5126100,0 -46.5834200,-23.5136900,0 -46.5826700,-23.5142100,0 -46.5823700,-23.5143900,0</coordinates></LineString></Placemark>
<Style id="s-VM-142">
<LineStyle><color>ffebce87</color><width>3.0</width></LineStyle>
<PolyStyle><color>ffebce87</color></PolyStyle>
<IconStyle><color>ffebce87</color><scale>0.55</scale>
<Icon><href>http://maps.google.com/mapfiles/kml/shapes/placemark_circle.png</href></Icon>
</IconStyle>
<LabelStyle><scale>0.65</scale></LabelStyle>
</Style><Placemark><name>MG30404VM0004 - Seg. 27</name><styleUrl>#s-VM-142</styleUrl><description><![CDATA[<table style="border-collapse:collapse;width:100%;font-family:'Helvetica Neue',Helvetica,Arial,sans-serif;font-size:11px;border:1px solid #e5e7eb;border-radius:8px;overflow:hidden;"><tr><th colspan="2" style="padding:5px 8px;background:#1f6feb;color:#fff;text-align:left;font-size:12px;font-weight:600;">MG30404VM0004 - Seg. 27</th></tr><tr><th style="padding:3px 5px;text-align:left;background:#f3f4f6;border-bottom:1px solid #d1d5db;width:30%;font-size:11px;font-weight:600;color:#1f2937;">Serviço</th><td style="padding:3px 5px;border-bottom:1px solid #e5e7eb;font-size:11px;color:#111827;">Varrição Mecanizada (VM)</td></tr><tr><th style="padding:3px 5px;text-align:left;background:#f3f4f6;border-bottom:1px solid #d1d5db;width:30%;font-size:11px;font-weight:600;color:#1f2937;">Setor</th><td style="padding:3px 5px;border-bottom:1px solid #e5e7eb;font-size:11px;color:#111827;">MG30404VM0004</td></tr><tr><th style="padding:3px 5px;text-align:left;background:#f3f4f6;border-bottom:1px solid #d1d5db;width:30%;font-size:11px;font-weight:600;color:#1f2937;">Tipo de Serviço</th><td style="padding:3px 5px;border-bottom:1px solid #e5e7eb;font-size:11px;color:#111827;">Varrição Mecanizada</td></tr><tr><th style="padding:3px 5px;text-align:left;background:#f3f4f6;border-bottom:1px solid #d1d5db;width:30%;font-size:11px;font-weight:600;color:#1f2937;">Nome</th><td style="padding:3px 5px;border-bottom:1px solid #e5e7eb;font-size:11px;color:#111827;">MG30404VM0004 - Seg. 27</td></tr><tr><th style="padding:3px 5px;text-align:left;background:#f3f4f6;border-bottom:1px solid #d1d5db;width:30%;font-size:11px;font-weight:600;color:#1f2937;">Logradouro</th><td style="padding:3px 5px;border-bottom:1px solid #e5e7eb;font-size:11px;color:#111827;">R Izidoro Matheus</td></tr><tr><th style="padding:3px 5px;text-align:left;background:#f3f4f6;border-bottom:1px solid #d1d5db;width:30%;font-size:11px;font-weight:600;color:#1f2937;">Subprefeitura</th><td style="padding:3px 5px;border-bottom:1px solid #e5e7eb;font-size:11px;color:#111827;">Vila Maria / Vila Guilherme</td></tr><tr><th style="padding:3px 5px;text-align:left;background:#f3f4f6;border-bottom:1px solid #d1d5db;width:30%;font-size:11px;font-weight:600;color:#1f2937;">Turno</th><td style="padding:3px 5px;border-bottom:1px solid #e5e7eb;font-size:11px;color:#111827;">Noturno</td></tr><tr><th style="padding:3px 5px;text-align:left;background:#f3f4f6;border-bottom:1px solid #d1d5db;width:30%;font-size:11px;font-weight:600;color:#1f2937;">Frequência</th><td style="padding:3px 5px;border-bottom:1px solid #e5e7eb;font-size:11px;color:#111827;">—</td></tr><tr><th style="padding:3px 5px;text-align:left;background:#f3f4f6;border-bottom:1px solid #d1d5db;width:30%;font-size:11px;font-weight:600;color:#1f2937;">Cronograma</th><td style="padding:3px 5px;border-bottom:1px solid #e5e7eb;font-size:11px;color:#111827;">—</td></tr></table>]]></description><LineString><coordinates>-46.5945100,-23.5270300,0 -46.5948000,-23.5261900,0 -46.5950500,-23.5253400,0</coordinates></LineString></Placemark>
<Style id="s-VM-143">
<LineStyle><color>ffebce87</color><width>3.0</width></LineStyle>
<PolyStyle><color>ffebce87</color></PolyStyle>
<IconStyle><color>ffebce87</color><scale>0.55</scale>
<Icon><href>http://maps.google.com/mapfiles/kml/shapes/placemark_circle.png</href></Icon>
</IconStyle>
<LabelStyle><scale>0.65</scale></LabelStyle>
</Style><Placemark><name>MG30404VM0004 - Seg. 28</name><styleUrl>#s-VM-143</styleUrl><description><![CDATA[<table style="border-collapse:collapse;width:100%;font-family:'Helvetica Neue',Helvetica,Arial,sans-serif;font-size:11px;border:1px solid #e5e7eb;border-radius:8px;overflow:hidden;"><tr><th colspan="2" style="padding:5px 8px;background:#1f6feb;color:#fff;text-align:left;font-size:12px;font-weight:600;">MG30404VM0004 - Seg. 28</th></tr><tr><th style="padding:3px 5px;text-align:left;background:#f3f4f6;border-bottom:1px solid #d1d5db;width:30%;font-size:11px;font-weight:600;color:#1f2937;">Serviço</th><td style="padding:3px 5px;border-bottom:1px solid #e5e7eb;font-size:11px;color:#111827;">Varrição Mecanizada (VM)</td></tr><tr><th style="padding:3px 5px;text-align:left;background:#f3f4f6;border-bottom:1px solid #d1d5db;width:30%;font-size:11px;font-weight:600;color:#1f2937;">Setor</th><td style="padding:3px 5px;border-bottom:1px solid #e5e7eb;font-size:11px;color:#111827;">MG30404VM0004</td></tr><tr><th style="padding:3px 5px;text-align:left;background:#f3f4f6;border-bottom:1px solid #d1d5db;width:30%;font-size:11px;font-weight:600;color:#1f2937;">Tipo de Serviço</th><td style="padding:3px 5px;border-bottom:1px solid #e5e7eb;font-size:11px;color:#111827;">Varrição Mecanizada</td></tr><tr><th style="padding:3px 5px;text-align:left;background:#f3f4f6;border-bottom:1px solid #d1d5db;width:30%;font-size:11px;font-weight:600;color:#1f2937;">Nome</th><td style="padding:3px 5px;border-bottom:1px solid #e5e7eb;font-size:11px;color:#111827;">MG30404VM0004 - Seg. 28</td></tr><tr><th style="padding:3px 5px;text-align:left;background:#f3f4f6;border-bottom:1px solid #d1d5db;width:30%;font-size:11px;font-weight:600;color:#1f2937;">Logradouro</th><td style="padding:3px 5px;border-bottom:1px solid #e5e7eb;font-size:11px;color:#111827;">R Srg Miguel de Sousa Filho</td></tr><tr><th style="padding:3px 5px;text-align:left;background:#f3f4f6;border-bottom:1px solid #d1d5db;width:30%;font-size:11px;font-weight:600;color:#1f2937;">Subprefeitura</th><td style="padding:3px 5px;border-bottom:1px solid #e5e7eb;font-size:11px;color:#111827;">Vila Maria / Vila Guilherme</td></tr><tr><th style="padding:3px 5px;text-align:left;background:#f3f4f6;border-bottom:1px solid #d1d5db;width:30%;font-size:11px;font-weight:600;color:#1f2937;">Turno</th><td style="padding:3px 5px;border-bottom:1px solid #e5e7eb;font-size:11px;color:#111827;">Noturno</td></tr><tr><th style="padding:3px 5px;text-align:left;background:#f3f4f6;border-bottom:1px solid #d1d5db;width:30%;font-size:11px;font-weight:600;color:#1f2937;">Frequência</th><td style="padding:3px 5px;border-bottom:1px solid #e5e7eb;font-size:11px;color:#111827;">—</td></tr><tr><th style="padding:3px 5px;text-align:left;background:#f3f4f6;border-bottom:1px solid #d1d5db;width:30%;font-size:11px;font-weight:600;color:#1f2937;">Cronograma</th><td style="padding:3px 5px;border-bottom:1px solid #e5e7eb;font-size:11px;color:#111827;">—</td></tr></table>]]></description><LineString><coordinates>-46.5714700,-23.5068300,0 -46.5718500,-23.5062700,0 -46.5724100,-23.5056100,0</coordinates></LineString></Placemark>
<Style id="s-VM-144">
<LineStyle><color>ffebce87</color><width>3.0</width></LineStyle>
<PolyStyle><color>ffebce87</color></PolyStyle>
<IconStyle><color>ffebce87</color><scale>0.55</scale>
<Icon><href>http://maps.google.com/mapfiles/kml/shapes/placemark_circle.png</href></Icon>
</IconStyle>
<LabelStyle><scale>0.65</scale></LabelStyle>
</Style><Placemark><name>MG30407VM0005 - Seg. 1</name><styleUrl>#s-VM-144</styleUrl><description><![CDATA[<table style="border-collapse:collapse;width:100%;font-family:'Helvetica Neue',Helvetica,Arial,sans-serif;font-size:11px;border:1px solid #e5e7eb;border-radius:8px;overflow:hidden;"><tr><th colspan="2" style="padding:5px 8px;background:#1f6feb;color:#fff;text-align:left;font-size:12px;font-weight:600;">MG30407VM0005 - Seg. 1</th></tr><tr><th style="padding:3px 5px;text-align:left;background:#f3f4f6;border-bottom:1px solid #d1d5db;width:30%;font-size:11px;font-weight:600;color:#1f2937;">Serviço</th><td style="padding:3px 5px;border-bottom:1px solid #e5e7eb;font-size:11px;color:#111827;">Varrição Mecanizada (VM)</td></tr><tr><th style="padding:3px 5px;text-align:left;background:#f3f4f6;border-bottom:1px solid #d1d5db;width:30%;font-size:11px;font-weight:600;color:#1f2937;">Setor</th><td style="padding:3px 5px;border-bottom:1px solid #e5e7eb;font-size:11px;color:#111827;">MG30407VM0005</td></tr><tr><th style="padding:3px 5px;text-align:left;background:#f3f4f6;border-bottom:1px solid #d1d5db;width:30%;font-size:11px;font-weight:600;color:#1f2937;">Tipo de Serviço</th><td style="padding:3px 5px;border-bottom:1px solid #e5e7eb;font-size:11px;color:#111827;">Varrição Mecanizada</td></tr><tr><th style="padding:3px 5px;text-align:left;background:#f3f4f6;border-bottom:1px solid #d1d5db;width:30%;font-size:11px;font-weight:600;color:#1f2937;">Nome</th><td style="padding:3px 5px;border-bottom:1px solid #e5e7eb;font-size:11px;color:#111827;">MG30407VM0005 - Seg. 1</td></tr><tr><th style="padding:3px 5px;text-align:left;background:#f3f4f6;border-bottom:1px solid #d1d5db;width:30%;font-size:11px;font-weight:600;color:#1f2937;">Logradouro</th><td style="padding:3px 5px;border-bottom:1px solid #e5e7eb;font-size:11px;color:#111827;">Ac Av Guilherme Cotching</td></tr><tr><th style="padding:3px 5px;text-align:left;background:#f3f4f6;border-bottom:1px solid #d1d5db;width:30%;font-size:11px;font-weight:600;color:#1f2937;">Subprefeitura</th><td style="padding:3px 5px;border-bottom:1px solid #e5e7eb;font-size:11px;color:#111827;">Vila Maria / Vila Guilherme</td></tr><tr><th style="padding:3px 5px;text-align:left;background:#f3f4f6;border-bottom:1px solid #d1d5db;width:30%;font-size:11px;font-weight:600;color:#1f2937;">Turno</th><td style="padding:3px 5px;border-bottom:1px solid #e5e7eb;font-size:11px;color:#111827;">Noturno</td></tr><tr><th style="padding:3px 5px;text-align:left;background:#f3f4f6;border-bottom:1px solid #d1d5db;width:30%;font-size:11px;font-weight:600;color:#1f2937;">Frequência</th><td style="padding:3px 5px;border-bottom:1px solid #e5e7eb;font-size:11px;color:#111827;">—</td></tr><tr><th style="padding:3px 5px;text-align:left;background:#f3f4f6;border-bottom:1px solid #d1d5db;width:30%;font-size:11px;font-weight:600;color:#1f2937;">Cronograma</th><td style="padding:3px 5px;border-bottom:1px solid #e5e7eb;font-size:11px;color:#111827;">—</td></tr></table>]]></description><LineString><coordinates>-46.5956400,-23.5243700,0 -46.5953900,-23.5248100,0 -46.5952800,-23.5251500,0 -46.5953600,-23.5255000,0</coordinates></LineString></Placemark>
<Style id="s-VM-145">
<LineStyle><color>ffebce87</color><width>3.0</width></LineStyle>
<PolyStyle><color>ffebce87</color></PolyStyle>
<IconStyle><color>ffebce87</color><scale>0.55</scale>
<Icon><href>http://maps.google.com/mapfiles/kml/shapes/placemark_circle.png</href></Icon>
</IconStyle>
<LabelStyle><scale>0.65</scale></LabelStyle>
</Style><Placemark><name>MG30407VM0005 - Seg. 2</name><styleUrl>#s-VM-145</styleUrl><description><![CDATA[<table style="border-collapse:collapse;width:100%;font-family:'Helvetica Neue',Helvetica,Arial,sans-serif;font-size:11px;border:1px solid #e5e7eb;border-radius:8px;overflow:hidden;"><tr><th colspan="2" style="padding:5px 8px;background:#1f6feb;color:#fff;text-align:left;font-size:12px;font-weight:600;">MG30407VM0005 - Seg. 2</th></tr><tr><th style="padding:3px 5px;text-align:left;background:#f3f4f6;border-bottom:1px solid #d1d5db;width:30%;font-size:11px;font-weight:600;color:#1f2937;">Serviço</th><td style="padding:3px 5px;border-bottom:1px solid #e5e7eb;font-size:11px;color:#111827;">Varrição Mecanizada (VM)</td></tr><tr><th style="padding:3px 5px;text-align:left;background:#f3f4f6;border-bottom:1px solid #d1d5db;width:30%;font-size:11px;font-weight:600;color:#1f2937;">Setor</th><td style="padding:3px 5px;border-bottom:1px solid #e5e7eb;font-size:11px;color:#111827;">MG30407VM0005</td></tr><tr><th style="padding:3px 5px;text-align:left;background:#f3f4f6;border-bottom:1px solid #d1d5db;width:30%;font-size:11px;font-weight:600;color:#1f2937;">Tipo de Serviço</th><td style="padding:3px 5px;border-bottom:1px solid #e5e7eb;font-size:11px;color:#111827;">Varrição Mecanizada</td></tr><tr><th style="padding:3px 5px;text-align:left;background:#f3f4f6;border-bottom:1px solid #d1d5db;width:30%;font-size:11px;font-weight:600;color:#1f2937;">Nome</th><td style="padding:3px 5px;border-bottom:1px solid #e5e7eb;font-size:11px;color:#111827;">MG30407VM0005 - Seg. 2</td></tr><tr><th style="padding:3px 5px;text-align:left;background:#f3f4f6;border-bottom:1px solid #d1d5db;width:30%;font-size:11px;font-weight:600;color:#1f2937;">Logradouro</th><td style="padding:3px 5px;border-bottom:1px solid #e5e7eb;font-size:11px;color:#111827;">Ac Av Nadir Dias de Figueiredo</td></tr><tr><th style="padding:3px 5px;text-align:left;background:#f3f4f6;border-bottom:1px solid #d1d5db;width:30%;font-size:11px;font-weight:600;color:#1f2937;">Subprefeitura</th><td style="padding:3px 5px;border-bottom:1px solid #e5e7eb;font-size:11px;color:#111827;">Vila Maria / Vila Guilherme</td></tr><tr><th style="padding:3px 5px;text-align:left;background:#f3f4f6;border-bottom:1px solid #d1d5db;width:30%;font-size:11px;font-weight:600;color:#1f2937;">Turno</th><td style="padding:3px 5px;border-bottom:1px solid #e5e7eb;font-size:11px;color:#111827;">Noturno</td></tr><tr><th style="padding:3px 5px;text-align:left;background:#f3f4f6;border-bottom:1px solid #d1d5db;width:30%;font-size:11px;font-weight:600;color:#1f2937;">Frequência</th><td style="padding:3px 5px;border-bottom:1px solid #e5e7eb;font-size:11px;color:#111827;">—</td></tr><tr><th style="padding:3px 5px;text-align:left;background:#f3f4f6;border-bottom:1px solid #d1d5db;width:30%;font-size:11px;font-weight:600;color:#1f2937;">Cronograma</th><td style="padding:3px 5px;border-bottom:1px solid #e5e7eb;font-size:11px;color:#111827;">—</td></tr></table>]]></description><LineString><coordinates>-46.5951600,-23.5246800,0 -46.5950500,-23.5253400,0</coordinates></LineString></Placemark>
<Style id="s-VM-146">
<LineStyle><color>ffebce87</color><width>3.0</width></LineStyle>
<PolyStyle><color>ffebce87</color></PolyStyle>
<IconStyle><color>ffebce87</color><scale>0.55</scale>
<Icon><href>http://maps.google.com/mapfiles/kml/shapes/placemark_circle.png</href></Icon>
</IconStyle>
<LabelStyle><scale>0.65</scale></LabelStyle>
</Style><Placemark><name>MG30407VM0005 - Seg. 3</name><styleUrl>#s-VM-146</styleUrl><description><![CDATA[<table style="border-collapse:collapse;width:100%;font-family:'Helvetica Neue',Helvetica,Arial,sans-serif;font-size:11px;border:1px solid #e5e7eb;border-radius:8px;overflow:hidden;"><tr><th colspan="2" style="padding:5px 8px;background:#1f6feb;color:#fff;text-align:left;font-size:12px;font-weight:600;">MG30407VM0005 - Seg. 3</th></tr><tr><th style="padding:3px 5px;text-align:left;background:#f3f4f6;border-bottom:1px solid #d1d5db;width:30%;font-size:11px;font-weight:600;color:#1f2937;">Serviço</th><td style="padding:3px 5px;border-bottom:1px solid #e5e7eb;font-size:11px;color:#111827;">Varrição Mecanizada (VM)</td></tr><tr><th style="padding:3px 5px;text-align:left;background:#f3f4f6;border-bottom:1px solid #d1d5db;width:30%;font-size:11px;font-weight:600;color:#1f2937;">Setor</th><td style="padding:3px 5px;border-bottom:1px solid #e5e7eb;font-size:11px;color:#111827;">MG30407VM0005</td></tr><tr><th style="padding:3px 5px;text-align:left;background:#f3f4f6;border-bottom:1px solid #d1d5db;width:30%;font-size:11px;font-weight:600;color:#1f2937;">Tipo de Serviço</th><td style="padding:3px 5px;border-bottom:1px solid #e5e7eb;font-size:11px;color:#111827;">Varrição Mecanizada</td></tr><tr><th style="padding:3px 5px;text-align:left;background:#f3f4f6;border-bottom:1px solid #d1d5db;width:30%;font-size:11px;font-weight:600;color:#1f2937;">Nome</th><td style="padding:3px 5px;border-bottom:1px solid #e5e7eb;font-size:11px;color:#111827;">MG30407VM0005 - Seg. 3</td></tr><tr><th style="padding:3px 5px;text-align:left;background:#f3f4f6;border-bottom:1px solid #d1d5db;width:30%;font-size:11px;font-weight:600;color:#1f2937;">Logradouro</th><td style="padding:3px 5px;border-bottom:1px solid #e5e7eb;font-size:11px;color:#111827;">Av Amadeu Poli</td></tr><tr><th style="padding:3px 5px;text-align:left;background:#f3f4f6;border-bottom:1px solid #d1d5db;width:30%;font-size:11px;font-weight:600;color:#1f2937;">Subprefeitura</th><td style="padding:3px 5px;border-bottom:1px solid #e5e7eb;font-size:11px;color:#111827;">Vila Maria / Vila Guilherme</td></tr><tr><th style="padding:3px 5px;text-align:left;background:#f3f4f6;border-bottom:1px solid #d1d5db;width:30%;font-size:11px;font-weight:600;color:#1f2937;">Turno</th><td style="padding:3px 5px;border-bottom:1px solid #e5e7eb;font-size:11px;color:#111827;">Noturno</td></tr><tr><th style="padding:3px 5px;text-align:left;background:#f3f4f6;border-bottom:1px solid #d1d5db;width:30%;font-size:11px;font-weight:600;color:#1f2937;">Frequência</th><td style="padding:3px 5px;border-bottom:1px solid #e5e7eb;font-size:11px;color:#111827;">—</td></tr><tr><th style="padding:3px 5px;text-align:left;background:#f3f4f6;border-bottom:1px solid #d1d5db;width:30%;font-size:11px;font-weight:600;color:#1f2937;">Cronograma</th><td style="padding:3px 5px;border-bottom:1px solid #e5e7eb;font-size:11px;color:#111827;">—</td></tr></table>]]></description><LineString><coordinates>-46.5632200,-23.5122700,0 -46.5633700,-23.5119700,0 -46.5643900,-23.5101800,0 -46.5652400,-23.5086000,0 -46.5673600,-23.5048500,0 -46.5674400,-23.5047700,0 -46.5675500,-23.5047700,0</coordinates></LineString></Placemark>
<Style id="s-VM-147">
<LineStyle><color>ffebce87</color><width>3.0</width></LineStyle>
<PolyStyle><color>ffebce87</color></PolyStyle>
<IconStyle><color>ffebce87</color><scale>0.55</scale>
<Icon><href>http://maps.google.com/mapfiles/kml/shapes/placemark_circle.png</href></Icon>
</IconStyle>
<LabelStyle><scale>0.65</scale></LabelStyle>
</Style><Placemark><name>MG30407VM0005 - Seg. 4</name><styleUrl>#s-VM-147</styleUrl><description><![CDATA[<table style="border-collapse:collapse;width:100%;font-family:'Helvetica Neue',Helvetica,Arial,sans-serif;font-size:11px;border:1px solid #e5e7eb;border-radius:8px;overflow:hidden;"><tr><th colspan="2" style="padding:5px 8px;background:#1f6feb;color:#fff;text-align:left;font-size:12px;font-weight:600;">MG30407VM0005 - Seg. 4</th></tr><tr><th style="padding:3px 5px;text-align:left;background:#f3f4f6;border-bottom:1px solid #d1d5db;width:30%;font-size:11px;font-weight:600;color:#1f2937;">Serviço</th><td style="padding:3px 5px;border-bottom:1px solid #e5e7eb;font-size:11px;color:#111827;">Varrição Mecanizada (VM)</td></tr><tr><th style="padding:3px 5px;text-align:left;background:#f3f4f6;border-bottom:1px solid #d1d5db;width:30%;font-size:11px;font-weight:600;color:#1f2937;">Setor</th><td style="padding:3px 5px;border-bottom:1px solid #e5e7eb;font-size:11px;color:#111827;">MG30407VM0005</td></tr><tr><th style="padding:3px 5px;text-align:left;background:#f3f4f6;border-bottom:1px solid #d1d5db;width:30%;font-size:11px;font-weight:600;color:#1f2937;">Tipo de Serviço</th><td style="padding:3px 5px;border-bottom:1px solid #e5e7eb;font-size:11px;color:#111827;">Varrição Mecanizada</td></tr><tr><th style="padding:3px 5px;text-align:left;background:#f3f4f6;border-bottom:1px solid #d1d5db;width:30%;font-size:11px;font-weight:600;color:#1f2937;">Nome</th><td style="padding:3px 5px;border-bottom:1px solid #e5e7eb;font-size:11px;color:#111827;">MG30407VM0005 - Seg. 4</td></tr><tr><th style="padding:3px 5px;text-align:left;background:#f3f4f6;border-bottom:1px solid #d1d5db;width:30%;font-size:11px;font-weight:600;color:#1f2937;">Logradouro</th><td style="padding:3px 5px;border-bottom:1px solid #e5e7eb;font-size:11px;color:#111827;">Av Amadeu Poli</td></tr><tr><th style="padding:3px 5px;text-align:left;background:#f3f4f6;border-bottom:1px solid #d1d5db;width:30%;font-size:11px;font-weight:600;color:#1f2937;">Subprefeitura</th><td style="padding:3px 5px;border-bottom:1px solid #e5e7eb;font-size:11px;color:#111827;">Vila Maria / Vila Guilherme</td></tr><tr><th style="padding:3px 5px;text-align:left;background:#f3f4f6;border-bottom:1px solid #d1d5db;width:30%;font-size:11px;font-weight:600;color:#1f2937;">Turno</th><td style="padding:3px 5px;border-bottom:1px solid #e5e7eb;font-size:11px;color:#111827;">Noturno</td></tr><tr><th style="padding:3px 5px;text-align:left;background:#f3f4f6;border-bottom:1px solid #d1d5db;width:30%;font-size:11px;font-weight:600;color:#1f2937;">Frequência</th><td style="padding:3px 5px;border-bottom:1px solid #e5e7eb;font-size:11px;color:#111827;">—</td></tr><tr><th style="padding:3px 5px;text-align:left;background:#f3f4f6;border-bottom:1px solid #d1d5db;width:30%;font-size:11px;font-weight:600;color:#1f2937;">Cronograma</th><td style="padding:3px 5px;border-bottom:1px solid #e5e7eb;font-size:11px;color:#111827;">—</td></tr></table>]]></description><LineString><coordinates>-46.5631500,-23.5120500,0 -46.5646400,-23.5093600,0 -46.5671500,-23.5049200,0 -46.5673100,-23.5046900,0 -46.5675800,-23.5047300,0</coordinates></LineString></Placemark>
<Style id="s-VM-148">
<LineStyle><color>ffebce87</color><width>3.0</width></LineStyle>
<PolyStyle><color>ffebce87</color></PolyStyle>
<IconStyle><color>ffebce87</color><scale>0.55</scale>
<Icon><href>http://maps.google.com/mapfiles/kml/shapes/placemark_circle.png</href></Icon>
</IconStyle>
<LabelStyle><scale>0.65</scale></LabelStyle>
</Style><Placemark><name>MG30407VM0005 - Seg. 5</name><styleUrl>#s-VM-148</styleUrl><description><![CDATA[<table style="border-collapse:collapse;width:100%;font-family:'Helvetica Neue',Helvetica,Arial,sans-serif;font-size:11px;border:1px solid #e5e7eb;border-radius:8px;overflow:hidden;"><tr><th colspan="2" style="padding:5px 8px;background:#1f6feb;color:#fff;text-align:left;font-size:12px;font-weight:600;">MG30407VM0005 - Seg. 5</th></tr><tr><th style="padding:3px 5px;text-align:left;background:#f3f4f6;border-bottom:1px solid #d1d5db;width:30%;font-size:11px;font-weight:600;color:#1f2937;">Serviço</th><td style="padding:3px 5px;border-bottom:1px solid #e5e7eb;font-size:11px;color:#111827;">Varrição Mecanizada (VM)</td></tr><tr><th style="padding:3px 5px;text-align:left;background:#f3f4f6;border-bottom:1px solid #d1d5db;width:30%;font-size:11px;font-weight:600;color:#1f2937;">Setor</th><td style="padding:3px 5px;border-bottom:1px solid #e5e7eb;font-size:11px;color:#111827;">MG30407VM0005</td></tr><tr><th style="padding:3px 5px;text-align:left;background:#f3f4f6;border-bottom:1px solid #d1d5db;width:30%;font-size:11px;font-weight:600;color:#1f2937;">Tipo de Serviço</th><td style="padding:3px 5px;border-bottom:1px solid #e5e7eb;font-size:11px;color:#111827;">Varrição Mecanizada</td></tr><tr><th style="padding:3px 5px;text-align:left;background:#f3f4f6;border-bottom:1px solid #d1d5db;width:30%;font-size:11px;font-weight:600;color:#1f2937;">Nome</th><td style="padding:3px 5px;border-bottom:1px solid #e5e7eb;font-size:11px;color:#111827;">MG30407VM0005 - Seg. 5</td></tr><tr><th style="padding:3px 5px;text-align:left;background:#f3f4f6;border-bottom:1px solid #d1d5db;width:30%;font-size:11px;font-weight:600;color:#1f2937;">Logradouro</th><td style="padding:3px 5px;border-bottom:1px solid #e5e7eb;font-size:11px;color:#111827;">Av do Poeta</td></tr><tr><th style="padding:3px 5px;text-align:left;background:#f3f4f6;border-bottom:1px solid #d1d5db;width:30%;font-size:11px;font-weight:600;color:#1f2937;">Subprefeitura</th><td style="padding:3px 5px;border-bottom:1px solid #e5e7eb;font-size:11px;color:#111827;">Vila Maria / Vila Guilherme</td></tr><tr><th style="padding:3px 5px;text-align:left;background:#f3f4f6;border-bottom:1px solid #d1d5db;width:30%;font-size:11px;font-weight:600;color:#1f2937;">Turno</th><td style="padding:3px 5px;border-bottom:1px solid #e5e7eb;font-size:11px;color:#111827;">Noturno</td></tr><tr><th style="padding:3px 5px;text-align:left;background:#f3f4f6;border-bottom:1px solid #d1d5db;width:30%;font-size:11px;font-weight:600;color:#1f2937;">Frequência</th><td style="padding:3px 5px;border-bottom:1px solid #e5e7eb;font-size:11px;color:#111827;">—</td></tr><tr><th style="padding:3px 5px;text-align:left;background:#f3f4f6;border-bottom:1px solid #d1d5db;width:30%;font-size:11px;font-weight:600;color:#1f2937;">Cronograma</th><td style="padding:3px 5px;border-bottom:1px solid #e5e7eb;font-size:11px;color:#111827;">—</td></tr></table>]]></description><LineString><coordinates>-46.5692700,-23.4915200,0 -46.5689800,-23.4911200,0 -46.5685500,-23.4908600,0 -46.5678800,-23.4907700,0 -46.5665400,-23.4906700,0 -46.5662000,-23.4906000,0 -46.5658900,-23.4904800,0 -46.5657500,-23.4903200,0 -46.5656500,-23.4901400,0 -46.5660100,-23.4903900,0 -46.5656500,-23.4901400,0 -46.5665300,-23.4905800,0 -46.5662600,-23.4905200,0 -46.5660100,-23.4903900,0 -46.5677700,-23.4906600,0 -46.5665300,-23.4905800,0 -46.5695100,-23.4915700,0 -46.5690500,-23.4910700,0 -46.5684700,-23.4907300,0 -46.5677700,-23.4906600,0 -46.5695100,-23.4915700,0 -46.5693500,-23.4912300,0 -46.5691300,-23.4909100,0 -46.5688800,-23.4906700,0 -46.5686600,-23.4905400,0 -46.5685500,-23.4904400,0 -46.5681800,-23.4903800,0 -46.5670800,-23.4902800,0 -46.5664300,-23.4900000,0 -46.5662300,-23.4893500,0</coordinates></LineString></Placemark>
<Style id="s-VM-149">
<LineStyle><color>ffebce87</color><width>3.0</width></LineStyle>
<PolyStyle><color>ffebce87</color></PolyStyle>
<IconStyle><color>ffebce87</color><scale>0.55</scale>
<Icon><href>http://maps.google.com/mapfiles/kml/shapes/placemark_circle.png</href></Icon>
</IconStyle>
<LabelStyle><scale>0.65</scale></LabelStyle>
</Style><Placemark><name>MG30407VM0005 - Seg. 6</name><styleUrl>#s-VM-149</styleUrl><description><![CDATA[<table style="border-collapse:collapse;width:100%;font-family:'Helvetica Neue',Helvetica,Arial,sans-serif;font-size:11px;border:1px solid #e5e7eb;border-radius:8px;overflow:hidden;"><tr><th colspan="2" style="padding:5px 8px;background:#1f6feb;color:#fff;text-align:left;font-size:12px;font-weight:600;">MG30407VM0005 - Seg. 6</th></tr><tr><th style="padding:3px 5px;text-align:left;background:#f3f4f6;border-bottom:1px solid #d1d5db;width:30%;font-size:11px;font-weight:600;color:#1f2937;">Serviço</th><td style="padding:3px 5px;border-bottom:1px solid #e5e7eb;font-size:11px;color:#111827;">Varrição Mecanizada (VM)</td></tr><tr><th style="padding:3px 5px;text-align:left;background:#f3f4f6;border-bottom:1px solid #d1d5db;width:30%;font-size:11px;font-weight:600;color:#1f2937;">Setor</th><td style="padding:3px 5px;border-bottom:1px solid #e5e7eb;font-size:11px;color:#111827;">MG30407VM0005</td></tr><tr><th style="padding:3px 5px;text-align:left;background:#f3f4f6;border-bottom:1px solid #d1d5db;width:30%;font-size:11px;font-weight:600;color:#1f2937;">Tipo de Serviço</th><td style="padding:3px 5px;border-bottom:1px solid #e5e7eb;font-size:11px;color:#111827;">Varrição Mecanizada</td></tr><tr><th style="padding:3px 5px;text-align:left;background:#f3f4f6;border-bottom:1px solid #d1d5db;width:30%;font-size:11px;font-weight:600;color:#1f2937;">Nome</th><td style="padding:3px 5px;border-bottom:1px solid #e5e7eb;font-size:11px;color:#111827;">MG30407VM0005 - Seg. 6</td></tr><tr><th style="padding:3px 5px;text-align:left;background:#f3f4f6;border-bottom:1px solid #d1d5db;width:30%;font-size:11px;font-weight:600;color:#1f2937;">Logradouro</th><td style="padding:3px 5px;border-bottom:1px solid #e5e7eb;font-size:11px;color:#111827;">Av Guilherme Cotching</td></tr><tr><th style="padding:3px 5px;text-align:left;background:#f3f4f6;border-bottom:1px solid #d1d5db;width:30%;font-size:11px;font-weight:600;color:#1f2937;">Subprefeitura</th><td style="padding:3px 5px;border-bottom:1px solid #e5e7eb;font-size:11px;color:#111827;">Vila Maria / Vila Guilherme</td></tr><tr><th style="padding:3px 5px;text-align:left;background:#f3f4f6;border-bottom:1px solid #d1d5db;width:30%;font-size:11px;font-weight:600;color:#1f2937;">Turno</th><td style="padding:3px 5px;border-bottom:1px solid #e5e7eb;font-size:11px;color:#111827;">Noturno</td></tr><tr><th style="padding:3px 5px;text-align:left;background:#f3f4f6;border-bottom:1px solid #d1d5db;width:30%;font-size:11px;font-weight:600;color:#1f2937;">Frequência</th><td style="padding:3px 5px;border-bottom:1px solid #e5e7eb;font-size:11px;color:#111827;">—</td></tr><tr><th style="padding:3px 5px;text-align:left;background:#f3f4f6;border-bottom:1px solid #d1d5db;width:30%;font-size:11px;font-weight:600;color:#1f2937;">Cronograma</th><td style="padding:3px 5px;border-bottom:1px solid #e5e7eb;font-size:11px;color:#111827;">—</td></tr></table>]]></description><LineString><coordinates>-46.5956500,-23.5258300,0 -46.5953600,-23.5255000,0 -46.5950900,-23.5251200,0 -46.5929900,-23.5223900,0 -46.5924900,-23.5218000,0 -46.5905800,-23.5193500,0 -46.5869000,-23.5146900,0 -46.5853100,-23.5126300,0</coordinates></LineString></Placemark>
<Style id="s-VM-150">
<LineStyle><color>ffebce87</color><width>3.0</width></LineStyle>
<PolyStyle><color>ffebce87</color></PolyStyle>
<IconStyle><color>ffebce87</color><scale>0.55</scale>
<Icon><href>http://maps.google.com/mapfiles/kml/shapes/placemark_circle.png</href></Icon>
</IconStyle>
<LabelStyle><scale>0.65</scale></LabelStyle>
</Style><Placemark><name>MG30407VM0005 - Seg. 7</name><styleUrl>#s-VM-150</styleUrl><description><![CDATA[<table style="border-collapse:collapse;width:100%;font-family:'Helvetica Neue',Helvetica,Arial,sans-serif;font-size:11px;border:1px solid #e5e7eb;border-radius:8px;overflow:hidden;"><tr><th colspan="2" style="padding:5px 8px;background:#1f6feb;color:#fff;text-align:left;font-size:12px;font-weight:600;">MG30407VM0005 - Seg. 7</th></tr><tr><th style="padding:3px 5px;text-align:left;background:#f3f4f6;border-bottom:1px solid #d1d5db;width:30%;font-size:11px;font-weight:600;color:#1f2937;">Serviço</th><td style="padding:3px 5px;border-bottom:1px solid #e5e7eb;font-size:11px;color:#111827;">Varrição Mecanizada (VM)</td></tr><tr><th style="padding:3px 5px;text-align:left;background:#f3f4f6;border-bottom:1px solid #d1d5db;width:30%;font-size:11px;font-weight:600;color:#1f2937;">Setor</th><td style="padding:3px 5px;border-bottom:1px solid #e5e7eb;font-size:11px;color:#111827;">MG30407VM0005</td></tr><tr><th style="padding:3px 5px;text-align:left;background:#f3f4f6;border-bottom:1px solid #d1d5db;width:30%;font-size:11px;font-weight:600;color:#1f2937;">Tipo de Serviço</th><td style="padding:3px 5px;border-bottom:1px solid #e5e7eb;font-size:11px;color:#111827;">Varrição Mecanizada</td></tr><tr><th style="padding:3px 5px;text-align:left;background:#f3f4f6;border-bottom:1px solid #d1d5db;width:30%;font-size:11px;font-weight:600;color:#1f2937;">Nome</th><td style="padding:3px 5px;border-bottom:1px solid #e5e7eb;font-size:11px;color:#111827;">MG30407VM0005 - Seg. 7</td></tr><tr><th style="padding:3px 5px;text-align:left;background:#f3f4f6;border-bottom:1px solid #d1d5db;width:30%;font-size:11px;font-weight:600;color:#1f2937;">Logradouro</th><td style="padding:3px 5px;border-bottom:1px solid #e5e7eb;font-size:11px;color:#111827;">Av Guilherme Cotching</td></tr><tr><th style="padding:3px 5px;text-align:left;background:#f3f4f6;border-bottom:1px solid #d1d5db;width:30%;font-size:11px;font-weight:600;color:#1f2937;">Subprefeitura</th><td style="padding:3px 5px;border-bottom:1px solid #e5e7eb;font-size:11px;color:#111827;">Vila Maria / Vila Guilherme</td></tr><tr><th style="padding:3px 5px;text-align:left;background:#f3f4f6;border-bottom:1px solid #d1d5db;width:30%;font-size:11px;font-weight:600;color:#1f2937;">Turno</th><td style="padding:3px 5px;border-bottom:1px solid #e5e7eb;font-size:11px;color:#111827;">Noturno</td></tr><tr><th style="padding:3px 5px;text-align:left;background:#f3f4f6;border-bottom:1px solid #d1d5db;width:30%;font-size:11px;font-weight:600;color:#1f2937;">Frequência</th><td style="padding:3px 5px;border-bottom:1px solid #e5e7eb;font-size:11px;color:#111827;">—</td></tr><tr><th style="padding:3px 5px;text-align:left;background:#f3f4f6;border-bottom:1px solid #d1d5db;width:30%;font-size:11px;font-weight:600;color:#1f2937;">Cronograma</th><td style="padding:3px 5px;border-bottom:1px solid #e5e7eb;font-size:11px;color:#111827;">—</td></tr></table>]]></description><LineString><coordinates>-46.5958200,-23.5262200,0 -46.5950500,-23.5253400,0 -46.5946500,-23.5247900,0 -46.5933400,-23.5231000,0 -46.5861400,-23.5139400,0 -46.5852000,-23.5127000,0</coordinates></LineString></Placemark>
<Style id="s-VM-151">
<LineStyle><color>ffebce87</color><width>3.0</width></LineStyle>
<PolyStyle><color>ffebce87</color></PolyStyle>
<IconStyle><color>ffebce87</color><scale>0.55</scale>
<Icon><href>http://maps.google.com/mapfiles/kml/shapes/placemark_circle.png</href></Icon>
</IconStyle>
<LabelStyle><scale>0.65</scale></LabelStyle>
</Style><Placemark><name>MG30407VM0005 - Seg. 8</name><styleUrl>#s-VM-151</styleUrl><description><![CDATA[<table style="border-collapse:collapse;width:100%;font-family:'Helvetica Neue',Helvetica,Arial,sans-serif;font-size:11px;border:1px solid #e5e7eb;border-radius:8px;overflow:hidden;"><tr><th colspan="2" style="padding:5px 8px;background:#1f6feb;color:#fff;text-align:left;font-size:12px;font-weight:600;">MG30407VM0005 - Seg. 8</th></tr><tr><th style="padding:3px 5px;text-align:left;background:#f3f4f6;border-bottom:1px solid #d1d5db;width:30%;font-size:11px;font-weight:600;color:#1f2937;">Serviço</th><td style="padding:3px 5px;border-bottom:1px solid #e5e7eb;font-size:11px;color:#111827;">Varrição Mecanizada (VM)</td></tr><tr><th style="padding:3px 5px;text-align:left;background:#f3f4f6;border-bottom:1px solid #d1d5db;width:30%;font-size:11px;font-weight:600;color:#1f2937;">Setor</th><td style="padding:3px 5px;border-bottom:1px solid #e5e7eb;font-size:11px;color:#111827;">MG30407VM0005</td></tr><tr><th style="padding:3px 5px;text-align:left;background:#f3f4f6;border-bottom:1px solid #d1d5db;width:30%;font-size:11px;font-weight:600;color:#1f2937;">Tipo de Serviço</th><td style="padding:3px 5px;border-bottom:1px solid #e5e7eb;font-size:11px;color:#111827;">Varrição Mecanizada</td></tr><tr><th style="padding:3px 5px;text-align:left;background:#f3f4f6;border-bottom:1px solid #d1d5db;width:30%;font-size:11px;font-weight:600;color:#1f2937;">Nome</th><td style="padding:3px 5px;border-bottom:1px solid #e5e7eb;font-size:11px;color:#111827;">MG30407VM0005 - Seg. 8</td></tr><tr><th style="padding:3px 5px;text-align:left;background:#f3f4f6;border-bottom:1px solid #d1d5db;width:30%;font-size:11px;font-weight:600;color:#1f2937;">Logradouro</th><td style="padding:3px 5px;border-bottom:1px solid #e5e7eb;font-size:11px;color:#111827;">Av Joao Simao de Castro</td></tr><tr><th style="padding:3px 5px;text-align:left;background:#f3f4f6;border-bottom:1px solid #d1d5db;width:30%;font-size:11px;font-weight:600;color:#1f2937;">Subprefeitura</th><td style="padding:3px 5px;border-bottom:1px solid #e5e7eb;font-size:11px;color:#111827;">Vila Maria / Vila Guilherme</td></tr><tr><th style="padding:3px 5px;text-align:left;background:#f3f4f6;border-bottom:1px solid #d1d5db;width:30%;font-size:11px;font-weight:600;color:#1f2937;">Turno</th><td style="padding:3px 5px;border-bottom:1px solid #e5e7eb;font-size:11px;color:#111827;">Noturno</td></tr><tr><th style="padding:3px 5px;text-align:left;background:#f3f4f6;border-bottom:1px solid #d1d5db;width:30%;font-size:11px;font-weight:600;color:#1f2937;">Frequência</th><td style="padding:3px 5px;border-bottom:1px solid #e5e7eb;font-size:11px;color:#111827;">—</td></tr><tr><th style="padding:3px 5px;text-align:left;background:#f3f4f6;border-bottom:1px solid #d1d5db;width:30%;font-size:11px;font-weight:600;color:#1f2937;">Cronograma</th><td style="padding:3px 5px;border-bottom:1px solid #e5e7eb;font-size:11px;color:#111827;">—</td></tr></table>]]></description><LineString><coordinates>-46.5759800,-23.4895200,0 -46.5749300,-23.4895200,0 -46.5746800,-23.4895400,0 -46.5757400,-23.4892900,0 -46.5755300,-23.4892700,0 -46.5753000,-23.4893200,0 -46.5749800,-23.4893200,0 -46.5746900,-23.4892500,0 -46.5741500,-23.4895500,0 -46.5739500,-23.4894900,0 -46.5737600,-23.4894800,0 -46.5696400,-23.4893700,0 -46.5690600,-23.4893600,0 -46.5684500,-23.4894200,0 -46.5654200,-23.4893300,0</coordinates></LineString></Placemark>
<Style id="s-VM-152">
<LineStyle><color>ffebce87</color><width>3.0</width></LineStyle>
<PolyStyle><color>ffebce87</color></PolyStyle>
<IconStyle><color>ffebce87</color><scale>0.55</scale>
<Icon><href>http://maps.google.com/mapfiles/kml/shapes/placemark_circle.png</href></Icon>
</IconStyle>
<LabelStyle><scale>0.65</scale></LabelStyle>
</Style><Placemark><name>MG30407VM0005 - Seg. 9</name><styleUrl>#s-VM-152</styleUrl><description><![CDATA[<table style="border-collapse:collapse;width:100%;font-family:'Helvetica Neue',Helvetica,Arial,sans-serif;font-size:11px;border:1px solid #e5e7eb;border-radius:8px;overflow:hidden;"><tr><th colspan="2" style="padding:5px 8px;background:#1f6feb;color:#fff;text-align:left;font-size:12px;font-weight:600;">MG30407VM0005 - Seg. 9</th></tr><tr><th style="padding:3px 5px;text-align:left;background:#f3f4f6;border-bottom:1px solid #d1d5db;width:30%;font-size:11px;font-weight:600;color:#1f2937;">Serviço</th><td style="padding:3px 5px;border-bottom:1px solid #e5e7eb;font-size:11px;color:#111827;">Varrição Mecanizada (VM)</td></tr><tr><th style="padding:3px 5px;text-align:left;background:#f3f4f6;border-bottom:1px solid #d1d5db;width:30%;font-size:11px;font-weight:600;color:#1f2937;">Setor</th><td style="padding:3px 5px;border-bottom:1px solid #e5e7eb;font-size:11px;color:#111827;">MG30407VM0005</td></tr><tr><th style="padding:3px 5px;text-align:left;background:#f3f4f6;border-bottom:1px solid #d1d5db;width:30%;font-size:11px;font-weight:600;color:#1f2937;">Tipo de Serviço</th><td style="padding:3px 5px;border-bottom:1px solid #e5e7eb;font-size:11px;color:#111827;">Varrição Mecanizada</td></tr><tr><th style="padding:3px 5px;text-align:left;background:#f3f4f6;border-bottom:1px solid #d1d5db;width:30%;font-size:11px;font-weight:600;color:#1f2937;">Nome</th><td style="padding:3px 5px;border-bottom:1px solid #e5e7eb;font-size:11px;color:#111827;">MG30407VM0005 - Seg. 9</td></tr><tr><th style="padding:3px 5px;text-align:left;background:#f3f4f6;border-bottom:1px solid #d1d5db;width:30%;font-size:11px;font-weight:600;color:#1f2937;">Logradouro</th><td style="padding:3px 5px;border-bottom:1px solid #e5e7eb;font-size:11px;color:#111827;">Av Joao Simao de Castro</td></tr><tr><th style="padding:3px 5px;text-align:left;background:#f3f4f6;border-bottom:1px solid #d1d5db;width:30%;font-size:11px;font-weight:600;color:#1f2937;">Subprefeitura</th><td style="padding:3px 5px;border-bottom:1px solid #e5e7eb;font-size:11px;color:#111827;">Vila Maria / Vila Guilherme</td></tr><tr><th style="padding:3px 5px;text-align:left;background:#f3f4f6;border-bottom:1px solid #d1d5db;width:30%;font-size:11px;font-weight:600;color:#1f2937;">Turno</th><td style="padding:3px 5px;border-bottom:1px solid #e5e7eb;font-size:11px;color:#111827;">Noturno</td></tr><tr><th style="padding:3px 5px;text-align:left;background:#f3f4f6;border-bottom:1px solid #d1d5db;width:30%;font-size:11px;font-weight:600;color:#1f2937;">Frequência</th><td style="padding:3px 5px;border-bottom:1px solid #e5e7eb;font-size:11px;color:#111827;">—</td></tr><tr><th style="padding:3px 5px;text-align:left;background:#f3f4f6;border-bottom:1px solid #d1d5db;width:30%;font-size:11px;font-weight:600;color:#1f2937;">Cronograma</th><td style="padding:3px 5px;border-bottom:1px solid #e5e7eb;font-size:11px;color:#111827;">—</td></tr></table>]]></description><LineString><coordinates>-46.5741400,-23.4892700,0 -46.5739500,-23.4893000,0 -46.5737600,-23.4893000,0 -46.5717600,-23.4892500,0 -46.5699600,-23.4891800,0 -46.5654300,-23.4890500,0</coordinates></LineString></Placemark>
<Style id="s-VM-153">
<LineStyle><color>ffebce87</color><width>3.0</width></LineStyle>
<PolyStyle><color>ffebce87</color></PolyStyle>
<IconStyle><color>ffebce87</color><scale>0.55</scale>
<Icon><href>http://maps.google.com/mapfiles/kml/shapes/placemark_circle.png</href></Icon>
</IconStyle>
<LabelStyle><scale>0.65</scale></LabelStyle>
</Style><Placemark><name>MG30407VM0005 - Seg. 10</name><styleUrl>#s-VM-153</styleUrl><description><![CDATA[<table style="border-collapse:collapse;width:100%;font-family:'Helvetica Neue',Helvetica,Arial,sans-serif;font-size:11px;border:1px solid #e5e7eb;border-radius:8px;overflow:hidden;"><tr><th colspan="2" style="padding:5px 8px;background:#1f6feb;color:#fff;text-align:left;font-size:12px;font-weight:600;">MG30407VM0005 - Seg. 10</th></tr><tr><th style="padding:3px 5px;text-align:left;background:#f3f4f6;border-bottom:1px solid #d1d5db;width:30%;font-size:11px;font-weight:600;color:#1f2937;">Serviço</th><td style="padding:3px 5px;border-bottom:1px solid #e5e7eb;font-size:11px;color:#111827;">Varrição Mecanizada (VM)</td></tr><tr><th style="padding:3px 5px;text-align:left;background:#f3f4f6;border-bottom:1px solid #d1d5db;width:30%;font-size:11px;font-weight:600;color:#1f2937;">Setor</th><td style="padding:3px 5px;border-bottom:1px solid #e5e7eb;font-size:11px;color:#111827;">MG30407VM0005</td></tr><tr><th style="padding:3px 5px;text-align:left;background:#f3f4f6;border-bottom:1px solid #d1d5db;width:30%;font-size:11px;font-weight:600;color:#1f2937;">Tipo de Serviço</th><td style="padding:3px 5px;border-bottom:1px solid #e5e7eb;font-size:11px;color:#111827;">Varrição Mecanizada</td></tr><tr><th style="padding:3px 5px;text-align:left;background:#f3f4f6;border-bottom:1px solid #d1d5db;width:30%;font-size:11px;font-weight:600;color:#1f2937;">Nome</th><td style="padding:3px 5px;border-bottom:1px solid #e5e7eb;font-size:11px;color:#111827;">MG30407VM0005 - Seg. 10</td></tr><tr><th style="padding:3px 5px;text-align:left;background:#f3f4f6;border-bottom:1px solid #d1d5db;width:30%;font-size:11px;font-weight:600;color:#1f2937;">Logradouro</th><td style="padding:3px 5px;border-bottom:1px solid #e5e7eb;font-size:11px;color:#111827;">Av Jose Maria Fernandes</td></tr><tr><th style="padding:3px 5px;text-align:left;background:#f3f4f6;border-bottom:1px solid #d1d5db;width:30%;font-size:11px;font-weight:600;color:#1f2937;">Subprefeitura</th><td style="padding:3px 5px;border-bottom:1px solid #e5e7eb;font-size:11px;color:#111827;">Vila Maria / Vila Guilherme</td></tr><tr><th style="padding:3px 5px;text-align:left;background:#f3f4f6;border-bottom:1px solid #d1d5db;width:30%;font-size:11px;font-weight:600;color:#1f2937;">Turno</th><td style="padding:3px 5px;border-bottom:1px solid #e5e7eb;font-size:11px;color:#111827;">Noturno</td></tr><tr><th style="padding:3px 5px;text-align:left;background:#f3f4f6;border-bottom:1px solid #d1d5db;width:30%;font-size:11px;font-weight:600;color:#1f2937;">Frequência</th><td style="padding:3px 5px;border-bottom:1px solid #e5e7eb;font-size:11px;color:#111827;">—</td></tr><tr><th style="padding:3px 5px;text-align:left;background:#f3f4f6;border-bottom:1px solid #d1d5db;width:30%;font-size:11px;font-weight:600;color:#1f2937;">Cronograma</th><td style="padding:3px 5px;border-bottom:1px solid #e5e7eb;font-size:11px;color:#111827;">—</td></tr></table>]]></description><LineString><coordinates>-46.5681200,-23.5164300,0 -46.5677700,-23.5064200,0 -46.5677300,-23.5055600,0 -46.5675800,-23.5047300,0</coordinates></LineString></Placemark>
<Style id="s-VM-154">
<LineStyle><color>ffebce87</color><width>3.0</width></LineStyle>
<PolyStyle><color>ffebce87</color></PolyStyle>
<IconStyle><color>ffebce87</color><scale>0.55</scale>
<Icon><href>http://maps.google.com/mapfiles/kml/shapes/placemark_circle.png</href></Icon>
</IconStyle>
<LabelStyle><scale>0.65</scale></LabelStyle>
</Style><Placemark><name>MG30407VM0005 - Seg. 11</name><styleUrl>#s-VM-154</styleUrl><description><![CDATA[<table style="border-collapse:collapse;width:100%;font-family:'Helvetica Neue',Helvetica,Arial,sans-serif;font-size:11px;border:1px solid #e5e7eb;border-radius:8px;overflow:hidden;"><tr><th colspan="2" style="padding:5px 8px;background:#1f6feb;color:#fff;text-align:left;font-size:12px;font-weight:600;">MG30407VM0005 - Seg. 11</th></tr><tr><th style="padding:3px 5px;text-align:left;background:#f3f4f6;border-bottom:1px solid #d1d5db;width:30%;font-size:11px;font-weight:600;color:#1f2937;">Serviço</th><td style="padding:3px 5px;border-bottom:1px solid #e5e7eb;font-size:11px;color:#111827;">Varrição Mecanizada (VM)</td></tr><tr><th style="padding:3px 5px;text-align:left;background:#f3f4f6;border-bottom:1px solid #d1d5db;width:30%;font-size:11px;font-weight:600;color:#1f2937;">Setor</th><td style="padding:3px 5px;border-bottom:1px solid #e5e7eb;font-size:11px;color:#111827;">MG30407VM0005</td></tr><tr><th style="padding:3px 5px;text-align:left;background:#f3f4f6;border-bottom:1px solid #d1d5db;width:30%;font-size:11px;font-weight:600;color:#1f2937;">Tipo de Serviço</th><td style="padding:3px 5px;border-bottom:1px solid #e5e7eb;font-size:11px;color:#111827;">Varrição Mecanizada</td></tr><tr><th style="padding:3px 5px;text-align:left;background:#f3f4f6;border-bottom:1px solid #d1d5db;width:30%;font-size:11px;font-weight:600;color:#1f2937;">Nome</th><td style="padding:3px 5px;border-bottom:1px solid #e5e7eb;font-size:11px;color:#111827;">MG30407VM0005 - Seg. 11</td></tr><tr><th style="padding:3px 5px;text-align:left;background:#f3f4f6;border-bottom:1px solid #d1d5db;width:30%;font-size:11px;font-weight:600;color:#1f2937;">Logradouro</th><td style="padding:3px 5px;border-bottom:1px solid #e5e7eb;font-size:11px;color:#111827;">Av Jose Maria Fernandes</td></tr><tr><th style="padding:3px 5px;text-align:left;background:#f3f4f6;border-bottom:1px solid #d1d5db;width:30%;font-size:11px;font-weight:600;color:#1f2937;">Subprefeitura</th><td style="padding:3px 5px;border-bottom:1px solid #e5e7eb;font-size:11px;color:#111827;">Vila Maria / Vila Guilherme</td></tr><tr><th style="padding:3px 5px;text-align:left;background:#f3f4f6;border-bottom:1px solid #d1d5db;width:30%;font-size:11px;font-weight:600;color:#1f2937;">Turno</th><td style="padding:3px 5px;border-bottom:1px solid #e5e7eb;font-size:11px;color:#111827;">Noturno</td></tr><tr><th style="padding:3px 5px;text-align:left;background:#f3f4f6;border-bottom:1px solid #d1d5db;width:30%;font-size:11px;font-weight:600;color:#1f2937;">Frequência</th><td style="padding:3px 5px;border-bottom:1px solid #e5e7eb;font-size:11px;color:#111827;">—</td></tr><tr><th style="padding:3px 5px;text-align:left;background:#f3f4f6;border-bottom:1px solid #d1d5db;width:30%;font-size:11px;font-weight:600;color:#1f2937;">Cronograma</th><td style="padding:3px 5px;border-bottom:1px solid #e5e7eb;font-size:11px;color:#111827;">—</td></tr></table>]]></description><LineString><coordinates>-46.5679700,-23.5164300,0 -46.5677200,-23.5093000,0 -46.5676200,-23.5055900,0 -46.5675500,-23.5047700,0</coordinates></LineString></Placemark>
<Style id="s-VM-155">
<LineStyle><color>ffebce87</color><width>3.0</width></LineStyle>
<PolyStyle><color>ffebce87</color></PolyStyle>
<IconStyle><color>ffebce87</color><scale>0.55</scale>
<Icon><href>http://maps.google.com/mapfiles/kml/shapes/placemark_circle.png</href></Icon>
</IconStyle>
<LabelStyle><scale>0.65</scale></LabelStyle>
</Style><Placemark><name>MG30407VM0005 - Seg. 12</name><styleUrl>#s-VM-155</styleUrl><description><![CDATA[<table style="border-collapse:collapse;width:100%;font-family:'Helvetica Neue',Helvetica,Arial,sans-serif;font-size:11px;border:1px solid #e5e7eb;border-radius:8px;overflow:hidden;"><tr><th colspan="2" style="padding:5px 8px;background:#1f6feb;color:#fff;text-align:left;font-size:12px;font-weight:600;">MG30407VM0005 - Seg. 12</th></tr><tr><th style="padding:3px 5px;text-align:left;background:#f3f4f6;border-bottom:1px solid #d1d5db;width:30%;font-size:11px;font-weight:600;color:#1f2937;">Serviço</th><td style="padding:3px 5px;border-bottom:1px solid #e5e7eb;font-size:11px;color:#111827;">Varrição Mecanizada (VM)</td></tr><tr><th style="padding:3px 5px;text-align:left;background:#f3f4f6;border-bottom:1px solid #d1d5db;width:30%;font-size:11px;font-weight:600;color:#1f2937;">Setor</th><td style="padding:3px 5px;border-bottom:1px solid #e5e7eb;font-size:11px;color:#111827;">MG30407VM0005</td></tr><tr><th style="padding:3px 5px;text-align:left;background:#f3f4f6;border-bottom:1px solid #d1d5db;width:30%;font-size:11px;font-weight:600;color:#1f2937;">Tipo de Serviço</th><td style="padding:3px 5px;border-bottom:1px solid #e5e7eb;font-size:11px;color:#111827;">Varrição Mecanizada</td></tr><tr><th style="padding:3px 5px;text-align:left;background:#f3f4f6;border-bottom:1px solid #d1d5db;width:30%;font-size:11px;font-weight:600;color:#1f2937;">Nome</th><td style="padding:3px 5px;border-bottom:1px solid #e5e7eb;font-size:11px;color:#111827;">MG30407VM0005 - Seg. 12</td></tr><tr><th style="padding:3px 5px;text-align:left;background:#f3f4f6;border-bottom:1px solid #d1d5db;width:30%;font-size:11px;font-weight:600;color:#1f2937;">Logradouro</th><td style="padding:3px 5px;border-bottom:1px solid #e5e7eb;font-size:11px;color:#111827;">Av Mal Argolo Ferrao</td></tr><tr><th style="padding:3px 5px;text-align:left;background:#f3f4f6;border-bottom:1px solid #d1d5db;width:30%;font-size:11px;font-weight:600;color:#1f2937;">Subprefeitura</th><td style="padding:3px 5px;border-bottom:1px solid #e5e7eb;font-size:11px;color:#111827;">Vila Maria / Vila Guilherme</td></tr><tr><th style="padding:3px 5px;text-align:left;background:#f3f4f6;border-bottom:1px solid #d1d5db;width:30%;font-size:11px;font-weight:600;color:#1f2937;">Turno</th><td style="padding:3px 5px;border-bottom:1px solid #e5e7eb;font-size:11px;color:#111827;">Noturno</td></tr><tr><th style="padding:3px 5px;text-align:left;background:#f3f4f6;border-bottom:1px solid #d1d5db;width:30%;font-size:11px;font-weight:600;color:#1f2937;">Frequência</th><td style="padding:3px 5px;border-bottom:1px solid #e5e7eb;font-size:11px;color:#111827;">—</td></tr><tr><th style="padding:3px 5px;text-align:left;background:#f3f4f6;border-bottom:1px solid #d1d5db;width:30%;font-size:11px;font-weight:600;color:#1f2937;">Cronograma</th><td style="padding:3px 5px;border-bottom:1px solid #e5e7eb;font-size:11px;color:#111827;">—</td></tr></table>]]></description><LineString><coordinates>-46.5741000,-23.4929200,0 -46.5724700,-23.4957800,0 -46.5723000,-23.4960900,0 -46.5722300,-23.4962600,0 -46.5716100,-23.4972900,0 -46.5705200,-23.4992600,0 -46.5701900,-23.4997800,0</coordinates></LineString></Placemark>
<Style id="s-VM-156">
<LineStyle><color>ffebce87</color><width>3.0</width></LineStyle>
<PolyStyle><color>ffebce87</color></PolyStyle>
<IconStyle><color>ffebce87</color><scale>0.55</scale>
<Icon><href>http://maps.google.com/mapfiles/kml/shapes/placemark_circle.png</href></Icon>
</IconStyle>
<LabelStyle><scale>0.65</scale></LabelStyle>
</Style><Placemark><name>MG30407VM0005 - Seg. 13</name><styleUrl>#s-VM-156</styleUrl><description><![CDATA[<table style="border-collapse:collapse;width:100%;font-family:'Helvetica Neue',Helvetica,Arial,sans-serif;font-size:11px;border:1px solid #e5e7eb;border-radius:8px;overflow:hidden;"><tr><th colspan="2" style="padding:5px 8px;background:#1f6feb;color:#fff;text-align:left;font-size:12px;font-weight:600;">MG30407VM0005 - Seg. 13</th></tr><tr><th style="padding:3px 5px;text-align:left;background:#f3f4f6;border-bottom:1px solid #d1d5db;width:30%;font-size:11px;font-weight:600;color:#1f2937;">Serviço</th><td style="padding:3px 5px;border-bottom:1px solid #e5e7eb;font-size:11px;color:#111827;">Varrição Mecanizada (VM)</td></tr><tr><th style="padding:3px 5px;text-align:left;background:#f3f4f6;border-bottom:1px solid #d1d5db;width:30%;font-size:11px;font-weight:600;color:#1f2937;">Setor</th><td style="padding:3px 5px;border-bottom:1px solid #e5e7eb;font-size:11px;color:#111827;">MG30407VM0005</td></tr><tr><th style="padding:3px 5px;text-align:left;background:#f3f4f6;border-bottom:1px solid #d1d5db;width:30%;font-size:11px;font-weight:600;color:#1f2937;">Tipo de Serviço</th><td style="padding:3px 5px;border-bottom:1px solid #e5e7eb;font-size:11px;color:#111827;">Varrição Mecanizada</td></tr><tr><th style="padding:3px 5px;text-align:left;background:#f3f4f6;border-bottom:1px solid #d1d5db;width:30%;font-size:11px;font-weight:600;color:#1f2937;">Nome</th><td style="padding:3px 5px;border-bottom:1px solid #e5e7eb;font-size:11px;color:#111827;">MG30407VM0005 - Seg. 13</td></tr><tr><th style="padding:3px 5px;text-align:left;background:#f3f4f6;border-bottom:1px solid #d1d5db;width:30%;font-size:11px;font-weight:600;color:#1f2937;">Logradouro</th><td style="padding:3px 5px;border-bottom:1px solid #e5e7eb;font-size:11px;color:#111827;">Av Mal Argolo Ferrao</td></tr><tr><th style="padding:3px 5px;text-align:left;background:#f3f4f6;border-bottom:1px solid #d1d5db;width:30%;font-size:11px;font-weight:600;color:#1f2937;">Subprefeitura</th><td style="padding:3px 5px;border-bottom:1px solid #e5e7eb;font-size:11px;color:#111827;">Vila Maria / Vila Guilherme</td></tr><tr><th style="padding:3px 5px;text-align:left;background:#f3f4f6;border-bottom:1px solid #d1d5db;width:30%;font-size:11px;font-weight:600;color:#1f2937;">Turno</th><td style="padding:3px 5px;border-bottom:1px solid #e5e7eb;font-size:11px;color:#111827;">Noturno</td></tr><tr><th style="padding:3px 5px;text-align:left;background:#f3f4f6;border-bottom:1px solid #d1d5db;width:30%;font-size:11px;font-weight:600;color:#1f2937;">Frequência</th><td style="padding:3px 5px;border-bottom:1px solid #e5e7eb;font-size:11px;color:#111827;">—</td></tr><tr><th style="padding:3px 5px;text-align:left;background:#f3f4f6;border-bottom:1px solid #d1d5db;width:30%;font-size:11px;font-weight:600;color:#1f2937;">Cronograma</th><td style="padding:3px 5px;border-bottom:1px solid #e5e7eb;font-size:11px;color:#111827;">—</td></tr></table>]]></description><LineString><coordinates>-46.5739500,-23.4928400,0 -46.5708700,-23.4983300,0 -46.5704200,-23.4990700,0 -46.5700900,-23.4996700,0</coordinates></LineString></Placemark>
<Style id="s-VM-157">
<LineStyle><color>ffebce87</color><width>3.0</width></LineStyle>
<PolyStyle><color>ffebce87</color></PolyStyle>
<IconStyle><color>ffebce87</color><scale>0.55</scale>
<Icon><href>http://maps.google.com/mapfiles/kml/shapes/placemark_circle.png</href></Icon>
</IconStyle>
<LabelStyle><scale>0.65</scale></LabelStyle>
</Style><Placemark><name>MG30407VM0005 - Seg. 14</name><styleUrl>#s-VM-157</styleUrl><description><![CDATA[<table style="border-collapse:collapse;width:100%;font-family:'Helvetica Neue',Helvetica,Arial,sans-serif;font-size:11px;border:1px solid #e5e7eb;border-radius:8px;overflow:hidden;"><tr><th colspan="2" style="padding:5px 8px;background:#1f6feb;color:#fff;text-align:left;font-size:12px;font-weight:600;">MG30407VM0005 - Seg. 14</th></tr><tr><th style="padding:3px 5px;text-align:left;background:#f3f4f6;border-bottom:1px solid #d1d5db;width:30%;font-size:11px;font-weight:600;color:#1f2937;">Serviço</th><td style="padding:3px 5px;border-bottom:1px solid #e5e7eb;font-size:11px;color:#111827;">Varrição Mecanizada (VM)</td></tr><tr><th style="padding:3px 5px;text-align:left;background:#f3f4f6;border-bottom:1px solid #d1d5db;width:30%;font-size:11px;font-weight:600;color:#1f2937;">Setor</th><td style="padding:3px 5px;border-bottom:1px solid #e5e7eb;font-size:11px;color:#111827;">MG30407VM0005</td></tr><tr><th style="padding:3px 5px;text-align:left;background:#f3f4f6;border-bottom:1px solid #d1d5db;width:30%;font-size:11px;font-weight:600;color:#1f2937;">Tipo de Serviço</th><td style="padding:3px 5px;border-bottom:1px solid #e5e7eb;font-size:11px;color:#111827;">Varrição Mecanizada</td></tr><tr><th style="padding:3px 5px;text-align:left;background:#f3f4f6;border-bottom:1px solid #d1d5db;width:30%;font-size:11px;font-weight:600;color:#1f2937;">Nome</th><td style="padding:3px 5px;border-bottom:1px solid #e5e7eb;font-size:11px;color:#111827;">MG30407VM0005 - Seg. 14</td></tr><tr><th style="padding:3px 5px;text-align:left;background:#f3f4f6;border-bottom:1px solid #d1d5db;width:30%;font-size:11px;font-weight:600;color:#1f2937;">Logradouro</th><td style="padding:3px 5px;border-bottom:1px solid #e5e7eb;font-size:11px;color:#111827;">Av Manuel Antonio Goncalves</td></tr><tr><th style="padding:3px 5px;text-align:left;background:#f3f4f6;border-bottom:1px solid #d1d5db;width:30%;font-size:11px;font-weight:600;color:#1f2937;">Subprefeitura</th><td style="padding:3px 5px;border-bottom:1px solid #e5e7eb;font-size:11px;color:#111827;">Vila Maria / Vila Guilherme</td></tr><tr><th style="padding:3px 5px;text-align:left;background:#f3f4f6;border-bottom:1px solid #d1d5db;width:30%;font-size:11px;font-weight:600;color:#1f2937;">Turno</th><td style="padding:3px 5px;border-bottom:1px solid #e5e7eb;font-size:11px;color:#111827;">Noturno</td></tr><tr><th style="padding:3px 5px;text-align:left;background:#f3f4f6;border-bottom:1px solid #d1d5db;width:30%;font-size:11px;font-weight:600;color:#1f2937;">Frequência</th><td style="padding:3px 5px;border-bottom:1px solid #e5e7eb;font-size:11px;color:#111827;">—</td></tr><tr><th style="padding:3px 5px;text-align:left;background:#f3f4f6;border-bottom:1px solid #d1d5db;width:30%;font-size:11px;font-weight:600;color:#1f2937;">Cronograma</th><td style="padding:3px 5px;border-bottom:1px solid #e5e7eb;font-size:11px;color:#111827;">—</td></tr></table>]]></description><LineString><coordinates>-46.5728500,-23.4995400,0 -46.5728700,-23.4994500,0 -46.5728100,-23.4991900,0 -46.5729100,-23.4983100,0 -46.5729200,-23.4979200,0 -46.5729000,-23.4975500,0 -46.5726800,-23.4967800,0 -46.5722600,-23.4960100,0 -46.5695100,-23.4915700,0</coordinates></LineString></Placemark>
<Style id="s-VM-158">
<LineStyle><color>ffebce87</color><width>3.0</width></LineStyle>
<PolyStyle><color>ffebce87</color></PolyStyle>
<IconStyle><color>ffebce87</color><scale>0.55</scale>
<Icon><href>http://maps.google.com/mapfiles/kml/shapes/placemark_circle.png</href></Icon>
</IconStyle>
<LabelStyle><scale>0.65</scale></LabelStyle>
</Style><Placemark><name>MG30407VM0005 - Seg. 15</name><styleUrl>#s-VM-158</styleUrl><description><![CDATA[<table style="border-collapse:collapse;width:100%;font-family:'Helvetica Neue',Helvetica,Arial,sans-serif;font-size:11px;border:1px solid #e5e7eb;border-radius:8px;overflow:hidden;"><tr><th colspan="2" style="padding:5px 8px;background:#1f6feb;color:#fff;text-align:left;font-size:12px;font-weight:600;">MG30407VM0005 - Seg. 15</th></tr><tr><th style="padding:3px 5px;text-align:left;background:#f3f4f6;border-bottom:1px solid #d1d5db;width:30%;font-size:11px;font-weight:600;color:#1f2937;">Serviço</th><td style="padding:3px 5px;border-bottom:1px solid #e5e7eb;font-size:11px;color:#111827;">Varrição Mecanizada (VM)</td></tr><tr><th style="padding:3px 5px;text-align:left;background:#f3f4f6;border-bottom:1px solid #d1d5db;width:30%;font-size:11px;font-weight:600;color:#1f2937;">Setor</th><td style="padding:3px 5px;border-bottom:1px solid #e5e7eb;font-size:11px;color:#111827;">MG30407VM0005</td></tr><tr><th style="padding:3px 5px;text-align:left;background:#f3f4f6;border-bottom:1px solid #d1d5db;width:30%;font-size:11px;font-weight:600;color:#1f2937;">Tipo de Serviço</th><td style="padding:3px 5px;border-bottom:1px solid #e5e7eb;font-size:11px;color:#111827;">Varrição Mecanizada</td></tr><tr><th style="padding:3px 5px;text-align:left;background:#f3f4f6;border-bottom:1px solid #d1d5db;width:30%;font-size:11px;font-weight:600;color:#1f2937;">Nome</th><td style="padding:3px 5px;border-bottom:1px solid #e5e7eb;font-size:11px;color:#111827;">MG30407VM0005 - Seg. 15</td></tr><tr><th style="padding:3px 5px;text-align:left;background:#f3f4f6;border-bottom:1px solid #d1d5db;width:30%;font-size:11px;font-weight:600;color:#1f2937;">Logradouro</th><td style="padding:3px 5px;border-bottom:1px solid #e5e7eb;font-size:11px;color:#111827;">Av Manuel Antonio Goncalves</td></tr><tr><th style="padding:3px 5px;text-align:left;background:#f3f4f6;border-bottom:1px solid #d1d5db;width:30%;font-size:11px;font-weight:600;color:#1f2937;">Subprefeitura</th><td style="padding:3px 5px;border-bottom:1px solid #e5e7eb;font-size:11px;color:#111827;">Vila Maria / Vila Guilherme</td></tr><tr><th style="padding:3px 5px;text-align:left;background:#f3f4f6;border-bottom:1px solid #d1d5db;width:30%;font-size:11px;font-weight:600;color:#1f2937;">Turno</th><td style="padding:3px 5px;border-bottom:1px solid #e5e7eb;font-size:11px;color:#111827;">Noturno</td></tr><tr><th style="padding:3px 5px;text-align:left;background:#f3f4f6;border-bottom:1px solid #d1d5db;width:30%;font-size:11px;font-weight:600;color:#1f2937;">Frequência</th><td style="padding:3px 5px;border-bottom:1px solid #e5e7eb;font-size:11px;color:#111827;">—</td></tr><tr><th style="padding:3px 5px;text-align:left;background:#f3f4f6;border-bottom:1px solid #d1d5db;width:30%;font-size:11px;font-weight:600;color:#1f2937;">Cronograma</th><td style="padding:3px 5px;border-bottom:1px solid #e5e7eb;font-size:11px;color:#111827;">—</td></tr></table>]]></description><LineString><coordinates>-46.5726900,-23.4997100,0 -46.5726000,-23.4995800,0 -46.5725600,-23.4993700,0 -46.5725900,-23.4991600,0 -46.5727700,-23.4983500,0 -46.5727400,-23.4975300,0 -46.5725600,-23.4968700,0 -46.5721800,-23.4961700,0 -46.5709900,-23.4942800,0 -46.5694900,-23.4918400,0 -46.5692700,-23.4915200,0</coordinates></LineString></Placemark>
<Style id="s-VM-159">
<LineStyle><color>ffebce87</color><width>3.0</width></LineStyle>
<PolyStyle><color>ffebce87</color></PolyStyle>
<IconStyle><color>ffebce87</color><scale>0.55</scale>
<Icon><href>http://maps.google.com/mapfiles/kml/shapes/placemark_circle.png</href></Icon>
</IconStyle>
<LabelStyle><scale>0.65</scale></LabelStyle>
</Style><Placemark><name>MG30407VM0005 - Seg. 16</name><styleUrl>#s-VM-159</styleUrl><description><![CDATA[<table style="border-collapse:collapse;width:100%;font-family:'Helvetica Neue',Helvetica,Arial,sans-serif;font-size:11px;border:1px solid #e5e7eb;border-radius:8px;overflow:hidden;"><tr><th colspan="2" style="padding:5px 8px;background:#1f6feb;color:#fff;text-align:left;font-size:12px;font-weight:600;">MG30407VM0005 - Seg. 16</th></tr><tr><th style="padding:3px 5px;text-align:left;background:#f3f4f6;border-bottom:1px solid #d1d5db;width:30%;font-size:11px;font-weight:600;color:#1f2937;">Serviço</th><td style="padding:3px 5px;border-bottom:1px solid #e5e7eb;font-size:11px;color:#111827;">Varrição Mecanizada (VM)</td></tr><tr><th style="padding:3px 5px;text-align:left;background:#f3f4f6;border-bottom:1px solid #d1d5db;width:30%;font-size:11px;font-weight:600;color:#1f2937;">Setor</th><td style="padding:3px 5px;border-bottom:1px solid #e5e7eb;font-size:11px;color:#111827;">MG30407VM0005</td></tr><tr><th style="padding:3px 5px;text-align:left;background:#f3f4f6;border-bottom:1px solid #d1d5db;width:30%;font-size:11px;font-weight:600;color:#1f2937;">Tipo de Serviço</th><td style="padding:3px 5px;border-bottom:1px solid #e5e7eb;font-size:11px;color:#111827;">Varrição Mecanizada</td></tr><tr><th style="padding:3px 5px;text-align:left;background:#f3f4f6;border-bottom:1px solid #d1d5db;width:30%;font-size:11px;font-weight:600;color:#1f2937;">Nome</th><td style="padding:3px 5px;border-bottom:1px solid #e5e7eb;font-size:11px;color:#111827;">MG30407VM0005 - Seg. 16</td></tr><tr><th style="padding:3px 5px;text-align:left;background:#f3f4f6;border-bottom:1px solid #d1d5db;width:30%;font-size:11px;font-weight:600;color:#1f2937;">Logradouro</th><td style="padding:3px 5px;border-bottom:1px solid #e5e7eb;font-size:11px;color:#111827;">Av Nadir Dias de Figueiredo</td></tr><tr><th style="padding:3px 5px;text-align:left;background:#f3f4f6;border-bottom:1px solid #d1d5db;width:30%;font-size:11px;font-weight:600;color:#1f2937;">Subprefeitura</th><td style="padding:3px 5px;border-bottom:1px solid #e5e7eb;font-size:11px;color:#111827;">Vila Maria / Vila Guilherme</td></tr><tr><th style="padding:3px 5px;text-align:left;background:#f3f4f6;border-bottom:1px solid #d1d5db;width:30%;font-size:11px;font-weight:600;color:#1f2937;">Turno</th><td style="padding:3px 5px;border-bottom:1px solid #e5e7eb;font-size:11px;color:#111827;">Noturno</td></tr><tr><th style="padding:3px 5px;text-align:left;background:#f3f4f6;border-bottom:1px solid #d1d5db;width:30%;font-size:11px;font-weight:600;color:#1f2937;">Frequência</th><td style="padding:3px 5px;border-bottom:1px solid #e5e7eb;font-size:11px;color:#111827;">—</td></tr><tr><th style="padding:3px 5px;text-align:left;background:#f3f4f6;border-bottom:1px solid #d1d5db;width:30%;font-size:11px;font-weight:600;color:#1f2937;">Cronograma</th><td style="padding:3px 5px;border-bottom:1px solid #e5e7eb;font-size:11px;color:#111827;">—</td></tr></table>]]></description><LineString><coordinates>-46.5956400,-23.5243700,0 -46.5960300,-23.5236600,0 -46.5961800,-23.5228800,0 -46.5962700,-23.5221000,0 -46.5960400,-23.5213400,0 -46.5955500,-23.5206800,0 -46.5952800,-23.5199600,0 -46.5952400,-23.5168900,0 -46.5950800,-23.5100600,0</coordinates></LineString></Placemark>
<Style id="s-VM-160">
<LineStyle><color>ffebce87</color><width>3.0</width></LineStyle>
<PolyStyle><color>ffebce87</color></PolyStyle>
<IconStyle><color>ffebce87</color><scale>0.55</scale>
<Icon><href>http://maps.google.com/mapfiles/kml/shapes/placemark_circle.png</href></Icon>
</IconStyle>
<LabelStyle><scale>0.65</scale></LabelStyle>
</Style><Placemark><name>MG30407VM0005 - Seg. 17</name><styleUrl>#s-VM-160</styleUrl><description><![CDATA[<table style="border-collapse:collapse;width:100%;font-family:'Helvetica Neue',Helvetica,Arial,sans-serif;font-size:11px;border:1px solid #e5e7eb;border-radius:8px;overflow:hidden;"><tr><th colspan="2" style="padding:5px 8px;background:#1f6feb;color:#fff;text-align:left;font-size:12px;font-weight:600;">MG30407VM0005 - Seg. 17</th></tr><tr><th style="padding:3px 5px;text-align:left;background:#f3f4f6;border-bottom:1px solid #d1d5db;width:30%;font-size:11px;font-weight:600;color:#1f2937;">Serviço</th><td style="padding:3px 5px;border-bottom:1px solid #e5e7eb;font-size:11px;color:#111827;">Varrição Mecanizada (VM)</td></tr><tr><th style="padding:3px 5px;text-align:left;background:#f3f4f6;border-bottom:1px solid #d1d5db;width:30%;font-size:11px;font-weight:600;color:#1f2937;">Setor</th><td style="padding:3px 5px;border-bottom:1px solid #e5e7eb;font-size:11px;color:#111827;">MG30407VM0005</td></tr><tr><th style="padding:3px 5px;text-align:left;background:#f3f4f6;border-bottom:1px solid #d1d5db;width:30%;font-size:11px;font-weight:600;color:#1f2937;">Tipo de Serviço</th><td style="padding:3px 5px;border-bottom:1px solid #e5e7eb;font-size:11px;color:#111827;">Varrição Mecanizada</td></tr><tr><th style="padding:3px 5px;text-align:left;background:#f3f4f6;border-bottom:1px solid #d1d5db;width:30%;font-size:11px;font-weight:600;color:#1f2937;">Nome</th><td style="padding:3px 5px;border-bottom:1px solid #e5e7eb;font-size:11px;color:#111827;">MG30407VM0005 - Seg. 17</td></tr><tr><th style="padding:3px 5px;text-align:left;background:#f3f4f6;border-bottom:1px solid #d1d5db;width:30%;font-size:11px;font-weight:600;color:#1f2937;">Logradouro</th><td style="padding:3px 5px;border-bottom:1px solid #e5e7eb;font-size:11px;color:#111827;">Av Nadir Dias de Figueiredo</td></tr><tr><th style="padding:3px 5px;text-align:left;background:#f3f4f6;border-bottom:1px solid #d1d5db;width:30%;font-size:11px;font-weight:600;color:#1f2937;">Subprefeitura</th><td style="padding:3px 5px;border-bottom:1px solid #e5e7eb;font-size:11px;color:#111827;">Vila Maria / Vila Guilherme</td></tr><tr><th style="padding:3px 5px;text-align:left;background:#f3f4f6;border-bottom:1px solid #d1d5db;width:30%;font-size:11px;font-weight:600;color:#1f2937;">Turno</th><td style="padding:3px 5px;border-bottom:1px solid #e5e7eb;font-size:11px;color:#111827;">Noturno</td></tr><tr><th style="padding:3px 5px;text-align:left;background:#f3f4f6;border-bottom:1px solid #d1d5db;width:30%;font-size:11px;font-weight:600;color:#1f2937;">Frequência</th><td style="padding:3px 5px;border-bottom:1px solid #e5e7eb;font-size:11px;color:#111827;">—</td></tr><tr><th style="padding:3px 5px;text-align:left;background:#f3f4f6;border-bottom:1px solid #d1d5db;width:30%;font-size:11px;font-weight:600;color:#1f2937;">Cronograma</th><td style="padding:3px 5px;border-bottom:1px solid #e5e7eb;font-size:11px;color:#111827;">—</td></tr></table>]]></description><LineString><coordinates>-46.5951600,-23.5246800,0 -46.5955900,-23.5239600,0 -46.5958800,-23.5231700,0 -46.5960200,-23.5223400,0 -46.5958600,-23.5215200,0 -46.5952100,-23.5206200,0 -46.5951100,-23.5204100,0 -46.5950400,-23.5197900,0 -46.5950300,-23.5173300,0 -46.5948600,-23.5103800,0 -46.5948600,-23.5100600,0 -46.5948800,-23.5099700,0</coordinates></LineString></Placemark>
<Style id="s-VM-161">
<LineStyle><color>ffebce87</color><width>3.0</width></LineStyle>
<PolyStyle><color>ffebce87</color></PolyStyle>
<IconStyle><color>ffebce87</color><scale>0.55</scale>
<Icon><href>http://maps.google.com/mapfiles/kml/shapes/placemark_circle.png</href></Icon>
</IconStyle>
<LabelStyle><scale>0.65</scale></LabelStyle>
</Style><Placemark><name>MG30407VM0005 - Seg. 18</name><styleUrl>#s-VM-161</styleUrl><description><![CDATA[<table style="border-collapse:collapse;width:100%;font-family:'Helvetica Neue',Helvetica,Arial,sans-serif;font-size:11px;border:1px solid #e5e7eb;border-radius:8px;overflow:hidden;"><tr><th colspan="2" style="padding:5px 8px;background:#1f6feb;color:#fff;text-align:left;font-size:12px;font-weight:600;">MG30407VM0005 - Seg. 18</th></tr><tr><th style="padding:3px 5px;text-align:left;background:#f3f4f6;border-bottom:1px solid #d1d5db;width:30%;font-size:11px;font-weight:600;color:#1f2937;">Serviço</th><td style="padding:3px 5px;border-bottom:1px solid #e5e7eb;font-size:11px;color:#111827;">Varrição Mecanizada (VM)</td></tr><tr><th style="padding:3px 5px;text-align:left;background:#f3f4f6;border-bottom:1px solid #d1d5db;width:30%;font-size:11px;font-weight:600;color:#1f2937;">Setor</th><td style="padding:3px 5px;border-bottom:1px solid #e5e7eb;font-size:11px;color:#111827;">MG30407VM0005</td></tr><tr><th style="padding:3px 5px;text-align:left;background:#f3f4f6;border-bottom:1px solid #d1d5db;width:30%;font-size:11px;font-weight:600;color:#1f2937;">Tipo de Serviço</th><td style="padding:3px 5px;border-bottom:1px solid #e5e7eb;font-size:11px;color:#111827;">Varrição Mecanizada</td></tr><tr><th style="padding:3px 5px;text-align:left;background:#f3f4f6;border-bottom:1px solid #d1d5db;width:30%;font-size:11px;font-weight:600;color:#1f2937;">Nome</th><td style="padding:3px 5px;border-bottom:1px solid #e5e7eb;font-size:11px;color:#111827;">MG30407VM0005 - Seg. 18</td></tr><tr><th style="padding:3px 5px;text-align:left;background:#f3f4f6;border-bottom:1px solid #d1d5db;width:30%;font-size:11px;font-weight:600;color:#1f2937;">Logradouro</th><td style="padding:3px 5px;border-bottom:1px solid #e5e7eb;font-size:11px;color:#111827;">Av Otto Baumgart</td></tr><tr><th style="padding:3px 5px;text-align:left;background:#f3f4f6;border-bottom:1px solid #d1d5db;width:30%;font-size:11px;font-weight:600;color:#1f2937;">Subprefeitura</th><td style="padding:3px 5px;border-bottom:1px solid #e5e7eb;font-size:11px;color:#111827;">Vila Maria / Vila Guilherme</td></tr><tr><th style="padding:3px 5px;text-align:left;background:#f3f4f6;border-bottom:1px solid #d1d5db;width:30%;font-size:11px;font-weight:600;color:#1f2937;">Turno</th><td style="padding:3px 5px;border-bottom:1px solid #e5e7eb;font-size:11px;color:#111827;">Noturno</td></tr><tr><th style="padding:3px 5px;text-align:left;background:#f3f4f6;border-bottom:1px solid #d1d5db;width:30%;font-size:11px;font-weight:600;color:#1f2937;">Frequência</th><td style="padding:3px 5px;border-bottom:1px solid #e5e7eb;font-size:11px;color:#111827;">—</td></tr><tr><th style="padding:3px 5px;text-align:left;background:#f3f4f6;border-bottom:1px solid #d1d5db;width:30%;font-size:11px;font-weight:600;color:#1f2937;">Cronograma</th><td style="padding:3px 5px;border-bottom:1px solid #e5e7eb;font-size:11px;color:#111827;">—</td></tr></table>]]></description><LineString><coordinates>-46.6157800,-23.5090200,0 -46.6159600,-23.5088700,0 -46.6158400,-23.5104600,0 -46.6157700,-23.5097300,0 -46.6157800,-23.5090200,0 -46.6158900,-23.5109500,0 -46.6158400,-23.5104600,0 -46.6165200,-23.5169800,0 -46.6163000,-23.5148200,0 -46.6165400,-23.5172900,0 -46.6165200,-23.5169800,0 -46.6165400,-23.5172900,0 -46.6164900,-23.5181000,0 -46.6172500,-23.5183500,0 -46.6163500,-23.5187200,0 -46.6163800,-23.5172800,0 -46.6157100,-23.5108800,0 -46.6154600,-23.5081500,0</coordinates></LineString></Placemark>
<Style id="s-VM-162">
<LineStyle><color>ffebce87</color><width>3.0</width></LineStyle>
<PolyStyle><color>ffebce87</color></PolyStyle>
<IconStyle><color>ffebce87</color><scale>0.55</scale>
<Icon><href>http://maps.google.com/mapfiles/kml/shapes/placemark_circle.png</href></Icon>
</IconStyle>
<LabelStyle><scale>0.65</scale></LabelStyle>
</Style><Placemark><name>MG30407VM0005 - Seg. 19</name><styleUrl>#s-VM-162</styleUrl><description><![CDATA[<table style="border-collapse:collapse;width:100%;font-family:'Helvetica Neue',Helvetica,Arial,sans-serif;font-size:11px;border:1px solid #e5e7eb;border-radius:8px;overflow:hidden;"><tr><th colspan="2" style="padding:5px 8px;background:#1f6feb;color:#fff;text-align:left;font-size:12px;font-weight:600;">MG30407VM0005 - Seg. 19</th></tr><tr><th style="padding:3px 5px;text-align:left;background:#f3f4f6;border-bottom:1px solid #d1d5db;width:30%;font-size:11px;font-weight:600;color:#1f2937;">Serviço</th><td style="padding:3px 5px;border-bottom:1px solid #e5e7eb;font-size:11px;color:#111827;">Varrição Mecanizada (VM)</td></tr><tr><th style="padding:3px 5px;text-align:left;background:#f3f4f6;border-bottom:1px solid #d1d5db;width:30%;font-size:11px;font-weight:600;color:#1f2937;">Setor</th><td style="padding:3px 5px;border-bottom:1px solid #e5e7eb;font-size:11px;color:#111827;">MG30407VM0005</td></tr><tr><th style="padding:3px 5px;text-align:left;background:#f3f4f6;border-bottom:1px solid #d1d5db;width:30%;font-size:11px;font-weight:600;color:#1f2937;">Tipo de Serviço</th><td style="padding:3px 5px;border-bottom:1px solid #e5e7eb;font-size:11px;color:#111827;">Varrição Mecanizada</td></tr><tr><th style="padding:3px 5px;text-align:left;background:#f3f4f6;border-bottom:1px solid #d1d5db;width:30%;font-size:11px;font-weight:600;color:#1f2937;">Nome</th><td style="padding:3px 5px;border-bottom:1px solid #e5e7eb;font-size:11px;color:#111827;">MG30407VM0005 - Seg. 19</td></tr><tr><th style="padding:3px 5px;text-align:left;background:#f3f4f6;border-bottom:1px solid #d1d5db;width:30%;font-size:11px;font-weight:600;color:#1f2937;">Logradouro</th><td style="padding:3px 5px;border-bottom:1px solid #e5e7eb;font-size:11px;color:#111827;">Av Serafim Goncalves Pereira</td></tr><tr><th style="padding:3px 5px;text-align:left;background:#f3f4f6;border-bottom:1px solid #d1d5db;width:30%;font-size:11px;font-weight:600;color:#1f2937;">Subprefeitura</th><td style="padding:3px 5px;border-bottom:1px solid #e5e7eb;font-size:11px;color:#111827;">Vila Maria / Vila Guilherme</td></tr><tr><th style="padding:3px 5px;text-align:left;background:#f3f4f6;border-bottom:1px solid #d1d5db;width:30%;font-size:11px;font-weight:600;color:#1f2937;">Turno</th><td style="padding:3px 5px;border-bottom:1px solid #e5e7eb;font-size:11px;color:#111827;">Noturno</td></tr><tr><th style="padding:3px 5px;text-align:left;background:#f3f4f6;border-bottom:1px solid #d1d5db;width:30%;font-size:11px;font-weight:600;color:#1f2937;">Frequência</th><td style="padding:3px 5px;border-bottom:1px solid #e5e7eb;font-size:11px;color:#111827;">—</td></tr><tr><th style="padding:3px 5px;text-align:left;background:#f3f4f6;border-bottom:1px solid #d1d5db;width:30%;font-size:11px;font-weight:600;color:#1f2937;">Cronograma</th><td style="padding:3px 5px;border-bottom:1px solid #e5e7eb;font-size:11px;color:#111827;">—</td></tr></table>]]></description><LineString><coordinates>-46.5684000,-23.5246700,0 -46.5682100,-23.5192700,0 -46.5681600,-23.5182900,0</coordinates></LineString></Placemark>
<Style id="s-VM-163">
<LineStyle><color>ffebce87</color><width>3.0</width></LineStyle>
<PolyStyle><color>ffebce87</color></PolyStyle>
<IconStyle><color>ffebce87</color><scale>0.55</scale>
<Icon><href>http://maps.google.com/mapfiles/kml/shapes/placemark_circle.png</href></Icon>
</IconStyle>
<LabelStyle><scale>0.65</scale></LabelStyle>
</Style><Placemark><name>MG30407VM0005 - Seg. 20</name><styleUrl>#s-VM-163</styleUrl><description><![CDATA[<table style="border-collapse:collapse;width:100%;font-family:'Helvetica Neue',Helvetica,Arial,sans-serif;font-size:11px;border:1px solid #e5e7eb;border-radius:8px;overflow:hidden;"><tr><th colspan="2" style="padding:5px 8px;background:#1f6feb;color:#fff;text-align:left;font-size:12px;font-weight:600;">MG30407VM0005 - Seg. 20</th></tr><tr><th style="padding:3px 5px;text-align:left;background:#f3f4f6;border-bottom:1px solid #d1d5db;width:30%;font-size:11px;font-weight:600;color:#1f2937;">Serviço</th><td style="padding:3px 5px;border-bottom:1px solid #e5e7eb;font-size:11px;color:#111827;">Varrição Mecanizada (VM)</td></tr><tr><th style="padding:3px 5px;text-align:left;background:#f3f4f6;border-bottom:1px solid #d1d5db;width:30%;font-size:11px;font-weight:600;color:#1f2937;">Setor</th><td style="padding:3px 5px;border-bottom:1px solid #e5e7eb;font-size:11px;color:#111827;">MG30407VM0005</td></tr><tr><th style="padding:3px 5px;text-align:left;background:#f3f4f6;border-bottom:1px solid #d1d5db;width:30%;font-size:11px;font-weight:600;color:#1f2937;">Tipo de Serviço</th><td style="padding:3px 5px;border-bottom:1px solid #e5e7eb;font-size:11px;color:#111827;">Varrição Mecanizada</td></tr><tr><th style="padding:3px 5px;text-align:left;background:#f3f4f6;border-bottom:1px solid #d1d5db;width:30%;font-size:11px;font-weight:600;color:#1f2937;">Nome</th><td style="padding:3px 5px;border-bottom:1px solid #e5e7eb;font-size:11px;color:#111827;">MG30407VM0005 - Seg. 20</td></tr><tr><th style="padding:3px 5px;text-align:left;background:#f3f4f6;border-bottom:1px solid #d1d5db;width:30%;font-size:11px;font-weight:600;color:#1f2937;">Logradouro</th><td style="padding:3px 5px;border-bottom:1px solid #e5e7eb;font-size:11px;color:#111827;">Av Serafim Goncalves Pereira</td></tr><tr><th style="padding:3px 5px;text-align:left;background:#f3f4f6;border-bottom:1px solid #d1d5db;width:30%;font-size:11px;font-weight:600;color:#1f2937;">Subprefeitura</th><td style="padding:3px 5px;border-bottom:1px solid #e5e7eb;font-size:11px;color:#111827;">Vila Maria / Vila Guilherme</td></tr><tr><th style="padding:3px 5px;text-align:left;background:#f3f4f6;border-bottom:1px solid #d1d5db;width:30%;font-size:11px;font-weight:600;color:#1f2937;">Turno</th><td style="padding:3px 5px;border-bottom:1px solid #e5e7eb;font-size:11px;color:#111827;">Noturno</td></tr><tr><th style="padding:3px 5px;text-align:left;background:#f3f4f6;border-bottom:1px solid #d1d5db;width:30%;font-size:11px;font-weight:600;color:#1f2937;">Frequência</th><td style="padding:3px 5px;border-bottom:1px solid #e5e7eb;font-size:11px;color:#111827;">—</td></tr><tr><th style="padding:3px 5px;text-align:left;background:#f3f4f6;border-bottom:1px solid #d1d5db;width:30%;font-size:11px;font-weight:600;color:#1f2937;">Cronograma</th><td style="padding:3px 5px;border-bottom:1px solid #e5e7eb;font-size:11px;color:#111827;">—</td></tr></table>]]></description><LineString><coordinates>-46.5682700,-23.5246100,0 -46.5682200,-23.5238800,0 -46.5681600,-23.5224200,0 -46.5680300,-23.5183000,0</coordinates></LineString></Placemark>
<Style id="s-VM-164">
<LineStyle><color>ffebce87</color><width>3.0</width></LineStyle>
<PolyStyle><color>ffebce87</color></PolyStyle>
<IconStyle><color>ffebce87</color><scale>0.55</scale>
<Icon><href>http://maps.google.com/mapfiles/kml/shapes/placemark_circle.png</href></Icon>
</IconStyle>
<LabelStyle><scale>0.65</scale></LabelStyle>
</Style><Placemark><name>MG30407VM0005 - Seg. 21</name><styleUrl>#s-VM-164</styleUrl><description><![CDATA[<table style="border-collapse:collapse;width:100%;font-family:'Helvetica Neue',Helvetica,Arial,sans-serif;font-size:11px;border:1px solid #e5e7eb;border-radius:8px;overflow:hidden;"><tr><th colspan="2" style="padding:5px 8px;background:#1f6feb;color:#fff;text-align:left;font-size:12px;font-weight:600;">MG30407VM0005 - Seg. 21</th></tr><tr><th style="padding:3px 5px;text-align:left;background:#f3f4f6;border-bottom:1px solid #d1d5db;width:30%;font-size:11px;font-weight:600;color:#1f2937;">Serviço</th><td style="padding:3px 5px;border-bottom:1px solid #e5e7eb;font-size:11px;color:#111827;">Varrição Mecanizada (VM)</td></tr><tr><th style="padding:3px 5px;text-align:left;background:#f3f4f6;border-bottom:1px solid #d1d5db;width:30%;font-size:11px;font-weight:600;color:#1f2937;">Setor</th><td style="padding:3px 5px;border-bottom:1px solid #e5e7eb;font-size:11px;color:#111827;">MG30407VM0005</td></tr><tr><th style="padding:3px 5px;text-align:left;background:#f3f4f6;border-bottom:1px solid #d1d5db;width:30%;font-size:11px;font-weight:600;color:#1f2937;">Tipo de Serviço</th><td style="padding:3px 5px;border-bottom:1px solid #e5e7eb;font-size:11px;color:#111827;">Varrição Mecanizada</td></tr><tr><th style="padding:3px 5px;text-align:left;background:#f3f4f6;border-bottom:1px solid #d1d5db;width:30%;font-size:11px;font-weight:600;color:#1f2937;">Nome</th><td style="padding:3px 5px;border-bottom:1px solid #e5e7eb;font-size:11px;color:#111827;">MG30407VM0005 - Seg. 21</td></tr><tr><th style="padding:3px 5px;text-align:left;background:#f3f4f6;border-bottom:1px solid #d1d5db;width:30%;font-size:11px;font-weight:600;color:#1f2937;">Logradouro</th><td style="padding:3px 5px;border-bottom:1px solid #e5e7eb;font-size:11px;color:#111827;">Av Ten Amaro Felicissimo da Silveira</td></tr><tr><th style="padding:3px 5px;text-align:left;background:#f3f4f6;border-bottom:1px solid #d1d5db;width:30%;font-size:11px;font-weight:600;color:#1f2937;">Subprefeitura</th><td style="padding:3px 5px;border-bottom:1px solid #e5e7eb;font-size:11px;color:#111827;">Vila Maria / Vila Guilherme</td></tr><tr><th style="padding:3px 5px;text-align:left;background:#f3f4f6;border-bottom:1px solid #d1d5db;width:30%;font-size:11px;font-weight:600;color:#1f2937;">Turno</th><td style="padding:3px 5px;border-bottom:1px solid #e5e7eb;font-size:11px;color:#111827;">Noturno</td></tr><tr><th style="padding:3px 5px;text-align:left;background:#f3f4f6;border-bottom:1px solid #d1d5db;width:30%;font-size:11px;font-weight:600;color:#1f2937;">Frequência</th><td style="padding:3px 5px;border-bottom:1px solid #e5e7eb;font-size:11px;color:#111827;">—</td></tr><tr><th style="padding:3px 5px;text-align:left;background:#f3f4f6;border-bottom:1px solid #d1d5db;width:30%;font-size:11px;font-weight:600;color:#1f2937;">Cronograma</th><td style="padding:3px 5px;border-bottom:1px solid #e5e7eb;font-size:11px;color:#111827;">—</td></tr></table>]]></description><LineString><coordinates>-46.5714700,-23.5256100,0 -46.5714400,-23.5232800,0 -46.5714000,-23.5228900,0 -46.5713800,-23.5210400,0 -46.5713500,-23.5209600,0 -46.5712200,-23.5177800,0 -46.5711700,-23.5160700,0 -46.5711300,-23.5137100,0 -46.5709700,-23.5096900,0 -46.5709400,-23.5080600,0 -46.5711800,-23.5074400,0 -46.5714700,-23.5068300,0</coordinates></LineString></Placemark>
<Style id="s-VM-165">
<LineStyle><color>ffebce87</color><width>3.0</width></LineStyle>
<PolyStyle><color>ffebce87</color></PolyStyle>
<IconStyle><color>ffebce87</color><scale>0.55</scale>
<Icon><href>http://maps.google.com/mapfiles/kml/shapes/placemark_circle.png</href></Icon>
</IconStyle>
<LabelStyle><scale>0.65</scale></LabelStyle>
</Style><Placemark><name>MG30407VM0005 - Seg. 22</name><styleUrl>#s-VM-165</styleUrl><description><![CDATA[<table style="border-collapse:collapse;width:100%;font-family:'Helvetica Neue',Helvetica,Arial,sans-serif;font-size:11px;border:1px solid #e5e7eb;border-radius:8px;overflow:hidden;"><tr><th colspan="2" style="padding:5px 8px;background:#1f6feb;color:#fff;text-align:left;font-size:12px;font-weight:600;">MG30407VM0005 - Seg. 22</th></tr><tr><th style="padding:3px 5px;text-align:left;background:#f3f4f6;border-bottom:1px solid #d1d5db;width:30%;font-size:11px;font-weight:600;color:#1f2937;">Serviço</th><td style="padding:3px 5px;border-bottom:1px solid #e5e7eb;font-size:11px;color:#111827;">Varrição Mecanizada (VM)</td></tr><tr><th style="padding:3px 5px;text-align:left;background:#f3f4f6;border-bottom:1px solid #d1d5db;width:30%;font-size:11px;font-weight:600;color:#1f2937;">Setor</th><td style="padding:3px 5px;border-bottom:1px solid #e5e7eb;font-size:11px;color:#111827;">MG30407VM0005</td></tr><tr><th style="padding:3px 5px;text-align:left;background:#f3f4f6;border-bottom:1px solid #d1d5db;width:30%;font-size:11px;font-weight:600;color:#1f2937;">Tipo de Serviço</th><td style="padding:3px 5px;border-bottom:1px solid #e5e7eb;font-size:11px;color:#111827;">Varrição Mecanizada</td></tr><tr><th style="padding:3px 5px;text-align:left;background:#f3f4f6;border-bottom:1px solid #d1d5db;width:30%;font-size:11px;font-weight:600;color:#1f2937;">Nome</th><td style="padding:3px 5px;border-bottom:1px solid #e5e7eb;font-size:11px;color:#111827;">MG30407VM0005 - Seg. 22</td></tr><tr><th style="padding:3px 5px;text-align:left;background:#f3f4f6;border-bottom:1px solid #d1d5db;width:30%;font-size:11px;font-weight:600;color:#1f2937;">Logradouro</th><td style="padding:3px 5px;border-bottom:1px solid #e5e7eb;font-size:11px;color:#111827;">Av Ten Jose Jeronimo de Mesquita</td></tr><tr><th style="padding:3px 5px;text-align:left;background:#f3f4f6;border-bottom:1px solid #d1d5db;width:30%;font-size:11px;font-weight:600;color:#1f2937;">Subprefeitura</th><td style="padding:3px 5px;border-bottom:1px solid #e5e7eb;font-size:11px;color:#111827;">Vila Maria / Vila Guilherme</td></tr><tr><th style="padding:3px 5px;text-align:left;background:#f3f4f6;border-bottom:1px solid #d1d5db;width:30%;font-size:11px;font-weight:600;color:#1f2937;">Turno</th><td style="padding:3px 5px;border-bottom:1px solid #e5e7eb;font-size:11px;color:#111827;">Noturno</td></tr><tr><th style="padding:3px 5px;text-align:left;background:#f3f4f6;border-bottom:1px solid #d1d5db;width:30%;font-size:11px;font-weight:600;color:#1f2937;">Frequência</th><td style="padding:3px 5px;border-bottom:1px solid #e5e7eb;font-size:11px;color:#111827;">—</td></tr><tr><th style="padding:3px 5px;text-align:left;background:#f3f4f6;border-bottom:1px solid #d1d5db;width:30%;font-size:11px;font-weight:600;color:#1f2937;">Cronograma</th><td style="padding:3px 5px;border-bottom:1px solid #e5e7eb;font-size:11px;color:#111827;">—</td></tr></table>]]></description><LineString><coordinates>-46.5676800,-23.5032400,0 -46.5675600,-23.4999200,0 -46.5675200,-23.4986400,0 -46.5675200,-23.4979800,0 -46.5674600,-23.4963300,0 -46.5675400,-23.4957900,0 -46.5690100,-23.4946300,0</coordinates></LineString></Placemark>
<Style id="s-VM-166">
<LineStyle><color>ffebce87</color><width>3.0</width></LineStyle>
<PolyStyle><color>ffebce87</color></PolyStyle>
<IconStyle><color>ffebce87</color><scale>0.55</scale>
<Icon><href>http://maps.google.com/mapfiles/kml/shapes/placemark_circle.png</href></Icon>
</IconStyle>
<LabelStyle><scale>0.65</scale></LabelStyle>
</Style><Placemark><name>MG30407VM0005 - Seg. 23</name><styleUrl>#s-VM-166</styleUrl><description><![CDATA[<table style="border-collapse:collapse;width:100%;font-family:'Helvetica Neue',Helvetica,Arial,sans-serif;font-size:11px;border:1px solid #e5e7eb;border-radius:8px;overflow:hidden;"><tr><th colspan="2" style="padding:5px 8px;background:#1f6feb;color:#fff;text-align:left;font-size:12px;font-weight:600;">MG30407VM0005 - Seg. 23</th></tr><tr><th style="padding:3px 5px;text-align:left;background:#f3f4f6;border-bottom:1px solid #d1d5db;width:30%;font-size:11px;font-weight:600;color:#1f2937;">Serviço</th><td style="padding:3px 5px;border-bottom:1px solid #e5e7eb;font-size:11px;color:#111827;">Varrição Mecanizada (VM)</td></tr><tr><th style="padding:3px 5px;text-align:left;background:#f3f4f6;border-bottom:1px solid #d1d5db;width:30%;font-size:11px;font-weight:600;color:#1f2937;">Setor</th><td style="padding:3px 5px;border-bottom:1px solid #e5e7eb;font-size:11px;color:#111827;">MG30407VM0005</td></tr><tr><th style="padding:3px 5px;text-align:left;background:#f3f4f6;border-bottom:1px solid #d1d5db;width:30%;font-size:11px;font-weight:600;color:#1f2937;">Tipo de Serviço</th><td style="padding:3px 5px;border-bottom:1px solid #e5e7eb;font-size:11px;color:#111827;">Varrição Mecanizada</td></tr><tr><th style="padding:3px 5px;text-align:left;background:#f3f4f6;border-bottom:1px solid #d1d5db;width:30%;font-size:11px;font-weight:600;color:#1f2937;">Nome</th><td style="padding:3px 5px;border-bottom:1px solid #e5e7eb;font-size:11px;color:#111827;">MG30407VM0005 - Seg. 23</td></tr><tr><th style="padding:3px 5px;text-align:left;background:#f3f4f6;border-bottom:1px solid #d1d5db;width:30%;font-size:11px;font-weight:600;color:#1f2937;">Logradouro</th><td style="padding:3px 5px;border-bottom:1px solid #e5e7eb;font-size:11px;color:#111827;">Av Ten Jose Jeronimo de Mesquita</td></tr><tr><th style="padding:3px 5px;text-align:left;background:#f3f4f6;border-bottom:1px solid #d1d5db;width:30%;font-size:11px;font-weight:600;color:#1f2937;">Subprefeitura</th><td style="padding:3px 5px;border-bottom:1px solid #e5e7eb;font-size:11px;color:#111827;">Vila Maria / Vila Guilherme</td></tr><tr><th style="padding:3px 5px;text-align:left;background:#f3f4f6;border-bottom:1px solid #d1d5db;width:30%;font-size:11px;font-weight:600;color:#1f2937;">Turno</th><td style="padding:3px 5px;border-bottom:1px solid #e5e7eb;font-size:11px;color:#111827;">Noturno</td></tr><tr><th style="padding:3px 5px;text-align:left;background:#f3f4f6;border-bottom:1px solid #d1d5db;width:30%;font-size:11px;font-weight:600;color:#1f2937;">Frequência</th><td style="padding:3px 5px;border-bottom:1px solid #e5e7eb;font-size:11px;color:#111827;">—</td></tr><tr><th style="padding:3px 5px;text-align:left;background:#f3f4f6;border-bottom:1px solid #d1d5db;width:30%;font-size:11px;font-weight:600;color:#1f2937;">Cronograma</th><td style="padding:3px 5px;border-bottom:1px solid #e5e7eb;font-size:11px;color:#111827;">—</td></tr></table>]]></description><LineString><coordinates>-46.5675100,-23.5032400,0 -46.5673000,-23.4974100,0 -46.5672700,-23.4960700,0 -46.5674400,-23.4957300,0 -46.5676800,-23.4954800,0 -46.5689000,-23.4945200,0</coordinates></LineString></Placemark>
<Style id="s-VM-167">
<LineStyle><color>ffebce87</color><width>3.0</width></LineStyle>
<PolyStyle><color>ffebce87</color></PolyStyle>
<IconStyle><color>ffebce87</color><scale>0.55</scale>
<Icon><href>http://maps.google.com/mapfiles/kml/shapes/placemark_circle.png</href></Icon>
</IconStyle>
<LabelStyle><scale>0.65</scale></LabelStyle>
</Style><Placemark><name>MG30407VM0005 - Seg. 24</name><styleUrl>#s-VM-167</styleUrl><description><![CDATA[<table style="border-collapse:collapse;width:100%;font-family:'Helvetica Neue',Helvetica,Arial,sans-serif;font-size:11px;border:1px solid #e5e7eb;border-radius:8px;overflow:hidden;"><tr><th colspan="2" style="padding:5px 8px;background:#1f6feb;color:#fff;text-align:left;font-size:12px;font-weight:600;">MG30407VM0005 - Seg. 24</th></tr><tr><th style="padding:3px 5px;text-align:left;background:#f3f4f6;border-bottom:1px solid #d1d5db;width:30%;font-size:11px;font-weight:600;color:#1f2937;">Serviço</th><td style="padding:3px 5px;border-bottom:1px solid #e5e7eb;font-size:11px;color:#111827;">Varrição Mecanizada (VM)</td></tr><tr><th style="padding:3px 5px;text-align:left;background:#f3f4f6;border-bottom:1px solid #d1d5db;width:30%;font-size:11px;font-weight:600;color:#1f2937;">Setor</th><td style="padding:3px 5px;border-bottom:1px solid #e5e7eb;font-size:11px;color:#111827;">MG30407VM0005</td></tr><tr><th style="padding:3px 5px;text-align:left;background:#f3f4f6;border-bottom:1px solid #d1d5db;width:30%;font-size:11px;font-weight:600;color:#1f2937;">Tipo de Serviço</th><td style="padding:3px 5px;border-bottom:1px solid #e5e7eb;font-size:11px;color:#111827;">Varrição Mecanizada</td></tr><tr><th style="padding:3px 5px;text-align:left;background:#f3f4f6;border-bottom:1px solid #d1d5db;width:30%;font-size:11px;font-weight:600;color:#1f2937;">Nome</th><td style="padding:3px 5px;border-bottom:1px solid #e5e7eb;font-size:11px;color:#111827;">MG30407VM0005 - Seg. 24</td></tr><tr><th style="padding:3px 5px;text-align:left;background:#f3f4f6;border-bottom:1px solid #d1d5db;width:30%;font-size:11px;font-weight:600;color:#1f2937;">Logradouro</th><td style="padding:3px 5px;border-bottom:1px solid #e5e7eb;font-size:11px;color:#111827;">Pc Lourenco Billis</td></tr><tr><th style="padding:3px 5px;text-align:left;background:#f3f4f6;border-bottom:1px solid #d1d5db;width:30%;font-size:11px;font-weight:600;color:#1f2937;">Subprefeitura</th><td style="padding:3px 5px;border-bottom:1px solid #e5e7eb;font-size:11px;color:#111827;">Vila Maria / Vila Guilherme</td></tr><tr><th style="padding:3px 5px;text-align:left;background:#f3f4f6;border-bottom:1px solid #d1d5db;width:30%;font-size:11px;font-weight:600;color:#1f2937;">Turno</th><td style="padding:3px 5px;border-bottom:1px solid #e5e7eb;font-size:11px;color:#111827;">Noturno</td></tr><tr><th style="padding:3px 5px;text-align:left;background:#f3f4f6;border-bottom:1px solid #d1d5db;width:30%;font-size:11px;font-weight:600;color:#1f2937;">Frequência</th><td style="padding:3px 5px;border-bottom:1px solid #e5e7eb;font-size:11px;color:#111827;">—</td></tr><tr><th style="padding:3px 5px;text-align:left;background:#f3f4f6;border-bottom:1px solid #d1d5db;width:30%;font-size:11px;font-weight:600;color:#1f2937;">Cronograma</th><td style="padding:3px 5px;border-bottom:1px solid #e5e7eb;font-size:11px;color:#111827;">—</td></tr></table>]]></description><LineString><coordinates>-46.5741500,-23.4895500,0 -46.5742700,-23.4896600,0 -46.5742400,-23.4891600,0 -46.5741800,-23.4892100,0 -46.5741400,-23.4892700,0 -46.5745800,-23.4891600,0 -46.5744100,-23.4891200,0 -46.5742400,-23.4891600,0 -46.5746900,-23.4892500,0 -46.5745800,-23.4891600,0 -46.5742700,-23.4896600,0 -46.5744300,-23.4896800,0 -46.5745800,-23.4896400,0 -46.5746400,-23.4896000,0 -46.5746800,-23.4895400,0</coordinates></LineString></Placemark>
<Style id="s-VM-168">
<LineStyle><color>ffebce87</color><width>3.0</width></LineStyle>
<PolyStyle><color>ffebce87</color></PolyStyle>
<IconStyle><color>ffebce87</color><scale>0.55</scale>
<Icon><href>http://maps.google.com/mapfiles/kml/shapes/placemark_circle.png</href></Icon>
</IconStyle>
<LabelStyle><scale>0.65</scale></LabelStyle>
</Style><Placemark><name>MG30407VM0005 - Seg. 25</name><styleUrl>#s-VM-168</styleUrl><description><![CDATA[<table style="border-collapse:collapse;width:100%;font-family:'Helvetica Neue',Helvetica,Arial,sans-serif;font-size:11px;border:1px solid #e5e7eb;border-radius:8px;overflow:hidden;"><tr><th colspan="2" style="padding:5px 8px;background:#1f6feb;color:#fff;text-align:left;font-size:12px;font-weight:600;">MG30407VM0005 - Seg. 25</th></tr><tr><th style="padding:3px 5px;text-align:left;background:#f3f4f6;border-bottom:1px solid #d1d5db;width:30%;font-size:11px;font-weight:600;color:#1f2937;">Serviço</th><td style="padding:3px 5px;border-bottom:1px solid #e5e7eb;font-size:11px;color:#111827;">Varrição Mecanizada (VM)</td></tr><tr><th style="padding:3px 5px;text-align:left;background:#f3f4f6;border-bottom:1px solid #d1d5db;width:30%;font-size:11px;font-weight:600;color:#1f2937;">Setor</th><td style="padding:3px 5px;border-bottom:1px solid #e5e7eb;font-size:11px;color:#111827;">MG30407VM0005</td></tr><tr><th style="padding:3px 5px;text-align:left;background:#f3f4f6;border-bottom:1px solid #d1d5db;width:30%;font-size:11px;font-weight:600;color:#1f2937;">Tipo de Serviço</th><td style="padding:3px 5px;border-bottom:1px solid #e5e7eb;font-size:11px;color:#111827;">Varrição Mecanizada</td></tr><tr><th style="padding:3px 5px;text-align:left;background:#f3f4f6;border-bottom:1px solid #d1d5db;width:30%;font-size:11px;font-weight:600;color:#1f2937;">Nome</th><td style="padding:3px 5px;border-bottom:1px solid #e5e7eb;font-size:11px;color:#111827;">MG30407VM0005 - Seg. 25</td></tr><tr><th style="padding:3px 5px;text-align:left;background:#f3f4f6;border-bottom:1px solid #d1d5db;width:30%;font-size:11px;font-weight:600;color:#1f2937;">Logradouro</th><td style="padding:3px 5px;border-bottom:1px solid #e5e7eb;font-size:11px;color:#111827;">Pc Novo Mundo</td></tr><tr><th style="padding:3px 5px;text-align:left;background:#f3f4f6;border-bottom:1px solid #d1d5db;width:30%;font-size:11px;font-weight:600;color:#1f2937;">Subprefeitura</th><td style="padding:3px 5px;border-bottom:1px solid #e5e7eb;font-size:11px;color:#111827;">Vila Maria / Vila Guilherme</td></tr><tr><th style="padding:3px 5px;text-align:left;background:#f3f4f6;border-bottom:1px solid #d1d5db;width:30%;font-size:11px;font-weight:600;color:#1f2937;">Turno</th><td style="padding:3px 5px;border-bottom:1px solid #e5e7eb;font-size:11px;color:#111827;">Noturno</td></tr><tr><th style="padding:3px 5px;text-align:left;background:#f3f4f6;border-bottom:1px solid #d1d5db;width:30%;font-size:11px;font-weight:600;color:#1f2937;">Frequência</th><td style="padding:3px 5px;border-bottom:1px solid #e5e7eb;font-size:11px;color:#111827;">—</td></tr><tr><th style="padding:3px 5px;text-align:left;background:#f3f4f6;border-bottom:1px solid #d1d5db;width:30%;font-size:11px;font-weight:600;color:#1f2937;">Cronograma</th><td style="padding:3px 5px;border-bottom:1px solid #e5e7eb;font-size:11px;color:#111827;">—</td></tr></table>]]></description><LineString><coordinates>-46.5676800,-23.5179700,0 -46.5678100,-23.5181700,0 -46.5680300,-23.5183000,0 -46.5676600,-23.5175400,0 -46.5676800,-23.5179700,0 -46.5676300,-23.5167500,0 -46.5676400,-23.5171400,0 -46.5676600,-23.5175400,0 -46.5679700,-23.5164300,0 -46.5677700,-23.5165700,0 -46.5676300,-23.5167500,0 -46.5684100,-23.5166400,0 -46.5682800,-23.5165100,0 -46.5681200,-23.5164300,0 -46.5684700,-23.5170600,0 -46.5684500,-23.5168500,0 -46.5684100,-23.5166400,0 -46.5684900,-23.5175100,0 -46.5684700,-23.5170600,0 -46.5681600,-23.5182900,0 -46.5683800,-23.5181700,0 -46.5685100,-23.5179600,0 -46.5684900,-23.5175100,0</coordinates></LineString></Placemark>
<Style id="s-VM-169">
<LineStyle><color>ffebce87</color><width>3.0</width></LineStyle>
<PolyStyle><color>ffebce87</color></PolyStyle>
<IconStyle><color>ffebce87</color><scale>0.55</scale>
<Icon><href>http://maps.google.com/mapfiles/kml/shapes/placemark_circle.png</href></Icon>
</IconStyle>
<LabelStyle><scale>0.65</scale></LabelStyle>
</Style><Placemark><name>MG30407VM0005 - Seg. 26</name><styleUrl>#s-VM-169</styleUrl><description><![CDATA[<table style="border-collapse:collapse;width:100%;font-family:'Helvetica Neue',Helvetica,Arial,sans-serif;font-size:11px;border:1px solid #e5e7eb;border-radius:8px;overflow:hidden;"><tr><th colspan="2" style="padding:5px 8px;background:#1f6feb;color:#fff;text-align:left;font-size:12px;font-weight:600;">MG30407VM0005 - Seg. 26</th></tr><tr><th style="padding:3px 5px;text-align:left;background:#f3f4f6;border-bottom:1px solid #d1d5db;width:30%;font-size:11px;font-weight:600;color:#1f2937;">Serviço</th><td style="padding:3px 5px;border-bottom:1px solid #e5e7eb;font-size:11px;color:#111827;">Varrição Mecanizada (VM)</td></tr><tr><th style="padding:3px 5px;text-align:left;background:#f3f4f6;border-bottom:1px solid #d1d5db;width:30%;font-size:11px;font-weight:600;color:#1f2937;">Setor</th><td style="padding:3px 5px;border-bottom:1px solid #e5e7eb;font-size:11px;color:#111827;">MG30407VM0005</td></tr><tr><th style="padding:3px 5px;text-align:left;background:#f3f4f6;border-bottom:1px solid #d1d5db;width:30%;font-size:11px;font-weight:600;color:#1f2937;">Tipo de Serviço</th><td style="padding:3px 5px;border-bottom:1px solid #e5e7eb;font-size:11px;color:#111827;">Varrição Mecanizada</td></tr><tr><th style="padding:3px 5px;text-align:left;background:#f3f4f6;border-bottom:1px solid #d1d5db;width:30%;font-size:11px;font-weight:600;color:#1f2937;">Nome</th><td style="padding:3px 5px;border-bottom:1px solid #e5e7eb;font-size:11px;color:#111827;">MG30407VM0005 - Seg. 26</td></tr><tr><th style="padding:3px 5px;text-align:left;background:#f3f4f6;border-bottom:1px solid #d1d5db;width:30%;font-size:11px;font-weight:600;color:#1f2937;">Logradouro</th><td style="padding:3px 5px;border-bottom:1px solid #e5e7eb;font-size:11px;color:#111827;">R Araritaguaba</td></tr><tr><th style="padding:3px 5px;text-align:left;background:#f3f4f6;border-bottom:1px solid #d1d5db;width:30%;font-size:11px;font-weight:600;color:#1f2937;">Subprefeitura</th><td style="padding:3px 5px;border-bottom:1px solid #e5e7eb;font-size:11px;color:#111827;">Vila Maria / Vila Guilherme</td></tr><tr><th style="padding:3px 5px;text-align:left;background:#f3f4f6;border-bottom:1px solid #d1d5db;width:30%;font-size:11px;font-weight:600;color:#1f2937;">Turno</th><td style="padding:3px 5px;border-bottom:1px solid #e5e7eb;font-size:11px;color:#111827;">Noturno</td></tr><tr><th style="padding:3px 5px;text-align:left;background:#f3f4f6;border-bottom:1px solid #d1d5db;width:30%;font-size:11px;font-weight:600;color:#1f2937;">Frequência</th><td style="padding:3px 5px;border-bottom:1px solid #e5e7eb;font-size:11px;color:#111827;">—</td></tr><tr><th style="padding:3px 5px;text-align:left;background:#f3f4f6;border-bottom:1px solid #d1d5db;width:30%;font-size:11px;font-weight:600;color:#1f2937;">Cronograma</th><td style="padding:3px 5px;border-bottom:1px solid #e5e7eb;font-size:11px;color:#111827;">—</td></tr></table>]]></description><LineString><coordinates>-46.5852000,-23.5127000,0 -46.5847400,-23.5129900,0 -46.5824700,-23.5145300,0 -46.5850500,-23.5126100,0 -46.5834200,-23.5136900,0 -46.5826700,-23.5142100,0 -46.5823700,-23.5143900,0</coordinates></LineString></Placemark>
<Style id="s-VM-170">
<LineStyle><color>ffebce87</color><width>3.0</width></LineStyle>
<PolyStyle><color>ffebce87</color></PolyStyle>
<IconStyle><color>ffebce87</color><scale>0.55</scale>
<Icon><href>http://maps.google.com/mapfiles/kml/shapes/placemark_circle.png</href></Icon>
</IconStyle>
<LabelStyle><scale>0.65</scale></LabelStyle>
</Style><Placemark><name>MG30407VM0005 - Seg. 27</name><styleUrl>#s-VM-170</styleUrl><description><![CDATA[<table style="border-collapse:collapse;width:100%;font-family:'Helvetica Neue',Helvetica,Arial,sans-serif;font-size:11px;border:1px solid #e5e7eb;border-radius:8px;overflow:hidden;"><tr><th colspan="2" style="padding:5px 8px;background:#1f6feb;color:#fff;text-align:left;font-size:12px;font-weight:600;">MG30407VM0005 - Seg. 27</th></tr><tr><th style="padding:3px 5px;text-align:left;background:#f3f4f6;border-bottom:1px solid #d1d5db;width:30%;font-size:11px;font-weight:600;color:#1f2937;">Serviço</th><td style="padding:3px 5px;border-bottom:1px solid #e5e7eb;font-size:11px;color:#111827;">Varrição Mecanizada (VM)</td></tr><tr><th style="padding:3px 5px;text-align:left;background:#f3f4f6;border-bottom:1px solid #d1d5db;width:30%;font-size:11px;font-weight:600;color:#1f2937;">Setor</th><td style="padding:3px 5px;border-bottom:1px solid #e5e7eb;font-size:11px;color:#111827;">MG30407VM0005</td></tr><tr><th style="padding:3px 5px;text-align:left;background:#f3f4f6;border-bottom:1px solid #d1d5db;width:30%;font-size:11px;font-weight:600;color:#1f2937;">Tipo de Serviço</th><td style="padding:3px 5px;border-bottom:1px solid #e5e7eb;font-size:11px;color:#111827;">Varrição Mecanizada</td></tr><tr><th style="padding:3px 5px;text-align:left;background:#f3f4f6;border-bottom:1px solid #d1d5db;width:30%;font-size:11px;font-weight:600;color:#1f2937;">Nome</th><td style="padding:3px 5px;border-bottom:1px solid #e5e7eb;font-size:11px;color:#111827;">MG30407VM0005 - Seg. 27</td></tr><tr><th style="padding:3px 5px;text-align:left;background:#f3f4f6;border-bottom:1px solid #d1d5db;width:30%;font-size:11px;font-weight:600;color:#1f2937;">Logradouro</th><td style="padding:3px 5px;border-bottom:1px solid #e5e7eb;font-size:11px;color:#111827;">R Izidoro Matheus</td></tr><tr><th style="padding:3px 5px;text-align:left;background:#f3f4f6;border-bottom:1px solid #d1d5db;width:30%;font-size:11px;font-weight:600;color:#1f2937;">Subprefeitura</th><td style="padding:3px 5px;border-bottom:1px solid #e5e7eb;font-size:11px;color:#111827;">Vila Maria / Vila Guilherme</td></tr><tr><th style="padding:3px 5px;text-align:left;background:#f3f4f6;border-bottom:1px solid #d1d5db;width:30%;font-size:11px;font-weight:600;color:#1f2937;">Turno</th><td style="padding:3px 5px;border-bottom:1px solid #e5e7eb;font-size:11px;color:#111827;">Noturno</td></tr><tr><th style="padding:3px 5px;text-align:left;background:#f3f4f6;border-bottom:1px solid #d1d5db;width:30%;font-size:11px;font-weight:600;color:#1f2937;">Frequência</th><td style="padding:3px 5px;border-bottom:1px solid #e5e7eb;font-size:11px;color:#111827;">—</td></tr><tr><th style="padding:3px 5px;text-align:left;background:#f3f4f6;border-bottom:1px solid #d1d5db;width:30%;font-size:11px;font-weight:600;color:#1f2937;">Cronograma</th><td style="padding:3px 5px;border-bottom:1px solid #e5e7eb;font-size:11px;color:#111827;">—</td></tr></table>]]></description><LineString><coordinates>-46.5945100,-23.5270300,0 -46.5948000,-23.5261900,0 -46.5950500,-23.5253400,0</coordinates></LineString></Placemark>
<Style id="s-VM-171">
<LineStyle><color>ffebce87</color><width>3.0</width></LineStyle>
<PolyStyle><color>ffebce87</color></PolyStyle>
<IconStyle><color>ffebce87</color><scale>0.55</scale>
<Icon><href>http://maps.google.com/mapfiles/kml/shapes/placemark_circle.png</href></Icon>
</IconStyle>
<LabelStyle><scale>0.65</scale></LabelStyle>
</Style><Placemark><name>MG30407VM0005 - Seg. 28</name><styleUrl>#s-VM-171</styleUrl><description><![CDATA[<table style="border-collapse:collapse;width:100%;font-family:'Helvetica Neue',Helvetica,Arial,sans-serif;font-size:11px;border:1px solid #e5e7eb;border-radius:8px;overflow:hidden;"><tr><th colspan="2" style="padding:5px 8px;background:#1f6feb;color:#fff;text-align:left;font-size:12px;font-weight:600;">MG30407VM0005 - Seg. 28</th></tr><tr><th style="padding:3px 5px;text-align:left;background:#f3f4f6;border-bottom:1px solid #d1d5db;width:30%;font-size:11px;font-weight:600;color:#1f2937;">Serviço</th><td style="padding:3px 5px;border-bottom:1px solid #e5e7eb;font-size:11px;color:#111827;">Varrição Mecanizada (VM)</td></tr><tr><th style="padding:3px 5px;text-align:left;background:#f3f4f6;border-bottom:1px solid #d1d5db;width:30%;font-size:11px;font-weight:600;color:#1f2937;">Setor</th><td style="padding:3px 5px;border-bottom:1px solid #e5e7eb;font-size:11px;color:#111827;">MG30407VM0005</td></tr><tr><th style="padding:3px 5px;text-align:left;background:#f3f4f6;border-bottom:1px solid #d1d5db;width:30%;font-size:11px;font-weight:600;color:#1f2937;">Tipo de Serviço</th><td style="padding:3px 5px;border-bottom:1px solid #e5e7eb;font-size:11px;color:#111827;">Varrição Mecanizada</td></tr><tr><th style="padding:3px 5px;text-align:left;background:#f3f4f6;border-bottom:1px solid #d1d5db;width:30%;font-size:11px;font-weight:600;color:#1f2937;">Nome</th><td style="padding:3px 5px;border-bottom:1px solid #e5e7eb;font-size:11px;color:#111827;">MG30407VM0005 - Seg. 28</td></tr><tr><th style="padding:3px 5px;text-align:left;background:#f3f4f6;border-bottom:1px solid #d1d5db;width:30%;font-size:11px;font-weight:600;color:#1f2937;">Logradouro</th><td style="padding:3px 5px;border-bottom:1px solid #e5e7eb;font-size:11px;color:#111827;">R Srg Miguel de Sousa Filho</td></tr><tr><th style="padding:3px 5px;text-align:left;background:#f3f4f6;border-bottom:1px solid #d1d5db;width:30%;font-size:11px;font-weight:600;color:#1f2937;">Subprefeitura</th><td style="padding:3px 5px;border-bottom:1px solid #e5e7eb;font-size:11px;color:#111827;">Vila Maria / Vila Guilherme</td></tr><tr><th style="padding:3px 5px;text-align:left;background:#f3f4f6;border-bottom:1px solid #d1d5db;width:30%;font-size:11px;font-weight:600;color:#1f2937;">Turno</th><td style="padding:3px 5px;border-bottom:1px solid #e5e7eb;font-size:11px;color:#111827;">Noturno</td></tr><tr><th style="padding:3px 5px;text-align:left;background:#f3f4f6;border-bottom:1px solid #d1d5db;width:30%;font-size:11px;font-weight:600;color:#1f2937;">Frequência</th><td style="padding:3px 5px;border-bottom:1px solid #e5e7eb;font-size:11px;color:#111827;">—</td></tr><tr><th style="padding:3px 5px;text-align:left;background:#f3f4f6;border-bottom:1px solid #d1d5db;width:30%;font-size:11px;font-weight:600;color:#1f2937;">Cronograma</th><td style="padding:3px 5px;border-bottom:1px solid #e5e7eb;font-size:11px;color:#111827;">—</td></tr></table>]]></description><LineString><coordinates>-46.5714700,-23.5068300,0 -46.5718500,-23.5062700,0 -46.5724100,-23.5056100,0</coordinates></LineString></Placemark>
<Style id="s-VM-172">
<LineStyle><color>ff00d7ff</color><width>3.0</width></LineStyle>
<PolyStyle><color>ff00d7ff</color></PolyStyle>
<IconStyle><color>ff00d7ff</color><scale>0.55</scale>
<Icon><href>http://maps.google.com/mapfiles/kml/shapes/placemark_circle.png</href></Icon>
</IconStyle>
<LabelStyle><scale>0.65</scale></LabelStyle>
</Style><Placemark><name>ST10304VM0001 - Seg. 1</name><styleUrl>#s-VM-172</styleUrl><description><![CDATA[<table style="border-collapse:collapse;width:100%;font-family:'Helvetica Neue',Helvetica,Arial,sans-serif;font-size:11px;border:1px solid #e5e7eb;border-radius:8px;overflow:hidden;"><tr><th colspan="2" style="padding:5px 8px;background:#1f6feb;color:#fff;text-align:left;font-size:12px;font-weight:600;">ST10304VM0001 - Seg. 1</th></tr><tr><th style="padding:3px 5px;text-align:left;background:#f3f4f6;border-bottom:1px solid #d1d5db;width:30%;font-size:11px;font-weight:600;color:#1f2937;">Serviço</th><td style="padding:3px 5px;border-bottom:1px solid #e5e7eb;font-size:11px;color:#111827;">Varrição Mecanizada (VM)</td></tr><tr><th style="padding:3px 5px;text-align:left;background:#f3f4f6;border-bottom:1px solid #d1d5db;width:30%;font-size:11px;font-weight:600;color:#1f2937;">Setor</th><td style="padding:3px 5px;border-bottom:1px solid #e5e7eb;font-size:11px;color:#111827;">ST10304VM0001</td></tr><tr><th style="padding:3px 5px;text-align:left;background:#f3f4f6;border-bottom:1px solid #d1d5db;width:30%;font-size:11px;font-weight:600;color:#1f2937;">Tipo de Serviço</th><td style="padding:3px 5px;border-bottom:1px solid #e5e7eb;font-size:11px;color:#111827;">Varrição Mecanizada</td></tr><tr><th style="padding:3px 5px;text-align:left;background:#f3f4f6;border-bottom:1px solid #d1d5db;width:30%;font-size:11px;font-weight:600;color:#1f2937;">Nome</th><td style="padding:3px 5px;border-bottom:1px solid #e5e7eb;font-size:11px;color:#111827;">ST10304VM0001 - Seg. 1</td></tr><tr><th style="padding:3px 5px;text-align:left;background:#f3f4f6;border-bottom:1px solid #d1d5db;width:30%;font-size:11px;font-weight:600;color:#1f2937;">Logradouro</th><td style="padding:3px 5px;border-bottom:1px solid #e5e7eb;font-size:11px;color:#111827;">Ac Av Olavo Fontoura</td></tr><tr><th style="padding:3px 5px;text-align:left;background:#f3f4f6;border-bottom:1px solid #d1d5db;width:30%;font-size:11px;font-weight:600;color:#1f2937;">Subprefeitura</th><td style="padding:3px 5px;border-bottom:1px solid #e5e7eb;font-size:11px;color:#111827;">Santana / Tucuruvi</td></tr><tr><th style="padding:3px 5px;text-align:left;background:#f3f4f6;border-bottom:1px solid #d1d5db;width:30%;font-size:11px;font-weight:600;color:#1f2937;">Turno</th><td style="padding:3px 5px;border-bottom:1px solid #e5e7eb;font-size:11px;color:#111827;">Diurno</td></tr><tr><th style="padding:3px 5px;text-align:left;background:#f3f4f6;border-bottom:1px solid #d1d5db;width:30%;font-size:11px;font-weight:600;color:#1f2937;">Frequência</th><td style="padding:3px 5px;border-bottom:1px solid #e5e7eb;font-size:11px;color:#111827;">Quarta e Sábado</td></tr><tr><th style="padding:3px 5px;text-align:left;background:#f3f4f6;border-bottom:1px solid #d1d5db;width:30%;font-size:11px;font-weight:600;color:#1f2937;">Cronograma</th><td style="padding:3px 5px;border-bottom:1px solid #e5e7eb;font-size:11px;color:#111827;">—</td></tr></table>]]></description><LineString><coordinates>-46.6503600,-23.5164900,0 -46.6504600,-23.5160600,0 -46.6500900,-23.5157800,0</coordinates></LineString></Placemark>
<Style id="s-VM-173">
<LineStyle><color>ff00d7ff</color><width>3.0</width></LineStyle>
<PolyStyle><color>ff00d7ff</color></PolyStyle>
<IconStyle><color>ff00d7ff</color><scale>0.55</scale>
<Icon><href>http://maps.google.com/mapfiles/kml/shapes/placemark_circle.png</href></Icon>
</IconStyle>
<LabelStyle><scale>0.65</scale></LabelStyle>
</Style><Placemark><name>ST10304VM0001 - Seg. 2</name><styleUrl>#s-VM-173</styleUrl><description><![CDATA[<table style="border-collapse:collapse;width:100%;font-family:'Helvetica Neue',Helvetica,Arial,sans-serif;font-size:11px;border:1px solid #e5e7eb;border-radius:8px;overflow:hidden;"><tr><th colspan="2" style="padding:5px 8px;background:#1f6feb;color:#fff;text-align:left;font-size:12px;font-weight:600;">ST10304VM0001 - Seg. 2</th></tr><tr><th style="padding:3px 5px;text-align:left;background:#f3f4f6;border-bottom:1px solid #d1d5db;width:30%;font-size:11px;font-weight:600;color:#1f2937;">Serviço</th><td style="padding:3px 5px;border-bottom:1px solid #e5e7eb;font-size:11px;color:#111827;">Varrição Mecanizada (VM)</td></tr><tr><th style="padding:3px 5px;text-align:left;background:#f3f4f6;border-bottom:1px solid #d1d5db;width:30%;font-size:11px;font-weight:600;color:#1f2937;">Setor</th><td style="padding:3px 5px;border-bottom:1px solid #e5e7eb;font-size:11px;color:#111827;">ST10304VM0001</td></tr><tr><th style="padding:3px 5px;text-align:left;background:#f3f4f6;border-bottom:1px solid #d1d5db;width:30%;font-size:11px;font-weight:600;color:#1f2937;">Tipo de Serviço</th><td style="padding:3px 5px;border-bottom:1px solid #e5e7eb;font-size:11px;color:#111827;">Varrição Mecanizada</td></tr><tr><th style="padding:3px 5px;text-align:left;background:#f3f4f6;border-bottom:1px solid #d1d5db;width:30%;font-size:11px;font-weight:600;color:#1f2937;">Nome</th><td style="padding:3px 5px;border-bottom:1px solid #e5e7eb;font-size:11px;color:#111827;">ST10304VM0001 - Seg. 2</td></tr><tr><th style="padding:3px 5px;text-align:left;background:#f3f4f6;border-bottom:1px solid #d1d5db;width:30%;font-size:11px;font-weight:600;color:#1f2937;">Logradouro</th><td style="padding:3px 5px;border-bottom:1px solid #e5e7eb;font-size:11px;color:#111827;">Ac R Prof Milton Rodrigues</td></tr><tr><th style="padding:3px 5px;text-align:left;background:#f3f4f6;border-bottom:1px solid #d1d5db;width:30%;font-size:11px;font-weight:600;color:#1f2937;">Subprefeitura</th><td style="padding:3px 5px;border-bottom:1px solid #e5e7eb;font-size:11px;color:#111827;">Santana / Tucuruvi</td></tr><tr><th style="padding:3px 5px;text-align:left;background:#f3f4f6;border-bottom:1px solid #d1d5db;width:30%;font-size:11px;font-weight:600;color:#1f2937;">Turno</th><td style="padding:3px 5px;border-bottom:1px solid #e5e7eb;font-size:11px;color:#111827;">Diurno</td></tr><tr><th style="padding:3px 5px;text-align:left;background:#f3f4f6;border-bottom:1px solid #d1d5db;width:30%;font-size:11px;font-weight:600;color:#1f2937;">Frequência</th><td style="padding:3px 5px;border-bottom:1px solid #e5e7eb;font-size:11px;color:#111827;">Quarta e Sábado</td></tr><tr><th style="padding:3px 5px;text-align:left;background:#f3f4f6;border-bottom:1px solid #d1d5db;width:30%;font-size:11px;font-weight:600;color:#1f2937;">Cronograma</th><td style="padding:3px 5px;border-bottom:1px solid #e5e7eb;font-size:11px;color:#111827;">—</td></tr></table>]]></description><LineString><coordinates>-46.6351300,-23.5180800,0 -46.6358800,-23.5179300,0 -46.6374000,-23.5177900,0 -46.6381700,-23.5176600,0</coordinates></LineString></Placemark>
<Style id="s-VM-174">
<LineStyle><color>ff00d7ff</color><width>3.0</width></LineStyle>
<PolyStyle><color>ff00d7ff</color></PolyStyle>
<IconStyle><color>ff00d7ff</color><scale>0.55</scale>
<Icon><href>http://maps.google.com/mapfiles/kml/shapes/placemark_circle.png</href></Icon>
</IconStyle>
<LabelStyle><scale>0.65</scale></LabelStyle>
</Style><Placemark><name>ST10304VM0001 - Seg. 3</name><styleUrl>#s-VM-174</styleUrl><description><![CDATA[<table style="border-collapse:collapse;width:100%;font-family:'Helvetica Neue',Helvetica,Arial,sans-serif;font-size:11px;border:1px solid #e5e7eb;border-radius:8px;overflow:hidden;"><tr><th colspan="2" style="padding:5px 8px;background:#1f6feb;color:#fff;text-align:left;font-size:12px;font-weight:600;">ST10304VM0001 - Seg. 3</th></tr><tr><th style="padding:3px 5px;text-align:left;background:#f3f4f6;border-bottom:1px solid #d1d5db;width:30%;font-size:11px;font-weight:600;color:#1f2937;">Serviço</th><td style="padding:3px 5px;border-bottom:1px solid #e5e7eb;font-size:11px;color:#111827;">Varrição Mecanizada (VM)</td></tr><tr><th style="padding:3px 5px;text-align:left;background:#f3f4f6;border-bottom:1px solid #d1d5db;width:30%;font-size:11px;font-weight:600;color:#1f2937;">Setor</th><td style="padding:3px 5px;border-bottom:1px solid #e5e7eb;font-size:11px;color:#111827;">ST10304VM0001</td></tr><tr><th style="padding:3px 5px;text-align:left;background:#f3f4f6;border-bottom:1px solid #d1d5db;width:30%;font-size:11px;font-weight:600;color:#1f2937;">Tipo de Serviço</th><td style="padding:3px 5px;border-bottom:1px solid #e5e7eb;font-size:11px;color:#111827;">Varrição Mecanizada</td></tr><tr><th style="padding:3px 5px;text-align:left;background:#f3f4f6;border-bottom:1px solid #d1d5db;width:30%;font-size:11px;font-weight:600;color:#1f2937;">Nome</th><td style="padding:3px 5px;border-bottom:1px solid #e5e7eb;font-size:11px;color:#111827;">ST10304VM0001 - Seg. 3</td></tr><tr><th style="padding:3px 5px;text-align:left;background:#f3f4f6;border-bottom:1px solid #d1d5db;width:30%;font-size:11px;font-weight:600;color:#1f2937;">Logradouro</th><td style="padding:3px 5px;border-bottom:1px solid #e5e7eb;font-size:11px;color:#111827;">Av Alvaro Machado Pedrosa</td></tr><tr><th style="padding:3px 5px;text-align:left;background:#f3f4f6;border-bottom:1px solid #d1d5db;width:30%;font-size:11px;font-weight:600;color:#1f2937;">Subprefeitura</th><td style="padding:3px 5px;border-bottom:1px solid #e5e7eb;font-size:11px;color:#111827;">Santana / Tucuruvi</td></tr><tr><th style="padding:3px 5px;text-align:left;background:#f3f4f6;border-bottom:1px solid #d1d5db;width:30%;font-size:11px;font-weight:600;color:#1f2937;">Turno</th><td style="padding:3px 5px;border-bottom:1px solid #e5e7eb;font-size:11px;color:#111827;">Diurno</td></tr><tr><th style="padding:3px 5px;text-align:left;background:#f3f4f6;border-bottom:1px solid #d1d5db;width:30%;font-size:11px;font-weight:600;color:#1f2937;">Frequência</th><td style="padding:3px 5px;border-bottom:1px solid #e5e7eb;font-size:11px;color:#111827;">Quarta e Sábado</td></tr><tr><th style="padding:3px 5px;text-align:left;background:#f3f4f6;border-bottom:1px solid #d1d5db;width:30%;font-size:11px;font-weight:600;color:#1f2937;">Cronograma</th><td style="padding:3px 5px;border-bottom:1px solid #e5e7eb;font-size:11px;color:#111827;">—</td></tr></table>]]></description><LineString><coordinates>-46.6047600,-23.4821900,0 -46.6041900,-23.4821700,0 -46.6037800,-23.4820900,0 -46.6034400,-23.4819000,0 -46.6032400,-23.4815700,0</coordinates></LineString></Placemark>
<Style id="s-VM-175">
<LineStyle><color>ff00d7ff</color><width>3.0</width></LineStyle>
<PolyStyle><color>ff00d7ff</color></PolyStyle>
<IconStyle><color>ff00d7ff</color><scale>0.55</scale>
<Icon><href>http://maps.google.com/mapfiles/kml/shapes/placemark_circle.png</href></Icon>
</IconStyle>
<LabelStyle><scale>0.65</scale></LabelStyle>
</Style><Placemark><name>ST10304VM0001 - Seg. 4</name><styleUrl>#s-VM-175</styleUrl><description><![CDATA[<table style="border-collapse:collapse;width:100%;font-family:'Helvetica Neue',Helvetica,Arial,sans-serif;font-size:11px;border:1px solid #e5e7eb;border-radius:8px;overflow:hidden;"><tr><th colspan="2" style="padding:5px 8px;background:#1f6feb;color:#fff;text-align:left;font-size:12px;font-weight:600;">ST10304VM0001 - Seg. 4</th></tr><tr><th style="padding:3px 5px;text-align:left;background:#f3f4f6;border-bottom:1px solid #d1d5db;width:30%;font-size:11px;font-weight:600;color:#1f2937;">Serviço</th><td style="padding:3px 5px;border-bottom:1px solid #e5e7eb;font-size:11px;color:#111827;">Varrição Mecanizada (VM)</td></tr><tr><th style="padding:3px 5px;text-align:left;background:#f3f4f6;border-bottom:1px solid #d1d5db;width:30%;font-size:11px;font-weight:600;color:#1f2937;">Setor</th><td style="padding:3px 5px;border-bottom:1px solid #e5e7eb;font-size:11px;color:#111827;">ST10304VM0001</td></tr><tr><th style="padding:3px 5px;text-align:left;background:#f3f4f6;border-bottom:1px solid #d1d5db;width:30%;font-size:11px;font-weight:600;color:#1f2937;">Tipo de Serviço</th><td style="padding:3px 5px;border-bottom:1px solid #e5e7eb;font-size:11px;color:#111827;">Varrição Mecanizada</td></tr><tr><th style="padding:3px 5px;text-align:left;background:#f3f4f6;border-bottom:1px solid #d1d5db;width:30%;font-size:11px;font-weight:600;color:#1f2937;">Nome</th><td style="padding:3px 5px;border-bottom:1px solid #e5e7eb;font-size:11px;color:#111827;">ST10304VM0001 - Seg. 4</td></tr><tr><th style="padding:3px 5px;text-align:left;background:#f3f4f6;border-bottom:1px solid #d1d5db;width:30%;font-size:11px;font-weight:600;color:#1f2937;">Logradouro</th><td style="padding:3px 5px;border-bottom:1px solid #e5e7eb;font-size:11px;color:#111827;">Av Braz Leme</td></tr><tr><th style="padding:3px 5px;text-align:left;background:#f3f4f6;border-bottom:1px solid #d1d5db;width:30%;font-size:11px;font-weight:600;color:#1f2937;">Subprefeitura</th><td style="padding:3px 5px;border-bottom:1px solid #e5e7eb;font-size:11px;color:#111827;">Santana / Tucuruvi</td></tr><tr><th style="padding:3px 5px;text-align:left;background:#f3f4f6;border-bottom:1px solid #d1d5db;width:30%;font-size:11px;font-weight:600;color:#1f2937;">Turno</th><td style="padding:3px 5px;border-bottom:1px solid #e5e7eb;font-size:11px;color:#111827;">Diurno</td></tr><tr><th style="padding:3px 5px;text-align:left;background:#f3f4f6;border-bottom:1px solid #d1d5db;width:30%;font-size:11px;font-weight:600;color:#1f2937;">Frequência</th><td style="padding:3px 5px;border-bottom:1px solid #e5e7eb;font-size:11px;color:#111827;">Quarta e Sábado</td></tr><tr><th style="padding:3px 5px;text-align:left;background:#f3f4f6;border-bottom:1px solid #d1d5db;width:30%;font-size:11px;font-weight:600;color:#1f2937;">Cronograma</th><td style="padding:3px 5px;border-bottom:1px solid #e5e7eb;font-size:11px;color:#111827;">—</td></tr></table>]]></description><LineString><coordinates>-46.6537000,-23.5136100,0 -46.6533500,-23.5111900,0 -46.6531700,-23.5101300,0 -46.6528700,-23.5093400,0 -46.6526900,-23.5090600,0 -46.6525000,-23.5088000,0 -46.6521900,-23.5084600,0 -46.6518200,-23.5081800,0 -46.6513900,-23.5079200,0 -46.6509300,-23.5077400,0 -46.6505100,-23.5076100,0 -46.6435900,-23.5062400,0 -46.6428300,-23.5058500,0 -46.6421800,-23.5053100,0 -46.6419100,-23.5050400,0 -46.6416100,-23.5048000,0 -46.6413700,-23.5046500,0</coordinates></LineString></Placemark>
<Style id="s-VM-176">
<LineStyle><color>ff00d7ff</color><width>3.0</width></LineStyle>
<PolyStyle><color>ff00d7ff</color></PolyStyle>
<IconStyle><color>ff00d7ff</color><scale>0.55</scale>
<Icon><href>http://maps.google.com/mapfiles/kml/shapes/placemark_circle.png</href></Icon>
</IconStyle>
<LabelStyle><scale>0.65</scale></LabelStyle>
</Style><Placemark><name>ST10304VM0001 - Seg. 5</name><styleUrl>#s-VM-176</styleUrl><description><![CDATA[<table style="border-collapse:collapse;width:100%;font-family:'Helvetica Neue',Helvetica,Arial,sans-serif;font-size:11px;border:1px solid #e5e7eb;border-radius:8px;overflow:hidden;"><tr><th colspan="2" style="padding:5px 8px;background:#1f6feb;color:#fff;text-align:left;font-size:12px;font-weight:600;">ST10304VM0001 - Seg. 5</th></tr><tr><th style="padding:3px 5px;text-align:left;background:#f3f4f6;border-bottom:1px solid #d1d5db;width:30%;font-size:11px;font-weight:600;color:#1f2937;">Serviço</th><td style="padding:3px 5px;border-bottom:1px solid #e5e7eb;font-size:11px;color:#111827;">Varrição Mecanizada (VM)</td></tr><tr><th style="padding:3px 5px;text-align:left;background:#f3f4f6;border-bottom:1px solid #d1d5db;width:30%;font-size:11px;font-weight:600;color:#1f2937;">Setor</th><td style="padding:3px 5px;border-bottom:1px solid #e5e7eb;font-size:11px;color:#111827;">ST10304VM0001</td></tr><tr><th style="padding:3px 5px;text-align:left;background:#f3f4f6;border-bottom:1px solid #d1d5db;width:30%;font-size:11px;font-weight:600;color:#1f2937;">Tipo de Serviço</th><td style="padding:3px 5px;border-bottom:1px solid #e5e7eb;font-size:11px;color:#111827;">Varrição Mecanizada</td></tr><tr><th style="padding:3px 5px;text-align:left;background:#f3f4f6;border-bottom:1px solid #d1d5db;width:30%;font-size:11px;font-weight:600;color:#1f2937;">Nome</th><td style="padding:3px 5px;border-bottom:1px solid #e5e7eb;font-size:11px;color:#111827;">ST10304VM0001 - Seg. 5</td></tr><tr><th style="padding:3px 5px;text-align:left;background:#f3f4f6;border-bottom:1px solid #d1d5db;width:30%;font-size:11px;font-weight:600;color:#1f2937;">Logradouro</th><td style="padding:3px 5px;border-bottom:1px solid #e5e7eb;font-size:11px;color:#111827;">Av Braz Leme</td></tr><tr><th style="padding:3px 5px;text-align:left;background:#f3f4f6;border-bottom:1px solid #d1d5db;width:30%;font-size:11px;font-weight:600;color:#1f2937;">Subprefeitura</th><td style="padding:3px 5px;border-bottom:1px solid #e5e7eb;font-size:11px;color:#111827;">Santana / Tucuruvi</td></tr><tr><th style="padding:3px 5px;text-align:left;background:#f3f4f6;border-bottom:1px solid #d1d5db;width:30%;font-size:11px;font-weight:600;color:#1f2937;">Turno</th><td style="padding:3px 5px;border-bottom:1px solid #e5e7eb;font-size:11px;color:#111827;">Diurno</td></tr><tr><th style="padding:3px 5px;text-align:left;background:#f3f4f6;border-bottom:1px solid #d1d5db;width:30%;font-size:11px;font-weight:600;color:#1f2937;">Frequência</th><td style="padding:3px 5px;border-bottom:1px solid #e5e7eb;font-size:11px;color:#111827;">Quarta e Sábado</td></tr><tr><th style="padding:3px 5px;text-align:left;background:#f3f4f6;border-bottom:1px solid #d1d5db;width:30%;font-size:11px;font-weight:600;color:#1f2937;">Cronograma</th><td style="padding:3px 5px;border-bottom:1px solid #e5e7eb;font-size:11px;color:#111827;">—</td></tr></table>]]></description><LineString><coordinates>-46.6534800,-23.5140100,0 -46.6532200,-23.5123700,0 -46.6530300,-23.5110200,0 -46.6528900,-23.5102000,0 -46.6527900,-23.5098300,0 -46.6526100,-23.5094200,0 -46.6522500,-23.5089300,0 -46.6520600,-23.5087200,0 -46.6518300,-23.5085300,0 -46.6512300,-23.5081400,0 -46.6505400,-23.5079000,0 -46.6441300,-23.5066200,0 -46.6432000,-23.5063700,0 -46.6425600,-23.5059900,0 -46.6420100,-23.5055300,0 -46.6416500,-23.5051700,0 -46.6412100,-23.5048900,0 -46.6403200,-23.5043800,0 -46.6394200,-23.5039000,0 -46.6385200,-23.5035800,0 -46.6375500,-23.5035700,0 -46.6321000,-23.5039300,0 -46.6304100,-23.5040600,0 -46.6283200,-23.5041700,0 -46.6275400,-23.5042300,0 -46.6263700,-23.5041600,0</coordinates></LineString></Placemark>
<Style id="s-VM-177">
<LineStyle><color>ff00d7ff</color><width>3.0</width></LineStyle>
<PolyStyle><color>ff00d7ff</color></PolyStyle>
<IconStyle><color>ff00d7ff</color><scale>0.55</scale>
<Icon><href>http://maps.google.com/mapfiles/kml/shapes/placemark_circle.png</href></Icon>
</IconStyle>
<LabelStyle><scale>0.65</scale></LabelStyle>
</Style><Placemark><name>ST10304VM0001 - Seg. 6</name><styleUrl>#s-VM-177</styleUrl><description><![CDATA[<table style="border-collapse:collapse;width:100%;font-family:'Helvetica Neue',Helvetica,Arial,sans-serif;font-size:11px;border:1px solid #e5e7eb;border-radius:8px;overflow:hidden;"><tr><th colspan="2" style="padding:5px 8px;background:#1f6feb;color:#fff;text-align:left;font-size:12px;font-weight:600;">ST10304VM0001 - Seg. 6</th></tr><tr><th style="padding:3px 5px;text-align:left;background:#f3f4f6;border-bottom:1px solid #d1d5db;width:30%;font-size:11px;font-weight:600;color:#1f2937;">Serviço</th><td style="padding:3px 5px;border-bottom:1px solid #e5e7eb;font-size:11px;color:#111827;">Varrição Mecanizada (VM)</td></tr><tr><th style="padding:3px 5px;text-align:left;background:#f3f4f6;border-bottom:1px solid #d1d5db;width:30%;font-size:11px;font-weight:600;color:#1f2937;">Setor</th><td style="padding:3px 5px;border-bottom:1px solid #e5e7eb;font-size:11px;color:#111827;">ST10304VM0001</td></tr><tr><th style="padding:3px 5px;text-align:left;background:#f3f4f6;border-bottom:1px solid #d1d5db;width:30%;font-size:11px;font-weight:600;color:#1f2937;">Tipo de Serviço</th><td style="padding:3px 5px;border-bottom:1px solid #e5e7eb;font-size:11px;color:#111827;">Varrição Mecanizada</td></tr><tr><th style="padding:3px 5px;text-align:left;background:#f3f4f6;border-bottom:1px solid #d1d5db;width:30%;font-size:11px;font-weight:600;color:#1f2937;">Nome</th><td style="padding:3px 5px;border-bottom:1px solid #e5e7eb;font-size:11px;color:#111827;">ST10304VM0001 - Seg. 6</td></tr><tr><th style="padding:3px 5px;text-align:left;background:#f3f4f6;border-bottom:1px solid #d1d5db;width:30%;font-size:11px;font-weight:600;color:#1f2937;">Logradouro</th><td style="padding:3px 5px;border-bottom:1px solid #e5e7eb;font-size:11px;color:#111827;">Av Braz Leme</td></tr><tr><th style="padding:3px 5px;text-align:left;background:#f3f4f6;border-bottom:1px solid #d1d5db;width:30%;font-size:11px;font-weight:600;color:#1f2937;">Subprefeitura</th><td style="padding:3px 5px;border-bottom:1px solid #e5e7eb;font-size:11px;color:#111827;">Santana / Tucuruvi</td></tr><tr><th style="padding:3px 5px;text-align:left;background:#f3f4f6;border-bottom:1px solid #d1d5db;width:30%;font-size:11px;font-weight:600;color:#1f2937;">Turno</th><td style="padding:3px 5px;border-bottom:1px solid #e5e7eb;font-size:11px;color:#111827;">Diurno</td></tr><tr><th style="padding:3px 5px;text-align:left;background:#f3f4f6;border-bottom:1px solid #d1d5db;width:30%;font-size:11px;font-weight:600;color:#1f2937;">Frequência</th><td style="padding:3px 5px;border-bottom:1px solid #e5e7eb;font-size:11px;color:#111827;">Quarta e Sábado</td></tr><tr><th style="padding:3px 5px;text-align:left;background:#f3f4f6;border-bottom:1px solid #d1d5db;width:30%;font-size:11px;font-weight:600;color:#1f2937;">Cronograma</th><td style="padding:3px 5px;border-bottom:1px solid #e5e7eb;font-size:11px;color:#111827;">—</td></tr></table>]]></description><LineString><coordinates>-46.6413700,-23.5046500,0 -46.6394300,-23.5035900,0 -46.6391800,-23.5034700,0 -46.6386700,-23.5033400,0 -46.6381500,-23.5032900,0 -46.6362200,-23.5034000,0 -46.6328500,-23.5037100,0 -46.6298600,-23.5039100,0 -46.6280200,-23.5040100,0 -46.6274600,-23.5040600,0 -46.6267500,-23.5040400,0 -46.6263800,-23.5037800,0</coordinates></LineString></Placemark>
<Style id="s-VM-178">
<LineStyle><color>ff00d7ff</color><width>3.0</width></LineStyle>
<PolyStyle><color>ff00d7ff</color></PolyStyle>
<IconStyle><color>ff00d7ff</color><scale>0.55</scale>
<Icon><href>http://maps.google.com/mapfiles/kml/shapes/placemark_circle.png</href></Icon>
</IconStyle>
<LabelStyle><scale>0.65</scale></LabelStyle>
</Style><Placemark><name>ST10304VM0001 - Seg. 7</name><styleUrl>#s-VM-178</styleUrl><description><![CDATA[<table style="border-collapse:collapse;width:100%;font-family:'Helvetica Neue',Helvetica,Arial,sans-serif;font-size:11px;border:1px solid #e5e7eb;border-radius:8px;overflow:hidden;"><tr><th colspan="2" style="padding:5px 8px;background:#1f6feb;color:#fff;text-align:left;font-size:12px;font-weight:600;">ST10304VM0001 - Seg. 7</th></tr><tr><th style="padding:3px 5px;text-align:left;background:#f3f4f6;border-bottom:1px solid #d1d5db;width:30%;font-size:11px;font-weight:600;color:#1f2937;">Serviço</th><td style="padding:3px 5px;border-bottom:1px solid #e5e7eb;font-size:11px;color:#111827;">Varrição Mecanizada (VM)</td></tr><tr><th style="padding:3px 5px;text-align:left;background:#f3f4f6;border-bottom:1px solid #d1d5db;width:30%;font-size:11px;font-weight:600;color:#1f2937;">Setor</th><td style="padding:3px 5px;border-bottom:1px solid #e5e7eb;font-size:11px;color:#111827;">ST10304VM0001</td></tr><tr><th style="padding:3px 5px;text-align:left;background:#f3f4f6;border-bottom:1px solid #d1d5db;width:30%;font-size:11px;font-weight:600;color:#1f2937;">Tipo de Serviço</th><td style="padding:3px 5px;border-bottom:1px solid #e5e7eb;font-size:11px;color:#111827;">Varrição Mecanizada</td></tr><tr><th style="padding:3px 5px;text-align:left;background:#f3f4f6;border-bottom:1px solid #d1d5db;width:30%;font-size:11px;font-weight:600;color:#1f2937;">Nome</th><td style="padding:3px 5px;border-bottom:1px solid #e5e7eb;font-size:11px;color:#111827;">ST10304VM0001 - Seg. 7</td></tr><tr><th style="padding:3px 5px;text-align:left;background:#f3f4f6;border-bottom:1px solid #d1d5db;width:30%;font-size:11px;font-weight:600;color:#1f2937;">Logradouro</th><td style="padding:3px 5px;border-bottom:1px solid #e5e7eb;font-size:11px;color:#111827;">Av Cruzeiro do Sul</td></tr><tr><th style="padding:3px 5px;text-align:left;background:#f3f4f6;border-bottom:1px solid #d1d5db;width:30%;font-size:11px;font-weight:600;color:#1f2937;">Subprefeitura</th><td style="padding:3px 5px;border-bottom:1px solid #e5e7eb;font-size:11px;color:#111827;">Santana / Tucuruvi</td></tr><tr><th style="padding:3px 5px;text-align:left;background:#f3f4f6;border-bottom:1px solid #d1d5db;width:30%;font-size:11px;font-weight:600;color:#1f2937;">Turno</th><td style="padding:3px 5px;border-bottom:1px solid #e5e7eb;font-size:11px;color:#111827;">Diurno</td></tr><tr><th style="padding:3px 5px;text-align:left;background:#f3f4f6;border-bottom:1px solid #d1d5db;width:30%;font-size:11px;font-weight:600;color:#1f2937;">Frequência</th><td style="padding:3px 5px;border-bottom:1px solid #e5e7eb;font-size:11px;color:#111827;">Quarta e Sábado</td></tr><tr><th style="padding:3px 5px;text-align:left;background:#f3f4f6;border-bottom:1px solid #d1d5db;width:30%;font-size:11px;font-weight:600;color:#1f2937;">Cronograma</th><td style="padding:3px 5px;border-bottom:1px solid #e5e7eb;font-size:11px;color:#111827;">—</td></tr></table>]]></description><LineString><coordinates>-46.6252700,-23.5165900,0 -46.6251500,-23.5115900,0 -46.6250600,-23.5091000,0 -46.6250200,-23.5073100,0</coordinates></LineString></Placemark>
<Style id="s-VM-179">
<LineStyle><color>ff00d7ff</color><width>3.0</width></LineStyle>
<PolyStyle><color>ff00d7ff</color></PolyStyle>
<IconStyle><color>ff00d7ff</color><scale>0.55</scale>
<Icon><href>http://maps.google.com/mapfiles/kml/shapes/placemark_circle.png</href></Icon>
</IconStyle>
<LabelStyle><scale>0.65</scale></LabelStyle>
</Style><Placemark><name>ST10304VM0001 - Seg. 8</name><styleUrl>#s-VM-179</styleUrl><description><![CDATA[<table style="border-collapse:collapse;width:100%;font-family:'Helvetica Neue',Helvetica,Arial,sans-serif;font-size:11px;border:1px solid #e5e7eb;border-radius:8px;overflow:hidden;"><tr><th colspan="2" style="padding:5px 8px;background:#1f6feb;color:#fff;text-align:left;font-size:12px;font-weight:600;">ST10304VM0001 - Seg. 8</th></tr><tr><th style="padding:3px 5px;text-align:left;background:#f3f4f6;border-bottom:1px solid #d1d5db;width:30%;font-size:11px;font-weight:600;color:#1f2937;">Serviço</th><td style="padding:3px 5px;border-bottom:1px solid #e5e7eb;font-size:11px;color:#111827;">Varrição Mecanizada (VM)</td></tr><tr><th style="padding:3px 5px;text-align:left;background:#f3f4f6;border-bottom:1px solid #d1d5db;width:30%;font-size:11px;font-weight:600;color:#1f2937;">Setor</th><td style="padding:3px 5px;border-bottom:1px solid #e5e7eb;font-size:11px;color:#111827;">ST10304VM0001</td></tr><tr><th style="padding:3px 5px;text-align:left;background:#f3f4f6;border-bottom:1px solid #d1d5db;width:30%;font-size:11px;font-weight:600;color:#1f2937;">Tipo de Serviço</th><td style="padding:3px 5px;border-bottom:1px solid #e5e7eb;font-size:11px;color:#111827;">Varrição Mecanizada</td></tr><tr><th style="padding:3px 5px;text-align:left;background:#f3f4f6;border-bottom:1px solid #d1d5db;width:30%;font-size:11px;font-weight:600;color:#1f2937;">Nome</th><td style="padding:3px 5px;border-bottom:1px solid #e5e7eb;font-size:11px;color:#111827;">ST10304VM0001 - Seg. 8</td></tr><tr><th style="padding:3px 5px;text-align:left;background:#f3f4f6;border-bottom:1px solid #d1d5db;width:30%;font-size:11px;font-weight:600;color:#1f2937;">Logradouro</th><td style="padding:3px 5px;border-bottom:1px solid #e5e7eb;font-size:11px;color:#111827;">Av Cruzeiro do Sul</td></tr><tr><th style="padding:3px 5px;text-align:left;background:#f3f4f6;border-bottom:1px solid #d1d5db;width:30%;font-size:11px;font-weight:600;color:#1f2937;">Subprefeitura</th><td style="padding:3px 5px;border-bottom:1px solid #e5e7eb;font-size:11px;color:#111827;">Santana / Tucuruvi</td></tr><tr><th style="padding:3px 5px;text-align:left;background:#f3f4f6;border-bottom:1px solid #d1d5db;width:30%;font-size:11px;font-weight:600;color:#1f2937;">Turno</th><td style="padding:3px 5px;border-bottom:1px solid #e5e7eb;font-size:11px;color:#111827;">Diurno</td></tr><tr><th style="padding:3px 5px;text-align:left;background:#f3f4f6;border-bottom:1px solid #d1d5db;width:30%;font-size:11px;font-weight:600;color:#1f2937;">Frequência</th><td style="padding:3px 5px;border-bottom:1px solid #e5e7eb;font-size:11px;color:#111827;">Quarta e Sábado</td></tr><tr><th style="padding:3px 5px;text-align:left;background:#f3f4f6;border-bottom:1px solid #d1d5db;width:30%;font-size:11px;font-weight:600;color:#1f2937;">Cronograma</th><td style="padding:3px 5px;border-bottom:1px solid #e5e7eb;font-size:11px;color:#111827;">—</td></tr></table>]]></description><LineString><coordinates>-46.6250900,-23.5171000,0 -46.6249200,-23.5123900,0 -46.6249200,-23.5115100,0 -46.6248600,-23.5099400,0 -46.6248300,-23.5085500,0 -46.6247200,-23.5058000,0 -46.6246500,-23.5033000,0 -46.6245600,-23.5020200,0 -46.6244800,-23.4990700,0</coordinates></LineString></Placemark>
<Style id="s-VM-180">
<LineStyle><color>ff00d7ff</color><width>3.0</width></LineStyle>
<PolyStyle><color>ff00d7ff</color></PolyStyle>
<IconStyle><color>ff00d7ff</color><scale>0.55</scale>
<Icon><href>http://maps.google.com/mapfiles/kml/shapes/placemark_circle.png</href></Icon>
</IconStyle>
<LabelStyle><scale>0.65</scale></LabelStyle>
</Style><Placemark><name>ST10304VM0001 - Seg. 9</name><styleUrl>#s-VM-180</styleUrl><description><![CDATA[<table style="border-collapse:collapse;width:100%;font-family:'Helvetica Neue',Helvetica,Arial,sans-serif;font-size:11px;border:1px solid #e5e7eb;border-radius:8px;overflow:hidden;"><tr><th colspan="2" style="padding:5px 8px;background:#1f6feb;color:#fff;text-align:left;font-size:12px;font-weight:600;">ST10304VM0001 - Seg. 9</th></tr><tr><th style="padding:3px 5px;text-align:left;background:#f3f4f6;border-bottom:1px solid #d1d5db;width:30%;font-size:11px;font-weight:600;color:#1f2937;">Serviço</th><td style="padding:3px 5px;border-bottom:1px solid #e5e7eb;font-size:11px;color:#111827;">Varrição Mecanizada (VM)</td></tr><tr><th style="padding:3px 5px;text-align:left;background:#f3f4f6;border-bottom:1px solid #d1d5db;width:30%;font-size:11px;font-weight:600;color:#1f2937;">Setor</th><td style="padding:3px 5px;border-bottom:1px solid #e5e7eb;font-size:11px;color:#111827;">ST10304VM0001</td></tr><tr><th style="padding:3px 5px;text-align:left;background:#f3f4f6;border-bottom:1px solid #d1d5db;width:30%;font-size:11px;font-weight:600;color:#1f2937;">Tipo de Serviço</th><td style="padding:3px 5px;border-bottom:1px solid #e5e7eb;font-size:11px;color:#111827;">Varrição Mecanizada</td></tr><tr><th style="padding:3px 5px;text-align:left;background:#f3f4f6;border-bottom:1px solid #d1d5db;width:30%;font-size:11px;font-weight:600;color:#1f2937;">Nome</th><td style="padding:3px 5px;border-bottom:1px solid #e5e7eb;font-size:11px;color:#111827;">ST10304VM0001 - Seg. 9</td></tr><tr><th style="padding:3px 5px;text-align:left;background:#f3f4f6;border-bottom:1px solid #d1d5db;width:30%;font-size:11px;font-weight:600;color:#1f2937;">Logradouro</th><td style="padding:3px 5px;border-bottom:1px solid #e5e7eb;font-size:11px;color:#111827;">Av Dr Antonio Maria Laet</td></tr><tr><th style="padding:3px 5px;text-align:left;background:#f3f4f6;border-bottom:1px solid #d1d5db;width:30%;font-size:11px;font-weight:600;color:#1f2937;">Subprefeitura</th><td style="padding:3px 5px;border-bottom:1px solid #e5e7eb;font-size:11px;color:#111827;">Santana / Tucuruvi</td></tr><tr><th style="padding:3px 5px;text-align:left;background:#f3f4f6;border-bottom:1px solid #d1d5db;width:30%;font-size:11px;font-weight:600;color:#1f2937;">Turno</th><td style="padding:3px 5px;border-bottom:1px solid #e5e7eb;font-size:11px;color:#111827;">Diurno</td></tr><tr><th style="padding:3px 5px;text-align:left;background:#f3f4f6;border-bottom:1px solid #d1d5db;width:30%;font-size:11px;font-weight:600;color:#1f2937;">Frequência</th><td style="padding:3px 5px;border-bottom:1px solid #e5e7eb;font-size:11px;color:#111827;">Quarta e Sábado</td></tr><tr><th style="padding:3px 5px;text-align:left;background:#f3f4f6;border-bottom:1px solid #d1d5db;width:30%;font-size:11px;font-weight:600;color:#1f2937;">Cronograma</th><td style="padding:3px 5px;border-bottom:1px solid #e5e7eb;font-size:11px;color:#111827;">—</td></tr></table>]]></description><LineString><coordinates>-46.6045800,-23.4811000,0 -46.6040200,-23.4804500,0 -46.6037100,-23.4801400,0 -46.6018200,-23.4781100,0 -46.6015800,-23.4777900,0 -46.6013900,-23.4774300,0 -46.6010100,-23.4768000,0 -46.6005100,-23.4762600,0 -46.5999400,-23.4757700,0 -46.5998000,-23.4755800,0 -46.5997000,-23.4753900,0 -46.5994200,-23.4747000,0 -46.5982600,-23.4736900,0 -46.5982400,-23.4730600,0 -46.5979800,-23.4724300,0 -46.5976800,-23.4720000,0</coordinates></LineString></Placemark>
<Style id="s-VM-181">
<LineStyle><color>ff00d7ff</color><width>3.0</width></LineStyle>
<PolyStyle><color>ff00d7ff</color></PolyStyle>
<IconStyle><color>ff00d7ff</color><scale>0.55</scale>
<Icon><href>http://maps.google.com/mapfiles/kml/shapes/placemark_circle.png</href></Icon>
</IconStyle>
<LabelStyle><scale>0.65</scale></LabelStyle>
</Style><Placemark><name>ST10304VM0001 - Seg. 10</name><styleUrl>#s-VM-181</styleUrl><description><![CDATA[<table style="border-collapse:collapse;width:100%;font-family:'Helvetica Neue',Helvetica,Arial,sans-serif;font-size:11px;border:1px solid #e5e7eb;border-radius:8px;overflow:hidden;"><tr><th colspan="2" style="padding:5px 8px;background:#1f6feb;color:#fff;text-align:left;font-size:12px;font-weight:600;">ST10304VM0001 - Seg. 10</th></tr><tr><th style="padding:3px 5px;text-align:left;background:#f3f4f6;border-bottom:1px solid #d1d5db;width:30%;font-size:11px;font-weight:600;color:#1f2937;">Serviço</th><td style="padding:3px 5px;border-bottom:1px solid #e5e7eb;font-size:11px;color:#111827;">Varrição Mecanizada (VM)</td></tr><tr><th style="padding:3px 5px;text-align:left;background:#f3f4f6;border-bottom:1px solid #d1d5db;width:30%;font-size:11px;font-weight:600;color:#1f2937;">Setor</th><td style="padding:3px 5px;border-bottom:1px solid #e5e7eb;font-size:11px;color:#111827;">ST10304VM0001</td></tr><tr><th style="padding:3px 5px;text-align:left;background:#f3f4f6;border-bottom:1px solid #d1d5db;width:30%;font-size:11px;font-weight:600;color:#1f2937;">Tipo de Serviço</th><td style="padding:3px 5px;border-bottom:1px solid #e5e7eb;font-size:11px;color:#111827;">Varrição Mecanizada</td></tr><tr><th style="padding:3px 5px;text-align:left;background:#f3f4f6;border-bottom:1px solid #d1d5db;width:30%;font-size:11px;font-weight:600;color:#1f2937;">Nome</th><td style="padding:3px 5px;border-bottom:1px solid #e5e7eb;font-size:11px;color:#111827;">ST10304VM0001 - Seg. 10</td></tr><tr><th style="padding:3px 5px;text-align:left;background:#f3f4f6;border-bottom:1px solid #d1d5db;width:30%;font-size:11px;font-weight:600;color:#1f2937;">Logradouro</th><td style="padding:3px 5px;border-bottom:1px solid #e5e7eb;font-size:11px;color:#111827;">Av Gal Ataliba Leonel</td></tr><tr><th style="padding:3px 5px;text-align:left;background:#f3f4f6;border-bottom:1px solid #d1d5db;width:30%;font-size:11px;font-weight:600;color:#1f2937;">Subprefeitura</th><td style="padding:3px 5px;border-bottom:1px solid #e5e7eb;font-size:11px;color:#111827;">Santana / Tucuruvi</td></tr><tr><th style="padding:3px 5px;text-align:left;background:#f3f4f6;border-bottom:1px solid #d1d5db;width:30%;font-size:11px;font-weight:600;color:#1f2937;">Turno</th><td style="padding:3px 5px;border-bottom:1px solid #e5e7eb;font-size:11px;color:#111827;">Diurno</td></tr><tr><th style="padding:3px 5px;text-align:left;background:#f3f4f6;border-bottom:1px solid #d1d5db;width:30%;font-size:11px;font-weight:600;color:#1f2937;">Frequência</th><td style="padding:3px 5px;border-bottom:1px solid #e5e7eb;font-size:11px;color:#111827;">Quarta e Sábado</td></tr><tr><th style="padding:3px 5px;text-align:left;background:#f3f4f6;border-bottom:1px solid #d1d5db;width:30%;font-size:11px;font-weight:600;color:#1f2937;">Cronograma</th><td style="padding:3px 5px;border-bottom:1px solid #e5e7eb;font-size:11px;color:#111827;">—</td></tr></table>]]></description><LineString><coordinates>-46.6262200,-23.5082000,0 -46.6250300,-23.5074000,0 -46.6241500,-23.5069100,0 -46.6238300,-23.5067000,0 -46.6224100,-23.5057100,0 -46.6214700,-23.5050200,0 -46.6205200,-23.5038900,0 -46.6198900,-23.5032900,0 -46.6192000,-23.5027700,0 -46.6182900,-23.5027400,0 -46.6173800,-23.5025100,0 -46.6166500,-23.5022800,0 -46.6159700,-23.5019600,0 -46.6155700,-23.5016900,0 -46.6153600,-23.5014600,0</coordinates></LineString></Placemark>
<Style id="s-VM-182">
<LineStyle><color>ff00d7ff</color><width>3.0</width></LineStyle>
<PolyStyle><color>ff00d7ff</color></PolyStyle>
<IconStyle><color>ff00d7ff</color><scale>0.55</scale>
<Icon><href>http://maps.google.com/mapfiles/kml/shapes/placemark_circle.png</href></Icon>
</IconStyle>
<LabelStyle><scale>0.65</scale></LabelStyle>
</Style><Placemark><name>ST10304VM0001 - Seg. 11</name><styleUrl>#s-VM-182</styleUrl><description><![CDATA[<table style="border-collapse:collapse;width:100%;font-family:'Helvetica Neue',Helvetica,Arial,sans-serif;font-size:11px;border:1px solid #e5e7eb;border-radius:8px;overflow:hidden;"><tr><th colspan="2" style="padding:5px 8px;background:#1f6feb;color:#fff;text-align:left;font-size:12px;font-weight:600;">ST10304VM0001 - Seg. 11</th></tr><tr><th style="padding:3px 5px;text-align:left;background:#f3f4f6;border-bottom:1px solid #d1d5db;width:30%;font-size:11px;font-weight:600;color:#1f2937;">Serviço</th><td style="padding:3px 5px;border-bottom:1px solid #e5e7eb;font-size:11px;color:#111827;">Varrição Mecanizada (VM)</td></tr><tr><th style="padding:3px 5px;text-align:left;background:#f3f4f6;border-bottom:1px solid #d1d5db;width:30%;font-size:11px;font-weight:600;color:#1f2937;">Setor</th><td style="padding:3px 5px;border-bottom:1px solid #e5e7eb;font-size:11px;color:#111827;">ST10304VM0001</td></tr><tr><th style="padding:3px 5px;text-align:left;background:#f3f4f6;border-bottom:1px solid #d1d5db;width:30%;font-size:11px;font-weight:600;color:#1f2937;">Tipo de Serviço</th><td style="padding:3px 5px;border-bottom:1px solid #e5e7eb;font-size:11px;color:#111827;">Varrição Mecanizada</td></tr><tr><th style="padding:3px 5px;text-align:left;background:#f3f4f6;border-bottom:1px solid #d1d5db;width:30%;font-size:11px;font-weight:600;color:#1f2937;">Nome</th><td style="padding:3px 5px;border-bottom:1px solid #e5e7eb;font-size:11px;color:#111827;">ST10304VM0001 - Seg. 11</td></tr><tr><th style="padding:3px 5px;text-align:left;background:#f3f4f6;border-bottom:1px solid #d1d5db;width:30%;font-size:11px;font-weight:600;color:#1f2937;">Logradouro</th><td style="padding:3px 5px;border-bottom:1px solid #e5e7eb;font-size:11px;color:#111827;">Av Gal Ataliba Leonel</td></tr><tr><th style="padding:3px 5px;text-align:left;background:#f3f4f6;border-bottom:1px solid #d1d5db;width:30%;font-size:11px;font-weight:600;color:#1f2937;">Subprefeitura</th><td style="padding:3px 5px;border-bottom:1px solid #e5e7eb;font-size:11px;color:#111827;">Santana / Tucuruvi</td></tr><tr><th style="padding:3px 5px;text-align:left;background:#f3f4f6;border-bottom:1px solid #d1d5db;width:30%;font-size:11px;font-weight:600;color:#1f2937;">Turno</th><td style="padding:3px 5px;border-bottom:1px solid #e5e7eb;font-size:11px;color:#111827;">Diurno</td></tr><tr><th style="padding:3px 5px;text-align:left;background:#f3f4f6;border-bottom:1px solid #d1d5db;width:30%;font-size:11px;font-weight:600;color:#1f2937;">Frequência</th><td style="padding:3px 5px;border-bottom:1px solid #e5e7eb;font-size:11px;color:#111827;">Quarta e Sábado</td></tr><tr><th style="padding:3px 5px;text-align:left;background:#f3f4f6;border-bottom:1px solid #d1d5db;width:30%;font-size:11px;font-weight:600;color:#1f2937;">Cronograma</th><td style="padding:3px 5px;border-bottom:1px solid #e5e7eb;font-size:11px;color:#111827;">—</td></tr></table>]]></description><LineString><coordinates>-46.6262200,-23.5081200,0 -46.6249000,-23.5072400,0 -46.6230700,-23.5059700,0 -46.6217400,-23.5050200,0 -46.6216000,-23.5049000,0 -46.6207500,-23.5038500,0 -46.6196000,-23.5028100,0 -46.6190800,-23.5026000,0 -46.6185000,-23.5026100,0 -46.6169400,-23.5021900,0 -46.6161900,-23.5018700,0 -46.6155600,-23.5013600,0</coordinates></LineString></Placemark>
<Style id="s-VM-183">
<LineStyle><color>ff00d7ff</color><width>3.0</width></LineStyle>
<PolyStyle><color>ff00d7ff</color></PolyStyle>
<IconStyle><color>ff00d7ff</color><scale>0.55</scale>
<Icon><href>http://maps.google.com/mapfiles/kml/shapes/placemark_circle.png</href></Icon>
</IconStyle>
<LabelStyle><scale>0.65</scale></LabelStyle>
</Style><Placemark><name>ST10304VM0001 - Seg. 12</name><styleUrl>#s-VM-183</styleUrl><description><![CDATA[<table style="border-collapse:collapse;width:100%;font-family:'Helvetica Neue',Helvetica,Arial,sans-serif;font-size:11px;border:1px solid #e5e7eb;border-radius:8px;overflow:hidden;"><tr><th colspan="2" style="padding:5px 8px;background:#1f6feb;color:#fff;text-align:left;font-size:12px;font-weight:600;">ST10304VM0001 - Seg. 12</th></tr><tr><th style="padding:3px 5px;text-align:left;background:#f3f4f6;border-bottom:1px solid #d1d5db;width:30%;font-size:11px;font-weight:600;color:#1f2937;">Serviço</th><td style="padding:3px 5px;border-bottom:1px solid #e5e7eb;font-size:11px;color:#111827;">Varrição Mecanizada (VM)</td></tr><tr><th style="padding:3px 5px;text-align:left;background:#f3f4f6;border-bottom:1px solid #d1d5db;width:30%;font-size:11px;font-weight:600;color:#1f2937;">Setor</th><td style="padding:3px 5px;border-bottom:1px solid #e5e7eb;font-size:11px;color:#111827;">ST10304VM0001</td></tr><tr><th style="padding:3px 5px;text-align:left;background:#f3f4f6;border-bottom:1px solid #d1d5db;width:30%;font-size:11px;font-weight:600;color:#1f2937;">Tipo de Serviço</th><td style="padding:3px 5px;border-bottom:1px solid #e5e7eb;font-size:11px;color:#111827;">Varrição Mecanizada</td></tr><tr><th style="padding:3px 5px;text-align:left;background:#f3f4f6;border-bottom:1px solid #d1d5db;width:30%;font-size:11px;font-weight:600;color:#1f2937;">Nome</th><td style="padding:3px 5px;border-bottom:1px solid #e5e7eb;font-size:11px;color:#111827;">ST10304VM0001 - Seg. 12</td></tr><tr><th style="padding:3px 5px;text-align:left;background:#f3f4f6;border-bottom:1px solid #d1d5db;width:30%;font-size:11px;font-weight:600;color:#1f2937;">Logradouro</th><td style="padding:3px 5px;border-bottom:1px solid #e5e7eb;font-size:11px;color:#111827;">Av Gal Pedro Leon Schneider</td></tr><tr><th style="padding:3px 5px;text-align:left;background:#f3f4f6;border-bottom:1px solid #d1d5db;width:30%;font-size:11px;font-weight:600;color:#1f2937;">Subprefeitura</th><td style="padding:3px 5px;border-bottom:1px solid #e5e7eb;font-size:11px;color:#111827;">Santana / Tucuruvi</td></tr><tr><th style="padding:3px 5px;text-align:left;background:#f3f4f6;border-bottom:1px solid #d1d5db;width:30%;font-size:11px;font-weight:600;color:#1f2937;">Turno</th><td style="padding:3px 5px;border-bottom:1px solid #e5e7eb;font-size:11px;color:#111827;">Diurno</td></tr><tr><th style="padding:3px 5px;text-align:left;background:#f3f4f6;border-bottom:1px solid #d1d5db;width:30%;font-size:11px;font-weight:600;color:#1f2937;">Frequência</th><td style="padding:3px 5px;border-bottom:1px solid #e5e7eb;font-size:11px;color:#111827;">Quarta e Sábado</td></tr><tr><th style="padding:3px 5px;text-align:left;background:#f3f4f6;border-bottom:1px solid #d1d5db;width:30%;font-size:11px;font-weight:600;color:#1f2937;">Cronograma</th><td style="padding:3px 5px;border-bottom:1px solid #e5e7eb;font-size:11px;color:#111827;">—</td></tr></table>]]></description><LineString><coordinates>-46.6286100,-23.5096500,0 -46.6281500,-23.5094200,0 -46.6262200,-23.5081200,0 -46.6277700,-23.5092900,0 -46.6262200,-23.5082000,0 -46.6277700,-23.5092900,0 -46.6284100,-23.5097800,0 -46.6287300,-23.5104900,0</coordinates></LineString></Placemark>
<Style id="s-VM-184">
<LineStyle><color>ff00d7ff</color><width>3.0</width></LineStyle>
<PolyStyle><color>ff00d7ff</color></PolyStyle>
<IconStyle><color>ff00d7ff</color><scale>0.55</scale>
<Icon><href>http://maps.google.com/mapfiles/kml/shapes/placemark_circle.png</href></Icon>
</IconStyle>
<LabelStyle><scale>0.65</scale></LabelStyle>
</Style><Placemark><name>ST10304VM0001 - Seg. 13</name><styleUrl>#s-VM-184</styleUrl><description><![CDATA[<table style="border-collapse:collapse;width:100%;font-family:'Helvetica Neue',Helvetica,Arial,sans-serif;font-size:11px;border:1px solid #e5e7eb;border-radius:8px;overflow:hidden;"><tr><th colspan="2" style="padding:5px 8px;background:#1f6feb;color:#fff;text-align:left;font-size:12px;font-weight:600;">ST10304VM0001 - Seg. 13</th></tr><tr><th style="padding:3px 5px;text-align:left;background:#f3f4f6;border-bottom:1px solid #d1d5db;width:30%;font-size:11px;font-weight:600;color:#1f2937;">Serviço</th><td style="padding:3px 5px;border-bottom:1px solid #e5e7eb;font-size:11px;color:#111827;">Varrição Mecanizada (VM)</td></tr><tr><th style="padding:3px 5px;text-align:left;background:#f3f4f6;border-bottom:1px solid #d1d5db;width:30%;font-size:11px;font-weight:600;color:#1f2937;">Setor</th><td style="padding:3px 5px;border-bottom:1px solid #e5e7eb;font-size:11px;color:#111827;">ST10304VM0001</td></tr><tr><th style="padding:3px 5px;text-align:left;background:#f3f4f6;border-bottom:1px solid #d1d5db;width:30%;font-size:11px;font-weight:600;color:#1f2937;">Tipo de Serviço</th><td style="padding:3px 5px;border-bottom:1px solid #e5e7eb;font-size:11px;color:#111827;">Varrição Mecanizada</td></tr><tr><th style="padding:3px 5px;text-align:left;background:#f3f4f6;border-bottom:1px solid #d1d5db;width:30%;font-size:11px;font-weight:600;color:#1f2937;">Nome</th><td style="padding:3px 5px;border-bottom:1px solid #e5e7eb;font-size:11px;color:#111827;">ST10304VM0001 - Seg. 13</td></tr><tr><th style="padding:3px 5px;text-align:left;background:#f3f4f6;border-bottom:1px solid #d1d5db;width:30%;font-size:11px;font-weight:600;color:#1f2937;">Logradouro</th><td style="padding:3px 5px;border-bottom:1px solid #e5e7eb;font-size:11px;color:#111827;">Av Luiz Dumont Villares</td></tr><tr><th style="padding:3px 5px;text-align:left;background:#f3f4f6;border-bottom:1px solid #d1d5db;width:30%;font-size:11px;font-weight:600;color:#1f2937;">Subprefeitura</th><td style="padding:3px 5px;border-bottom:1px solid #e5e7eb;font-size:11px;color:#111827;">Santana / Tucuruvi</td></tr><tr><th style="padding:3px 5px;text-align:left;background:#f3f4f6;border-bottom:1px solid #d1d5db;width:30%;font-size:11px;font-weight:600;color:#1f2937;">Turno</th><td style="padding:3px 5px;border-bottom:1px solid #e5e7eb;font-size:11px;color:#111827;">Diurno</td></tr><tr><th style="padding:3px 5px;text-align:left;background:#f3f4f6;border-bottom:1px solid #d1d5db;width:30%;font-size:11px;font-weight:600;color:#1f2937;">Frequência</th><td style="padding:3px 5px;border-bottom:1px solid #e5e7eb;font-size:11px;color:#111827;">Quarta e Sábado</td></tr><tr><th style="padding:3px 5px;text-align:left;background:#f3f4f6;border-bottom:1px solid #d1d5db;width:30%;font-size:11px;font-weight:600;color:#1f2937;">Cronograma</th><td style="padding:3px 5px;border-bottom:1px solid #e5e7eb;font-size:11px;color:#111827;">—</td></tr></table>]]></description><LineString><coordinates>-46.6149900,-23.5007400,0 -46.6133000,-23.4984800,0 -46.6128300,-23.4978200,0 -46.6124100,-23.4971400,0 -46.6121600,-23.4965500,0 -46.6120500,-23.4961000,0 -46.6118100,-23.4941000,0 -46.6116800,-23.4934500,0 -46.6114500,-23.4926300,0 -46.6110800,-23.4916800,0 -46.6100100,-23.4893800,0 -46.6094200,-23.4879500,0 -46.6086500,-23.4863200,0 -46.6079500,-23.4849600,0 -46.6076000,-23.4843800,0 -46.6072300,-23.4838000,0 -46.6069600,-23.4834200,0 -46.6064900,-23.4826700,0 -46.6056100,-23.4815300,0</coordinates></LineString></Placemark>
<Style id="s-VM-185">
<LineStyle><color>ff00d7ff</color><width>3.0</width></LineStyle>
<PolyStyle><color>ff00d7ff</color></PolyStyle>
<IconStyle><color>ff00d7ff</color><scale>0.55</scale>
<Icon><href>http://maps.google.com/mapfiles/kml/shapes/placemark_circle.png</href></Icon>
</IconStyle>
<LabelStyle><scale>0.65</scale></LabelStyle>
</Style><Placemark><name>ST10304VM0001 - Seg. 14</name><styleUrl>#s-VM-185</styleUrl><description><![CDATA[<table style="border-collapse:collapse;width:100%;font-family:'Helvetica Neue',Helvetica,Arial,sans-serif;font-size:11px;border:1px solid #e5e7eb;border-radius:8px;overflow:hidden;"><tr><th colspan="2" style="padding:5px 8px;background:#1f6feb;color:#fff;text-align:left;font-size:12px;font-weight:600;">ST10304VM0001 - Seg. 14</th></tr><tr><th style="padding:3px 5px;text-align:left;background:#f3f4f6;border-bottom:1px solid #d1d5db;width:30%;font-size:11px;font-weight:600;color:#1f2937;">Serviço</th><td style="padding:3px 5px;border-bottom:1px solid #e5e7eb;font-size:11px;color:#111827;">Varrição Mecanizada (VM)</td></tr><tr><th style="padding:3px 5px;text-align:left;background:#f3f4f6;border-bottom:1px solid #d1d5db;width:30%;font-size:11px;font-weight:600;color:#1f2937;">Setor</th><td style="padding:3px 5px;border-bottom:1px solid #e5e7eb;font-size:11px;color:#111827;">ST10304VM0001</td></tr><tr><th style="padding:3px 5px;text-align:left;background:#f3f4f6;border-bottom:1px solid #d1d5db;width:30%;font-size:11px;font-weight:600;color:#1f2937;">Tipo de Serviço</th><td style="padding:3px 5px;border-bottom:1px solid #e5e7eb;font-size:11px;color:#111827;">Varrição Mecanizada</td></tr><tr><th style="padding:3px 5px;text-align:left;background:#f3f4f6;border-bottom:1px solid #d1d5db;width:30%;font-size:11px;font-weight:600;color:#1f2937;">Nome</th><td style="padding:3px 5px;border-bottom:1px solid #e5e7eb;font-size:11px;color:#111827;">ST10304VM0001 - Seg. 14</td></tr><tr><th style="padding:3px 5px;text-align:left;background:#f3f4f6;border-bottom:1px solid #d1d5db;width:30%;font-size:11px;font-weight:600;color:#1f2937;">Logradouro</th><td style="padding:3px 5px;border-bottom:1px solid #e5e7eb;font-size:11px;color:#111827;">Av Luiz Dumont Villares</td></tr><tr><th style="padding:3px 5px;text-align:left;background:#f3f4f6;border-bottom:1px solid #d1d5db;width:30%;font-size:11px;font-weight:600;color:#1f2937;">Subprefeitura</th><td style="padding:3px 5px;border-bottom:1px solid #e5e7eb;font-size:11px;color:#111827;">Santana / Tucuruvi</td></tr><tr><th style="padding:3px 5px;text-align:left;background:#f3f4f6;border-bottom:1px solid #d1d5db;width:30%;font-size:11px;font-weight:600;color:#1f2937;">Turno</th><td style="padding:3px 5px;border-bottom:1px solid #e5e7eb;font-size:11px;color:#111827;">Diurno</td></tr><tr><th style="padding:3px 5px;text-align:left;background:#f3f4f6;border-bottom:1px solid #d1d5db;width:30%;font-size:11px;font-weight:600;color:#1f2937;">Frequência</th><td style="padding:3px 5px;border-bottom:1px solid #e5e7eb;font-size:11px;color:#111827;">Quarta e Sábado</td></tr><tr><th style="padding:3px 5px;text-align:left;background:#f3f4f6;border-bottom:1px solid #d1d5db;width:30%;font-size:11px;font-weight:600;color:#1f2937;">Cronograma</th><td style="padding:3px 5px;border-bottom:1px solid #e5e7eb;font-size:11px;color:#111827;">—</td></tr></table>]]></description><LineString><coordinates>-46.6147900,-23.5008100,0 -46.6126000,-23.4978400,0 -46.6124100,-23.4975500,0 -46.6122400,-23.4972400,0 -46.6119800,-23.4965800,0 -46.6118300,-23.4958800,0 -46.6116200,-23.4940900,0 -46.6113900,-23.4930700,0 -46.6112400,-23.4926000,0 -46.6108500,-23.4916300,0 -46.6103000,-23.4904200,0 -46.6086200,-23.4868400,0 -46.6081900,-23.4859800,0 -46.6074800,-23.4847200,0 -46.6070800,-23.4841200,0 -46.6060300,-23.4828100,0 -46.6053200,-23.4823100,0 -46.6050400,-23.4822300,0 -46.6047600,-23.4821900,0</coordinates></LineString></Placemark>
<Style id="s-VM-186">
<LineStyle><color>ff00d7ff</color><width>3.0</width></LineStyle>
<PolyStyle><color>ff00d7ff</color></PolyStyle>
<IconStyle><color>ff00d7ff</color><scale>0.55</scale>
<Icon><href>http://maps.google.com/mapfiles/kml/shapes/placemark_circle.png</href></Icon>
</IconStyle>
<LabelStyle><scale>0.65</scale></LabelStyle>
</Style><Placemark><name>ST10304VM0001 - Seg. 15</name><styleUrl>#s-VM-186</styleUrl><description><![CDATA[<table style="border-collapse:collapse;width:100%;font-family:'Helvetica Neue',Helvetica,Arial,sans-serif;font-size:11px;border:1px solid #e5e7eb;border-radius:8px;overflow:hidden;"><tr><th colspan="2" style="padding:5px 8px;background:#1f6feb;color:#fff;text-align:left;font-size:12px;font-weight:600;">ST10304VM0001 - Seg. 15</th></tr><tr><th style="padding:3px 5px;text-align:left;background:#f3f4f6;border-bottom:1px solid #d1d5db;width:30%;font-size:11px;font-weight:600;color:#1f2937;">Serviço</th><td style="padding:3px 5px;border-bottom:1px solid #e5e7eb;font-size:11px;color:#111827;">Varrição Mecanizada (VM)</td></tr><tr><th style="padding:3px 5px;text-align:left;background:#f3f4f6;border-bottom:1px solid #d1d5db;width:30%;font-size:11px;font-weight:600;color:#1f2937;">Setor</th><td style="padding:3px 5px;border-bottom:1px solid #e5e7eb;font-size:11px;color:#111827;">ST10304VM0001</td></tr><tr><th style="padding:3px 5px;text-align:left;background:#f3f4f6;border-bottom:1px solid #d1d5db;width:30%;font-size:11px;font-weight:600;color:#1f2937;">Tipo de Serviço</th><td style="padding:3px 5px;border-bottom:1px solid #e5e7eb;font-size:11px;color:#111827;">Varrição Mecanizada</td></tr><tr><th style="padding:3px 5px;text-align:left;background:#f3f4f6;border-bottom:1px solid #d1d5db;width:30%;font-size:11px;font-weight:600;color:#1f2937;">Nome</th><td style="padding:3px 5px;border-bottom:1px solid #e5e7eb;font-size:11px;color:#111827;">ST10304VM0001 - Seg. 15</td></tr><tr><th style="padding:3px 5px;text-align:left;background:#f3f4f6;border-bottom:1px solid #d1d5db;width:30%;font-size:11px;font-weight:600;color:#1f2937;">Logradouro</th><td style="padding:3px 5px;border-bottom:1px solid #e5e7eb;font-size:11px;color:#111827;">Av Olavo Fontoura</td></tr><tr><th style="padding:3px 5px;text-align:left;background:#f3f4f6;border-bottom:1px solid #d1d5db;width:30%;font-size:11px;font-weight:600;color:#1f2937;">Subprefeitura</th><td style="padding:3px 5px;border-bottom:1px solid #e5e7eb;font-size:11px;color:#111827;">Santana / Tucuruvi</td></tr><tr><th style="padding:3px 5px;text-align:left;background:#f3f4f6;border-bottom:1px solid #d1d5db;width:30%;font-size:11px;font-weight:600;color:#1f2937;">Turno</th><td style="padding:3px 5px;border-bottom:1px solid #e5e7eb;font-size:11px;color:#111827;">Diurno</td></tr><tr><th style="padding:3px 5px;text-align:left;background:#f3f4f6;border-bottom:1px solid #d1d5db;width:30%;font-size:11px;font-weight:600;color:#1f2937;">Frequência</th><td style="padding:3px 5px;border-bottom:1px solid #e5e7eb;font-size:11px;color:#111827;">Quarta e Sábado</td></tr><tr><th style="padding:3px 5px;text-align:left;background:#f3f4f6;border-bottom:1px solid #d1d5db;width:30%;font-size:11px;font-weight:600;color:#1f2937;">Cronograma</th><td style="padding:3px 5px;border-bottom:1px solid #e5e7eb;font-size:11px;color:#111827;">—</td></tr></table>]]></description><LineString><coordinates>-46.6303400,-23.5139700,0 -46.6308700,-23.5141900,0 -46.6339300,-23.5139900,0 -46.6347600,-23.5140100,0 -46.6356000,-23.5140600,0 -46.6368200,-23.5142400,0 -46.6434200,-23.5153700,0 -46.6442200,-23.5154800,0 -46.6482500,-23.5155900,0 -46.6510700,-23.5156300,0 -46.6519000,-23.5157800,0 -46.6523500,-23.5159500,0 -46.6530300,-23.5160100,0 -46.6537100,-23.5159400,0</coordinates></LineString></Placemark>
<Style id="s-VM-187">
<LineStyle><color>ff00d7ff</color><width>3.0</width></LineStyle>
<PolyStyle><color>ff00d7ff</color></PolyStyle>
<IconStyle><color>ff00d7ff</color><scale>0.55</scale>
<Icon><href>http://maps.google.com/mapfiles/kml/shapes/placemark_circle.png</href></Icon>
</IconStyle>
<LabelStyle><scale>0.65</scale></LabelStyle>
</Style><Placemark><name>ST10304VM0001 - Seg. 16</name><styleUrl>#s-VM-187</styleUrl><description><![CDATA[<table style="border-collapse:collapse;width:100%;font-family:'Helvetica Neue',Helvetica,Arial,sans-serif;font-size:11px;border:1px solid #e5e7eb;border-radius:8px;overflow:hidden;"><tr><th colspan="2" style="padding:5px 8px;background:#1f6feb;color:#fff;text-align:left;font-size:12px;font-weight:600;">ST10304VM0001 - Seg. 16</th></tr><tr><th style="padding:3px 5px;text-align:left;background:#f3f4f6;border-bottom:1px solid #d1d5db;width:30%;font-size:11px;font-weight:600;color:#1f2937;">Serviço</th><td style="padding:3px 5px;border-bottom:1px solid #e5e7eb;font-size:11px;color:#111827;">Varrição Mecanizada (VM)</td></tr><tr><th style="padding:3px 5px;text-align:left;background:#f3f4f6;border-bottom:1px solid #d1d5db;width:30%;font-size:11px;font-weight:600;color:#1f2937;">Setor</th><td style="padding:3px 5px;border-bottom:1px solid #e5e7eb;font-size:11px;color:#111827;">ST10304VM0001</td></tr><tr><th style="padding:3px 5px;text-align:left;background:#f3f4f6;border-bottom:1px solid #d1d5db;width:30%;font-size:11px;font-weight:600;color:#1f2937;">Tipo de Serviço</th><td style="padding:3px 5px;border-bottom:1px solid #e5e7eb;font-size:11px;color:#111827;">Varrição Mecanizada</td></tr><tr><th style="padding:3px 5px;text-align:left;background:#f3f4f6;border-bottom:1px solid #d1d5db;width:30%;font-size:11px;font-weight:600;color:#1f2937;">Nome</th><td style="padding:3px 5px;border-bottom:1px solid #e5e7eb;font-size:11px;color:#111827;">ST10304VM0001 - Seg. 16</td></tr><tr><th style="padding:3px 5px;text-align:left;background:#f3f4f6;border-bottom:1px solid #d1d5db;width:30%;font-size:11px;font-weight:600;color:#1f2937;">Logradouro</th><td style="padding:3px 5px;border-bottom:1px solid #e5e7eb;font-size:11px;color:#111827;">Av Olavo Fontoura</td></tr><tr><th style="padding:3px 5px;text-align:left;background:#f3f4f6;border-bottom:1px solid #d1d5db;width:30%;font-size:11px;font-weight:600;color:#1f2937;">Subprefeitura</th><td style="padding:3px 5px;border-bottom:1px solid #e5e7eb;font-size:11px;color:#111827;">Santana / Tucuruvi</td></tr><tr><th style="padding:3px 5px;text-align:left;background:#f3f4f6;border-bottom:1px solid #d1d5db;width:30%;font-size:11px;font-weight:600;color:#1f2937;">Turno</th><td style="padding:3px 5px;border-bottom:1px solid #e5e7eb;font-size:11px;color:#111827;">Diurno</td></tr><tr><th style="padding:3px 5px;text-align:left;background:#f3f4f6;border-bottom:1px solid #d1d5db;width:30%;font-size:11px;font-weight:600;color:#1f2937;">Frequência</th><td style="padding:3px 5px;border-bottom:1px solid #e5e7eb;font-size:11px;color:#111827;">Quarta e Sábado</td></tr><tr><th style="padding:3px 5px;text-align:left;background:#f3f4f6;border-bottom:1px solid #d1d5db;width:30%;font-size:11px;font-weight:600;color:#1f2937;">Cronograma</th><td style="padding:3px 5px;border-bottom:1px solid #e5e7eb;font-size:11px;color:#111827;">—</td></tr></table>]]></description><LineString><coordinates>-46.6304800,-23.5146200,0 -46.6309300,-23.5143300,0 -46.6340100,-23.5141400,0 -46.6348000,-23.5141500,0 -46.6355900,-23.5142100,0 -46.6367900,-23.5143800,0 -46.6434900,-23.5155200,0 -46.6443400,-23.5156400,0 -46.6491600,-23.5157400,0 -46.6500900,-23.5157800,0</coordinates></LineString></Placemark>
<Style id="s-VM-188">
<LineStyle><color>ff00d7ff</color><width>3.0</width></LineStyle>
<PolyStyle><color>ff00d7ff</color></PolyStyle>
<IconStyle><color>ff00d7ff</color><scale>0.55</scale>
<Icon><href>http://maps.google.com/mapfiles/kml/shapes/placemark_circle.png</href></Icon>
</IconStyle>
<LabelStyle><scale>0.65</scale></LabelStyle>
</Style><Placemark><name>ST10304VM0001 - Seg. 17</name><styleUrl>#s-VM-188</styleUrl><description><![CDATA[<table style="border-collapse:collapse;width:100%;font-family:'Helvetica Neue',Helvetica,Arial,sans-serif;font-size:11px;border:1px solid #e5e7eb;border-radius:8px;overflow:hidden;"><tr><th colspan="2" style="padding:5px 8px;background:#1f6feb;color:#fff;text-align:left;font-size:12px;font-weight:600;">ST10304VM0001 - Seg. 17</th></tr><tr><th style="padding:3px 5px;text-align:left;background:#f3f4f6;border-bottom:1px solid #d1d5db;width:30%;font-size:11px;font-weight:600;color:#1f2937;">Serviço</th><td style="padding:3px 5px;border-bottom:1px solid #e5e7eb;font-size:11px;color:#111827;">Varrição Mecanizada (VM)</td></tr><tr><th style="padding:3px 5px;text-align:left;background:#f3f4f6;border-bottom:1px solid #d1d5db;width:30%;font-size:11px;font-weight:600;color:#1f2937;">Setor</th><td style="padding:3px 5px;border-bottom:1px solid #e5e7eb;font-size:11px;color:#111827;">ST10304VM0001</td></tr><tr><th style="padding:3px 5px;text-align:left;background:#f3f4f6;border-bottom:1px solid #d1d5db;width:30%;font-size:11px;font-weight:600;color:#1f2937;">Tipo de Serviço</th><td style="padding:3px 5px;border-bottom:1px solid #e5e7eb;font-size:11px;color:#111827;">Varrição Mecanizada</td></tr><tr><th style="padding:3px 5px;text-align:left;background:#f3f4f6;border-bottom:1px solid #d1d5db;width:30%;font-size:11px;font-weight:600;color:#1f2937;">Nome</th><td style="padding:3px 5px;border-bottom:1px solid #e5e7eb;font-size:11px;color:#111827;">ST10304VM0001 - Seg. 17</td></tr><tr><th style="padding:3px 5px;text-align:left;background:#f3f4f6;border-bottom:1px solid #d1d5db;width:30%;font-size:11px;font-weight:600;color:#1f2937;">Logradouro</th><td style="padding:3px 5px;border-bottom:1px solid #e5e7eb;font-size:11px;color:#111827;">Av Sto Dumont</td></tr><tr><th style="padding:3px 5px;text-align:left;background:#f3f4f6;border-bottom:1px solid #d1d5db;width:30%;font-size:11px;font-weight:600;color:#1f2937;">Subprefeitura</th><td style="padding:3px 5px;border-bottom:1px solid #e5e7eb;font-size:11px;color:#111827;">Santana / Tucuruvi</td></tr><tr><th style="padding:3px 5px;text-align:left;background:#f3f4f6;border-bottom:1px solid #d1d5db;width:30%;font-size:11px;font-weight:600;color:#1f2937;">Turno</th><td style="padding:3px 5px;border-bottom:1px solid #e5e7eb;font-size:11px;color:#111827;">Diurno</td></tr><tr><th style="padding:3px 5px;text-align:left;background:#f3f4f6;border-bottom:1px solid #d1d5db;width:30%;font-size:11px;font-weight:600;color:#1f2937;">Frequência</th><td style="padding:3px 5px;border-bottom:1px solid #e5e7eb;font-size:11px;color:#111827;">Quarta e Sábado</td></tr><tr><th style="padding:3px 5px;text-align:left;background:#f3f4f6;border-bottom:1px solid #d1d5db;width:30%;font-size:11px;font-weight:600;color:#1f2937;">Cronograma</th><td style="padding:3px 5px;border-bottom:1px solid #e5e7eb;font-size:11px;color:#111827;">—</td></tr></table>]]></description><LineString><coordinates>-46.6300600,-23.5180800,0 -46.6298300,-23.5162200,0 -46.6297600,-23.5157800,0 -46.6298500,-23.5153500,0 -46.6298900,-23.5179800,0 -46.6297600,-23.5173100,0 -46.6295600,-23.5159700,0 -46.6292200,-23.5154100,0 -46.6296800,-23.5135100,0 -46.6293500,-23.5129700,0 -46.6289600,-23.5104100,0 -46.6288800,-23.5097700,0 -46.6288400,-23.5086700,0 -46.6287800,-23.5079400,0 -46.6285700,-23.5064900,0 -46.6284900,-23.5051900,0 -46.6283200,-23.5041700,0</coordinates></LineString></Placemark>
<Style id="s-VM-189">
<LineStyle><color>ff00d7ff</color><width>3.0</width></LineStyle>
<PolyStyle><color>ff00d7ff</color></PolyStyle>
<IconStyle><color>ff00d7ff</color><scale>0.55</scale>
<Icon><href>http://maps.google.com/mapfiles/kml/shapes/placemark_circle.png</href></Icon>
</IconStyle>
<LabelStyle><scale>0.65</scale></LabelStyle>
</Style><Placemark><name>ST10304VM0001 - Seg. 18</name><styleUrl>#s-VM-189</styleUrl><description><![CDATA[<table style="border-collapse:collapse;width:100%;font-family:'Helvetica Neue',Helvetica,Arial,sans-serif;font-size:11px;border:1px solid #e5e7eb;border-radius:8px;overflow:hidden;"><tr><th colspan="2" style="padding:5px 8px;background:#1f6feb;color:#fff;text-align:left;font-size:12px;font-weight:600;">ST10304VM0001 - Seg. 18</th></tr><tr><th style="padding:3px 5px;text-align:left;background:#f3f4f6;border-bottom:1px solid #d1d5db;width:30%;font-size:11px;font-weight:600;color:#1f2937;">Serviço</th><td style="padding:3px 5px;border-bottom:1px solid #e5e7eb;font-size:11px;color:#111827;">Varrição Mecanizada (VM)</td></tr><tr><th style="padding:3px 5px;text-align:left;background:#f3f4f6;border-bottom:1px solid #d1d5db;width:30%;font-size:11px;font-weight:600;color:#1f2937;">Setor</th><td style="padding:3px 5px;border-bottom:1px solid #e5e7eb;font-size:11px;color:#111827;">ST10304VM0001</td></tr><tr><th style="padding:3px 5px;text-align:left;background:#f3f4f6;border-bottom:1px solid #d1d5db;width:30%;font-size:11px;font-weight:600;color:#1f2937;">Tipo de Serviço</th><td style="padding:3px 5px;border-bottom:1px solid #e5e7eb;font-size:11px;color:#111827;">Varrição Mecanizada</td></tr><tr><th style="padding:3px 5px;text-align:left;background:#f3f4f6;border-bottom:1px solid #d1d5db;width:30%;font-size:11px;font-weight:600;color:#1f2937;">Nome</th><td style="padding:3px 5px;border-bottom:1px solid #e5e7eb;font-size:11px;color:#111827;">ST10304VM0001 - Seg. 18</td></tr><tr><th style="padding:3px 5px;text-align:left;background:#f3f4f6;border-bottom:1px solid #d1d5db;width:30%;font-size:11px;font-weight:600;color:#1f2937;">Logradouro</th><td style="padding:3px 5px;border-bottom:1px solid #e5e7eb;font-size:11px;color:#111827;">Av Sto Dumont</td></tr><tr><th style="padding:3px 5px;text-align:left;background:#f3f4f6;border-bottom:1px solid #d1d5db;width:30%;font-size:11px;font-weight:600;color:#1f2937;">Subprefeitura</th><td style="padding:3px 5px;border-bottom:1px solid #e5e7eb;font-size:11px;color:#111827;">Santana / Tucuruvi</td></tr><tr><th style="padding:3px 5px;text-align:left;background:#f3f4f6;border-bottom:1px solid #d1d5db;width:30%;font-size:11px;font-weight:600;color:#1f2937;">Turno</th><td style="padding:3px 5px;border-bottom:1px solid #e5e7eb;font-size:11px;color:#111827;">Diurno</td></tr><tr><th style="padding:3px 5px;text-align:left;background:#f3f4f6;border-bottom:1px solid #d1d5db;width:30%;font-size:11px;font-weight:600;color:#1f2937;">Frequência</th><td style="padding:3px 5px;border-bottom:1px solid #e5e7eb;font-size:11px;color:#111827;">Quarta e Sábado</td></tr><tr><th style="padding:3px 5px;text-align:left;background:#f3f4f6;border-bottom:1px solid #d1d5db;width:30%;font-size:11px;font-weight:600;color:#1f2937;">Cronograma</th><td style="padding:3px 5px;border-bottom:1px solid #e5e7eb;font-size:11px;color:#111827;">—</td></tr></table>]]></description><LineString><coordinates>-46.6288900,-23.5136300,0 -46.6291000,-23.5128500,0 -46.6286100,-23.5096500,0 -46.6282600,-23.5083600,0 -46.6280000,-23.5066500,0 -46.6279200,-23.5062000,0 -46.6277400,-23.5055900,0 -46.6275400,-23.5042300,0</coordinates></LineString></Placemark>
<Style id="s-VM-190">
<LineStyle><color>ff00d7ff</color><width>3.0</width></LineStyle>
<PolyStyle><color>ff00d7ff</color></PolyStyle>
<IconStyle><color>ff00d7ff</color><scale>0.55</scale>
<Icon><href>http://maps.google.com/mapfiles/kml/shapes/placemark_circle.png</href></Icon>
</IconStyle>
<LabelStyle><scale>0.65</scale></LabelStyle>
</Style><Placemark><name>ST10304VM0001 - Seg. 19</name><styleUrl>#s-VM-190</styleUrl><description><![CDATA[<table style="border-collapse:collapse;width:100%;font-family:'Helvetica Neue',Helvetica,Arial,sans-serif;font-size:11px;border:1px solid #e5e7eb;border-radius:8px;overflow:hidden;"><tr><th colspan="2" style="padding:5px 8px;background:#1f6feb;color:#fff;text-align:left;font-size:12px;font-weight:600;">ST10304VM0001 - Seg. 19</th></tr><tr><th style="padding:3px 5px;text-align:left;background:#f3f4f6;border-bottom:1px solid #d1d5db;width:30%;font-size:11px;font-weight:600;color:#1f2937;">Serviço</th><td style="padding:3px 5px;border-bottom:1px solid #e5e7eb;font-size:11px;color:#111827;">Varrição Mecanizada (VM)</td></tr><tr><th style="padding:3px 5px;text-align:left;background:#f3f4f6;border-bottom:1px solid #d1d5db;width:30%;font-size:11px;font-weight:600;color:#1f2937;">Setor</th><td style="padding:3px 5px;border-bottom:1px solid #e5e7eb;font-size:11px;color:#111827;">ST10304VM0001</td></tr><tr><th style="padding:3px 5px;text-align:left;background:#f3f4f6;border-bottom:1px solid #d1d5db;width:30%;font-size:11px;font-weight:600;color:#1f2937;">Tipo de Serviço</th><td style="padding:3px 5px;border-bottom:1px solid #e5e7eb;font-size:11px;color:#111827;">Varrição Mecanizada</td></tr><tr><th style="padding:3px 5px;text-align:left;background:#f3f4f6;border-bottom:1px solid #d1d5db;width:30%;font-size:11px;font-weight:600;color:#1f2937;">Nome</th><td style="padding:3px 5px;border-bottom:1px solid #e5e7eb;font-size:11px;color:#111827;">ST10304VM0001 - Seg. 19</td></tr><tr><th style="padding:3px 5px;text-align:left;background:#f3f4f6;border-bottom:1px solid #d1d5db;width:30%;font-size:11px;font-weight:600;color:#1f2937;">Logradouro</th><td style="padding:3px 5px;border-bottom:1px solid #e5e7eb;font-size:11px;color:#111827;">Av Tucuruvi</td></tr><tr><th style="padding:3px 5px;text-align:left;background:#f3f4f6;border-bottom:1px solid #d1d5db;width:30%;font-size:11px;font-weight:600;color:#1f2937;">Subprefeitura</th><td style="padding:3px 5px;border-bottom:1px solid #e5e7eb;font-size:11px;color:#111827;">Santana / Tucuruvi</td></tr><tr><th style="padding:3px 5px;text-align:left;background:#f3f4f6;border-bottom:1px solid #d1d5db;width:30%;font-size:11px;font-weight:600;color:#1f2937;">Turno</th><td style="padding:3px 5px;border-bottom:1px solid #e5e7eb;font-size:11px;color:#111827;">Diurno</td></tr><tr><th style="padding:3px 5px;text-align:left;background:#f3f4f6;border-bottom:1px solid #d1d5db;width:30%;font-size:11px;font-weight:600;color:#1f2937;">Frequência</th><td style="padding:3px 5px;border-bottom:1px solid #e5e7eb;font-size:11px;color:#111827;">Quarta e Sábado</td></tr><tr><th style="padding:3px 5px;text-align:left;background:#f3f4f6;border-bottom:1px solid #d1d5db;width:30%;font-size:11px;font-weight:600;color:#1f2937;">Cronograma</th><td style="padding:3px 5px;border-bottom:1px solid #e5e7eb;font-size:11px;color:#111827;">—</td></tr></table>]]></description><LineString><coordinates>-46.6049400,-23.4809800,0 -46.6045800,-23.4811000,0</coordinates></LineString></Placemark>
<Style id="s-VM-191">
<LineStyle><color>ff00d7ff</color><width>3.0</width></LineStyle>
<PolyStyle><color>ff00d7ff</color></PolyStyle>
<IconStyle><color>ff00d7ff</color><scale>0.55</scale>
<Icon><href>http://maps.google.com/mapfiles/kml/shapes/placemark_circle.png</href></Icon>
</IconStyle>
<LabelStyle><scale>0.65</scale></LabelStyle>
</Style><Placemark><name>ST10304VM0001 - Seg. 20</name><styleUrl>#s-VM-191</styleUrl><description><![CDATA[<table style="border-collapse:collapse;width:100%;font-family:'Helvetica Neue',Helvetica,Arial,sans-serif;font-size:11px;border:1px solid #e5e7eb;border-radius:8px;overflow:hidden;"><tr><th colspan="2" style="padding:5px 8px;background:#1f6feb;color:#fff;text-align:left;font-size:12px;font-weight:600;">ST10304VM0001 - Seg. 20</th></tr><tr><th style="padding:3px 5px;text-align:left;background:#f3f4f6;border-bottom:1px solid #d1d5db;width:30%;font-size:11px;font-weight:600;color:#1f2937;">Serviço</th><td style="padding:3px 5px;border-bottom:1px solid #e5e7eb;font-size:11px;color:#111827;">Varrição Mecanizada (VM)</td></tr><tr><th style="padding:3px 5px;text-align:left;background:#f3f4f6;border-bottom:1px solid #d1d5db;width:30%;font-size:11px;font-weight:600;color:#1f2937;">Setor</th><td style="padding:3px 5px;border-bottom:1px solid #e5e7eb;font-size:11px;color:#111827;">ST10304VM0001</td></tr><tr><th style="padding:3px 5px;text-align:left;background:#f3f4f6;border-bottom:1px solid #d1d5db;width:30%;font-size:11px;font-weight:600;color:#1f2937;">Tipo de Serviço</th><td style="padding:3px 5px;border-bottom:1px solid #e5e7eb;font-size:11px;color:#111827;">Varrição Mecanizada</td></tr><tr><th style="padding:3px 5px;text-align:left;background:#f3f4f6;border-bottom:1px solid #d1d5db;width:30%;font-size:11px;font-weight:600;color:#1f2937;">Nome</th><td style="padding:3px 5px;border-bottom:1px solid #e5e7eb;font-size:11px;color:#111827;">ST10304VM0001 - Seg. 20</td></tr><tr><th style="padding:3px 5px;text-align:left;background:#f3f4f6;border-bottom:1px solid #d1d5db;width:30%;font-size:11px;font-weight:600;color:#1f2937;">Logradouro</th><td style="padding:3px 5px;border-bottom:1px solid #e5e7eb;font-size:11px;color:#111827;">Av Zaki Narchi</td></tr><tr><th style="padding:3px 5px;text-align:left;background:#f3f4f6;border-bottom:1px solid #d1d5db;width:30%;font-size:11px;font-weight:600;color:#1f2937;">Subprefeitura</th><td style="padding:3px 5px;border-bottom:1px solid #e5e7eb;font-size:11px;color:#111827;">Santana / Tucuruvi</td></tr><tr><th style="padding:3px 5px;text-align:left;background:#f3f4f6;border-bottom:1px solid #d1d5db;width:30%;font-size:11px;font-weight:600;color:#1f2937;">Turno</th><td style="padding:3px 5px;border-bottom:1px solid #e5e7eb;font-size:11px;color:#111827;">Diurno</td></tr><tr><th style="padding:3px 5px;text-align:left;background:#f3f4f6;border-bottom:1px solid #d1d5db;width:30%;font-size:11px;font-weight:600;color:#1f2937;">Frequência</th><td style="padding:3px 5px;border-bottom:1px solid #e5e7eb;font-size:11px;color:#111827;">Quarta e Sábado</td></tr><tr><th style="padding:3px 5px;text-align:left;background:#f3f4f6;border-bottom:1px solid #d1d5db;width:30%;font-size:11px;font-weight:600;color:#1f2937;">Cronograma</th><td style="padding:3px 5px;border-bottom:1px solid #e5e7eb;font-size:11px;color:#111827;">—</td></tr></table>]]></description><LineString><coordinates>-46.6251500,-23.5115900,0 -46.6246900,-23.5115800,0 -46.6232900,-23.5116500,0 -46.6226000,-23.5116600,0 -46.6219200,-23.5115700,0 -46.6215600,-23.5114900,0 -46.6210500,-23.5113100,0 -46.6181400,-23.5099600,0 -46.6163600,-23.5091000,0 -46.6159600,-23.5088700,0 -46.6156700,-23.5085400,0 -46.6154600,-23.5081500,0 -46.6153700,-23.5075100,0 -46.6150600,-23.5046000,0 -46.6151300,-23.5037400,0 -46.6153700,-23.5021500,0 -46.6154800,-23.5015800,0</coordinates></LineString></Placemark>
<Style id="s-VM-192">
<LineStyle><color>ff00d7ff</color><width>3.0</width></LineStyle>
<PolyStyle><color>ff00d7ff</color></PolyStyle>
<IconStyle><color>ff00d7ff</color><scale>0.55</scale>
<Icon><href>http://maps.google.com/mapfiles/kml/shapes/placemark_circle.png</href></Icon>
</IconStyle>
<LabelStyle><scale>0.65</scale></LabelStyle>
</Style><Placemark><name>ST10304VM0001 - Seg. 21</name><styleUrl>#s-VM-192</styleUrl><description><![CDATA[<table style="border-collapse:collapse;width:100%;font-family:'Helvetica Neue',Helvetica,Arial,sans-serif;font-size:11px;border:1px solid #e5e7eb;border-radius:8px;overflow:hidden;"><tr><th colspan="2" style="padding:5px 8px;background:#1f6feb;color:#fff;text-align:left;font-size:12px;font-weight:600;">ST10304VM0001 - Seg. 21</th></tr><tr><th style="padding:3px 5px;text-align:left;background:#f3f4f6;border-bottom:1px solid #d1d5db;width:30%;font-size:11px;font-weight:600;color:#1f2937;">Serviço</th><td style="padding:3px 5px;border-bottom:1px solid #e5e7eb;font-size:11px;color:#111827;">Varrição Mecanizada (VM)</td></tr><tr><th style="padding:3px 5px;text-align:left;background:#f3f4f6;border-bottom:1px solid #d1d5db;width:30%;font-size:11px;font-weight:600;color:#1f2937;">Setor</th><td style="padding:3px 5px;border-bottom:1px solid #e5e7eb;font-size:11px;color:#111827;">ST10304VM0001</td></tr><tr><th style="padding:3px 5px;text-align:left;background:#f3f4f6;border-bottom:1px solid #d1d5db;width:30%;font-size:11px;font-weight:600;color:#1f2937;">Tipo de Serviço</th><td style="padding:3px 5px;border-bottom:1px solid #e5e7eb;font-size:11px;color:#111827;">Varrição Mecanizada</td></tr><tr><th style="padding:3px 5px;text-align:left;background:#f3f4f6;border-bottom:1px solid #d1d5db;width:30%;font-size:11px;font-weight:600;color:#1f2937;">Nome</th><td style="padding:3px 5px;border-bottom:1px solid #e5e7eb;font-size:11px;color:#111827;">ST10304VM0001 - Seg. 21</td></tr><tr><th style="padding:3px 5px;text-align:left;background:#f3f4f6;border-bottom:1px solid #d1d5db;width:30%;font-size:11px;font-weight:600;color:#1f2937;">Logradouro</th><td style="padding:3px 5px;border-bottom:1px solid #e5e7eb;font-size:11px;color:#111827;">Av Zaki Narchi</td></tr><tr><th style="padding:3px 5px;text-align:left;background:#f3f4f6;border-bottom:1px solid #d1d5db;width:30%;font-size:11px;font-weight:600;color:#1f2937;">Subprefeitura</th><td style="padding:3px 5px;border-bottom:1px solid #e5e7eb;font-size:11px;color:#111827;">Santana / Tucuruvi</td></tr><tr><th style="padding:3px 5px;text-align:left;background:#f3f4f6;border-bottom:1px solid #d1d5db;width:30%;font-size:11px;font-weight:600;color:#1f2937;">Turno</th><td style="padding:3px 5px;border-bottom:1px solid #e5e7eb;font-size:11px;color:#111827;">Diurno</td></tr><tr><th style="padding:3px 5px;text-align:left;background:#f3f4f6;border-bottom:1px solid #d1d5db;width:30%;font-size:11px;font-weight:600;color:#1f2937;">Frequência</th><td style="padding:3px 5px;border-bottom:1px solid #e5e7eb;font-size:11px;color:#111827;">Quarta e Sábado</td></tr><tr><th style="padding:3px 5px;text-align:left;background:#f3f4f6;border-bottom:1px solid #d1d5db;width:30%;font-size:11px;font-weight:600;color:#1f2937;">Cronograma</th><td style="padding:3px 5px;border-bottom:1px solid #e5e7eb;font-size:11px;color:#111827;">—</td></tr></table>]]></description><LineString><coordinates>-46.6251400,-23.5114300,0 -46.6244400,-23.5114400,0 -46.6230000,-23.5115200,0 -46.6220300,-23.5114400,0 -46.6216500,-23.5113400,0 -46.6212700,-23.5112200,0 -46.6205700,-23.5109000,0 -46.6162800,-23.5088700,0 -46.6160700,-23.5087300,0 -46.6158900,-23.5085700,0 -46.6157200,-23.5083600,0 -46.6156000,-23.5081300,0 -46.6155200,-23.5078400,0 -46.6154700,-23.5075000,0 -46.6154500,-23.5071700,0 -46.6151600,-23.5045500,0 -46.6152700,-23.5036600,0 -46.6155700,-23.5016900,0</coordinates></LineString></Placemark>
<Style id="s-VM-193">
<LineStyle><color>ff00d7ff</color><width>3.0</width></LineStyle>
<PolyStyle><color>ff00d7ff</color></PolyStyle>
<IconStyle><color>ff00d7ff</color><scale>0.55</scale>
<Icon><href>http://maps.google.com/mapfiles/kml/shapes/placemark_circle.png</href></Icon>
</IconStyle>
<LabelStyle><scale>0.65</scale></LabelStyle>
</Style><Placemark><name>ST10304VM0001 - Seg. 22</name><styleUrl>#s-VM-193</styleUrl><description><![CDATA[<table style="border-collapse:collapse;width:100%;font-family:'Helvetica Neue',Helvetica,Arial,sans-serif;font-size:11px;border:1px solid #e5e7eb;border-radius:8px;overflow:hidden;"><tr><th colspan="2" style="padding:5px 8px;background:#1f6feb;color:#fff;text-align:left;font-size:12px;font-weight:600;">ST10304VM0001 - Seg. 22</th></tr><tr><th style="padding:3px 5px;text-align:left;background:#f3f4f6;border-bottom:1px solid #d1d5db;width:30%;font-size:11px;font-weight:600;color:#1f2937;">Serviço</th><td style="padding:3px 5px;border-bottom:1px solid #e5e7eb;font-size:11px;color:#111827;">Varrição Mecanizada (VM)</td></tr><tr><th style="padding:3px 5px;text-align:left;background:#f3f4f6;border-bottom:1px solid #d1d5db;width:30%;font-size:11px;font-weight:600;color:#1f2937;">Setor</th><td style="padding:3px 5px;border-bottom:1px solid #e5e7eb;font-size:11px;color:#111827;">ST10304VM0001</td></tr><tr><th style="padding:3px 5px;text-align:left;background:#f3f4f6;border-bottom:1px solid #d1d5db;width:30%;font-size:11px;font-weight:600;color:#1f2937;">Tipo de Serviço</th><td style="padding:3px 5px;border-bottom:1px solid #e5e7eb;font-size:11px;color:#111827;">Varrição Mecanizada</td></tr><tr><th style="padding:3px 5px;text-align:left;background:#f3f4f6;border-bottom:1px solid #d1d5db;width:30%;font-size:11px;font-weight:600;color:#1f2937;">Nome</th><td style="padding:3px 5px;border-bottom:1px solid #e5e7eb;font-size:11px;color:#111827;">ST10304VM0001 - Seg. 22</td></tr><tr><th style="padding:3px 5px;text-align:left;background:#f3f4f6;border-bottom:1px solid #d1d5db;width:30%;font-size:11px;font-weight:600;color:#1f2937;">Logradouro</th><td style="padding:3px 5px;border-bottom:1px solid #e5e7eb;font-size:11px;color:#111827;">Pc Arqo Flavio Imperio</td></tr><tr><th style="padding:3px 5px;text-align:left;background:#f3f4f6;border-bottom:1px solid #d1d5db;width:30%;font-size:11px;font-weight:600;color:#1f2937;">Subprefeitura</th><td style="padding:3px 5px;border-bottom:1px solid #e5e7eb;font-size:11px;color:#111827;">Santana / Tucuruvi</td></tr><tr><th style="padding:3px 5px;text-align:left;background:#f3f4f6;border-bottom:1px solid #d1d5db;width:30%;font-size:11px;font-weight:600;color:#1f2937;">Turno</th><td style="padding:3px 5px;border-bottom:1px solid #e5e7eb;font-size:11px;color:#111827;">Diurno</td></tr><tr><th style="padding:3px 5px;text-align:left;background:#f3f4f6;border-bottom:1px solid #d1d5db;width:30%;font-size:11px;font-weight:600;color:#1f2937;">Frequência</th><td style="padding:3px 5px;border-bottom:1px solid #e5e7eb;font-size:11px;color:#111827;">Quarta e Sábado</td></tr><tr><th style="padding:3px 5px;text-align:left;background:#f3f4f6;border-bottom:1px solid #d1d5db;width:30%;font-size:11px;font-weight:600;color:#1f2937;">Cronograma</th><td style="padding:3px 5px;border-bottom:1px solid #e5e7eb;font-size:11px;color:#111827;">—</td></tr></table>]]></description><LineString><coordinates>-46.6056100,-23.4815300,0 -46.6053100,-23.4812100,0 -46.6049400,-23.4809800,0</coordinates></LineString></Placemark>
<Style id="s-VM-194">
<LineStyle><color>ff00d7ff</color><width>3.0</width></LineStyle>
<PolyStyle><color>ff00d7ff</color></PolyStyle>
<IconStyle><color>ff00d7ff</color><scale>0.55</scale>
<Icon><href>http://maps.google.com/mapfiles/kml/shapes/placemark_circle.png</href></Icon>
</IconStyle>
<LabelStyle><scale>0.65</scale></LabelStyle>
</Style><Placemark><name>ST10304VM0001 - Seg. 23</name><styleUrl>#s-VM-194</styleUrl><description><![CDATA[<table style="border-collapse:collapse;width:100%;font-family:'Helvetica Neue',Helvetica,Arial,sans-serif;font-size:11px;border:1px solid #e5e7eb;border-radius:8px;overflow:hidden;"><tr><th colspan="2" style="padding:5px 8px;background:#1f6feb;color:#fff;text-align:left;font-size:12px;font-weight:600;">ST10304VM0001 - Seg. 23</th></tr><tr><th style="padding:3px 5px;text-align:left;background:#f3f4f6;border-bottom:1px solid #d1d5db;width:30%;font-size:11px;font-weight:600;color:#1f2937;">Serviço</th><td style="padding:3px 5px;border-bottom:1px solid #e5e7eb;font-size:11px;color:#111827;">Varrição Mecanizada (VM)</td></tr><tr><th style="padding:3px 5px;text-align:left;background:#f3f4f6;border-bottom:1px solid #d1d5db;width:30%;font-size:11px;font-weight:600;color:#1f2937;">Setor</th><td style="padding:3px 5px;border-bottom:1px solid #e5e7eb;font-size:11px;color:#111827;">ST10304VM0001</td></tr><tr><th style="padding:3px 5px;text-align:left;background:#f3f4f6;border-bottom:1px solid #d1d5db;width:30%;font-size:11px;font-weight:600;color:#1f2937;">Tipo de Serviço</th><td style="padding:3px 5px;border-bottom:1px solid #e5e7eb;font-size:11px;color:#111827;">Varrição Mecanizada</td></tr><tr><th style="padding:3px 5px;text-align:left;background:#f3f4f6;border-bottom:1px solid #d1d5db;width:30%;font-size:11px;font-weight:600;color:#1f2937;">Nome</th><td style="padding:3px 5px;border-bottom:1px solid #e5e7eb;font-size:11px;color:#111827;">ST10304VM0001 - Seg. 23</td></tr><tr><th style="padding:3px 5px;text-align:left;background:#f3f4f6;border-bottom:1px solid #d1d5db;width:30%;font-size:11px;font-weight:600;color:#1f2937;">Logradouro</th><td style="padding:3px 5px;border-bottom:1px solid #e5e7eb;font-size:11px;color:#111827;">Pc Campo de Bagatelle</td></tr><tr><th style="padding:3px 5px;text-align:left;background:#f3f4f6;border-bottom:1px solid #d1d5db;width:30%;font-size:11px;font-weight:600;color:#1f2937;">Subprefeitura</th><td style="padding:3px 5px;border-bottom:1px solid #e5e7eb;font-size:11px;color:#111827;">Santana / Tucuruvi</td></tr><tr><th style="padding:3px 5px;text-align:left;background:#f3f4f6;border-bottom:1px solid #d1d5db;width:30%;font-size:11px;font-weight:600;color:#1f2937;">Turno</th><td style="padding:3px 5px;border-bottom:1px solid #e5e7eb;font-size:11px;color:#111827;">Diurno</td></tr><tr><th style="padding:3px 5px;text-align:left;background:#f3f4f6;border-bottom:1px solid #d1d5db;width:30%;font-size:11px;font-weight:600;color:#1f2937;">Frequência</th><td style="padding:3px 5px;border-bottom:1px solid #e5e7eb;font-size:11px;color:#111827;">Quarta e Sábado</td></tr><tr><th style="padding:3px 5px;text-align:left;background:#f3f4f6;border-bottom:1px solid #d1d5db;width:30%;font-size:11px;font-weight:600;color:#1f2937;">Cronograma</th><td style="padding:3px 5px;border-bottom:1px solid #e5e7eb;font-size:11px;color:#111827;">—</td></tr></table>]]></description><LineString><coordinates>-46.6303400,-23.5139700,0 -46.6304700,-23.5142800,0 -46.6304800,-23.5146200,0 -46.6296800,-23.5135100,0 -46.6300600,-23.5136800,0 -46.6303400,-23.5139700,0 -46.6288900,-23.5136300,0 -46.6285000,-23.5140100,0 -46.6284000,-23.5145300,0 -46.6292200,-23.5154100,0 -46.6286500,-23.5150900,0 -46.6284000,-23.5145300,0 -46.6304800,-23.5146200,0 -46.6302700,-23.5150600,0 -46.6298500,-23.5153500,0</coordinates></LineString></Placemark>
<Style id="s-VM-195">
<LineStyle><color>ff00d7ff</color><width>3.0</width></LineStyle>
<PolyStyle><color>ff00d7ff</color></PolyStyle>
<IconStyle><color>ff00d7ff</color><scale>0.55</scale>
<Icon><href>http://maps.google.com/mapfiles/kml/shapes/placemark_circle.png</href></Icon>
</IconStyle>
<LabelStyle><scale>0.65</scale></LabelStyle>
</Style><Placemark><name>ST10304VM0001 - Seg. 24</name><styleUrl>#s-VM-195</styleUrl><description><![CDATA[<table style="border-collapse:collapse;width:100%;font-family:'Helvetica Neue',Helvetica,Arial,sans-serif;font-size:11px;border:1px solid #e5e7eb;border-radius:8px;overflow:hidden;"><tr><th colspan="2" style="padding:5px 8px;background:#1f6feb;color:#fff;text-align:left;font-size:12px;font-weight:600;">ST10304VM0001 - Seg. 24</th></tr><tr><th style="padding:3px 5px;text-align:left;background:#f3f4f6;border-bottom:1px solid #d1d5db;width:30%;font-size:11px;font-weight:600;color:#1f2937;">Serviço</th><td style="padding:3px 5px;border-bottom:1px solid #e5e7eb;font-size:11px;color:#111827;">Varrição Mecanizada (VM)</td></tr><tr><th style="padding:3px 5px;text-align:left;background:#f3f4f6;border-bottom:1px solid #d1d5db;width:30%;font-size:11px;font-weight:600;color:#1f2937;">Setor</th><td style="padding:3px 5px;border-bottom:1px solid #e5e7eb;font-size:11px;color:#111827;">ST10304VM0001</td></tr><tr><th style="padding:3px 5px;text-align:left;background:#f3f4f6;border-bottom:1px solid #d1d5db;width:30%;font-size:11px;font-weight:600;color:#1f2937;">Tipo de Serviço</th><td style="padding:3px 5px;border-bottom:1px solid #e5e7eb;font-size:11px;color:#111827;">Varrição Mecanizada</td></tr><tr><th style="padding:3px 5px;text-align:left;background:#f3f4f6;border-bottom:1px solid #d1d5db;width:30%;font-size:11px;font-weight:600;color:#1f2937;">Nome</th><td style="padding:3px 5px;border-bottom:1px solid #e5e7eb;font-size:11px;color:#111827;">ST10304VM0001 - Seg. 24</td></tr><tr><th style="padding:3px 5px;text-align:left;background:#f3f4f6;border-bottom:1px solid #d1d5db;width:30%;font-size:11px;font-weight:600;color:#1f2937;">Logradouro</th><td style="padding:3px 5px;border-bottom:1px solid #e5e7eb;font-size:11px;color:#111827;">Pte Cruzeiro do Sul</td></tr><tr><th style="padding:3px 5px;text-align:left;background:#f3f4f6;border-bottom:1px solid #d1d5db;width:30%;font-size:11px;font-weight:600;color:#1f2937;">Subprefeitura</th><td style="padding:3px 5px;border-bottom:1px solid #e5e7eb;font-size:11px;color:#111827;">Santana / Tucuruvi</td></tr><tr><th style="padding:3px 5px;text-align:left;background:#f3f4f6;border-bottom:1px solid #d1d5db;width:30%;font-size:11px;font-weight:600;color:#1f2937;">Turno</th><td style="padding:3px 5px;border-bottom:1px solid #e5e7eb;font-size:11px;color:#111827;">Diurno</td></tr><tr><th style="padding:3px 5px;text-align:left;background:#f3f4f6;border-bottom:1px solid #d1d5db;width:30%;font-size:11px;font-weight:600;color:#1f2937;">Frequência</th><td style="padding:3px 5px;border-bottom:1px solid #e5e7eb;font-size:11px;color:#111827;">Quarta e Sábado</td></tr><tr><th style="padding:3px 5px;text-align:left;background:#f3f4f6;border-bottom:1px solid #d1d5db;width:30%;font-size:11px;font-weight:600;color:#1f2937;">Cronograma</th><td style="padding:3px 5px;border-bottom:1px solid #e5e7eb;font-size:11px;color:#111827;">—</td></tr></table>]]></description><LineString><coordinates>-46.6253000,-23.5174700,0 -46.6252900,-23.5167300,0 -46.6253200,-23.5182800,0 -46.6252900,-23.5167300,0 -46.6252700,-23.5165900,0 -46.6251100,-23.5182800,0 -46.6250900,-23.5171000,0</coordinates></LineString></Placemark>
<Style id="s-VM-196">
<LineStyle><color>ff00d7ff</color><width>3.0</width></LineStyle>
<PolyStyle><color>ff00d7ff</color></PolyStyle>
<IconStyle><color>ff00d7ff</color><scale>0.55</scale>
<Icon><href>http://maps.google.com/mapfiles/kml/shapes/placemark_circle.png</href></Icon>
</IconStyle>
<LabelStyle><scale>0.65</scale></LabelStyle>
</Style><Placemark><name>ST10304VM0001 - Seg. 25</name><styleUrl>#s-VM-196</styleUrl><description><![CDATA[<table style="border-collapse:collapse;width:100%;font-family:'Helvetica Neue',Helvetica,Arial,sans-serif;font-size:11px;border:1px solid #e5e7eb;border-radius:8px;overflow:hidden;"><tr><th colspan="2" style="padding:5px 8px;background:#1f6feb;color:#fff;text-align:left;font-size:12px;font-weight:600;">ST10304VM0001 - Seg. 25</th></tr><tr><th style="padding:3px 5px;text-align:left;background:#f3f4f6;border-bottom:1px solid #d1d5db;width:30%;font-size:11px;font-weight:600;color:#1f2937;">Serviço</th><td style="padding:3px 5px;border-bottom:1px solid #e5e7eb;font-size:11px;color:#111827;">Varrição Mecanizada (VM)</td></tr><tr><th style="padding:3px 5px;text-align:left;background:#f3f4f6;border-bottom:1px solid #d1d5db;width:30%;font-size:11px;font-weight:600;color:#1f2937;">Setor</th><td style="padding:3px 5px;border-bottom:1px solid #e5e7eb;font-size:11px;color:#111827;">ST10304VM0001</td></tr><tr><th style="padding:3px 5px;text-align:left;background:#f3f4f6;border-bottom:1px solid #d1d5db;width:30%;font-size:11px;font-weight:600;color:#1f2937;">Tipo de Serviço</th><td style="padding:3px 5px;border-bottom:1px solid #e5e7eb;font-size:11px;color:#111827;">Varrição Mecanizada</td></tr><tr><th style="padding:3px 5px;text-align:left;background:#f3f4f6;border-bottom:1px solid #d1d5db;width:30%;font-size:11px;font-weight:600;color:#1f2937;">Nome</th><td style="padding:3px 5px;border-bottom:1px solid #e5e7eb;font-size:11px;color:#111827;">ST10304VM0001 - Seg. 25</td></tr><tr><th style="padding:3px 5px;text-align:left;background:#f3f4f6;border-bottom:1px solid #d1d5db;width:30%;font-size:11px;font-weight:600;color:#1f2937;">Logradouro</th><td style="padding:3px 5px;border-bottom:1px solid #e5e7eb;font-size:11px;color:#111827;">Pte da Casa Verde</td></tr><tr><th style="padding:3px 5px;text-align:left;background:#f3f4f6;border-bottom:1px solid #d1d5db;width:30%;font-size:11px;font-weight:600;color:#1f2937;">Subprefeitura</th><td style="padding:3px 5px;border-bottom:1px solid #e5e7eb;font-size:11px;color:#111827;">Santana / Tucuruvi</td></tr><tr><th style="padding:3px 5px;text-align:left;background:#f3f4f6;border-bottom:1px solid #d1d5db;width:30%;font-size:11px;font-weight:600;color:#1f2937;">Turno</th><td style="padding:3px 5px;border-bottom:1px solid #e5e7eb;font-size:11px;color:#111827;">Diurno</td></tr><tr><th style="padding:3px 5px;text-align:left;background:#f3f4f6;border-bottom:1px solid #d1d5db;width:30%;font-size:11px;font-weight:600;color:#1f2937;">Frequência</th><td style="padding:3px 5px;border-bottom:1px solid #e5e7eb;font-size:11px;color:#111827;">Quarta e Sábado</td></tr><tr><th style="padding:3px 5px;text-align:left;background:#f3f4f6;border-bottom:1px solid #d1d5db;width:30%;font-size:11px;font-weight:600;color:#1f2937;">Cronograma</th><td style="padding:3px 5px;border-bottom:1px solid #e5e7eb;font-size:11px;color:#111827;">—</td></tr></table>]]></description><LineString><coordinates>-46.6538900,-23.5156500,0 -46.6538100,-23.5149900,0 -46.6537700,-23.5143300,0 -46.6537000,-23.5136100,0 -46.6537100,-23.5151700,0 -46.6534800,-23.5140100,0</coordinates></LineString></Placemark>
<Style id="s-VM-197">
<LineStyle><color>ff00d7ff</color><width>3.0</width></LineStyle>
<PolyStyle><color>ff00d7ff</color></PolyStyle>
<IconStyle><color>ff00d7ff</color><scale>0.55</scale>
<Icon><href>http://maps.google.com/mapfiles/kml/shapes/placemark_circle.png</href></Icon>
</IconStyle>
<LabelStyle><scale>0.65</scale></LabelStyle>
</Style><Placemark><name>ST10304VM0001 - Seg. 26</name><styleUrl>#s-VM-197</styleUrl><description><![CDATA[<table style="border-collapse:collapse;width:100%;font-family:'Helvetica Neue',Helvetica,Arial,sans-serif;font-size:11px;border:1px solid #e5e7eb;border-radius:8px;overflow:hidden;"><tr><th colspan="2" style="padding:5px 8px;background:#1f6feb;color:#fff;text-align:left;font-size:12px;font-weight:600;">ST10304VM0001 - Seg. 26</th></tr><tr><th style="padding:3px 5px;text-align:left;background:#f3f4f6;border-bottom:1px solid #d1d5db;width:30%;font-size:11px;font-weight:600;color:#1f2937;">Serviço</th><td style="padding:3px 5px;border-bottom:1px solid #e5e7eb;font-size:11px;color:#111827;">Varrição Mecanizada (VM)</td></tr><tr><th style="padding:3px 5px;text-align:left;background:#f3f4f6;border-bottom:1px solid #d1d5db;width:30%;font-size:11px;font-weight:600;color:#1f2937;">Setor</th><td style="padding:3px 5px;border-bottom:1px solid #e5e7eb;font-size:11px;color:#111827;">ST10304VM0001</td></tr><tr><th style="padding:3px 5px;text-align:left;background:#f3f4f6;border-bottom:1px solid #d1d5db;width:30%;font-size:11px;font-weight:600;color:#1f2937;">Tipo de Serviço</th><td style="padding:3px 5px;border-bottom:1px solid #e5e7eb;font-size:11px;color:#111827;">Varrição Mecanizada</td></tr><tr><th style="padding:3px 5px;text-align:left;background:#f3f4f6;border-bottom:1px solid #d1d5db;width:30%;font-size:11px;font-weight:600;color:#1f2937;">Nome</th><td style="padding:3px 5px;border-bottom:1px solid #e5e7eb;font-size:11px;color:#111827;">ST10304VM0001 - Seg. 26</td></tr><tr><th style="padding:3px 5px;text-align:left;background:#f3f4f6;border-bottom:1px solid #d1d5db;width:30%;font-size:11px;font-weight:600;color:#1f2937;">Logradouro</th><td style="padding:3px 5px;border-bottom:1px solid #e5e7eb;font-size:11px;color:#111827;">R Prf Milton Rodrigues</td></tr><tr><th style="padding:3px 5px;text-align:left;background:#f3f4f6;border-bottom:1px solid #d1d5db;width:30%;font-size:11px;font-weight:600;color:#1f2937;">Subprefeitura</th><td style="padding:3px 5px;border-bottom:1px solid #e5e7eb;font-size:11px;color:#111827;">Santana / Tucuruvi</td></tr><tr><th style="padding:3px 5px;text-align:left;background:#f3f4f6;border-bottom:1px solid #d1d5db;width:30%;font-size:11px;font-weight:600;color:#1f2937;">Turno</th><td style="padding:3px 5px;border-bottom:1px solid #e5e7eb;font-size:11px;color:#111827;">Diurno</td></tr><tr><th style="padding:3px 5px;text-align:left;background:#f3f4f6;border-bottom:1px solid #d1d5db;width:30%;font-size:11px;font-weight:600;color:#1f2937;">Frequência</th><td style="padding:3px 5px;border-bottom:1px solid #e5e7eb;font-size:11px;color:#111827;">Quarta e Sábado</td></tr><tr><th style="padding:3px 5px;text-align:left;background:#f3f4f6;border-bottom:1px solid #d1d5db;width:30%;font-size:11px;font-weight:600;color:#1f2937;">Cronograma</th><td style="padding:3px 5px;border-bottom:1px solid #e5e7eb;font-size:11px;color:#111827;">—</td></tr></table>]]></description><LineString><coordinates>-46.6417300,-23.5175400,0 -46.6415200,-23.5173900,0 -46.6414000,-23.5156900,0 -46.6414900,-23.5153400,0 -46.6418500,-23.5152400,0 -46.6381700,-23.5176600,0 -46.6390200,-23.5175700,0 -46.6407300,-23.5174700,0 -46.6412900,-23.5171400,0 -46.6411700,-23.5153600,0 -46.6409500,-23.5150900,0</coordinates></LineString></Placemark>
<Style id="s-VM-198">
<LineStyle><color>ff00d7ff</color><width>3.0</width></LineStyle>
<PolyStyle><color>ff00d7ff</color></PolyStyle>
<IconStyle><color>ff00d7ff</color><scale>0.55</scale>
<Icon><href>http://maps.google.com/mapfiles/kml/shapes/placemark_circle.png</href></Icon>
</IconStyle>
<LabelStyle><scale>0.65</scale></LabelStyle>
</Style><Placemark><name>ST10304VM0001 - Seg. 27</name><styleUrl>#s-VM-198</styleUrl><description><![CDATA[<table style="border-collapse:collapse;width:100%;font-family:'Helvetica Neue',Helvetica,Arial,sans-serif;font-size:11px;border:1px solid #e5e7eb;border-radius:8px;overflow:hidden;"><tr><th colspan="2" style="padding:5px 8px;background:#1f6feb;color:#fff;text-align:left;font-size:12px;font-weight:600;">ST10304VM0001 - Seg. 27</th></tr><tr><th style="padding:3px 5px;text-align:left;background:#f3f4f6;border-bottom:1px solid #d1d5db;width:30%;font-size:11px;font-weight:600;color:#1f2937;">Serviço</th><td style="padding:3px 5px;border-bottom:1px solid #e5e7eb;font-size:11px;color:#111827;">Varrição Mecanizada (VM)</td></tr><tr><th style="padding:3px 5px;text-align:left;background:#f3f4f6;border-bottom:1px solid #d1d5db;width:30%;font-size:11px;font-weight:600;color:#1f2937;">Setor</th><td style="padding:3px 5px;border-bottom:1px solid #e5e7eb;font-size:11px;color:#111827;">ST10304VM0001</td></tr><tr><th style="padding:3px 5px;text-align:left;background:#f3f4f6;border-bottom:1px solid #d1d5db;width:30%;font-size:11px;font-weight:600;color:#1f2937;">Tipo de Serviço</th><td style="padding:3px 5px;border-bottom:1px solid #e5e7eb;font-size:11px;color:#111827;">Varrição Mecanizada</td></tr><tr><th style="padding:3px 5px;text-align:left;background:#f3f4f6;border-bottom:1px solid #d1d5db;width:30%;font-size:11px;font-weight:600;color:#1f2937;">Nome</th><td style="padding:3px 5px;border-bottom:1px solid #e5e7eb;font-size:11px;color:#111827;">ST10304VM0001 - Seg. 27</td></tr><tr><th style="padding:3px 5px;text-align:left;background:#f3f4f6;border-bottom:1px solid #d1d5db;width:30%;font-size:11px;font-weight:600;color:#1f2937;">Logradouro</th><td style="padding:3px 5px;border-bottom:1px solid #e5e7eb;font-size:11px;color:#111827;">R Sta Eulalia</td></tr><tr><th style="padding:3px 5px;text-align:left;background:#f3f4f6;border-bottom:1px solid #d1d5db;width:30%;font-size:11px;font-weight:600;color:#1f2937;">Subprefeitura</th><td style="padding:3px 5px;border-bottom:1px solid #e5e7eb;font-size:11px;color:#111827;">Santana / Tucuruvi</td></tr><tr><th style="padding:3px 5px;text-align:left;background:#f3f4f6;border-bottom:1px solid #d1d5db;width:30%;font-size:11px;font-weight:600;color:#1f2937;">Turno</th><td style="padding:3px 5px;border-bottom:1px solid #e5e7eb;font-size:11px;color:#111827;">Diurno</td></tr><tr><th style="padding:3px 5px;text-align:left;background:#f3f4f6;border-bottom:1px solid #d1d5db;width:30%;font-size:11px;font-weight:600;color:#1f2937;">Frequência</th><td style="padding:3px 5px;border-bottom:1px solid #e5e7eb;font-size:11px;color:#111827;">Quarta e Sábado</td></tr><tr><th style="padding:3px 5px;text-align:left;background:#f3f4f6;border-bottom:1px solid #d1d5db;width:30%;font-size:11px;font-weight:600;color:#1f2937;">Cronograma</th><td style="padding:3px 5px;border-bottom:1px solid #e5e7eb;font-size:11px;color:#111827;">—</td></tr></table>]]></description><LineString><coordinates>-46.6251400,-23.5114300,0 -46.6261300,-23.5114800,0 -46.6285000,-23.5115100,0 -46.6287400,-23.5113200,0 -46.6288200,-23.5110200,0 -46.6251500,-23.5115900,0 -46.6262000,-23.5116300,0 -46.6281400,-23.5116300,0 -46.6289600,-23.5119800,0</coordinates></LineString></Placemark>
<Style id="s-VM-199">
<LineStyle><color>ff00d7ff</color><width>3.0</width></LineStyle>
<PolyStyle><color>ff00d7ff</color></PolyStyle>
<IconStyle><color>ff00d7ff</color><scale>0.55</scale>
<Icon><href>http://maps.google.com/mapfiles/kml/shapes/placemark_circle.png</href></Icon>
</IconStyle>
<LabelStyle><scale>0.65</scale></LabelStyle>
</Style><Placemark><name>ST10304VM0001 - Seg. 28</name><styleUrl>#s-VM-199</styleUrl><description><![CDATA[<table style="border-collapse:collapse;width:100%;font-family:'Helvetica Neue',Helvetica,Arial,sans-serif;font-size:11px;border:1px solid #e5e7eb;border-radius:8px;overflow:hidden;"><tr><th colspan="2" style="padding:5px 8px;background:#1f6feb;color:#fff;text-align:left;font-size:12px;font-weight:600;">ST10304VM0001 - Seg. 28</th></tr><tr><th style="padding:3px 5px;text-align:left;background:#f3f4f6;border-bottom:1px solid #d1d5db;width:30%;font-size:11px;font-weight:600;color:#1f2937;">Serviço</th><td style="padding:3px 5px;border-bottom:1px solid #e5e7eb;font-size:11px;color:#111827;">Varrição Mecanizada (VM)</td></tr><tr><th style="padding:3px 5px;text-align:left;background:#f3f4f6;border-bottom:1px solid #d1d5db;width:30%;font-size:11px;font-weight:600;color:#1f2937;">Setor</th><td style="padding:3px 5px;border-bottom:1px solid #e5e7eb;font-size:11px;color:#111827;">ST10304VM0001</td></tr><tr><th style="padding:3px 5px;text-align:left;background:#f3f4f6;border-bottom:1px solid #d1d5db;width:30%;font-size:11px;font-weight:600;color:#1f2937;">Tipo de Serviço</th><td style="padding:3px 5px;border-bottom:1px solid #e5e7eb;font-size:11px;color:#111827;">Varrição Mecanizada</td></tr><tr><th style="padding:3px 5px;text-align:left;background:#f3f4f6;border-bottom:1px solid #d1d5db;width:30%;font-size:11px;font-weight:600;color:#1f2937;">Nome</th><td style="padding:3px 5px;border-bottom:1px solid #e5e7eb;font-size:11px;color:#111827;">ST10304VM0001 - Seg. 28</td></tr><tr><th style="padding:3px 5px;text-align:left;background:#f3f4f6;border-bottom:1px solid #d1d5db;width:30%;font-size:11px;font-weight:600;color:#1f2937;">Logradouro</th><td style="padding:3px 5px;border-bottom:1px solid #e5e7eb;font-size:11px;color:#111827;">Ac Av Olavo Fontoura</td></tr><tr><th style="padding:3px 5px;text-align:left;background:#f3f4f6;border-bottom:1px solid #d1d5db;width:30%;font-size:11px;font-weight:600;color:#1f2937;">Subprefeitura</th><td style="padding:3px 5px;border-bottom:1px solid #e5e7eb;font-size:11px;color:#111827;">Santana / Tucuruvi</td></tr><tr><th style="padding:3px 5px;text-align:left;background:#f3f4f6;border-bottom:1px solid #d1d5db;width:30%;font-size:11px;font-weight:600;color:#1f2937;">Turno</th><td style="padding:3px 5px;border-bottom:1px solid #e5e7eb;font-size:11px;color:#111827;">Diurno</td></tr><tr><th style="padding:3px 5px;text-align:left;background:#f3f4f6;border-bottom:1px solid #d1d5db;width:30%;font-size:11px;font-weight:600;color:#1f2937;">Frequência</th><td style="padding:3px 5px;border-bottom:1px solid #e5e7eb;font-size:11px;color:#111827;">Quarta e Sábado</td></tr><tr><th style="padding:3px 5px;text-align:left;background:#f3f4f6;border-bottom:1px solid #d1d5db;width:30%;font-size:11px;font-weight:600;color:#1f2937;">Cronograma</th><td style="padding:3px 5px;border-bottom:1px solid #e5e7eb;font-size:11px;color:#111827;">—</td></tr></table>]]></description><LineString><coordinates>-46.6153600,-23.5014600,0 -46.6150600,-23.5011400,0 -46.6147900,-23.5008100,0 -46.6155600,-23.5013600,0 -46.6152500,-23.5010600,0 -46.6149900,-23.5007400,0</coordinates></LineString></Placemark>
<Style id="s-VM-200">
<LineStyle><color>ff00d7ff</color><width>3.0</width></LineStyle>
<PolyStyle><color>ff00d7ff</color></PolyStyle>
<IconStyle><color>ff00d7ff</color><scale>0.55</scale>
<Icon><href>http://maps.google.com/mapfiles/kml/shapes/placemark_circle.png</href></Icon>
</IconStyle>
<LabelStyle><scale>0.65</scale></LabelStyle>
</Style><Placemark><name>ST30401VM0003 - Seg. 1</name><styleUrl>#s-VM-200</styleUrl><description><![CDATA[<table style="border-collapse:collapse;width:100%;font-family:'Helvetica Neue',Helvetica,Arial,sans-serif;font-size:11px;border:1px solid #e5e7eb;border-radius:8px;overflow:hidden;"><tr><th colspan="2" style="padding:5px 8px;background:#1f6feb;color:#fff;text-align:left;font-size:12px;font-weight:600;">ST30401VM0003 - Seg. 1</th></tr><tr><th style="padding:3px 5px;text-align:left;background:#f3f4f6;border-bottom:1px solid #d1d5db;width:30%;font-size:11px;font-weight:600;color:#1f2937;">Serviço</th><td style="padding:3px 5px;border-bottom:1px solid #e5e7eb;font-size:11px;color:#111827;">Varrição Mecanizada (VM)</td></tr><tr><th style="padding:3px 5px;text-align:left;background:#f3f4f6;border-bottom:1px solid #d1d5db;width:30%;font-size:11px;font-weight:600;color:#1f2937;">Setor</th><td style="padding:3px 5px;border-bottom:1px solid #e5e7eb;font-size:11px;color:#111827;">ST30401VM0003</td></tr><tr><th style="padding:3px 5px;text-align:left;background:#f3f4f6;border-bottom:1px solid #d1d5db;width:30%;font-size:11px;font-weight:600;color:#1f2937;">Tipo de Serviço</th><td style="padding:3px 5px;border-bottom:1px solid #e5e7eb;font-size:11px;color:#111827;">Varrição Mecanizada</td></tr><tr><th style="padding:3px 5px;text-align:left;background:#f3f4f6;border-bottom:1px solid #d1d5db;width:30%;font-size:11px;font-weight:600;color:#1f2937;">Nome</th><td style="padding:3px 5px;border-bottom:1px solid #e5e7eb;font-size:11px;color:#111827;">ST30401VM0003 - Seg. 1</td></tr><tr><th style="padding:3px 5px;text-align:left;background:#f3f4f6;border-bottom:1px solid #d1d5db;width:30%;font-size:11px;font-weight:600;color:#1f2937;">Logradouro</th><td style="padding:3px 5px;border-bottom:1px solid #e5e7eb;font-size:11px;color:#111827;">Ac Av Olavo Fontoura</td></tr><tr><th style="padding:3px 5px;text-align:left;background:#f3f4f6;border-bottom:1px solid #d1d5db;width:30%;font-size:11px;font-weight:600;color:#1f2937;">Subprefeitura</th><td style="padding:3px 5px;border-bottom:1px solid #e5e7eb;font-size:11px;color:#111827;">Santana / Tucuruvi</td></tr><tr><th style="padding:3px 5px;text-align:left;background:#f3f4f6;border-bottom:1px solid #d1d5db;width:30%;font-size:11px;font-weight:600;color:#1f2937;">Turno</th><td style="padding:3px 5px;border-bottom:1px solid #e5e7eb;font-size:11px;color:#111827;">Noturno</td></tr><tr><th style="padding:3px 5px;text-align:left;background:#f3f4f6;border-bottom:1px solid #d1d5db;width:30%;font-size:11px;font-weight:600;color:#1f2937;">Frequência</th><td style="padding:3px 5px;border-bottom:1px solid #e5e7eb;font-size:11px;color:#111827;">—</td></tr><tr><th style="padding:3px 5px;text-align:left;background:#f3f4f6;border-bottom:1px solid #d1d5db;width:30%;font-size:11px;font-weight:600;color:#1f2937;">Cronograma</th><td style="padding:3px 5px;border-bottom:1px solid #e5e7eb;font-size:11px;color:#111827;">—</td></tr></table>]]></description><LineString><coordinates>-46.6503600,-23.5164900,0 -46.6504600,-23.5160600,0 -46.6500900,-23.5157800,0</coordinates></LineString></Placemark>
<Style id="s-VM-201">
<LineStyle><color>ff00d7ff</color><width>3.0</width></LineStyle>
<PolyStyle><color>ff00d7ff</color></PolyStyle>
<IconStyle><color>ff00d7ff</color><scale>0.55</scale>
<Icon><href>http://maps.google.com/mapfiles/kml/shapes/placemark_circle.png</href></Icon>
</IconStyle>
<LabelStyle><scale>0.65</scale></LabelStyle>
</Style><Placemark><name>ST30401VM0003 - Seg. 2</name><styleUrl>#s-VM-201</styleUrl><description><![CDATA[<table style="border-collapse:collapse;width:100%;font-family:'Helvetica Neue',Helvetica,Arial,sans-serif;font-size:11px;border:1px solid #e5e7eb;border-radius:8px;overflow:hidden;"><tr><th colspan="2" style="padding:5px 8px;background:#1f6feb;color:#fff;text-align:left;font-size:12px;font-weight:600;">ST30401VM0003 - Seg. 2</th></tr><tr><th style="padding:3px 5px;text-align:left;background:#f3f4f6;border-bottom:1px solid #d1d5db;width:30%;font-size:11px;font-weight:600;color:#1f2937;">Serviço</th><td style="padding:3px 5px;border-bottom:1px solid #e5e7eb;font-size:11px;color:#111827;">Varrição Mecanizada (VM)</td></tr><tr><th style="padding:3px 5px;text-align:left;background:#f3f4f6;border-bottom:1px solid #d1d5db;width:30%;font-size:11px;font-weight:600;color:#1f2937;">Setor</th><td style="padding:3px 5px;border-bottom:1px solid #e5e7eb;font-size:11px;color:#111827;">ST30401VM0003</td></tr><tr><th style="padding:3px 5px;text-align:left;background:#f3f4f6;border-bottom:1px solid #d1d5db;width:30%;font-size:11px;font-weight:600;color:#1f2937;">Tipo de Serviço</th><td style="padding:3px 5px;border-bottom:1px solid #e5e7eb;font-size:11px;color:#111827;">Varrição Mecanizada</td></tr><tr><th style="padding:3px 5px;text-align:left;background:#f3f4f6;border-bottom:1px solid #d1d5db;width:30%;font-size:11px;font-weight:600;color:#1f2937;">Nome</th><td style="padding:3px 5px;border-bottom:1px solid #e5e7eb;font-size:11px;color:#111827;">ST30401VM0003 - Seg. 2</td></tr><tr><th style="padding:3px 5px;text-align:left;background:#f3f4f6;border-bottom:1px solid #d1d5db;width:30%;font-size:11px;font-weight:600;color:#1f2937;">Logradouro</th><td style="padding:3px 5px;border-bottom:1px solid #e5e7eb;font-size:11px;color:#111827;">Ac R Prof Milton Rodrigues</td></tr><tr><th style="padding:3px 5px;text-align:left;background:#f3f4f6;border-bottom:1px solid #d1d5db;width:30%;font-size:11px;font-weight:600;color:#1f2937;">Subprefeitura</th><td style="padding:3px 5px;border-bottom:1px solid #e5e7eb;font-size:11px;color:#111827;">Santana / Tucuruvi</td></tr><tr><th style="padding:3px 5px;text-align:left;background:#f3f4f6;border-bottom:1px solid #d1d5db;width:30%;font-size:11px;font-weight:600;color:#1f2937;">Turno</th><td style="padding:3px 5px;border-bottom:1px solid #e5e7eb;font-size:11px;color:#111827;">Noturno</td></tr><tr><th style="padding:3px 5px;text-align:left;background:#f3f4f6;border-bottom:1px solid #d1d5db;width:30%;font-size:11px;font-weight:600;color:#1f2937;">Frequência</th><td style="padding:3px 5px;border-bottom:1px solid #e5e7eb;font-size:11px;color:#111827;">—</td></tr><tr><th style="padding:3px 5px;text-align:left;background:#f3f4f6;border-bottom:1px solid #d1d5db;width:30%;font-size:11px;font-weight:600;color:#1f2937;">Cronograma</th><td style="padding:3px 5px;border-bottom:1px solid #e5e7eb;font-size:11px;color:#111827;">—</td></tr></table>]]></description><LineString><coordinates>-46.6351300,-23.5180800,0 -46.6358800,-23.5179300,0 -46.6374000,-23.5177900,0 -46.6381700,-23.5176600,0</coordinates></LineString></Placemark>
<Style id="s-VM-202">
<LineStyle><color>ff00d7ff</color><width>3.0</width></LineStyle>
<PolyStyle><color>ff00d7ff</color></PolyStyle>
<IconStyle><color>ff00d7ff</color><scale>0.55</scale>
<Icon><href>http://maps.google.com/mapfiles/kml/shapes/placemark_circle.png</href></Icon>
</IconStyle>
<LabelStyle><scale>0.65</scale></LabelStyle>
</Style><Placemark><name>ST30401VM0003 - Seg. 3</name><styleUrl>#s-VM-202</styleUrl><description><![CDATA[<table style="border-collapse:collapse;width:100%;font-family:'Helvetica Neue',Helvetica,Arial,sans-serif;font-size:11px;border:1px solid #e5e7eb;border-radius:8px;overflow:hidden;"><tr><th colspan="2" style="padding:5px 8px;background:#1f6feb;color:#fff;text-align:left;font-size:12px;font-weight:600;">ST30401VM0003 - Seg. 3</th></tr><tr><th style="padding:3px 5px;text-align:left;background:#f3f4f6;border-bottom:1px solid #d1d5db;width:30%;font-size:11px;font-weight:600;color:#1f2937;">Serviço</th><td style="padding:3px 5px;border-bottom:1px solid #e5e7eb;font-size:11px;color:#111827;">Varrição Mecanizada (VM)</td></tr><tr><th style="padding:3px 5px;text-align:left;background:#f3f4f6;border-bottom:1px solid #d1d5db;width:30%;font-size:11px;font-weight:600;color:#1f2937;">Setor</th><td style="padding:3px 5px;border-bottom:1px solid #e5e7eb;font-size:11px;color:#111827;">ST30401VM0003</td></tr><tr><th style="padding:3px 5px;text-align:left;background:#f3f4f6;border-bottom:1px solid #d1d5db;width:30%;font-size:11px;font-weight:600;color:#1f2937;">Tipo de Serviço</th><td style="padding:3px 5px;border-bottom:1px solid #e5e7eb;font-size:11px;color:#111827;">Varrição Mecanizada</td></tr><tr><th style="padding:3px 5px;text-align:left;background:#f3f4f6;border-bottom:1px solid #d1d5db;width:30%;font-size:11px;font-weight:600;color:#1f2937;">Nome</th><td style="padding:3px 5px;border-bottom:1px solid #e5e7eb;font-size:11px;color:#111827;">ST30401VM0003 - Seg. 3</td></tr><tr><th style="padding:3px 5px;text-align:left;background:#f3f4f6;border-bottom:1px solid #d1d5db;width:30%;font-size:11px;font-weight:600;color:#1f2937;">Logradouro</th><td style="padding:3px 5px;border-bottom:1px solid #e5e7eb;font-size:11px;color:#111827;">Av Alvaro Machado Pedrosa</td></tr><tr><th style="padding:3px 5px;text-align:left;background:#f3f4f6;border-bottom:1px solid #d1d5db;width:30%;font-size:11px;font-weight:600;color:#1f2937;">Subprefeitura</th><td style="padding:3px 5px;border-bottom:1px solid #e5e7eb;font-size:11px;color:#111827;">Santana / Tucuruvi</td></tr><tr><th style="padding:3px 5px;text-align:left;background:#f3f4f6;border-bottom:1px solid #d1d5db;width:30%;font-size:11px;font-weight:600;color:#1f2937;">Turno</th><td style="padding:3px 5px;border-bottom:1px solid #e5e7eb;font-size:11px;color:#111827;">Noturno</td></tr><tr><th style="padding:3px 5px;text-align:left;background:#f3f4f6;border-bottom:1px solid #d1d5db;width:30%;font-size:11px;font-weight:600;color:#1f2937;">Frequência</th><td style="padding:3px 5px;border-bottom:1px solid #e5e7eb;font-size:11px;color:#111827;">—</td></tr><tr><th style="padding:3px 5px;text-align:left;background:#f3f4f6;border-bottom:1px solid #d1d5db;width:30%;font-size:11px;font-weight:600;color:#1f2937;">Cronograma</th><td style="padding:3px 5px;border-bottom:1px solid #e5e7eb;font-size:11px;color:#111827;">—</td></tr></table>]]></description><LineString><coordinates>-46.6047600,-23.4821900,0 -46.6041900,-23.4821700,0 -46.6037800,-23.4820900,0 -46.6034400,-23.4819000,0 -46.6032400,-23.4815700,0</coordinates></LineString></Placemark>
<Style id="s-VM-203">
<LineStyle><color>ff00d7ff</color><width>3.0</width></LineStyle>
<PolyStyle><color>ff00d7ff</color></PolyStyle>
<IconStyle><color>ff00d7ff</color><scale>0.55</scale>
<Icon><href>http://maps.google.com/mapfiles/kml/shapes/placemark_circle.png</href></Icon>
</IconStyle>
<LabelStyle><scale>0.65</scale></LabelStyle>
</Style><Placemark><name>ST30401VM0003 - Seg. 4</name><styleUrl>#s-VM-203</styleUrl><description><![CDATA[<table style="border-collapse:collapse;width:100%;font-family:'Helvetica Neue',Helvetica,Arial,sans-serif;font-size:11px;border:1px solid #e5e7eb;border-radius:8px;overflow:hidden;"><tr><th colspan="2" style="padding:5px 8px;background:#1f6feb;color:#fff;text-align:left;font-size:12px;font-weight:600;">ST30401VM0003 - Seg. 4</th></tr><tr><th style="padding:3px 5px;text-align:left;background:#f3f4f6;border-bottom:1px solid #d1d5db;width:30%;font-size:11px;font-weight:600;color:#1f2937;">Serviço</th><td style="padding:3px 5px;border-bottom:1px solid #e5e7eb;font-size:11px;color:#111827;">Varrição Mecanizada (VM)</td></tr><tr><th style="padding:3px 5px;text-align:left;background:#f3f4f6;border-bottom:1px solid #d1d5db;width:30%;font-size:11px;font-weight:600;color:#1f2937;">Setor</th><td style="padding:3px 5px;border-bottom:1px solid #e5e7eb;font-size:11px;color:#111827;">ST30401VM0003</td></tr><tr><th style="padding:3px 5px;text-align:left;background:#f3f4f6;border-bottom:1px solid #d1d5db;width:30%;font-size:11px;font-weight:600;color:#1f2937;">Tipo de Serviço</th><td style="padding:3px 5px;border-bottom:1px solid #e5e7eb;font-size:11px;color:#111827;">Varrição Mecanizada</td></tr><tr><th style="padding:3px 5px;text-align:left;background:#f3f4f6;border-bottom:1px solid #d1d5db;width:30%;font-size:11px;font-weight:600;color:#1f2937;">Nome</th><td style="padding:3px 5px;border-bottom:1px solid #e5e7eb;font-size:11px;color:#111827;">ST30401VM0003 - Seg. 4</td></tr><tr><th style="padding:3px 5px;text-align:left;background:#f3f4f6;border-bottom:1px solid #d1d5db;width:30%;font-size:11px;font-weight:600;color:#1f2937;">Logradouro</th><td style="padding:3px 5px;border-bottom:1px solid #e5e7eb;font-size:11px;color:#111827;">Av Braz Leme</td></tr><tr><th style="padding:3px 5px;text-align:left;background:#f3f4f6;border-bottom:1px solid #d1d5db;width:30%;font-size:11px;font-weight:600;color:#1f2937;">Subprefeitura</th><td style="padding:3px 5px;border-bottom:1px solid #e5e7eb;font-size:11px;color:#111827;">Santana / Tucuruvi</td></tr><tr><th style="padding:3px 5px;text-align:left;background:#f3f4f6;border-bottom:1px solid #d1d5db;width:30%;font-size:11px;font-weight:600;color:#1f2937;">Turno</th><td style="padding:3px 5px;border-bottom:1px solid #e5e7eb;font-size:11px;color:#111827;">Noturno</td></tr><tr><th style="padding:3px 5px;text-align:left;background:#f3f4f6;border-bottom:1px solid #d1d5db;width:30%;font-size:11px;font-weight:600;color:#1f2937;">Frequência</th><td style="padding:3px 5px;border-bottom:1px solid #e5e7eb;font-size:11px;color:#111827;">—</td></tr><tr><th style="padding:3px 5px;text-align:left;background:#f3f4f6;border-bottom:1px solid #d1d5db;width:30%;font-size:11px;font-weight:600;color:#1f2937;">Cronograma</th><td style="padding:3px 5px;border-bottom:1px solid #e5e7eb;font-size:11px;color:#111827;">—</td></tr></table>]]></description><LineString><coordinates>-46.6537000,-23.5136100,0 -46.6533500,-23.5111900,0 -46.6531700,-23.5101300,0 -46.6528700,-23.5093400,0 -46.6526900,-23.5090600,0 -46.6525000,-23.5088000,0 -46.6521900,-23.5084600,0 -46.6518200,-23.5081800,0 -46.6513900,-23.5079200,0 -46.6509300,-23.5077400,0 -46.6505100,-23.5076100,0 -46.6435900,-23.5062400,0 -46.6428300,-23.5058500,0 -46.6421800,-23.5053100,0 -46.6419100,-23.5050400,0 -46.6416100,-23.5048000,0 -46.6413700,-23.5046500,0</coordinates></LineString></Placemark>
<Style id="s-VM-204">
<LineStyle><color>ff00d7ff</color><width>3.0</width></LineStyle>
<PolyStyle><color>ff00d7ff</color></PolyStyle>
<IconStyle><color>ff00d7ff</color><scale>0.55</scale>
<Icon><href>http://maps.google.com/mapfiles/kml/shapes/placemark_circle.png</href></Icon>
</IconStyle>
<LabelStyle><scale>0.65</scale></LabelStyle>
</Style><Placemark><name>ST30401VM0003 - Seg. 5</name><styleUrl>#s-VM-204</styleUrl><description><![CDATA[<table style="border-collapse:collapse;width:100%;font-family:'Helvetica Neue',Helvetica,Arial,sans-serif;font-size:11px;border:1px solid #e5e7eb;border-radius:8px;overflow:hidden;"><tr><th colspan="2" style="padding:5px 8px;background:#1f6feb;color:#fff;text-align:left;font-size:12px;font-weight:600;">ST30401VM0003 - Seg. 5</th></tr><tr><th style="padding:3px 5px;text-align:left;background:#f3f4f6;border-bottom:1px solid #d1d5db;width:30%;font-size:11px;font-weight:600;color:#1f2937;">Serviço</th><td style="padding:3px 5px;border-bottom:1px solid #e5e7eb;font-size:11px;color:#111827;">Varrição Mecanizada (VM)</td></tr><tr><th style="padding:3px 5px;text-align:left;background:#f3f4f6;border-bottom:1px solid #d1d5db;width:30%;font-size:11px;font-weight:600;color:#1f2937;">Setor</th><td style="padding:3px 5px;border-bottom:1px solid #e5e7eb;font-size:11px;color:#111827;">ST30401VM0003</td></tr><tr><th style="padding:3px 5px;text-align:left;background:#f3f4f6;border-bottom:1px solid #d1d5db;width:30%;font-size:11px;font-weight:600;color:#1f2937;">Tipo de Serviço</th><td style="padding:3px 5px;border-bottom:1px solid #e5e7eb;font-size:11px;color:#111827;">Varrição Mecanizada</td></tr><tr><th style="padding:3px 5px;text-align:left;background:#f3f4f6;border-bottom:1px solid #d1d5db;width:30%;font-size:11px;font-weight:600;color:#1f2937;">Nome</th><td style="padding:3px 5px;border-bottom:1px solid #e5e7eb;font-size:11px;color:#111827;">ST30401VM0003 - Seg. 5</td></tr><tr><th style="padding:3px 5px;text-align:left;background:#f3f4f6;border-bottom:1px solid #d1d5db;width:30%;font-size:11px;font-weight:600;color:#1f2937;">Logradouro</th><td style="padding:3px 5px;border-bottom:1px solid #e5e7eb;font-size:11px;color:#111827;">Av Braz Leme</td></tr><tr><th style="padding:3px 5px;text-align:left;background:#f3f4f6;border-bottom:1px solid #d1d5db;width:30%;font-size:11px;font-weight:600;color:#1f2937;">Subprefeitura</th><td style="padding:3px 5px;border-bottom:1px solid #e5e7eb;font-size:11px;color:#111827;">Santana / Tucuruvi</td></tr><tr><th style="padding:3px 5px;text-align:left;background:#f3f4f6;border-bottom:1px solid #d1d5db;width:30%;font-size:11px;font-weight:600;color:#1f2937;">Turno</th><td style="padding:3px 5px;border-bottom:1px solid #e5e7eb;font-size:11px;color:#111827;">Noturno</td></tr><tr><th style="padding:3px 5px;text-align:left;background:#f3f4f6;border-bottom:1px solid #d1d5db;width:30%;font-size:11px;font-weight:600;color:#1f2937;">Frequência</th><td style="padding:3px 5px;border-bottom:1px solid #e5e7eb;font-size:11px;color:#111827;">—</td></tr><tr><th style="padding:3px 5px;text-align:left;background:#f3f4f6;border-bottom:1px solid #d1d5db;width:30%;font-size:11px;font-weight:600;color:#1f2937;">Cronograma</th><td style="padding:3px 5px;border-bottom:1px solid #e5e7eb;font-size:11px;color:#111827;">—</td></tr></table>]]></description><LineString><coordinates>-46.6534800,-23.5140100,0 -46.6532200,-23.5123700,0 -46.6530300,-23.5110200,0 -46.6528900,-23.5102000,0 -46.6527900,-23.5098300,0 -46.6526100,-23.5094200,0 -46.6522500,-23.5089300,0 -46.6520600,-23.5087200,0 -46.6518300,-23.5085300,0 -46.6512300,-23.5081400,0 -46.6505400,-23.5079000,0 -46.6441300,-23.5066200,0 -46.6432000,-23.5063700,0 -46.6425600,-23.5059900,0 -46.6420100,-23.5055300,0 -46.6416500,-23.5051700,0 -46.6412100,-23.5048900,0 -46.6403200,-23.5043800,0 -46.6394200,-23.5039000,0 -46.6385200,-23.5035800,0 -46.6375500,-23.5035700,0 -46.6321000,-23.5039300,0 -46.6304100,-23.5040600,0 -46.6283200,-23.5041700,0 -46.6275400,-23.5042300,0 -46.6263700,-23.5041600,0</coordinates></LineString></Placemark>
<Style id="s-VM-205">
<LineStyle><color>ff00d7ff</color><width>3.0</width></LineStyle>
<PolyStyle><color>ff00d7ff</color></PolyStyle>
<IconStyle><color>ff00d7ff</color><scale>0.55</scale>
<Icon><href>http://maps.google.com/mapfiles/kml/shapes/placemark_circle.png</href></Icon>
</IconStyle>
<LabelStyle><scale>0.65</scale></LabelStyle>
</Style><Placemark><name>ST30401VM0003 - Seg. 6</name><styleUrl>#s-VM-205</styleUrl><description><![CDATA[<table style="border-collapse:collapse;width:100%;font-family:'Helvetica Neue',Helvetica,Arial,sans-serif;font-size:11px;border:1px solid #e5e7eb;border-radius:8px;overflow:hidden;"><tr><th colspan="2" style="padding:5px 8px;background:#1f6feb;color:#fff;text-align:left;font-size:12px;font-weight:600;">ST30401VM0003 - Seg. 6</th></tr><tr><th style="padding:3px 5px;text-align:left;background:#f3f4f6;border-bottom:1px solid #d1d5db;width:30%;font-size:11px;font-weight:600;color:#1f2937;">Serviço</th><td style="padding:3px 5px;border-bottom:1px solid #e5e7eb;font-size:11px;color:#111827;">Varrição Mecanizada (VM)</td></tr><tr><th style="padding:3px 5px;text-align:left;background:#f3f4f6;border-bottom:1px solid #d1d5db;width:30%;font-size:11px;font-weight:600;color:#1f2937;">Setor</th><td style="padding:3px 5px;border-bottom:1px solid #e5e7eb;font-size:11px;color:#111827;">ST30401VM0003</td></tr><tr><th style="padding:3px 5px;text-align:left;background:#f3f4f6;border-bottom:1px solid #d1d5db;width:30%;font-size:11px;font-weight:600;color:#1f2937;">Tipo de Serviço</th><td style="padding:3px 5px;border-bottom:1px solid #e5e7eb;font-size:11px;color:#111827;">Varrição Mecanizada</td></tr><tr><th style="padding:3px 5px;text-align:left;background:#f3f4f6;border-bottom:1px solid #d1d5db;width:30%;font-size:11px;font-weight:600;color:#1f2937;">Nome</th><td style="padding:3px 5px;border-bottom:1px solid #e5e7eb;font-size:11px;color:#111827;">ST30401VM0003 - Seg. 6</td></tr><tr><th style="padding:3px 5px;text-align:left;background:#f3f4f6;border-bottom:1px solid #d1d5db;width:30%;font-size:11px;font-weight:600;color:#1f2937;">Logradouro</th><td style="padding:3px 5px;border-bottom:1px solid #e5e7eb;font-size:11px;color:#111827;">Av Braz Leme</td></tr><tr><th style="padding:3px 5px;text-align:left;background:#f3f4f6;border-bottom:1px solid #d1d5db;width:30%;font-size:11px;font-weight:600;color:#1f2937;">Subprefeitura</th><td style="padding:3px 5px;border-bottom:1px solid #e5e7eb;font-size:11px;color:#111827;">Santana / Tucuruvi</td></tr><tr><th style="padding:3px 5px;text-align:left;background:#f3f4f6;border-bottom:1px solid #d1d5db;width:30%;font-size:11px;font-weight:600;color:#1f2937;">Turno</th><td style="padding:3px 5px;border-bottom:1px solid #e5e7eb;font-size:11px;color:#111827;">Noturno</td></tr><tr><th style="padding:3px 5px;text-align:left;background:#f3f4f6;border-bottom:1px solid #d1d5db;width:30%;font-size:11px;font-weight:600;color:#1f2937;">Frequência</th><td style="padding:3px 5px;border-bottom:1px solid #e5e7eb;font-size:11px;color:#111827;">—</td></tr><tr><th style="padding:3px 5px;text-align:left;background:#f3f4f6;border-bottom:1px solid #d1d5db;width:30%;font-size:11px;font-weight:600;color:#1f2937;">Cronograma</th><td style="padding:3px 5px;border-bottom:1px solid #e5e7eb;font-size:11px;color:#111827;">—</td></tr></table>]]></description><LineString><coordinates>-46.6413700,-23.5046500,0 -46.6394300,-23.5035900,0 -46.6391800,-23.5034700,0 -46.6386700,-23.5033400,0 -46.6381500,-23.5032900,0 -46.6362200,-23.5034000,0 -46.6328500,-23.5037100,0 -46.6298600,-23.5039100,0 -46.6280200,-23.5040100,0 -46.6274600,-23.5040600,0 -46.6267500,-23.5040400,0 -46.6263800,-23.5037800,0</coordinates></LineString></Placemark>
<Style id="s-VM-206">
<LineStyle><color>ff00d7ff</color><width>3.0</width></LineStyle>
<PolyStyle><color>ff00d7ff</color></PolyStyle>
<IconStyle><color>ff00d7ff</color><scale>0.55</scale>
<Icon><href>http://maps.google.com/mapfiles/kml/shapes/placemark_circle.png</href></Icon>
</IconStyle>
<LabelStyle><scale>0.65</scale></LabelStyle>
</Style><Placemark><name>ST30401VM0003 - Seg. 7</name><styleUrl>#s-VM-206</styleUrl><description><![CDATA[<table style="border-collapse:collapse;width:100%;font-family:'Helvetica Neue',Helvetica,Arial,sans-serif;font-size:11px;border:1px solid #e5e7eb;border-radius:8px;overflow:hidden;"><tr><th colspan="2" style="padding:5px 8px;background:#1f6feb;color:#fff;text-align:left;font-size:12px;font-weight:600;">ST30401VM0003 - Seg. 7</th></tr><tr><th style="padding:3px 5px;text-align:left;background:#f3f4f6;border-bottom:1px solid #d1d5db;width:30%;font-size:11px;font-weight:600;color:#1f2937;">Serviço</th><td style="padding:3px 5px;border-bottom:1px solid #e5e7eb;font-size:11px;color:#111827;">Varrição Mecanizada (VM)</td></tr><tr><th style="padding:3px 5px;text-align:left;background:#f3f4f6;border-bottom:1px solid #d1d5db;width:30%;font-size:11px;font-weight:600;color:#1f2937;">Setor</th><td style="padding:3px 5px;border-bottom:1px solid #e5e7eb;font-size:11px;color:#111827;">ST30401VM0003</td></tr><tr><th style="padding:3px 5px;text-align:left;background:#f3f4f6;border-bottom:1px solid #d1d5db;width:30%;font-size:11px;font-weight:600;color:#1f2937;">Tipo de Serviço</th><td style="padding:3px 5px;border-bottom:1px solid #e5e7eb;font-size:11px;color:#111827;">Varrição Mecanizada</td></tr><tr><th style="padding:3px 5px;text-align:left;background:#f3f4f6;border-bottom:1px solid #d1d5db;width:30%;font-size:11px;font-weight:600;color:#1f2937;">Nome</th><td style="padding:3px 5px;border-bottom:1px solid #e5e7eb;font-size:11px;color:#111827;">ST30401VM0003 - Seg. 7</td></tr><tr><th style="padding:3px 5px;text-align:left;background:#f3f4f6;border-bottom:1px solid #d1d5db;width:30%;font-size:11px;font-weight:600;color:#1f2937;">Logradouro</th><td style="padding:3px 5px;border-bottom:1px solid #e5e7eb;font-size:11px;color:#111827;">Av Cruzeiro do Sul</td></tr><tr><th style="padding:3px 5px;text-align:left;background:#f3f4f6;border-bottom:1px solid #d1d5db;width:30%;font-size:11px;font-weight:600;color:#1f2937;">Subprefeitura</th><td style="padding:3px 5px;border-bottom:1px solid #e5e7eb;font-size:11px;color:#111827;">Santana / Tucuruvi</td></tr><tr><th style="padding:3px 5px;text-align:left;background:#f3f4f6;border-bottom:1px solid #d1d5db;width:30%;font-size:11px;font-weight:600;color:#1f2937;">Turno</th><td style="padding:3px 5px;border-bottom:1px solid #e5e7eb;font-size:11px;color:#111827;">Noturno</td></tr><tr><th style="padding:3px 5px;text-align:left;background:#f3f4f6;border-bottom:1px solid #d1d5db;width:30%;font-size:11px;font-weight:600;color:#1f2937;">Frequência</th><td style="padding:3px 5px;border-bottom:1px solid #e5e7eb;font-size:11px;color:#111827;">—</td></tr><tr><th style="padding:3px 5px;text-align:left;background:#f3f4f6;border-bottom:1px solid #d1d5db;width:30%;font-size:11px;font-weight:600;color:#1f2937;">Cronograma</th><td style="padding:3px 5px;border-bottom:1px solid #e5e7eb;font-size:11px;color:#111827;">—</td></tr></table>]]></description><LineString><coordinates>-46.6252700,-23.5165900,0 -46.6251500,-23.5115900,0 -46.6250600,-23.5091000,0 -46.6250200,-23.5073100,0</coordinates></LineString></Placemark>
<Style id="s-VM-207">
<LineStyle><color>ff00d7ff</color><width>3.0</width></LineStyle>
<PolyStyle><color>ff00d7ff</color></PolyStyle>
<IconStyle><color>ff00d7ff</color><scale>0.55</scale>
<Icon><href>http://maps.google.com/mapfiles/kml/shapes/placemark_circle.png</href></Icon>
</IconStyle>
<LabelStyle><scale>0.65</scale></LabelStyle>
</Style><Placemark><name>ST30401VM0003 - Seg. 8</name><styleUrl>#s-VM-207</styleUrl><description><![CDATA[<table style="border-collapse:collapse;width:100%;font-family:'Helvetica Neue',Helvetica,Arial,sans-serif;font-size:11px;border:1px solid #e5e7eb;border-radius:8px;overflow:hidden;"><tr><th colspan="2" style="padding:5px 8px;background:#1f6feb;color:#fff;text-align:left;font-size:12px;font-weight:600;">ST30401VM0003 - Seg. 8</th></tr><tr><th style="padding:3px 5px;text-align:left;background:#f3f4f6;border-bottom:1px solid #d1d5db;width:30%;font-size:11px;font-weight:600;color:#1f2937;">Serviço</th><td style="padding:3px 5px;border-bottom:1px solid #e5e7eb;font-size:11px;color:#111827;">Varrição Mecanizada (VM)</td></tr><tr><th style="padding:3px 5px;text-align:left;background:#f3f4f6;border-bottom:1px solid #d1d5db;width:30%;font-size:11px;font-weight:600;color:#1f2937;">Setor</th><td style="padding:3px 5px;border-bottom:1px solid #e5e7eb;font-size:11px;color:#111827;">ST30401VM0003</td></tr><tr><th style="padding:3px 5px;text-align:left;background:#f3f4f6;border-bottom:1px solid #d1d5db;width:30%;font-size:11px;font-weight:600;color:#1f2937;">Tipo de Serviço</th><td style="padding:3px 5px;border-bottom:1px solid #e5e7eb;font-size:11px;color:#111827;">Varrição Mecanizada</td></tr><tr><th style="padding:3px 5px;text-align:left;background:#f3f4f6;border-bottom:1px solid #d1d5db;width:30%;font-size:11px;font-weight:600;color:#1f2937;">Nome</th><td style="padding:3px 5px;border-bottom:1px solid #e5e7eb;font-size:11px;color:#111827;">ST30401VM0003 - Seg. 8</td></tr><tr><th style="padding:3px 5px;text-align:left;background:#f3f4f6;border-bottom:1px solid #d1d5db;width:30%;font-size:11px;font-weight:600;color:#1f2937;">Logradouro</th><td style="padding:3px 5px;border-bottom:1px solid #e5e7eb;font-size:11px;color:#111827;">Av Cruzeiro do Sul</td></tr><tr><th style="padding:3px 5px;text-align:left;background:#f3f4f6;border-bottom:1px solid #d1d5db;width:30%;font-size:11px;font-weight:600;color:#1f2937;">Subprefeitura</th><td style="padding:3px 5px;border-bottom:1px solid #e5e7eb;font-size:11px;color:#111827;">Santana / Tucuruvi</td></tr><tr><th style="padding:3px 5px;text-align:left;background:#f3f4f6;border-bottom:1px solid #d1d5db;width:30%;font-size:11px;font-weight:600;color:#1f2937;">Turno</th><td style="padding:3px 5px;border-bottom:1px solid #e5e7eb;font-size:11px;color:#111827;">Noturno</td></tr><tr><th style="padding:3px 5px;text-align:left;background:#f3f4f6;border-bottom:1px solid #d1d5db;width:30%;font-size:11px;font-weight:600;color:#1f2937;">Frequência</th><td style="padding:3px 5px;border-bottom:1px solid #e5e7eb;font-size:11px;color:#111827;">—</td></tr><tr><th style="padding:3px 5px;text-align:left;background:#f3f4f6;border-bottom:1px solid #d1d5db;width:30%;font-size:11px;font-weight:600;color:#1f2937;">Cronograma</th><td style="padding:3px 5px;border-bottom:1px solid #e5e7eb;font-size:11px;color:#111827;">—</td></tr></table>]]></description><LineString><coordinates>-46.6250900,-23.5171000,0 -46.6249200,-23.5123900,0 -46.6249200,-23.5115100,0 -46.6248600,-23.5099400,0 -46.6248300,-23.5085500,0 -46.6247200,-23.5058000,0 -46.6246500,-23.5033000,0 -46.6245600,-23.5020200,0 -46.6244800,-23.4990700,0</coordinates></LineString></Placemark>
<Style id="s-VM-208">
<LineStyle><color>ff00d7ff</color><width>3.0</width></LineStyle>
<PolyStyle><color>ff00d7ff</color></PolyStyle>
<IconStyle><color>ff00d7ff</color><scale>0.55</scale>
<Icon><href>http://maps.google.com/mapfiles/kml/shapes/placemark_circle.png</href></Icon>
</IconStyle>
<LabelStyle><scale>0.65</scale></LabelStyle>
</Style><Placemark><name>ST30401VM0003 - Seg. 9</name><styleUrl>#s-VM-208</styleUrl><description><![CDATA[<table style="border-collapse:collapse;width:100%;font-family:'Helvetica Neue',Helvetica,Arial,sans-serif;font-size:11px;border:1px solid #e5e7eb;border-radius:8px;overflow:hidden;"><tr><th colspan="2" style="padding:5px 8px;background:#1f6feb;color:#fff;text-align:left;font-size:12px;font-weight:600;">ST30401VM0003 - Seg. 9</th></tr><tr><th style="padding:3px 5px;text-align:left;background:#f3f4f6;border-bottom:1px solid #d1d5db;width:30%;font-size:11px;font-weight:600;color:#1f2937;">Serviço</th><td style="padding:3px 5px;border-bottom:1px solid #e5e7eb;font-size:11px;color:#111827;">Varrição Mecanizada (VM)</td></tr><tr><th style="padding:3px 5px;text-align:left;background:#f3f4f6;border-bottom:1px solid #d1d5db;width:30%;font-size:11px;font-weight:600;color:#1f2937;">Setor</th><td style="padding:3px 5px;border-bottom:1px solid #e5e7eb;font-size:11px;color:#111827;">ST30401VM0003</td></tr><tr><th style="padding:3px 5px;text-align:left;background:#f3f4f6;border-bottom:1px solid #d1d5db;width:30%;font-size:11px;font-weight:600;color:#1f2937;">Tipo de Serviço</th><td style="padding:3px 5px;border-bottom:1px solid #e5e7eb;font-size:11px;color:#111827;">Varrição Mecanizada</td></tr><tr><th style="padding:3px 5px;text-align:left;background:#f3f4f6;border-bottom:1px solid #d1d5db;width:30%;font-size:11px;font-weight:600;color:#1f2937;">Nome</th><td style="padding:3px 5px;border-bottom:1px solid #e5e7eb;font-size:11px;color:#111827;">ST30401VM0003 - Seg. 9</td></tr><tr><th style="padding:3px 5px;text-align:left;background:#f3f4f6;border-bottom:1px solid #d1d5db;width:30%;font-size:11px;font-weight:600;color:#1f2937;">Logradouro</th><td style="padding:3px 5px;border-bottom:1px solid #e5e7eb;font-size:11px;color:#111827;">Av Dr Antonio Maria Laet</td></tr><tr><th style="padding:3px 5px;text-align:left;background:#f3f4f6;border-bottom:1px solid #d1d5db;width:30%;font-size:11px;font-weight:600;color:#1f2937;">Subprefeitura</th><td style="padding:3px 5px;border-bottom:1px solid #e5e7eb;font-size:11px;color:#111827;">Santana / Tucuruvi</td></tr><tr><th style="padding:3px 5px;text-align:left;background:#f3f4f6;border-bottom:1px solid #d1d5db;width:30%;font-size:11px;font-weight:600;color:#1f2937;">Turno</th><td style="padding:3px 5px;border-bottom:1px solid #e5e7eb;font-size:11px;color:#111827;">Noturno</td></tr><tr><th style="padding:3px 5px;text-align:left;background:#f3f4f6;border-bottom:1px solid #d1d5db;width:30%;font-size:11px;font-weight:600;color:#1f2937;">Frequência</th><td style="padding:3px 5px;border-bottom:1px solid #e5e7eb;font-size:11px;color:#111827;">—</td></tr><tr><th style="padding:3px 5px;text-align:left;background:#f3f4f6;border-bottom:1px solid #d1d5db;width:30%;font-size:11px;font-weight:600;color:#1f2937;">Cronograma</th><td style="padding:3px 5px;border-bottom:1px solid #e5e7eb;font-size:11px;color:#111827;">—</td></tr></table>]]></description><LineString><coordinates>-46.6045800,-23.4811000,0 -46.6040200,-23.4804500,0 -46.6037100,-23.4801400,0 -46.6018200,-23.4781100,0 -46.6015800,-23.4777900,0 -46.6013900,-23.4774300,0 -46.6010100,-23.4768000,0 -46.6005100,-23.4762600,0 -46.5999400,-23.4757700,0 -46.5998000,-23.4755800,0 -46.5997000,-23.4753900,0 -46.5994200,-23.4747000,0 -46.5982600,-23.4736900,0 -46.5982400,-23.4730600,0 -46.5979800,-23.4724300,0 -46.5976800,-23.4720000,0</coordinates></LineString></Placemark>
<Style id="s-VM-209">
<LineStyle><color>ff00d7ff</color><width>3.0</width></LineStyle>
<PolyStyle><color>ff00d7ff</color></PolyStyle>
<IconStyle><color>ff00d7ff</color><scale>0.55</scale>
<Icon><href>http://maps.google.com/mapfiles/kml/shapes/placemark_circle.png</href></Icon>
</IconStyle>
<LabelStyle><scale>0.65</scale></LabelStyle>
</Style><Placemark><name>ST30401VM0003 - Seg. 10</name><styleUrl>#s-VM-209</styleUrl><description><![CDATA[<table style="border-collapse:collapse;width:100%;font-family:'Helvetica Neue',Helvetica,Arial,sans-serif;font-size:11px;border:1px solid #e5e7eb;border-radius:8px;overflow:hidden;"><tr><th colspan="2" style="padding:5px 8px;background:#1f6feb;color:#fff;text-align:left;font-size:12px;font-weight:600;">ST30401VM0003 - Seg. 10</th></tr><tr><th style="padding:3px 5px;text-align:left;background:#f3f4f6;border-bottom:1px solid #d1d5db;width:30%;font-size:11px;font-weight:600;color:#1f2937;">Serviço</th><td style="padding:3px 5px;border-bottom:1px solid #e5e7eb;font-size:11px;color:#111827;">Varrição Mecanizada (VM)</td></tr><tr><th style="padding:3px 5px;text-align:left;background:#f3f4f6;border-bottom:1px solid #d1d5db;width:30%;font-size:11px;font-weight:600;color:#1f2937;">Setor</th><td style="padding:3px 5px;border-bottom:1px solid #e5e7eb;font-size:11px;color:#111827;">ST30401VM0003</td></tr><tr><th style="padding:3px 5px;text-align:left;background:#f3f4f6;border-bottom:1px solid #d1d5db;width:30%;font-size:11px;font-weight:600;color:#1f2937;">Tipo de Serviço</th><td style="padding:3px 5px;border-bottom:1px solid #e5e7eb;font-size:11px;color:#111827;">Varrição Mecanizada</td></tr><tr><th style="padding:3px 5px;text-align:left;background:#f3f4f6;border-bottom:1px solid #d1d5db;width:30%;font-size:11px;font-weight:600;color:#1f2937;">Nome</th><td style="padding:3px 5px;border-bottom:1px solid #e5e7eb;font-size:11px;color:#111827;">ST30401VM0003 - Seg. 10</td></tr><tr><th style="padding:3px 5px;text-align:left;background:#f3f4f6;border-bottom:1px solid #d1d5db;width:30%;font-size:11px;font-weight:600;color:#1f2937;">Logradouro</th><td style="padding:3px 5px;border-bottom:1px solid #e5e7eb;font-size:11px;color:#111827;">Av Gal Ataliba Leonel</td></tr><tr><th style="padding:3px 5px;text-align:left;background:#f3f4f6;border-bottom:1px solid #d1d5db;width:30%;font-size:11px;font-weight:600;color:#1f2937;">Subprefeitura</th><td style="padding:3px 5px;border-bottom:1px solid #e5e7eb;font-size:11px;color:#111827;">Santana / Tucuruvi</td></tr><tr><th style="padding:3px 5px;text-align:left;background:#f3f4f6;border-bottom:1px solid #d1d5db;width:30%;font-size:11px;font-weight:600;color:#1f2937;">Turno</th><td style="padding:3px 5px;border-bottom:1px solid #e5e7eb;font-size:11px;color:#111827;">Noturno</td></tr><tr><th style="padding:3px 5px;text-align:left;background:#f3f4f6;border-bottom:1px solid #d1d5db;width:30%;font-size:11px;font-weight:600;color:#1f2937;">Frequência</th><td style="padding:3px 5px;border-bottom:1px solid #e5e7eb;font-size:11px;color:#111827;">—</td></tr><tr><th style="padding:3px 5px;text-align:left;background:#f3f4f6;border-bottom:1px solid #d1d5db;width:30%;font-size:11px;font-weight:600;color:#1f2937;">Cronograma</th><td style="padding:3px 5px;border-bottom:1px solid #e5e7eb;font-size:11px;color:#111827;">—</td></tr></table>]]></description><LineString><coordinates>-46.6262200,-23.5082000,0 -46.6250300,-23.5074000,0 -46.6241500,-23.5069100,0 -46.6238300,-23.5067000,0 -46.6224100,-23.5057100,0 -46.6214700,-23.5050200,0 -46.6205200,-23.5038900,0 -46.6198900,-23.5032900,0 -46.6192000,-23.5027700,0 -46.6182900,-23.5027400,0 -46.6173800,-23.5025100,0 -46.6166500,-23.5022800,0 -46.6159700,-23.5019600,0 -46.6155700,-23.5016900,0 -46.6153600,-23.5014600,0</coordinates></LineString></Placemark>
<Style id="s-VM-210">
<LineStyle><color>ff00d7ff</color><width>3.0</width></LineStyle>
<PolyStyle><color>ff00d7ff</color></PolyStyle>
<IconStyle><color>ff00d7ff</color><scale>0.55</scale>
<Icon><href>http://maps.google.com/mapfiles/kml/shapes/placemark_circle.png</href></Icon>
</IconStyle>
<LabelStyle><scale>0.65</scale></LabelStyle>
</Style><Placemark><name>ST30401VM0003 - Seg. 11</name><styleUrl>#s-VM-210</styleUrl><description><![CDATA[<table style="border-collapse:collapse;width:100%;font-family:'Helvetica Neue',Helvetica,Arial,sans-serif;font-size:11px;border:1px solid #e5e7eb;border-radius:8px;overflow:hidden;"><tr><th colspan="2" style="padding:5px 8px;background:#1f6feb;color:#fff;text-align:left;font-size:12px;font-weight:600;">ST30401VM0003 - Seg. 11</th></tr><tr><th style="padding:3px 5px;text-align:left;background:#f3f4f6;border-bottom:1px solid #d1d5db;width:30%;font-size:11px;font-weight:600;color:#1f2937;">Serviço</th><td style="padding:3px 5px;border-bottom:1px solid #e5e7eb;font-size:11px;color:#111827;">Varrição Mecanizada (VM)</td></tr><tr><th style="padding:3px 5px;text-align:left;background:#f3f4f6;border-bottom:1px solid #d1d5db;width:30%;font-size:11px;font-weight:600;color:#1f2937;">Setor</th><td style="padding:3px 5px;border-bottom:1px solid #e5e7eb;font-size:11px;color:#111827;">ST30401VM0003</td></tr><tr><th style="padding:3px 5px;text-align:left;background:#f3f4f6;border-bottom:1px solid #d1d5db;width:30%;font-size:11px;font-weight:600;color:#1f2937;">Tipo de Serviço</th><td style="padding:3px 5px;border-bottom:1px solid #e5e7eb;font-size:11px;color:#111827;">Varrição Mecanizada</td></tr><tr><th style="padding:3px 5px;text-align:left;background:#f3f4f6;border-bottom:1px solid #d1d5db;width:30%;font-size:11px;font-weight:600;color:#1f2937;">Nome</th><td style="padding:3px 5px;border-bottom:1px solid #e5e7eb;font-size:11px;color:#111827;">ST30401VM0003 - Seg. 11</td></tr><tr><th style="padding:3px 5px;text-align:left;background:#f3f4f6;border-bottom:1px solid #d1d5db;width:30%;font-size:11px;font-weight:600;color:#1f2937;">Logradouro</th><td style="padding:3px 5px;border-bottom:1px solid #e5e7eb;font-size:11px;color:#111827;">Av Gal Ataliba Leonel</td></tr><tr><th style="padding:3px 5px;text-align:left;background:#f3f4f6;border-bottom:1px solid #d1d5db;width:30%;font-size:11px;font-weight:600;color:#1f2937;">Subprefeitura</th><td style="padding:3px 5px;border-bottom:1px solid #e5e7eb;font-size:11px;color:#111827;">Santana / Tucuruvi</td></tr><tr><th style="padding:3px 5px;text-align:left;background:#f3f4f6;border-bottom:1px solid #d1d5db;width:30%;font-size:11px;font-weight:600;color:#1f2937;">Turno</th><td style="padding:3px 5px;border-bottom:1px solid #e5e7eb;font-size:11px;color:#111827;">Noturno</td></tr><tr><th style="padding:3px 5px;text-align:left;background:#f3f4f6;border-bottom:1px solid #d1d5db;width:30%;font-size:11px;font-weight:600;color:#1f2937;">Frequência</th><td style="padding:3px 5px;border-bottom:1px solid #e5e7eb;font-size:11px;color:#111827;">—</td></tr><tr><th style="padding:3px 5px;text-align:left;background:#f3f4f6;border-bottom:1px solid #d1d5db;width:30%;font-size:11px;font-weight:600;color:#1f2937;">Cronograma</th><td style="padding:3px 5px;border-bottom:1px solid #e5e7eb;font-size:11px;color:#111827;">—</td></tr></table>]]></description><LineString><coordinates>-46.6262200,-23.5081200,0 -46.6249000,-23.5072400,0 -46.6230700,-23.5059700,0 -46.6217400,-23.5050200,0 -46.6216000,-23.5049000,0 -46.6207500,-23.5038500,0 -46.6196000,-23.5028100,0 -46.6190800,-23.5026000,0 -46.6185000,-23.5026100,0 -46.6169400,-23.5021900,0 -46.6161900,-23.5018700,0 -46.6155600,-23.5013600,0</coordinates></LineString></Placemark>
<Style id="s-VM-211">
<LineStyle><color>ff00d7ff</color><width>3.0</width></LineStyle>
<PolyStyle><color>ff00d7ff</color></PolyStyle>
<IconStyle><color>ff00d7ff</color><scale>0.55</scale>
<Icon><href>http://maps.google.com/mapfiles/kml/shapes/placemark_circle.png</href></Icon>
</IconStyle>
<LabelStyle><scale>0.65</scale></LabelStyle>
</Style><Placemark><name>ST30401VM0003 - Seg. 12</name><styleUrl>#s-VM-211</styleUrl><description><![CDATA[<table style="border-collapse:collapse;width:100%;font-family:'Helvetica Neue',Helvetica,Arial,sans-serif;font-size:11px;border:1px solid #e5e7eb;border-radius:8px;overflow:hidden;"><tr><th colspan="2" style="padding:5px 8px;background:#1f6feb;color:#fff;text-align:left;font-size:12px;font-weight:600;">ST30401VM0003 - Seg. 12</th></tr><tr><th style="padding:3px 5px;text-align:left;background:#f3f4f6;border-bottom:1px solid #d1d5db;width:30%;font-size:11px;font-weight:600;color:#1f2937;">Serviço</th><td style="padding:3px 5px;border-bottom:1px solid #e5e7eb;font-size:11px;color:#111827;">Varrição Mecanizada (VM)</td></tr><tr><th style="padding:3px 5px;text-align:left;background:#f3f4f6;border-bottom:1px solid #d1d5db;width:30%;font-size:11px;font-weight:600;color:#1f2937;">Setor</th><td style="padding:3px 5px;border-bottom:1px solid #e5e7eb;font-size:11px;color:#111827;">ST30401VM0003</td></tr><tr><th style="padding:3px 5px;text-align:left;background:#f3f4f6;border-bottom:1px solid #d1d5db;width:30%;font-size:11px;font-weight:600;color:#1f2937;">Tipo de Serviço</th><td style="padding:3px 5px;border-bottom:1px solid #e5e7eb;font-size:11px;color:#111827;">Varrição Mecanizada</td></tr><tr><th style="padding:3px 5px;text-align:left;background:#f3f4f6;border-bottom:1px solid #d1d5db;width:30%;font-size:11px;font-weight:600;color:#1f2937;">Nome</th><td style="padding:3px 5px;border-bottom:1px solid #e5e7eb;font-size:11px;color:#111827;">ST30401VM0003 - Seg. 12</td></tr><tr><th style="padding:3px 5px;text-align:left;background:#f3f4f6;border-bottom:1px solid #d1d5db;width:30%;font-size:11px;font-weight:600;color:#1f2937;">Logradouro</th><td style="padding:3px 5px;border-bottom:1px solid #e5e7eb;font-size:11px;color:#111827;">Av Gal Pedro Leon Schneider</td></tr><tr><th style="padding:3px 5px;text-align:left;background:#f3f4f6;border-bottom:1px solid #d1d5db;width:30%;font-size:11px;font-weight:600;color:#1f2937;">Subprefeitura</th><td style="padding:3px 5px;border-bottom:1px solid #e5e7eb;font-size:11px;color:#111827;">Santana / Tucuruvi</td></tr><tr><th style="padding:3px 5px;text-align:left;background:#f3f4f6;border-bottom:1px solid #d1d5db;width:30%;font-size:11px;font-weight:600;color:#1f2937;">Turno</th><td style="padding:3px 5px;border-bottom:1px solid #e5e7eb;font-size:11px;color:#111827;">Noturno</td></tr><tr><th style="padding:3px 5px;text-align:left;background:#f3f4f6;border-bottom:1px solid #d1d5db;width:30%;font-size:11px;font-weight:600;color:#1f2937;">Frequência</th><td style="padding:3px 5px;border-bottom:1px solid #e5e7eb;font-size:11px;color:#111827;">—</td></tr><tr><th style="padding:3px 5px;text-align:left;background:#f3f4f6;border-bottom:1px solid #d1d5db;width:30%;font-size:11px;font-weight:600;color:#1f2937;">Cronograma</th><td style="padding:3px 5px;border-bottom:1px solid #e5e7eb;font-size:11px;color:#111827;">—</td></tr></table>]]></description><LineString><coordinates>-46.6286100,-23.5096500,0 -46.6281500,-23.5094200,0 -46.6262200,-23.5081200,0 -46.6277700,-23.5092900,0 -46.6262200,-23.5082000,0 -46.6277700,-23.5092900,0 -46.6284100,-23.5097800,0 -46.6287300,-23.5104900,0</coordinates></LineString></Placemark>
<Style id="s-VM-212">
<LineStyle><color>ff00d7ff</color><width>3.0</width></LineStyle>
<PolyStyle><color>ff00d7ff</color></PolyStyle>
<IconStyle><color>ff00d7ff</color><scale>0.55</scale>
<Icon><href>http://maps.google.com/mapfiles/kml/shapes/placemark_circle.png</href></Icon>
</IconStyle>
<LabelStyle><scale>0.65</scale></LabelStyle>
</Style><Placemark><name>ST30401VM0003 - Seg. 13</name><styleUrl>#s-VM-212</styleUrl><description><![CDATA[<table style="border-collapse:collapse;width:100%;font-family:'Helvetica Neue',Helvetica,Arial,sans-serif;font-size:11px;border:1px solid #e5e7eb;border-radius:8px;overflow:hidden;"><tr><th colspan="2" style="padding:5px 8px;background:#1f6feb;color:#fff;text-align:left;font-size:12px;font-weight:600;">ST30401VM0003 - Seg. 13</th></tr><tr><th style="padding:3px 5px;text-align:left;background:#f3f4f6;border-bottom:1px solid #d1d5db;width:30%;font-size:11px;font-weight:600;color:#1f2937;">Serviço</th><td style="padding:3px 5px;border-bottom:1px solid #e5e7eb;font-size:11px;color:#111827;">Varrição Mecanizada (VM)</td></tr><tr><th style="padding:3px 5px;text-align:left;background:#f3f4f6;border-bottom:1px solid #d1d5db;width:30%;font-size:11px;font-weight:600;color:#1f2937;">Setor</th><td style="padding:3px 5px;border-bottom:1px solid #e5e7eb;font-size:11px;color:#111827;">ST30401VM0003</td></tr><tr><th style="padding:3px 5px;text-align:left;background:#f3f4f6;border-bottom:1px solid #d1d5db;width:30%;font-size:11px;font-weight:600;color:#1f2937;">Tipo de Serviço</th><td style="padding:3px 5px;border-bottom:1px solid #e5e7eb;font-size:11px;color:#111827;">Varrição Mecanizada</td></tr><tr><th style="padding:3px 5px;text-align:left;background:#f3f4f6;border-bottom:1px solid #d1d5db;width:30%;font-size:11px;font-weight:600;color:#1f2937;">Nome</th><td style="padding:3px 5px;border-bottom:1px solid #e5e7eb;font-size:11px;color:#111827;">ST30401VM0003 - Seg. 13</td></tr><tr><th style="padding:3px 5px;text-align:left;background:#f3f4f6;border-bottom:1px solid #d1d5db;width:30%;font-size:11px;font-weight:600;color:#1f2937;">Logradouro</th><td style="padding:3px 5px;border-bottom:1px solid #e5e7eb;font-size:11px;color:#111827;">Av Luiz Dumont Villares</td></tr><tr><th style="padding:3px 5px;text-align:left;background:#f3f4f6;border-bottom:1px solid #d1d5db;width:30%;font-size:11px;font-weight:600;color:#1f2937;">Subprefeitura</th><td style="padding:3px 5px;border-bottom:1px solid #e5e7eb;font-size:11px;color:#111827;">Santana / Tucuruvi</td></tr><tr><th style="padding:3px 5px;text-align:left;background:#f3f4f6;border-bottom:1px solid #d1d5db;width:30%;font-size:11px;font-weight:600;color:#1f2937;">Turno</th><td style="padding:3px 5px;border-bottom:1px solid #e5e7eb;font-size:11px;color:#111827;">Noturno</td></tr><tr><th style="padding:3px 5px;text-align:left;background:#f3f4f6;border-bottom:1px solid #d1d5db;width:30%;font-size:11px;font-weight:600;color:#1f2937;">Frequência</th><td style="padding:3px 5px;border-bottom:1px solid #e5e7eb;font-size:11px;color:#111827;">—</td></tr><tr><th style="padding:3px 5px;text-align:left;background:#f3f4f6;border-bottom:1px solid #d1d5db;width:30%;font-size:11px;font-weight:600;color:#1f2937;">Cronograma</th><td style="padding:3px 5px;border-bottom:1px solid #e5e7eb;font-size:11px;color:#111827;">—</td></tr></table>]]></description><LineString><coordinates>-46.6149900,-23.5007400,0 -46.6133000,-23.4984800,0 -46.6128300,-23.4978200,0 -46.6124100,-23.4971400,0 -46.6121600,-23.4965500,0 -46.6120500,-23.4961000,0 -46.6118100,-23.4941000,0 -46.6116800,-23.4934500,0 -46.6114500,-23.4926300,0 -46.6110800,-23.4916800,0 -46.6100100,-23.4893800,0 -46.6094200,-23.4879500,0 -46.6086500,-23.4863200,0 -46.6079500,-23.4849600,0 -46.6076000,-23.4843800,0 -46.6072300,-23.4838000,0 -46.6069600,-23.4834200,0 -46.6064900,-23.4826700,0 -46.6056100,-23.4815300,0</coordinates></LineString></Placemark>
<Style id="s-VM-213">
<LineStyle><color>ff00d7ff</color><width>3.0</width></LineStyle>
<PolyStyle><color>ff00d7ff</color></PolyStyle>
<IconStyle><color>ff00d7ff</color><scale>0.55</scale>
<Icon><href>http://maps.google.com/mapfiles/kml/shapes/placemark_circle.png</href></Icon>
</IconStyle>
<LabelStyle><scale>0.65</scale></LabelStyle>
</Style><Placemark><name>ST30401VM0003 - Seg. 14</name><styleUrl>#s-VM-213</styleUrl><description><![CDATA[<table style="border-collapse:collapse;width:100%;font-family:'Helvetica Neue',Helvetica,Arial,sans-serif;font-size:11px;border:1px solid #e5e7eb;border-radius:8px;overflow:hidden;"><tr><th colspan="2" style="padding:5px 8px;background:#1f6feb;color:#fff;text-align:left;font-size:12px;font-weight:600;">ST30401VM0003 - Seg. 14</th></tr><tr><th style="padding:3px 5px;text-align:left;background:#f3f4f6;border-bottom:1px solid #d1d5db;width:30%;font-size:11px;font-weight:600;color:#1f2937;">Serviço</th><td style="padding:3px 5px;border-bottom:1px solid #e5e7eb;font-size:11px;color:#111827;">Varrição Mecanizada (VM)</td></tr><tr><th style="padding:3px 5px;text-align:left;background:#f3f4f6;border-bottom:1px solid #d1d5db;width:30%;font-size:11px;font-weight:600;color:#1f2937;">Setor</th><td style="padding:3px 5px;border-bottom:1px solid #e5e7eb;font-size:11px;color:#111827;">ST30401VM0003</td></tr><tr><th style="padding:3px 5px;text-align:left;background:#f3f4f6;border-bottom:1px solid #d1d5db;width:30%;font-size:11px;font-weight:600;color:#1f2937;">Tipo de Serviço</th><td style="padding:3px 5px;border-bottom:1px solid #e5e7eb;font-size:11px;color:#111827;">Varrição Mecanizada</td></tr><tr><th style="padding:3px 5px;text-align:left;background:#f3f4f6;border-bottom:1px solid #d1d5db;width:30%;font-size:11px;font-weight:600;color:#1f2937;">Nome</th><td style="padding:3px 5px;border-bottom:1px solid #e5e7eb;font-size:11px;color:#111827;">ST30401VM0003 - Seg. 14</td></tr><tr><th style="padding:3px 5px;text-align:left;background:#f3f4f6;border-bottom:1px solid #d1d5db;width:30%;font-size:11px;font-weight:600;color:#1f2937;">Logradouro</th><td style="padding:3px 5px;border-bottom:1px solid #e5e7eb;font-size:11px;color:#111827;">Av Luiz Dumont Villares</td></tr><tr><th style="padding:3px 5px;text-align:left;background:#f3f4f6;border-bottom:1px solid #d1d5db;width:30%;font-size:11px;font-weight:600;color:#1f2937;">Subprefeitura</th><td style="padding:3px 5px;border-bottom:1px solid #e5e7eb;font-size:11px;color:#111827;">Santana / Tucuruvi</td></tr><tr><th style="padding:3px 5px;text-align:left;background:#f3f4f6;border-bottom:1px solid #d1d5db;width:30%;font-size:11px;font-weight:600;color:#1f2937;">Turno</th><td style="padding:3px 5px;border-bottom:1px solid #e5e7eb;font-size:11px;color:#111827;">Noturno</td></tr><tr><th style="padding:3px 5px;text-align:left;background:#f3f4f6;border-bottom:1px solid #d1d5db;width:30%;font-size:11px;font-weight:600;color:#1f2937;">Frequência</th><td style="padding:3px 5px;border-bottom:1px solid #e5e7eb;font-size:11px;color:#111827;">—</td></tr><tr><th style="padding:3px 5px;text-align:left;background:#f3f4f6;border-bottom:1px solid #d1d5db;width:30%;font-size:11px;font-weight:600;color:#1f2937;">Cronograma</th><td style="padding:3px 5px;border-bottom:1px solid #e5e7eb;font-size:11px;color:#111827;">—</td></tr></table>]]></description><LineString><coordinates>-46.6147900,-23.5008100,0 -46.6126000,-23.4978400,0 -46.6124100,-23.4975500,0 -46.6122400,-23.4972400,0 -46.6119800,-23.4965800,0 -46.6118300,-23.4958800,0 -46.6116200,-23.4940900,0 -46.6113900,-23.4930700,0 -46.6112400,-23.4926000,0 -46.6108500,-23.4916300,0 -46.6103000,-23.4904200,0 -46.6086200,-23.4868400,0 -46.6081900,-23.4859800,0 -46.6074800,-23.4847200,0 -46.6070800,-23.4841200,0 -46.6060300,-23.4828100,0 -46.6053200,-23.4823100,0 -46.6050400,-23.4822300,0 -46.6047600,-23.4821900,0</coordinates></LineString></Placemark>
<Style id="s-VM-214">
<LineStyle><color>ff00d7ff</color><width>3.0</width></LineStyle>
<PolyStyle><color>ff00d7ff</color></PolyStyle>
<IconStyle><color>ff00d7ff</color><scale>0.55</scale>
<Icon><href>http://maps.google.com/mapfiles/kml/shapes/placemark_circle.png</href></Icon>
</IconStyle>
<LabelStyle><scale>0.65</scale></LabelStyle>
</Style><Placemark><name>ST30401VM0003 - Seg. 15</name><styleUrl>#s-VM-214</styleUrl><description><![CDATA[<table style="border-collapse:collapse;width:100%;font-family:'Helvetica Neue',Helvetica,Arial,sans-serif;font-size:11px;border:1px solid #e5e7eb;border-radius:8px;overflow:hidden;"><tr><th colspan="2" style="padding:5px 8px;background:#1f6feb;color:#fff;text-align:left;font-size:12px;font-weight:600;">ST30401VM0003 - Seg. 15</th></tr><tr><th style="padding:3px 5px;text-align:left;background:#f3f4f6;border-bottom:1px solid #d1d5db;width:30%;font-size:11px;font-weight:600;color:#1f2937;">Serviço</th><td style="padding:3px 5px;border-bottom:1px solid #e5e7eb;font-size:11px;color:#111827;">Varrição Mecanizada (VM)</td></tr><tr><th style="padding:3px 5px;text-align:left;background:#f3f4f6;border-bottom:1px solid #d1d5db;width:30%;font-size:11px;font-weight:600;color:#1f2937;">Setor</th><td style="padding:3px 5px;border-bottom:1px solid #e5e7eb;font-size:11px;color:#111827;">ST30401VM0003</td></tr><tr><th style="padding:3px 5px;text-align:left;background:#f3f4f6;border-bottom:1px solid #d1d5db;width:30%;font-size:11px;font-weight:600;color:#1f2937;">Tipo de Serviço</th><td style="padding:3px 5px;border-bottom:1px solid #e5e7eb;font-size:11px;color:#111827;">Varrição Mecanizada</td></tr><tr><th style="padding:3px 5px;text-align:left;background:#f3f4f6;border-bottom:1px solid #d1d5db;width:30%;font-size:11px;font-weight:600;color:#1f2937;">Nome</th><td style="padding:3px 5px;border-bottom:1px solid #e5e7eb;font-size:11px;color:#111827;">ST30401VM0003 - Seg. 15</td></tr><tr><th style="padding:3px 5px;text-align:left;background:#f3f4f6;border-bottom:1px solid #d1d5db;width:30%;font-size:11px;font-weight:600;color:#1f2937;">Logradouro</th><td style="padding:3px 5px;border-bottom:1px solid #e5e7eb;font-size:11px;color:#111827;">Av Olavo Fontoura</td></tr><tr><th style="padding:3px 5px;text-align:left;background:#f3f4f6;border-bottom:1px solid #d1d5db;width:30%;font-size:11px;font-weight:600;color:#1f2937;">Subprefeitura</th><td style="padding:3px 5px;border-bottom:1px solid #e5e7eb;font-size:11px;color:#111827;">Santana / Tucuruvi</td></tr><tr><th style="padding:3px 5px;text-align:left;background:#f3f4f6;border-bottom:1px solid #d1d5db;width:30%;font-size:11px;font-weight:600;color:#1f2937;">Turno</th><td style="padding:3px 5px;border-bottom:1px solid #e5e7eb;font-size:11px;color:#111827;">Noturno</td></tr><tr><th style="padding:3px 5px;text-align:left;background:#f3f4f6;border-bottom:1px solid #d1d5db;width:30%;font-size:11px;font-weight:600;color:#1f2937;">Frequência</th><td style="padding:3px 5px;border-bottom:1px solid #e5e7eb;font-size:11px;color:#111827;">—</td></tr><tr><th style="padding:3px 5px;text-align:left;background:#f3f4f6;border-bottom:1px solid #d1d5db;width:30%;font-size:11px;font-weight:600;color:#1f2937;">Cronograma</th><td style="padding:3px 5px;border-bottom:1px solid #e5e7eb;font-size:11px;color:#111827;">—</td></tr></table>]]></description><LineString><coordinates>-46.6303400,-23.5139700,0 -46.6308700,-23.5141900,0 -46.6339300,-23.5139900,0 -46.6347600,-23.5140100,0 -46.6356000,-23.5140600,0 -46.6368200,-23.5142400,0 -46.6434200,-23.5153700,0 -46.6442200,-23.5154800,0 -46.6482500,-23.5155900,0 -46.6510700,-23.5156300,0 -46.6519000,-23.5157800,0 -46.6523500,-23.5159500,0 -46.6530300,-23.5160100,0 -46.6537100,-23.5159400,0</coordinates></LineString></Placemark>
<Style id="s-VM-215">
<LineStyle><color>ff00d7ff</color><width>3.0</width></LineStyle>
<PolyStyle><color>ff00d7ff</color></PolyStyle>
<IconStyle><color>ff00d7ff</color><scale>0.55</scale>
<Icon><href>http://maps.google.com/mapfiles/kml/shapes/placemark_circle.png</href></Icon>
</IconStyle>
<LabelStyle><scale>0.65</scale></LabelStyle>
</Style><Placemark><name>ST30401VM0003 - Seg. 16</name><styleUrl>#s-VM-215</styleUrl><description><![CDATA[<table style="border-collapse:collapse;width:100%;font-family:'Helvetica Neue',Helvetica,Arial,sans-serif;font-size:11px;border:1px solid #e5e7eb;border-radius:8px;overflow:hidden;"><tr><th colspan="2" style="padding:5px 8px;background:#1f6feb;color:#fff;text-align:left;font-size:12px;font-weight:600;">ST30401VM0003 - Seg. 16</th></tr><tr><th style="padding:3px 5px;text-align:left;background:#f3f4f6;border-bottom:1px solid #d1d5db;width:30%;font-size:11px;font-weight:600;color:#1f2937;">Serviço</th><td style="padding:3px 5px;border-bottom:1px solid #e5e7eb;font-size:11px;color:#111827;">Varrição Mecanizada (VM)</td></tr><tr><th style="padding:3px 5px;text-align:left;background:#f3f4f6;border-bottom:1px solid #d1d5db;width:30%;font-size:11px;font-weight:600;color:#1f2937;">Setor</th><td style="padding:3px 5px;border-bottom:1px solid #e5e7eb;font-size:11px;color:#111827;">ST30401VM0003</td></tr><tr><th style="padding:3px 5px;text-align:left;background:#f3f4f6;border-bottom:1px solid #d1d5db;width:30%;font-size:11px;font-weight:600;color:#1f2937;">Tipo de Serviço</th><td style="padding:3px 5px;border-bottom:1px solid #e5e7eb;font-size:11px;color:#111827;">Varrição Mecanizada</td></tr><tr><th style="padding:3px 5px;text-align:left;background:#f3f4f6;border-bottom:1px solid #d1d5db;width:30%;font-size:11px;font-weight:600;color:#1f2937;">Nome</th><td style="padding:3px 5px;border-bottom:1px solid #e5e7eb;font-size:11px;color:#111827;">ST30401VM0003 - Seg. 16</td></tr><tr><th style="padding:3px 5px;text-align:left;background:#f3f4f6;border-bottom:1px solid #d1d5db;width:30%;font-size:11px;font-weight:600;color:#1f2937;">Logradouro</th><td style="padding:3px 5px;border-bottom:1px solid #e5e7eb;font-size:11px;color:#111827;">Av Olavo Fontoura</td></tr><tr><th style="padding:3px 5px;text-align:left;background:#f3f4f6;border-bottom:1px solid #d1d5db;width:30%;font-size:11px;font-weight:600;color:#1f2937;">Subprefeitura</th><td style="padding:3px 5px;border-bottom:1px solid #e5e7eb;font-size:11px;color:#111827;">Santana / Tucuruvi</td></tr><tr><th style="padding:3px 5px;text-align:left;background:#f3f4f6;border-bottom:1px solid #d1d5db;width:30%;font-size:11px;font-weight:600;color:#1f2937;">Turno</th><td style="padding:3px 5px;border-bottom:1px solid #e5e7eb;font-size:11px;color:#111827;">Noturno</td></tr><tr><th style="padding:3px 5px;text-align:left;background:#f3f4f6;border-bottom:1px solid #d1d5db;width:30%;font-size:11px;font-weight:600;color:#1f2937;">Frequência</th><td style="padding:3px 5px;border-bottom:1px solid #e5e7eb;font-size:11px;color:#111827;">—</td></tr><tr><th style="padding:3px 5px;text-align:left;background:#f3f4f6;border-bottom:1px solid #d1d5db;width:30%;font-size:11px;font-weight:600;color:#1f2937;">Cronograma</th><td style="padding:3px 5px;border-bottom:1px solid #e5e7eb;font-size:11px;color:#111827;">—</td></tr></table>]]></description><LineString><coordinates>-46.6304800,-23.5146200,0 -46.6309300,-23.5143300,0 -46.6340100,-23.5141400,0 -46.6348000,-23.5141500,0 -46.6355900,-23.5142100,0 -46.6367900,-23.5143800,0 -46.6434900,-23.5155200,0 -46.6443400,-23.5156400,0 -46.6491600,-23.5157400,0 -46.6500900,-23.5157800,0</coordinates></LineString></Placemark>
<Style id="s-VM-216">
<LineStyle><color>ff00d7ff</color><width>3.0</width></LineStyle>
<PolyStyle><color>ff00d7ff</color></PolyStyle>
<IconStyle><color>ff00d7ff</color><scale>0.55</scale>
<Icon><href>http://maps.google.com/mapfiles/kml/shapes/placemark_circle.png</href></Icon>
</IconStyle>
<LabelStyle><scale>0.65</scale></LabelStyle>
</Style><Placemark><name>ST30401VM0003 - Seg. 17</name><styleUrl>#s-VM-216</styleUrl><description><![CDATA[<table style="border-collapse:collapse;width:100%;font-family:'Helvetica Neue',Helvetica,Arial,sans-serif;font-size:11px;border:1px solid #e5e7eb;border-radius:8px;overflow:hidden;"><tr><th colspan="2" style="padding:5px 8px;background:#1f6feb;color:#fff;text-align:left;font-size:12px;font-weight:600;">ST30401VM0003 - Seg. 17</th></tr><tr><th style="padding:3px 5px;text-align:left;background:#f3f4f6;border-bottom:1px solid #d1d5db;width:30%;font-size:11px;font-weight:600;color:#1f2937;">Serviço</th><td style="padding:3px 5px;border-bottom:1px solid #e5e7eb;font-size:11px;color:#111827;">Varrição Mecanizada (VM)</td></tr><tr><th style="padding:3px 5px;text-align:left;background:#f3f4f6;border-bottom:1px solid #d1d5db;width:30%;font-size:11px;font-weight:600;color:#1f2937;">Setor</th><td style="padding:3px 5px;border-bottom:1px solid #e5e7eb;font-size:11px;color:#111827;">ST30401VM0003</td></tr><tr><th style="padding:3px 5px;text-align:left;background:#f3f4f6;border-bottom:1px solid #d1d5db;width:30%;font-size:11px;font-weight:600;color:#1f2937;">Tipo de Serviço</th><td style="padding:3px 5px;border-bottom:1px solid #e5e7eb;font-size:11px;color:#111827;">Varrição Mecanizada</td></tr><tr><th style="padding:3px 5px;text-align:left;background:#f3f4f6;border-bottom:1px solid #d1d5db;width:30%;font-size:11px;font-weight:600;color:#1f2937;">Nome</th><td style="padding:3px 5px;border-bottom:1px solid #e5e7eb;font-size:11px;color:#111827;">ST30401VM0003 - Seg. 17</td></tr><tr><th style="padding:3px 5px;text-align:left;background:#f3f4f6;border-bottom:1px solid #d1d5db;width:30%;font-size:11px;font-weight:600;color:#1f2937;">Logradouro</th><td style="padding:3px 5px;border-bottom:1px solid #e5e7eb;font-size:11px;color:#111827;">Av Sto Dumont</td></tr><tr><th style="padding:3px 5px;text-align:left;background:#f3f4f6;border-bottom:1px solid #d1d5db;width:30%;font-size:11px;font-weight:600;color:#1f2937;">Subprefeitura</th><td style="padding:3px 5px;border-bottom:1px solid #e5e7eb;font-size:11px;color:#111827;">Santana / Tucuruvi</td></tr><tr><th style="padding:3px 5px;text-align:left;background:#f3f4f6;border-bottom:1px solid #d1d5db;width:30%;font-size:11px;font-weight:600;color:#1f2937;">Turno</th><td style="padding:3px 5px;border-bottom:1px solid #e5e7eb;font-size:11px;color:#111827;">Noturno</td></tr><tr><th style="padding:3px 5px;text-align:left;background:#f3f4f6;border-bottom:1px solid #d1d5db;width:30%;font-size:11px;font-weight:600;color:#1f2937;">Frequência</th><td style="padding:3px 5px;border-bottom:1px solid #e5e7eb;font-size:11px;color:#111827;">—</td></tr><tr><th style="padding:3px 5px;text-align:left;background:#f3f4f6;border-bottom:1px solid #d1d5db;width:30%;font-size:11px;font-weight:600;color:#1f2937;">Cronograma</th><td style="padding:3px 5px;border-bottom:1px solid #e5e7eb;font-size:11px;color:#111827;">—</td></tr></table>]]></description><LineString><coordinates>-46.6300600,-23.5180800,0 -46.6298300,-23.5162200,0 -46.6297600,-23.5157800,0 -46.6298500,-23.5153500,0 -46.6298900,-23.5179800,0 -46.6297600,-23.5173100,0 -46.6295600,-23.5159700,0 -46.6292200,-23.5154100,0 -46.6296800,-23.5135100,0 -46.6293500,-23.5129700,0 -46.6289600,-23.5104100,0 -46.6288800,-23.5097700,0 -46.6288400,-23.5086700,0 -46.6287800,-23.5079400,0 -46.6285700,-23.5064900,0 -46.6284900,-23.5051900,0 -46.6283200,-23.5041700,0</coordinates></LineString></Placemark>
<Style id="s-VM-217">
<LineStyle><color>ff00d7ff</color><width>3.0</width></LineStyle>
<PolyStyle><color>ff00d7ff</color></PolyStyle>
<IconStyle><color>ff00d7ff</color><scale>0.55</scale>
<Icon><href>http://maps.google.com/mapfiles/kml/shapes/placemark_circle.png</href></Icon>
</IconStyle>
<LabelStyle><scale>0.65</scale></LabelStyle>
</Style><Placemark><name>ST30401VM0003 - Seg. 18</name><styleUrl>#s-VM-217</styleUrl><description><![CDATA[<table style="border-collapse:collapse;width:100%;font-family:'Helvetica Neue',Helvetica,Arial,sans-serif;font-size:11px;border:1px solid #e5e7eb;border-radius:8px;overflow:hidden;"><tr><th colspan="2" style="padding:5px 8px;background:#1f6feb;color:#fff;text-align:left;font-size:12px;font-weight:600;">ST30401VM0003 - Seg. 18</th></tr><tr><th style="padding:3px 5px;text-align:left;background:#f3f4f6;border-bottom:1px solid #d1d5db;width:30%;font-size:11px;font-weight:600;color:#1f2937;">Serviço</th><td style="padding:3px 5px;border-bottom:1px solid #e5e7eb;font-size:11px;color:#111827;">Varrição Mecanizada (VM)</td></tr><tr><th style="padding:3px 5px;text-align:left;background:#f3f4f6;border-bottom:1px solid #d1d5db;width:30%;font-size:11px;font-weight:600;color:#1f2937;">Setor</th><td style="padding:3px 5px;border-bottom:1px solid #e5e7eb;font-size:11px;color:#111827;">ST30401VM0003</td></tr><tr><th style="padding:3px 5px;text-align:left;background:#f3f4f6;border-bottom:1px solid #d1d5db;width:30%;font-size:11px;font-weight:600;color:#1f2937;">Tipo de Serviço</th><td style="padding:3px 5px;border-bottom:1px solid #e5e7eb;font-size:11px;color:#111827;">Varrição Mecanizada</td></tr><tr><th style="padding:3px 5px;text-align:left;background:#f3f4f6;border-bottom:1px solid #d1d5db;width:30%;font-size:11px;font-weight:600;color:#1f2937;">Nome</th><td style="padding:3px 5px;border-bottom:1px solid #e5e7eb;font-size:11px;color:#111827;">ST30401VM0003 - Seg. 18</td></tr><tr><th style="padding:3px 5px;text-align:left;background:#f3f4f6;border-bottom:1px solid #d1d5db;width:30%;font-size:11px;font-weight:600;color:#1f2937;">Logradouro</th><td style="padding:3px 5px;border-bottom:1px solid #e5e7eb;font-size:11px;color:#111827;">Av Sto Dumont</td></tr><tr><th style="padding:3px 5px;text-align:left;background:#f3f4f6;border-bottom:1px solid #d1d5db;width:30%;font-size:11px;font-weight:600;color:#1f2937;">Subprefeitura</th><td style="padding:3px 5px;border-bottom:1px solid #e5e7eb;font-size:11px;color:#111827;">Santana / Tucuruvi</td></tr><tr><th style="padding:3px 5px;text-align:left;background:#f3f4f6;border-bottom:1px solid #d1d5db;width:30%;font-size:11px;font-weight:600;color:#1f2937;">Turno</th><td style="padding:3px 5px;border-bottom:1px solid #e5e7eb;font-size:11px;color:#111827;">Noturno</td></tr><tr><th style="padding:3px 5px;text-align:left;background:#f3f4f6;border-bottom:1px solid #d1d5db;width:30%;font-size:11px;font-weight:600;color:#1f2937;">Frequência</th><td style="padding:3px 5px;border-bottom:1px solid #e5e7eb;font-size:11px;color:#111827;">—</td></tr><tr><th style="padding:3px 5px;text-align:left;background:#f3f4f6;border-bottom:1px solid #d1d5db;width:30%;font-size:11px;font-weight:600;color:#1f2937;">Cronograma</th><td style="padding:3px 5px;border-bottom:1px solid #e5e7eb;font-size:11px;color:#111827;">—</td></tr></table>]]></description><LineString><coordinates>-46.6288900,-23.5136300,0 -46.6291000,-23.5128500,0 -46.6286100,-23.5096500,0 -46.6282600,-23.5083600,0 -46.6280000,-23.5066500,0 -46.6279200,-23.5062000,0 -46.6277400,-23.5055900,0 -46.6275400,-23.5042300,0</coordinates></LineString></Placemark>
<Style id="s-VM-218">
<LineStyle><color>ff00d7ff</color><width>3.0</width></LineStyle>
<PolyStyle><color>ff00d7ff</color></PolyStyle>
<IconStyle><color>ff00d7ff</color><scale>0.55</scale>
<Icon><href>http://maps.google.com/mapfiles/kml/shapes/placemark_circle.png</href></Icon>
</IconStyle>
<LabelStyle><scale>0.65</scale></LabelStyle>
</Style><Placemark><name>ST30401VM0003 - Seg. 19</name><styleUrl>#s-VM-218</styleUrl><description><![CDATA[<table style="border-collapse:collapse;width:100%;font-family:'Helvetica Neue',Helvetica,Arial,sans-serif;font-size:11px;border:1px solid #e5e7eb;border-radius:8px;overflow:hidden;"><tr><th colspan="2" style="padding:5px 8px;background:#1f6feb;color:#fff;text-align:left;font-size:12px;font-weight:600;">ST30401VM0003 - Seg. 19</th></tr><tr><th style="padding:3px 5px;text-align:left;background:#f3f4f6;border-bottom:1px solid #d1d5db;width:30%;font-size:11px;font-weight:600;color:#1f2937;">Serviço</th><td style="padding:3px 5px;border-bottom:1px solid #e5e7eb;font-size:11px;color:#111827;">Varrição Mecanizada (VM)</td></tr><tr><th style="padding:3px 5px;text-align:left;background:#f3f4f6;border-bottom:1px solid #d1d5db;width:30%;font-size:11px;font-weight:600;color:#1f2937;">Setor</th><td style="padding:3px 5px;border-bottom:1px solid #e5e7eb;font-size:11px;color:#111827;">ST30401VM0003</td></tr><tr><th style="padding:3px 5px;text-align:left;background:#f3f4f6;border-bottom:1px solid #d1d5db;width:30%;font-size:11px;font-weight:600;color:#1f2937;">Tipo de Serviço</th><td style="padding:3px 5px;border-bottom:1px solid #e5e7eb;font-size:11px;color:#111827;">Varrição Mecanizada</td></tr><tr><th style="padding:3px 5px;text-align:left;background:#f3f4f6;border-bottom:1px solid #d1d5db;width:30%;font-size:11px;font-weight:600;color:#1f2937;">Nome</th><td style="padding:3px 5px;border-bottom:1px solid #e5e7eb;font-size:11px;color:#111827;">ST30401VM0003 - Seg. 19</td></tr><tr><th style="padding:3px 5px;text-align:left;background:#f3f4f6;border-bottom:1px solid #d1d5db;width:30%;font-size:11px;font-weight:600;color:#1f2937;">Logradouro</th><td style="padding:3px 5px;border-bottom:1px solid #e5e7eb;font-size:11px;color:#111827;">Av Tucuruvi</td></tr><tr><th style="padding:3px 5px;text-align:left;background:#f3f4f6;border-bottom:1px solid #d1d5db;width:30%;font-size:11px;font-weight:600;color:#1f2937;">Subprefeitura</th><td style="padding:3px 5px;border-bottom:1px solid #e5e7eb;font-size:11px;color:#111827;">Santana / Tucuruvi</td></tr><tr><th style="padding:3px 5px;text-align:left;background:#f3f4f6;border-bottom:1px solid #d1d5db;width:30%;font-size:11px;font-weight:600;color:#1f2937;">Turno</th><td style="padding:3px 5px;border-bottom:1px solid #e5e7eb;font-size:11px;color:#111827;">Noturno</td></tr><tr><th style="padding:3px 5px;text-align:left;background:#f3f4f6;border-bottom:1px solid #d1d5db;width:30%;font-size:11px;font-weight:600;color:#1f2937;">Frequência</th><td style="padding:3px 5px;border-bottom:1px solid #e5e7eb;font-size:11px;color:#111827;">—</td></tr><tr><th style="padding:3px 5px;text-align:left;background:#f3f4f6;border-bottom:1px solid #d1d5db;width:30%;font-size:11px;font-weight:600;color:#1f2937;">Cronograma</th><td style="padding:3px 5px;border-bottom:1px solid #e5e7eb;font-size:11px;color:#111827;">—</td></tr></table>]]></description><LineString><coordinates>-46.6049400,-23.4809800,0 -46.6045800,-23.4811000,0</coordinates></LineString></Placemark>
<Style id="s-VM-219">
<LineStyle><color>ff00d7ff</color><width>3.0</width></LineStyle>
<PolyStyle><color>ff00d7ff</color></PolyStyle>
<IconStyle><color>ff00d7ff</color><scale>0.55</scale>
<Icon><href>http://maps.google.com/mapfiles/kml/shapes/placemark_circle.png</href></Icon>
</IconStyle>
<LabelStyle><scale>0.65</scale></LabelStyle>
</Style><Placemark><name>ST30401VM0003 - Seg. 20</name><styleUrl>#s-VM-219</styleUrl><description><![CDATA[<table style="border-collapse:collapse;width:100%;font-family:'Helvetica Neue',Helvetica,Arial,sans-serif;font-size:11px;border:1px solid #e5e7eb;border-radius:8px;overflow:hidden;"><tr><th colspan="2" style="padding:5px 8px;background:#1f6feb;color:#fff;text-align:left;font-size:12px;font-weight:600;">ST30401VM0003 - Seg. 20</th></tr><tr><th style="padding:3px 5px;text-align:left;background:#f3f4f6;border-bottom:1px solid #d1d5db;width:30%;font-size:11px;font-weight:600;color:#1f2937;">Serviço</th><td style="padding:3px 5px;border-bottom:1px solid #e5e7eb;font-size:11px;color:#111827;">Varrição Mecanizada (VM)</td></tr><tr><th style="padding:3px 5px;text-align:left;background:#f3f4f6;border-bottom:1px solid #d1d5db;width:30%;font-size:11px;font-weight:600;color:#1f2937;">Setor</th><td style="padding:3px 5px;border-bottom:1px solid #e5e7eb;font-size:11px;color:#111827;">ST30401VM0003</td></tr><tr><th style="padding:3px 5px;text-align:left;background:#f3f4f6;border-bottom:1px solid #d1d5db;width:30%;font-size:11px;font-weight:600;color:#1f2937;">Tipo de Serviço</th><td style="padding:3px 5px;border-bottom:1px solid #e5e7eb;font-size:11px;color:#111827;">Varrição Mecanizada</td></tr><tr><th style="padding:3px 5px;text-align:left;background:#f3f4f6;border-bottom:1px solid #d1d5db;width:30%;font-size:11px;font-weight:600;color:#1f2937;">Nome</th><td style="padding:3px 5px;border-bottom:1px solid #e5e7eb;font-size:11px;color:#111827;">ST30401VM0003 - Seg. 20</td></tr><tr><th style="padding:3px 5px;text-align:left;background:#f3f4f6;border-bottom:1px solid #d1d5db;width:30%;font-size:11px;font-weight:600;color:#1f2937;">Logradouro</th><td style="padding:3px 5px;border-bottom:1px solid #e5e7eb;font-size:11px;color:#111827;">Av Zaki Narchi</td></tr><tr><th style="padding:3px 5px;text-align:left;background:#f3f4f6;border-bottom:1px solid #d1d5db;width:30%;font-size:11px;font-weight:600;color:#1f2937;">Subprefeitura</th><td style="padding:3px 5px;border-bottom:1px solid #e5e7eb;font-size:11px;color:#111827;">Santana / Tucuruvi</td></tr><tr><th style="padding:3px 5px;text-align:left;background:#f3f4f6;border-bottom:1px solid #d1d5db;width:30%;font-size:11px;font-weight:600;color:#1f2937;">Turno</th><td style="padding:3px 5px;border-bottom:1px solid #e5e7eb;font-size:11px;color:#111827;">Noturno</td></tr><tr><th style="padding:3px 5px;text-align:left;background:#f3f4f6;border-bottom:1px solid #d1d5db;width:30%;font-size:11px;font-weight:600;color:#1f2937;">Frequência</th><td style="padding:3px 5px;border-bottom:1px solid #e5e7eb;font-size:11px;color:#111827;">—</td></tr><tr><th style="padding:3px 5px;text-align:left;background:#f3f4f6;border-bottom:1px solid #d1d5db;width:30%;font-size:11px;font-weight:600;color:#1f2937;">Cronograma</th><td style="padding:3px 5px;border-bottom:1px solid #e5e7eb;font-size:11px;color:#111827;">—</td></tr></table>]]></description><LineString><coordinates>-46.6251500,-23.5115900,0 -46.6246900,-23.5115800,0 -46.6232900,-23.5116500,0 -46.6226000,-23.5116600,0 -46.6219200,-23.5115700,0 -46.6215600,-23.5114900,0 -46.6210500,-23.5113100,0 -46.6181400,-23.5099600,0 -46.6163600,-23.5091000,0 -46.6159600,-23.5088700,0 -46.6156700,-23.5085400,0 -46.6154600,-23.5081500,0 -46.6153700,-23.5075100,0 -46.6150600,-23.5046000,0 -46.6151300,-23.5037400,0 -46.6153700,-23.5021500,0 -46.6154800,-23.5015800,0</coordinates></LineString></Placemark>
<Style id="s-VM-220">
<LineStyle><color>ff00d7ff</color><width>3.0</width></LineStyle>
<PolyStyle><color>ff00d7ff</color></PolyStyle>
<IconStyle><color>ff00d7ff</color><scale>0.55</scale>
<Icon><href>http://maps.google.com/mapfiles/kml/shapes/placemark_circle.png</href></Icon>
</IconStyle>
<LabelStyle><scale>0.65</scale></LabelStyle>
</Style><Placemark><name>ST30401VM0003 - Seg. 21</name><styleUrl>#s-VM-220</styleUrl><description><![CDATA[<table style="border-collapse:collapse;width:100%;font-family:'Helvetica Neue',Helvetica,Arial,sans-serif;font-size:11px;border:1px solid #e5e7eb;border-radius:8px;overflow:hidden;"><tr><th colspan="2" style="padding:5px 8px;background:#1f6feb;color:#fff;text-align:left;font-size:12px;font-weight:600;">ST30401VM0003 - Seg. 21</th></tr><tr><th style="padding:3px 5px;text-align:left;background:#f3f4f6;border-bottom:1px solid #d1d5db;width:30%;font-size:11px;font-weight:600;color:#1f2937;">Serviço</th><td style="padding:3px 5px;border-bottom:1px solid #e5e7eb;font-size:11px;color:#111827;">Varrição Mecanizada (VM)</td></tr><tr><th style="padding:3px 5px;text-align:left;background:#f3f4f6;border-bottom:1px solid #d1d5db;width:30%;font-size:11px;font-weight:600;color:#1f2937;">Setor</th><td style="padding:3px 5px;border-bottom:1px solid #e5e7eb;font-size:11px;color:#111827;">ST30401VM0003</td></tr><tr><th style="padding:3px 5px;text-align:left;background:#f3f4f6;border-bottom:1px solid #d1d5db;width:30%;font-size:11px;font-weight:600;color:#1f2937;">Tipo de Serviço</th><td style="padding:3px 5px;border-bottom:1px solid #e5e7eb;font-size:11px;color:#111827;">Varrição Mecanizada</td></tr><tr><th style="padding:3px 5px;text-align:left;background:#f3f4f6;border-bottom:1px solid #d1d5db;width:30%;font-size:11px;font-weight:600;color:#1f2937;">Nome</th><td style="padding:3px 5px;border-bottom:1px solid #e5e7eb;font-size:11px;color:#111827;">ST30401VM0003 - Seg. 21</td></tr><tr><th style="padding:3px 5px;text-align:left;background:#f3f4f6;border-bottom:1px solid #d1d5db;width:30%;font-size:11px;font-weight:600;color:#1f2937;">Logradouro</th><td style="padding:3px 5px;border-bottom:1px solid #e5e7eb;font-size:11px;color:#111827;">Av Zaki Narchi</td></tr><tr><th style="padding:3px 5px;text-align:left;background:#f3f4f6;border-bottom:1px solid #d1d5db;width:30%;font-size:11px;font-weight:600;color:#1f2937;">Subprefeitura</th><td style="padding:3px 5px;border-bottom:1px solid #e5e7eb;font-size:11px;color:#111827;">Santana / Tucuruvi</td></tr><tr><th style="padding:3px 5px;text-align:left;background:#f3f4f6;border-bottom:1px solid #d1d5db;width:30%;font-size:11px;font-weight:600;color:#1f2937;">Turno</th><td style="padding:3px 5px;border-bottom:1px solid #e5e7eb;font-size:11px;color:#111827;">Noturno</td></tr><tr><th style="padding:3px 5px;text-align:left;background:#f3f4f6;border-bottom:1px solid #d1d5db;width:30%;font-size:11px;font-weight:600;color:#1f2937;">Frequência</th><td style="padding:3px 5px;border-bottom:1px solid #e5e7eb;font-size:11px;color:#111827;">—</td></tr><tr><th style="padding:3px 5px;text-align:left;background:#f3f4f6;border-bottom:1px solid #d1d5db;width:30%;font-size:11px;font-weight:600;color:#1f2937;">Cronograma</th><td style="padding:3px 5px;border-bottom:1px solid #e5e7eb;font-size:11px;color:#111827;">—</td></tr></table>]]></description><LineString><coordinates>-46.6251400,-23.5114300,0 -46.6244400,-23.5114400,0 -46.6230000,-23.5115200,0 -46.6220300,-23.5114400,0 -46.6216500,-23.5113400,0 -46.6212700,-23.5112200,0 -46.6205700,-23.5109000,0 -46.6162800,-23.5088700,0 -46.6160700,-23.5087300,0 -46.6158900,-23.5085700,0 -46.6157200,-23.5083600,0 -46.6156000,-23.5081300,0 -46.6155200,-23.5078400,0 -46.6154700,-23.5075000,0 -46.6154500,-23.5071700,0 -46.6151600,-23.5045500,0 -46.6152700,-23.5036600,0 -46.6155700,-23.5016900,0</coordinates></LineString></Placemark>
<Style id="s-VM-221">
<LineStyle><color>ff00d7ff</color><width>3.0</width></LineStyle>
<PolyStyle><color>ff00d7ff</color></PolyStyle>
<IconStyle><color>ff00d7ff</color><scale>0.55</scale>
<Icon><href>http://maps.google.com/mapfiles/kml/shapes/placemark_circle.png</href></Icon>
</IconStyle>
<LabelStyle><scale>0.65</scale></LabelStyle>
</Style><Placemark><name>ST30401VM0003 - Seg. 22</name><styleUrl>#s-VM-221</styleUrl><description><![CDATA[<table style="border-collapse:collapse;width:100%;font-family:'Helvetica Neue',Helvetica,Arial,sans-serif;font-size:11px;border:1px solid #e5e7eb;border-radius:8px;overflow:hidden;"><tr><th colspan="2" style="padding:5px 8px;background:#1f6feb;color:#fff;text-align:left;font-size:12px;font-weight:600;">ST30401VM0003 - Seg. 22</th></tr><tr><th style="padding:3px 5px;text-align:left;background:#f3f4f6;border-bottom:1px solid #d1d5db;width:30%;font-size:11px;font-weight:600;color:#1f2937;">Serviço</th><td style="padding:3px 5px;border-bottom:1px solid #e5e7eb;font-size:11px;color:#111827;">Varrição Mecanizada (VM)</td></tr><tr><th style="padding:3px 5px;text-align:left;background:#f3f4f6;border-bottom:1px solid #d1d5db;width:30%;font-size:11px;font-weight:600;color:#1f2937;">Setor</th><td style="padding:3px 5px;border-bottom:1px solid #e5e7eb;font-size:11px;color:#111827;">ST30401VM0003</td></tr><tr><th style="padding:3px 5px;text-align:left;background:#f3f4f6;border-bottom:1px solid #d1d5db;width:30%;font-size:11px;font-weight:600;color:#1f2937;">Tipo de Serviço</th><td style="padding:3px 5px;border-bottom:1px solid #e5e7eb;font-size:11px;color:#111827;">Varrição Mecanizada</td></tr><tr><th style="padding:3px 5px;text-align:left;background:#f3f4f6;border-bottom:1px solid #d1d5db;width:30%;font-size:11px;font-weight:600;color:#1f2937;">Nome</th><td style="padding:3px 5px;border-bottom:1px solid #e5e7eb;font-size:11px;color:#111827;">ST30401VM0003 - Seg. 22</td></tr><tr><th style="padding:3px 5px;text-align:left;background:#f3f4f6;border-bottom:1px solid #d1d5db;width:30%;font-size:11px;font-weight:600;color:#1f2937;">Logradouro</th><td style="padding:3px 5px;border-bottom:1px solid #e5e7eb;font-size:11px;color:#111827;">Pc Arqo Flavio Imperio</td></tr><tr><th style="padding:3px 5px;text-align:left;background:#f3f4f6;border-bottom:1px solid #d1d5db;width:30%;font-size:11px;font-weight:600;color:#1f2937;">Subprefeitura</th><td style="padding:3px 5px;border-bottom:1px solid #e5e7eb;font-size:11px;color:#111827;">Santana / Tucuruvi</td></tr><tr><th style="padding:3px 5px;text-align:left;background:#f3f4f6;border-bottom:1px solid #d1d5db;width:30%;font-size:11px;font-weight:600;color:#1f2937;">Turno</th><td style="padding:3px 5px;border-bottom:1px solid #e5e7eb;font-size:11px;color:#111827;">Noturno</td></tr><tr><th style="padding:3px 5px;text-align:left;background:#f3f4f6;border-bottom:1px solid #d1d5db;width:30%;font-size:11px;font-weight:600;color:#1f2937;">Frequência</th><td style="padding:3px 5px;border-bottom:1px solid #e5e7eb;font-size:11px;color:#111827;">—</td></tr><tr><th style="padding:3px 5px;text-align:left;background:#f3f4f6;border-bottom:1px solid #d1d5db;width:30%;font-size:11px;font-weight:600;color:#1f2937;">Cronograma</th><td style="padding:3px 5px;border-bottom:1px solid #e5e7eb;font-size:11px;color:#111827;">—</td></tr></table>]]></description><LineString><coordinates>-46.6056100,-23.4815300,0 -46.6053100,-23.4812100,0 -46.6049400,-23.4809800,0</coordinates></LineString></Placemark>
<Style id="s-VM-222">
<LineStyle><color>ff00d7ff</color><width>3.0</width></LineStyle>
<PolyStyle><color>ff00d7ff</color></PolyStyle>
<IconStyle><color>ff00d7ff</color><scale>0.55</scale>
<Icon><href>http://maps.google.com/mapfiles/kml/shapes/placemark_circle.png</href></Icon>
</IconStyle>
<LabelStyle><scale>0.65</scale></LabelStyle>
</Style><Placemark><name>ST30401VM0003 - Seg. 23</name><styleUrl>#s-VM-222</styleUrl><description><![CDATA[<table style="border-collapse:collapse;width:100%;font-family:'Helvetica Neue',Helvetica,Arial,sans-serif;font-size:11px;border:1px solid #e5e7eb;border-radius:8px;overflow:hidden;"><tr><th colspan="2" style="padding:5px 8px;background:#1f6feb;color:#fff;text-align:left;font-size:12px;font-weight:600;">ST30401VM0003 - Seg. 23</th></tr><tr><th style="padding:3px 5px;text-align:left;background:#f3f4f6;border-bottom:1px solid #d1d5db;width:30%;font-size:11px;font-weight:600;color:#1f2937;">Serviço</th><td style="padding:3px 5px;border-bottom:1px solid #e5e7eb;font-size:11px;color:#111827;">Varrição Mecanizada (VM)</td></tr><tr><th style="padding:3px 5px;text-align:left;background:#f3f4f6;border-bottom:1px solid #d1d5db;width:30%;font-size:11px;font-weight:600;color:#1f2937;">Setor</th><td style="padding:3px 5px;border-bottom:1px solid #e5e7eb;font-size:11px;color:#111827;">ST30401VM0003</td></tr><tr><th style="padding:3px 5px;text-align:left;background:#f3f4f6;border-bottom:1px solid #d1d5db;width:30%;font-size:11px;font-weight:600;color:#1f2937;">Tipo de Serviço</th><td style="padding:3px 5px;border-bottom:1px solid #e5e7eb;font-size:11px;color:#111827;">Varrição Mecanizada</td></tr><tr><th style="padding:3px 5px;text-align:left;background:#f3f4f6;border-bottom:1px solid #d1d5db;width:30%;font-size:11px;font-weight:600;color:#1f2937;">Nome</th><td style="padding:3px 5px;border-bottom:1px solid #e5e7eb;font-size:11px;color:#111827;">ST30401VM0003 - Seg. 23</td></tr><tr><th style="padding:3px 5px;text-align:left;background:#f3f4f6;border-bottom:1px solid #d1d5db;width:30%;font-size:11px;font-weight:600;color:#1f2937;">Logradouro</th><td style="padding:3px 5px;border-bottom:1px solid #e5e7eb;font-size:11px;color:#111827;">Pc Campo de Bagatelle</td></tr><tr><th style="padding:3px 5px;text-align:left;background:#f3f4f6;border-bottom:1px solid #d1d5db;width:30%;font-size:11px;font-weight:600;color:#1f2937;">Subprefeitura</th><td style="padding:3px 5px;border-bottom:1px solid #e5e7eb;font-size:11px;color:#111827;">Santana / Tucuruvi</td></tr><tr><th style="padding:3px 5px;text-align:left;background:#f3f4f6;border-bottom:1px solid #d1d5db;width:30%;font-size:11px;font-weight:600;color:#1f2937;">Turno</th><td style="padding:3px 5px;border-bottom:1px solid #e5e7eb;font-size:11px;color:#111827;">Noturno</td></tr><tr><th style="padding:3px 5px;text-align:left;background:#f3f4f6;border-bottom:1px solid #d1d5db;width:30%;font-size:11px;font-weight:600;color:#1f2937;">Frequência</th><td style="padding:3px 5px;border-bottom:1px solid #e5e7eb;font-size:11px;color:#111827;">—</td></tr><tr><th style="padding:3px 5px;text-align:left;background:#f3f4f6;border-bottom:1px solid #d1d5db;width:30%;font-size:11px;font-weight:600;color:#1f2937;">Cronograma</th><td style="padding:3px 5px;border-bottom:1px solid #e5e7eb;font-size:11px;color:#111827;">—</td></tr></table>]]></description><LineString><coordinates>-46.6303400,-23.5139700,0 -46.6304700,-23.5142800,0 -46.6304800,-23.5146200,0 -46.6296800,-23.5135100,0 -46.6300600,-23.5136800,0 -46.6303400,-23.5139700,0 -46.6288900,-23.5136300,0 -46.6285000,-23.5140100,0 -46.6284000,-23.5145300,0 -46.6292200,-23.5154100,0 -46.6286500,-23.5150900,0 -46.6284000,-23.5145300,0 -46.6304800,-23.5146200,0 -46.6302700,-23.5150600,0 -46.6298500,-23.5153500,0</coordinates></LineString></Placemark>
<Style id="s-VM-223">
<LineStyle><color>ff00d7ff</color><width>3.0</width></LineStyle>
<PolyStyle><color>ff00d7ff</color></PolyStyle>
<IconStyle><color>ff00d7ff</color><scale>0.55</scale>
<Icon><href>http://maps.google.com/mapfiles/kml/shapes/placemark_circle.png</href></Icon>
</IconStyle>
<LabelStyle><scale>0.65</scale></LabelStyle>
</Style><Placemark><name>ST30401VM0003 - Seg. 24</name><styleUrl>#s-VM-223</styleUrl><description><![CDATA[<table style="border-collapse:collapse;width:100%;font-family:'Helvetica Neue',Helvetica,Arial,sans-serif;font-size:11px;border:1px solid #e5e7eb;border-radius:8px;overflow:hidden;"><tr><th colspan="2" style="padding:5px 8px;background:#1f6feb;color:#fff;text-align:left;font-size:12px;font-weight:600;">ST30401VM0003 - Seg. 24</th></tr><tr><th style="padding:3px 5px;text-align:left;background:#f3f4f6;border-bottom:1px solid #d1d5db;width:30%;font-size:11px;font-weight:600;color:#1f2937;">Serviço</th><td style="padding:3px 5px;border-bottom:1px solid #e5e7eb;font-size:11px;color:#111827;">Varrição Mecanizada (VM)</td></tr><tr><th style="padding:3px 5px;text-align:left;background:#f3f4f6;border-bottom:1px solid #d1d5db;width:30%;font-size:11px;font-weight:600;color:#1f2937;">Setor</th><td style="padding:3px 5px;border-bottom:1px solid #e5e7eb;font-size:11px;color:#111827;">ST30401VM0003</td></tr><tr><th style="padding:3px 5px;text-align:left;background:#f3f4f6;border-bottom:1px solid #d1d5db;width:30%;font-size:11px;font-weight:600;color:#1f2937;">Tipo de Serviço</th><td style="padding:3px 5px;border-bottom:1px solid #e5e7eb;font-size:11px;color:#111827;">Varrição Mecanizada</td></tr><tr><th style="padding:3px 5px;text-align:left;background:#f3f4f6;border-bottom:1px solid #d1d5db;width:30%;font-size:11px;font-weight:600;color:#1f2937;">Nome</th><td style="padding:3px 5px;border-bottom:1px solid #e5e7eb;font-size:11px;color:#111827;">ST30401VM0003 - Seg. 24</td></tr><tr><th style="padding:3px 5px;text-align:left;background:#f3f4f6;border-bottom:1px solid #d1d5db;width:30%;font-size:11px;font-weight:600;color:#1f2937;">Logradouro</th><td style="padding:3px 5px;border-bottom:1px solid #e5e7eb;font-size:11px;color:#111827;">Pte Cruzeiro do Sul</td></tr><tr><th style="padding:3px 5px;text-align:left;background:#f3f4f6;border-bottom:1px solid #d1d5db;width:30%;font-size:11px;font-weight:600;color:#1f2937;">Subprefeitura</th><td style="padding:3px 5px;border-bottom:1px solid #e5e7eb;font-size:11px;color:#111827;">Santana / Tucuruvi</td></tr><tr><th style="padding:3px 5px;text-align:left;background:#f3f4f6;border-bottom:1px solid #d1d5db;width:30%;font-size:11px;font-weight:600;color:#1f2937;">Turno</th><td style="padding:3px 5px;border-bottom:1px solid #e5e7eb;font-size:11px;color:#111827;">Noturno</td></tr><tr><th style="padding:3px 5px;text-align:left;background:#f3f4f6;border-bottom:1px solid #d1d5db;width:30%;font-size:11px;font-weight:600;color:#1f2937;">Frequência</th><td style="padding:3px 5px;border-bottom:1px solid #e5e7eb;font-size:11px;color:#111827;">—</td></tr><tr><th style="padding:3px 5px;text-align:left;background:#f3f4f6;border-bottom:1px solid #d1d5db;width:30%;font-size:11px;font-weight:600;color:#1f2937;">Cronograma</th><td style="padding:3px 5px;border-bottom:1px solid #e5e7eb;font-size:11px;color:#111827;">—</td></tr></table>]]></description><LineString><coordinates>-46.6253000,-23.5174700,0 -46.6252900,-23.5167300,0 -46.6253200,-23.5182800,0 -46.6252900,-23.5167300,0 -46.6252700,-23.5165900,0 -46.6251100,-23.5182800,0 -46.6250900,-23.5171000,0</coordinates></LineString></Placemark>
<Style id="s-VM-224">
<LineStyle><color>ff00d7ff</color><width>3.0</width></LineStyle>
<PolyStyle><color>ff00d7ff</color></PolyStyle>
<IconStyle><color>ff00d7ff</color><scale>0.55</scale>
<Icon><href>http://maps.google.com/mapfiles/kml/shapes/placemark_circle.png</href></Icon>
</IconStyle>
<LabelStyle><scale>0.65</scale></LabelStyle>
</Style><Placemark><name>ST30401VM0003 - Seg. 25</name><styleUrl>#s-VM-224</styleUrl><description><![CDATA[<table style="border-collapse:collapse;width:100%;font-family:'Helvetica Neue',Helvetica,Arial,sans-serif;font-size:11px;border:1px solid #e5e7eb;border-radius:8px;overflow:hidden;"><tr><th colspan="2" style="padding:5px 8px;background:#1f6feb;color:#fff;text-align:left;font-size:12px;font-weight:600;">ST30401VM0003 - Seg. 25</th></tr><tr><th style="padding:3px 5px;text-align:left;background:#f3f4f6;border-bottom:1px solid #d1d5db;width:30%;font-size:11px;font-weight:600;color:#1f2937;">Serviço</th><td style="padding:3px 5px;border-bottom:1px solid #e5e7eb;font-size:11px;color:#111827;">Varrição Mecanizada (VM)</td></tr><tr><th style="padding:3px 5px;text-align:left;background:#f3f4f6;border-bottom:1px solid #d1d5db;width:30%;font-size:11px;font-weight:600;color:#1f2937;">Setor</th><td style="padding:3px 5px;border-bottom:1px solid #e5e7eb;font-size:11px;color:#111827;">ST30401VM0003</td></tr><tr><th style="padding:3px 5px;text-align:left;background:#f3f4f6;border-bottom:1px solid #d1d5db;width:30%;font-size:11px;font-weight:600;color:#1f2937;">Tipo de Serviço</th><td style="padding:3px 5px;border-bottom:1px solid #e5e7eb;font-size:11px;color:#111827;">Varrição Mecanizada</td></tr><tr><th style="padding:3px 5px;text-align:left;background:#f3f4f6;border-bottom:1px solid #d1d5db;width:30%;font-size:11px;font-weight:600;color:#1f2937;">Nome</th><td style="padding:3px 5px;border-bottom:1px solid #e5e7eb;font-size:11px;color:#111827;">ST30401VM0003 - Seg. 25</td></tr><tr><th style="padding:3px 5px;text-align:left;background:#f3f4f6;border-bottom:1px solid #d1d5db;width:30%;font-size:11px;font-weight:600;color:#1f2937;">Logradouro</th><td style="padding:3px 5px;border-bottom:1px solid #e5e7eb;font-size:11px;color:#111827;">Pte da Casa Verde</td></tr><tr><th style="padding:3px 5px;text-align:left;background:#f3f4f6;border-bottom:1px solid #d1d5db;width:30%;font-size:11px;font-weight:600;color:#1f2937;">Subprefeitura</th><td style="padding:3px 5px;border-bottom:1px solid #e5e7eb;font-size:11px;color:#111827;">Santana / Tucuruvi</td></tr><tr><th style="padding:3px 5px;text-align:left;background:#f3f4f6;border-bottom:1px solid #d1d5db;width:30%;font-size:11px;font-weight:600;color:#1f2937;">Turno</th><td style="padding:3px 5px;border-bottom:1px solid #e5e7eb;font-size:11px;color:#111827;">Noturno</td></tr><tr><th style="padding:3px 5px;text-align:left;background:#f3f4f6;border-bottom:1px solid #d1d5db;width:30%;font-size:11px;font-weight:600;color:#1f2937;">Frequência</th><td style="padding:3px 5px;border-bottom:1px solid #e5e7eb;font-size:11px;color:#111827;">—</td></tr><tr><th style="padding:3px 5px;text-align:left;background:#f3f4f6;border-bottom:1px solid #d1d5db;width:30%;font-size:11px;font-weight:600;color:#1f2937;">Cronograma</th><td style="padding:3px 5px;border-bottom:1px solid #e5e7eb;font-size:11px;color:#111827;">—</td></tr></table>]]></description><LineString><coordinates>-46.6538900,-23.5156500,0 -46.6538100,-23.5149900,0 -46.6537700,-23.5143300,0 -46.6537000,-23.5136100,0 -46.6537100,-23.5151700,0 -46.6534800,-23.5140100,0</coordinates></LineString></Placemark>
<Style id="s-VM-225">
<LineStyle><color>ff00d7ff</color><width>3.0</width></LineStyle>
<PolyStyle><color>ff00d7ff</color></PolyStyle>
<IconStyle><color>ff00d7ff</color><scale>0.55</scale>
<Icon><href>http://maps.google.com/mapfiles/kml/shapes/placemark_circle.png</href></Icon>
</IconStyle>
<LabelStyle><scale>0.65</scale></LabelStyle>
</Style><Placemark><name>ST30401VM0003 - Seg. 26</name><styleUrl>#s-VM-225</styleUrl><description><![CDATA[<table style="border-collapse:collapse;width:100%;font-family:'Helvetica Neue',Helvetica,Arial,sans-serif;font-size:11px;border:1px solid #e5e7eb;border-radius:8px;overflow:hidden;"><tr><th colspan="2" style="padding:5px 8px;background:#1f6feb;color:#fff;text-align:left;font-size:12px;font-weight:600;">ST30401VM0003 - Seg. 26</th></tr><tr><th style="padding:3px 5px;text-align:left;background:#f3f4f6;border-bottom:1px solid #d1d5db;width:30%;font-size:11px;font-weight:600;color:#1f2937;">Serviço</th><td style="padding:3px 5px;border-bottom:1px solid #e5e7eb;font-size:11px;color:#111827;">Varrição Mecanizada (VM)</td></tr><tr><th style="padding:3px 5px;text-align:left;background:#f3f4f6;border-bottom:1px solid #d1d5db;width:30%;font-size:11px;font-weight:600;color:#1f2937;">Setor</th><td style="padding:3px 5px;border-bottom:1px solid #e5e7eb;font-size:11px;color:#111827;">ST30401VM0003</td></tr><tr><th style="padding:3px 5px;text-align:left;background:#f3f4f6;border-bottom:1px solid #d1d5db;width:30%;font-size:11px;font-weight:600;color:#1f2937;">Tipo de Serviço</th><td style="padding:3px 5px;border-bottom:1px solid #e5e7eb;font-size:11px;color:#111827;">Varrição Mecanizada</td></tr><tr><th style="padding:3px 5px;text-align:left;background:#f3f4f6;border-bottom:1px solid #d1d5db;width:30%;font-size:11px;font-weight:600;color:#1f2937;">Nome</th><td style="padding:3px 5px;border-bottom:1px solid #e5e7eb;font-size:11px;color:#111827;">ST30401VM0003 - Seg. 26</td></tr><tr><th style="padding:3px 5px;text-align:left;background:#f3f4f6;border-bottom:1px solid #d1d5db;width:30%;font-size:11px;font-weight:600;color:#1f2937;">Logradouro</th><td style="padding:3px 5px;border-bottom:1px solid #e5e7eb;font-size:11px;color:#111827;">R Prf Milton Rodrigues</td></tr><tr><th style="padding:3px 5px;text-align:left;background:#f3f4f6;border-bottom:1px solid #d1d5db;width:30%;font-size:11px;font-weight:600;color:#1f2937;">Subprefeitura</th><td style="padding:3px 5px;border-bottom:1px solid #e5e7eb;font-size:11px;color:#111827;">Santana / Tucuruvi</td></tr><tr><th style="padding:3px 5px;text-align:left;background:#f3f4f6;border-bottom:1px solid #d1d5db;width:30%;font-size:11px;font-weight:600;color:#1f2937;">Turno</th><td style="padding:3px 5px;border-bottom:1px solid #e5e7eb;font-size:11px;color:#111827;">Noturno</td></tr><tr><th style="padding:3px 5px;text-align:left;background:#f3f4f6;border-bottom:1px solid #d1d5db;width:30%;font-size:11px;font-weight:600;color:#1f2937;">Frequência</th><td style="padding:3px 5px;border-bottom:1px solid #e5e7eb;font-size:11px;color:#111827;">—</td></tr><tr><th style="padding:3px 5px;text-align:left;background:#f3f4f6;border-bottom:1px solid #d1d5db;width:30%;font-size:11px;font-weight:600;color:#1f2937;">Cronograma</th><td style="padding:3px 5px;border-bottom:1px solid #e5e7eb;font-size:11px;color:#111827;">—</td></tr></table>]]></description><LineString><coordinates>-46.6417300,-23.5175400,0 -46.6415200,-23.5173900,0 -46.6414000,-23.5156900,0 -46.6414900,-23.5153400,0 -46.6418500,-23.5152400,0 -46.6381700,-23.5176600,0 -46.6390200,-23.5175700,0 -46.6407300,-23.5174700,0 -46.6412900,-23.5171400,0 -46.6411700,-23.5153600,0 -46.6409500,-23.5150900,0</coordinates></LineString></Placemark>
<Style id="s-VM-226">
<LineStyle><color>ff00d7ff</color><width>3.0</width></LineStyle>
<PolyStyle><color>ff00d7ff</color></PolyStyle>
<IconStyle><color>ff00d7ff</color><scale>0.55</scale>
<Icon><href>http://maps.google.com/mapfiles/kml/shapes/placemark_circle.png</href></Icon>
</IconStyle>
<LabelStyle><scale>0.65</scale></LabelStyle>
</Style><Placemark><name>ST30401VM0003 - Seg. 27</name><styleUrl>#s-VM-226</styleUrl><description><![CDATA[<table style="border-collapse:collapse;width:100%;font-family:'Helvetica Neue',Helvetica,Arial,sans-serif;font-size:11px;border:1px solid #e5e7eb;border-radius:8px;overflow:hidden;"><tr><th colspan="2" style="padding:5px 8px;background:#1f6feb;color:#fff;text-align:left;font-size:12px;font-weight:600;">ST30401VM0003 - Seg. 27</th></tr><tr><th style="padding:3px 5px;text-align:left;background:#f3f4f6;border-bottom:1px solid #d1d5db;width:30%;font-size:11px;font-weight:600;color:#1f2937;">Serviço</th><td style="padding:3px 5px;border-bottom:1px solid #e5e7eb;font-size:11px;color:#111827;">Varrição Mecanizada (VM)</td></tr><tr><th style="padding:3px 5px;text-align:left;background:#f3f4f6;border-bottom:1px solid #d1d5db;width:30%;font-size:11px;font-weight:600;color:#1f2937;">Setor</th><td style="padding:3px 5px;border-bottom:1px solid #e5e7eb;font-size:11px;color:#111827;">ST30401VM0003</td></tr><tr><th style="padding:3px 5px;text-align:left;background:#f3f4f6;border-bottom:1px solid #d1d5db;width:30%;font-size:11px;font-weight:600;color:#1f2937;">Tipo de Serviço</th><td style="padding:3px 5px;border-bottom:1px solid #e5e7eb;font-size:11px;color:#111827;">Varrição Mecanizada</td></tr><tr><th style="padding:3px 5px;text-align:left;background:#f3f4f6;border-bottom:1px solid #d1d5db;width:30%;font-size:11px;font-weight:600;color:#1f2937;">Nome</th><td style="padding:3px 5px;border-bottom:1px solid #e5e7eb;font-size:11px;color:#111827;">ST30401VM0003 - Seg. 27</td></tr><tr><th style="padding:3px 5px;text-align:left;background:#f3f4f6;border-bottom:1px solid #d1d5db;width:30%;font-size:11px;font-weight:600;color:#1f2937;">Logradouro</th><td style="padding:3px 5px;border-bottom:1px solid #e5e7eb;font-size:11px;color:#111827;">R Sta Eulalia</td></tr><tr><th style="padding:3px 5px;text-align:left;background:#f3f4f6;border-bottom:1px solid #d1d5db;width:30%;font-size:11px;font-weight:600;color:#1f2937;">Subprefeitura</th><td style="padding:3px 5px;border-bottom:1px solid #e5e7eb;font-size:11px;color:#111827;">Santana / Tucuruvi</td></tr><tr><th style="padding:3px 5px;text-align:left;background:#f3f4f6;border-bottom:1px solid #d1d5db;width:30%;font-size:11px;font-weight:600;color:#1f2937;">Turno</th><td style="padding:3px 5px;border-bottom:1px solid #e5e7eb;font-size:11px;color:#111827;">Noturno</td></tr><tr><th style="padding:3px 5px;text-align:left;background:#f3f4f6;border-bottom:1px solid #d1d5db;width:30%;font-size:11px;font-weight:600;color:#1f2937;">Frequência</th><td style="padding:3px 5px;border-bottom:1px solid #e5e7eb;font-size:11px;color:#111827;">—</td></tr><tr><th style="padding:3px 5px;text-align:left;background:#f3f4f6;border-bottom:1px solid #d1d5db;width:30%;font-size:11px;font-weight:600;color:#1f2937;">Cronograma</th><td style="padding:3px 5px;border-bottom:1px solid #e5e7eb;font-size:11px;color:#111827;">—</td></tr></table>]]></description><LineString><coordinates>-46.6251400,-23.5114300,0 -46.6261300,-23.5114800,0 -46.6285000,-23.5115100,0 -46.6287400,-23.5113200,0 -46.6288200,-23.5110200,0 -46.6251500,-23.5115900,0 -46.6262000,-23.5116300,0 -46.6281400,-23.5116300,0 -46.6289600,-23.5119800,0</coordinates></LineString></Placemark>
<Style id="s-VM-227">
<LineStyle><color>ff00d7ff</color><width>3.0</width></LineStyle>
<PolyStyle><color>ff00d7ff</color></PolyStyle>
<IconStyle><color>ff00d7ff</color><scale>0.55</scale>
<Icon><href>http://maps.google.com/mapfiles/kml/shapes/placemark_circle.png</href></Icon>
</IconStyle>
<LabelStyle><scale>0.65</scale></LabelStyle>
</Style><Placemark><name>ST30401VM0003 - Seg. 28</name><styleUrl>#s-VM-227</styleUrl><description><![CDATA[<table style="border-collapse:collapse;width:100%;font-family:'Helvetica Neue',Helvetica,Arial,sans-serif;font-size:11px;border:1px solid #e5e7eb;border-radius:8px;overflow:hidden;"><tr><th colspan="2" style="padding:5px 8px;background:#1f6feb;color:#fff;text-align:left;font-size:12px;font-weight:600;">ST30401VM0003 - Seg. 28</th></tr><tr><th style="padding:3px 5px;text-align:left;background:#f3f4f6;border-bottom:1px solid #d1d5db;width:30%;font-size:11px;font-weight:600;color:#1f2937;">Serviço</th><td style="padding:3px 5px;border-bottom:1px solid #e5e7eb;font-size:11px;color:#111827;">Varrição Mecanizada (VM)</td></tr><tr><th style="padding:3px 5px;text-align:left;background:#f3f4f6;border-bottom:1px solid #d1d5db;width:30%;font-size:11px;font-weight:600;color:#1f2937;">Setor</th><td style="padding:3px 5px;border-bottom:1px solid #e5e7eb;font-size:11px;color:#111827;">ST30401VM0003</td></tr><tr><th style="padding:3px 5px;text-align:left;background:#f3f4f6;border-bottom:1px solid #d1d5db;width:30%;font-size:11px;font-weight:600;color:#1f2937;">Tipo de Serviço</th><td style="padding:3px 5px;border-bottom:1px solid #e5e7eb;font-size:11px;color:#111827;">Varrição Mecanizada</td></tr><tr><th style="padding:3px 5px;text-align:left;background:#f3f4f6;border-bottom:1px solid #d1d5db;width:30%;font-size:11px;font-weight:600;color:#1f2937;">Nome</th><td style="padding:3px 5px;border-bottom:1px solid #e5e7eb;font-size:11px;color:#111827;">ST30401VM0003 - Seg. 28</td></tr><tr><th style="padding:3px 5px;text-align:left;background:#f3f4f6;border-bottom:1px solid #d1d5db;width:30%;font-size:11px;font-weight:600;color:#1f2937;">Logradouro</th><td style="padding:3px 5px;border-bottom:1px solid #e5e7eb;font-size:11px;color:#111827;">Ac Av Olavo Fontoura</td></tr><tr><th style="padding:3px 5px;text-align:left;background:#f3f4f6;border-bottom:1px solid #d1d5db;width:30%;font-size:11px;font-weight:600;color:#1f2937;">Subprefeitura</th><td style="padding:3px 5px;border-bottom:1px solid #e5e7eb;font-size:11px;color:#111827;">Santana / Tucuruvi</td></tr><tr><th style="padding:3px 5px;text-align:left;background:#f3f4f6;border-bottom:1px solid #d1d5db;width:30%;font-size:11px;font-weight:600;color:#1f2937;">Turno</th><td style="padding:3px 5px;border-bottom:1px solid #e5e7eb;font-size:11px;color:#111827;">Noturno</td></tr><tr><th style="padding:3px 5px;text-align:left;background:#f3f4f6;border-bottom:1px solid #d1d5db;width:30%;font-size:11px;font-weight:600;color:#1f2937;">Frequência</th><td style="padding:3px 5px;border-bottom:1px solid #e5e7eb;font-size:11px;color:#111827;">—</td></tr><tr><th style="padding:3px 5px;text-align:left;background:#f3f4f6;border-bottom:1px solid #d1d5db;width:30%;font-size:11px;font-weight:600;color:#1f2937;">Cronograma</th><td style="padding:3px 5px;border-bottom:1px solid #e5e7eb;font-size:11px;color:#111827;">—</td></tr></table>]]></description><LineString><coordinates>-46.6153600,-23.5014600,0 -46.6150600,-23.5011400,0 -46.6147900,-23.5008100,0 -46.6155600,-23.5013600,0 -46.6152500,-23.5010600,0 -46.6149900,-23.5007400,0</coordinates></LineString></Placemark>
<Style id="s-VM-228">
<LineStyle><color>ff00d7ff</color><width>3.0</width></LineStyle>
<PolyStyle><color>ff00d7ff</color></PolyStyle>
<IconStyle><color>ff00d7ff</color><scale>0.55</scale>
<Icon><href>http://maps.google.com/mapfiles/kml/shapes/placemark_circle.png</href></Icon>
</IconStyle>
<LabelStyle><scale>0.65</scale></LabelStyle>
</Style><Placemark><name>ST30405VM0002 - Seg. 1</name><styleUrl>#s-VM-228</styleUrl><description><![CDATA[<table style="border-collapse:collapse;width:100%;font-family:'Helvetica Neue',Helvetica,Arial,sans-serif;font-size:11px;border:1px solid #e5e7eb;border-radius:8px;overflow:hidden;"><tr><th colspan="2" style="padding:5px 8px;background:#1f6feb;color:#fff;text-align:left;font-size:12px;font-weight:600;">ST30405VM0002 - Seg. 1</th></tr><tr><th style="padding:3px 5px;text-align:left;background:#f3f4f6;border-bottom:1px solid #d1d5db;width:30%;font-size:11px;font-weight:600;color:#1f2937;">Serviço</th><td style="padding:3px 5px;border-bottom:1px solid #e5e7eb;font-size:11px;color:#111827;">Varrição Mecanizada (VM)</td></tr><tr><th style="padding:3px 5px;text-align:left;background:#f3f4f6;border-bottom:1px solid #d1d5db;width:30%;font-size:11px;font-weight:600;color:#1f2937;">Setor</th><td style="padding:3px 5px;border-bottom:1px solid #e5e7eb;font-size:11px;color:#111827;">ST30405VM0002</td></tr><tr><th style="padding:3px 5px;text-align:left;background:#f3f4f6;border-bottom:1px solid #d1d5db;width:30%;font-size:11px;font-weight:600;color:#1f2937;">Tipo de Serviço</th><td style="padding:3px 5px;border-bottom:1px solid #e5e7eb;font-size:11px;color:#111827;">Varrição Mecanizada</td></tr><tr><th style="padding:3px 5px;text-align:left;background:#f3f4f6;border-bottom:1px solid #d1d5db;width:30%;font-size:11px;font-weight:600;color:#1f2937;">Nome</th><td style="padding:3px 5px;border-bottom:1px solid #e5e7eb;font-size:11px;color:#111827;">ST30405VM0002 - Seg. 1</td></tr><tr><th style="padding:3px 5px;text-align:left;background:#f3f4f6;border-bottom:1px solid #d1d5db;width:30%;font-size:11px;font-weight:600;color:#1f2937;">Logradouro</th><td style="padding:3px 5px;border-bottom:1px solid #e5e7eb;font-size:11px;color:#111827;">Ac Av Olavo Fontoura</td></tr><tr><th style="padding:3px 5px;text-align:left;background:#f3f4f6;border-bottom:1px solid #d1d5db;width:30%;font-size:11px;font-weight:600;color:#1f2937;">Subprefeitura</th><td style="padding:3px 5px;border-bottom:1px solid #e5e7eb;font-size:11px;color:#111827;">Santana / Tucuruvi</td></tr><tr><th style="padding:3px 5px;text-align:left;background:#f3f4f6;border-bottom:1px solid #d1d5db;width:30%;font-size:11px;font-weight:600;color:#1f2937;">Turno</th><td style="padding:3px 5px;border-bottom:1px solid #e5e7eb;font-size:11px;color:#111827;">Noturno</td></tr><tr><th style="padding:3px 5px;text-align:left;background:#f3f4f6;border-bottom:1px solid #d1d5db;width:30%;font-size:11px;font-weight:600;color:#1f2937;">Frequência</th><td style="padding:3px 5px;border-bottom:1px solid #e5e7eb;font-size:11px;color:#111827;">Quinta e Domingo</td></tr><tr><th style="padding:3px 5px;text-align:left;background:#f3f4f6;border-bottom:1px solid #d1d5db;width:30%;font-size:11px;font-weight:600;color:#1f2937;">Cronograma</th><td style="padding:3px 5px;border-bottom:1px solid #e5e7eb;font-size:11px;color:#111827;">—</td></tr></table>]]></description><LineString><coordinates>-46.6503600,-23.5164900,0 -46.6504600,-23.5160600,0 -46.6500900,-23.5157800,0</coordinates></LineString></Placemark>
<Style id="s-VM-229">
<LineStyle><color>ff00d7ff</color><width>3.0</width></LineStyle>
<PolyStyle><color>ff00d7ff</color></PolyStyle>
<IconStyle><color>ff00d7ff</color><scale>0.55</scale>
<Icon><href>http://maps.google.com/mapfiles/kml/shapes/placemark_circle.png</href></Icon>
</IconStyle>
<LabelStyle><scale>0.65</scale></LabelStyle>
</Style><Placemark><name>ST30405VM0002 - Seg. 2</name><styleUrl>#s-VM-229</styleUrl><description><![CDATA[<table style="border-collapse:collapse;width:100%;font-family:'Helvetica Neue',Helvetica,Arial,sans-serif;font-size:11px;border:1px solid #e5e7eb;border-radius:8px;overflow:hidden;"><tr><th colspan="2" style="padding:5px 8px;background:#1f6feb;color:#fff;text-align:left;font-size:12px;font-weight:600;">ST30405VM0002 - Seg. 2</th></tr><tr><th style="padding:3px 5px;text-align:left;background:#f3f4f6;border-bottom:1px solid #d1d5db;width:30%;font-size:11px;font-weight:600;color:#1f2937;">Serviço</th><td style="padding:3px 5px;border-bottom:1px solid #e5e7eb;font-size:11px;color:#111827;">Varrição Mecanizada (VM)</td></tr><tr><th style="padding:3px 5px;text-align:left;background:#f3f4f6;border-bottom:1px solid #d1d5db;width:30%;font-size:11px;font-weight:600;color:#1f2937;">Setor</th><td style="padding:3px 5px;border-bottom:1px solid #e5e7eb;font-size:11px;color:#111827;">ST30405VM0002</td></tr><tr><th style="padding:3px 5px;text-align:left;background:#f3f4f6;border-bottom:1px solid #d1d5db;width:30%;font-size:11px;font-weight:600;color:#1f2937;">Tipo de Serviço</th><td style="padding:3px 5px;border-bottom:1px solid #e5e7eb;font-size:11px;color:#111827;">Varrição Mecanizada</td></tr><tr><th style="padding:3px 5px;text-align:left;background:#f3f4f6;border-bottom:1px solid #d1d5db;width:30%;font-size:11px;font-weight:600;color:#1f2937;">Nome</th><td style="padding:3px 5px;border-bottom:1px solid #e5e7eb;font-size:11px;color:#111827;">ST30405VM0002 - Seg. 2</td></tr><tr><th style="padding:3px 5px;text-align:left;background:#f3f4f6;border-bottom:1px solid #d1d5db;width:30%;font-size:11px;font-weight:600;color:#1f2937;">Logradouro</th><td style="padding:3px 5px;border-bottom:1px solid #e5e7eb;font-size:11px;color:#111827;">Ac R Prof Milton Rodrigues</td></tr><tr><th style="padding:3px 5px;text-align:left;background:#f3f4f6;border-bottom:1px solid #d1d5db;width:30%;font-size:11px;font-weight:600;color:#1f2937;">Subprefeitura</th><td style="padding:3px 5px;border-bottom:1px solid #e5e7eb;font-size:11px;color:#111827;">Santana / Tucuruvi</td></tr><tr><th style="padding:3px 5px;text-align:left;background:#f3f4f6;border-bottom:1px solid #d1d5db;width:30%;font-size:11px;font-weight:600;color:#1f2937;">Turno</th><td style="padding:3px 5px;border-bottom:1px solid #e5e7eb;font-size:11px;color:#111827;">Noturno</td></tr><tr><th style="padding:3px 5px;text-align:left;background:#f3f4f6;border-bottom:1px solid #d1d5db;width:30%;font-size:11px;font-weight:600;color:#1f2937;">Frequência</th><td style="padding:3px 5px;border-bottom:1px solid #e5e7eb;font-size:11px;color:#111827;">Quinta e Domingo</td></tr><tr><th style="padding:3px 5px;text-align:left;background:#f3f4f6;border-bottom:1px solid #d1d5db;width:30%;font-size:11px;font-weight:600;color:#1f2937;">Cronograma</th><td style="padding:3px 5px;border-bottom:1px solid #e5e7eb;font-size:11px;color:#111827;">—</td></tr></table>]]></description><LineString><coordinates>-46.6351300,-23.5180800,0 -46.6358800,-23.5179300,0 -46.6374000,-23.5177900,0 -46.6381700,-23.5176600,0</coordinates></LineString></Placemark>
<Style id="s-VM-230">
<LineStyle><color>ff00d7ff</color><width>3.0</width></LineStyle>
<PolyStyle><color>ff00d7ff</color></PolyStyle>
<IconStyle><color>ff00d7ff</color><scale>0.55</scale>
<Icon><href>http://maps.google.com/mapfiles/kml/shapes/placemark_circle.png</href></Icon>
</IconStyle>
<LabelStyle><scale>0.65</scale></LabelStyle>
</Style><Placemark><name>ST30405VM0002 - Seg. 3</name><styleUrl>#s-VM-230</styleUrl><description><![CDATA[<table style="border-collapse:collapse;width:100%;font-family:'Helvetica Neue',Helvetica,Arial,sans-serif;font-size:11px;border:1px solid #e5e7eb;border-radius:8px;overflow:hidden;"><tr><th colspan="2" style="padding:5px 8px;background:#1f6feb;color:#fff;text-align:left;font-size:12px;font-weight:600;">ST30405VM0002 - Seg. 3</th></tr><tr><th style="padding:3px 5px;text-align:left;background:#f3f4f6;border-bottom:1px solid #d1d5db;width:30%;font-size:11px;font-weight:600;color:#1f2937;">Serviço</th><td style="padding:3px 5px;border-bottom:1px solid #e5e7eb;font-size:11px;color:#111827;">Varrição Mecanizada (VM)</td></tr><tr><th style="padding:3px 5px;text-align:left;background:#f3f4f6;border-bottom:1px solid #d1d5db;width:30%;font-size:11px;font-weight:600;color:#1f2937;">Setor</th><td style="padding:3px 5px;border-bottom:1px solid #e5e7eb;font-size:11px;color:#111827;">ST30405VM0002</td></tr><tr><th style="padding:3px 5px;text-align:left;background:#f3f4f6;border-bottom:1px solid #d1d5db;width:30%;font-size:11px;font-weight:600;color:#1f2937;">Tipo de Serviço</th><td style="padding:3px 5px;border-bottom:1px solid #e5e7eb;font-size:11px;color:#111827;">Varrição Mecanizada</td></tr><tr><th style="padding:3px 5px;text-align:left;background:#f3f4f6;border-bottom:1px solid #d1d5db;width:30%;font-size:11px;font-weight:600;color:#1f2937;">Nome</th><td style="padding:3px 5px;border-bottom:1px solid #e5e7eb;font-size:11px;color:#111827;">ST30405VM0002 - Seg. 3</td></tr><tr><th style="padding:3px 5px;text-align:left;background:#f3f4f6;border-bottom:1px solid #d1d5db;width:30%;font-size:11px;font-weight:600;color:#1f2937;">Logradouro</th><td style="padding:3px 5px;border-bottom:1px solid #e5e7eb;font-size:11px;color:#111827;">Av Alvaro Machado Pedrosa</td></tr><tr><th style="padding:3px 5px;text-align:left;background:#f3f4f6;border-bottom:1px solid #d1d5db;width:30%;font-size:11px;font-weight:600;color:#1f2937;">Subprefeitura</th><td style="padding:3px 5px;border-bottom:1px solid #e5e7eb;font-size:11px;color:#111827;">Santana / Tucuruvi</td></tr><tr><th style="padding:3px 5px;text-align:left;background:#f3f4f6;border-bottom:1px solid #d1d5db;width:30%;font-size:11px;font-weight:600;color:#1f2937;">Turno</th><td style="padding:3px 5px;border-bottom:1px solid #e5e7eb;font-size:11px;color:#111827;">Noturno</td></tr><tr><th style="padding:3px 5px;text-align:left;background:#f3f4f6;border-bottom:1px solid #d1d5db;width:30%;font-size:11px;font-weight:600;color:#1f2937;">Frequência</th><td style="padding:3px 5px;border-bottom:1px solid #e5e7eb;font-size:11px;color:#111827;">Quinta e Domingo</td></tr><tr><th style="padding:3px 5px;text-align:left;background:#f3f4f6;border-bottom:1px solid #d1d5db;width:30%;font-size:11px;font-weight:600;color:#1f2937;">Cronograma</th><td style="padding:3px 5px;border-bottom:1px solid #e5e7eb;font-size:11px;color:#111827;">—</td></tr></table>]]></description><LineString><coordinates>-46.6047600,-23.4821900,0 -46.6041900,-23.4821700,0 -46.6037800,-23.4820900,0 -46.6034400,-23.4819000,0 -46.6032400,-23.4815700,0</coordinates></LineString></Placemark>
<Style id="s-VM-231">
<LineStyle><color>ff00d7ff</color><width>3.0</width></LineStyle>
<PolyStyle><color>ff00d7ff</color></PolyStyle>
<IconStyle><color>ff00d7ff</color><scale>0.55</scale>
<Icon><href>http://maps.google.com/mapfiles/kml/shapes/placemark_circle.png</href></Icon>
</IconStyle>
<LabelStyle><scale>0.65</scale></LabelStyle>
</Style><Placemark><name>ST30405VM0002 - Seg. 4</name><styleUrl>#s-VM-231</styleUrl><description><![CDATA[<table style="border-collapse:collapse;width:100%;font-family:'Helvetica Neue',Helvetica,Arial,sans-serif;font-size:11px;border:1px solid #e5e7eb;border-radius:8px;overflow:hidden;"><tr><th colspan="2" style="padding:5px 8px;background:#1f6feb;color:#fff;text-align:left;font-size:12px;font-weight:600;">ST30405VM0002 - Seg. 4</th></tr><tr><th style="padding:3px 5px;text-align:left;background:#f3f4f6;border-bottom:1px solid #d1d5db;width:30%;font-size:11px;font-weight:600;color:#1f2937;">Serviço</th><td style="padding:3px 5px;border-bottom:1px solid #e5e7eb;font-size:11px;color:#111827;">Varrição Mecanizada (VM)</td></tr><tr><th style="padding:3px 5px;text-align:left;background:#f3f4f6;border-bottom:1px solid #d1d5db;width:30%;font-size:11px;font-weight:600;color:#1f2937;">Setor</th><td style="padding:3px 5px;border-bottom:1px solid #e5e7eb;font-size:11px;color:#111827;">ST30405VM0002</td></tr><tr><th style="padding:3px 5px;text-align:left;background:#f3f4f6;border-bottom:1px solid #d1d5db;width:30%;font-size:11px;font-weight:600;color:#1f2937;">Tipo de Serviço</th><td style="padding:3px 5px;border-bottom:1px solid #e5e7eb;font-size:11px;color:#111827;">Varrição Mecanizada</td></tr><tr><th style="padding:3px 5px;text-align:left;background:#f3f4f6;border-bottom:1px solid #d1d5db;width:30%;font-size:11px;font-weight:600;color:#1f2937;">Nome</th><td style="padding:3px 5px;border-bottom:1px solid #e5e7eb;font-size:11px;color:#111827;">ST30405VM0002 - Seg. 4</td></tr><tr><th style="padding:3px 5px;text-align:left;background:#f3f4f6;border-bottom:1px solid #d1d5db;width:30%;font-size:11px;font-weight:600;color:#1f2937;">Logradouro</th><td style="padding:3px 5px;border-bottom:1px solid #e5e7eb;font-size:11px;color:#111827;">Av Braz Leme</td></tr><tr><th style="padding:3px 5px;text-align:left;background:#f3f4f6;border-bottom:1px solid #d1d5db;width:30%;font-size:11px;font-weight:600;color:#1f2937;">Subprefeitura</th><td style="padding:3px 5px;border-bottom:1px solid #e5e7eb;font-size:11px;color:#111827;">Santana / Tucuruvi</td></tr><tr><th style="padding:3px 5px;text-align:left;background:#f3f4f6;border-bottom:1px solid #d1d5db;width:30%;font-size:11px;font-weight:600;color:#1f2937;">Turno</th><td style="padding:3px 5px;border-bottom:1px solid #e5e7eb;font-size:11px;color:#111827;">Noturno</td></tr><tr><th style="padding:3px 5px;text-align:left;background:#f3f4f6;border-bottom:1px solid #d1d5db;width:30%;font-size:11px;font-weight:600;color:#1f2937;">Frequência</th><td style="padding:3px 5px;border-bottom:1px solid #e5e7eb;font-size:11px;color:#111827;">Quinta e Domingo</td></tr><tr><th style="padding:3px 5px;text-align:left;background:#f3f4f6;border-bottom:1px solid #d1d5db;width:30%;font-size:11px;font-weight:600;color:#1f2937;">Cronograma</th><td style="padding:3px 5px;border-bottom:1px solid #e5e7eb;font-size:11px;color:#111827;">—</td></tr></table>]]></description><LineString><coordinates>-46.6537000,-23.5136100,0 -46.6533500,-23.5111900,0 -46.6531700,-23.5101300,0 -46.6528700,-23.5093400,0 -46.6526900,-23.5090600,0 -46.6525000,-23.5088000,0 -46.6521900,-23.5084600,0 -46.6518200,-23.5081800,0 -46.6513900,-23.5079200,0 -46.6509300,-23.5077400,0 -46.6505100,-23.5076100,0 -46.6435900,-23.5062400,0 -46.6428300,-23.5058500,0 -46.6421800,-23.5053100,0 -46.6419100,-23.5050400,0 -46.6416100,-23.5048000,0 -46.6413700,-23.5046500,0</coordinates></LineString></Placemark>
<Style id="s-VM-232">
<LineStyle><color>ff00d7ff</color><width>3.0</width></LineStyle>
<PolyStyle><color>ff00d7ff</color></PolyStyle>
<IconStyle><color>ff00d7ff</color><scale>0.55</scale>
<Icon><href>http://maps.google.com/mapfiles/kml/shapes/placemark_circle.png</href></Icon>
</IconStyle>
<LabelStyle><scale>0.65</scale></LabelStyle>
</Style><Placemark><name>ST30405VM0002 - Seg. 5</name><styleUrl>#s-VM-232</styleUrl><description><![CDATA[<table style="border-collapse:collapse;width:100%;font-family:'Helvetica Neue',Helvetica,Arial,sans-serif;font-size:11px;border:1px solid #e5e7eb;border-radius:8px;overflow:hidden;"><tr><th colspan="2" style="padding:5px 8px;background:#1f6feb;color:#fff;text-align:left;font-size:12px;font-weight:600;">ST30405VM0002 - Seg. 5</th></tr><tr><th style="padding:3px 5px;text-align:left;background:#f3f4f6;border-bottom:1px solid #d1d5db;width:30%;font-size:11px;font-weight:600;color:#1f2937;">Serviço</th><td style="padding:3px 5px;border-bottom:1px solid #e5e7eb;font-size:11px;color:#111827;">Varrição Mecanizada (VM)</td></tr><tr><th style="padding:3px 5px;text-align:left;background:#f3f4f6;border-bottom:1px solid #d1d5db;width:30%;font-size:11px;font-weight:600;color:#1f2937;">Setor</th><td style="padding:3px 5px;border-bottom:1px solid #e5e7eb;font-size:11px;color:#111827;">ST30405VM0002</td></tr><tr><th style="padding:3px 5px;text-align:left;background:#f3f4f6;border-bottom:1px solid #d1d5db;width:30%;font-size:11px;font-weight:600;color:#1f2937;">Tipo de Serviço</th><td style="padding:3px 5px;border-bottom:1px solid #e5e7eb;font-size:11px;color:#111827;">Varrição Mecanizada</td></tr><tr><th style="padding:3px 5px;text-align:left;background:#f3f4f6;border-bottom:1px solid #d1d5db;width:30%;font-size:11px;font-weight:600;color:#1f2937;">Nome</th><td style="padding:3px 5px;border-bottom:1px solid #e5e7eb;font-size:11px;color:#111827;">ST30405VM0002 - Seg. 5</td></tr><tr><th style="padding:3px 5px;text-align:left;background:#f3f4f6;border-bottom:1px solid #d1d5db;width:30%;font-size:11px;font-weight:600;color:#1f2937;">Logradouro</th><td style="padding:3px 5px;border-bottom:1px solid #e5e7eb;font-size:11px;color:#111827;">Av Braz Leme</td></tr><tr><th style="padding:3px 5px;text-align:left;background:#f3f4f6;border-bottom:1px solid #d1d5db;width:30%;font-size:11px;font-weight:600;color:#1f2937;">Subprefeitura</th><td style="padding:3px 5px;border-bottom:1px solid #e5e7eb;font-size:11px;color:#111827;">Santana / Tucuruvi</td></tr><tr><th style="padding:3px 5px;text-align:left;background:#f3f4f6;border-bottom:1px solid #d1d5db;width:30%;font-size:11px;font-weight:600;color:#1f2937;">Turno</th><td style="padding:3px 5px;border-bottom:1px solid #e5e7eb;font-size:11px;color:#111827;">Noturno</td></tr><tr><th style="padding:3px 5px;text-align:left;background:#f3f4f6;border-bottom:1px solid #d1d5db;width:30%;font-size:11px;font-weight:600;color:#1f2937;">Frequência</th><td style="padding:3px 5px;border-bottom:1px solid #e5e7eb;font-size:11px;color:#111827;">Quinta e Domingo</td></tr><tr><th style="padding:3px 5px;text-align:left;background:#f3f4f6;border-bottom:1px solid #d1d5db;width:30%;font-size:11px;font-weight:600;color:#1f2937;">Cronograma</th><td style="padding:3px 5px;border-bottom:1px solid #e5e7eb;font-size:11px;color:#111827;">—</td></tr></table>]]></description><LineString><coordinates>-46.6534800,-23.5140100,0 -46.6532200,-23.5123700,0 -46.6530300,-23.5110200,0 -46.6528900,-23.5102000,0 -46.6527900,-23.5098300,0 -46.6526100,-23.5094200,0 -46.6522500,-23.5089300,0 -46.6520600,-23.5087200,0 -46.6518300,-23.5085300,0 -46.6512300,-23.5081400,0 -46.6505400,-23.5079000,0 -46.6441300,-23.5066200,0 -46.6432000,-23.5063700,0 -46.6425600,-23.5059900,0 -46.6420100,-23.5055300,0 -46.6416500,-23.5051700,0 -46.6412100,-23.5048900,0 -46.6403200,-23.5043800,0 -46.6394200,-23.5039000,0 -46.6385200,-23.5035800,0 -46.6375500,-23.5035700,0 -46.6321000,-23.5039300,0 -46.6304100,-23.5040600,0 -46.6283200,-23.5041700,0 -46.6275400,-23.5042300,0 -46.6263700,-23.5041600,0</coordinates></LineString></Placemark>
<Style id="s-VM-233">
<LineStyle><color>ff00d7ff</color><width>3.0</width></LineStyle>
<PolyStyle><color>ff00d7ff</color></PolyStyle>
<IconStyle><color>ff00d7ff</color><scale>0.55</scale>
<Icon><href>http://maps.google.com/mapfiles/kml/shapes/placemark_circle.png</href></Icon>
</IconStyle>
<LabelStyle><scale>0.65</scale></LabelStyle>
</Style><Placemark><name>ST30405VM0002 - Seg. 6</name><styleUrl>#s-VM-233</styleUrl><description><![CDATA[<table style="border-collapse:collapse;width:100%;font-family:'Helvetica Neue',Helvetica,Arial,sans-serif;font-size:11px;border:1px solid #e5e7eb;border-radius:8px;overflow:hidden;"><tr><th colspan="2" style="padding:5px 8px;background:#1f6feb;color:#fff;text-align:left;font-size:12px;font-weight:600;">ST30405VM0002 - Seg. 6</th></tr><tr><th style="padding:3px 5px;text-align:left;background:#f3f4f6;border-bottom:1px solid #d1d5db;width:30%;font-size:11px;font-weight:600;color:#1f2937;">Serviço</th><td style="padding:3px 5px;border-bottom:1px solid #e5e7eb;font-size:11px;color:#111827;">Varrição Mecanizada (VM)</td></tr><tr><th style="padding:3px 5px;text-align:left;background:#f3f4f6;border-bottom:1px solid #d1d5db;width:30%;font-size:11px;font-weight:600;color:#1f2937;">Setor</th><td style="padding:3px 5px;border-bottom:1px solid #e5e7eb;font-size:11px;color:#111827;">ST30405VM0002</td></tr><tr><th style="padding:3px 5px;text-align:left;background:#f3f4f6;border-bottom:1px solid #d1d5db;width:30%;font-size:11px;font-weight:600;color:#1f2937;">Tipo de Serviço</th><td style="padding:3px 5px;border-bottom:1px solid #e5e7eb;font-size:11px;color:#111827;">Varrição Mecanizada</td></tr><tr><th style="padding:3px 5px;text-align:left;background:#f3f4f6;border-bottom:1px solid #d1d5db;width:30%;font-size:11px;font-weight:600;color:#1f2937;">Nome</th><td style="padding:3px 5px;border-bottom:1px solid #e5e7eb;font-size:11px;color:#111827;">ST30405VM0002 - Seg. 6</td></tr><tr><th style="padding:3px 5px;text-align:left;background:#f3f4f6;border-bottom:1px solid #d1d5db;width:30%;font-size:11px;font-weight:600;color:#1f2937;">Logradouro</th><td style="padding:3px 5px;border-bottom:1px solid #e5e7eb;font-size:11px;color:#111827;">Av Braz Leme</td></tr><tr><th style="padding:3px 5px;text-align:left;background:#f3f4f6;border-bottom:1px solid #d1d5db;width:30%;font-size:11px;font-weight:600;color:#1f2937;">Subprefeitura</th><td style="padding:3px 5px;border-bottom:1px solid #e5e7eb;font-size:11px;color:#111827;">Santana / Tucuruvi</td></tr><tr><th style="padding:3px 5px;text-align:left;background:#f3f4f6;border-bottom:1px solid #d1d5db;width:30%;font-size:11px;font-weight:600;color:#1f2937;">Turno</th><td style="padding:3px 5px;border-bottom:1px solid #e5e7eb;font-size:11px;color:#111827;">Noturno</td></tr><tr><th style="padding:3px 5px;text-align:left;background:#f3f4f6;border-bottom:1px solid #d1d5db;width:30%;font-size:11px;font-weight:600;color:#1f2937;">Frequência</th><td style="padding:3px 5px;border-bottom:1px solid #e5e7eb;font-size:11px;color:#111827;">Quinta e Domingo</td></tr><tr><th style="padding:3px 5px;text-align:left;background:#f3f4f6;border-bottom:1px solid #d1d5db;width:30%;font-size:11px;font-weight:600;color:#1f2937;">Cronograma</th><td style="padding:3px 5px;border-bottom:1px solid #e5e7eb;font-size:11px;color:#111827;">—</td></tr></table>]]></description><LineString><coordinates>-46.6413700,-23.5046500,0 -46.6394300,-23.5035900,0 -46.6391800,-23.5034700,0 -46.6386700,-23.5033400,0 -46.6381500,-23.5032900,0 -46.6362200,-23.5034000,0 -46.6328500,-23.5037100,0 -46.6298600,-23.5039100,0 -46.6280200,-23.5040100,0 -46.6274600,-23.5040600,0 -46.6267500,-23.5040400,0 -46.6263800,-23.5037800,0</coordinates></LineString></Placemark>
<Style id="s-VM-234">
<LineStyle><color>ff00d7ff</color><width>3.0</width></LineStyle>
<PolyStyle><color>ff00d7ff</color></PolyStyle>
<IconStyle><color>ff00d7ff</color><scale>0.55</scale>
<Icon><href>http://maps.google.com/mapfiles/kml/shapes/placemark_circle.png</href></Icon>
</IconStyle>
<LabelStyle><scale>0.65</scale></LabelStyle>
</Style><Placemark><name>ST30405VM0002 - Seg. 7</name><styleUrl>#s-VM-234</styleUrl><description><![CDATA[<table style="border-collapse:collapse;width:100%;font-family:'Helvetica Neue',Helvetica,Arial,sans-serif;font-size:11px;border:1px solid #e5e7eb;border-radius:8px;overflow:hidden;"><tr><th colspan="2" style="padding:5px 8px;background:#1f6feb;color:#fff;text-align:left;font-size:12px;font-weight:600;">ST30405VM0002 - Seg. 7</th></tr><tr><th style="padding:3px 5px;text-align:left;background:#f3f4f6;border-bottom:1px solid #d1d5db;width:30%;font-size:11px;font-weight:600;color:#1f2937;">Serviço</th><td style="padding:3px 5px;border-bottom:1px solid #e5e7eb;font-size:11px;color:#111827;">Varrição Mecanizada (VM)</td></tr><tr><th style="padding:3px 5px;text-align:left;background:#f3f4f6;border-bottom:1px solid #d1d5db;width:30%;font-size:11px;font-weight:600;color:#1f2937;">Setor</th><td style="padding:3px 5px;border-bottom:1px solid #e5e7eb;font-size:11px;color:#111827;">ST30405VM0002</td></tr><tr><th style="padding:3px 5px;text-align:left;background:#f3f4f6;border-bottom:1px solid #d1d5db;width:30%;font-size:11px;font-weight:600;color:#1f2937;">Tipo de Serviço</th><td style="padding:3px 5px;border-bottom:1px solid #e5e7eb;font-size:11px;color:#111827;">Varrição Mecanizada</td></tr><tr><th style="padding:3px 5px;text-align:left;background:#f3f4f6;border-bottom:1px solid #d1d5db;width:30%;font-size:11px;font-weight:600;color:#1f2937;">Nome</th><td style="padding:3px 5px;border-bottom:1px solid #e5e7eb;font-size:11px;color:#111827;">ST30405VM0002 - Seg. 7</td></tr><tr><th style="padding:3px 5px;text-align:left;background:#f3f4f6;border-bottom:1px solid #d1d5db;width:30%;font-size:11px;font-weight:600;color:#1f2937;">Logradouro</th><td style="padding:3px 5px;border-bottom:1px solid #e5e7eb;font-size:11px;color:#111827;">Av Cruzeiro do Sul</td></tr><tr><th style="padding:3px 5px;text-align:left;background:#f3f4f6;border-bottom:1px solid #d1d5db;width:30%;font-size:11px;font-weight:600;color:#1f2937;">Subprefeitura</th><td style="padding:3px 5px;border-bottom:1px solid #e5e7eb;font-size:11px;color:#111827;">Santana / Tucuruvi</td></tr><tr><th style="padding:3px 5px;text-align:left;background:#f3f4f6;border-bottom:1px solid #d1d5db;width:30%;font-size:11px;font-weight:600;color:#1f2937;">Turno</th><td style="padding:3px 5px;border-bottom:1px solid #e5e7eb;font-size:11px;color:#111827;">Noturno</td></tr><tr><th style="padding:3px 5px;text-align:left;background:#f3f4f6;border-bottom:1px solid #d1d5db;width:30%;font-size:11px;font-weight:600;color:#1f2937;">Frequência</th><td style="padding:3px 5px;border-bottom:1px solid #e5e7eb;font-size:11px;color:#111827;">Quinta e Domingo</td></tr><tr><th style="padding:3px 5px;text-align:left;background:#f3f4f6;border-bottom:1px solid #d1d5db;width:30%;font-size:11px;font-weight:600;color:#1f2937;">Cronograma</th><td style="padding:3px 5px;border-bottom:1px solid #e5e7eb;font-size:11px;color:#111827;">—</td></tr></table>]]></description><LineString><coordinates>-46.6252700,-23.5165900,0 -46.6251500,-23.5115900,0 -46.6250600,-23.5091000,0 -46.6250200,-23.5073100,0</coordinates></LineString></Placemark>
<Style id="s-VM-235">
<LineStyle><color>ff00d7ff</color><width>3.0</width></LineStyle>
<PolyStyle><color>ff00d7ff</color></PolyStyle>
<IconStyle><color>ff00d7ff</color><scale>0.55</scale>
<Icon><href>http://maps.google.com/mapfiles/kml/shapes/placemark_circle.png</href></Icon>
</IconStyle>
<LabelStyle><scale>0.65</scale></LabelStyle>
</Style><Placemark><name>ST30405VM0002 - Seg. 8</name><styleUrl>#s-VM-235</styleUrl><description><![CDATA[<table style="border-collapse:collapse;width:100%;font-family:'Helvetica Neue',Helvetica,Arial,sans-serif;font-size:11px;border:1px solid #e5e7eb;border-radius:8px;overflow:hidden;"><tr><th colspan="2" style="padding:5px 8px;background:#1f6feb;color:#fff;text-align:left;font-size:12px;font-weight:600;">ST30405VM0002 - Seg. 8</th></tr><tr><th style="padding:3px 5px;text-align:left;background:#f3f4f6;border-bottom:1px solid #d1d5db;width:30%;font-size:11px;font-weight:600;color:#1f2937;">Serviço</th><td style="padding:3px 5px;border-bottom:1px solid #e5e7eb;font-size:11px;color:#111827;">Varrição Mecanizada (VM)</td></tr><tr><th style="padding:3px 5px;text-align:left;background:#f3f4f6;border-bottom:1px solid #d1d5db;width:30%;font-size:11px;font-weight:600;color:#1f2937;">Setor</th><td style="padding:3px 5px;border-bottom:1px solid #e5e7eb;font-size:11px;color:#111827;">ST30405VM0002</td></tr><tr><th style="padding:3px 5px;text-align:left;background:#f3f4f6;border-bottom:1px solid #d1d5db;width:30%;font-size:11px;font-weight:600;color:#1f2937;">Tipo de Serviço</th><td style="padding:3px 5px;border-bottom:1px solid #e5e7eb;font-size:11px;color:#111827;">Varrição Mecanizada</td></tr><tr><th style="padding:3px 5px;text-align:left;background:#f3f4f6;border-bottom:1px solid #d1d5db;width:30%;font-size:11px;font-weight:600;color:#1f2937;">Nome</th><td style="padding:3px 5px;border-bottom:1px solid #e5e7eb;font-size:11px;color:#111827;">ST30405VM0002 - Seg. 8</td></tr><tr><th style="padding:3px 5px;text-align:left;background:#f3f4f6;border-bottom:1px solid #d1d5db;width:30%;font-size:11px;font-weight:600;color:#1f2937;">Logradouro</th><td style="padding:3px 5px;border-bottom:1px solid #e5e7eb;font-size:11px;color:#111827;">Av Cruzeiro do Sul</td></tr><tr><th style="padding:3px 5px;text-align:left;background:#f3f4f6;border-bottom:1px solid #d1d5db;width:30%;font-size:11px;font-weight:600;color:#1f2937;">Subprefeitura</th><td style="padding:3px 5px;border-bottom:1px solid #e5e7eb;font-size:11px;color:#111827;">Santana / Tucuruvi</td></tr><tr><th style="padding:3px 5px;text-align:left;background:#f3f4f6;border-bottom:1px solid #d1d5db;width:30%;font-size:11px;font-weight:600;color:#1f2937;">Turno</th><td style="padding:3px 5px;border-bottom:1px solid #e5e7eb;font-size:11px;color:#111827;">Noturno</td></tr><tr><th style="padding:3px 5px;text-align:left;background:#f3f4f6;border-bottom:1px solid #d1d5db;width:30%;font-size:11px;font-weight:600;color:#1f2937;">Frequência</th><td style="padding:3px 5px;border-bottom:1px solid #e5e7eb;font-size:11px;color:#111827;">Quinta e Domingo</td></tr><tr><th style="padding:3px 5px;text-align:left;background:#f3f4f6;border-bottom:1px solid #d1d5db;width:30%;font-size:11px;font-weight:600;color:#1f2937;">Cronograma</th><td style="padding:3px 5px;border-bottom:1px solid #e5e7eb;font-size:11px;color:#111827;">—</td></tr></table>]]></description><LineString><coordinates>-46.6250900,-23.5171000,0 -46.6249200,-23.5123900,0 -46.6249200,-23.5115100,0 -46.6248600,-23.5099400,0 -46.6248300,-23.5085500,0 -46.6247200,-23.5058000,0 -46.6246500,-23.5033000,0 -46.6245600,-23.5020200,0 -46.6244800,-23.4990700,0</coordinates></LineString></Placemark>
<Style id="s-VM-236">
<LineStyle><color>ff00d7ff</color><width>3.0</width></LineStyle>
<PolyStyle><color>ff00d7ff</color></PolyStyle>
<IconStyle><color>ff00d7ff</color><scale>0.55</scale>
<Icon><href>http://maps.google.com/mapfiles/kml/shapes/placemark_circle.png</href></Icon>
</IconStyle>
<LabelStyle><scale>0.65</scale></LabelStyle>
</Style><Placemark><name>ST30405VM0002 - Seg. 9</name><styleUrl>#s-VM-236</styleUrl><description><![CDATA[<table style="border-collapse:collapse;width:100%;font-family:'Helvetica Neue',Helvetica,Arial,sans-serif;font-size:11px;border:1px solid #e5e7eb;border-radius:8px;overflow:hidden;"><tr><th colspan="2" style="padding:5px 8px;background:#1f6feb;color:#fff;text-align:left;font-size:12px;font-weight:600;">ST30405VM0002 - Seg. 9</th></tr><tr><th style="padding:3px 5px;text-align:left;background:#f3f4f6;border-bottom:1px solid #d1d5db;width:30%;font-size:11px;font-weight:600;color:#1f2937;">Serviço</th><td style="padding:3px 5px;border-bottom:1px solid #e5e7eb;font-size:11px;color:#111827;">Varrição Mecanizada (VM)</td></tr><tr><th style="padding:3px 5px;text-align:left;background:#f3f4f6;border-bottom:1px solid #d1d5db;width:30%;font-size:11px;font-weight:600;color:#1f2937;">Setor</th><td style="padding:3px 5px;border-bottom:1px solid #e5e7eb;font-size:11px;color:#111827;">ST30405VM0002</td></tr><tr><th style="padding:3px 5px;text-align:left;background:#f3f4f6;border-bottom:1px solid #d1d5db;width:30%;font-size:11px;font-weight:600;color:#1f2937;">Tipo de Serviço</th><td style="padding:3px 5px;border-bottom:1px solid #e5e7eb;font-size:11px;color:#111827;">Varrição Mecanizada</td></tr><tr><th style="padding:3px 5px;text-align:left;background:#f3f4f6;border-bottom:1px solid #d1d5db;width:30%;font-size:11px;font-weight:600;color:#1f2937;">Nome</th><td style="padding:3px 5px;border-bottom:1px solid #e5e7eb;font-size:11px;color:#111827;">ST30405VM0002 - Seg. 9</td></tr><tr><th style="padding:3px 5px;text-align:left;background:#f3f4f6;border-bottom:1px solid #d1d5db;width:30%;font-size:11px;font-weight:600;color:#1f2937;">Logradouro</th><td style="padding:3px 5px;border-bottom:1px solid #e5e7eb;font-size:11px;color:#111827;">Av Dr Antonio Maria Laet</td></tr><tr><th style="padding:3px 5px;text-align:left;background:#f3f4f6;border-bottom:1px solid #d1d5db;width:30%;font-size:11px;font-weight:600;color:#1f2937;">Subprefeitura</th><td style="padding:3px 5px;border-bottom:1px solid #e5e7eb;font-size:11px;color:#111827;">Santana / Tucuruvi</td></tr><tr><th style="padding:3px 5px;text-align:left;background:#f3f4f6;border-bottom:1px solid #d1d5db;width:30%;font-size:11px;font-weight:600;color:#1f2937;">Turno</th><td style="padding:3px 5px;border-bottom:1px solid #e5e7eb;font-size:11px;color:#111827;">Noturno</td></tr><tr><th style="padding:3px 5px;text-align:left;background:#f3f4f6;border-bottom:1px solid #d1d5db;width:30%;font-size:11px;font-weight:600;color:#1f2937;">Frequência</th><td style="padding:3px 5px;border-bottom:1px solid #e5e7eb;font-size:11px;color:#111827;">Quinta e Domingo</td></tr><tr><th style="padding:3px 5px;text-align:left;background:#f3f4f6;border-bottom:1px solid #d1d5db;width:30%;font-size:11px;font-weight:600;color:#1f2937;">Cronograma</th><td style="padding:3px 5px;border-bottom:1px solid #e5e7eb;font-size:11px;color:#111827;">—</td></tr></table>]]></description><LineString><coordinates>-46.6045800,-23.4811000,0 -46.6040200,-23.4804500,0 -46.6037100,-23.4801400,0 -46.6018200,-23.4781100,0 -46.6015800,-23.4777900,0 -46.6013900,-23.4774300,0 -46.6010100,-23.4768000,0 -46.6005100,-23.4762600,0 -46.5999400,-23.4757700,0 -46.5998000,-23.4755800,0 -46.5997000,-23.4753900,0 -46.5994200,-23.4747000,0 -46.5982600,-23.4736900,0 -46.5982400,-23.4730600,0 -46.5979800,-23.4724300,0 -46.5976800,-23.4720000,0</coordinates></LineString></Placemark>
<Style id="s-VM-237">
<LineStyle><color>ff00d7ff</color><width>3.0</width></LineStyle>
<PolyStyle><color>ff00d7ff</color></PolyStyle>
<IconStyle><color>ff00d7ff</color><scale>0.55</scale>
<Icon><href>http://maps.google.com/mapfiles/kml/shapes/placemark_circle.png</href></Icon>
</IconStyle>
<LabelStyle><scale>0.65</scale></LabelStyle>
</Style><Placemark><name>ST30405VM0002 - Seg. 10</name><styleUrl>#s-VM-237</styleUrl><description><![CDATA[<table style="border-collapse:collapse;width:100%;font-family:'Helvetica Neue',Helvetica,Arial,sans-serif;font-size:11px;border:1px solid #e5e7eb;border-radius:8px;overflow:hidden;"><tr><th colspan="2" style="padding:5px 8px;background:#1f6feb;color:#fff;text-align:left;font-size:12px;font-weight:600;">ST30405VM0002 - Seg. 10</th></tr><tr><th style="padding:3px 5px;text-align:left;background:#f3f4f6;border-bottom:1px solid #d1d5db;width:30%;font-size:11px;font-weight:600;color:#1f2937;">Serviço</th><td style="padding:3px 5px;border-bottom:1px solid #e5e7eb;font-size:11px;color:#111827;">Varrição Mecanizada (VM)</td></tr><tr><th style="padding:3px 5px;text-align:left;background:#f3f4f6;border-bottom:1px solid #d1d5db;width:30%;font-size:11px;font-weight:600;color:#1f2937;">Setor</th><td style="padding:3px 5px;border-bottom:1px solid #e5e7eb;font-size:11px;color:#111827;">ST30405VM0002</td></tr><tr><th style="padding:3px 5px;text-align:left;background:#f3f4f6;border-bottom:1px solid #d1d5db;width:30%;font-size:11px;font-weight:600;color:#1f2937;">Tipo de Serviço</th><td style="padding:3px 5px;border-bottom:1px solid #e5e7eb;font-size:11px;color:#111827;">Varrição Mecanizada</td></tr><tr><th style="padding:3px 5px;text-align:left;background:#f3f4f6;border-bottom:1px solid #d1d5db;width:30%;font-size:11px;font-weight:600;color:#1f2937;">Nome</th><td style="padding:3px 5px;border-bottom:1px solid #e5e7eb;font-size:11px;color:#111827;">ST30405VM0002 - Seg. 10</td></tr><tr><th style="padding:3px 5px;text-align:left;background:#f3f4f6;border-bottom:1px solid #d1d5db;width:30%;font-size:11px;font-weight:600;color:#1f2937;">Logradouro</th><td style="padding:3px 5px;border-bottom:1px solid #e5e7eb;font-size:11px;color:#111827;">Av Gal Ataliba Leonel</td></tr><tr><th style="padding:3px 5px;text-align:left;background:#f3f4f6;border-bottom:1px solid #d1d5db;width:30%;font-size:11px;font-weight:600;color:#1f2937;">Subprefeitura</th><td style="padding:3px 5px;border-bottom:1px solid #e5e7eb;font-size:11px;color:#111827;">Santana / Tucuruvi</td></tr><tr><th style="padding:3px 5px;text-align:left;background:#f3f4f6;border-bottom:1px solid #d1d5db;width:30%;font-size:11px;font-weight:600;color:#1f2937;">Turno</th><td style="padding:3px 5px;border-bottom:1px solid #e5e7eb;font-size:11px;color:#111827;">Noturno</td></tr><tr><th style="padding:3px 5px;text-align:left;background:#f3f4f6;border-bottom:1px solid #d1d5db;width:30%;font-size:11px;font-weight:600;color:#1f2937;">Frequência</th><td style="padding:3px 5px;border-bottom:1px solid #e5e7eb;font-size:11px;color:#111827;">Quinta e Domingo</td></tr><tr><th style="padding:3px 5px;text-align:left;background:#f3f4f6;border-bottom:1px solid #d1d5db;width:30%;font-size:11px;font-weight:600;color:#1f2937;">Cronograma</th><td style="padding:3px 5px;border-bottom:1px solid #e5e7eb;font-size:11px;color:#111827;">—</td></tr></table>]]></description><LineString><coordinates>-46.6262200,-23.5082000,0 -46.6250300,-23.5074000,0 -46.6241500,-23.5069100,0 -46.6238300,-23.5067000,0 -46.6224100,-23.5057100,0 -46.6214700,-23.5050200,0 -46.6205200,-23.5038900,0 -46.6198900,-23.5032900,0 -46.6192000,-23.5027700,0 -46.6182900,-23.5027400,0 -46.6173800,-23.5025100,0 -46.6166500,-23.5022800,0 -46.6159700,-23.5019600,0 -46.6155700,-23.5016900,0 -46.6153600,-23.5014600,0</coordinates></LineString></Placemark>
<Style id="s-VM-238">
<LineStyle><color>ff00d7ff</color><width>3.0</width></LineStyle>
<PolyStyle><color>ff00d7ff</color></PolyStyle>
<IconStyle><color>ff00d7ff</color><scale>0.55</scale>
<Icon><href>http://maps.google.com/mapfiles/kml/shapes/placemark_circle.png</href></Icon>
</IconStyle>
<LabelStyle><scale>0.65</scale></LabelStyle>
</Style><Placemark><name>ST30405VM0002 - Seg. 11</name><styleUrl>#s-VM-238</styleUrl><description><![CDATA[<table style="border-collapse:collapse;width:100%;font-family:'Helvetica Neue',Helvetica,Arial,sans-serif;font-size:11px;border:1px solid #e5e7eb;border-radius:8px;overflow:hidden;"><tr><th colspan="2" style="padding:5px 8px;background:#1f6feb;color:#fff;text-align:left;font-size:12px;font-weight:600;">ST30405VM0002 - Seg. 11</th></tr><tr><th style="padding:3px 5px;text-align:left;background:#f3f4f6;border-bottom:1px solid #d1d5db;width:30%;font-size:11px;font-weight:600;color:#1f2937;">Serviço</th><td style="padding:3px 5px;border-bottom:1px solid #e5e7eb;font-size:11px;color:#111827;">Varrição Mecanizada (VM)</td></tr><tr><th style="padding:3px 5px;text-align:left;background:#f3f4f6;border-bottom:1px solid #d1d5db;width:30%;font-size:11px;font-weight:600;color:#1f2937;">Setor</th><td style="padding:3px 5px;border-bottom:1px solid #e5e7eb;font-size:11px;color:#111827;">ST30405VM0002</td></tr><tr><th style="padding:3px 5px;text-align:left;background:#f3f4f6;border-bottom:1px solid #d1d5db;width:30%;font-size:11px;font-weight:600;color:#1f2937;">Tipo de Serviço</th><td style="padding:3px 5px;border-bottom:1px solid #e5e7eb;font-size:11px;color:#111827;">Varrição Mecanizada</td></tr><tr><th style="padding:3px 5px;text-align:left;background:#f3f4f6;border-bottom:1px solid #d1d5db;width:30%;font-size:11px;font-weight:600;color:#1f2937;">Nome</th><td style="padding:3px 5px;border-bottom:1px solid #e5e7eb;font-size:11px;color:#111827;">ST30405VM0002 - Seg. 11</td></tr><tr><th style="padding:3px 5px;text-align:left;background:#f3f4f6;border-bottom:1px solid #d1d5db;width:30%;font-size:11px;font-weight:600;color:#1f2937;">Logradouro</th><td style="padding:3px 5px;border-bottom:1px solid #e5e7eb;font-size:11px;color:#111827;">Av Gal Ataliba Leonel</td></tr><tr><th style="padding:3px 5px;text-align:left;background:#f3f4f6;border-bottom:1px solid #d1d5db;width:30%;font-size:11px;font-weight:600;color:#1f2937;">Subprefeitura</th><td style="padding:3px 5px;border-bottom:1px solid #e5e7eb;font-size:11px;color:#111827;">Santana / Tucuruvi</td></tr><tr><th style="padding:3px 5px;text-align:left;background:#f3f4f6;border-bottom:1px solid #d1d5db;width:30%;font-size:11px;font-weight:600;color:#1f2937;">Turno</th><td style="padding:3px 5px;border-bottom:1px solid #e5e7eb;font-size:11px;color:#111827;">Noturno</td></tr><tr><th style="padding:3px 5px;text-align:left;background:#f3f4f6;border-bottom:1px solid #d1d5db;width:30%;font-size:11px;font-weight:600;color:#1f2937;">Frequência</th><td style="padding:3px 5px;border-bottom:1px solid #e5e7eb;font-size:11px;color:#111827;">Quinta e Domingo</td></tr><tr><th style="padding:3px 5px;text-align:left;background:#f3f4f6;border-bottom:1px solid #d1d5db;width:30%;font-size:11px;font-weight:600;color:#1f2937;">Cronograma</th><td style="padding:3px 5px;border-bottom:1px solid #e5e7eb;font-size:11px;color:#111827;">—</td></tr></table>]]></description><LineString><coordinates>-46.6262200,-23.5081200,0 -46.6249000,-23.5072400,0 -46.6230700,-23.5059700,0 -46.6217400,-23.5050200,0 -46.6216000,-23.5049000,0 -46.6207500,-23.5038500,0 -46.6196000,-23.5028100,0 -46.6190800,-23.5026000,0 -46.6185000,-23.5026100,0 -46.6169400,-23.5021900,0 -46.6161900,-23.5018700,0 -46.6155600,-23.5013600,0</coordinates></LineString></Placemark>
<Style id="s-VM-239">
<LineStyle><color>ff00d7ff</color><width>3.0</width></LineStyle>
<PolyStyle><color>ff00d7ff</color></PolyStyle>
<IconStyle><color>ff00d7ff</color><scale>0.55</scale>
<Icon><href>http://maps.google.com/mapfiles/kml/shapes/placemark_circle.png</href></Icon>
</IconStyle>
<LabelStyle><scale>0.65</scale></LabelStyle>
</Style><Placemark><name>ST30405VM0002 - Seg. 12</name><styleUrl>#s-VM-239</styleUrl><description><![CDATA[<table style="border-collapse:collapse;width:100%;font-family:'Helvetica Neue',Helvetica,Arial,sans-serif;font-size:11px;border:1px solid #e5e7eb;border-radius:8px;overflow:hidden;"><tr><th colspan="2" style="padding:5px 8px;background:#1f6feb;color:#fff;text-align:left;font-size:12px;font-weight:600;">ST30405VM0002 - Seg. 12</th></tr><tr><th style="padding:3px 5px;text-align:left;background:#f3f4f6;border-bottom:1px solid #d1d5db;width:30%;font-size:11px;font-weight:600;color:#1f2937;">Serviço</th><td style="padding:3px 5px;border-bottom:1px solid #e5e7eb;font-size:11px;color:#111827;">Varrição Mecanizada (VM)</td></tr><tr><th style="padding:3px 5px;text-align:left;background:#f3f4f6;border-bottom:1px solid #d1d5db;width:30%;font-size:11px;font-weight:600;color:#1f2937;">Setor</th><td style="padding:3px 5px;border-bottom:1px solid #e5e7eb;font-size:11px;color:#111827;">ST30405VM0002</td></tr><tr><th style="padding:3px 5px;text-align:left;background:#f3f4f6;border-bottom:1px solid #d1d5db;width:30%;font-size:11px;font-weight:600;color:#1f2937;">Tipo de Serviço</th><td style="padding:3px 5px;border-bottom:1px solid #e5e7eb;font-size:11px;color:#111827;">Varrição Mecanizada</td></tr><tr><th style="padding:3px 5px;text-align:left;background:#f3f4f6;border-bottom:1px solid #d1d5db;width:30%;font-size:11px;font-weight:600;color:#1f2937;">Nome</th><td style="padding:3px 5px;border-bottom:1px solid #e5e7eb;font-size:11px;color:#111827;">ST30405VM0002 - Seg. 12</td></tr><tr><th style="padding:3px 5px;text-align:left;background:#f3f4f6;border-bottom:1px solid #d1d5db;width:30%;font-size:11px;font-weight:600;color:#1f2937;">Logradouro</th><td style="padding:3px 5px;border-bottom:1px solid #e5e7eb;font-size:11px;color:#111827;">Av Gal Pedro Leon Schneider</td></tr><tr><th style="padding:3px 5px;text-align:left;background:#f3f4f6;border-bottom:1px solid #d1d5db;width:30%;font-size:11px;font-weight:600;color:#1f2937;">Subprefeitura</th><td style="padding:3px 5px;border-bottom:1px solid #e5e7eb;font-size:11px;color:#111827;">Santana / Tucuruvi</td></tr><tr><th style="padding:3px 5px;text-align:left;background:#f3f4f6;border-bottom:1px solid #d1d5db;width:30%;font-size:11px;font-weight:600;color:#1f2937;">Turno</th><td style="padding:3px 5px;border-bottom:1px solid #e5e7eb;font-size:11px;color:#111827;">Noturno</td></tr><tr><th style="padding:3px 5px;text-align:left;background:#f3f4f6;border-bottom:1px solid #d1d5db;width:30%;font-size:11px;font-weight:600;color:#1f2937;">Frequência</th><td style="padding:3px 5px;border-bottom:1px solid #e5e7eb;font-size:11px;color:#111827;">Quinta e Domingo</td></tr><tr><th style="padding:3px 5px;text-align:left;background:#f3f4f6;border-bottom:1px solid #d1d5db;width:30%;font-size:11px;font-weight:600;color:#1f2937;">Cronograma</th><td style="padding:3px 5px;border-bottom:1px solid #e5e7eb;font-size:11px;color:#111827;">—</td></tr></table>]]></description><LineString><coordinates>-46.6286100,-23.5096500,0 -46.6281500,-23.5094200,0 -46.6262200,-23.5081200,0 -46.6277700,-23.5092900,0 -46.6262200,-23.5082000,0 -46.6277700,-23.5092900,0 -46.6284100,-23.5097800,0 -46.6287300,-23.5104900,0</coordinates></LineString></Placemark>
<Style id="s-VM-240">
<LineStyle><color>ff00d7ff</color><width>3.0</width></LineStyle>
<PolyStyle><color>ff00d7ff</color></PolyStyle>
<IconStyle><color>ff00d7ff</color><scale>0.55</scale>
<Icon><href>http://maps.google.com/mapfiles/kml/shapes/placemark_circle.png</href></Icon>
</IconStyle>
<LabelStyle><scale>0.65</scale></LabelStyle>
</Style><Placemark><name>ST30405VM0002 - Seg. 13</name><styleUrl>#s-VM-240</styleUrl><description><![CDATA[<table style="border-collapse:collapse;width:100%;font-family:'Helvetica Neue',Helvetica,Arial,sans-serif;font-size:11px;border:1px solid #e5e7eb;border-radius:8px;overflow:hidden;"><tr><th colspan="2" style="padding:5px 8px;background:#1f6feb;color:#fff;text-align:left;font-size:12px;font-weight:600;">ST30405VM0002 - Seg. 13</th></tr><tr><th style="padding:3px 5px;text-align:left;background:#f3f4f6;border-bottom:1px solid #d1d5db;width:30%;font-size:11px;font-weight:600;color:#1f2937;">Serviço</th><td style="padding:3px 5px;border-bottom:1px solid #e5e7eb;font-size:11px;color:#111827;">Varrição Mecanizada (VM)</td></tr><tr><th style="padding:3px 5px;text-align:left;background:#f3f4f6;border-bottom:1px solid #d1d5db;width:30%;font-size:11px;font-weight:600;color:#1f2937;">Setor</th><td style="padding:3px 5px;border-bottom:1px solid #e5e7eb;font-size:11px;color:#111827;">ST30405VM0002</td></tr><tr><th style="padding:3px 5px;text-align:left;background:#f3f4f6;border-bottom:1px solid #d1d5db;width:30%;font-size:11px;font-weight:600;color:#1f2937;">Tipo de Serviço</th><td style="padding:3px 5px;border-bottom:1px solid #e5e7eb;font-size:11px;color:#111827;">Varrição Mecanizada</td></tr><tr><th style="padding:3px 5px;text-align:left;background:#f3f4f6;border-bottom:1px solid #d1d5db;width:30%;font-size:11px;font-weight:600;color:#1f2937;">Nome</th><td style="padding:3px 5px;border-bottom:1px solid #e5e7eb;font-size:11px;color:#111827;">ST30405VM0002 - Seg. 13</td></tr><tr><th style="padding:3px 5px;text-align:left;background:#f3f4f6;border-bottom:1px solid #d1d5db;width:30%;font-size:11px;font-weight:600;color:#1f2937;">Logradouro</th><td style="padding:3px 5px;border-bottom:1px solid #e5e7eb;font-size:11px;color:#111827;">Av Luiz Dumont Villares</td></tr><tr><th style="padding:3px 5px;text-align:left;background:#f3f4f6;border-bottom:1px solid #d1d5db;width:30%;font-size:11px;font-weight:600;color:#1f2937;">Subprefeitura</th><td style="padding:3px 5px;border-bottom:1px solid #e5e7eb;font-size:11px;color:#111827;">Santana / Tucuruvi</td></tr><tr><th style="padding:3px 5px;text-align:left;background:#f3f4f6;border-bottom:1px solid #d1d5db;width:30%;font-size:11px;font-weight:600;color:#1f2937;">Turno</th><td style="padding:3px 5px;border-bottom:1px solid #e5e7eb;font-size:11px;color:#111827;">Noturno</td></tr><tr><th style="padding:3px 5px;text-align:left;background:#f3f4f6;border-bottom:1px solid #d1d5db;width:30%;font-size:11px;font-weight:600;color:#1f2937;">Frequência</th><td style="padding:3px 5px;border-bottom:1px solid #e5e7eb;font-size:11px;color:#111827;">Quinta e Domingo</td></tr><tr><th style="padding:3px 5px;text-align:left;background:#f3f4f6;border-bottom:1px solid #d1d5db;width:30%;font-size:11px;font-weight:600;color:#1f2937;">Cronograma</th><td style="padding:3px 5px;border-bottom:1px solid #e5e7eb;font-size:11px;color:#111827;">—</td></tr></table>]]></description><LineString><coordinates>-46.6149900,-23.5007400,0 -46.6133000,-23.4984800,0 -46.6128300,-23.4978200,0 -46.6124100,-23.4971400,0 -46.6121600,-23.4965500,0 -46.6120500,-23.4961000,0 -46.6118100,-23.4941000,0 -46.6116800,-23.4934500,0 -46.6114500,-23.4926300,0 -46.6110800,-23.4916800,0 -46.6100100,-23.4893800,0 -46.6094200,-23.4879500,0 -46.6086500,-23.4863200,0 -46.6079500,-23.4849600,0 -46.6076000,-23.4843800,0 -46.6072300,-23.4838000,0 -46.6069600,-23.4834200,0 -46.6064900,-23.4826700,0 -46.6056100,-23.4815300,0</coordinates></LineString></Placemark>
<Style id="s-VM-241">
<LineStyle><color>ff00d7ff</color><width>3.0</width></LineStyle>
<PolyStyle><color>ff00d7ff</color></PolyStyle>
<IconStyle><color>ff00d7ff</color><scale>0.55</scale>
<Icon><href>http://maps.google.com/mapfiles/kml/shapes/placemark_circle.png</href></Icon>
</IconStyle>
<LabelStyle><scale>0.65</scale></LabelStyle>
</Style><Placemark><name>ST30405VM0002 - Seg. 14</name><styleUrl>#s-VM-241</styleUrl><description><![CDATA[<table style="border-collapse:collapse;width:100%;font-family:'Helvetica Neue',Helvetica,Arial,sans-serif;font-size:11px;border:1px solid #e5e7eb;border-radius:8px;overflow:hidden;"><tr><th colspan="2" style="padding:5px 8px;background:#1f6feb;color:#fff;text-align:left;font-size:12px;font-weight:600;">ST30405VM0002 - Seg. 14</th></tr><tr><th style="padding:3px 5px;text-align:left;background:#f3f4f6;border-bottom:1px solid #d1d5db;width:30%;font-size:11px;font-weight:600;color:#1f2937;">Serviço</th><td style="padding:3px 5px;border-bottom:1px solid #e5e7eb;font-size:11px;color:#111827;">Varrição Mecanizada (VM)</td></tr><tr><th style="padding:3px 5px;text-align:left;background:#f3f4f6;border-bottom:1px solid #d1d5db;width:30%;font-size:11px;font-weight:600;color:#1f2937;">Setor</th><td style="padding:3px 5px;border-bottom:1px solid #e5e7eb;font-size:11px;color:#111827;">ST30405VM0002</td></tr><tr><th style="padding:3px 5px;text-align:left;background:#f3f4f6;border-bottom:1px solid #d1d5db;width:30%;font-size:11px;font-weight:600;color:#1f2937;">Tipo de Serviço</th><td style="padding:3px 5px;border-bottom:1px solid #e5e7eb;font-size:11px;color:#111827;">Varrição Mecanizada</td></tr><tr><th style="padding:3px 5px;text-align:left;background:#f3f4f6;border-bottom:1px solid #d1d5db;width:30%;font-size:11px;font-weight:600;color:#1f2937;">Nome</th><td style="padding:3px 5px;border-bottom:1px solid #e5e7eb;font-size:11px;color:#111827;">ST30405VM0002 - Seg. 14</td></tr><tr><th style="padding:3px 5px;text-align:left;background:#f3f4f6;border-bottom:1px solid #d1d5db;width:30%;font-size:11px;font-weight:600;color:#1f2937;">Logradouro</th><td style="padding:3px 5px;border-bottom:1px solid #e5e7eb;font-size:11px;color:#111827;">Av Luiz Dumont Villares</td></tr><tr><th style="padding:3px 5px;text-align:left;background:#f3f4f6;border-bottom:1px solid #d1d5db;width:30%;font-size:11px;font-weight:600;color:#1f2937;">Subprefeitura</th><td style="padding:3px 5px;border-bottom:1px solid #e5e7eb;font-size:11px;color:#111827;">Santana / Tucuruvi</td></tr><tr><th style="padding:3px 5px;text-align:left;background:#f3f4f6;border-bottom:1px solid #d1d5db;width:30%;font-size:11px;font-weight:600;color:#1f2937;">Turno</th><td style="padding:3px 5px;border-bottom:1px solid #e5e7eb;font-size:11px;color:#111827;">Noturno</td></tr><tr><th style="padding:3px 5px;text-align:left;background:#f3f4f6;border-bottom:1px solid #d1d5db;width:30%;font-size:11px;font-weight:600;color:#1f2937;">Frequência</th><td style="padding:3px 5px;border-bottom:1px solid #e5e7eb;font-size:11px;color:#111827;">Quinta e Domingo</td></tr><tr><th style="padding:3px 5px;text-align:left;background:#f3f4f6;border-bottom:1px solid #d1d5db;width:30%;font-size:11px;font-weight:600;color:#1f2937;">Cronograma</th><td style="padding:3px 5px;border-bottom:1px solid #e5e7eb;font-size:11px;color:#111827;">—</td></tr></table>]]></description><LineString><coordinates>-46.6147900,-23.5008100,0 -46.6126000,-23.4978400,0 -46.6124100,-23.4975500,0 -46.6122400,-23.4972400,0 -46.6119800,-23.4965800,0 -46.6118300,-23.4958800,0 -46.6116200,-23.4940900,0 -46.6113900,-23.4930700,0 -46.6112400,-23.4926000,0 -46.6108500,-23.4916300,0 -46.6103000,-23.4904200,0 -46.6086200,-23.4868400,0 -46.6081900,-23.4859800,0 -46.6074800,-23.4847200,0 -46.6070800,-23.4841200,0 -46.6060300,-23.4828100,0 -46.6053200,-23.4823100,0 -46.6050400,-23.4822300,0 -46.6047600,-23.4821900,0</coordinates></LineString></Placemark>
<Style id="s-VM-242">
<LineStyle><color>ff00d7ff</color><width>3.0</width></LineStyle>
<PolyStyle><color>ff00d7ff</color></PolyStyle>
<IconStyle><color>ff00d7ff</color><scale>0.55</scale>
<Icon><href>http://maps.google.com/mapfiles/kml/shapes/placemark_circle.png</href></Icon>
</IconStyle>
<LabelStyle><scale>0.65</scale></LabelStyle>
</Style><Placemark><name>ST30405VM0002 - Seg. 15</name><styleUrl>#s-VM-242</styleUrl><description><![CDATA[<table style="border-collapse:collapse;width:100%;font-family:'Helvetica Neue',Helvetica,Arial,sans-serif;font-size:11px;border:1px solid #e5e7eb;border-radius:8px;overflow:hidden;"><tr><th colspan="2" style="padding:5px 8px;background:#1f6feb;color:#fff;text-align:left;font-size:12px;font-weight:600;">ST30405VM0002 - Seg. 15</th></tr><tr><th style="padding:3px 5px;text-align:left;background:#f3f4f6;border-bottom:1px solid #d1d5db;width:30%;font-size:11px;font-weight:600;color:#1f2937;">Serviço</th><td style="padding:3px 5px;border-bottom:1px solid #e5e7eb;font-size:11px;color:#111827;">Varrição Mecanizada (VM)</td></tr><tr><th style="padding:3px 5px;text-align:left;background:#f3f4f6;border-bottom:1px solid #d1d5db;width:30%;font-size:11px;font-weight:600;color:#1f2937;">Setor</th><td style="padding:3px 5px;border-bottom:1px solid #e5e7eb;font-size:11px;color:#111827;">ST30405VM0002</td></tr><tr><th style="padding:3px 5px;text-align:left;background:#f3f4f6;border-bottom:1px solid #d1d5db;width:30%;font-size:11px;font-weight:600;color:#1f2937;">Tipo de Serviço</th><td style="padding:3px 5px;border-bottom:1px solid #e5e7eb;font-size:11px;color:#111827;">Varrição Mecanizada</td></tr><tr><th style="padding:3px 5px;text-align:left;background:#f3f4f6;border-bottom:1px solid #d1d5db;width:30%;font-size:11px;font-weight:600;color:#1f2937;">Nome</th><td style="padding:3px 5px;border-bottom:1px solid #e5e7eb;font-size:11px;color:#111827;">ST30405VM0002 - Seg. 15</td></tr><tr><th style="padding:3px 5px;text-align:left;background:#f3f4f6;border-bottom:1px solid #d1d5db;width:30%;font-size:11px;font-weight:600;color:#1f2937;">Logradouro</th><td style="padding:3px 5px;border-bottom:1px solid #e5e7eb;font-size:11px;color:#111827;">Av Olavo Fontoura</td></tr><tr><th style="padding:3px 5px;text-align:left;background:#f3f4f6;border-bottom:1px solid #d1d5db;width:30%;font-size:11px;font-weight:600;color:#1f2937;">Subprefeitura</th><td style="padding:3px 5px;border-bottom:1px solid #e5e7eb;font-size:11px;color:#111827;">Santana / Tucuruvi</td></tr><tr><th style="padding:3px 5px;text-align:left;background:#f3f4f6;border-bottom:1px solid #d1d5db;width:30%;font-size:11px;font-weight:600;color:#1f2937;">Turno</th><td style="padding:3px 5px;border-bottom:1px solid #e5e7eb;font-size:11px;color:#111827;">Noturno</td></tr><tr><th style="padding:3px 5px;text-align:left;background:#f3f4f6;border-bottom:1px solid #d1d5db;width:30%;font-size:11px;font-weight:600;color:#1f2937;">Frequência</th><td style="padding:3px 5px;border-bottom:1px solid #e5e7eb;font-size:11px;color:#111827;">Quinta e Domingo</td></tr><tr><th style="padding:3px 5px;text-align:left;background:#f3f4f6;border-bottom:1px solid #d1d5db;width:30%;font-size:11px;font-weight:600;color:#1f2937;">Cronograma</th><td style="padding:3px 5px;border-bottom:1px solid #e5e7eb;font-size:11px;color:#111827;">—</td></tr></table>]]></description><LineString><coordinates>-46.6303400,-23.5139700,0 -46.6308700,-23.5141900,0 -46.6339300,-23.5139900,0 -46.6347600,-23.5140100,0 -46.6356000,-23.5140600,0 -46.6368200,-23.5142400,0 -46.6434200,-23.5153700,0 -46.6442200,-23.5154800,0 -46.6482500,-23.5155900,0 -46.6510700,-23.5156300,0 -46.6519000,-23.5157800,0 -46.6523500,-23.5159500,0 -46.6530300,-23.5160100,0 -46.6537100,-23.5159400,0</coordinates></LineString></Placemark>
<Style id="s-VM-243">
<LineStyle><color>ff00d7ff</color><width>3.0</width></LineStyle>
<PolyStyle><color>ff00d7ff</color></PolyStyle>
<IconStyle><color>ff00d7ff</color><scale>0.55</scale>
<Icon><href>http://maps.google.com/mapfiles/kml/shapes/placemark_circle.png</href></Icon>
</IconStyle>
<LabelStyle><scale>0.65</scale></LabelStyle>
</Style><Placemark><name>ST30405VM0002 - Seg. 16</name><styleUrl>#s-VM-243</styleUrl><description><![CDATA[<table style="border-collapse:collapse;width:100%;font-family:'Helvetica Neue',Helvetica,Arial,sans-serif;font-size:11px;border:1px solid #e5e7eb;border-radius:8px;overflow:hidden;"><tr><th colspan="2" style="padding:5px 8px;background:#1f6feb;color:#fff;text-align:left;font-size:12px;font-weight:600;">ST30405VM0002 - Seg. 16</th></tr><tr><th style="padding:3px 5px;text-align:left;background:#f3f4f6;border-bottom:1px solid #d1d5db;width:30%;font-size:11px;font-weight:600;color:#1f2937;">Serviço</th><td style="padding:3px 5px;border-bottom:1px solid #e5e7eb;font-size:11px;color:#111827;">Varrição Mecanizada (VM)</td></tr><tr><th style="padding:3px 5px;text-align:left;background:#f3f4f6;border-bottom:1px solid #d1d5db;width:30%;font-size:11px;font-weight:600;color:#1f2937;">Setor</th><td style="padding:3px 5px;border-bottom:1px solid #e5e7eb;font-size:11px;color:#111827;">ST30405VM0002</td></tr><tr><th style="padding:3px 5px;text-align:left;background:#f3f4f6;border-bottom:1px solid #d1d5db;width:30%;font-size:11px;font-weight:600;color:#1f2937;">Tipo de Serviço</th><td style="padding:3px 5px;border-bottom:1px solid #e5e7eb;font-size:11px;color:#111827;">Varrição Mecanizada</td></tr><tr><th style="padding:3px 5px;text-align:left;background:#f3f4f6;border-bottom:1px solid #d1d5db;width:30%;font-size:11px;font-weight:600;color:#1f2937;">Nome</th><td style="padding:3px 5px;border-bottom:1px solid #e5e7eb;font-size:11px;color:#111827;">ST30405VM0002 - Seg. 16</td></tr><tr><th style="padding:3px 5px;text-align:left;background:#f3f4f6;border-bottom:1px solid #d1d5db;width:30%;font-size:11px;font-weight:600;color:#1f2937;">Logradouro</th><td style="padding:3px 5px;border-bottom:1px solid #e5e7eb;font-size:11px;color:#111827;">Av Olavo Fontoura</td></tr><tr><th style="padding:3px 5px;text-align:left;background:#f3f4f6;border-bottom:1px solid #d1d5db;width:30%;font-size:11px;font-weight:600;color:#1f2937;">Subprefeitura</th><td style="padding:3px 5px;border-bottom:1px solid #e5e7eb;font-size:11px;color:#111827;">Santana / Tucuruvi</td></tr><tr><th style="padding:3px 5px;text-align:left;background:#f3f4f6;border-bottom:1px solid #d1d5db;width:30%;font-size:11px;font-weight:600;color:#1f2937;">Turno</th><td style="padding:3px 5px;border-bottom:1px solid #e5e7eb;font-size:11px;color:#111827;">Noturno</td></tr><tr><th style="padding:3px 5px;text-align:left;background:#f3f4f6;border-bottom:1px solid #d1d5db;width:30%;font-size:11px;font-weight:600;color:#1f2937;">Frequência</th><td style="padding:3px 5px;border-bottom:1px solid #e5e7eb;font-size:11px;color:#111827;">Quinta e Domingo</td></tr><tr><th style="padding:3px 5px;text-align:left;background:#f3f4f6;border-bottom:1px solid #d1d5db;width:30%;font-size:11px;font-weight:600;color:#1f2937;">Cronograma</th><td style="padding:3px 5px;border-bottom:1px solid #e5e7eb;font-size:11px;color:#111827;">—</td></tr></table>]]></description><LineString><coordinates>-46.6304800,-23.5146200,0 -46.6309300,-23.5143300,0 -46.6340100,-23.5141400,0 -46.6348000,-23.5141500,0 -46.6355900,-23.5142100,0 -46.6367900,-23.5143800,0 -46.6434900,-23.5155200,0 -46.6443400,-23.5156400,0 -46.6491600,-23.5157400,0 -46.6500900,-23.5157800,0</coordinates></LineString></Placemark>
<Style id="s-VM-244">
<LineStyle><color>ff00d7ff</color><width>3.0</width></LineStyle>
<PolyStyle><color>ff00d7ff</color></PolyStyle>
<IconStyle><color>ff00d7ff</color><scale>0.55</scale>
<Icon><href>http://maps.google.com/mapfiles/kml/shapes/placemark_circle.png</href></Icon>
</IconStyle>
<LabelStyle><scale>0.65</scale></LabelStyle>
</Style><Placemark><name>ST30405VM0002 - Seg. 17</name><styleUrl>#s-VM-244</styleUrl><description><![CDATA[<table style="border-collapse:collapse;width:100%;font-family:'Helvetica Neue',Helvetica,Arial,sans-serif;font-size:11px;border:1px solid #e5e7eb;border-radius:8px;overflow:hidden;"><tr><th colspan="2" style="padding:5px 8px;background:#1f6feb;color:#fff;text-align:left;font-size:12px;font-weight:600;">ST30405VM0002 - Seg. 17</th></tr><tr><th style="padding:3px 5px;text-align:left;background:#f3f4f6;border-bottom:1px solid #d1d5db;width:30%;font-size:11px;font-weight:600;color:#1f2937;">Serviço</th><td style="padding:3px 5px;border-bottom:1px solid #e5e7eb;font-size:11px;color:#111827;">Varrição Mecanizada (VM)</td></tr><tr><th style="padding:3px 5px;text-align:left;background:#f3f4f6;border-bottom:1px solid #d1d5db;width:30%;font-size:11px;font-weight:600;color:#1f2937;">Setor</th><td style="padding:3px 5px;border-bottom:1px solid #e5e7eb;font-size:11px;color:#111827;">ST30405VM0002</td></tr><tr><th style="padding:3px 5px;text-align:left;background:#f3f4f6;border-bottom:1px solid #d1d5db;width:30%;font-size:11px;font-weight:600;color:#1f2937;">Tipo de Serviço</th><td style="padding:3px 5px;border-bottom:1px solid #e5e7eb;font-size:11px;color:#111827;">Varrição Mecanizada</td></tr><tr><th style="padding:3px 5px;text-align:left;background:#f3f4f6;border-bottom:1px solid #d1d5db;width:30%;font-size:11px;font-weight:600;color:#1f2937;">Nome</th><td style="padding:3px 5px;border-bottom:1px solid #e5e7eb;font-size:11px;color:#111827;">ST30405VM0002 - Seg. 17</td></tr><tr><th style="padding:3px 5px;text-align:left;background:#f3f4f6;border-bottom:1px solid #d1d5db;width:30%;font-size:11px;font-weight:600;color:#1f2937;">Logradouro</th><td style="padding:3px 5px;border-bottom:1px solid #e5e7eb;font-size:11px;color:#111827;">Av Sto Dumont</td></tr><tr><th style="padding:3px 5px;text-align:left;background:#f3f4f6;border-bottom:1px solid #d1d5db;width:30%;font-size:11px;font-weight:600;color:#1f2937;">Subprefeitura</th><td style="padding:3px 5px;border-bottom:1px solid #e5e7eb;font-size:11px;color:#111827;">Santana / Tucuruvi</td></tr><tr><th style="padding:3px 5px;text-align:left;background:#f3f4f6;border-bottom:1px solid #d1d5db;width:30%;font-size:11px;font-weight:600;color:#1f2937;">Turno</th><td style="padding:3px 5px;border-bottom:1px solid #e5e7eb;font-size:11px;color:#111827;">Noturno</td></tr><tr><th style="padding:3px 5px;text-align:left;background:#f3f4f6;border-bottom:1px solid #d1d5db;width:30%;font-size:11px;font-weight:600;color:#1f2937;">Frequência</th><td style="padding:3px 5px;border-bottom:1px solid #e5e7eb;font-size:11px;color:#111827;">Quinta e Domingo</td></tr><tr><th style="padding:3px 5px;text-align:left;background:#f3f4f6;border-bottom:1px solid #d1d5db;width:30%;font-size:11px;font-weight:600;color:#1f2937;">Cronograma</th><td style="padding:3px 5px;border-bottom:1px solid #e5e7eb;font-size:11px;color:#111827;">—</td></tr></table>]]></description><LineString><coordinates>-46.6300600,-23.5180800,0 -46.6298300,-23.5162200,0 -46.6297600,-23.5157800,0 -46.6298500,-23.5153500,0 -46.6298900,-23.5179800,0 -46.6297600,-23.5173100,0 -46.6295600,-23.5159700,0 -46.6292200,-23.5154100,0 -46.6296800,-23.5135100,0 -46.6293500,-23.5129700,0 -46.6289600,-23.5104100,0 -46.6288800,-23.5097700,0 -46.6288400,-23.5086700,0 -46.6287800,-23.5079400,0 -46.6285700,-23.5064900,0 -46.6284900,-23.5051900,0 -46.6283200,-23.5041700,0</coordinates></LineString></Placemark>
<Style id="s-VM-245">
<LineStyle><color>ff00d7ff</color><width>3.0</width></LineStyle>
<PolyStyle><color>ff00d7ff</color></PolyStyle>
<IconStyle><color>ff00d7ff</color><scale>0.55</scale>
<Icon><href>http://maps.google.com/mapfiles/kml/shapes/placemark_circle.png</href></Icon>
</IconStyle>
<LabelStyle><scale>0.65</scale></LabelStyle>
</Style><Placemark><name>ST30405VM0002 - Seg. 18</name><styleUrl>#s-VM-245</styleUrl><description><![CDATA[<table style="border-collapse:collapse;width:100%;font-family:'Helvetica Neue',Helvetica,Arial,sans-serif;font-size:11px;border:1px solid #e5e7eb;border-radius:8px;overflow:hidden;"><tr><th colspan="2" style="padding:5px 8px;background:#1f6feb;color:#fff;text-align:left;font-size:12px;font-weight:600;">ST30405VM0002 - Seg. 18</th></tr><tr><th style="padding:3px 5px;text-align:left;background:#f3f4f6;border-bottom:1px solid #d1d5db;width:30%;font-size:11px;font-weight:600;color:#1f2937;">Serviço</th><td style="padding:3px 5px;border-bottom:1px solid #e5e7eb;font-size:11px;color:#111827;">Varrição Mecanizada (VM)</td></tr><tr><th style="padding:3px 5px;text-align:left;background:#f3f4f6;border-bottom:1px solid #d1d5db;width:30%;font-size:11px;font-weight:600;color:#1f2937;">Setor</th><td style="padding:3px 5px;border-bottom:1px solid #e5e7eb;font-size:11px;color:#111827;">ST30405VM0002</td></tr><tr><th style="padding:3px 5px;text-align:left;background:#f3f4f6;border-bottom:1px solid #d1d5db;width:30%;font-size:11px;font-weight:600;color:#1f2937;">Tipo de Serviço</th><td style="padding:3px 5px;border-bottom:1px solid #e5e7eb;font-size:11px;color:#111827;">Varrição Mecanizada</td></tr><tr><th style="padding:3px 5px;text-align:left;background:#f3f4f6;border-bottom:1px solid #d1d5db;width:30%;font-size:11px;font-weight:600;color:#1f2937;">Nome</th><td style="padding:3px 5px;border-bottom:1px solid #e5e7eb;font-size:11px;color:#111827;">ST30405VM0002 - Seg. 18</td></tr><tr><th style="padding:3px 5px;text-align:left;background:#f3f4f6;border-bottom:1px solid #d1d5db;width:30%;font-size:11px;font-weight:600;color:#1f2937;">Logradouro</th><td style="padding:3px 5px;border-bottom:1px solid #e5e7eb;font-size:11px;color:#111827;">Av Sto Dumont</td></tr><tr><th style="padding:3px 5px;text-align:left;background:#f3f4f6;border-bottom:1px solid #d1d5db;width:30%;font-size:11px;font-weight:600;color:#1f2937;">Subprefeitura</th><td style="padding:3px 5px;border-bottom:1px solid #e5e7eb;font-size:11px;color:#111827;">Santana / Tucuruvi</td></tr><tr><th style="padding:3px 5px;text-align:left;background:#f3f4f6;border-bottom:1px solid #d1d5db;width:30%;font-size:11px;font-weight:600;color:#1f2937;">Turno</th><td style="padding:3px 5px;border-bottom:1px solid #e5e7eb;font-size:11px;color:#111827;">Noturno</td></tr><tr><th style="padding:3px 5px;text-align:left;background:#f3f4f6;border-bottom:1px solid #d1d5db;width:30%;font-size:11px;font-weight:600;color:#1f2937;">Frequência</th><td style="padding:3px 5px;border-bottom:1px solid #e5e7eb;font-size:11px;color:#111827;">Quinta e Domingo</td></tr><tr><th style="padding:3px 5px;text-align:left;background:#f3f4f6;border-bottom:1px solid #d1d5db;width:30%;font-size:11px;font-weight:600;color:#1f2937;">Cronograma</th><td style="padding:3px 5px;border-bottom:1px solid #e5e7eb;font-size:11px;color:#111827;">—</td></tr></table>]]></description><LineString><coordinates>-46.6288900,-23.5136300,0 -46.6291000,-23.5128500,0 -46.6286100,-23.5096500,0 -46.6282600,-23.5083600,0 -46.6280000,-23.5066500,0 -46.6279200,-23.5062000,0 -46.6277400,-23.5055900,0 -46.6275400,-23.5042300,0</coordinates></LineString></Placemark>
<Style id="s-VM-246">
<LineStyle><color>ff00d7ff</color><width>3.0</width></LineStyle>
<PolyStyle><color>ff00d7ff</color></PolyStyle>
<IconStyle><color>ff00d7ff</color><scale>0.55</scale>
<Icon><href>http://maps.google.com/mapfiles/kml/shapes/placemark_circle.png</href></Icon>
</IconStyle>
<LabelStyle><scale>0.65</scale></LabelStyle>
</Style><Placemark><name>ST30405VM0002 - Seg. 19</name><styleUrl>#s-VM-246</styleUrl><description><![CDATA[<table style="border-collapse:collapse;width:100%;font-family:'Helvetica Neue',Helvetica,Arial,sans-serif;font-size:11px;border:1px solid #e5e7eb;border-radius:8px;overflow:hidden;"><tr><th colspan="2" style="padding:5px 8px;background:#1f6feb;color:#fff;text-align:left;font-size:12px;font-weight:600;">ST30405VM0002 - Seg. 19</th></tr><tr><th style="padding:3px 5px;text-align:left;background:#f3f4f6;border-bottom:1px solid #d1d5db;width:30%;font-size:11px;font-weight:600;color:#1f2937;">Serviço</th><td style="padding:3px 5px;border-bottom:1px solid #e5e7eb;font-size:11px;color:#111827;">Varrição Mecanizada (VM)</td></tr><tr><th style="padding:3px 5px;text-align:left;background:#f3f4f6;border-bottom:1px solid #d1d5db;width:30%;font-size:11px;font-weight:600;color:#1f2937;">Setor</th><td style="padding:3px 5px;border-bottom:1px solid #e5e7eb;font-size:11px;color:#111827;">ST30405VM0002</td></tr><tr><th style="padding:3px 5px;text-align:left;background:#f3f4f6;border-bottom:1px solid #d1d5db;width:30%;font-size:11px;font-weight:600;color:#1f2937;">Tipo de Serviço</th><td style="padding:3px 5px;border-bottom:1px solid #e5e7eb;font-size:11px;color:#111827;">Varrição Mecanizada</td></tr><tr><th style="padding:3px 5px;text-align:left;background:#f3f4f6;border-bottom:1px solid #d1d5db;width:30%;font-size:11px;font-weight:600;color:#1f2937;">Nome</th><td style="padding:3px 5px;border-bottom:1px solid #e5e7eb;font-size:11px;color:#111827;">ST30405VM0002 - Seg. 19</td></tr><tr><th style="padding:3px 5px;text-align:left;background:#f3f4f6;border-bottom:1px solid #d1d5db;width:30%;font-size:11px;font-weight:600;color:#1f2937;">Logradouro</th><td style="padding:3px 5px;border-bottom:1px solid #e5e7eb;font-size:11px;color:#111827;">Av Tucuruvi</td></tr><tr><th style="padding:3px 5px;text-align:left;background:#f3f4f6;border-bottom:1px solid #d1d5db;width:30%;font-size:11px;font-weight:600;color:#1f2937;">Subprefeitura</th><td style="padding:3px 5px;border-bottom:1px solid #e5e7eb;font-size:11px;color:#111827;">Santana / Tucuruvi</td></tr><tr><th style="padding:3px 5px;text-align:left;background:#f3f4f6;border-bottom:1px solid #d1d5db;width:30%;font-size:11px;font-weight:600;color:#1f2937;">Turno</th><td style="padding:3px 5px;border-bottom:1px solid #e5e7eb;font-size:11px;color:#111827;">Noturno</td></tr><tr><th style="padding:3px 5px;text-align:left;background:#f3f4f6;border-bottom:1px solid #d1d5db;width:30%;font-size:11px;font-weight:600;color:#1f2937;">Frequência</th><td style="padding:3px 5px;border-bottom:1px solid #e5e7eb;font-size:11px;color:#111827;">Quinta e Domingo</td></tr><tr><th style="padding:3px 5px;text-align:left;background:#f3f4f6;border-bottom:1px solid #d1d5db;width:30%;font-size:11px;font-weight:600;color:#1f2937;">Cronograma</th><td style="padding:3px 5px;border-bottom:1px solid #e5e7eb;font-size:11px;color:#111827;">—</td></tr></table>]]></description><LineString><coordinates>-46.6049400,-23.4809800,0 -46.6045800,-23.4811000,0</coordinates></LineString></Placemark>
<Style id="s-VM-247">
<LineStyle><color>ff00d7ff</color><width>3.0</width></LineStyle>
<PolyStyle><color>ff00d7ff</color></PolyStyle>
<IconStyle><color>ff00d7ff</color><scale>0.55</scale>
<Icon><href>http://maps.google.com/mapfiles/kml/shapes/placemark_circle.png</href></Icon>
</IconStyle>
<LabelStyle><scale>0.65</scale></LabelStyle>
</Style><Placemark><name>ST30405VM0002 - Seg. 20</name><styleUrl>#s-VM-247</styleUrl><description><![CDATA[<table style="border-collapse:collapse;width:100%;font-family:'Helvetica Neue',Helvetica,Arial,sans-serif;font-size:11px;border:1px solid #e5e7eb;border-radius:8px;overflow:hidden;"><tr><th colspan="2" style="padding:5px 8px;background:#1f6feb;color:#fff;text-align:left;font-size:12px;font-weight:600;">ST30405VM0002 - Seg. 20</th></tr><tr><th style="padding:3px 5px;text-align:left;background:#f3f4f6;border-bottom:1px solid #d1d5db;width:30%;font-size:11px;font-weight:600;color:#1f2937;">Serviço</th><td style="padding:3px 5px;border-bottom:1px solid #e5e7eb;font-size:11px;color:#111827;">Varrição Mecanizada (VM)</td></tr><tr><th style="padding:3px 5px;text-align:left;background:#f3f4f6;border-bottom:1px solid #d1d5db;width:30%;font-size:11px;font-weight:600;color:#1f2937;">Setor</th><td style="padding:3px 5px;border-bottom:1px solid #e5e7eb;font-size:11px;color:#111827;">ST30405VM0002</td></tr><tr><th style="padding:3px 5px;text-align:left;background:#f3f4f6;border-bottom:1px solid #d1d5db;width:30%;font-size:11px;font-weight:600;color:#1f2937;">Tipo de Serviço</th><td style="padding:3px 5px;border-bottom:1px solid #e5e7eb;font-size:11px;color:#111827;">Varrição Mecanizada</td></tr><tr><th style="padding:3px 5px;text-align:left;background:#f3f4f6;border-bottom:1px solid #d1d5db;width:30%;font-size:11px;font-weight:600;color:#1f2937;">Nome</th><td style="padding:3px 5px;border-bottom:1px solid #e5e7eb;font-size:11px;color:#111827;">ST30405VM0002 - Seg. 20</td></tr><tr><th style="padding:3px 5px;text-align:left;background:#f3f4f6;border-bottom:1px solid #d1d5db;width:30%;font-size:11px;font-weight:600;color:#1f2937;">Logradouro</th><td style="padding:3px 5px;border-bottom:1px solid #e5e7eb;font-size:11px;color:#111827;">Av Zaki Narchi</td></tr><tr><th style="padding:3px 5px;text-align:left;background:#f3f4f6;border-bottom:1px solid #d1d5db;width:30%;font-size:11px;font-weight:600;color:#1f2937;">Subprefeitura</th><td style="padding:3px 5px;border-bottom:1px solid #e5e7eb;font-size:11px;color:#111827;">Santana / Tucuruvi</td></tr><tr><th style="padding:3px 5px;text-align:left;background:#f3f4f6;border-bottom:1px solid #d1d5db;width:30%;font-size:11px;font-weight:600;color:#1f2937;">Turno</th><td style="padding:3px 5px;border-bottom:1px solid #e5e7eb;font-size:11px;color:#111827;">Noturno</td></tr><tr><th style="padding:3px 5px;text-align:left;background:#f3f4f6;border-bottom:1px solid #d1d5db;width:30%;font-size:11px;font-weight:600;color:#1f2937;">Frequência</th><td style="padding:3px 5px;border-bottom:1px solid #e5e7eb;font-size:11px;color:#111827;">Quinta e Domingo</td></tr><tr><th style="padding:3px 5px;text-align:left;background:#f3f4f6;border-bottom:1px solid #d1d5db;width:30%;font-size:11px;font-weight:600;color:#1f2937;">Cronograma</th><td style="padding:3px 5px;border-bottom:1px solid #e5e7eb;font-size:11px;color:#111827;">—</td></tr></table>]]></description><LineString><coordinates>-46.6251500,-23.5115900,0 -46.6246900,-23.5115800,0 -46.6232900,-23.5116500,0 -46.6226000,-23.5116600,0 -46.6219200,-23.5115700,0 -46.6215600,-23.5114900,0 -46.6210500,-23.5113100,0 -46.6181400,-23.5099600,0 -46.6163600,-23.5091000,0 -46.6159600,-23.5088700,0 -46.6156700,-23.5085400,0 -46.6154600,-23.5081500,0 -46.6153700,-23.5075100,0 -46.6150600,-23.5046000,0 -46.6151300,-23.5037400,0 -46.6153700,-23.5021500,0 -46.6154800,-23.5015800,0</coordinates></LineString></Placemark>
<Style id="s-VM-248">
<LineStyle><color>ff00d7ff</color><width>3.0</width></LineStyle>
<PolyStyle><color>ff00d7ff</color></PolyStyle>
<IconStyle><color>ff00d7ff</color><scale>0.55</scale>
<Icon><href>http://maps.google.com/mapfiles/kml/shapes/placemark_circle.png</href></Icon>
</IconStyle>
<LabelStyle><scale>0.65</scale></LabelStyle>
</Style><Placemark><name>ST30405VM0002 - Seg. 21</name><styleUrl>#s-VM-248</styleUrl><description><![CDATA[<table style="border-collapse:collapse;width:100%;font-family:'Helvetica Neue',Helvetica,Arial,sans-serif;font-size:11px;border:1px solid #e5e7eb;border-radius:8px;overflow:hidden;"><tr><th colspan="2" style="padding:5px 8px;background:#1f6feb;color:#fff;text-align:left;font-size:12px;font-weight:600;">ST30405VM0002 - Seg. 21</th></tr><tr><th style="padding:3px 5px;text-align:left;background:#f3f4f6;border-bottom:1px solid #d1d5db;width:30%;font-size:11px;font-weight:600;color:#1f2937;">Serviço</th><td style="padding:3px 5px;border-bottom:1px solid #e5e7eb;font-size:11px;color:#111827;">Varrição Mecanizada (VM)</td></tr><tr><th style="padding:3px 5px;text-align:left;background:#f3f4f6;border-bottom:1px solid #d1d5db;width:30%;font-size:11px;font-weight:600;color:#1f2937;">Setor</th><td style="padding:3px 5px;border-bottom:1px solid #e5e7eb;font-size:11px;color:#111827;">ST30405VM0002</td></tr><tr><th style="padding:3px 5px;text-align:left;background:#f3f4f6;border-bottom:1px solid #d1d5db;width:30%;font-size:11px;font-weight:600;color:#1f2937;">Tipo de Serviço</th><td style="padding:3px 5px;border-bottom:1px solid #e5e7eb;font-size:11px;color:#111827;">Varrição Mecanizada</td></tr><tr><th style="padding:3px 5px;text-align:left;background:#f3f4f6;border-bottom:1px solid #d1d5db;width:30%;font-size:11px;font-weight:600;color:#1f2937;">Nome</th><td style="padding:3px 5px;border-bottom:1px solid #e5e7eb;font-size:11px;color:#111827;">ST30405VM0002 - Seg. 21</td></tr><tr><th style="padding:3px 5px;text-align:left;background:#f3f4f6;border-bottom:1px solid #d1d5db;width:30%;font-size:11px;font-weight:600;color:#1f2937;">Logradouro</th><td style="padding:3px 5px;border-bottom:1px solid #e5e7eb;font-size:11px;color:#111827;">Av Zaki Narchi</td></tr><tr><th style="padding:3px 5px;text-align:left;background:#f3f4f6;border-bottom:1px solid #d1d5db;width:30%;font-size:11px;font-weight:600;color:#1f2937;">Subprefeitura</th><td style="padding:3px 5px;border-bottom:1px solid #e5e7eb;font-size:11px;color:#111827;">Santana / Tucuruvi</td></tr><tr><th style="padding:3px 5px;text-align:left;background:#f3f4f6;border-bottom:1px solid #d1d5db;width:30%;font-size:11px;font-weight:600;color:#1f2937;">Turno</th><td style="padding:3px 5px;border-bottom:1px solid #e5e7eb;font-size:11px;color:#111827;">Noturno</td></tr><tr><th style="padding:3px 5px;text-align:left;background:#f3f4f6;border-bottom:1px solid #d1d5db;width:30%;font-size:11px;font-weight:600;color:#1f2937;">Frequência</th><td style="padding:3px 5px;border-bottom:1px solid #e5e7eb;font-size:11px;color:#111827;">Quinta e Domingo</td></tr><tr><th style="padding:3px 5px;text-align:left;background:#f3f4f6;border-bottom:1px solid #d1d5db;width:30%;font-size:11px;font-weight:600;color:#1f2937;">Cronograma</th><td style="padding:3px 5px;border-bottom:1px solid #e5e7eb;font-size:11px;color:#111827;">—</td></tr></table>]]></description><LineString><coordinates>-46.6251400,-23.5114300,0 -46.6244400,-23.5114400,0 -46.6230000,-23.5115200,0 -46.6220300,-23.5114400,0 -46.6216500,-23.5113400,0 -46.6212700,-23.5112200,0 -46.6205700,-23.5109000,0 -46.6162800,-23.5088700,0 -46.6160700,-23.5087300,0 -46.6158900,-23.5085700,0 -46.6157200,-23.5083600,0 -46.6156000,-23.5081300,0 -46.6155200,-23.5078400,0 -46.6154700,-23.5075000,0 -46.6154500,-23.5071700,0 -46.6151600,-23.5045500,0 -46.6152700,-23.5036600,0 -46.6155700,-23.5016900,0</coordinates></LineString></Placemark>
<Style id="s-VM-249">
<LineStyle><color>ff00d7ff</color><width>3.0</width></LineStyle>
<PolyStyle><color>ff00d7ff</color></PolyStyle>
<IconStyle><color>ff00d7ff</color><scale>0.55</scale>
<Icon><href>http://maps.google.com/mapfiles/kml/shapes/placemark_circle.png</href></Icon>
</IconStyle>
<LabelStyle><scale>0.65</scale></LabelStyle>
</Style><Placemark><name>ST30405VM0002 - Seg. 22</name><styleUrl>#s-VM-249</styleUrl><description><![CDATA[<table style="border-collapse:collapse;width:100%;font-family:'Helvetica Neue',Helvetica,Arial,sans-serif;font-size:11px;border:1px solid #e5e7eb;border-radius:8px;overflow:hidden;"><tr><th colspan="2" style="padding:5px 8px;background:#1f6feb;color:#fff;text-align:left;font-size:12px;font-weight:600;">ST30405VM0002 - Seg. 22</th></tr><tr><th style="padding:3px 5px;text-align:left;background:#f3f4f6;border-bottom:1px solid #d1d5db;width:30%;font-size:11px;font-weight:600;color:#1f2937;">Serviço</th><td style="padding:3px 5px;border-bottom:1px solid #e5e7eb;font-size:11px;color:#111827;">Varrição Mecanizada (VM)</td></tr><tr><th style="padding:3px 5px;text-align:left;background:#f3f4f6;border-bottom:1px solid #d1d5db;width:30%;font-size:11px;font-weight:600;color:#1f2937;">Setor</th><td style="padding:3px 5px;border-bottom:1px solid #e5e7eb;font-size:11px;color:#111827;">ST30405VM0002</td></tr><tr><th style="padding:3px 5px;text-align:left;background:#f3f4f6;border-bottom:1px solid #d1d5db;width:30%;font-size:11px;font-weight:600;color:#1f2937;">Tipo de Serviço</th><td style="padding:3px 5px;border-bottom:1px solid #e5e7eb;font-size:11px;color:#111827;">Varrição Mecanizada</td></tr><tr><th style="padding:3px 5px;text-align:left;background:#f3f4f6;border-bottom:1px solid #d1d5db;width:30%;font-size:11px;font-weight:600;color:#1f2937;">Nome</th><td style="padding:3px 5px;border-bottom:1px solid #e5e7eb;font-size:11px;color:#111827;">ST30405VM0002 - Seg. 22</td></tr><tr><th style="padding:3px 5px;text-align:left;background:#f3f4f6;border-bottom:1px solid #d1d5db;width:30%;font-size:11px;font-weight:600;color:#1f2937;">Logradouro</th><td style="padding:3px 5px;border-bottom:1px solid #e5e7eb;font-size:11px;color:#111827;">Pc Arqo Flavio Imperio</td></tr><tr><th style="padding:3px 5px;text-align:left;background:#f3f4f6;border-bottom:1px solid #d1d5db;width:30%;font-size:11px;font-weight:600;color:#1f2937;">Subprefeitura</th><td style="padding:3px 5px;border-bottom:1px solid #e5e7eb;font-size:11px;color:#111827;">Santana / Tucuruvi</td></tr><tr><th style="padding:3px 5px;text-align:left;background:#f3f4f6;border-bottom:1px solid #d1d5db;width:30%;font-size:11px;font-weight:600;color:#1f2937;">Turno</th><td style="padding:3px 5px;border-bottom:1px solid #e5e7eb;font-size:11px;color:#111827;">Noturno</td></tr><tr><th style="padding:3px 5px;text-align:left;background:#f3f4f6;border-bottom:1px solid #d1d5db;width:30%;font-size:11px;font-weight:600;color:#1f2937;">Frequência</th><td style="padding:3px 5px;border-bottom:1px solid #e5e7eb;font-size:11px;color:#111827;">Quinta e Domingo</td></tr><tr><th style="padding:3px 5px;text-align:left;background:#f3f4f6;border-bottom:1px solid #d1d5db;width:30%;font-size:11px;font-weight:600;color:#1f2937;">Cronograma</th><td style="padding:3px 5px;border-bottom:1px solid #e5e7eb;font-size:11px;color:#111827;">—</td></tr></table>]]></description><LineString><coordinates>-46.6056100,-23.4815300,0 -46.6053100,-23.4812100,0 -46.6049400,-23.4809800,0</coordinates></LineString></Placemark>
<Style id="s-VM-250">
<LineStyle><color>ff00d7ff</color><width>3.0</width></LineStyle>
<PolyStyle><color>ff00d7ff</color></PolyStyle>
<IconStyle><color>ff00d7ff</color><scale>0.55</scale>
<Icon><href>http://maps.google.com/mapfiles/kml/shapes/placemark_circle.png</href></Icon>
</IconStyle>
<LabelStyle><scale>0.65</scale></LabelStyle>
</Style><Placemark><name>ST30405VM0002 - Seg. 23</name><styleUrl>#s-VM-250</styleUrl><description><![CDATA[<table style="border-collapse:collapse;width:100%;font-family:'Helvetica Neue',Helvetica,Arial,sans-serif;font-size:11px;border:1px solid #e5e7eb;border-radius:8px;overflow:hidden;"><tr><th colspan="2" style="padding:5px 8px;background:#1f6feb;color:#fff;text-align:left;font-size:12px;font-weight:600;">ST30405VM0002 - Seg. 23</th></tr><tr><th style="padding:3px 5px;text-align:left;background:#f3f4f6;border-bottom:1px solid #d1d5db;width:30%;font-size:11px;font-weight:600;color:#1f2937;">Serviço</th><td style="padding:3px 5px;border-bottom:1px solid #e5e7eb;font-size:11px;color:#111827;">Varrição Mecanizada (VM)</td></tr><tr><th style="padding:3px 5px;text-align:left;background:#f3f4f6;border-bottom:1px solid #d1d5db;width:30%;font-size:11px;font-weight:600;color:#1f2937;">Setor</th><td style="padding:3px 5px;border-bottom:1px solid #e5e7eb;font-size:11px;color:#111827;">ST30405VM0002</td></tr><tr><th style="padding:3px 5px;text-align:left;background:#f3f4f6;border-bottom:1px solid #d1d5db;width:30%;font-size:11px;font-weight:600;color:#1f2937;">Tipo de Serviço</th><td style="padding:3px 5px;border-bottom:1px solid #e5e7eb;font-size:11px;color:#111827;">Varrição Mecanizada</td></tr><tr><th style="padding:3px 5px;text-align:left;background:#f3f4f6;border-bottom:1px solid #d1d5db;width:30%;font-size:11px;font-weight:600;color:#1f2937;">Nome</th><td style="padding:3px 5px;border-bottom:1px solid #e5e7eb;font-size:11px;color:#111827;">ST30405VM0002 - Seg. 23</td></tr><tr><th style="padding:3px 5px;text-align:left;background:#f3f4f6;border-bottom:1px solid #d1d5db;width:30%;font-size:11px;font-weight:600;color:#1f2937;">Logradouro</th><td style="padding:3px 5px;border-bottom:1px solid #e5e7eb;font-size:11px;color:#111827;">Pc Campo de Bagatelle</td></tr><tr><th style="padding:3px 5px;text-align:left;background:#f3f4f6;border-bottom:1px solid #d1d5db;width:30%;font-size:11px;font-weight:600;color:#1f2937;">Subprefeitura</th><td style="padding:3px 5px;border-bottom:1px solid #e5e7eb;font-size:11px;color:#111827;">Santana / Tucuruvi</td></tr><tr><th style="padding:3px 5px;text-align:left;background:#f3f4f6;border-bottom:1px solid #d1d5db;width:30%;font-size:11px;font-weight:600;color:#1f2937;">Turno</th><td style="padding:3px 5px;border-bottom:1px solid #e5e7eb;font-size:11px;color:#111827;">Noturno</td></tr><tr><th style="padding:3px 5px;text-align:left;background:#f3f4f6;border-bottom:1px solid #d1d5db;width:30%;font-size:11px;font-weight:600;color:#1f2937;">Frequência</th><td style="padding:3px 5px;border-bottom:1px solid #e5e7eb;font-size:11px;color:#111827;">Quinta e Domingo</td></tr><tr><th style="padding:3px 5px;text-align:left;background:#f3f4f6;border-bottom:1px solid #d1d5db;width:30%;font-size:11px;font-weight:600;color:#1f2937;">Cronograma</th><td style="padding:3px 5px;border-bottom:1px solid #e5e7eb;font-size:11px;color:#111827;">—</td></tr></table>]]></description><LineString><coordinates>-46.6303400,-23.5139700,0 -46.6304700,-23.5142800,0 -46.6304800,-23.5146200,0 -46.6296800,-23.5135100,0 -46.6300600,-23.5136800,0 -46.6303400,-23.5139700,0 -46.6288900,-23.5136300,0 -46.6285000,-23.5140100,0 -46.6284000,-23.5145300,0 -46.6292200,-23.5154100,0 -46.6286500,-23.5150900,0 -46.6284000,-23.5145300,0 -46.6304800,-23.5146200,0 -46.6302700,-23.5150600,0 -46.6298500,-23.5153500,0</coordinates></LineString></Placemark>
<Style id="s-VM-251">
<LineStyle><color>ff00d7ff</color><width>3.0</width></LineStyle>
<PolyStyle><color>ff00d7ff</color></PolyStyle>
<IconStyle><color>ff00d7ff</color><scale>0.55</scale>
<Icon><href>http://maps.google.com/mapfiles/kml/shapes/placemark_circle.png</href></Icon>
</IconStyle>
<LabelStyle><scale>0.65</scale></LabelStyle>
</Style><Placemark><name>ST30405VM0002 - Seg. 24</name><styleUrl>#s-VM-251</styleUrl><description><![CDATA[<table style="border-collapse:collapse;width:100%;font-family:'Helvetica Neue',Helvetica,Arial,sans-serif;font-size:11px;border:1px solid #e5e7eb;border-radius:8px;overflow:hidden;"><tr><th colspan="2" style="padding:5px 8px;background:#1f6feb;color:#fff;text-align:left;font-size:12px;font-weight:600;">ST30405VM0002 - Seg. 24</th></tr><tr><th style="padding:3px 5px;text-align:left;background:#f3f4f6;border-bottom:1px solid #d1d5db;width:30%;font-size:11px;font-weight:600;color:#1f2937;">Serviço</th><td style="padding:3px 5px;border-bottom:1px solid #e5e7eb;font-size:11px;color:#111827;">Varrição Mecanizada (VM)</td></tr><tr><th style="padding:3px 5px;text-align:left;background:#f3f4f6;border-bottom:1px solid #d1d5db;width:30%;font-size:11px;font-weight:600;color:#1f2937;">Setor</th><td style="padding:3px 5px;border-bottom:1px solid #e5e7eb;font-size:11px;color:#111827;">ST30405VM0002</td></tr><tr><th style="padding:3px 5px;text-align:left;background:#f3f4f6;border-bottom:1px solid #d1d5db;width:30%;font-size:11px;font-weight:600;color:#1f2937;">Tipo de Serviço</th><td style="padding:3px 5px;border-bottom:1px solid #e5e7eb;font-size:11px;color:#111827;">Varrição Mecanizada</td></tr><tr><th style="padding:3px 5px;text-align:left;background:#f3f4f6;border-bottom:1px solid #d1d5db;width:30%;font-size:11px;font-weight:600;color:#1f2937;">Nome</th><td style="padding:3px 5px;border-bottom:1px solid #e5e7eb;font-size:11px;color:#111827;">ST30405VM0002 - Seg. 24</td></tr><tr><th style="padding:3px 5px;text-align:left;background:#f3f4f6;border-bottom:1px solid #d1d5db;width:30%;font-size:11px;font-weight:600;color:#1f2937;">Logradouro</th><td style="padding:3px 5px;border-bottom:1px solid #e5e7eb;font-size:11px;color:#111827;">Pte Cruzeiro do Sul</td></tr><tr><th style="padding:3px 5px;text-align:left;background:#f3f4f6;border-bottom:1px solid #d1d5db;width:30%;font-size:11px;font-weight:600;color:#1f2937;">Subprefeitura</th><td style="padding:3px 5px;border-bottom:1px solid #e5e7eb;font-size:11px;color:#111827;">Santana / Tucuruvi</td></tr><tr><th style="padding:3px 5px;text-align:left;background:#f3f4f6;border-bottom:1px solid #d1d5db;width:30%;font-size:11px;font-weight:600;color:#1f2937;">Turno</th><td style="padding:3px 5px;border-bottom:1px solid #e5e7eb;font-size:11px;color:#111827;">Noturno</td></tr><tr><th style="padding:3px 5px;text-align:left;background:#f3f4f6;border-bottom:1px solid #d1d5db;width:30%;font-size:11px;font-weight:600;color:#1f2937;">Frequência</th><td style="padding:3px 5px;border-bottom:1px solid #e5e7eb;font-size:11px;color:#111827;">Quinta e Domingo</td></tr><tr><th style="padding:3px 5px;text-align:left;background:#f3f4f6;border-bottom:1px solid #d1d5db;width:30%;font-size:11px;font-weight:600;color:#1f2937;">Cronograma</th><td style="padding:3px 5px;border-bottom:1px solid #e5e7eb;font-size:11px;color:#111827;">—</td></tr></table>]]></description><LineString><coordinates>-46.6253000,-23.5174700,0 -46.6252900,-23.5167300,0 -46.6253200,-23.5182800,0 -46.6252900,-23.5167300,0 -46.6252700,-23.5165900,0 -46.6251100,-23.5182800,0 -46.6250900,-23.5171000,0</coordinates></LineString></Placemark>
<Style id="s-VM-252">
<LineStyle><color>ff00d7ff</color><width>3.0</width></LineStyle>
<PolyStyle><color>ff00d7ff</color></PolyStyle>
<IconStyle><color>ff00d7ff</color><scale>0.55</scale>
<Icon><href>http://maps.google.com/mapfiles/kml/shapes/placemark_circle.png</href></Icon>
</IconStyle>
<LabelStyle><scale>0.65</scale></LabelStyle>
</Style><Placemark><name>ST30405VM0002 - Seg. 25</name><styleUrl>#s-VM-252</styleUrl><description><![CDATA[<table style="border-collapse:collapse;width:100%;font-family:'Helvetica Neue',Helvetica,Arial,sans-serif;font-size:11px;border:1px solid #e5e7eb;border-radius:8px;overflow:hidden;"><tr><th colspan="2" style="padding:5px 8px;background:#1f6feb;color:#fff;text-align:left;font-size:12px;font-weight:600;">ST30405VM0002 - Seg. 25</th></tr><tr><th style="padding:3px 5px;text-align:left;background:#f3f4f6;border-bottom:1px solid #d1d5db;width:30%;font-size:11px;font-weight:600;color:#1f2937;">Serviço</th><td style="padding:3px 5px;border-bottom:1px solid #e5e7eb;font-size:11px;color:#111827;">Varrição Mecanizada (VM)</td></tr><tr><th style="padding:3px 5px;text-align:left;background:#f3f4f6;border-bottom:1px solid #d1d5db;width:30%;font-size:11px;font-weight:600;color:#1f2937;">Setor</th><td style="padding:3px 5px;border-bottom:1px solid #e5e7eb;font-size:11px;color:#111827;">ST30405VM0002</td></tr><tr><th style="padding:3px 5px;text-align:left;background:#f3f4f6;border-bottom:1px solid #d1d5db;width:30%;font-size:11px;font-weight:600;color:#1f2937;">Tipo de Serviço</th><td style="padding:3px 5px;border-bottom:1px solid #e5e7eb;font-size:11px;color:#111827;">Varrição Mecanizada</td></tr><tr><th style="padding:3px 5px;text-align:left;background:#f3f4f6;border-bottom:1px solid #d1d5db;width:30%;font-size:11px;font-weight:600;color:#1f2937;">Nome</th><td style="padding:3px 5px;border-bottom:1px solid #e5e7eb;font-size:11px;color:#111827;">ST30405VM0002 - Seg. 25</td></tr><tr><th style="padding:3px 5px;text-align:left;background:#f3f4f6;border-bottom:1px solid #d1d5db;width:30%;font-size:11px;font-weight:600;color:#1f2937;">Logradouro</th><td style="padding:3px 5px;border-bottom:1px solid #e5e7eb;font-size:11px;color:#111827;">Pte da Casa Verde</td></tr><tr><th style="padding:3px 5px;text-align:left;background:#f3f4f6;border-bottom:1px solid #d1d5db;width:30%;font-size:11px;font-weight:600;color:#1f2937;">Subprefeitura</th><td style="padding:3px 5px;border-bottom:1px solid #e5e7eb;font-size:11px;color:#111827;">Santana / Tucuruvi</td></tr><tr><th style="padding:3px 5px;text-align:left;background:#f3f4f6;border-bottom:1px solid #d1d5db;width:30%;font-size:11px;font-weight:600;color:#1f2937;">Turno</th><td style="padding:3px 5px;border-bottom:1px solid #e5e7eb;font-size:11px;color:#111827;">Noturno</td></tr><tr><th style="padding:3px 5px;text-align:left;background:#f3f4f6;border-bottom:1px solid #d1d5db;width:30%;font-size:11px;font-weight:600;color:#1f2937;">Frequência</th><td style="padding:3px 5px;border-bottom:1px solid #e5e7eb;font-size:11px;color:#111827;">Quinta e Domingo</td></tr><tr><th style="padding:3px 5px;text-align:left;background:#f3f4f6;border-bottom:1px solid #d1d5db;width:30%;font-size:11px;font-weight:600;color:#1f2937;">Cronograma</th><td style="padding:3px 5px;border-bottom:1px solid #e5e7eb;font-size:11px;color:#111827;">—</td></tr></table>]]></description><LineString><coordinates>-46.6538900,-23.5156500,0 -46.6538100,-23.5149900,0 -46.6537700,-23.5143300,0 -46.6537000,-23.5136100,0 -46.6537100,-23.5151700,0 -46.6534800,-23.5140100,0</coordinates></LineString></Placemark>
<Style id="s-VM-253">
<LineStyle><color>ff00d7ff</color><width>3.0</width></LineStyle>
<PolyStyle><color>ff00d7ff</color></PolyStyle>
<IconStyle><color>ff00d7ff</color><scale>0.55</scale>
<Icon><href>http://maps.google.com/mapfiles/kml/shapes/placemark_circle.png</href></Icon>
</IconStyle>
<LabelStyle><scale>0.65</scale></LabelStyle>
</Style><Placemark><name>ST30405VM0002 - Seg. 26</name><styleUrl>#s-VM-253</styleUrl><description><![CDATA[<table style="border-collapse:collapse;width:100%;font-family:'Helvetica Neue',Helvetica,Arial,sans-serif;font-size:11px;border:1px solid #e5e7eb;border-radius:8px;overflow:hidden;"><tr><th colspan="2" style="padding:5px 8px;background:#1f6feb;color:#fff;text-align:left;font-size:12px;font-weight:600;">ST30405VM0002 - Seg. 26</th></tr><tr><th style="padding:3px 5px;text-align:left;background:#f3f4f6;border-bottom:1px solid #d1d5db;width:30%;font-size:11px;font-weight:600;color:#1f2937;">Serviço</th><td style="padding:3px 5px;border-bottom:1px solid #e5e7eb;font-size:11px;color:#111827;">Varrição Mecanizada (VM)</td></tr><tr><th style="padding:3px 5px;text-align:left;background:#f3f4f6;border-bottom:1px solid #d1d5db;width:30%;font-size:11px;font-weight:600;color:#1f2937;">Setor</th><td style="padding:3px 5px;border-bottom:1px solid #e5e7eb;font-size:11px;color:#111827;">ST30405VM0002</td></tr><tr><th style="padding:3px 5px;text-align:left;background:#f3f4f6;border-bottom:1px solid #d1d5db;width:30%;font-size:11px;font-weight:600;color:#1f2937;">Tipo de Serviço</th><td style="padding:3px 5px;border-bottom:1px solid #e5e7eb;font-size:11px;color:#111827;">Varrição Mecanizada</td></tr><tr><th style="padding:3px 5px;text-align:left;background:#f3f4f6;border-bottom:1px solid #d1d5db;width:30%;font-size:11px;font-weight:600;color:#1f2937;">Nome</th><td style="padding:3px 5px;border-bottom:1px solid #e5e7eb;font-size:11px;color:#111827;">ST30405VM0002 - Seg. 26</td></tr><tr><th style="padding:3px 5px;text-align:left;background:#f3f4f6;border-bottom:1px solid #d1d5db;width:30%;font-size:11px;font-weight:600;color:#1f2937;">Logradouro</th><td style="padding:3px 5px;border-bottom:1px solid #e5e7eb;font-size:11px;color:#111827;">R Prf Milton Rodrigues</td></tr><tr><th style="padding:3px 5px;text-align:left;background:#f3f4f6;border-bottom:1px solid #d1d5db;width:30%;font-size:11px;font-weight:600;color:#1f2937;">Subprefeitura</th><td style="padding:3px 5px;border-bottom:1px solid #e5e7eb;font-size:11px;color:#111827;">Santana / Tucuruvi</td></tr><tr><th style="padding:3px 5px;text-align:left;background:#f3f4f6;border-bottom:1px solid #d1d5db;width:30%;font-size:11px;font-weight:600;color:#1f2937;">Turno</th><td style="padding:3px 5px;border-bottom:1px solid #e5e7eb;font-size:11px;color:#111827;">Noturno</td></tr><tr><th style="padding:3px 5px;text-align:left;background:#f3f4f6;border-bottom:1px solid #d1d5db;width:30%;font-size:11px;font-weight:600;color:#1f2937;">Frequência</th><td style="padding:3px 5px;border-bottom:1px solid #e5e7eb;font-size:11px;color:#111827;">Quinta e Domingo</td></tr><tr><th style="padding:3px 5px;text-align:left;background:#f3f4f6;border-bottom:1px solid #d1d5db;width:30%;font-size:11px;font-weight:600;color:#1f2937;">Cronograma</th><td style="padding:3px 5px;border-bottom:1px solid #e5e7eb;font-size:11px;color:#111827;">—</td></tr></table>]]></description><LineString><coordinates>-46.6417300,-23.5175400,0 -46.6415200,-23.5173900,0 -46.6414000,-23.5156900,0 -46.6414900,-23.5153400,0 -46.6418500,-23.5152400,0 -46.6381700,-23.5176600,0 -46.6390200,-23.5175700,0 -46.6407300,-23.5174700,0 -46.6412900,-23.5171400,0 -46.6411700,-23.5153600,0 -46.6409500,-23.5150900,0</coordinates></LineString></Placemark>
<Style id="s-VM-254">
<LineStyle><color>ff00d7ff</color><width>3.0</width></LineStyle>
<PolyStyle><color>ff00d7ff</color></PolyStyle>
<IconStyle><color>ff00d7ff</color><scale>0.55</scale>
<Icon><href>http://maps.google.com/mapfiles/kml/shapes/placemark_circle.png</href></Icon>
</IconStyle>
<LabelStyle><scale>0.65</scale></LabelStyle>
</Style><Placemark><name>ST30405VM0002 - Seg. 27</name><styleUrl>#s-VM-254</styleUrl><description><![CDATA[<table style="border-collapse:collapse;width:100%;font-family:'Helvetica Neue',Helvetica,Arial,sans-serif;font-size:11px;border:1px solid #e5e7eb;border-radius:8px;overflow:hidden;"><tr><th colspan="2" style="padding:5px 8px;background:#1f6feb;color:#fff;text-align:left;font-size:12px;font-weight:600;">ST30405VM0002 - Seg. 27</th></tr><tr><th style="padding:3px 5px;text-align:left;background:#f3f4f6;border-bottom:1px solid #d1d5db;width:30%;font-size:11px;font-weight:600;color:#1f2937;">Serviço</th><td style="padding:3px 5px;border-bottom:1px solid #e5e7eb;font-size:11px;color:#111827;">Varrição Mecanizada (VM)</td></tr><tr><th style="padding:3px 5px;text-align:left;background:#f3f4f6;border-bottom:1px solid #d1d5db;width:30%;font-size:11px;font-weight:600;color:#1f2937;">Setor</th><td style="padding:3px 5px;border-bottom:1px solid #e5e7eb;font-size:11px;color:#111827;">ST30405VM0002</td></tr><tr><th style="padding:3px 5px;text-align:left;background:#f3f4f6;border-bottom:1px solid #d1d5db;width:30%;font-size:11px;font-weight:600;color:#1f2937;">Tipo de Serviço</th><td style="padding:3px 5px;border-bottom:1px solid #e5e7eb;font-size:11px;color:#111827;">Varrição Mecanizada</td></tr><tr><th style="padding:3px 5px;text-align:left;background:#f3f4f6;border-bottom:1px solid #d1d5db;width:30%;font-size:11px;font-weight:600;color:#1f2937;">Nome</th><td style="padding:3px 5px;border-bottom:1px solid #e5e7eb;font-size:11px;color:#111827;">ST30405VM0002 - Seg. 27</td></tr><tr><th style="padding:3px 5px;text-align:left;background:#f3f4f6;border-bottom:1px solid #d1d5db;width:30%;font-size:11px;font-weight:600;color:#1f2937;">Logradouro</th><td style="padding:3px 5px;border-bottom:1px solid #e5e7eb;font-size:11px;color:#111827;">R Sta Eulalia</td></tr><tr><th style="padding:3px 5px;text-align:left;background:#f3f4f6;border-bottom:1px solid #d1d5db;width:30%;font-size:11px;font-weight:600;color:#1f2937;">Subprefeitura</th><td style="padding:3px 5px;border-bottom:1px solid #e5e7eb;font-size:11px;color:#111827;">Santana / Tucuruvi</td></tr><tr><th style="padding:3px 5px;text-align:left;background:#f3f4f6;border-bottom:1px solid #d1d5db;width:30%;font-size:11px;font-weight:600;color:#1f2937;">Turno</th><td style="padding:3px 5px;border-bottom:1px solid #e5e7eb;font-size:11px;color:#111827;">Noturno</td></tr><tr><th style="padding:3px 5px;text-align:left;background:#f3f4f6;border-bottom:1px solid #d1d5db;width:30%;font-size:11px;font-weight:600;color:#1f2937;">Frequência</th><td style="padding:3px 5px;border-bottom:1px solid #e5e7eb;font-size:11px;color:#111827;">Quinta e Domingo</td></tr><tr><th style="padding:3px 5px;text-align:left;background:#f3f4f6;border-bottom:1px solid #d1d5db;width:30%;font-size:11px;font-weight:600;color:#1f2937;">Cronograma</th><td style="padding:3px 5px;border-bottom:1px solid #e5e7eb;font-size:11px;color:#111827;">—</td></tr></table>]]></description><LineString><coordinates>-46.6251400,-23.5114300,0 -46.6261300,-23.5114800,0 -46.6285000,-23.5115100,0 -46.6287400,-23.5113200,0 -46.6288200,-23.5110200,0 -46.6251500,-23.5115900,0 -46.6262000,-23.5116300,0 -46.6281400,-23.5116300,0 -46.6289600,-23.5119800,0</coordinates></LineString></Placemark>
<Style id="s-VM-255">
<LineStyle><color>ff00d7ff</color><width>3.0</width></LineStyle>
<PolyStyle><color>ff00d7ff</color></PolyStyle>
<IconStyle><color>ff00d7ff</color><scale>0.55</scale>
<Icon><href>http://maps.google.com/mapfiles/kml/shapes/placemark_circle.png</href></Icon>
</IconStyle>
<LabelStyle><scale>0.65</scale></LabelStyle>
</Style><Placemark><name>ST30405VM0002 - Seg. 28</name><styleUrl>#s-VM-255</styleUrl><description><![CDATA[<table style="border-collapse:collapse;width:100%;font-family:'Helvetica Neue',Helvetica,Arial,sans-serif;font-size:11px;border:1px solid #e5e7eb;border-radius:8px;overflow:hidden;"><tr><th colspan="2" style="padding:5px 8px;background:#1f6feb;color:#fff;text-align:left;font-size:12px;font-weight:600;">ST30405VM0002 - Seg. 28</th></tr><tr><th style="padding:3px 5px;text-align:left;background:#f3f4f6;border-bottom:1px solid #d1d5db;width:30%;font-size:11px;font-weight:600;color:#1f2937;">Serviço</th><td style="padding:3px 5px;border-bottom:1px solid #e5e7eb;font-size:11px;color:#111827;">Varrição Mecanizada (VM)</td></tr><tr><th style="padding:3px 5px;text-align:left;background:#f3f4f6;border-bottom:1px solid #d1d5db;width:30%;font-size:11px;font-weight:600;color:#1f2937;">Setor</th><td style="padding:3px 5px;border-bottom:1px solid #e5e7eb;font-size:11px;color:#111827;">ST30405VM0002</td></tr><tr><th style="padding:3px 5px;text-align:left;background:#f3f4f6;border-bottom:1px solid #d1d5db;width:30%;font-size:11px;font-weight:600;color:#1f2937;">Tipo de Serviço</th><td style="padding:3px 5px;border-bottom:1px solid #e5e7eb;font-size:11px;color:#111827;">Varrição Mecanizada</td></tr><tr><th style="padding:3px 5px;text-align:left;background:#f3f4f6;border-bottom:1px solid #d1d5db;width:30%;font-size:11px;font-weight:600;color:#1f2937;">Nome</th><td style="padding:3px 5px;border-bottom:1px solid #e5e7eb;font-size:11px;color:#111827;">ST30405VM0002 - Seg. 28</td></tr><tr><th style="padding:3px 5px;text-align:left;background:#f3f4f6;border-bottom:1px solid #d1d5db;width:30%;font-size:11px;font-weight:600;color:#1f2937;">Logradouro</th><td style="padding:3px 5px;border-bottom:1px solid #e5e7eb;font-size:11px;color:#111827;">Ac Av Olavo Fontoura</td></tr><tr><th style="padding:3px 5px;text-align:left;background:#f3f4f6;border-bottom:1px solid #d1d5db;width:30%;font-size:11px;font-weight:600;color:#1f2937;">Subprefeitura</th><td style="padding:3px 5px;border-bottom:1px solid #e5e7eb;font-size:11px;color:#111827;">Santana / Tucuruvi</td></tr><tr><th style="padding:3px 5px;text-align:left;background:#f3f4f6;border-bottom:1px solid #d1d5db;width:30%;font-size:11px;font-weight:600;color:#1f2937;">Turno</th><td style="padding:3px 5px;border-bottom:1px solid #e5e7eb;font-size:11px;color:#111827;">Noturno</td></tr><tr><th style="padding:3px 5px;text-align:left;background:#f3f4f6;border-bottom:1px solid #d1d5db;width:30%;font-size:11px;font-weight:600;color:#1f2937;">Frequência</th><td style="padding:3px 5px;border-bottom:1px solid #e5e7eb;font-size:11px;color:#111827;">Quinta e Domingo</td></tr><tr><th style="padding:3px 5px;text-align:left;background:#f3f4f6;border-bottom:1px solid #d1d5db;width:30%;font-size:11px;font-weight:600;color:#1f2937;">Cronograma</th><td style="padding:3px 5px;border-bottom:1px solid #e5e7eb;font-size:11px;color:#111827;">—</td></tr></table>]]></description><LineString><coordinates>-46.6153600,-23.5014600,0 -46.6150600,-23.5011400,0 -46.6147900,-23.5008100,0 -46.6155600,-23.5013600,0 -46.6152500,-23.5010600,0 -46.6149900,-23.5007400,0</coordinates></LineString></Placemark>
</Document></kml>