<?xml version="1.0" encoding="UTF-8"?>
<kml xmlns="http://www.opengis.net/kml/2.2">
<Document>
<name>GeoPlano — Núcleos Habitacionais (NH)</name>
<open>1</open>
<Style id="s-NH-0">
<LineStyle><color>ff2fffad</color><width>2.0</width></LineStyle>
<PolyStyle><color>ff2fffad</color></PolyStyle>
<IconStyle><color>ff2fffad</color><scale>0.55</scale>
<Icon><href>http://maps.google.com/mapfiles/kml/shapes/placemark_circle.png</href></Icon>
</IconStyle>
<LabelStyle><scale>0.65</scale></LabelStyle>
</Style><Placemark><name>CASA VERDE BAIXA</name><styleUrl>#s-NH-0</styleUrl><description><![CDATA[<table style="border-collapse:collapse;width:100%;font-family:'Helvetica Neue',Helvetica,Arial,sans-serif;font-size:11px;border:1px solid #e5e7eb;border-radius:8px;overflow:hidden;"><tr><th colspan="2" style="padding:5px 8px;background:#1f6feb;color:#fff;text-align:left;font-size:12px;font-weight:600;">CASA VERDE BAIXA</th></tr><tr><th style="padding:3px 5px;text-align:left;background:#f3f4f6;border-bottom:1px solid #d1d5db;width:30%;font-size:11px;font-weight:600;color:#1f2937;">Serviço</th><td style="padding:3px 5px;border-bottom:1px solid #e5e7eb;font-size:11px;color:#111827;">Núcleos Habitacionais (NH)</td></tr><tr><th style="padding:3px 5px;text-align:left;background:#f3f4f6;border-bottom:1px solid #d1d5db;width:30%;font-size:11px;font-weight:600;color:#1f2937;">Setor</th><td style="padding:3px 5px;border-bottom:1px solid #e5e7eb;font-size:11px;color:#111827;">CV21000NH0001</td></tr><tr><th style="padding:3px 5px;text-align:left;background:#f3f4f6;border-bottom:1px solid #d1d5db;width:30%;font-size:11px;font-weight:600;color:#1f2937;">Tipo de Serviço</th><td style="padding:3px 5px;border-bottom:1px solid #e5e7eb;font-size:11px;color:#111827;">Limpeza em áreas de difícil acesso</td></tr><tr><th style="padding:3px 5px;text-align:left;background:#f3f4f6;border-bottom:1px solid #d1d5db;width:30%;font-size:11px;font-weight:600;color:#1f2937;">Nome</th><td style="padding:3px 5px;border-bottom:1px solid #e5e7eb;font-size:11px;color:#111827;">CASA VERDE BAIXA</td></tr><tr><th style="padding:3px 5px;text-align:left;background:#f3f4f6;border-bottom:1px solid #d1d5db;width:30%;font-size:11px;font-weight:600;color:#1f2937;">Logradouro</th><td style="padding:3px 5px;border-bottom:1px solid #e5e7eb;font-size:11px;color:#111827;">R Brazeliza Alves Carvalho</td></tr><tr><th style="padding:3px 5px;text-align:left;background:#f3f4f6;border-bottom:1px solid #d1d5db;width:30%;font-size:11px;font-weight:600;color:#1f2937;">Subprefeitura</th><td style="padding:3px 5px;border-bottom:1px solid #e5e7eb;font-size:11px;color:#111827;">Casa Verde / Cachoeirinha</td></tr><tr><th style="padding:3px 5px;text-align:left;background:#f3f4f6;border-bottom:1px solid #d1d5db;width:30%;font-size:11px;font-weight:600;color:#1f2937;">Turno</th><td style="padding:3px 5px;border-bottom:1px solid #e5e7eb;font-size:11px;color:#111827;">Vespertino</td></tr><tr><th style="padding:3px 5px;text-align:left;background:#f3f4f6;border-bottom:1px solid #d1d5db;width:30%;font-size:11px;font-weight:600;color:#1f2937;">Frequência</th><td style="padding:3px 5px;border-bottom:1px solid #e5e7eb;font-size:11px;color:#111827;">Bimestral</td></tr><tr><th style="padding:3px 5px;text-align:left;background:#f3f4f6;border-bottom:1px solid #d1d5db;width:30%;font-size:11px;font-weight:600;color:#1f2937;">Cronograma</th><td style="padding:3px 5px;border-bottom:1px solid #e5e7eb;font-size:11px;color:#111827;">04/05/2026<br>06/07/2026<br>08/09/2026<br>03/11/2026<br>04/01/2027<br>01/03/2027</td></tr></table>]]></description><Polygon><outerBoundaryIs><LinearRing><coordinates>-46.6500900,-23.5133800,0 -46.6499200,-23.5133900,0 -46.6498400,-23.5134200,0 -46.6497000,-23.5135000,0 -46.6496000,-23.5136300,0 -46.6495600,-23.5137700,0 -46.6495000,-23.5142400,0 -46.6495400,-23.5144000,0 -46.6497000,-23.5145800,0 -46.6498500,-23.5146500,0 -46.6503200,-23.5146800,0 -46.6504900,-23.5146500,0 -46.6505700,-23.5146200,0 -46.6507000,-23.5145300,0 -46.6508200,-23.5143200,0 -46.6508800,-23.5138600,0 -46.6508500,-23.5137000,0 -46.6507000,-23.5135100,0 -46.6505600,-23.5134300,0 -46.6500900,-23.5133800,0</coordinates></LinearRing></outerBoundaryIs></Polygon></Placemark>
<Style id="s-NH-1">
<LineStyle><color>ff2fffad</color><width>2.0</width></LineStyle>
<PolyStyle><color>ff2fffad</color></PolyStyle>
<IconStyle><color>ff2fffad</color><scale>0.55</scale>
<Icon><href>http://maps.google.com/mapfiles/kml/shapes/placemark_circle.png</href></Icon>
</IconStyle>
<LabelStyle><scale>0.65</scale></LabelStyle>
</Style><Placemark><name>LIDIANE</name><styleUrl>#s-NH-1</styleUrl><description><![CDATA[<table style="border-collapse:collapse;width:100%;font-family:'Helvetica Neue',Helvetica,Arial,sans-serif;font-size:11px;border:1px solid #e5e7eb;border-radius:8px;overflow:hidden;"><tr><th colspan="2" style="padding:5px 8px;background:#1f6feb;color:#fff;text-align:left;font-size:12px;font-weight:600;">LIDIANE</th></tr><tr><th style="padding:3px 5px;text-align:left;background:#f3f4f6;border-bottom:1px solid #d1d5db;width:30%;font-size:11px;font-weight:600;color:#1f2937;">Serviço</th><td style="padding:3px 5px;border-bottom:1px solid #e5e7eb;font-size:11px;color:#111827;">Núcleos Habitacionais (NH)</td></tr><tr><th style="padding:3px 5px;text-align:left;background:#f3f4f6;border-bottom:1px solid #d1d5db;width:30%;font-size:11px;font-weight:600;color:#1f2937;">Setor</th><td style="padding:3px 5px;border-bottom:1px solid #e5e7eb;font-size:11px;color:#111827;">CV21000NH0002</td></tr><tr><th style="padding:3px 5px;text-align:left;background:#f3f4f6;border-bottom:1px solid #d1d5db;width:30%;font-size:11px;font-weight:600;color:#1f2937;">Tipo de Serviço</th><td style="padding:3px 5px;border-bottom:1px solid #e5e7eb;font-size:11px;color:#111827;">Limpeza em áreas de difícil acesso</td></tr><tr><th style="padding:3px 5px;text-align:left;background:#f3f4f6;border-bottom:1px solid #d1d5db;width:30%;font-size:11px;font-weight:600;color:#1f2937;">Nome</th><td style="padding:3px 5px;border-bottom:1px solid #e5e7eb;font-size:11px;color:#111827;">LIDIANE</td></tr><tr><th style="padding:3px 5px;text-align:left;background:#f3f4f6;border-bottom:1px solid #d1d5db;width:30%;font-size:11px;font-weight:600;color:#1f2937;">Logradouro</th><td style="padding:3px 5px;border-bottom:1px solid #e5e7eb;font-size:11px;color:#111827;">R Horacio Moura</td></tr><tr><th style="padding:3px 5px;text-align:left;background:#f3f4f6;border-bottom:1px solid #d1d5db;width:30%;font-size:11px;font-weight:600;color:#1f2937;">Subprefeitura</th><td style="padding:3px 5px;border-bottom:1px solid #e5e7eb;font-size:11px;color:#111827;">Casa Verde / Cachoeirinha</td></tr><tr><th style="padding:3px 5px;text-align:left;background:#f3f4f6;border-bottom:1px solid #d1d5db;width:30%;font-size:11px;font-weight:600;color:#1f2937;">Turno</th><td style="padding:3px 5px;border-bottom:1px solid #e5e7eb;font-size:11px;color:#111827;">Vespertino</td></tr><tr><th style="padding:3px 5px;text-align:left;background:#f3f4f6;border-bottom:1px solid #d1d5db;width:30%;font-size:11px;font-weight:600;color:#1f2937;">Frequência</th><td style="padding:3px 5px;border-bottom:1px solid #e5e7eb;font-size:11px;color:#111827;">Bimestral</td></tr><tr><th style="padding:3px 5px;text-align:left;background:#f3f4f6;border-bottom:1px solid #d1d5db;width:30%;font-size:11px;font-weight:600;color:#1f2937;">Cronograma</th><td style="padding:3px 5px;border-bottom:1px solid #e5e7eb;font-size:11px;color:#111827;">04/05/2026<br>06/07/2026<br>08/09/2026<br>03/11/2026<br>04/01/2027<br>01/03/2027</td></tr></table>]]></description><Polygon><outerBoundaryIs><LinearRing><coordinates>-46.6765400,-23.5098800,0 -46.6762500,-23.5100200,0 -46.6761900,-23.5100800,0 -46.6761000,-23.5102200,0 -46.6760600,-23.5105400,0 -46.6760800,-23.5106200,0 -46.6761900,-23.5107800,0 -46.6760500,-23.5111200,0 -46.6760400,-23.5112700,0 -46.6760900,-23.5114300,0 -46.6760600,-23.5115000,0 -46.6760400,-23.5116700,0 -46.6760700,-23.5118300,0 -46.6761400,-23.5119700,0 -46.6762700,-23.5120700,0 -46.6764300,-23.5121300,0 -46.6767700,-23.5121400,0 -46.6770500,-23.5120300,0 -46.6772400,-23.5118700,0 -46.6773500,-23.5116400,0 -46.6774500,-23.5113100,0 -46.6775500,-23.5108800,0 -46.6778100,-23.5108700,0 -46.6779600,-23.5108100,0 -46.6780300,-23.5107600,0 -46.6781800,-23.5106200,0 -46.6782700,-23.5104900,0 -46.6783000,-23.5104200,0 -46.6783100,-23.5102300,0 -46.6780900,-23.5094700,0 -46.6780500,-23.5094000,0 -46.6779300,-23.5092900,0 -46.6777700,-23.5092200,0 -46.6776000,-23.5092100,0 -46.6771800,-23.5092700,0 -46.6770100,-23.5093200,0 -46.6768800,-23.5094100,0 -46.6768300,-23.5094700,0 -46.6767600,-23.5096200,0 -46.6767500,-23.5097400,0 -46.6765400,-23.5098800,0</coordinates></LinearRing></outerBoundaryIs></Polygon></Placemark>
<Style id="s-NH-2">
<LineStyle><color>ff2fffad</color><width>2.0</width></LineStyle>
<PolyStyle><color>ff2fffad</color></PolyStyle>
<IconStyle><color>ff2fffad</color><scale>0.55</scale>
<Icon><href>http://maps.google.com/mapfiles/kml/shapes/placemark_circle.png</href></Icon>
</IconStyle>
<LabelStyle><scale>0.65</scale></LabelStyle>
</Style><Placemark><name>MINAS GÁS II</name><styleUrl>#s-NH-2</styleUrl><description><![CDATA[<table style="border-collapse:collapse;width:100%;font-family:'Helvetica Neue',Helvetica,Arial,sans-serif;font-size:11px;border:1px solid #e5e7eb;border-radius:8px;overflow:hidden;"><tr><th colspan="2" style="padding:5px 8px;background:#1f6feb;color:#fff;text-align:left;font-size:12px;font-weight:600;">MINAS GÁS II</th></tr><tr><th style="padding:3px 5px;text-align:left;background:#f3f4f6;border-bottom:1px solid #d1d5db;width:30%;font-size:11px;font-weight:600;color:#1f2937;">Serviço</th><td style="padding:3px 5px;border-bottom:1px solid #e5e7eb;font-size:11px;color:#111827;">Núcleos Habitacionais (NH)</td></tr><tr><th style="padding:3px 5px;text-align:left;background:#f3f4f6;border-bottom:1px solid #d1d5db;width:30%;font-size:11px;font-weight:600;color:#1f2937;">Setor</th><td style="padding:3px 5px;border-bottom:1px solid #e5e7eb;font-size:11px;color:#111827;">CV21000NH0003</td></tr><tr><th style="padding:3px 5px;text-align:left;background:#f3f4f6;border-bottom:1px solid #d1d5db;width:30%;font-size:11px;font-weight:600;color:#1f2937;">Tipo de Serviço</th><td style="padding:3px 5px;border-bottom:1px solid #e5e7eb;font-size:11px;color:#111827;">Limpeza em áreas de difícil acesso</td></tr><tr><th style="padding:3px 5px;text-align:left;background:#f3f4f6;border-bottom:1px solid #d1d5db;width:30%;font-size:11px;font-weight:600;color:#1f2937;">Nome</th><td style="padding:3px 5px;border-bottom:1px solid #e5e7eb;font-size:11px;color:#111827;">MINAS GÁS II</td></tr><tr><th style="padding:3px 5px;text-align:left;background:#f3f4f6;border-bottom:1px solid #d1d5db;width:30%;font-size:11px;font-weight:600;color:#1f2937;">Logradouro</th><td style="padding:3px 5px;border-bottom:1px solid #e5e7eb;font-size:11px;color:#111827;">R Cel Euclides Machado</td></tr><tr><th style="padding:3px 5px;text-align:left;background:#f3f4f6;border-bottom:1px solid #d1d5db;width:30%;font-size:11px;font-weight:600;color:#1f2937;">Subprefeitura</th><td style="padding:3px 5px;border-bottom:1px solid #e5e7eb;font-size:11px;color:#111827;">Casa Verde / Cachoeirinha</td></tr><tr><th style="padding:3px 5px;text-align:left;background:#f3f4f6;border-bottom:1px solid #d1d5db;width:30%;font-size:11px;font-weight:600;color:#1f2937;">Turno</th><td style="padding:3px 5px;border-bottom:1px solid #e5e7eb;font-size:11px;color:#111827;">Vespertino</td></tr><tr><th style="padding:3px 5px;text-align:left;background:#f3f4f6;border-bottom:1px solid #d1d5db;width:30%;font-size:11px;font-weight:600;color:#1f2937;">Frequência</th><td style="padding:3px 5px;border-bottom:1px solid #e5e7eb;font-size:11px;color:#111827;">Bimestral</td></tr><tr><th style="padding:3px 5px;text-align:left;background:#f3f4f6;border-bottom:1px solid #d1d5db;width:30%;font-size:11px;font-weight:600;color:#1f2937;">Cronograma</th><td style="padding:3px 5px;border-bottom:1px solid #e5e7eb;font-size:11px;color:#111827;">04/05/2026<br>06/07/2026<br>08/09/2026<br>03/11/2026<br>04/01/2027<br>01/03/2027</td></tr></table>]]></description><Polygon><outerBoundaryIs><LinearRing><coordinates>-46.6858400,-23.5055800,0 -46.6857800,-23.5058100,0 -46.6858000,-23.5059600,0 -46.6858400,-23.5060300,0 -46.6859400,-23.5061500,0 -46.6862200,-23.5064000,0 -46.6866200,-23.5069600,0 -46.6867400,-23.5070800,0 -46.6869700,-23.5071700,0 -46.6872200,-23.5071700,0 -46.6876900,-23.5070600,0 -46.6878400,-23.5069800,0 -46.6879400,-23.5068500,0 -46.6879900,-23.5067000,0 -46.6879800,-23.5065700,0 -46.6879400,-23.5064400,0 -46.6878400,-23.5062600,0 -46.6875100,-23.5057900,0 -46.6873300,-23.5055700,0 -46.6871200,-23.5053500,0 -46.6869100,-23.5051900,0 -46.6866400,-23.5050900,0 -46.6863900,-23.5051200,0 -46.6860500,-23.5052700,0 -46.6859300,-23.5053900,0 -46.6858400,-23.5055800,0</coordinates></LinearRing></outerBoundaryIs></Polygon></Placemark>
<Style id="s-NH-3">
<LineStyle><color>ff2fffad</color><width>2.0</width></LineStyle>
<PolyStyle><color>ff2fffad</color></PolyStyle>
<IconStyle><color>ff2fffad</color><scale>0.55</scale>
<Icon><href>http://maps.google.com/mapfiles/kml/shapes/placemark_circle.png</href></Icon>
</IconStyle>
<LabelStyle><scale>0.65</scale></LabelStyle>
</Style><Placemark><name>BALTAZAR DE QUADROS</name><styleUrl>#s-NH-3</styleUrl><description><![CDATA[<table style="border-collapse:collapse;width:100%;font-family:'Helvetica Neue',Helvetica,Arial,sans-serif;font-size:11px;border:1px solid #e5e7eb;border-radius:8px;overflow:hidden;"><tr><th colspan="2" style="padding:5px 8px;background:#1f6feb;color:#fff;text-align:left;font-size:12px;font-weight:600;">BALTAZAR DE QUADROS</th></tr><tr><th style="padding:3px 5px;text-align:left;background:#f3f4f6;border-bottom:1px solid #d1d5db;width:30%;font-size:11px;font-weight:600;color:#1f2937;">Serviço</th><td style="padding:3px 5px;border-bottom:1px solid #e5e7eb;font-size:11px;color:#111827;">Núcleos Habitacionais (NH)</td></tr><tr><th style="padding:3px 5px;text-align:left;background:#f3f4f6;border-bottom:1px solid #d1d5db;width:30%;font-size:11px;font-weight:600;color:#1f2937;">Setor</th><td style="padding:3px 5px;border-bottom:1px solid #e5e7eb;font-size:11px;color:#111827;">CV21000NH0004</td></tr><tr><th style="padding:3px 5px;text-align:left;background:#f3f4f6;border-bottom:1px solid #d1d5db;width:30%;font-size:11px;font-weight:600;color:#1f2937;">Tipo de Serviço</th><td style="padding:3px 5px;border-bottom:1px solid #e5e7eb;font-size:11px;color:#111827;">Limpeza em áreas de difícil acesso</td></tr><tr><th style="padding:3px 5px;text-align:left;background:#f3f4f6;border-bottom:1px solid #d1d5db;width:30%;font-size:11px;font-weight:600;color:#1f2937;">Nome</th><td style="padding:3px 5px;border-bottom:1px solid #e5e7eb;font-size:11px;color:#111827;">BALTAZAR DE QUADROS</td></tr><tr><th style="padding:3px 5px;text-align:left;background:#f3f4f6;border-bottom:1px solid #d1d5db;width:30%;font-size:11px;font-weight:600;color:#1f2937;">Logradouro</th><td style="padding:3px 5px;border-bottom:1px solid #e5e7eb;font-size:11px;color:#111827;">Av Inajar de Souza</td></tr><tr><th style="padding:3px 5px;text-align:left;background:#f3f4f6;border-bottom:1px solid #d1d5db;width:30%;font-size:11px;font-weight:600;color:#1f2937;">Subprefeitura</th><td style="padding:3px 5px;border-bottom:1px solid #e5e7eb;font-size:11px;color:#111827;">Casa Verde / Cachoeirinha</td></tr><tr><th style="padding:3px 5px;text-align:left;background:#f3f4f6;border-bottom:1px solid #d1d5db;width:30%;font-size:11px;font-weight:600;color:#1f2937;">Turno</th><td style="padding:3px 5px;border-bottom:1px solid #e5e7eb;font-size:11px;color:#111827;">Vespertino</td></tr><tr><th style="padding:3px 5px;text-align:left;background:#f3f4f6;border-bottom:1px solid #d1d5db;width:30%;font-size:11px;font-weight:600;color:#1f2937;">Frequência</th><td style="padding:3px 5px;border-bottom:1px solid #e5e7eb;font-size:11px;color:#111827;">Bimestral</td></tr><tr><th style="padding:3px 5px;text-align:left;background:#f3f4f6;border-bottom:1px solid #d1d5db;width:30%;font-size:11px;font-weight:600;color:#1f2937;">Cronograma</th><td style="padding:3px 5px;border-bottom:1px solid #e5e7eb;font-size:11px;color:#111827;">05/05/2026<br>07/07/2026<br>09/09/2026<br>04/11/2026<br>05/01/2027<br>02/03/2027</td></tr></table>]]></description><Polygon><outerBoundaryIs><LinearRing><coordinates>-46.6845200,-23.4972500,0 -46.6844600,-23.4971100,0 -46.6843500,-23.4969800,0 -46.6842000,-23.4969000,0 -46.6839200,-23.4968700,0 -46.6838400,-23.4968900,0 -46.6836800,-23.4969700,0 -46.6836000,-23.4970500,0 -46.6835500,-23.4971100,0 -46.6834000,-23.4974300,0 -46.6833800,-23.4975100,0 -46.6833700,-23.4977000,0 -46.6836500,-23.4989700,0 -46.6837100,-23.4991200,0 -46.6837700,-23.4991800,0 -46.6839000,-23.4992800,0 -46.6840600,-23.4993300,0 -46.6842000,-23.4993300,0 -46.6845600,-23.4992800,0 -46.6847700,-23.4991500,0 -46.6848200,-23.4990900,0 -46.6848900,-23.4989400,0 -46.6848900,-23.4987700,0 -46.6845200,-23.4972500,0</coordinates></LinearRing></outerBoundaryIs></Polygon></Placemark>
<Style id="s-NH-4">
<LineStyle><color>ff2fffad</color><width>2.0</width></LineStyle>
<PolyStyle><color>ff2fffad</color></PolyStyle>
<IconStyle><color>ff2fffad</color><scale>0.55</scale>
<Icon><href>http://maps.google.com/mapfiles/kml/shapes/placemark_circle.png</href></Icon>
</IconStyle>
<LabelStyle><scale>0.65</scale></LabelStyle>
</Style><Placemark><name>BEIRA MAR</name><styleUrl>#s-NH-4</styleUrl><description><![CDATA[<table style="border-collapse:collapse;width:100%;font-family:'Helvetica Neue',Helvetica,Arial,sans-serif;font-size:11px;border:1px solid #e5e7eb;border-radius:8px;overflow:hidden;"><tr><th colspan="2" style="padding:5px 8px;background:#1f6feb;color:#fff;text-align:left;font-size:12px;font-weight:600;">BEIRA MAR</th></tr><tr><th style="padding:3px 5px;text-align:left;background:#f3f4f6;border-bottom:1px solid #d1d5db;width:30%;font-size:11px;font-weight:600;color:#1f2937;">Serviço</th><td style="padding:3px 5px;border-bottom:1px solid #e5e7eb;font-size:11px;color:#111827;">Núcleos Habitacionais (NH)</td></tr><tr><th style="padding:3px 5px;text-align:left;background:#f3f4f6;border-bottom:1px solid #d1d5db;width:30%;font-size:11px;font-weight:600;color:#1f2937;">Setor</th><td style="padding:3px 5px;border-bottom:1px solid #e5e7eb;font-size:11px;color:#111827;">CV21000NH0005</td></tr><tr><th style="padding:3px 5px;text-align:left;background:#f3f4f6;border-bottom:1px solid #d1d5db;width:30%;font-size:11px;font-weight:600;color:#1f2937;">Tipo de Serviço</th><td style="padding:3px 5px;border-bottom:1px solid #e5e7eb;font-size:11px;color:#111827;">Limpeza em áreas de difícil acesso</td></tr><tr><th style="padding:3px 5px;text-align:left;background:#f3f4f6;border-bottom:1px solid #d1d5db;width:30%;font-size:11px;font-weight:600;color:#1f2937;">Nome</th><td style="padding:3px 5px;border-bottom:1px solid #e5e7eb;font-size:11px;color:#111827;">BEIRA MAR</td></tr><tr><th style="padding:3px 5px;text-align:left;background:#f3f4f6;border-bottom:1px solid #d1d5db;width:30%;font-size:11px;font-weight:600;color:#1f2937;">Logradouro</th><td style="padding:3px 5px;border-bottom:1px solid #e5e7eb;font-size:11px;color:#111827;">R Prf Gama Cerqueira</td></tr><tr><th style="padding:3px 5px;text-align:left;background:#f3f4f6;border-bottom:1px solid #d1d5db;width:30%;font-size:11px;font-weight:600;color:#1f2937;">Subprefeitura</th><td style="padding:3px 5px;border-bottom:1px solid #e5e7eb;font-size:11px;color:#111827;">Casa Verde / Cachoeirinha</td></tr><tr><th style="padding:3px 5px;text-align:left;background:#f3f4f6;border-bottom:1px solid #d1d5db;width:30%;font-size:11px;font-weight:600;color:#1f2937;">Turno</th><td style="padding:3px 5px;border-bottom:1px solid #e5e7eb;font-size:11px;color:#111827;">Vespertino</td></tr><tr><th style="padding:3px 5px;text-align:left;background:#f3f4f6;border-bottom:1px solid #d1d5db;width:30%;font-size:11px;font-weight:600;color:#1f2937;">Frequência</th><td style="padding:3px 5px;border-bottom:1px solid #e5e7eb;font-size:11px;color:#111827;">Bimestral</td></tr><tr><th style="padding:3px 5px;text-align:left;background:#f3f4f6;border-bottom:1px solid #d1d5db;width:30%;font-size:11px;font-weight:600;color:#1f2937;">Cronograma</th><td style="padding:3px 5px;border-bottom:1px solid #e5e7eb;font-size:11px;color:#111827;">05/05/2026<br>07/07/2026<br>09/09/2026<br>04/11/2026<br>05/01/2027<br>02/03/2027</td></tr></table>]]></description><Polygon><outerBoundaryIs><LinearRing><coordinates>-46.6707300,-23.4964800,0 -46.6717300,-23.4969200,0 -46.6718100,-23.4969400,0 -46.6719000,-23.4969600,0 -46.6720700,-23.4969400,0 -46.6721500,-23.4969200,0 -46.6722900,-23.4968300,0 -46.6723900,-23.4967000,0 -46.6724200,-23.4966300,0 -46.6724300,-23.4964300,0 -46.6722900,-23.4960400,0 -46.6723300,-23.4959800,0 -46.6723800,-23.4958300,0 -46.6723800,-23.4957000,0 -46.6722600,-23.4953800,0 -46.6720800,-23.4952100,0 -46.6719200,-23.4951600,0 -46.6717500,-23.4951500,0 -46.6716100,-23.4951900,0 -46.6708000,-23.4955600,0 -46.6706400,-23.4956600,0 -46.6705300,-23.4957800,0 -46.6705000,-23.4958500,0 -46.6704600,-23.4959600,0 -46.6704500,-23.4961100,0 -46.6704900,-23.4962700,0 -46.6705900,-23.4963900,0 -46.6707300,-23.4964800,0</coordinates></LinearRing></outerBoundaryIs></Polygon></Placemark>
<Style id="s-NH-5">
<LineStyle><color>ff2fffad</color><width>2.0</width></LineStyle>
<PolyStyle><color>ff2fffad</color></PolyStyle>
<IconStyle><color>ff2fffad</color><scale>0.55</scale>
<Icon><href>http://maps.google.com/mapfiles/kml/shapes/placemark_circle.png</href></Icon>
</IconStyle>
<LabelStyle><scale>0.65</scale></LabelStyle>
</Style><Placemark><name>PAPATERRA LIMONGI</name><styleUrl>#s-NH-5</styleUrl><description><![CDATA[<table style="border-collapse:collapse;width:100%;font-family:'Helvetica Neue',Helvetica,Arial,sans-serif;font-size:11px;border:1px solid #e5e7eb;border-radius:8px;overflow:hidden;"><tr><th colspan="2" style="padding:5px 8px;background:#1f6feb;color:#fff;text-align:left;font-size:12px;font-weight:600;">PAPATERRA LIMONGI</th></tr><tr><th style="padding:3px 5px;text-align:left;background:#f3f4f6;border-bottom:1px solid #d1d5db;width:30%;font-size:11px;font-weight:600;color:#1f2937;">Serviço</th><td style="padding:3px 5px;border-bottom:1px solid #e5e7eb;font-size:11px;color:#111827;">Núcleos Habitacionais (NH)</td></tr><tr><th style="padding:3px 5px;text-align:left;background:#f3f4f6;border-bottom:1px solid #d1d5db;width:30%;font-size:11px;font-weight:600;color:#1f2937;">Setor</th><td style="padding:3px 5px;border-bottom:1px solid #e5e7eb;font-size:11px;color:#111827;">CV21000NH0006</td></tr><tr><th style="padding:3px 5px;text-align:left;background:#f3f4f6;border-bottom:1px solid #d1d5db;width:30%;font-size:11px;font-weight:600;color:#1f2937;">Tipo de Serviço</th><td style="padding:3px 5px;border-bottom:1px solid #e5e7eb;font-size:11px;color:#111827;">Limpeza em áreas de difícil acesso</td></tr><tr><th style="padding:3px 5px;text-align:left;background:#f3f4f6;border-bottom:1px solid #d1d5db;width:30%;font-size:11px;font-weight:600;color:#1f2937;">Nome</th><td style="padding:3px 5px;border-bottom:1px solid #e5e7eb;font-size:11px;color:#111827;">PAPATERRA LIMONGI</td></tr><tr><th style="padding:3px 5px;text-align:left;background:#f3f4f6;border-bottom:1px solid #d1d5db;width:30%;font-size:11px;font-weight:600;color:#1f2937;">Logradouro</th><td style="padding:3px 5px;border-bottom:1px solid #e5e7eb;font-size:11px;color:#111827;">R Jose Fiuza Guimaraes</td></tr><tr><th style="padding:3px 5px;text-align:left;background:#f3f4f6;border-bottom:1px solid #d1d5db;width:30%;font-size:11px;font-weight:600;color:#1f2937;">Subprefeitura</th><td style="padding:3px 5px;border-bottom:1px solid #e5e7eb;font-size:11px;color:#111827;">Casa Verde / Cachoeirinha</td></tr><tr><th style="padding:3px 5px;text-align:left;background:#f3f4f6;border-bottom:1px solid #d1d5db;width:30%;font-size:11px;font-weight:600;color:#1f2937;">Turno</th><td style="padding:3px 5px;border-bottom:1px solid #e5e7eb;font-size:11px;color:#111827;">Vespertino</td></tr><tr><th style="padding:3px 5px;text-align:left;background:#f3f4f6;border-bottom:1px solid #d1d5db;width:30%;font-size:11px;font-weight:600;color:#1f2937;">Frequência</th><td style="padding:3px 5px;border-bottom:1px solid #e5e7eb;font-size:11px;color:#111827;">Bimestral</td></tr><tr><th style="padding:3px 5px;text-align:left;background:#f3f4f6;border-bottom:1px solid #d1d5db;width:30%;font-size:11px;font-weight:600;color:#1f2937;">Cronograma</th><td style="padding:3px 5px;border-bottom:1px solid #e5e7eb;font-size:11px;color:#111827;">05/05/2026<br>07/07/2026<br>09/09/2026<br>04/11/2026<br>05/01/2027<br>02/03/2027</td></tr></table>]]></description><Polygon><outerBoundaryIs><LinearRing><coordinates>-46.6778600,-23.5056200,0 -46.6782700,-23.5076600,0 -46.6783200,-23.5078100,0 -46.6784300,-23.5079300,0 -46.6786600,-23.5080200,0 -46.6788100,-23.5080300,0 -46.6789900,-23.5080100,0 -46.6791600,-23.5079600,0 -46.6792300,-23.5079200,0 -46.6793800,-23.5077300,0 -46.6794100,-23.5076600,0 -46.6794200,-23.5075600,0 -46.6790700,-23.5059000,0 -46.6790000,-23.5054300,0 -46.6789400,-23.5052800,0 -46.6788400,-23.5051600,0 -46.6787700,-23.5051100,0 -46.6786100,-23.5050600,0 -46.6784400,-23.5050500,0 -46.6782100,-23.5051100,0 -46.6780600,-23.5051800,0 -46.6779400,-23.5052900,0 -46.6778700,-23.5054300,0 -46.6778600,-23.5056200,0</coordinates></LinearRing></outerBoundaryIs></Polygon></Placemark>
<Style id="s-NH-6">
<LineStyle><color>ff2fffad</color><width>2.0</width></LineStyle>
<PolyStyle><color>ff2fffad</color></PolyStyle>
<IconStyle><color>ff2fffad</color><scale>0.55</scale>
<Icon><href>http://maps.google.com/mapfiles/kml/shapes/placemark_circle.png</href></Icon>
</IconStyle>
<LabelStyle><scale>0.65</scale></LabelStyle>
</Style><Placemark><name>CAIXA D'ÁGUA</name><styleUrl>#s-NH-6</styleUrl><description><![CDATA[<table style="border-collapse:collapse;width:100%;font-family:'Helvetica Neue',Helvetica,Arial,sans-serif;font-size:11px;border:1px solid #e5e7eb;border-radius:8px;overflow:hidden;"><tr><th colspan="2" style="padding:5px 8px;background:#1f6feb;color:#fff;text-align:left;font-size:12px;font-weight:600;">CAIXA D&#x27;ÁGUA</th></tr><tr><th style="padding:3px 5px;text-align:left;background:#f3f4f6;border-bottom:1px solid #d1d5db;width:30%;font-size:11px;font-weight:600;color:#1f2937;">Serviço</th><td style="padding:3px 5px;border-bottom:1px solid #e5e7eb;font-size:11px;color:#111827;">Núcleos Habitacionais (NH)</td></tr><tr><th style="padding:3px 5px;text-align:left;background:#f3f4f6;border-bottom:1px solid #d1d5db;width:30%;font-size:11px;font-weight:600;color:#1f2937;">Setor</th><td style="padding:3px 5px;border-bottom:1px solid #e5e7eb;font-size:11px;color:#111827;">CV21000NH0007</td></tr><tr><th style="padding:3px 5px;text-align:left;background:#f3f4f6;border-bottom:1px solid #d1d5db;width:30%;font-size:11px;font-weight:600;color:#1f2937;">Tipo de Serviço</th><td style="padding:3px 5px;border-bottom:1px solid #e5e7eb;font-size:11px;color:#111827;">Limpeza em áreas de difícil acesso</td></tr><tr><th style="padding:3px 5px;text-align:left;background:#f3f4f6;border-bottom:1px solid #d1d5db;width:30%;font-size:11px;font-weight:600;color:#1f2937;">Nome</th><td style="padding:3px 5px;border-bottom:1px solid #e5e7eb;font-size:11px;color:#111827;">CAIXA D&#x27;ÁGUA</td></tr><tr><th style="padding:3px 5px;text-align:left;background:#f3f4f6;border-bottom:1px solid #d1d5db;width:30%;font-size:11px;font-weight:600;color:#1f2937;">Logradouro</th><td style="padding:3px 5px;border-bottom:1px solid #e5e7eb;font-size:11px;color:#111827;">Tv Catarina Vazem</td></tr><tr><th style="padding:3px 5px;text-align:left;background:#f3f4f6;border-bottom:1px solid #d1d5db;width:30%;font-size:11px;font-weight:600;color:#1f2937;">Subprefeitura</th><td style="padding:3px 5px;border-bottom:1px solid #e5e7eb;font-size:11px;color:#111827;">Casa Verde / Cachoeirinha</td></tr><tr><th style="padding:3px 5px;text-align:left;background:#f3f4f6;border-bottom:1px solid #d1d5db;width:30%;font-size:11px;font-weight:600;color:#1f2937;">Turno</th><td style="padding:3px 5px;border-bottom:1px solid #e5e7eb;font-size:11px;color:#111827;">Vespertino</td></tr><tr><th style="padding:3px 5px;text-align:left;background:#f3f4f6;border-bottom:1px solid #d1d5db;width:30%;font-size:11px;font-weight:600;color:#1f2937;">Frequência</th><td style="padding:3px 5px;border-bottom:1px solid #e5e7eb;font-size:11px;color:#111827;">Bimestral</td></tr><tr><th style="padding:3px 5px;text-align:left;background:#f3f4f6;border-bottom:1px solid #d1d5db;width:30%;font-size:11px;font-weight:600;color:#1f2937;">Cronograma</th><td style="padding:3px 5px;border-bottom:1px solid #e5e7eb;font-size:11px;color:#111827;">05/05/2026<br>07/07/2026<br>09/09/2026<br>04/11/2026<br>05/01/2027<br>02/03/2027</td></tr></table>]]></description><Polygon><outerBoundaryIs><LinearRing><coordinates>-46.6679300,-23.4947000,0 -46.6679000,-23.4948500,0 -46.6679300,-23.4950000,0 -46.6680200,-23.4951400,0 -46.6681500,-23.4952400,0 -46.6682500,-23.4952800,0 -46.6682900,-23.4954000,0 -46.6684600,-23.4957300,0 -46.6686100,-23.4959200,0 -46.6687700,-23.4959900,0 -46.6689300,-23.4960100,0 -46.6690300,-23.4960000,0 -46.6693100,-23.4959200,0 -46.6694900,-23.4959100,0 -46.6697100,-23.4957900,0 -46.6698100,-23.4956600,0 -46.6698500,-23.4955600,0 -46.6699000,-23.4952700,0 -46.6698700,-23.4951100,0 -46.6697800,-23.4949700,0 -46.6696500,-23.4948700,0 -46.6695000,-23.4948000,0 -46.6693300,-23.4943700,0 -46.6693200,-23.4941800,0 -46.6692500,-23.4939600,0 -46.6691600,-23.4938300,0 -46.6690200,-23.4937400,0 -46.6686900,-23.4936600,0 -46.6685400,-23.4936500,0 -46.6683700,-23.4936700,0 -46.6682100,-23.4937400,0 -46.6681500,-23.4937900,0 -46.6680900,-23.4938500,0 -46.6680200,-23.4939900,0 -46.6680100,-23.4941400,0 -46.6680300,-23.4942700,0 -46.6680100,-23.4944600,0 -46.6679300,-23.4947000,0</coordinates></LinearRing></outerBoundaryIs></Polygon></Placemark>
<Style id="s-NH-7">
<LineStyle><color>ff2fffad</color><width>2.0</width></LineStyle>
<PolyStyle><color>ff2fffad</color></PolyStyle>
<IconStyle><color>ff2fffad</color><scale>0.55</scale>
<Icon><href>http://maps.google.com/mapfiles/kml/shapes/placemark_circle.png</href></Icon>
</IconStyle>
<LabelStyle><scale>0.65</scale></LabelStyle>
</Style><Placemark><name>TABATINGUERA</name><styleUrl>#s-NH-7</styleUrl><description><![CDATA[<table style="border-collapse:collapse;width:100%;font-family:'Helvetica Neue',Helvetica,Arial,sans-serif;font-size:11px;border:1px solid #e5e7eb;border-radius:8px;overflow:hidden;"><tr><th colspan="2" style="padding:5px 8px;background:#1f6feb;color:#fff;text-align:left;font-size:12px;font-weight:600;">TABATINGUERA</th></tr><tr><th style="padding:3px 5px;text-align:left;background:#f3f4f6;border-bottom:1px solid #d1d5db;width:30%;font-size:11px;font-weight:600;color:#1f2937;">Serviço</th><td style="padding:3px 5px;border-bottom:1px solid #e5e7eb;font-size:11px;color:#111827;">Núcleos Habitacionais (NH)</td></tr><tr><th style="padding:3px 5px;text-align:left;background:#f3f4f6;border-bottom:1px solid #d1d5db;width:30%;font-size:11px;font-weight:600;color:#1f2937;">Setor</th><td style="padding:3px 5px;border-bottom:1px solid #e5e7eb;font-size:11px;color:#111827;">CV21000NH0008</td></tr><tr><th style="padding:3px 5px;text-align:left;background:#f3f4f6;border-bottom:1px solid #d1d5db;width:30%;font-size:11px;font-weight:600;color:#1f2937;">Tipo de Serviço</th><td style="padding:3px 5px;border-bottom:1px solid #e5e7eb;font-size:11px;color:#111827;">Limpeza em áreas de difícil acesso</td></tr><tr><th style="padding:3px 5px;text-align:left;background:#f3f4f6;border-bottom:1px solid #d1d5db;width:30%;font-size:11px;font-weight:600;color:#1f2937;">Nome</th><td style="padding:3px 5px;border-bottom:1px solid #e5e7eb;font-size:11px;color:#111827;">TABATINGUERA</td></tr><tr><th style="padding:3px 5px;text-align:left;background:#f3f4f6;border-bottom:1px solid #d1d5db;width:30%;font-size:11px;font-weight:600;color:#1f2937;">Logradouro</th><td style="padding:3px 5px;border-bottom:1px solid #e5e7eb;font-size:11px;color:#111827;">R Mns Vitorino Gandara Mendes</td></tr><tr><th style="padding:3px 5px;text-align:left;background:#f3f4f6;border-bottom:1px solid #d1d5db;width:30%;font-size:11px;font-weight:600;color:#1f2937;">Subprefeitura</th><td style="padding:3px 5px;border-bottom:1px solid #e5e7eb;font-size:11px;color:#111827;">Casa Verde / Cachoeirinha</td></tr><tr><th style="padding:3px 5px;text-align:left;background:#f3f4f6;border-bottom:1px solid #d1d5db;width:30%;font-size:11px;font-weight:600;color:#1f2937;">Turno</th><td style="padding:3px 5px;border-bottom:1px solid #e5e7eb;font-size:11px;color:#111827;">Vespertino</td></tr><tr><th style="padding:3px 5px;text-align:left;background:#f3f4f6;border-bottom:1px solid #d1d5db;width:30%;font-size:11px;font-weight:600;color:#1f2937;">Frequência</th><td style="padding:3px 5px;border-bottom:1px solid #e5e7eb;font-size:11px;color:#111827;">Bimestral</td></tr><tr><th style="padding:3px 5px;text-align:left;background:#f3f4f6;border-bottom:1px solid #d1d5db;width:30%;font-size:11px;font-weight:600;color:#1f2937;">Cronograma</th><td style="padding:3px 5px;border-bottom:1px solid #e5e7eb;font-size:11px;color:#111827;">05/05/2026<br>07/07/2026<br>09/09/2026<br>04/11/2026<br>05/01/2027<br>02/03/2027</td></tr></table>]]></description><Polygon><outerBoundaryIs><LinearRing><coordinates>-46.6699000,-23.4909700,0 -46.6699100,-23.4909000,0 -46.6698800,-23.4907400,0 -46.6698500,-23.4906700,0 -46.6697400,-23.4905500,0 -46.6695900,-23.4904700,0 -46.6695100,-23.4904500,0 -46.6693400,-23.4904500,0 -46.6691800,-23.4904900,0 -46.6690400,-23.4905800,0 -46.6689300,-23.4907000,0 -46.6688400,-23.4909500,0 -46.6688400,-23.4912700,0 -46.6689100,-23.4914200,0 -46.6690200,-23.4915300,0 -46.6692600,-23.4916200,0 -46.6694800,-23.4916200,0 -46.6696400,-23.4915500,0 -46.6697600,-23.4914500,0 -46.6698400,-23.4913100,0 -46.6699000,-23.4909700,0</coordinates></LinearRing></outerBoundaryIs></Polygon></Placemark>
<Style id="s-NH-8">
<LineStyle><color>ff2fffad</color><width>2.0</width></LineStyle>
<PolyStyle><color>ff2fffad</color></PolyStyle>
<IconStyle><color>ff2fffad</color><scale>0.55</scale>
<Icon><href>http://maps.google.com/mapfiles/kml/shapes/placemark_circle.png</href></Icon>
</IconStyle>
<LabelStyle><scale>0.65</scale></LabelStyle>
</Style><Placemark><name>DARIO RIBEIRO</name><styleUrl>#s-NH-8</styleUrl><description><![CDATA[<table style="border-collapse:collapse;width:100%;font-family:'Helvetica Neue',Helvetica,Arial,sans-serif;font-size:11px;border:1px solid #e5e7eb;border-radius:8px;overflow:hidden;"><tr><th colspan="2" style="padding:5px 8px;background:#1f6feb;color:#fff;text-align:left;font-size:12px;font-weight:600;">DARIO RIBEIRO</th></tr><tr><th style="padding:3px 5px;text-align:left;background:#f3f4f6;border-bottom:1px solid #d1d5db;width:30%;font-size:11px;font-weight:600;color:#1f2937;">Serviço</th><td style="padding:3px 5px;border-bottom:1px solid #e5e7eb;font-size:11px;color:#111827;">Núcleos Habitacionais (NH)</td></tr><tr><th style="padding:3px 5px;text-align:left;background:#f3f4f6;border-bottom:1px solid #d1d5db;width:30%;font-size:11px;font-weight:600;color:#1f2937;">Setor</th><td style="padding:3px 5px;border-bottom:1px solid #e5e7eb;font-size:11px;color:#111827;">CV21000NH0009</td></tr><tr><th style="padding:3px 5px;text-align:left;background:#f3f4f6;border-bottom:1px solid #d1d5db;width:30%;font-size:11px;font-weight:600;color:#1f2937;">Tipo de Serviço</th><td style="padding:3px 5px;border-bottom:1px solid #e5e7eb;font-size:11px;color:#111827;">Limpeza em áreas de difícil acesso</td></tr><tr><th style="padding:3px 5px;text-align:left;background:#f3f4f6;border-bottom:1px solid #d1d5db;width:30%;font-size:11px;font-weight:600;color:#1f2937;">Nome</th><td style="padding:3px 5px;border-bottom:1px solid #e5e7eb;font-size:11px;color:#111827;">DARIO RIBEIRO</td></tr><tr><th style="padding:3px 5px;text-align:left;background:#f3f4f6;border-bottom:1px solid #d1d5db;width:30%;font-size:11px;font-weight:600;color:#1f2937;">Logradouro</th><td style="padding:3px 5px;border-bottom:1px solid #e5e7eb;font-size:11px;color:#111827;">R Prf Dario Ribeiro</td></tr><tr><th style="padding:3px 5px;text-align:left;background:#f3f4f6;border-bottom:1px solid #d1d5db;width:30%;font-size:11px;font-weight:600;color:#1f2937;">Subprefeitura</th><td style="padding:3px 5px;border-bottom:1px solid #e5e7eb;font-size:11px;color:#111827;">Casa Verde / Cachoeirinha</td></tr><tr><th style="padding:3px 5px;text-align:left;background:#f3f4f6;border-bottom:1px solid #d1d5db;width:30%;font-size:11px;font-weight:600;color:#1f2937;">Turno</th><td style="padding:3px 5px;border-bottom:1px solid #e5e7eb;font-size:11px;color:#111827;">Vespertino</td></tr><tr><th style="padding:3px 5px;text-align:left;background:#f3f4f6;border-bottom:1px solid #d1d5db;width:30%;font-size:11px;font-weight:600;color:#1f2937;">Frequência</th><td style="padding:3px 5px;border-bottom:1px solid #e5e7eb;font-size:11px;color:#111827;">Bimestral</td></tr><tr><th style="padding:3px 5px;text-align:left;background:#f3f4f6;border-bottom:1px solid #d1d5db;width:30%;font-size:11px;font-weight:600;color:#1f2937;">Cronograma</th><td style="padding:3px 5px;border-bottom:1px solid #e5e7eb;font-size:11px;color:#111827;">06/05/2026<br>08/07/2026<br>10/09/2026<br>05/11/2026<br>06/01/2027<br>03/03/2027</td></tr></table>]]></description><Polygon><outerBoundaryIs><LinearRing><coordinates>-46.6705900,-23.4922800,0 -46.6706800,-23.4922900,0 -46.6707400,-23.4923400,0 -46.6708200,-23.4923700,0 -46.6713100,-23.4924800,0 -46.6714500,-23.4926100,0 -46.6713600,-23.4927700,0 -46.6713500,-23.4929800,0 -46.6713200,-23.4931300,0 -46.6713500,-23.4932900,0 -46.6714300,-23.4934200,0 -46.6714900,-23.4934800,0 -46.6717000,-23.4936000,0 -46.6719500,-23.4936300,0 -46.6720400,-23.4936100,0 -46.6721900,-23.4935400,0 -46.6723000,-23.4934200,0 -46.6725200,-23.4929200,0 -46.6725500,-23.4927900,0 -46.6725700,-23.4924800,0 -46.6725400,-23.4923200,0 -46.6724800,-23.4922000,0 -46.6722500,-23.4915700,0 -46.6721500,-23.4914500,0 -46.6720800,-23.4914000,0 -46.6719200,-23.4913400,0 -46.6707600,-23.4911700,0 -46.6706800,-23.4911800,0 -46.6705200,-23.4912400,0 -46.6703900,-23.4913400,0 -46.6703200,-23.4914400,0 -46.6701900,-23.4917200,0 -46.6701800,-23.4918700,0 -46.6701900,-23.4919500,0 -46.6702600,-23.4920900,0 -46.6703900,-23.4922000,0 -46.6705900,-23.4922800,0</coordinates></LinearRing></outerBoundaryIs></Polygon></Placemark>
<Style id="s-NH-9">
<LineStyle><color>ff2fffad</color><width>2.0</width></LineStyle>
<PolyStyle><color>ff2fffad</color></PolyStyle>
<IconStyle><color>ff2fffad</color><scale>0.55</scale>
<Icon><href>http://maps.google.com/mapfiles/kml/shapes/placemark_circle.png</href></Icon>
</IconStyle>
<LabelStyle><scale>0.65</scale></LabelStyle>
</Style><Placemark><name>COHAB - MENDONÇA JUNIOR</name><styleUrl>#s-NH-9</styleUrl><description><![CDATA[<table style="border-collapse:collapse;width:100%;font-family:'Helvetica Neue',Helvetica,Arial,sans-serif;font-size:11px;border:1px solid #e5e7eb;border-radius:8px;overflow:hidden;"><tr><th colspan="2" style="padding:5px 8px;background:#1f6feb;color:#fff;text-align:left;font-size:12px;font-weight:600;">COHAB - MENDONÇA JUNIOR</th></tr><tr><th style="padding:3px 5px;text-align:left;background:#f3f4f6;border-bottom:1px solid #d1d5db;width:30%;font-size:11px;font-weight:600;color:#1f2937;">Serviço</th><td style="padding:3px 5px;border-bottom:1px solid #e5e7eb;font-size:11px;color:#111827;">Núcleos Habitacionais (NH)</td></tr><tr><th style="padding:3px 5px;text-align:left;background:#f3f4f6;border-bottom:1px solid #d1d5db;width:30%;font-size:11px;font-weight:600;color:#1f2937;">Setor</th><td style="padding:3px 5px;border-bottom:1px solid #e5e7eb;font-size:11px;color:#111827;">CV21000NH0010</td></tr><tr><th style="padding:3px 5px;text-align:left;background:#f3f4f6;border-bottom:1px solid #d1d5db;width:30%;font-size:11px;font-weight:600;color:#1f2937;">Tipo de Serviço</th><td style="padding:3px 5px;border-bottom:1px solid #e5e7eb;font-size:11px;color:#111827;">Limpeza em áreas de difícil acesso</td></tr><tr><th style="padding:3px 5px;text-align:left;background:#f3f4f6;border-bottom:1px solid #d1d5db;width:30%;font-size:11px;font-weight:600;color:#1f2937;">Nome</th><td style="padding:3px 5px;border-bottom:1px solid #e5e7eb;font-size:11px;color:#111827;">COHAB - MENDONÇA JUNIOR</td></tr><tr><th style="padding:3px 5px;text-align:left;background:#f3f4f6;border-bottom:1px solid #d1d5db;width:30%;font-size:11px;font-weight:600;color:#1f2937;">Logradouro</th><td style="padding:3px 5px;border-bottom:1px solid #e5e7eb;font-size:11px;color:#111827;">R Verso</td></tr><tr><th style="padding:3px 5px;text-align:left;background:#f3f4f6;border-bottom:1px solid #d1d5db;width:30%;font-size:11px;font-weight:600;color:#1f2937;">Subprefeitura</th><td style="padding:3px 5px;border-bottom:1px solid #e5e7eb;font-size:11px;color:#111827;">Casa Verde / Cachoeirinha</td></tr><tr><th style="padding:3px 5px;text-align:left;background:#f3f4f6;border-bottom:1px solid #d1d5db;width:30%;font-size:11px;font-weight:600;color:#1f2937;">Turno</th><td style="padding:3px 5px;border-bottom:1px solid #e5e7eb;font-size:11px;color:#111827;">Vespertino</td></tr><tr><th style="padding:3px 5px;text-align:left;background:#f3f4f6;border-bottom:1px solid #d1d5db;width:30%;font-size:11px;font-weight:600;color:#1f2937;">Frequência</th><td style="padding:3px 5px;border-bottom:1px solid #e5e7eb;font-size:11px;color:#111827;">Bimestral</td></tr><tr><th style="padding:3px 5px;text-align:left;background:#f3f4f6;border-bottom:1px solid #d1d5db;width:30%;font-size:11px;font-weight:600;color:#1f2937;">Cronograma</th><td style="padding:3px 5px;border-bottom:1px solid #e5e7eb;font-size:11px;color:#111827;">06/05/2026<br>08/07/2026<br>10/09/2026<br>05/11/2026<br>06/01/2027<br>03/03/2027</td></tr></table>]]></description><Polygon><outerBoundaryIs><LinearRing><coordinates>-46.6629200,-23.4807500,0 -46.6624400,-23.4804400,0 -46.6622800,-23.4803800,0 -46.6621200,-23.4803600,0 -46.6619500,-23.4804000,0 -46.6618800,-23.4804400,0 -46.6617600,-23.4805500,0 -46.6614500,-23.4809800,0 -46.6613900,-23.4811300,0 -46.6613800,-23.4812800,0 -46.6614000,-23.4813600,0 -46.6615700,-23.4816900,0 -46.6617000,-23.4818000,0 -46.6620700,-23.4820300,0 -46.6622300,-23.4820700,0 -46.6623200,-23.4820700,0 -46.6625600,-23.4819800,0 -46.6626600,-23.4819000,0 -46.6631100,-23.4813600,0 -46.6631400,-23.4812900,0 -46.6631700,-23.4811500,0 -46.6631400,-23.4809900,0 -46.6630500,-23.4808600,0 -46.6629200,-23.4807500,0</coordinates></LinearRing></outerBoundaryIs></Polygon></Placemark>
<Style id="s-NH-10">
<LineStyle><color>ff2fffad</color><width>2.0</width></LineStyle>
<PolyStyle><color>ff2fffad</color></PolyStyle>
<IconStyle><color>ff2fffad</color><scale>0.55</scale>
<Icon><href>http://maps.google.com/mapfiles/kml/shapes/placemark_circle.png</href></Icon>
</IconStyle>
<LabelStyle><scale>0.65</scale></LabelStyle>
</Style><Placemark><name>MARINA LEMOS DE ABREU</name><styleUrl>#s-NH-10</styleUrl><description><![CDATA[<table style="border-collapse:collapse;width:100%;font-family:'Helvetica Neue',Helvetica,Arial,sans-serif;font-size:11px;border:1px solid #e5e7eb;border-radius:8px;overflow:hidden;"><tr><th colspan="2" style="padding:5px 8px;background:#1f6feb;color:#fff;text-align:left;font-size:12px;font-weight:600;">MARINA LEMOS DE ABREU</th></tr><tr><th style="padding:3px 5px;text-align:left;background:#f3f4f6;border-bottom:1px solid #d1d5db;width:30%;font-size:11px;font-weight:600;color:#1f2937;">Serviço</th><td style="padding:3px 5px;border-bottom:1px solid #e5e7eb;font-size:11px;color:#111827;">Núcleos Habitacionais (NH)</td></tr><tr><th style="padding:3px 5px;text-align:left;background:#f3f4f6;border-bottom:1px solid #d1d5db;width:30%;font-size:11px;font-weight:600;color:#1f2937;">Setor</th><td style="padding:3px 5px;border-bottom:1px solid #e5e7eb;font-size:11px;color:#111827;">CV21000NH0011</td></tr><tr><th style="padding:3px 5px;text-align:left;background:#f3f4f6;border-bottom:1px solid #d1d5db;width:30%;font-size:11px;font-weight:600;color:#1f2937;">Tipo de Serviço</th><td style="padding:3px 5px;border-bottom:1px solid #e5e7eb;font-size:11px;color:#111827;">Limpeza em áreas de difícil acesso</td></tr><tr><th style="padding:3px 5px;text-align:left;background:#f3f4f6;border-bottom:1px solid #d1d5db;width:30%;font-size:11px;font-weight:600;color:#1f2937;">Nome</th><td style="padding:3px 5px;border-bottom:1px solid #e5e7eb;font-size:11px;color:#111827;">MARINA LEMOS DE ABREU</td></tr><tr><th style="padding:3px 5px;text-align:left;background:#f3f4f6;border-bottom:1px solid #d1d5db;width:30%;font-size:11px;font-weight:600;color:#1f2937;">Logradouro</th><td style="padding:3px 5px;border-bottom:1px solid #e5e7eb;font-size:11px;color:#111827;">Av Inajar de Souza</td></tr><tr><th style="padding:3px 5px;text-align:left;background:#f3f4f6;border-bottom:1px solid #d1d5db;width:30%;font-size:11px;font-weight:600;color:#1f2937;">Subprefeitura</th><td style="padding:3px 5px;border-bottom:1px solid #e5e7eb;font-size:11px;color:#111827;">Casa Verde / Cachoeirinha</td></tr><tr><th style="padding:3px 5px;text-align:left;background:#f3f4f6;border-bottom:1px solid #d1d5db;width:30%;font-size:11px;font-weight:600;color:#1f2937;">Turno</th><td style="padding:3px 5px;border-bottom:1px solid #e5e7eb;font-size:11px;color:#111827;">Vespertino</td></tr><tr><th style="padding:3px 5px;text-align:left;background:#f3f4f6;border-bottom:1px solid #d1d5db;width:30%;font-size:11px;font-weight:600;color:#1f2937;">Frequência</th><td style="padding:3px 5px;border-bottom:1px solid #e5e7eb;font-size:11px;color:#111827;">Bimestral</td></tr><tr><th style="padding:3px 5px;text-align:left;background:#f3f4f6;border-bottom:1px solid #d1d5db;width:30%;font-size:11px;font-weight:600;color:#1f2937;">Cronograma</th><td style="padding:3px 5px;border-bottom:1px solid #e5e7eb;font-size:11px;color:#111827;">06/05/2026<br>08/07/2026<br>10/09/2026<br>05/11/2026<br>06/01/2027<br>03/03/2027</td></tr></table>]]></description><Polygon><outerBoundaryIs><LinearRing><coordinates>-46.6701100,-23.4742400,0 -46.6701800,-23.4742100,0 -46.6703100,-23.4741000,0 -46.6703800,-23.4739600,0 -46.6704100,-23.4736900,0 -46.6703500,-23.4734600,0 -46.6702400,-23.4733400,0 -46.6700100,-23.4732300,0 -46.6697800,-23.4732100,0 -46.6696900,-23.4732200,0 -46.6695400,-23.4732800,0 -46.6694700,-23.4733300,0 -46.6693700,-23.4734600,0 -46.6693200,-23.4736100,0 -46.6693200,-23.4739100,0 -46.6693800,-23.4740500,0 -46.6694300,-23.4741200,0 -46.6695600,-23.4742200,0 -46.6697200,-23.4742800,0 -46.6699100,-23.4742800,0 -46.6701100,-23.4742400,0</coordinates></LinearRing></outerBoundaryIs></Polygon></Placemark>
<Style id="s-NH-11">
<LineStyle><color>ff2fffad</color><width>2.0</width></LineStyle>
<PolyStyle><color>ff2fffad</color></PolyStyle>
<IconStyle><color>ff2fffad</color><scale>0.55</scale>
<Icon><href>http://maps.google.com/mapfiles/kml/shapes/placemark_circle.png</href></Icon>
</IconStyle>
<LabelStyle><scale>0.65</scale></LabelStyle>
</Style><Placemark><name>ODASSI NAZZALI</name><styleUrl>#s-NH-11</styleUrl><description><![CDATA[<table style="border-collapse:collapse;width:100%;font-family:'Helvetica Neue',Helvetica,Arial,sans-serif;font-size:11px;border:1px solid #e5e7eb;border-radius:8px;overflow:hidden;"><tr><th colspan="2" style="padding:5px 8px;background:#1f6feb;color:#fff;text-align:left;font-size:12px;font-weight:600;">ODASSI NAZZALI</th></tr><tr><th style="padding:3px 5px;text-align:left;background:#f3f4f6;border-bottom:1px solid #d1d5db;width:30%;font-size:11px;font-weight:600;color:#1f2937;">Serviço</th><td style="padding:3px 5px;border-bottom:1px solid #e5e7eb;font-size:11px;color:#111827;">Núcleos Habitacionais (NH)</td></tr><tr><th style="padding:3px 5px;text-align:left;background:#f3f4f6;border-bottom:1px solid #d1d5db;width:30%;font-size:11px;font-weight:600;color:#1f2937;">Setor</th><td style="padding:3px 5px;border-bottom:1px solid #e5e7eb;font-size:11px;color:#111827;">CV21000NH0012</td></tr><tr><th style="padding:3px 5px;text-align:left;background:#f3f4f6;border-bottom:1px solid #d1d5db;width:30%;font-size:11px;font-weight:600;color:#1f2937;">Tipo de Serviço</th><td style="padding:3px 5px;border-bottom:1px solid #e5e7eb;font-size:11px;color:#111827;">Limpeza em áreas de difícil acesso</td></tr><tr><th style="padding:3px 5px;text-align:left;background:#f3f4f6;border-bottom:1px solid #d1d5db;width:30%;font-size:11px;font-weight:600;color:#1f2937;">Nome</th><td style="padding:3px 5px;border-bottom:1px solid #e5e7eb;font-size:11px;color:#111827;">ODASSI NAZZALI</td></tr><tr><th style="padding:3px 5px;text-align:left;background:#f3f4f6;border-bottom:1px solid #d1d5db;width:30%;font-size:11px;font-weight:600;color:#1f2937;">Logradouro</th><td style="padding:3px 5px;border-bottom:1px solid #e5e7eb;font-size:11px;color:#111827;">R Vinte e Dois de Agosto</td></tr><tr><th style="padding:3px 5px;text-align:left;background:#f3f4f6;border-bottom:1px solid #d1d5db;width:30%;font-size:11px;font-weight:600;color:#1f2937;">Subprefeitura</th><td style="padding:3px 5px;border-bottom:1px solid #e5e7eb;font-size:11px;color:#111827;">Casa Verde / Cachoeirinha</td></tr><tr><th style="padding:3px 5px;text-align:left;background:#f3f4f6;border-bottom:1px solid #d1d5db;width:30%;font-size:11px;font-weight:600;color:#1f2937;">Turno</th><td style="padding:3px 5px;border-bottom:1px solid #e5e7eb;font-size:11px;color:#111827;">Vespertino</td></tr><tr><th style="padding:3px 5px;text-align:left;background:#f3f4f6;border-bottom:1px solid #d1d5db;width:30%;font-size:11px;font-weight:600;color:#1f2937;">Frequência</th><td style="padding:3px 5px;border-bottom:1px solid #e5e7eb;font-size:11px;color:#111827;">Bimestral</td></tr><tr><th style="padding:3px 5px;text-align:left;background:#f3f4f6;border-bottom:1px solid #d1d5db;width:30%;font-size:11px;font-weight:600;color:#1f2937;">Cronograma</th><td style="padding:3px 5px;border-bottom:1px solid #e5e7eb;font-size:11px;color:#111827;">06/05/2026<br>08/07/2026<br>10/09/2026<br>05/11/2026<br>06/01/2027<br>03/03/2027</td></tr></table>]]></description><Polygon><outerBoundaryIs><LinearRing><coordinates>-46.6598100,-23.4681500,0 -46.6601600,-23.4686800,0 -46.6602500,-23.4689000,0 -46.6603100,-23.4689800,0 -46.6603900,-23.4690400,0 -46.6603900,-23.4692000,0 -46.6604100,-23.4692700,0 -46.6604900,-23.4694100,0 -46.6607000,-23.4695500,0 -46.6608600,-23.4696100,0 -46.6609400,-23.4696200,0 -46.6611100,-23.4695900,0 -46.6613900,-23.4694900,0 -46.6616600,-23.4693300,0 -46.6617700,-23.4692100,0 -46.6618600,-23.4690000,0 -46.6621500,-23.4689100,0 -46.6623100,-23.4687900,0 -46.6625100,-23.4685300,0 -46.6625700,-23.4683800,0 -46.6625400,-23.4681600,0 -46.6624600,-23.4680300,0 -46.6622500,-23.4678900,0 -46.6620100,-23.4676700,0 -46.6617800,-23.4675600,0 -46.6615000,-23.4675600,0 -46.6613200,-23.4674000,0 -46.6612400,-23.4673700,0 -46.6610300,-23.4673500,0 -46.6609600,-23.4672100,0 -46.6608400,-23.4671000,0 -46.6606900,-23.4670300,0 -46.6606000,-23.4670200,0 -46.6603300,-23.4670400,0 -46.6602500,-23.4670700,0 -46.6601100,-23.4671600,0 -46.6600300,-23.4672600,0 -46.6597800,-23.4676900,0 -46.6597300,-23.4678400,0 -46.6597400,-23.4680000,0 -46.6598100,-23.4681500,0</coordinates></LinearRing></outerBoundaryIs></Polygon></Placemark>
<Style id="s-NH-12">
<LineStyle><color>ff2fffad</color><width>2.0</width></LineStyle>
<PolyStyle><color>ff2fffad</color></PolyStyle>
<IconStyle><color>ff2fffad</color><scale>0.55</scale>
<Icon><href>http://maps.google.com/mapfiles/kml/shapes/placemark_circle.png</href></Icon>
</IconStyle>
<LabelStyle><scale>0.65</scale></LabelStyle>
</Style><Placemark><name>OLIVEIRA MARTINS</name><styleUrl>#s-NH-12</styleUrl><description><![CDATA[<table style="border-collapse:collapse;width:100%;font-family:'Helvetica Neue',Helvetica,Arial,sans-serif;font-size:11px;border:1px solid #e5e7eb;border-radius:8px;overflow:hidden;"><tr><th colspan="2" style="padding:5px 8px;background:#1f6feb;color:#fff;text-align:left;font-size:12px;font-weight:600;">OLIVEIRA MARTINS</th></tr><tr><th style="padding:3px 5px;text-align:left;background:#f3f4f6;border-bottom:1px solid #d1d5db;width:30%;font-size:11px;font-weight:600;color:#1f2937;">Serviço</th><td style="padding:3px 5px;border-bottom:1px solid #e5e7eb;font-size:11px;color:#111827;">Núcleos Habitacionais (NH)</td></tr><tr><th style="padding:3px 5px;text-align:left;background:#f3f4f6;border-bottom:1px solid #d1d5db;width:30%;font-size:11px;font-weight:600;color:#1f2937;">Setor</th><td style="padding:3px 5px;border-bottom:1px solid #e5e7eb;font-size:11px;color:#111827;">CV21000NH0013</td></tr><tr><th style="padding:3px 5px;text-align:left;background:#f3f4f6;border-bottom:1px solid #d1d5db;width:30%;font-size:11px;font-weight:600;color:#1f2937;">Tipo de Serviço</th><td style="padding:3px 5px;border-bottom:1px solid #e5e7eb;font-size:11px;color:#111827;">Limpeza em áreas de difícil acesso</td></tr><tr><th style="padding:3px 5px;text-align:left;background:#f3f4f6;border-bottom:1px solid #d1d5db;width:30%;font-size:11px;font-weight:600;color:#1f2937;">Nome</th><td style="padding:3px 5px;border-bottom:1px solid #e5e7eb;font-size:11px;color:#111827;">OLIVEIRA MARTINS</td></tr><tr><th style="padding:3px 5px;text-align:left;background:#f3f4f6;border-bottom:1px solid #d1d5db;width:30%;font-size:11px;font-weight:600;color:#1f2937;">Logradouro</th><td style="padding:3px 5px;border-bottom:1px solid #e5e7eb;font-size:11px;color:#111827;">R Odassi Nassali</td></tr><tr><th style="padding:3px 5px;text-align:left;background:#f3f4f6;border-bottom:1px solid #d1d5db;width:30%;font-size:11px;font-weight:600;color:#1f2937;">Subprefeitura</th><td style="padding:3px 5px;border-bottom:1px solid #e5e7eb;font-size:11px;color:#111827;">Casa Verde / Cachoeirinha</td></tr><tr><th style="padding:3px 5px;text-align:left;background:#f3f4f6;border-bottom:1px solid #d1d5db;width:30%;font-size:11px;font-weight:600;color:#1f2937;">Turno</th><td style="padding:3px 5px;border-bottom:1px solid #e5e7eb;font-size:11px;color:#111827;">Vespertino</td></tr><tr><th style="padding:3px 5px;text-align:left;background:#f3f4f6;border-bottom:1px solid #d1d5db;width:30%;font-size:11px;font-weight:600;color:#1f2937;">Frequência</th><td style="padding:3px 5px;border-bottom:1px solid #e5e7eb;font-size:11px;color:#111827;">Bimestral</td></tr><tr><th style="padding:3px 5px;text-align:left;background:#f3f4f6;border-bottom:1px solid #d1d5db;width:30%;font-size:11px;font-weight:600;color:#1f2937;">Cronograma</th><td style="padding:3px 5px;border-bottom:1px solid #e5e7eb;font-size:11px;color:#111827;">07/05/2026<br>09/07/2026<br>11/09/2026<br>06/11/2026<br>07/01/2027<br>04/03/2027</td></tr></table>]]></description><Polygon><outerBoundaryIs><LinearRing><coordinates>-46.6606100,-23.4678900,0 -46.6605900,-23.4680400,0 -46.6606200,-23.4682000,0 -46.6607100,-23.4683300,0 -46.6608500,-23.4684300,0 -46.6610100,-23.4684800,0 -46.6615000,-23.4684500,0 -46.6616900,-23.4686100,0 -46.6618300,-23.4686900,0 -46.6619900,-23.4687400,0 -46.6621600,-23.4687500,0 -46.6623900,-23.4686600,0 -46.6625000,-23.4685500,0 -46.6628000,-23.4681100,0 -46.6630200,-23.4679000,0 -46.6630600,-23.4678200,0 -46.6632000,-23.4676400,0 -46.6632400,-23.4674900,0 -46.6632300,-23.4673900,0 -46.6631700,-23.4672400,0 -46.6630600,-23.4671200,0 -46.6627700,-23.4669800,0 -46.6626800,-23.4669700,0 -46.6625100,-23.4670000,0 -46.6621900,-23.4671200,0 -46.6619600,-23.4671800,0 -46.6618800,-23.4672400,0 -46.6618300,-23.4671700,0 -46.6617600,-23.4671200,0 -46.6616100,-23.4670500,0 -46.6614500,-23.4670200,0 -46.6612100,-23.4670500,0 -46.6610500,-23.4671000,0 -46.6609100,-23.4671900,0 -46.6608600,-23.4672500,0 -46.6606100,-23.4678900,0</coordinates></LinearRing></outerBoundaryIs></Polygon></Placemark>
<Style id="s-NH-13">
<LineStyle><color>ff2fffad</color><width>2.0</width></LineStyle>
<PolyStyle><color>ff2fffad</color></PolyStyle>
<IconStyle><color>ff2fffad</color><scale>0.55</scale>
<Icon><href>http://maps.google.com/mapfiles/kml/shapes/placemark_circle.png</href></Icon>
</IconStyle>
<LabelStyle><scale>0.65</scale></LabelStyle>
</Style><Placemark><name>DIONISIA</name><styleUrl>#s-NH-13</styleUrl><description><![CDATA[<table style="border-collapse:collapse;width:100%;font-family:'Helvetica Neue',Helvetica,Arial,sans-serif;font-size:11px;border:1px solid #e5e7eb;border-radius:8px;overflow:hidden;"><tr><th colspan="2" style="padding:5px 8px;background:#1f6feb;color:#fff;text-align:left;font-size:12px;font-weight:600;">DIONISIA</th></tr><tr><th style="padding:3px 5px;text-align:left;background:#f3f4f6;border-bottom:1px solid #d1d5db;width:30%;font-size:11px;font-weight:600;color:#1f2937;">Serviço</th><td style="padding:3px 5px;border-bottom:1px solid #e5e7eb;font-size:11px;color:#111827;">Núcleos Habitacionais (NH)</td></tr><tr><th style="padding:3px 5px;text-align:left;background:#f3f4f6;border-bottom:1px solid #d1d5db;width:30%;font-size:11px;font-weight:600;color:#1f2937;">Setor</th><td style="padding:3px 5px;border-bottom:1px solid #e5e7eb;font-size:11px;color:#111827;">CV21000NH0014</td></tr><tr><th style="padding:3px 5px;text-align:left;background:#f3f4f6;border-bottom:1px solid #d1d5db;width:30%;font-size:11px;font-weight:600;color:#1f2937;">Tipo de Serviço</th><td style="padding:3px 5px;border-bottom:1px solid #e5e7eb;font-size:11px;color:#111827;">Limpeza em áreas de difícil acesso</td></tr><tr><th style="padding:3px 5px;text-align:left;background:#f3f4f6;border-bottom:1px solid #d1d5db;width:30%;font-size:11px;font-weight:600;color:#1f2937;">Nome</th><td style="padding:3px 5px;border-bottom:1px solid #e5e7eb;font-size:11px;color:#111827;">DIONISIA</td></tr><tr><th style="padding:3px 5px;text-align:left;background:#f3f4f6;border-bottom:1px solid #d1d5db;width:30%;font-size:11px;font-weight:600;color:#1f2937;">Logradouro</th><td style="padding:3px 5px;border-bottom:1px solid #e5e7eb;font-size:11px;color:#111827;">R Augusto Gil</td></tr><tr><th style="padding:3px 5px;text-align:left;background:#f3f4f6;border-bottom:1px solid #d1d5db;width:30%;font-size:11px;font-weight:600;color:#1f2937;">Subprefeitura</th><td style="padding:3px 5px;border-bottom:1px solid #e5e7eb;font-size:11px;color:#111827;">Casa Verde / Cachoeirinha</td></tr><tr><th style="padding:3px 5px;text-align:left;background:#f3f4f6;border-bottom:1px solid #d1d5db;width:30%;font-size:11px;font-weight:600;color:#1f2937;">Turno</th><td style="padding:3px 5px;border-bottom:1px solid #e5e7eb;font-size:11px;color:#111827;">Vespertino</td></tr><tr><th style="padding:3px 5px;text-align:left;background:#f3f4f6;border-bottom:1px solid #d1d5db;width:30%;font-size:11px;font-weight:600;color:#1f2937;">Frequência</th><td style="padding:3px 5px;border-bottom:1px solid #e5e7eb;font-size:11px;color:#111827;">Bimestral</td></tr><tr><th style="padding:3px 5px;text-align:left;background:#f3f4f6;border-bottom:1px solid #d1d5db;width:30%;font-size:11px;font-weight:600;color:#1f2937;">Cronograma</th><td style="padding:3px 5px;border-bottom:1px solid #e5e7eb;font-size:11px;color:#111827;">07/05/2026<br>09/07/2026<br>11/09/2026<br>06/11/2026<br>07/01/2027<br>04/03/2027</td></tr></table>]]></description><Polygon><outerBoundaryIs><LinearRing><coordinates>-46.6612900,-23.4639600,0 -46.6611300,-23.4640100,0 -46.6610000,-23.4641000,0 -46.6609100,-23.4642300,0 -46.6608800,-23.4643100,0 -46.6608800,-23.4644700,0 -46.6610500,-23.4651100,0 -46.6611000,-23.4651800,0 -46.6612100,-23.4653000,0 -46.6612800,-23.4653400,0 -46.6614500,-23.4653800,0 -46.6616200,-23.4653700,0 -46.6619700,-23.4652300,0 -46.6621100,-23.4651400,0 -46.6622000,-23.4650200,0 -46.6622300,-23.4649400,0 -46.6622500,-23.4648600,0 -46.6622400,-23.4647500,0 -46.6621900,-23.4646000,0 -46.6620000,-23.4643500,0 -46.6618900,-23.4641700,0 -46.6617800,-23.4640500,0 -46.6617100,-23.4640000,0 -46.6615500,-23.4639500,0 -46.6613900,-23.4639400,0 -46.6612900,-23.4639600,0</coordinates></LinearRing></outerBoundaryIs></Polygon></Placemark>
<Style id="s-NH-14">
<LineStyle><color>ff2fffad</color><width>2.0</width></LineStyle>
<PolyStyle><color>ff2fffad</color></PolyStyle>
<IconStyle><color>ff2fffad</color><scale>0.55</scale>
<Icon><href>http://maps.google.com/mapfiles/kml/shapes/placemark_circle.png</href></Icon>
</IconStyle>
<LabelStyle><scale>0.65</scale></LabelStyle>
</Style><Placemark><name>OVIDIO JOSÉ ANTONIO SANTANA</name><styleUrl>#s-NH-14</styleUrl><description><![CDATA[<table style="border-collapse:collapse;width:100%;font-family:'Helvetica Neue',Helvetica,Arial,sans-serif;font-size:11px;border:1px solid #e5e7eb;border-radius:8px;overflow:hidden;"><tr><th colspan="2" style="padding:5px 8px;background:#1f6feb;color:#fff;text-align:left;font-size:12px;font-weight:600;">OVIDIO JOSÉ ANTONIO SANTANA</th></tr><tr><th style="padding:3px 5px;text-align:left;background:#f3f4f6;border-bottom:1px solid #d1d5db;width:30%;font-size:11px;font-weight:600;color:#1f2937;">Serviço</th><td style="padding:3px 5px;border-bottom:1px solid #e5e7eb;font-size:11px;color:#111827;">Núcleos Habitacionais (NH)</td></tr><tr><th style="padding:3px 5px;text-align:left;background:#f3f4f6;border-bottom:1px solid #d1d5db;width:30%;font-size:11px;font-weight:600;color:#1f2937;">Setor</th><td style="padding:3px 5px;border-bottom:1px solid #e5e7eb;font-size:11px;color:#111827;">CV21000NH0015</td></tr><tr><th style="padding:3px 5px;text-align:left;background:#f3f4f6;border-bottom:1px solid #d1d5db;width:30%;font-size:11px;font-weight:600;color:#1f2937;">Tipo de Serviço</th><td style="padding:3px 5px;border-bottom:1px solid #e5e7eb;font-size:11px;color:#111827;">Limpeza em áreas de difícil acesso</td></tr><tr><th style="padding:3px 5px;text-align:left;background:#f3f4f6;border-bottom:1px solid #d1d5db;width:30%;font-size:11px;font-weight:600;color:#1f2937;">Nome</th><td style="padding:3px 5px;border-bottom:1px solid #e5e7eb;font-size:11px;color:#111827;">OVIDIO JOSÉ ANTONIO SANTANA</td></tr><tr><th style="padding:3px 5px;text-align:left;background:#f3f4f6;border-bottom:1px solid #d1d5db;width:30%;font-size:11px;font-weight:600;color:#1f2937;">Logradouro</th><td style="padding:3px 5px;border-bottom:1px solid #e5e7eb;font-size:11px;color:#111827;">R Ovidio Jose Antonio Santana</td></tr><tr><th style="padding:3px 5px;text-align:left;background:#f3f4f6;border-bottom:1px solid #d1d5db;width:30%;font-size:11px;font-weight:600;color:#1f2937;">Subprefeitura</th><td style="padding:3px 5px;border-bottom:1px solid #e5e7eb;font-size:11px;color:#111827;">Casa Verde / Cachoeirinha</td></tr><tr><th style="padding:3px 5px;text-align:left;background:#f3f4f6;border-bottom:1px solid #d1d5db;width:30%;font-size:11px;font-weight:600;color:#1f2937;">Turno</th><td style="padding:3px 5px;border-bottom:1px solid #e5e7eb;font-size:11px;color:#111827;">Vespertino</td></tr><tr><th style="padding:3px 5px;text-align:left;background:#f3f4f6;border-bottom:1px solid #d1d5db;width:30%;font-size:11px;font-weight:600;color:#1f2937;">Frequência</th><td style="padding:3px 5px;border-bottom:1px solid #e5e7eb;font-size:11px;color:#111827;">Bimestral</td></tr><tr><th style="padding:3px 5px;text-align:left;background:#f3f4f6;border-bottom:1px solid #d1d5db;width:30%;font-size:11px;font-weight:600;color:#1f2937;">Cronograma</th><td style="padding:3px 5px;border-bottom:1px solid #e5e7eb;font-size:11px;color:#111827;">07/05/2026<br>09/07/2026<br>11/09/2026<br>06/11/2026<br>07/01/2027<br>04/03/2027</td></tr></table>]]></description><Polygon><outerBoundaryIs><LinearRing><coordinates>-46.6708200,-23.4680700,0 -46.6707100,-23.4678600,0 -46.6705800,-23.4677600,0 -46.6704200,-23.4677000,0 -46.6702500,-23.4677000,0 -46.6700500,-23.4677700,0 -46.6699200,-23.4678700,0 -46.6698500,-23.4679700,0 -46.6698200,-23.4680500,0 -46.6698200,-23.4683600,0 -46.6698500,-23.4685100,0 -46.6699800,-23.4686800,0 -46.6701400,-23.4687800,0 -46.6703000,-23.4688200,0 -46.6703900,-23.4688200,0 -46.6706200,-23.4687500,0 -46.6707500,-23.4686500,0 -46.6708000,-23.4685800,0 -46.6708600,-23.4684300,0 -46.6708600,-23.4682900,0 -46.6708200,-23.4680700,0</coordinates></LinearRing></outerBoundaryIs></Polygon></Placemark>
<Style id="s-NH-15">
<LineStyle><color>ff2fffad</color><width>2.0</width></LineStyle>
<PolyStyle><color>ff2fffad</color></PolyStyle>
<IconStyle><color>ff2fffad</color><scale>0.55</scale>
<Icon><href>http://maps.google.com/mapfiles/kml/shapes/placemark_circle.png</href></Icon>
</IconStyle>
<LabelStyle><scale>0.65</scale></LabelStyle>
</Style><Placemark><name>CABUÇU II</name><styleUrl>#s-NH-15</styleUrl><description><![CDATA[<table style="border-collapse:collapse;width:100%;font-family:'Helvetica Neue',Helvetica,Arial,sans-serif;font-size:11px;border:1px solid #e5e7eb;border-radius:8px;overflow:hidden;"><tr><th colspan="2" style="padding:5px 8px;background:#1f6feb;color:#fff;text-align:left;font-size:12px;font-weight:600;">CABUÇU II</th></tr><tr><th style="padding:3px 5px;text-align:left;background:#f3f4f6;border-bottom:1px solid #d1d5db;width:30%;font-size:11px;font-weight:600;color:#1f2937;">Serviço</th><td style="padding:3px 5px;border-bottom:1px solid #e5e7eb;font-size:11px;color:#111827;">Núcleos Habitacionais (NH)</td></tr><tr><th style="padding:3px 5px;text-align:left;background:#f3f4f6;border-bottom:1px solid #d1d5db;width:30%;font-size:11px;font-weight:600;color:#1f2937;">Setor</th><td style="padding:3px 5px;border-bottom:1px solid #e5e7eb;font-size:11px;color:#111827;">CV21000NH0016</td></tr><tr><th style="padding:3px 5px;text-align:left;background:#f3f4f6;border-bottom:1px solid #d1d5db;width:30%;font-size:11px;font-weight:600;color:#1f2937;">Tipo de Serviço</th><td style="padding:3px 5px;border-bottom:1px solid #e5e7eb;font-size:11px;color:#111827;">Limpeza em áreas de difícil acesso</td></tr><tr><th style="padding:3px 5px;text-align:left;background:#f3f4f6;border-bottom:1px solid #d1d5db;width:30%;font-size:11px;font-weight:600;color:#1f2937;">Nome</th><td style="padding:3px 5px;border-bottom:1px solid #e5e7eb;font-size:11px;color:#111827;">CABUÇU II</td></tr><tr><th style="padding:3px 5px;text-align:left;background:#f3f4f6;border-bottom:1px solid #d1d5db;width:30%;font-size:11px;font-weight:600;color:#1f2937;">Logradouro</th><td style="padding:3px 5px;border-bottom:1px solid #e5e7eb;font-size:11px;color:#111827;">Av Inajar de Souza</td></tr><tr><th style="padding:3px 5px;text-align:left;background:#f3f4f6;border-bottom:1px solid #d1d5db;width:30%;font-size:11px;font-weight:600;color:#1f2937;">Subprefeitura</th><td style="padding:3px 5px;border-bottom:1px solid #e5e7eb;font-size:11px;color:#111827;">Casa Verde / Cachoeirinha</td></tr><tr><th style="padding:3px 5px;text-align:left;background:#f3f4f6;border-bottom:1px solid #d1d5db;width:30%;font-size:11px;font-weight:600;color:#1f2937;">Turno</th><td style="padding:3px 5px;border-bottom:1px solid #e5e7eb;font-size:11px;color:#111827;">Vespertino</td></tr><tr><th style="padding:3px 5px;text-align:left;background:#f3f4f6;border-bottom:1px solid #d1d5db;width:30%;font-size:11px;font-weight:600;color:#1f2937;">Frequência</th><td style="padding:3px 5px;border-bottom:1px solid #e5e7eb;font-size:11px;color:#111827;">Bimestral</td></tr><tr><th style="padding:3px 5px;text-align:left;background:#f3f4f6;border-bottom:1px solid #d1d5db;width:30%;font-size:11px;font-weight:600;color:#1f2937;">Cronograma</th><td style="padding:3px 5px;border-bottom:1px solid #e5e7eb;font-size:11px;color:#111827;">07/05/2026<br>09/07/2026<br>11/09/2026<br>06/11/2026<br>07/01/2027<br>04/03/2027</td></tr></table>]]></description><Polygon><outerBoundaryIs><LinearRing><coordinates>-46.6700800,-23.4646000,0 -46.6699400,-23.4646900,0 -46.6698900,-23.4647500,0 -46.6698200,-23.4648900,0 -46.6698000,-23.4650500,0 -46.6698500,-23.4652600,0 -46.6699200,-23.4654000,0 -46.6700400,-23.4655200,0 -46.6702000,-23.4655900,0 -46.6702500,-23.4657400,0 -46.6703600,-23.4658600,0 -46.6704200,-23.4659100,0 -46.6705800,-23.4659700,0 -46.6707100,-23.4659800,0 -46.6709300,-23.4659600,0 -46.6710100,-23.4659400,0 -46.6711500,-23.4658500,0 -46.6712100,-23.4658000,0 -46.6715700,-23.4653600,0 -46.6717400,-23.4651300,0 -46.6718100,-23.4649800,0 -46.6718100,-23.4648000,0 -46.6717900,-23.4647300,0 -46.6717100,-23.4645900,0 -46.6715700,-23.4644900,0 -46.6714200,-23.4644400,0 -46.6711900,-23.4644300,0 -46.6709800,-23.4644700,0 -46.6709000,-23.4645000,0 -46.6707500,-23.4646200,0 -46.6706800,-23.4645700,0 -46.6705200,-23.4645100,0 -46.6704400,-23.4645000,0 -46.6702700,-23.4645200,0 -46.6700800,-23.4646000,0</coordinates></LinearRing></outerBoundaryIs></Polygon></Placemark>
<Style id="s-NH-16">
<LineStyle><color>ff2fffad</color><width>2.0</width></LineStyle>
<PolyStyle><color>ff2fffad</color></PolyStyle>
<IconStyle><color>ff2fffad</color><scale>0.55</scale>
<Icon><href>http://maps.google.com/mapfiles/kml/shapes/placemark_circle.png</href></Icon>
</IconStyle>
<LabelStyle><scale>0.65</scale></LabelStyle>
</Style><Placemark><name>AUGUSTO GIL</name><styleUrl>#s-NH-16</styleUrl><description><![CDATA[<table style="border-collapse:collapse;width:100%;font-family:'Helvetica Neue',Helvetica,Arial,sans-serif;font-size:11px;border:1px solid #e5e7eb;border-radius:8px;overflow:hidden;"><tr><th colspan="2" style="padding:5px 8px;background:#1f6feb;color:#fff;text-align:left;font-size:12px;font-weight:600;">AUGUSTO GIL</th></tr><tr><th style="padding:3px 5px;text-align:left;background:#f3f4f6;border-bottom:1px solid #d1d5db;width:30%;font-size:11px;font-weight:600;color:#1f2937;">Serviço</th><td style="padding:3px 5px;border-bottom:1px solid #e5e7eb;font-size:11px;color:#111827;">Núcleos Habitacionais (NH)</td></tr><tr><th style="padding:3px 5px;text-align:left;background:#f3f4f6;border-bottom:1px solid #d1d5db;width:30%;font-size:11px;font-weight:600;color:#1f2937;">Setor</th><td style="padding:3px 5px;border-bottom:1px solid #e5e7eb;font-size:11px;color:#111827;">CV21000NH0017</td></tr><tr><th style="padding:3px 5px;text-align:left;background:#f3f4f6;border-bottom:1px solid #d1d5db;width:30%;font-size:11px;font-weight:600;color:#1f2937;">Tipo de Serviço</th><td style="padding:3px 5px;border-bottom:1px solid #e5e7eb;font-size:11px;color:#111827;">Limpeza em áreas de difícil acesso</td></tr><tr><th style="padding:3px 5px;text-align:left;background:#f3f4f6;border-bottom:1px solid #d1d5db;width:30%;font-size:11px;font-weight:600;color:#1f2937;">Nome</th><td style="padding:3px 5px;border-bottom:1px solid #e5e7eb;font-size:11px;color:#111827;">AUGUSTO GIL</td></tr><tr><th style="padding:3px 5px;text-align:left;background:#f3f4f6;border-bottom:1px solid #d1d5db;width:30%;font-size:11px;font-weight:600;color:#1f2937;">Logradouro</th><td style="padding:3px 5px;border-bottom:1px solid #e5e7eb;font-size:11px;color:#111827;">R Francisco Ferreira</td></tr><tr><th style="padding:3px 5px;text-align:left;background:#f3f4f6;border-bottom:1px solid #d1d5db;width:30%;font-size:11px;font-weight:600;color:#1f2937;">Subprefeitura</th><td style="padding:3px 5px;border-bottom:1px solid #e5e7eb;font-size:11px;color:#111827;">Casa Verde / Cachoeirinha</td></tr><tr><th style="padding:3px 5px;text-align:left;background:#f3f4f6;border-bottom:1px solid #d1d5db;width:30%;font-size:11px;font-weight:600;color:#1f2937;">Turno</th><td style="padding:3px 5px;border-bottom:1px solid #e5e7eb;font-size:11px;color:#111827;">Vespertino</td></tr><tr><th style="padding:3px 5px;text-align:left;background:#f3f4f6;border-bottom:1px solid #d1d5db;width:30%;font-size:11px;font-weight:600;color:#1f2937;">Frequência</th><td style="padding:3px 5px;border-bottom:1px solid #e5e7eb;font-size:11px;color:#111827;">Bimestral</td></tr><tr><th style="padding:3px 5px;text-align:left;background:#f3f4f6;border-bottom:1px solid #d1d5db;width:30%;font-size:11px;font-weight:600;color:#1f2937;">Cronograma</th><td style="padding:3px 5px;border-bottom:1px solid #e5e7eb;font-size:11px;color:#111827;">07/05/2026<br>09/07/2026<br>11/09/2026<br>06/11/2026<br>07/01/2027<br>04/03/2027</td></tr></table>]]></description><Polygon><outerBoundaryIs><LinearRing><coordinates>-46.6632500,-23.4639500,0 -46.6633000,-23.4640100,0 -46.6634300,-23.4641000,0 -46.6636800,-23.4641600,0 -46.6638300,-23.4641300,0 -46.6641200,-23.4640300,0 -46.6642600,-23.4639500,0 -46.6643200,-23.4638900,0 -46.6645000,-23.4636200,0 -46.6645200,-23.4635400,0 -46.6645200,-23.4633800,0 -46.6645000,-23.4633100,0 -46.6644100,-23.4631700,0 -46.6642200,-23.4630200,0 -46.6639800,-23.4628900,0 -46.6637900,-23.4628200,0 -46.6635100,-23.4627700,0 -46.6633700,-23.4627900,0 -46.6632100,-23.4628400,0 -46.6631400,-23.4628900,0 -46.6629400,-23.4631400,0 -46.6628700,-23.4634000,0 -46.6629100,-23.4635500,0 -46.6629500,-23.4636200,0 -46.6630000,-23.4636900,0 -46.6631600,-23.4638300,0 -46.6632500,-23.4639500,0</coordinates></LinearRing></outerBoundaryIs></Polygon></Placemark>
<Style id="s-NH-17">
<LineStyle><color>ff2fffad</color><width>2.0</width></LineStyle>
<PolyStyle><color>ff2fffad</color></PolyStyle>
<IconStyle><color>ff2fffad</color><scale>0.55</scale>
<Icon><href>http://maps.google.com/mapfiles/kml/shapes/placemark_circle.png</href></Icon>
</IconStyle>
<LabelStyle><scale>0.65</scale></LabelStyle>
</Style><Placemark><name>SEBASTIANA</name><styleUrl>#s-NH-17</styleUrl><description><![CDATA[<table style="border-collapse:collapse;width:100%;font-family:'Helvetica Neue',Helvetica,Arial,sans-serif;font-size:11px;border:1px solid #e5e7eb;border-radius:8px;overflow:hidden;"><tr><th colspan="2" style="padding:5px 8px;background:#1f6feb;color:#fff;text-align:left;font-size:12px;font-weight:600;">SEBASTIANA</th></tr><tr><th style="padding:3px 5px;text-align:left;background:#f3f4f6;border-bottom:1px solid #d1d5db;width:30%;font-size:11px;font-weight:600;color:#1f2937;">Serviço</th><td style="padding:3px 5px;border-bottom:1px solid #e5e7eb;font-size:11px;color:#111827;">Núcleos Habitacionais (NH)</td></tr><tr><th style="padding:3px 5px;text-align:left;background:#f3f4f6;border-bottom:1px solid #d1d5db;width:30%;font-size:11px;font-weight:600;color:#1f2937;">Setor</th><td style="padding:3px 5px;border-bottom:1px solid #e5e7eb;font-size:11px;color:#111827;">CV21000NH0018</td></tr><tr><th style="padding:3px 5px;text-align:left;background:#f3f4f6;border-bottom:1px solid #d1d5db;width:30%;font-size:11px;font-weight:600;color:#1f2937;">Tipo de Serviço</th><td style="padding:3px 5px;border-bottom:1px solid #e5e7eb;font-size:11px;color:#111827;">Limpeza em áreas de difícil acesso</td></tr><tr><th style="padding:3px 5px;text-align:left;background:#f3f4f6;border-bottom:1px solid #d1d5db;width:30%;font-size:11px;font-weight:600;color:#1f2937;">Nome</th><td style="padding:3px 5px;border-bottom:1px solid #e5e7eb;font-size:11px;color:#111827;">SEBASTIANA</td></tr><tr><th style="padding:3px 5px;text-align:left;background:#f3f4f6;border-bottom:1px solid #d1d5db;width:30%;font-size:11px;font-weight:600;color:#1f2937;">Logradouro</th><td style="padding:3px 5px;border-bottom:1px solid #e5e7eb;font-size:11px;color:#111827;">R Cachoeira Alegre</td></tr><tr><th style="padding:3px 5px;text-align:left;background:#f3f4f6;border-bottom:1px solid #d1d5db;width:30%;font-size:11px;font-weight:600;color:#1f2937;">Subprefeitura</th><td style="padding:3px 5px;border-bottom:1px solid #e5e7eb;font-size:11px;color:#111827;">Casa Verde / Cachoeirinha</td></tr><tr><th style="padding:3px 5px;text-align:left;background:#f3f4f6;border-bottom:1px solid #d1d5db;width:30%;font-size:11px;font-weight:600;color:#1f2937;">Turno</th><td style="padding:3px 5px;border-bottom:1px solid #e5e7eb;font-size:11px;color:#111827;">Vespertino</td></tr><tr><th style="padding:3px 5px;text-align:left;background:#f3f4f6;border-bottom:1px solid #d1d5db;width:30%;font-size:11px;font-weight:600;color:#1f2937;">Frequência</th><td style="padding:3px 5px;border-bottom:1px solid #e5e7eb;font-size:11px;color:#111827;">Bimestral</td></tr><tr><th style="padding:3px 5px;text-align:left;background:#f3f4f6;border-bottom:1px solid #d1d5db;width:30%;font-size:11px;font-weight:600;color:#1f2937;">Cronograma</th><td style="padding:3px 5px;border-bottom:1px solid #e5e7eb;font-size:11px;color:#111827;">07/05/2026<br>09/07/2026<br>11/09/2026<br>06/11/2026<br>07/01/2027<br>04/03/2027</td></tr></table>]]></description><Polygon><outerBoundaryIs><LinearRing><coordinates>-46.6674800,-23.4621400,0 -46.6673100,-23.4621300,0 -46.6671500,-23.4621700,0 -46.6670800,-23.4622100,0 -46.6670100,-23.4622600,0 -46.6669200,-23.4623900,0 -46.6668700,-23.4625500,0 -46.6668900,-23.4627500,0 -46.6669800,-23.4629200,0 -46.6670800,-23.4630500,0 -46.6673000,-23.4631700,0 -46.6675600,-23.4631700,0 -46.6677100,-23.4631000,0 -46.6678400,-23.4629800,0 -46.6679700,-23.4627400,0 -46.6679800,-23.4625600,0 -46.6679200,-23.4624100,0 -46.6677400,-23.4622400,0 -46.6675700,-23.4621600,0 -46.6674800,-23.4621400,0</coordinates></LinearRing></outerBoundaryIs></Polygon></Placemark>
<Style id="s-NH-18">
<LineStyle><color>ff2fffad</color><width>2.0</width></LineStyle>
<PolyStyle><color>ff2fffad</color></PolyStyle>
<IconStyle><color>ff2fffad</color><scale>0.55</scale>
<Icon><href>http://maps.google.com/mapfiles/kml/shapes/placemark_circle.png</href></Icon>
</IconStyle>
<LabelStyle><scale>0.65</scale></LabelStyle>
</Style><Placemark><name>CABUÇU I</name><styleUrl>#s-NH-18</styleUrl><description><![CDATA[<table style="border-collapse:collapse;width:100%;font-family:'Helvetica Neue',Helvetica,Arial,sans-serif;font-size:11px;border:1px solid #e5e7eb;border-radius:8px;overflow:hidden;"><tr><th colspan="2" style="padding:5px 8px;background:#1f6feb;color:#fff;text-align:left;font-size:12px;font-weight:600;">CABUÇU I</th></tr><tr><th style="padding:3px 5px;text-align:left;background:#f3f4f6;border-bottom:1px solid #d1d5db;width:30%;font-size:11px;font-weight:600;color:#1f2937;">Serviço</th><td style="padding:3px 5px;border-bottom:1px solid #e5e7eb;font-size:11px;color:#111827;">Núcleos Habitacionais (NH)</td></tr><tr><th style="padding:3px 5px;text-align:left;background:#f3f4f6;border-bottom:1px solid #d1d5db;width:30%;font-size:11px;font-weight:600;color:#1f2937;">Setor</th><td style="padding:3px 5px;border-bottom:1px solid #e5e7eb;font-size:11px;color:#111827;">CV21000NH0019</td></tr><tr><th style="padding:3px 5px;text-align:left;background:#f3f4f6;border-bottom:1px solid #d1d5db;width:30%;font-size:11px;font-weight:600;color:#1f2937;">Tipo de Serviço</th><td style="padding:3px 5px;border-bottom:1px solid #e5e7eb;font-size:11px;color:#111827;">Limpeza em áreas de difícil acesso</td></tr><tr><th style="padding:3px 5px;text-align:left;background:#f3f4f6;border-bottom:1px solid #d1d5db;width:30%;font-size:11px;font-weight:600;color:#1f2937;">Nome</th><td style="padding:3px 5px;border-bottom:1px solid #e5e7eb;font-size:11px;color:#111827;">CABUÇU I</td></tr><tr><th style="padding:3px 5px;text-align:left;background:#f3f4f6;border-bottom:1px solid #d1d5db;width:30%;font-size:11px;font-weight:600;color:#1f2937;">Logradouro</th><td style="padding:3px 5px;border-bottom:1px solid #e5e7eb;font-size:11px;color:#111827;">Vla Um</td></tr><tr><th style="padding:3px 5px;text-align:left;background:#f3f4f6;border-bottom:1px solid #d1d5db;width:30%;font-size:11px;font-weight:600;color:#1f2937;">Subprefeitura</th><td style="padding:3px 5px;border-bottom:1px solid #e5e7eb;font-size:11px;color:#111827;">Casa Verde / Cachoeirinha</td></tr><tr><th style="padding:3px 5px;text-align:left;background:#f3f4f6;border-bottom:1px solid #d1d5db;width:30%;font-size:11px;font-weight:600;color:#1f2937;">Turno</th><td style="padding:3px 5px;border-bottom:1px solid #e5e7eb;font-size:11px;color:#111827;">Vespertino</td></tr><tr><th style="padding:3px 5px;text-align:left;background:#f3f4f6;border-bottom:1px solid #d1d5db;width:30%;font-size:11px;font-weight:600;color:#1f2937;">Frequência</th><td style="padding:3px 5px;border-bottom:1px solid #e5e7eb;font-size:11px;color:#111827;">Bimestral</td></tr><tr><th style="padding:3px 5px;text-align:left;background:#f3f4f6;border-bottom:1px solid #d1d5db;width:30%;font-size:11px;font-weight:600;color:#1f2937;">Cronograma</th><td style="padding:3px 5px;border-bottom:1px solid #e5e7eb;font-size:11px;color:#111827;">07/05/2026<br>09/07/2026<br>11/09/2026<br>06/11/2026<br>07/01/2027<br>04/03/2027</td></tr></table>]]></description><Polygon><outerBoundaryIs><LinearRing><coordinates>-46.6718400,-23.4598500,0 -46.6720100,-23.4598800,0 -46.6721800,-23.4598500,0 -46.6722500,-23.4598200,0 -46.6723800,-23.4597200,0 -46.6724600,-23.4596000,0 -46.6725100,-23.4597700,0 -46.6726400,-23.4600000,0 -46.6727600,-23.4601200,0 -46.6728300,-23.4601600,0 -46.6729100,-23.4601900,0 -46.6730800,-23.4602100,0 -46.6734100,-23.4601600,0 -46.6734900,-23.4601300,0 -46.6736200,-23.4600400,0 -46.6737700,-23.4598800,0 -46.6741000,-23.4596400,0 -46.6743300,-23.4594000,0 -46.6745200,-23.4591000,0 -46.6749000,-23.4587600,0 -46.6749700,-23.4586200,0 -46.6750300,-23.4583300,0 -46.6749700,-23.4580700,0 -46.6748500,-23.4579300,0 -46.6747500,-23.4578600,0 -46.6745900,-23.4578000,0 -46.6744200,-23.4578000,0 -46.6743400,-23.4578200,0 -46.6741800,-23.4578800,0 -46.6739100,-23.4580200,0 -46.6737300,-23.4578500,0 -46.6735800,-23.4577700,0 -46.6734100,-23.4577500,0 -46.6732500,-23.4577800,0 -46.6731700,-23.4578200,0 -46.6730000,-23.4579500,0 -46.6728700,-23.4580100,0 -46.6727500,-23.4581200,0 -46.6726800,-23.4582600,0 -46.6726600,-23.4584200,0 -46.6727700,-23.4587300,0 -46.6725500,-23.4588500,0 -46.6724500,-23.4589800,0 -46.6724300,-23.4590500,0 -46.6723100,-23.4589300,0 -46.6722400,-23.4588900,0 -46.6721600,-23.4588600,0 -46.6719800,-23.4588400,0 -46.6715600,-23.4588800,0 -46.6714800,-23.4589100,0 -46.6714100,-23.4589400,0 -46.6713400,-23.4590000,0 -46.6712400,-23.4591200,0 -46.6712100,-23.4592000,0 -46.6712000,-23.4593500,0 -46.6712100,-23.4594300,0 -46.6712800,-23.4595700,0 -46.6714700,-23.4597200,0 -46.6718400,-23.4598500,0</coordinates></LinearRing></outerBoundaryIs></Polygon></Placemark>
<Style id="s-NH-19">
<LineStyle><color>ff2fffad</color><width>2.0</width></LineStyle>
<PolyStyle><color>ff2fffad</color></PolyStyle>
<IconStyle><color>ff2fffad</color><scale>0.55</scale>
<Icon><href>http://maps.google.com/mapfiles/kml/shapes/placemark_circle.png</href></Icon>
</IconStyle>
<LabelStyle><scale>0.65</scale></LabelStyle>
</Style><Placemark><name>CONGONHAS DO NORTE</name><styleUrl>#s-NH-19</styleUrl><description><![CDATA[<table style="border-collapse:collapse;width:100%;font-family:'Helvetica Neue',Helvetica,Arial,sans-serif;font-size:11px;border:1px solid #e5e7eb;border-radius:8px;overflow:hidden;"><tr><th colspan="2" style="padding:5px 8px;background:#1f6feb;color:#fff;text-align:left;font-size:12px;font-weight:600;">CONGONHAS DO NORTE</th></tr><tr><th style="padding:3px 5px;text-align:left;background:#f3f4f6;border-bottom:1px solid #d1d5db;width:30%;font-size:11px;font-weight:600;color:#1f2937;">Serviço</th><td style="padding:3px 5px;border-bottom:1px solid #e5e7eb;font-size:11px;color:#111827;">Núcleos Habitacionais (NH)</td></tr><tr><th style="padding:3px 5px;text-align:left;background:#f3f4f6;border-bottom:1px solid #d1d5db;width:30%;font-size:11px;font-weight:600;color:#1f2937;">Setor</th><td style="padding:3px 5px;border-bottom:1px solid #e5e7eb;font-size:11px;color:#111827;">CV21000NH0020</td></tr><tr><th style="padding:3px 5px;text-align:left;background:#f3f4f6;border-bottom:1px solid #d1d5db;width:30%;font-size:11px;font-weight:600;color:#1f2937;">Tipo de Serviço</th><td style="padding:3px 5px;border-bottom:1px solid #e5e7eb;font-size:11px;color:#111827;">Limpeza em áreas de difícil acesso</td></tr><tr><th style="padding:3px 5px;text-align:left;background:#f3f4f6;border-bottom:1px solid #d1d5db;width:30%;font-size:11px;font-weight:600;color:#1f2937;">Nome</th><td style="padding:3px 5px;border-bottom:1px solid #e5e7eb;font-size:11px;color:#111827;">CONGONHAS DO NORTE</td></tr><tr><th style="padding:3px 5px;text-align:left;background:#f3f4f6;border-bottom:1px solid #d1d5db;width:30%;font-size:11px;font-weight:600;color:#1f2937;">Logradouro</th><td style="padding:3px 5px;border-bottom:1px solid #e5e7eb;font-size:11px;color:#111827;">R Oswaldo Ribeiro Junqueira</td></tr><tr><th style="padding:3px 5px;text-align:left;background:#f3f4f6;border-bottom:1px solid #d1d5db;width:30%;font-size:11px;font-weight:600;color:#1f2937;">Subprefeitura</th><td style="padding:3px 5px;border-bottom:1px solid #e5e7eb;font-size:11px;color:#111827;">Casa Verde / Cachoeirinha</td></tr><tr><th style="padding:3px 5px;text-align:left;background:#f3f4f6;border-bottom:1px solid #d1d5db;width:30%;font-size:11px;font-weight:600;color:#1f2937;">Turno</th><td style="padding:3px 5px;border-bottom:1px solid #e5e7eb;font-size:11px;color:#111827;">Vespertino</td></tr><tr><th style="padding:3px 5px;text-align:left;background:#f3f4f6;border-bottom:1px solid #d1d5db;width:30%;font-size:11px;font-weight:600;color:#1f2937;">Frequência</th><td style="padding:3px 5px;border-bottom:1px solid #e5e7eb;font-size:11px;color:#111827;">Bimestral</td></tr><tr><th style="padding:3px 5px;text-align:left;background:#f3f4f6;border-bottom:1px solid #d1d5db;width:30%;font-size:11px;font-weight:600;color:#1f2937;">Cronograma</th><td style="padding:3px 5px;border-bottom:1px solid #e5e7eb;font-size:11px;color:#111827;">08/05/2026<br>10/07/2026<br>14/09/2026<br>09/11/2026<br>08/01/2027<br>05/03/2027</td></tr></table>]]></description><Polygon><outerBoundaryIs><LinearRing><coordinates>-46.6702300,-23.4606000,0 -46.6705200,-23.4604100,0 -46.6705800,-23.4603500,0 -46.6706500,-23.4602100,0 -46.6706700,-23.4600900,0 -46.6706400,-23.4599300,0 -46.6705200,-23.4597600,0 -46.6705200,-23.4596100,0 -46.6704500,-23.4594200,0 -46.6703500,-23.4592900,0 -46.6701900,-23.4592000,0 -46.6699400,-23.4591100,0 -46.6697700,-23.4590800,0 -46.6695200,-23.4591400,0 -46.6694500,-23.4591800,0 -46.6693400,-23.4593000,0 -46.6693000,-23.4593700,0 -46.6692700,-23.4594900,0 -46.6692800,-23.4597200,0 -46.6695100,-23.4604300,0 -46.6696700,-23.4606000,0 -46.6698300,-23.4606700,0 -46.6700000,-23.4606800,0 -46.6701600,-23.4606400,0 -46.6702300,-23.4606000,0</coordinates></LinearRing></outerBoundaryIs></Polygon></Placemark>
<Style id="s-NH-20">
<LineStyle><color>ff2fffad</color><width>2.0</width></LineStyle>
<PolyStyle><color>ff2fffad</color></PolyStyle>
<IconStyle><color>ff2fffad</color><scale>0.55</scale>
<Icon><href>http://maps.google.com/mapfiles/kml/shapes/placemark_circle.png</href></Icon>
</IconStyle>
<LabelStyle><scale>0.65</scale></LabelStyle>
</Style><Placemark><name>PERI ALTO</name><styleUrl>#s-NH-20</styleUrl><description><![CDATA[<table style="border-collapse:collapse;width:100%;font-family:'Helvetica Neue',Helvetica,Arial,sans-serif;font-size:11px;border:1px solid #e5e7eb;border-radius:8px;overflow:hidden;"><tr><th colspan="2" style="padding:5px 8px;background:#1f6feb;color:#fff;text-align:left;font-size:12px;font-weight:600;">PERI ALTO</th></tr><tr><th style="padding:3px 5px;text-align:left;background:#f3f4f6;border-bottom:1px solid #d1d5db;width:30%;font-size:11px;font-weight:600;color:#1f2937;">Serviço</th><td style="padding:3px 5px;border-bottom:1px solid #e5e7eb;font-size:11px;color:#111827;">Núcleos Habitacionais (NH)</td></tr><tr><th style="padding:3px 5px;text-align:left;background:#f3f4f6;border-bottom:1px solid #d1d5db;width:30%;font-size:11px;font-weight:600;color:#1f2937;">Setor</th><td style="padding:3px 5px;border-bottom:1px solid #e5e7eb;font-size:11px;color:#111827;">CV21000NH0021</td></tr><tr><th style="padding:3px 5px;text-align:left;background:#f3f4f6;border-bottom:1px solid #d1d5db;width:30%;font-size:11px;font-weight:600;color:#1f2937;">Tipo de Serviço</th><td style="padding:3px 5px;border-bottom:1px solid #e5e7eb;font-size:11px;color:#111827;">Limpeza em áreas de difícil acesso</td></tr><tr><th style="padding:3px 5px;text-align:left;background:#f3f4f6;border-bottom:1px solid #d1d5db;width:30%;font-size:11px;font-weight:600;color:#1f2937;">Nome</th><td style="padding:3px 5px;border-bottom:1px solid #e5e7eb;font-size:11px;color:#111827;">PERI ALTO</td></tr><tr><th style="padding:3px 5px;text-align:left;background:#f3f4f6;border-bottom:1px solid #d1d5db;width:30%;font-size:11px;font-weight:600;color:#1f2937;">Logradouro</th><td style="padding:3px 5px;border-bottom:1px solid #e5e7eb;font-size:11px;color:#111827;">R Manuel Nogueira da Gama</td></tr><tr><th style="padding:3px 5px;text-align:left;background:#f3f4f6;border-bottom:1px solid #d1d5db;width:30%;font-size:11px;font-weight:600;color:#1f2937;">Subprefeitura</th><td style="padding:3px 5px;border-bottom:1px solid #e5e7eb;font-size:11px;color:#111827;">Casa Verde / Cachoeirinha</td></tr><tr><th style="padding:3px 5px;text-align:left;background:#f3f4f6;border-bottom:1px solid #d1d5db;width:30%;font-size:11px;font-weight:600;color:#1f2937;">Turno</th><td style="padding:3px 5px;border-bottom:1px solid #e5e7eb;font-size:11px;color:#111827;">Vespertino</td></tr><tr><th style="padding:3px 5px;text-align:left;background:#f3f4f6;border-bottom:1px solid #d1d5db;width:30%;font-size:11px;font-weight:600;color:#1f2937;">Frequência</th><td style="padding:3px 5px;border-bottom:1px solid #e5e7eb;font-size:11px;color:#111827;">Bimestral</td></tr><tr><th style="padding:3px 5px;text-align:left;background:#f3f4f6;border-bottom:1px solid #d1d5db;width:30%;font-size:11px;font-weight:600;color:#1f2937;">Cronograma</th><td style="padding:3px 5px;border-bottom:1px solid #e5e7eb;font-size:11px;color:#111827;">08/05/2026<br>10/07/2026<br>14/09/2026<br>09/11/2026<br>08/01/2027<br>05/03/2027</td></tr></table>]]></description><Polygon><outerBoundaryIs><LinearRing><coordinates>-46.6684300,-23.4574400,0 -46.6683400,-23.4575700,0 -46.6683100,-23.4576500,0 -46.6683100,-23.4578500,0 -46.6681900,-23.4580000,0 -46.6681400,-23.4581500,0 -46.6681500,-23.4583100,0 -46.6681800,-23.4583800,0 -46.6682700,-23.4585100,0 -46.6683500,-23.4585800,0 -46.6692000,-23.4591100,0 -46.6693700,-23.4591500,0 -46.6694500,-23.4591500,0 -46.6696200,-23.4591100,0 -46.6696900,-23.4590700,0 -46.6697600,-23.4590200,0 -46.6702700,-23.4583900,0 -46.6703200,-23.4582500,0 -46.6703200,-23.4581900,0 -46.6702600,-23.4579600,0 -46.6701700,-23.4578600,0 -46.6697500,-23.4575000,0 -46.6696500,-23.4573400,0 -46.6695500,-23.4571600,0 -46.6694500,-23.4569200,0 -46.6694900,-23.4566600,0 -46.6694600,-23.4564900,0 -46.6693700,-23.4563500,0 -46.6692400,-23.4562500,0 -46.6691700,-23.4562200,0 -46.6689100,-23.4561700,0 -46.6686800,-23.4562000,0 -46.6685800,-23.4562300,0 -46.6684400,-23.4563100,0 -46.6683100,-23.4564100,0 -46.6682600,-23.4564800,0 -46.6682200,-23.4565500,0 -46.6681900,-23.4566900,0 -46.6682100,-23.4570300,0 -46.6682700,-23.4571700,0 -46.6684000,-23.4573100,0 -46.6684300,-23.4574400,0</coordinates></LinearRing></outerBoundaryIs></Polygon></Placemark>
<Style id="s-NH-21">
<LineStyle><color>ff2fffad</color><width>2.0</width></LineStyle>
<PolyStyle><color>ff2fffad</color></PolyStyle>
<IconStyle><color>ff2fffad</color><scale>0.55</scale>
<Icon><href>http://maps.google.com/mapfiles/kml/shapes/placemark_circle.png</href></Icon>
</IconStyle>
<LabelStyle><scale>0.65</scale></LabelStyle>
</Style><Placemark><name>JARDIM PERI NOVO</name><styleUrl>#s-NH-21</styleUrl><description><![CDATA[<table style="border-collapse:collapse;width:100%;font-family:'Helvetica Neue',Helvetica,Arial,sans-serif;font-size:11px;border:1px solid #e5e7eb;border-radius:8px;overflow:hidden;"><tr><th colspan="2" style="padding:5px 8px;background:#1f6feb;color:#fff;text-align:left;font-size:12px;font-weight:600;">JARDIM PERI NOVO</th></tr><tr><th style="padding:3px 5px;text-align:left;background:#f3f4f6;border-bottom:1px solid #d1d5db;width:30%;font-size:11px;font-weight:600;color:#1f2937;">Serviço</th><td style="padding:3px 5px;border-bottom:1px solid #e5e7eb;font-size:11px;color:#111827;">Núcleos Habitacionais (NH)</td></tr><tr><th style="padding:3px 5px;text-align:left;background:#f3f4f6;border-bottom:1px solid #d1d5db;width:30%;font-size:11px;font-weight:600;color:#1f2937;">Setor</th><td style="padding:3px 5px;border-bottom:1px solid #e5e7eb;font-size:11px;color:#111827;">CV21000NH0022</td></tr><tr><th style="padding:3px 5px;text-align:left;background:#f3f4f6;border-bottom:1px solid #d1d5db;width:30%;font-size:11px;font-weight:600;color:#1f2937;">Tipo de Serviço</th><td style="padding:3px 5px;border-bottom:1px solid #e5e7eb;font-size:11px;color:#111827;">Limpeza em áreas de difícil acesso</td></tr><tr><th style="padding:3px 5px;text-align:left;background:#f3f4f6;border-bottom:1px solid #d1d5db;width:30%;font-size:11px;font-weight:600;color:#1f2937;">Nome</th><td style="padding:3px 5px;border-bottom:1px solid #e5e7eb;font-size:11px;color:#111827;">JARDIM PERI NOVO</td></tr><tr><th style="padding:3px 5px;text-align:left;background:#f3f4f6;border-bottom:1px solid #d1d5db;width:30%;font-size:11px;font-weight:600;color:#1f2937;">Logradouro</th><td style="padding:3px 5px;border-bottom:1px solid #e5e7eb;font-size:11px;color:#111827;">R Aparecida de Minas</td></tr><tr><th style="padding:3px 5px;text-align:left;background:#f3f4f6;border-bottom:1px solid #d1d5db;width:30%;font-size:11px;font-weight:600;color:#1f2937;">Subprefeitura</th><td style="padding:3px 5px;border-bottom:1px solid #e5e7eb;font-size:11px;color:#111827;">Casa Verde / Cachoeirinha</td></tr><tr><th style="padding:3px 5px;text-align:left;background:#f3f4f6;border-bottom:1px solid #d1d5db;width:30%;font-size:11px;font-weight:600;color:#1f2937;">Turno</th><td style="padding:3px 5px;border-bottom:1px solid #e5e7eb;font-size:11px;color:#111827;">Vespertino</td></tr><tr><th style="padding:3px 5px;text-align:left;background:#f3f4f6;border-bottom:1px solid #d1d5db;width:30%;font-size:11px;font-weight:600;color:#1f2937;">Frequência</th><td style="padding:3px 5px;border-bottom:1px solid #e5e7eb;font-size:11px;color:#111827;">Bimestral</td></tr><tr><th style="padding:3px 5px;text-align:left;background:#f3f4f6;border-bottom:1px solid #d1d5db;width:30%;font-size:11px;font-weight:600;color:#1f2937;">Cronograma</th><td style="padding:3px 5px;border-bottom:1px solid #e5e7eb;font-size:11px;color:#111827;">11/05/2026<br>13/07/2026<br>15/09/2026<br>10/11/2026<br>11/01/2027<br>08/03/2027</td></tr></table>]]></description><Polygon><outerBoundaryIs><LinearRing><coordinates>-46.6661900,-23.4578300,0 -46.6657000,-23.4578900,0 -46.6656200,-23.4579200,0 -46.6654900,-23.4580100,0 -46.6654300,-23.4580800,0 -46.6653900,-23.4581400,0 -46.6653500,-23.4583000,0 -46.6653700,-23.4584500,0 -46.6655700,-23.4590500,0 -46.6657600,-23.4594600,0 -46.6659900,-23.4597600,0 -46.6661100,-23.4598700,0 -46.6662600,-23.4599300,0 -46.6664300,-23.4599500,0 -46.6666000,-23.4599100,0 -46.6666700,-23.4598700,0 -46.6676800,-23.4591900,0 -46.6678000,-23.4590700,0 -46.6679600,-23.4587500,0 -46.6680800,-23.4582900,0 -46.6680800,-23.4580900,0 -46.6680100,-23.4578300,0 -46.6679600,-23.4577400,0 -46.6678300,-23.4575900,0 -46.6676200,-23.4574400,0 -46.6675700,-23.4573700,0 -46.6674400,-23.4572700,0 -46.6672900,-23.4572100,0 -46.6671100,-23.4572000,0 -46.6669300,-23.4572500,0 -46.6667900,-23.4573500,0 -46.6664800,-23.4576900,0 -46.6662300,-23.4578300,0 -46.6661900,-23.4578300,0</coordinates></LinearRing></outerBoundaryIs></Polygon></Placemark>
<Style id="s-NH-22">
<LineStyle><color>ff2fffad</color><width>2.0</width></LineStyle>
<PolyStyle><color>ff2fffad</color></PolyStyle>
<IconStyle><color>ff2fffad</color><scale>0.55</scale>
<Icon><href>http://maps.google.com/mapfiles/kml/shapes/placemark_circle.png</href></Icon>
</IconStyle>
<LabelStyle><scale>0.65</scale></LabelStyle>
</Style><Placemark><name>FRANCISCO ALVES PEREIRA</name><styleUrl>#s-NH-22</styleUrl><description><![CDATA[<table style="border-collapse:collapse;width:100%;font-family:'Helvetica Neue',Helvetica,Arial,sans-serif;font-size:11px;border:1px solid #e5e7eb;border-radius:8px;overflow:hidden;"><tr><th colspan="2" style="padding:5px 8px;background:#1f6feb;color:#fff;text-align:left;font-size:12px;font-weight:600;">FRANCISCO ALVES PEREIRA</th></tr><tr><th style="padding:3px 5px;text-align:left;background:#f3f4f6;border-bottom:1px solid #d1d5db;width:30%;font-size:11px;font-weight:600;color:#1f2937;">Serviço</th><td style="padding:3px 5px;border-bottom:1px solid #e5e7eb;font-size:11px;color:#111827;">Núcleos Habitacionais (NH)</td></tr><tr><th style="padding:3px 5px;text-align:left;background:#f3f4f6;border-bottom:1px solid #d1d5db;width:30%;font-size:11px;font-weight:600;color:#1f2937;">Setor</th><td style="padding:3px 5px;border-bottom:1px solid #e5e7eb;font-size:11px;color:#111827;">CV21000NH0023</td></tr><tr><th style="padding:3px 5px;text-align:left;background:#f3f4f6;border-bottom:1px solid #d1d5db;width:30%;font-size:11px;font-weight:600;color:#1f2937;">Tipo de Serviço</th><td style="padding:3px 5px;border-bottom:1px solid #e5e7eb;font-size:11px;color:#111827;">Limpeza em áreas de difícil acesso</td></tr><tr><th style="padding:3px 5px;text-align:left;background:#f3f4f6;border-bottom:1px solid #d1d5db;width:30%;font-size:11px;font-weight:600;color:#1f2937;">Nome</th><td style="padding:3px 5px;border-bottom:1px solid #e5e7eb;font-size:11px;color:#111827;">FRANCISCO ALVES PEREIRA</td></tr><tr><th style="padding:3px 5px;text-align:left;background:#f3f4f6;border-bottom:1px solid #d1d5db;width:30%;font-size:11px;font-weight:600;color:#1f2937;">Logradouro</th><td style="padding:3px 5px;border-bottom:1px solid #e5e7eb;font-size:11px;color:#111827;">R Aracoo</td></tr><tr><th style="padding:3px 5px;text-align:left;background:#f3f4f6;border-bottom:1px solid #d1d5db;width:30%;font-size:11px;font-weight:600;color:#1f2937;">Subprefeitura</th><td style="padding:3px 5px;border-bottom:1px solid #e5e7eb;font-size:11px;color:#111827;">Casa Verde / Cachoeirinha</td></tr><tr><th style="padding:3px 5px;text-align:left;background:#f3f4f6;border-bottom:1px solid #d1d5db;width:30%;font-size:11px;font-weight:600;color:#1f2937;">Turno</th><td style="padding:3px 5px;border-bottom:1px solid #e5e7eb;font-size:11px;color:#111827;">Vespertino</td></tr><tr><th style="padding:3px 5px;text-align:left;background:#f3f4f6;border-bottom:1px solid #d1d5db;width:30%;font-size:11px;font-weight:600;color:#1f2937;">Frequência</th><td style="padding:3px 5px;border-bottom:1px solid #e5e7eb;font-size:11px;color:#111827;">Bimestral</td></tr><tr><th style="padding:3px 5px;text-align:left;background:#f3f4f6;border-bottom:1px solid #d1d5db;width:30%;font-size:11px;font-weight:600;color:#1f2937;">Cronograma</th><td style="padding:3px 5px;border-bottom:1px solid #e5e7eb;font-size:11px;color:#111827;">11/05/2026<br>13/07/2026<br>15/09/2026<br>10/11/2026<br>11/01/2027<br>08/03/2027</td></tr></table>]]></description><Polygon><outerBoundaryIs><LinearRing><coordinates>-46.6671300,-23.4610100,0 -46.6673300,-23.4607300,0 -46.6673700,-23.4605800,0 -46.6673700,-23.4604700,0 -46.6673100,-23.4603200,0 -46.6672000,-23.4602000,0 -46.6670500,-23.4601300,0 -46.6669200,-23.4601000,0 -46.6667200,-23.4601100,0 -46.6664200,-23.4602400,0 -46.6662400,-23.4604100,0 -46.6661900,-23.4605600,0 -46.6661900,-23.4607200,0 -46.6663100,-23.4609900,0 -46.6664200,-23.4611100,0 -46.6665700,-23.4611900,0 -46.6667400,-23.4612100,0 -46.6668200,-23.4612000,0 -46.6669000,-23.4611800,0 -46.6670500,-23.4611000,0 -46.6671300,-23.4610100,0</coordinates></LinearRing></outerBoundaryIs></Polygon></Placemark>
<Style id="s-NH-23">
<LineStyle><color>ff2fffad</color><width>2.0</width></LineStyle>
<PolyStyle><color>ff2fffad</color></PolyStyle>
<IconStyle><color>ff2fffad</color><scale>0.55</scale>
<Icon><href>http://maps.google.com/mapfiles/kml/shapes/placemark_circle.png</href></Icon>
</IconStyle>
<LabelStyle><scale>0.65</scale></LabelStyle>
</Style><Placemark><name>MINISTRO LINS DE BARROS</name><styleUrl>#s-NH-23</styleUrl><description><![CDATA[<table style="border-collapse:collapse;width:100%;font-family:'Helvetica Neue',Helvetica,Arial,sans-serif;font-size:11px;border:1px solid #e5e7eb;border-radius:8px;overflow:hidden;"><tr><th colspan="2" style="padding:5px 8px;background:#1f6feb;color:#fff;text-align:left;font-size:12px;font-weight:600;">MINISTRO LINS DE BARROS</th></tr><tr><th style="padding:3px 5px;text-align:left;background:#f3f4f6;border-bottom:1px solid #d1d5db;width:30%;font-size:11px;font-weight:600;color:#1f2937;">Serviço</th><td style="padding:3px 5px;border-bottom:1px solid #e5e7eb;font-size:11px;color:#111827;">Núcleos Habitacionais (NH)</td></tr><tr><th style="padding:3px 5px;text-align:left;background:#f3f4f6;border-bottom:1px solid #d1d5db;width:30%;font-size:11px;font-weight:600;color:#1f2937;">Setor</th><td style="padding:3px 5px;border-bottom:1px solid #e5e7eb;font-size:11px;color:#111827;">CV21000NH0024</td></tr><tr><th style="padding:3px 5px;text-align:left;background:#f3f4f6;border-bottom:1px solid #d1d5db;width:30%;font-size:11px;font-weight:600;color:#1f2937;">Tipo de Serviço</th><td style="padding:3px 5px;border-bottom:1px solid #e5e7eb;font-size:11px;color:#111827;">Limpeza em áreas de difícil acesso</td></tr><tr><th style="padding:3px 5px;text-align:left;background:#f3f4f6;border-bottom:1px solid #d1d5db;width:30%;font-size:11px;font-weight:600;color:#1f2937;">Nome</th><td style="padding:3px 5px;border-bottom:1px solid #e5e7eb;font-size:11px;color:#111827;">MINISTRO LINS DE BARROS</td></tr><tr><th style="padding:3px 5px;text-align:left;background:#f3f4f6;border-bottom:1px solid #d1d5db;width:30%;font-size:11px;font-weight:600;color:#1f2937;">Logradouro</th><td style="padding:3px 5px;border-bottom:1px solid #e5e7eb;font-size:11px;color:#111827;">R Min Lins de Barros</td></tr><tr><th style="padding:3px 5px;text-align:left;background:#f3f4f6;border-bottom:1px solid #d1d5db;width:30%;font-size:11px;font-weight:600;color:#1f2937;">Subprefeitura</th><td style="padding:3px 5px;border-bottom:1px solid #e5e7eb;font-size:11px;color:#111827;">Casa Verde / Cachoeirinha</td></tr><tr><th style="padding:3px 5px;text-align:left;background:#f3f4f6;border-bottom:1px solid #d1d5db;width:30%;font-size:11px;font-weight:600;color:#1f2937;">Turno</th><td style="padding:3px 5px;border-bottom:1px solid #e5e7eb;font-size:11px;color:#111827;">Vespertino</td></tr><tr><th style="padding:3px 5px;text-align:left;background:#f3f4f6;border-bottom:1px solid #d1d5db;width:30%;font-size:11px;font-weight:600;color:#1f2937;">Frequência</th><td style="padding:3px 5px;border-bottom:1px solid #e5e7eb;font-size:11px;color:#111827;">Bimestral</td></tr><tr><th style="padding:3px 5px;text-align:left;background:#f3f4f6;border-bottom:1px solid #d1d5db;width:30%;font-size:11px;font-weight:600;color:#1f2937;">Cronograma</th><td style="padding:3px 5px;border-bottom:1px solid #e5e7eb;font-size:11px;color:#111827;">11/05/2026<br>13/07/2026<br>15/09/2026<br>10/11/2026<br>11/01/2027<br>08/03/2027</td></tr></table>]]></description><Polygon><outerBoundaryIs><LinearRing><coordinates>-46.6675600,-23.4582100,0 -46.6677400,-23.4581400,0 -46.6678000,-23.4580900,0 -46.6679000,-23.4579700,0 -46.6679400,-23.4578600,0 -46.6679600,-23.4577800,0 -46.6679500,-23.4575100,0 -46.6680000,-23.4571500,0 -46.6679700,-23.4569400,0 -46.6679400,-23.4568700,0 -46.6678300,-23.4567500,0 -46.6676800,-23.4566700,0 -46.6672400,-23.4565600,0 -46.6670700,-23.4565700,0 -46.6669100,-23.4566400,0 -46.6667900,-23.4567400,0 -46.6667100,-23.4568800,0 -46.6667000,-23.4570400,0 -46.6667300,-23.4572100,0 -46.6667200,-23.4575300,0 -46.6667500,-23.4576900,0 -46.6668500,-23.4578800,0 -46.6670100,-23.4580500,0 -46.6671600,-23.4581600,0 -46.6673500,-23.4582200,0 -46.6674400,-23.4582300,0 -46.6675600,-23.4582100,0</coordinates></LinearRing></outerBoundaryIs></Polygon></Placemark>
<Style id="s-NH-24">
<LineStyle><color>ff2fffad</color><width>2.0</width></LineStyle>
<PolyStyle><color>ff2fffad</color></PolyStyle>
<IconStyle><color>ff2fffad</color><scale>0.55</scale>
<Icon><href>http://maps.google.com/mapfiles/kml/shapes/placemark_circle.png</href></Icon>
</IconStyle>
<LabelStyle><scale>0.65</scale></LabelStyle>
</Style><Placemark><name>PERI NOVO I</name><styleUrl>#s-NH-24</styleUrl><description><![CDATA[<table style="border-collapse:collapse;width:100%;font-family:'Helvetica Neue',Helvetica,Arial,sans-serif;font-size:11px;border:1px solid #e5e7eb;border-radius:8px;overflow:hidden;"><tr><th colspan="2" style="padding:5px 8px;background:#1f6feb;color:#fff;text-align:left;font-size:12px;font-weight:600;">PERI NOVO I</th></tr><tr><th style="padding:3px 5px;text-align:left;background:#f3f4f6;border-bottom:1px solid #d1d5db;width:30%;font-size:11px;font-weight:600;color:#1f2937;">Serviço</th><td style="padding:3px 5px;border-bottom:1px solid #e5e7eb;font-size:11px;color:#111827;">Núcleos Habitacionais (NH)</td></tr><tr><th style="padding:3px 5px;text-align:left;background:#f3f4f6;border-bottom:1px solid #d1d5db;width:30%;font-size:11px;font-weight:600;color:#1f2937;">Setor</th><td style="padding:3px 5px;border-bottom:1px solid #e5e7eb;font-size:11px;color:#111827;">CV21000NH0025</td></tr><tr><th style="padding:3px 5px;text-align:left;background:#f3f4f6;border-bottom:1px solid #d1d5db;width:30%;font-size:11px;font-weight:600;color:#1f2937;">Tipo de Serviço</th><td style="padding:3px 5px;border-bottom:1px solid #e5e7eb;font-size:11px;color:#111827;">Limpeza em áreas de difícil acesso</td></tr><tr><th style="padding:3px 5px;text-align:left;background:#f3f4f6;border-bottom:1px solid #d1d5db;width:30%;font-size:11px;font-weight:600;color:#1f2937;">Nome</th><td style="padding:3px 5px;border-bottom:1px solid #e5e7eb;font-size:11px;color:#111827;">PERI NOVO I</td></tr><tr><th style="padding:3px 5px;text-align:left;background:#f3f4f6;border-bottom:1px solid #d1d5db;width:30%;font-size:11px;font-weight:600;color:#1f2937;">Logradouro</th><td style="padding:3px 5px;border-bottom:1px solid #e5e7eb;font-size:11px;color:#111827;">Av Masao Watanabe</td></tr><tr><th style="padding:3px 5px;text-align:left;background:#f3f4f6;border-bottom:1px solid #d1d5db;width:30%;font-size:11px;font-weight:600;color:#1f2937;">Subprefeitura</th><td style="padding:3px 5px;border-bottom:1px solid #e5e7eb;font-size:11px;color:#111827;">Casa Verde / Cachoeirinha</td></tr><tr><th style="padding:3px 5px;text-align:left;background:#f3f4f6;border-bottom:1px solid #d1d5db;width:30%;font-size:11px;font-weight:600;color:#1f2937;">Turno</th><td style="padding:3px 5px;border-bottom:1px solid #e5e7eb;font-size:11px;color:#111827;">Vespertino</td></tr><tr><th style="padding:3px 5px;text-align:left;background:#f3f4f6;border-bottom:1px solid #d1d5db;width:30%;font-size:11px;font-weight:600;color:#1f2937;">Frequência</th><td style="padding:3px 5px;border-bottom:1px solid #e5e7eb;font-size:11px;color:#111827;">Bimestral</td></tr><tr><th style="padding:3px 5px;text-align:left;background:#f3f4f6;border-bottom:1px solid #d1d5db;width:30%;font-size:11px;font-weight:600;color:#1f2937;">Cronograma</th><td style="padding:3px 5px;border-bottom:1px solid #e5e7eb;font-size:11px;color:#111827;">12/05/2026<br>14/07/2026<br>16/09/2026<br>11/11/2026<br>12/01/2027<br>09/03/2027</td></tr></table>]]></description><Polygon><outerBoundaryIs><LinearRing><coordinates>-46.6649700,-23.4602400,0 -46.6648600,-23.4600900,0 -46.6643900,-23.4596800,0 -46.6641200,-23.4594000,0 -46.6637500,-23.4591400,0 -46.6635900,-23.4590900,0 -46.6634000,-23.4590800,0 -46.6631600,-23.4591500,0 -46.6630200,-23.4592500,0 -46.6629700,-23.4593100,0 -46.6629300,-23.4593800,0 -46.6629000,-23.4595300,0 -46.6629600,-23.4601100,0 -46.6630700,-23.4604300,0 -46.6632900,-23.4608300,0 -46.6633600,-23.4611700,0 -46.6633500,-23.4613600,0 -46.6633700,-23.4614800,0 -46.6633100,-23.4617700,0 -46.6630800,-23.4623400,0 -46.6629500,-23.4625200,0 -46.6629200,-23.4626000,0 -46.6629200,-23.4628300,0 -46.6630000,-23.4629700,0 -46.6631200,-23.4630800,0 -46.6633200,-23.4631800,0 -46.6637300,-23.4633100,0 -46.6639900,-23.4634500,0 -46.6641600,-23.4634600,0 -46.6643300,-23.4634200,0 -46.6645900,-23.4632700,0 -46.6647000,-23.4631500,0 -46.6647600,-23.4629800,0 -46.6652500,-23.4630800,0 -46.6655700,-23.4630700,0 -46.6656600,-23.4630500,0 -46.6657500,-23.4630000,0 -46.6659500,-23.4628700,0 -46.6660000,-23.4628100,0 -46.6661400,-23.4625300,0 -46.6661500,-23.4624500,0 -46.6661300,-23.4622600,0 -46.6660400,-23.4621300,0 -46.6658700,-23.4619900,0 -46.6651500,-23.4615700,0 -46.6647300,-23.4614000,0 -46.6648500,-23.4612200,0 -46.6650400,-23.4607300,0 -46.6650500,-23.4605000,0 -46.6650200,-23.4603500,0 -46.6649700,-23.4602400,0</coordinates></LinearRing></outerBoundaryIs></Polygon></Placemark>
<Style id="s-NH-25">
<LineStyle><color>ff2fffad</color><width>2.0</width></LineStyle>
<PolyStyle><color>ff2fffad</color></PolyStyle>
<IconStyle><color>ff2fffad</color><scale>0.55</scale>
<Icon><href>http://maps.google.com/mapfiles/kml/shapes/placemark_circle.png</href></Icon>
</IconStyle>
<LabelStyle><scale>0.65</scale></LabelStyle>
</Style><Placemark><name>PERI ALTO II</name><styleUrl>#s-NH-25</styleUrl><description><![CDATA[<table style="border-collapse:collapse;width:100%;font-family:'Helvetica Neue',Helvetica,Arial,sans-serif;font-size:11px;border:1px solid #e5e7eb;border-radius:8px;overflow:hidden;"><tr><th colspan="2" style="padding:5px 8px;background:#1f6feb;color:#fff;text-align:left;font-size:12px;font-weight:600;">PERI ALTO II</th></tr><tr><th style="padding:3px 5px;text-align:left;background:#f3f4f6;border-bottom:1px solid #d1d5db;width:30%;font-size:11px;font-weight:600;color:#1f2937;">Serviço</th><td style="padding:3px 5px;border-bottom:1px solid #e5e7eb;font-size:11px;color:#111827;">Núcleos Habitacionais (NH)</td></tr><tr><th style="padding:3px 5px;text-align:left;background:#f3f4f6;border-bottom:1px solid #d1d5db;width:30%;font-size:11px;font-weight:600;color:#1f2937;">Setor</th><td style="padding:3px 5px;border-bottom:1px solid #e5e7eb;font-size:11px;color:#111827;">CV21000NH0026</td></tr><tr><th style="padding:3px 5px;text-align:left;background:#f3f4f6;border-bottom:1px solid #d1d5db;width:30%;font-size:11px;font-weight:600;color:#1f2937;">Tipo de Serviço</th><td style="padding:3px 5px;border-bottom:1px solid #e5e7eb;font-size:11px;color:#111827;">Limpeza em áreas de difícil acesso</td></tr><tr><th style="padding:3px 5px;text-align:left;background:#f3f4f6;border-bottom:1px solid #d1d5db;width:30%;font-size:11px;font-weight:600;color:#1f2937;">Nome</th><td style="padding:3px 5px;border-bottom:1px solid #e5e7eb;font-size:11px;color:#111827;">PERI ALTO II</td></tr><tr><th style="padding:3px 5px;text-align:left;background:#f3f4f6;border-bottom:1px solid #d1d5db;width:30%;font-size:11px;font-weight:600;color:#1f2937;">Logradouro</th><td style="padding:3px 5px;border-bottom:1px solid #e5e7eb;font-size:11px;color:#111827;">R Santana de Cataguases</td></tr><tr><th style="padding:3px 5px;text-align:left;background:#f3f4f6;border-bottom:1px solid #d1d5db;width:30%;font-size:11px;font-weight:600;color:#1f2937;">Subprefeitura</th><td style="padding:3px 5px;border-bottom:1px solid #e5e7eb;font-size:11px;color:#111827;">Casa Verde / Cachoeirinha</td></tr><tr><th style="padding:3px 5px;text-align:left;background:#f3f4f6;border-bottom:1px solid #d1d5db;width:30%;font-size:11px;font-weight:600;color:#1f2937;">Turno</th><td style="padding:3px 5px;border-bottom:1px solid #e5e7eb;font-size:11px;color:#111827;">Vespertino</td></tr><tr><th style="padding:3px 5px;text-align:left;background:#f3f4f6;border-bottom:1px solid #d1d5db;width:30%;font-size:11px;font-weight:600;color:#1f2937;">Frequência</th><td style="padding:3px 5px;border-bottom:1px solid #e5e7eb;font-size:11px;color:#111827;">Bimestral</td></tr><tr><th style="padding:3px 5px;text-align:left;background:#f3f4f6;border-bottom:1px solid #d1d5db;width:30%;font-size:11px;font-weight:600;color:#1f2937;">Cronograma</th><td style="padding:3px 5px;border-bottom:1px solid #e5e7eb;font-size:11px;color:#111827;">12/05/2026<br>14/07/2026<br>16/09/2026<br>11/11/2026<br>12/01/2027<br>09/03/2027</td></tr></table>]]></description><Polygon><outerBoundaryIs><LinearRing><coordinates>-46.6650900,-23.4573500,0 -46.6649300,-23.4570300,0 -46.6648000,-23.4569000,0 -46.6646500,-23.4568200,0 -46.6645700,-23.4568000,0 -46.6644000,-23.4568000,0 -46.6641900,-23.4568500,0 -46.6634500,-23.4571700,0 -46.6632200,-23.4573200,0 -46.6628800,-23.4574700,0 -46.6628100,-23.4575200,0 -46.6627100,-23.4576500,0 -46.6626800,-23.4577300,0 -46.6626700,-23.4578800,0 -46.6626900,-23.4579800,0 -46.6629000,-23.4585600,0 -46.6630000,-23.4586800,0 -46.6630700,-23.4587300,0 -46.6632200,-23.4587900,0 -46.6634000,-23.4588000,0 -46.6636600,-23.4587000,0 -46.6637300,-23.4586900,0 -46.6639800,-23.4588300,0 -46.6641400,-23.4588700,0 -46.6643100,-23.4588500,0 -46.6644500,-23.4587900,0 -46.6651000,-23.4583800,0 -46.6652200,-23.4582700,0 -46.6652600,-23.4582000,0 -46.6653100,-23.4580100,0 -46.6653000,-23.4579300,0 -46.6650900,-23.4573500,0</coordinates></LinearRing></outerBoundaryIs></Polygon></Placemark>
<Style id="s-NH-26">
<LineStyle><color>ff2fffad</color><width>2.0</width></LineStyle>
<PolyStyle><color>ff2fffad</color></PolyStyle>
<IconStyle><color>ff2fffad</color><scale>0.55</scale>
<Icon><href>http://maps.google.com/mapfiles/kml/shapes/placemark_circle.png</href></Icon>
</IconStyle>
<LabelStyle><scale>0.65</scale></LabelStyle>
</Style><Placemark><name>JARDIM PERI</name><styleUrl>#s-NH-26</styleUrl><description><![CDATA[<table style="border-collapse:collapse;width:100%;font-family:'Helvetica Neue',Helvetica,Arial,sans-serif;font-size:11px;border:1px solid #e5e7eb;border-radius:8px;overflow:hidden;"><tr><th colspan="2" style="padding:5px 8px;background:#1f6feb;color:#fff;text-align:left;font-size:12px;font-weight:600;">JARDIM PERI</th></tr><tr><th style="padding:3px 5px;text-align:left;background:#f3f4f6;border-bottom:1px solid #d1d5db;width:30%;font-size:11px;font-weight:600;color:#1f2937;">Serviço</th><td style="padding:3px 5px;border-bottom:1px solid #e5e7eb;font-size:11px;color:#111827;">Núcleos Habitacionais (NH)</td></tr><tr><th style="padding:3px 5px;text-align:left;background:#f3f4f6;border-bottom:1px solid #d1d5db;width:30%;font-size:11px;font-weight:600;color:#1f2937;">Setor</th><td style="padding:3px 5px;border-bottom:1px solid #e5e7eb;font-size:11px;color:#111827;">CV21000NH0027</td></tr><tr><th style="padding:3px 5px;text-align:left;background:#f3f4f6;border-bottom:1px solid #d1d5db;width:30%;font-size:11px;font-weight:600;color:#1f2937;">Tipo de Serviço</th><td style="padding:3px 5px;border-bottom:1px solid #e5e7eb;font-size:11px;color:#111827;">Limpeza em áreas de difícil acesso</td></tr><tr><th style="padding:3px 5px;text-align:left;background:#f3f4f6;border-bottom:1px solid #d1d5db;width:30%;font-size:11px;font-weight:600;color:#1f2937;">Nome</th><td style="padding:3px 5px;border-bottom:1px solid #e5e7eb;font-size:11px;color:#111827;">JARDIM PERI</td></tr><tr><th style="padding:3px 5px;text-align:left;background:#f3f4f6;border-bottom:1px solid #d1d5db;width:30%;font-size:11px;font-weight:600;color:#1f2937;">Logradouro</th><td style="padding:3px 5px;border-bottom:1px solid #e5e7eb;font-size:11px;color:#111827;">R Dr Araujo Castro</td></tr><tr><th style="padding:3px 5px;text-align:left;background:#f3f4f6;border-bottom:1px solid #d1d5db;width:30%;font-size:11px;font-weight:600;color:#1f2937;">Subprefeitura</th><td style="padding:3px 5px;border-bottom:1px solid #e5e7eb;font-size:11px;color:#111827;">Casa Verde / Cachoeirinha</td></tr><tr><th style="padding:3px 5px;text-align:left;background:#f3f4f6;border-bottom:1px solid #d1d5db;width:30%;font-size:11px;font-weight:600;color:#1f2937;">Turno</th><td style="padding:3px 5px;border-bottom:1px solid #e5e7eb;font-size:11px;color:#111827;">Vespertino</td></tr><tr><th style="padding:3px 5px;text-align:left;background:#f3f4f6;border-bottom:1px solid #d1d5db;width:30%;font-size:11px;font-weight:600;color:#1f2937;">Frequência</th><td style="padding:3px 5px;border-bottom:1px solid #e5e7eb;font-size:11px;color:#111827;">Bimestral</td></tr><tr><th style="padding:3px 5px;text-align:left;background:#f3f4f6;border-bottom:1px solid #d1d5db;width:30%;font-size:11px;font-weight:600;color:#1f2937;">Cronograma</th><td style="padding:3px 5px;border-bottom:1px solid #e5e7eb;font-size:11px;color:#111827;">13/05/2026<br>15/07/2026<br>17/09/2026<br>12/11/2026<br>13/01/2027<br>10/03/2027</td></tr></table>]]></description><Polygon><outerBoundaryIs><LinearRing><coordinates>-46.6633700,-23.4622200,0 -46.6632600,-23.4621000,0 -46.6630200,-23.4619500,0 -46.6628800,-23.4618900,0 -46.6626300,-23.4618600,0 -46.6624600,-23.4619100,0 -46.6616700,-23.4615000,0 -46.6615100,-23.4614500,0 -46.6611100,-23.4614300,0 -46.6609400,-23.4614700,0 -46.6608000,-23.4615600,0 -46.6607500,-23.4616200,0 -46.6606800,-23.4617700,0 -46.6606600,-23.4618600,0 -46.6606600,-23.4620400,0 -46.6607200,-23.4622200,0 -46.6608100,-23.4623500,0 -46.6609100,-23.4624400,0 -46.6618800,-23.4629400,0 -46.6621300,-23.4630500,0 -46.6622300,-23.4630900,0 -46.6627700,-23.4632100,0 -46.6629200,-23.4632200,0 -46.6631300,-23.4632000,0 -46.6633700,-23.4630700,0 -46.6634500,-23.4629700,0 -46.6635200,-23.4628300,0 -46.6635200,-23.4625900,0 -46.6634900,-23.4624400,0 -46.6633700,-23.4622200,0</coordinates></LinearRing></outerBoundaryIs></Polygon></Placemark>
<Style id="s-NH-27">
<LineStyle><color>ff2fffad</color><width>2.0</width></LineStyle>
<PolyStyle><color>ff2fffad</color></PolyStyle>
<IconStyle><color>ff2fffad</color><scale>0.55</scale>
<Icon><href>http://maps.google.com/mapfiles/kml/shapes/placemark_circle.png</href></Icon>
</IconStyle>
<LabelStyle><scale>0.65</scale></LabelStyle>
</Style><Placemark><name>SUCUPIRA</name><styleUrl>#s-NH-27</styleUrl><description><![CDATA[<table style="border-collapse:collapse;width:100%;font-family:'Helvetica Neue',Helvetica,Arial,sans-serif;font-size:11px;border:1px solid #e5e7eb;border-radius:8px;overflow:hidden;"><tr><th colspan="2" style="padding:5px 8px;background:#1f6feb;color:#fff;text-align:left;font-size:12px;font-weight:600;">SUCUPIRA</th></tr><tr><th style="padding:3px 5px;text-align:left;background:#f3f4f6;border-bottom:1px solid #d1d5db;width:30%;font-size:11px;font-weight:600;color:#1f2937;">Serviço</th><td style="padding:3px 5px;border-bottom:1px solid #e5e7eb;font-size:11px;color:#111827;">Núcleos Habitacionais (NH)</td></tr><tr><th style="padding:3px 5px;text-align:left;background:#f3f4f6;border-bottom:1px solid #d1d5db;width:30%;font-size:11px;font-weight:600;color:#1f2937;">Setor</th><td style="padding:3px 5px;border-bottom:1px solid #e5e7eb;font-size:11px;color:#111827;">CV21000NH0028</td></tr><tr><th style="padding:3px 5px;text-align:left;background:#f3f4f6;border-bottom:1px solid #d1d5db;width:30%;font-size:11px;font-weight:600;color:#1f2937;">Tipo de Serviço</th><td style="padding:3px 5px;border-bottom:1px solid #e5e7eb;font-size:11px;color:#111827;">Limpeza em áreas de difícil acesso</td></tr><tr><th style="padding:3px 5px;text-align:left;background:#f3f4f6;border-bottom:1px solid #d1d5db;width:30%;font-size:11px;font-weight:600;color:#1f2937;">Nome</th><td style="padding:3px 5px;border-bottom:1px solid #e5e7eb;font-size:11px;color:#111827;">SUCUPIRA</td></tr><tr><th style="padding:3px 5px;text-align:left;background:#f3f4f6;border-bottom:1px solid #d1d5db;width:30%;font-size:11px;font-weight:600;color:#1f2937;">Logradouro</th><td style="padding:3px 5px;border-bottom:1px solid #e5e7eb;font-size:11px;color:#111827;">Pc Enrique Yuaso</td></tr><tr><th style="padding:3px 5px;text-align:left;background:#f3f4f6;border-bottom:1px solid #d1d5db;width:30%;font-size:11px;font-weight:600;color:#1f2937;">Subprefeitura</th><td style="padding:3px 5px;border-bottom:1px solid #e5e7eb;font-size:11px;color:#111827;">Casa Verde / Cachoeirinha</td></tr><tr><th style="padding:3px 5px;text-align:left;background:#f3f4f6;border-bottom:1px solid #d1d5db;width:30%;font-size:11px;font-weight:600;color:#1f2937;">Turno</th><td style="padding:3px 5px;border-bottom:1px solid #e5e7eb;font-size:11px;color:#111827;">Vespertino</td></tr><tr><th style="padding:3px 5px;text-align:left;background:#f3f4f6;border-bottom:1px solid #d1d5db;width:30%;font-size:11px;font-weight:600;color:#1f2937;">Frequência</th><td style="padding:3px 5px;border-bottom:1px solid #e5e7eb;font-size:11px;color:#111827;">Bimestral</td></tr><tr><th style="padding:3px 5px;text-align:left;background:#f3f4f6;border-bottom:1px solid #d1d5db;width:30%;font-size:11px;font-weight:600;color:#1f2937;">Cronograma</th><td style="padding:3px 5px;border-bottom:1px solid #e5e7eb;font-size:11px;color:#111827;">13/05/2026<br>15/07/2026<br>17/09/2026<br>12/11/2026<br>13/01/2027<br>10/03/2027</td></tr></table>]]></description><Polygon><outerBoundaryIs><LinearRing><coordinates>-46.6566100,-23.4625100,0 -46.6564600,-23.4625800,0 -46.6562300,-23.4627900,0 -46.6561900,-23.4628700,0 -46.6561600,-23.4630200,0 -46.6561900,-23.4631700,0 -46.6566700,-23.4642400,0 -46.6567900,-23.4643600,0 -46.6568600,-23.4644000,0 -46.6570200,-23.4644500,0 -46.6571900,-23.4644400,0 -46.6573500,-23.4643800,0 -46.6576800,-23.4641200,0 -46.6581000,-23.4638900,0 -46.6590000,-23.4634800,0 -46.6604100,-23.4626400,0 -46.6606600,-23.4625300,0 -46.6609000,-23.4624500,0 -46.6611400,-23.4624500,0 -46.6612200,-23.4624300,0 -46.6613700,-23.4623500,0 -46.6614800,-23.4622400,0 -46.6615300,-23.4621700,0 -46.6615500,-23.4621000,0 -46.6615700,-23.4620200,0 -46.6615500,-23.4617000,0 -46.6615200,-23.4616200,0 -46.6614300,-23.4614900,0 -46.6612900,-23.4614000,0 -46.6611300,-23.4613500,0 -46.6609600,-23.4613500,0 -46.6608900,-23.4613000,0 -46.6607300,-23.4612500,0 -46.6605600,-23.4612400,0 -46.6603900,-23.4612900,0 -46.6599200,-23.4614900,0 -46.6597100,-23.4616000,0 -46.6589400,-23.4622500,0 -46.6587100,-23.4623800,0 -46.6583000,-23.4624900,0 -46.6582200,-23.4625300,0 -46.6580900,-23.4626500,0 -46.6575000,-23.4625000,0 -46.6570600,-23.4624300,0 -46.6567800,-23.4624600,0 -46.6566100,-23.4625100,0</coordinates></LinearRing></outerBoundaryIs></Polygon></Placemark>
<Style id="s-NH-28">
<LineStyle><color>ff2fffad</color><width>2.0</width></LineStyle>
<PolyStyle><color>ff2fffad</color></PolyStyle>
<IconStyle><color>ff2fffad</color><scale>0.55</scale>
<Icon><href>http://maps.google.com/mapfiles/kml/shapes/placemark_circle.png</href></Icon>
</IconStyle>
<LabelStyle><scale>0.65</scale></LabelStyle>
</Style><Placemark><name>CONDESSA AMALIA MATARAZZO</name><styleUrl>#s-NH-28</styleUrl><description><![CDATA[<table style="border-collapse:collapse;width:100%;font-family:'Helvetica Neue',Helvetica,Arial,sans-serif;font-size:11px;border:1px solid #e5e7eb;border-radius:8px;overflow:hidden;"><tr><th colspan="2" style="padding:5px 8px;background:#1f6feb;color:#fff;text-align:left;font-size:12px;font-weight:600;">CONDESSA AMALIA MATARAZZO</th></tr><tr><th style="padding:3px 5px;text-align:left;background:#f3f4f6;border-bottom:1px solid #d1d5db;width:30%;font-size:11px;font-weight:600;color:#1f2937;">Serviço</th><td style="padding:3px 5px;border-bottom:1px solid #e5e7eb;font-size:11px;color:#111827;">Núcleos Habitacionais (NH)</td></tr><tr><th style="padding:3px 5px;text-align:left;background:#f3f4f6;border-bottom:1px solid #d1d5db;width:30%;font-size:11px;font-weight:600;color:#1f2937;">Setor</th><td style="padding:3px 5px;border-bottom:1px solid #e5e7eb;font-size:11px;color:#111827;">CV21000NH0029</td></tr><tr><th style="padding:3px 5px;text-align:left;background:#f3f4f6;border-bottom:1px solid #d1d5db;width:30%;font-size:11px;font-weight:600;color:#1f2937;">Tipo de Serviço</th><td style="padding:3px 5px;border-bottom:1px solid #e5e7eb;font-size:11px;color:#111827;">Limpeza em áreas de difícil acesso</td></tr><tr><th style="padding:3px 5px;text-align:left;background:#f3f4f6;border-bottom:1px solid #d1d5db;width:30%;font-size:11px;font-weight:600;color:#1f2937;">Nome</th><td style="padding:3px 5px;border-bottom:1px solid #e5e7eb;font-size:11px;color:#111827;">CONDESSA AMALIA MATARAZZO</td></tr><tr><th style="padding:3px 5px;text-align:left;background:#f3f4f6;border-bottom:1px solid #d1d5db;width:30%;font-size:11px;font-weight:600;color:#1f2937;">Logradouro</th><td style="padding:3px 5px;border-bottom:1px solid #e5e7eb;font-size:11px;color:#111827;">Av Dona Mariana Caligiori Ronchetti</td></tr><tr><th style="padding:3px 5px;text-align:left;background:#f3f4f6;border-bottom:1px solid #d1d5db;width:30%;font-size:11px;font-weight:600;color:#1f2937;">Subprefeitura</th><td style="padding:3px 5px;border-bottom:1px solid #e5e7eb;font-size:11px;color:#111827;">Casa Verde / Cachoeirinha</td></tr><tr><th style="padding:3px 5px;text-align:left;background:#f3f4f6;border-bottom:1px solid #d1d5db;width:30%;font-size:11px;font-weight:600;color:#1f2937;">Turno</th><td style="padding:3px 5px;border-bottom:1px solid #e5e7eb;font-size:11px;color:#111827;">Vespertino</td></tr><tr><th style="padding:3px 5px;text-align:left;background:#f3f4f6;border-bottom:1px solid #d1d5db;width:30%;font-size:11px;font-weight:600;color:#1f2937;">Frequência</th><td style="padding:3px 5px;border-bottom:1px solid #e5e7eb;font-size:11px;color:#111827;">Bimestral</td></tr><tr><th style="padding:3px 5px;text-align:left;background:#f3f4f6;border-bottom:1px solid #d1d5db;width:30%;font-size:11px;font-weight:600;color:#1f2937;">Cronograma</th><td style="padding:3px 5px;border-bottom:1px solid #e5e7eb;font-size:11px;color:#111827;">14/05/2026<br>16/07/2026<br>18/09/2026<br>13/11/2026<br>14/01/2027<br>11/03/2027</td></tr></table>]]></description><Polygon><outerBoundaryIs><LinearRing><coordinates>-46.6545200,-23.4636300,0 -46.6546200,-23.4635100,0 -46.6546800,-23.4633600,0 -46.6546700,-23.4632000,0 -46.6547400,-23.4630600,0 -46.6547500,-23.4629800,0 -46.6547200,-23.4628000,0 -46.6545000,-23.4625000,0 -46.6543400,-23.4623800,0 -46.6537800,-23.4621200,0 -46.6535000,-23.4617900,0 -46.6536700,-23.4607000,0 -46.6536700,-23.4605500,0 -46.6536100,-23.4604100,0 -46.6535600,-23.4603400,0 -46.6534300,-23.4602400,0 -46.6531700,-23.4601500,0 -46.6526700,-23.4601200,0 -46.6525900,-23.4601300,0 -46.6524300,-23.4602000,0 -46.6523000,-23.4603200,0 -46.6520800,-23.4604400,0 -46.6519900,-23.4605700,0 -46.6519500,-23.4607100,0 -46.6518900,-23.4613100,0 -46.6519000,-23.4613800,0 -46.6519700,-23.4615300,0 -46.6520800,-23.4616300,0 -46.6521100,-23.4618900,0 -46.6520800,-23.4619700,0 -46.6520700,-23.4621200,0 -46.6521600,-23.4623400,0 -46.6524500,-23.4626000,0 -46.6524900,-23.4627500,0 -46.6525900,-23.4628800,0 -46.6528800,-23.4630900,0 -46.6529700,-23.4632900,0 -46.6530300,-23.4633500,0 -46.6531600,-23.4634400,0 -46.6533300,-23.4634900,0 -46.6534000,-23.4634900,0 -46.6535600,-23.4636100,0 -46.6537400,-23.4637800,0 -46.6538100,-23.4638200,0 -46.6539700,-23.4638700,0 -46.6542200,-23.4638400,0 -46.6543600,-23.4637600,0 -46.6545200,-23.4636300,0</coordinates></LinearRing></outerBoundaryIs></Polygon></Placemark>
<Style id="s-NH-29">
<LineStyle><color>ff2fffad</color><width>2.0</width></LineStyle>
<PolyStyle><color>ff2fffad</color></PolyStyle>
<IconStyle><color>ff2fffad</color><scale>0.55</scale>
<Icon><href>http://maps.google.com/mapfiles/kml/shapes/placemark_circle.png</href></Icon>
</IconStyle>
<LabelStyle><scale>0.65</scale></LabelStyle>
</Style><Placemark><name>DOM CARLOS GOUVEIA</name><styleUrl>#s-NH-29</styleUrl><description><![CDATA[<table style="border-collapse:collapse;width:100%;font-family:'Helvetica Neue',Helvetica,Arial,sans-serif;font-size:11px;border:1px solid #e5e7eb;border-radius:8px;overflow:hidden;"><tr><th colspan="2" style="padding:5px 8px;background:#1f6feb;color:#fff;text-align:left;font-size:12px;font-weight:600;">DOM CARLOS GOUVEIA</th></tr><tr><th style="padding:3px 5px;text-align:left;background:#f3f4f6;border-bottom:1px solid #d1d5db;width:30%;font-size:11px;font-weight:600;color:#1f2937;">Serviço</th><td style="padding:3px 5px;border-bottom:1px solid #e5e7eb;font-size:11px;color:#111827;">Núcleos Habitacionais (NH)</td></tr><tr><th style="padding:3px 5px;text-align:left;background:#f3f4f6;border-bottom:1px solid #d1d5db;width:30%;font-size:11px;font-weight:600;color:#1f2937;">Setor</th><td style="padding:3px 5px;border-bottom:1px solid #e5e7eb;font-size:11px;color:#111827;">CV21000NH0030</td></tr><tr><th style="padding:3px 5px;text-align:left;background:#f3f4f6;border-bottom:1px solid #d1d5db;width:30%;font-size:11px;font-weight:600;color:#1f2937;">Tipo de Serviço</th><td style="padding:3px 5px;border-bottom:1px solid #e5e7eb;font-size:11px;color:#111827;">Limpeza em áreas de difícil acesso</td></tr><tr><th style="padding:3px 5px;text-align:left;background:#f3f4f6;border-bottom:1px solid #d1d5db;width:30%;font-size:11px;font-weight:600;color:#1f2937;">Nome</th><td style="padding:3px 5px;border-bottom:1px solid #e5e7eb;font-size:11px;color:#111827;">DOM CARLOS GOUVEIA</td></tr><tr><th style="padding:3px 5px;text-align:left;background:#f3f4f6;border-bottom:1px solid #d1d5db;width:30%;font-size:11px;font-weight:600;color:#1f2937;">Logradouro</th><td style="padding:3px 5px;border-bottom:1px solid #e5e7eb;font-size:11px;color:#111827;">R Tito Nicolau</td></tr><tr><th style="padding:3px 5px;text-align:left;background:#f3f4f6;border-bottom:1px solid #d1d5db;width:30%;font-size:11px;font-weight:600;color:#1f2937;">Subprefeitura</th><td style="padding:3px 5px;border-bottom:1px solid #e5e7eb;font-size:11px;color:#111827;">Casa Verde / Cachoeirinha</td></tr><tr><th style="padding:3px 5px;text-align:left;background:#f3f4f6;border-bottom:1px solid #d1d5db;width:30%;font-size:11px;font-weight:600;color:#1f2937;">Turno</th><td style="padding:3px 5px;border-bottom:1px solid #e5e7eb;font-size:11px;color:#111827;">Vespertino</td></tr><tr><th style="padding:3px 5px;text-align:left;background:#f3f4f6;border-bottom:1px solid #d1d5db;width:30%;font-size:11px;font-weight:600;color:#1f2937;">Frequência</th><td style="padding:3px 5px;border-bottom:1px solid #e5e7eb;font-size:11px;color:#111827;">Bimestral</td></tr><tr><th style="padding:3px 5px;text-align:left;background:#f3f4f6;border-bottom:1px solid #d1d5db;width:30%;font-size:11px;font-weight:600;color:#1f2937;">Cronograma</th><td style="padding:3px 5px;border-bottom:1px solid #e5e7eb;font-size:11px;color:#111827;">14/05/2026<br>16/07/2026<br>18/09/2026<br>13/11/2026<br>14/01/2027<br>11/03/2027</td></tr></table>]]></description><Polygon><outerBoundaryIs><LinearRing><coordinates>-46.6540000,-23.4653800,0 -46.6539200,-23.4653500,0 -46.6537500,-23.4653400,0 -46.6535900,-23.4653900,0 -46.6534500,-23.4654800,0 -46.6534000,-23.4655400,0 -46.6532900,-23.4657700,0 -46.6531400,-23.4660100,0 -46.6530900,-23.4661200,0 -46.6530400,-23.4663400,0 -46.6530400,-23.4664200,0 -46.6530900,-23.4665700,0 -46.6531300,-23.4666300,0 -46.6533300,-23.4667800,0 -46.6534900,-23.4668200,0 -46.6538600,-23.4668200,0 -46.6539400,-23.4668000,0 -46.6540900,-23.4667200,0 -46.6542300,-23.4665500,0 -46.6544900,-23.4659700,0 -46.6544900,-23.4657900,0 -46.6544300,-23.4656400,0 -46.6543300,-23.4655200,0 -46.6542000,-23.4654500,0 -46.6540000,-23.4653800,0</coordinates></LinearRing></outerBoundaryIs></Polygon></Placemark>
<Style id="s-NH-30">
<LineStyle><color>ff2fffad</color><width>2.0</width></LineStyle>
<PolyStyle><color>ff2fffad</color></PolyStyle>
<IconStyle><color>ff2fffad</color><scale>0.55</scale>
<Icon><href>http://maps.google.com/mapfiles/kml/shapes/placemark_circle.png</href></Icon>
</IconStyle>
<LabelStyle><scale>0.65</scale></LabelStyle>
</Style><Placemark><name>INDIO PERI</name><styleUrl>#s-NH-30</styleUrl><description><![CDATA[<table style="border-collapse:collapse;width:100%;font-family:'Helvetica Neue',Helvetica,Arial,sans-serif;font-size:11px;border:1px solid #e5e7eb;border-radius:8px;overflow:hidden;"><tr><th colspan="2" style="padding:5px 8px;background:#1f6feb;color:#fff;text-align:left;font-size:12px;font-weight:600;">INDIO PERI</th></tr><tr><th style="padding:3px 5px;text-align:left;background:#f3f4f6;border-bottom:1px solid #d1d5db;width:30%;font-size:11px;font-weight:600;color:#1f2937;">Serviço</th><td style="padding:3px 5px;border-bottom:1px solid #e5e7eb;font-size:11px;color:#111827;">Núcleos Habitacionais (NH)</td></tr><tr><th style="padding:3px 5px;text-align:left;background:#f3f4f6;border-bottom:1px solid #d1d5db;width:30%;font-size:11px;font-weight:600;color:#1f2937;">Setor</th><td style="padding:3px 5px;border-bottom:1px solid #e5e7eb;font-size:11px;color:#111827;">CV21000NH0031</td></tr><tr><th style="padding:3px 5px;text-align:left;background:#f3f4f6;border-bottom:1px solid #d1d5db;width:30%;font-size:11px;font-weight:600;color:#1f2937;">Tipo de Serviço</th><td style="padding:3px 5px;border-bottom:1px solid #e5e7eb;font-size:11px;color:#111827;">Limpeza em áreas de difícil acesso</td></tr><tr><th style="padding:3px 5px;text-align:left;background:#f3f4f6;border-bottom:1px solid #d1d5db;width:30%;font-size:11px;font-weight:600;color:#1f2937;">Nome</th><td style="padding:3px 5px;border-bottom:1px solid #e5e7eb;font-size:11px;color:#111827;">INDIO PERI</td></tr><tr><th style="padding:3px 5px;text-align:left;background:#f3f4f6;border-bottom:1px solid #d1d5db;width:30%;font-size:11px;font-weight:600;color:#1f2937;">Logradouro</th><td style="padding:3px 5px;border-bottom:1px solid #e5e7eb;font-size:11px;color:#111827;">R Id Peri</td></tr><tr><th style="padding:3px 5px;text-align:left;background:#f3f4f6;border-bottom:1px solid #d1d5db;width:30%;font-size:11px;font-weight:600;color:#1f2937;">Subprefeitura</th><td style="padding:3px 5px;border-bottom:1px solid #e5e7eb;font-size:11px;color:#111827;">Casa Verde / Cachoeirinha</td></tr><tr><th style="padding:3px 5px;text-align:left;background:#f3f4f6;border-bottom:1px solid #d1d5db;width:30%;font-size:11px;font-weight:600;color:#1f2937;">Turno</th><td style="padding:3px 5px;border-bottom:1px solid #e5e7eb;font-size:11px;color:#111827;">Vespertino</td></tr><tr><th style="padding:3px 5px;text-align:left;background:#f3f4f6;border-bottom:1px solid #d1d5db;width:30%;font-size:11px;font-weight:600;color:#1f2937;">Frequência</th><td style="padding:3px 5px;border-bottom:1px solid #e5e7eb;font-size:11px;color:#111827;">Bimestral</td></tr><tr><th style="padding:3px 5px;text-align:left;background:#f3f4f6;border-bottom:1px solid #d1d5db;width:30%;font-size:11px;font-weight:600;color:#1f2937;">Cronograma</th><td style="padding:3px 5px;border-bottom:1px solid #e5e7eb;font-size:11px;color:#111827;">15/05/2026<br>17/07/2026<br>21/09/2026<br>16/11/2026<br>15/01/2027<br>12/03/2027</td></tr></table>]]></description><Polygon><outerBoundaryIs><LinearRing><coordinates>-46.6475100,-23.4628500,0 -46.6475900,-23.4629900,0 -46.6477100,-23.4630900,0 -46.6477900,-23.4631300,0 -46.6479600,-23.4631600,0 -46.6481300,-23.4631400,0 -46.6485000,-23.4629400,0 -46.6486300,-23.4628400,0 -46.6486800,-23.4627700,0 -46.6487600,-23.4625900,0 -46.6494300,-23.4616900,0 -46.6494700,-23.4615400,0 -46.6494700,-23.4614600,0 -46.6494100,-23.4612300,0 -46.6492200,-23.4609600,0 -46.6490900,-23.4608600,0 -46.6488800,-23.4608000,0 -46.6476700,-23.4602600,0 -46.6474100,-23.4602300,0 -46.6472300,-23.4602700,0 -46.6470700,-23.4603400,0 -46.6469100,-23.4605100,0 -46.6468600,-23.4606600,0 -46.6468400,-23.4612900,0 -46.6469700,-23.4616500,0 -46.6470500,-23.4617600,0 -46.6470500,-23.4619500,0 -46.6470800,-23.4621000,0 -46.6474400,-23.4626700,0 -46.6475100,-23.4628500,0</coordinates></LinearRing></outerBoundaryIs></Polygon></Placemark>
<Style id="s-NH-31">
<LineStyle><color>ff2fffad</color><width>2.0</width></LineStyle>
<PolyStyle><color>ff2fffad</color></PolyStyle>
<IconStyle><color>ff2fffad</color><scale>0.55</scale>
<Icon><href>http://maps.google.com/mapfiles/kml/shapes/placemark_circle.png</href></Icon>
</IconStyle>
<LabelStyle><scale>0.65</scale></LabelStyle>
</Style><Placemark><name>SÃO JOSÉ BRUNA GALÉA</name><styleUrl>#s-NH-31</styleUrl><description><![CDATA[<table style="border-collapse:collapse;width:100%;font-family:'Helvetica Neue',Helvetica,Arial,sans-serif;font-size:11px;border:1px solid #e5e7eb;border-radius:8px;overflow:hidden;"><tr><th colspan="2" style="padding:5px 8px;background:#1f6feb;color:#fff;text-align:left;font-size:12px;font-weight:600;">SÃO JOSÉ BRUNA GALÉA</th></tr><tr><th style="padding:3px 5px;text-align:left;background:#f3f4f6;border-bottom:1px solid #d1d5db;width:30%;font-size:11px;font-weight:600;color:#1f2937;">Serviço</th><td style="padding:3px 5px;border-bottom:1px solid #e5e7eb;font-size:11px;color:#111827;">Núcleos Habitacionais (NH)</td></tr><tr><th style="padding:3px 5px;text-align:left;background:#f3f4f6;border-bottom:1px solid #d1d5db;width:30%;font-size:11px;font-weight:600;color:#1f2937;">Setor</th><td style="padding:3px 5px;border-bottom:1px solid #e5e7eb;font-size:11px;color:#111827;">CV21000NH0032</td></tr><tr><th style="padding:3px 5px;text-align:left;background:#f3f4f6;border-bottom:1px solid #d1d5db;width:30%;font-size:11px;font-weight:600;color:#1f2937;">Tipo de Serviço</th><td style="padding:3px 5px;border-bottom:1px solid #e5e7eb;font-size:11px;color:#111827;">Limpeza em áreas de difícil acesso</td></tr><tr><th style="padding:3px 5px;text-align:left;background:#f3f4f6;border-bottom:1px solid #d1d5db;width:30%;font-size:11px;font-weight:600;color:#1f2937;">Nome</th><td style="padding:3px 5px;border-bottom:1px solid #e5e7eb;font-size:11px;color:#111827;">SÃO JOSÉ BRUNA GALÉA</td></tr><tr><th style="padding:3px 5px;text-align:left;background:#f3f4f6;border-bottom:1px solid #d1d5db;width:30%;font-size:11px;font-weight:600;color:#1f2937;">Logradouro</th><td style="padding:3px 5px;border-bottom:1px solid #e5e7eb;font-size:11px;color:#111827;">R Leticia Cini</td></tr><tr><th style="padding:3px 5px;text-align:left;background:#f3f4f6;border-bottom:1px solid #d1d5db;width:30%;font-size:11px;font-weight:600;color:#1f2937;">Subprefeitura</th><td style="padding:3px 5px;border-bottom:1px solid #e5e7eb;font-size:11px;color:#111827;">Casa Verde / Cachoeirinha</td></tr><tr><th style="padding:3px 5px;text-align:left;background:#f3f4f6;border-bottom:1px solid #d1d5db;width:30%;font-size:11px;font-weight:600;color:#1f2937;">Turno</th><td style="padding:3px 5px;border-bottom:1px solid #e5e7eb;font-size:11px;color:#111827;">Vespertino</td></tr><tr><th style="padding:3px 5px;text-align:left;background:#f3f4f6;border-bottom:1px solid #d1d5db;width:30%;font-size:11px;font-weight:600;color:#1f2937;">Frequência</th><td style="padding:3px 5px;border-bottom:1px solid #e5e7eb;font-size:11px;color:#111827;">Bimestral</td></tr><tr><th style="padding:3px 5px;text-align:left;background:#f3f4f6;border-bottom:1px solid #d1d5db;width:30%;font-size:11px;font-weight:600;color:#1f2937;">Cronograma</th><td style="padding:3px 5px;border-bottom:1px solid #e5e7eb;font-size:11px;color:#111827;">16/03/2026<br>18/05/2026<br>20/07/2026<br>22/09/2026<br>17/11/2026<br>18/01/2027</td></tr></table>]]></description><Polygon><outerBoundaryIs><LinearRing><coordinates>-46.6548800,-23.4586100,0 -46.6548000,-23.4586000,0 -46.6545500,-23.4586700,0 -46.6544300,-23.4587800,0 -46.6544000,-23.4588300,0 -46.6539200,-23.4587700,0 -46.6537500,-23.4587800,0 -46.6536000,-23.4588400,0 -46.6534700,-23.4589400,0 -46.6533900,-23.4590800,0 -46.6533400,-23.4594500,0 -46.6531800,-23.4595100,0 -46.6531100,-23.4595600,0 -46.6529700,-23.4597500,0 -46.6529400,-23.4599600,0 -46.6529600,-23.4601100,0 -46.6530400,-23.4602500,0 -46.6531000,-23.4603100,0 -46.6533000,-23.4604100,0 -46.6534200,-23.4605200,0 -46.6536200,-23.4605900,0 -46.6546600,-23.4607300,0 -46.6548300,-23.4606900,0 -46.6549800,-23.4606100,0 -46.6554800,-23.4600800,0 -46.6555400,-23.4599400,0 -46.6555500,-23.4598500,0 -46.6555300,-23.4597200,0 -46.6556000,-23.4596800,0 -46.6557200,-23.4595600,0 -46.6557900,-23.4594200,0 -46.6558000,-23.4593100,0 -46.6557400,-23.4589700,0 -46.6557100,-23.4588900,0 -46.6556000,-23.4587700,0 -46.6554600,-23.4586900,0 -46.6553400,-23.4586600,0 -46.6548800,-23.4586100,0</coordinates></LinearRing></outerBoundaryIs></Polygon></Placemark>
<Style id="s-NH-32">
<LineStyle><color>ff2fffad</color><width>2.0</width></LineStyle>
<PolyStyle><color>ff2fffad</color></PolyStyle>
<IconStyle><color>ff2fffad</color><scale>0.55</scale>
<Icon><href>http://maps.google.com/mapfiles/kml/shapes/placemark_circle.png</href></Icon>
</IconStyle>
<LabelStyle><scale>0.65</scale></LabelStyle>
</Style><Placemark><name>COIMBRA</name><styleUrl>#s-NH-32</styleUrl><description><![CDATA[<table style="border-collapse:collapse;width:100%;font-family:'Helvetica Neue',Helvetica,Arial,sans-serif;font-size:11px;border:1px solid #e5e7eb;border-radius:8px;overflow:hidden;"><tr><th colspan="2" style="padding:5px 8px;background:#1f6feb;color:#fff;text-align:left;font-size:12px;font-weight:600;">COIMBRA</th></tr><tr><th style="padding:3px 5px;text-align:left;background:#f3f4f6;border-bottom:1px solid #d1d5db;width:30%;font-size:11px;font-weight:600;color:#1f2937;">Serviço</th><td style="padding:3px 5px;border-bottom:1px solid #e5e7eb;font-size:11px;color:#111827;">Núcleos Habitacionais (NH)</td></tr><tr><th style="padding:3px 5px;text-align:left;background:#f3f4f6;border-bottom:1px solid #d1d5db;width:30%;font-size:11px;font-weight:600;color:#1f2937;">Setor</th><td style="padding:3px 5px;border-bottom:1px solid #e5e7eb;font-size:11px;color:#111827;">CV21000NH0033</td></tr><tr><th style="padding:3px 5px;text-align:left;background:#f3f4f6;border-bottom:1px solid #d1d5db;width:30%;font-size:11px;font-weight:600;color:#1f2937;">Tipo de Serviço</th><td style="padding:3px 5px;border-bottom:1px solid #e5e7eb;font-size:11px;color:#111827;">Limpeza em áreas de difícil acesso</td></tr><tr><th style="padding:3px 5px;text-align:left;background:#f3f4f6;border-bottom:1px solid #d1d5db;width:30%;font-size:11px;font-weight:600;color:#1f2937;">Nome</th><td style="padding:3px 5px;border-bottom:1px solid #e5e7eb;font-size:11px;color:#111827;">COIMBRA</td></tr><tr><th style="padding:3px 5px;text-align:left;background:#f3f4f6;border-bottom:1px solid #d1d5db;width:30%;font-size:11px;font-weight:600;color:#1f2937;">Logradouro</th><td style="padding:3px 5px;border-bottom:1px solid #e5e7eb;font-size:11px;color:#111827;">R Canario do Reino</td></tr><tr><th style="padding:3px 5px;text-align:left;background:#f3f4f6;border-bottom:1px solid #d1d5db;width:30%;font-size:11px;font-weight:600;color:#1f2937;">Subprefeitura</th><td style="padding:3px 5px;border-bottom:1px solid #e5e7eb;font-size:11px;color:#111827;">Casa Verde / Cachoeirinha</td></tr><tr><th style="padding:3px 5px;text-align:left;background:#f3f4f6;border-bottom:1px solid #d1d5db;width:30%;font-size:11px;font-weight:600;color:#1f2937;">Turno</th><td style="padding:3px 5px;border-bottom:1px solid #e5e7eb;font-size:11px;color:#111827;">Vespertino</td></tr><tr><th style="padding:3px 5px;text-align:left;background:#f3f4f6;border-bottom:1px solid #d1d5db;width:30%;font-size:11px;font-weight:600;color:#1f2937;">Frequência</th><td style="padding:3px 5px;border-bottom:1px solid #e5e7eb;font-size:11px;color:#111827;">Bimestral</td></tr><tr><th style="padding:3px 5px;text-align:left;background:#f3f4f6;border-bottom:1px solid #d1d5db;width:30%;font-size:11px;font-weight:600;color:#1f2937;">Cronograma</th><td style="padding:3px 5px;border-bottom:1px solid #e5e7eb;font-size:11px;color:#111827;">16/03/2026<br>18/05/2026<br>20/07/2026<br>22/09/2026<br>17/11/2026<br>18/01/2027</td></tr></table>]]></description><Polygon><outerBoundaryIs><LinearRing><coordinates>-46.6585200,-23.4592900,0 -46.6585300,-23.4591300,0 -46.6585000,-23.4589800,0 -46.6584100,-23.4588400,0 -46.6582800,-23.4587400,0 -46.6580900,-23.4586800,0 -46.6580200,-23.4586800,0 -46.6576000,-23.4585700,0 -46.6574200,-23.4585500,0 -46.6572300,-23.4584900,0 -46.6570600,-23.4584800,0 -46.6569800,-23.4585000,0 -46.6568300,-23.4585800,0 -46.6567100,-23.4586900,0 -46.6566300,-23.4588300,0 -46.6566100,-23.4589100,0 -46.6566000,-23.4589800,0 -46.6566300,-23.4591400,0 -46.6567200,-23.4592700,0 -46.6572300,-23.4598100,0 -46.6573600,-23.4599100,0 -46.6575200,-23.4599600,0 -46.6576000,-23.4599700,0 -46.6577700,-23.4599400,0 -46.6583000,-23.4596300,0 -46.6584600,-23.4594600,0 -46.6585200,-23.4592900,0</coordinates></LinearRing></outerBoundaryIs></Polygon></Placemark>
<Style id="s-NH-33">
<LineStyle><color>ff2fffad</color><width>2.0</width></LineStyle>
<PolyStyle><color>ff2fffad</color></PolyStyle>
<IconStyle><color>ff2fffad</color><scale>0.55</scale>
<Icon><href>http://maps.google.com/mapfiles/kml/shapes/placemark_circle.png</href></Icon>
</IconStyle>
<LabelStyle><scale>0.65</scale></LabelStyle>
</Style><Placemark><name>EUCALIPTOS</name><styleUrl>#s-NH-33</styleUrl><description><![CDATA[<table style="border-collapse:collapse;width:100%;font-family:'Helvetica Neue',Helvetica,Arial,sans-serif;font-size:11px;border:1px solid #e5e7eb;border-radius:8px;overflow:hidden;"><tr><th colspan="2" style="padding:5px 8px;background:#1f6feb;color:#fff;text-align:left;font-size:12px;font-weight:600;">EUCALIPTOS</th></tr><tr><th style="padding:3px 5px;text-align:left;background:#f3f4f6;border-bottom:1px solid #d1d5db;width:30%;font-size:11px;font-weight:600;color:#1f2937;">Serviço</th><td style="padding:3px 5px;border-bottom:1px solid #e5e7eb;font-size:11px;color:#111827;">Núcleos Habitacionais (NH)</td></tr><tr><th style="padding:3px 5px;text-align:left;background:#f3f4f6;border-bottom:1px solid #d1d5db;width:30%;font-size:11px;font-weight:600;color:#1f2937;">Setor</th><td style="padding:3px 5px;border-bottom:1px solid #e5e7eb;font-size:11px;color:#111827;">CV21000NH0034</td></tr><tr><th style="padding:3px 5px;text-align:left;background:#f3f4f6;border-bottom:1px solid #d1d5db;width:30%;font-size:11px;font-weight:600;color:#1f2937;">Tipo de Serviço</th><td style="padding:3px 5px;border-bottom:1px solid #e5e7eb;font-size:11px;color:#111827;">Limpeza em áreas de difícil acesso</td></tr><tr><th style="padding:3px 5px;text-align:left;background:#f3f4f6;border-bottom:1px solid #d1d5db;width:30%;font-size:11px;font-weight:600;color:#1f2937;">Nome</th><td style="padding:3px 5px;border-bottom:1px solid #e5e7eb;font-size:11px;color:#111827;">EUCALIPTOS</td></tr><tr><th style="padding:3px 5px;text-align:left;background:#f3f4f6;border-bottom:1px solid #d1d5db;width:30%;font-size:11px;font-weight:600;color:#1f2937;">Logradouro</th><td style="padding:3px 5px;border-bottom:1px solid #e5e7eb;font-size:11px;color:#111827;">Av Sta Ines</td></tr><tr><th style="padding:3px 5px;text-align:left;background:#f3f4f6;border-bottom:1px solid #d1d5db;width:30%;font-size:11px;font-weight:600;color:#1f2937;">Subprefeitura</th><td style="padding:3px 5px;border-bottom:1px solid #e5e7eb;font-size:11px;color:#111827;">Casa Verde / Cachoeirinha</td></tr><tr><th style="padding:3px 5px;text-align:left;background:#f3f4f6;border-bottom:1px solid #d1d5db;width:30%;font-size:11px;font-weight:600;color:#1f2937;">Turno</th><td style="padding:3px 5px;border-bottom:1px solid #e5e7eb;font-size:11px;color:#111827;">Vespertino</td></tr><tr><th style="padding:3px 5px;text-align:left;background:#f3f4f6;border-bottom:1px solid #d1d5db;width:30%;font-size:11px;font-weight:600;color:#1f2937;">Frequência</th><td style="padding:3px 5px;border-bottom:1px solid #e5e7eb;font-size:11px;color:#111827;">Bimestral</td></tr><tr><th style="padding:3px 5px;text-align:left;background:#f3f4f6;border-bottom:1px solid #d1d5db;width:30%;font-size:11px;font-weight:600;color:#1f2937;">Cronograma</th><td style="padding:3px 5px;border-bottom:1px solid #e5e7eb;font-size:11px;color:#111827;">17/03/2026<br>19/05/2026<br>21/07/2026<br>23/09/2026<br>18/11/2026<br>19/01/2027</td></tr></table>]]></description><Polygon><outerBoundaryIs><LinearRing><coordinates>-46.6509700,-23.4558700,0 -46.6511500,-23.4563000,0 -46.6513600,-23.4572700,0 -46.6514200,-23.4574200,0 -46.6516000,-23.4575800,0 -46.6517600,-23.4576300,0 -46.6520900,-23.4576700,0 -46.6522000,-23.4577800,0 -46.6523200,-23.4578500,0 -46.6519900,-23.4604200,0 -46.6520000,-23.4605800,0 -46.6520300,-23.4606500,0 -46.6521200,-23.4607800,0 -46.6522600,-23.4608800,0 -46.6523400,-23.4609100,0 -46.6532000,-23.4609700,0 -46.6533700,-23.4609600,0 -46.6534500,-23.4609300,0 -46.6535900,-23.4608400,0 -46.6536400,-23.4607800,0 -46.6537200,-23.4606000,0 -46.6541400,-23.4583300,0 -46.6541500,-23.4579500,0 -46.6540600,-23.4575600,0 -46.6540000,-23.4574400,0 -46.6537500,-23.4570500,0 -46.6532100,-23.4564200,0 -46.6530600,-23.4561600,0 -46.6529800,-23.4558800,0 -46.6528000,-23.4549100,0 -46.6527300,-23.4547600,0 -46.6526500,-23.4546700,0 -46.6523700,-23.4544300,0 -46.6516900,-23.4540900,0 -46.6515200,-23.4540700,0 -46.6514400,-23.4540800,0 -46.6513100,-23.4541300,0 -46.6508500,-23.4543700,0 -46.6506300,-23.4545500,0 -46.6505300,-23.4546700,0 -46.6504900,-23.4547400,0 -46.6504300,-23.4549600,0 -46.6502400,-23.4552100,0 -46.6502100,-23.4552900,0 -46.6501900,-23.4554400,0 -46.6502600,-23.4556800,0 -46.6503600,-23.4558100,0 -46.6505000,-23.4559000,0 -46.6505800,-23.4559300,0 -46.6507500,-23.4559400,0 -46.6508300,-23.4559300,0 -46.6509700,-23.4558700,0</coordinates></LinearRing></outerBoundaryIs></Polygon></Placemark>
<Style id="s-NH-34">
<LineStyle><color>ff2fffad</color><width>2.0</width></LineStyle>
<PolyStyle><color>ff2fffad</color></PolyStyle>
<IconStyle><color>ff2fffad</color><scale>0.55</scale>
<Icon><href>http://maps.google.com/mapfiles/kml/shapes/placemark_circle.png</href></Icon>
</IconStyle>
<LabelStyle><scale>0.65</scale></LabelStyle>
</Style><Placemark><name>LETICIA CINI</name><styleUrl>#s-NH-34</styleUrl><description><![CDATA[<table style="border-collapse:collapse;width:100%;font-family:'Helvetica Neue',Helvetica,Arial,sans-serif;font-size:11px;border:1px solid #e5e7eb;border-radius:8px;overflow:hidden;"><tr><th colspan="2" style="padding:5px 8px;background:#1f6feb;color:#fff;text-align:left;font-size:12px;font-weight:600;">LETICIA CINI</th></tr><tr><th style="padding:3px 5px;text-align:left;background:#f3f4f6;border-bottom:1px solid #d1d5db;width:30%;font-size:11px;font-weight:600;color:#1f2937;">Serviço</th><td style="padding:3px 5px;border-bottom:1px solid #e5e7eb;font-size:11px;color:#111827;">Núcleos Habitacionais (NH)</td></tr><tr><th style="padding:3px 5px;text-align:left;background:#f3f4f6;border-bottom:1px solid #d1d5db;width:30%;font-size:11px;font-weight:600;color:#1f2937;">Setor</th><td style="padding:3px 5px;border-bottom:1px solid #e5e7eb;font-size:11px;color:#111827;">CV21000NH0035</td></tr><tr><th style="padding:3px 5px;text-align:left;background:#f3f4f6;border-bottom:1px solid #d1d5db;width:30%;font-size:11px;font-weight:600;color:#1f2937;">Tipo de Serviço</th><td style="padding:3px 5px;border-bottom:1px solid #e5e7eb;font-size:11px;color:#111827;">Limpeza em áreas de difícil acesso</td></tr><tr><th style="padding:3px 5px;text-align:left;background:#f3f4f6;border-bottom:1px solid #d1d5db;width:30%;font-size:11px;font-weight:600;color:#1f2937;">Nome</th><td style="padding:3px 5px;border-bottom:1px solid #e5e7eb;font-size:11px;color:#111827;">LETICIA CINI</td></tr><tr><th style="padding:3px 5px;text-align:left;background:#f3f4f6;border-bottom:1px solid #d1d5db;width:30%;font-size:11px;font-weight:600;color:#1f2937;">Logradouro</th><td style="padding:3px 5px;border-bottom:1px solid #e5e7eb;font-size:11px;color:#111827;">R Cda Amalia Matarazzo</td></tr><tr><th style="padding:3px 5px;text-align:left;background:#f3f4f6;border-bottom:1px solid #d1d5db;width:30%;font-size:11px;font-weight:600;color:#1f2937;">Subprefeitura</th><td style="padding:3px 5px;border-bottom:1px solid #e5e7eb;font-size:11px;color:#111827;">Casa Verde / Cachoeirinha</td></tr><tr><th style="padding:3px 5px;text-align:left;background:#f3f4f6;border-bottom:1px solid #d1d5db;width:30%;font-size:11px;font-weight:600;color:#1f2937;">Turno</th><td style="padding:3px 5px;border-bottom:1px solid #e5e7eb;font-size:11px;color:#111827;">Vespertino</td></tr><tr><th style="padding:3px 5px;text-align:left;background:#f3f4f6;border-bottom:1px solid #d1d5db;width:30%;font-size:11px;font-weight:600;color:#1f2937;">Frequência</th><td style="padding:3px 5px;border-bottom:1px solid #e5e7eb;font-size:11px;color:#111827;">Bimestral</td></tr><tr><th style="padding:3px 5px;text-align:left;background:#f3f4f6;border-bottom:1px solid #d1d5db;width:30%;font-size:11px;font-weight:600;color:#1f2937;">Cronograma</th><td style="padding:3px 5px;border-bottom:1px solid #e5e7eb;font-size:11px;color:#111827;">18/03/2026<br>20/05/2026<br>22/07/2026<br>24/09/2026<br>19/11/2026<br>20/01/2027</td></tr></table>]]></description><Polygon><outerBoundaryIs><LinearRing><coordinates>-46.6538500,-23.4586500,0 -46.6540200,-23.4586400,0 -46.6541800,-23.4585700,0 -46.6543000,-23.4584600,0 -46.6543500,-23.4583700,0 -46.6553600,-23.4585200,0 -46.6556100,-23.4584900,0 -46.6558900,-23.4583700,0 -46.6560200,-23.4582700,0 -46.6560700,-23.4582000,0 -46.6561500,-23.4579100,0 -46.6563700,-23.4578000,0 -46.6564800,-23.4576700,0 -46.6565300,-23.4575200,0 -46.6565700,-23.4571300,0 -46.6565400,-23.4569300,0 -46.6564500,-23.4567900,0 -46.6563900,-23.4567400,0 -46.6563200,-23.4566900,0 -46.6561900,-23.4566400,0 -46.6557300,-23.4565500,0 -46.6556500,-23.4565500,0 -46.6554900,-23.4566000,0 -46.6554300,-23.4565400,0 -46.6552800,-23.4564700,0 -46.6550400,-23.4564100,0 -46.6548600,-23.4563300,0 -46.6545200,-23.4562600,0 -46.6543500,-23.4562500,0 -46.6542000,-23.4562900,0 -46.6541000,-23.4561600,0 -46.6538500,-23.4559600,0 -46.6537100,-23.4558800,0 -46.6535400,-23.4558500,0 -46.6533700,-23.4558700,0 -46.6533100,-23.4559000,0 -46.6531400,-23.4551200,0 -46.6530500,-23.4549900,0 -46.6529200,-23.4548900,0 -46.6527000,-23.4548000,0 -46.6525000,-23.4547600,0 -46.6524100,-23.4547600,0 -46.6522500,-23.4548100,0 -46.6521400,-23.4548700,0 -46.6520200,-23.4549800,0 -46.6519500,-23.4551200,0 -46.6519400,-23.4552000,0 -46.6519600,-23.4555200,0 -46.6520100,-23.4558500,0 -46.6521200,-23.4562800,0 -46.6523400,-23.4567800,0 -46.6524800,-23.4569700,0 -46.6529000,-23.4574200,0 -46.6530500,-23.4576200,0 -46.6532200,-23.4579000,0 -46.6532500,-23.4579900,0 -46.6532400,-23.4581600,0 -46.6532600,-23.4583100,0 -46.6533400,-23.4584500,0 -46.6534700,-23.4585600,0 -46.6535400,-23.4585900,0 -46.6537000,-23.4586400,0 -46.6538500,-23.4586500,0</coordinates></LinearRing></outerBoundaryIs></Polygon></Placemark>
<Style id="s-NH-35">
<LineStyle><color>ff2fffad</color><width>2.0</width></LineStyle>
<PolyStyle><color>ff2fffad</color></PolyStyle>
<IconStyle><color>ff2fffad</color><scale>0.55</scale>
<Icon><href>http://maps.google.com/mapfiles/kml/shapes/placemark_circle.png</href></Icon>
</IconStyle>
<LabelStyle><scale>0.65</scale></LabelStyle>
</Style><Placemark><name>FRANCISCO MACHADO DA SILVA</name><styleUrl>#s-NH-35</styleUrl><description><![CDATA[<table style="border-collapse:collapse;width:100%;font-family:'Helvetica Neue',Helvetica,Arial,sans-serif;font-size:11px;border:1px solid #e5e7eb;border-radius:8px;overflow:hidden;"><tr><th colspan="2" style="padding:5px 8px;background:#1f6feb;color:#fff;text-align:left;font-size:12px;font-weight:600;">FRANCISCO MACHADO DA SILVA</th></tr><tr><th style="padding:3px 5px;text-align:left;background:#f3f4f6;border-bottom:1px solid #d1d5db;width:30%;font-size:11px;font-weight:600;color:#1f2937;">Serviço</th><td style="padding:3px 5px;border-bottom:1px solid #e5e7eb;font-size:11px;color:#111827;">Núcleos Habitacionais (NH)</td></tr><tr><th style="padding:3px 5px;text-align:left;background:#f3f4f6;border-bottom:1px solid #d1d5db;width:30%;font-size:11px;font-weight:600;color:#1f2937;">Setor</th><td style="padding:3px 5px;border-bottom:1px solid #e5e7eb;font-size:11px;color:#111827;">CV21000NH0036</td></tr><tr><th style="padding:3px 5px;text-align:left;background:#f3f4f6;border-bottom:1px solid #d1d5db;width:30%;font-size:11px;font-weight:600;color:#1f2937;">Tipo de Serviço</th><td style="padding:3px 5px;border-bottom:1px solid #e5e7eb;font-size:11px;color:#111827;">Limpeza em áreas de difícil acesso</td></tr><tr><th style="padding:3px 5px;text-align:left;background:#f3f4f6;border-bottom:1px solid #d1d5db;width:30%;font-size:11px;font-weight:600;color:#1f2937;">Nome</th><td style="padding:3px 5px;border-bottom:1px solid #e5e7eb;font-size:11px;color:#111827;">FRANCISCO MACHADO DA SILVA</td></tr><tr><th style="padding:3px 5px;text-align:left;background:#f3f4f6;border-bottom:1px solid #d1d5db;width:30%;font-size:11px;font-weight:600;color:#1f2937;">Logradouro</th><td style="padding:3px 5px;border-bottom:1px solid #e5e7eb;font-size:11px;color:#111827;">Av Francisco Machado da Silva</td></tr><tr><th style="padding:3px 5px;text-align:left;background:#f3f4f6;border-bottom:1px solid #d1d5db;width:30%;font-size:11px;font-weight:600;color:#1f2937;">Subprefeitura</th><td style="padding:3px 5px;border-bottom:1px solid #e5e7eb;font-size:11px;color:#111827;">Casa Verde / Cachoeirinha</td></tr><tr><th style="padding:3px 5px;text-align:left;background:#f3f4f6;border-bottom:1px solid #d1d5db;width:30%;font-size:11px;font-weight:600;color:#1f2937;">Turno</th><td style="padding:3px 5px;border-bottom:1px solid #e5e7eb;font-size:11px;color:#111827;">Vespertino</td></tr><tr><th style="padding:3px 5px;text-align:left;background:#f3f4f6;border-bottom:1px solid #d1d5db;width:30%;font-size:11px;font-weight:600;color:#1f2937;">Frequência</th><td style="padding:3px 5px;border-bottom:1px solid #e5e7eb;font-size:11px;color:#111827;">Bimestral</td></tr><tr><th style="padding:3px 5px;text-align:left;background:#f3f4f6;border-bottom:1px solid #d1d5db;width:30%;font-size:11px;font-weight:600;color:#1f2937;">Cronograma</th><td style="padding:3px 5px;border-bottom:1px solid #e5e7eb;font-size:11px;color:#111827;">18/03/2026<br>20/05/2026<br>22/07/2026<br>24/09/2026<br>19/11/2026<br>20/01/2027</td></tr></table>]]></description><Polygon><outerBoundaryIs><LinearRing><coordinates>-46.6518500,-23.4545500,0 -46.6518700,-23.4547900,0 -46.6519400,-23.4551000,0 -46.6520500,-23.4553700,0 -46.6521500,-23.4554600,0 -46.6522800,-23.4555300,0 -46.6527100,-23.4557000,0 -46.6528800,-23.4557100,0 -46.6529700,-23.4556900,0 -46.6531200,-23.4556200,0 -46.6532400,-23.4555100,0 -46.6532800,-23.4554400,0 -46.6533600,-23.4551500,0 -46.6533300,-23.4550000,0 -46.6532900,-23.4549100,0 -46.6534600,-23.4547900,0 -46.6535700,-23.4546700,0 -46.6536300,-23.4545200,0 -46.6536300,-23.4543600,0 -46.6535700,-23.4542100,0 -46.6535200,-23.4541500,0 -46.6527800,-23.4535700,0 -46.6525800,-23.4535100,0 -46.6523100,-23.4535000,0 -46.6521300,-23.4535400,0 -46.6519600,-23.4536200,0 -46.6518400,-23.4537300,0 -46.6518000,-23.4538000,0 -46.6517700,-23.4538700,0 -46.6517600,-23.4540500,0 -46.6518000,-23.4544000,0 -46.6518500,-23.4545500,0</coordinates></LinearRing></outerBoundaryIs></Polygon></Placemark>
<Style id="s-NH-36">
<LineStyle><color>ff2fffad</color><width>2.0</width></LineStyle>
<PolyStyle><color>ff2fffad</color></PolyStyle>
<IconStyle><color>ff2fffad</color><scale>0.55</scale>
<Icon><href>http://maps.google.com/mapfiles/kml/shapes/placemark_circle.png</href></Icon>
</IconStyle>
<LabelStyle><scale>0.65</scale></LabelStyle>
</Style><Placemark><name>TRÊS FRONTEIRAS</name><styleUrl>#s-NH-36</styleUrl><description><![CDATA[<table style="border-collapse:collapse;width:100%;font-family:'Helvetica Neue',Helvetica,Arial,sans-serif;font-size:11px;border:1px solid #e5e7eb;border-radius:8px;overflow:hidden;"><tr><th colspan="2" style="padding:5px 8px;background:#1f6feb;color:#fff;text-align:left;font-size:12px;font-weight:600;">TRÊS FRONTEIRAS</th></tr><tr><th style="padding:3px 5px;text-align:left;background:#f3f4f6;border-bottom:1px solid #d1d5db;width:30%;font-size:11px;font-weight:600;color:#1f2937;">Serviço</th><td style="padding:3px 5px;border-bottom:1px solid #e5e7eb;font-size:11px;color:#111827;">Núcleos Habitacionais (NH)</td></tr><tr><th style="padding:3px 5px;text-align:left;background:#f3f4f6;border-bottom:1px solid #d1d5db;width:30%;font-size:11px;font-weight:600;color:#1f2937;">Setor</th><td style="padding:3px 5px;border-bottom:1px solid #e5e7eb;font-size:11px;color:#111827;">CV21000NH0037</td></tr><tr><th style="padding:3px 5px;text-align:left;background:#f3f4f6;border-bottom:1px solid #d1d5db;width:30%;font-size:11px;font-weight:600;color:#1f2937;">Tipo de Serviço</th><td style="padding:3px 5px;border-bottom:1px solid #e5e7eb;font-size:11px;color:#111827;">Limpeza em áreas de difícil acesso</td></tr><tr><th style="padding:3px 5px;text-align:left;background:#f3f4f6;border-bottom:1px solid #d1d5db;width:30%;font-size:11px;font-weight:600;color:#1f2937;">Nome</th><td style="padding:3px 5px;border-bottom:1px solid #e5e7eb;font-size:11px;color:#111827;">TRÊS FRONTEIRAS</td></tr><tr><th style="padding:3px 5px;text-align:left;background:#f3f4f6;border-bottom:1px solid #d1d5db;width:30%;font-size:11px;font-weight:600;color:#1f2937;">Logradouro</th><td style="padding:3px 5px;border-bottom:1px solid #e5e7eb;font-size:11px;color:#111827;">R Alto Sucuriu</td></tr><tr><th style="padding:3px 5px;text-align:left;background:#f3f4f6;border-bottom:1px solid #d1d5db;width:30%;font-size:11px;font-weight:600;color:#1f2937;">Subprefeitura</th><td style="padding:3px 5px;border-bottom:1px solid #e5e7eb;font-size:11px;color:#111827;">Casa Verde / Cachoeirinha</td></tr><tr><th style="padding:3px 5px;text-align:left;background:#f3f4f6;border-bottom:1px solid #d1d5db;width:30%;font-size:11px;font-weight:600;color:#1f2937;">Turno</th><td style="padding:3px 5px;border-bottom:1px solid #e5e7eb;font-size:11px;color:#111827;">Vespertino</td></tr><tr><th style="padding:3px 5px;text-align:left;background:#f3f4f6;border-bottom:1px solid #d1d5db;width:30%;font-size:11px;font-weight:600;color:#1f2937;">Frequência</th><td style="padding:3px 5px;border-bottom:1px solid #e5e7eb;font-size:11px;color:#111827;">Bimestral</td></tr><tr><th style="padding:3px 5px;text-align:left;background:#f3f4f6;border-bottom:1px solid #d1d5db;width:30%;font-size:11px;font-weight:600;color:#1f2937;">Cronograma</th><td style="padding:3px 5px;border-bottom:1px solid #e5e7eb;font-size:11px;color:#111827;">19/03/2026<br>21/05/2026<br>23/07/2026<br>25/09/2026<br>23/11/2026<br>21/01/2027</td></tr></table>]]></description><Polygon><outerBoundaryIs><LinearRing><coordinates>-46.6623400,-23.4576300,0 -46.6624500,-23.4577600,0 -46.6626000,-23.4578400,0 -46.6627600,-23.4578700,0 -46.6629300,-23.4578500,0 -46.6640600,-23.4573700,0 -46.6642000,-23.4572800,0 -46.6643600,-23.4570500,0 -46.6643900,-23.4568900,0 -46.6643600,-23.4567400,0 -46.6643200,-23.4566700,0 -46.6642700,-23.4566000,0 -46.6641400,-23.4565000,0 -46.6639000,-23.4564000,0 -46.6639800,-23.4561600,0 -46.6641300,-23.4559700,0 -46.6641600,-23.4559000,0 -46.6641800,-23.4557700,0 -46.6641500,-23.4556200,0 -46.6640600,-23.4554800,0 -46.6636300,-23.4550300,0 -46.6635000,-23.4549300,0 -46.6634200,-23.4549000,0 -46.6632500,-23.4548800,0 -46.6630900,-23.4549100,0 -46.6629400,-23.4549900,0 -46.6626900,-23.4553100,0 -46.6626300,-23.4554400,0 -46.6625400,-23.4554600,0 -46.6623900,-23.4555300,0 -46.6623200,-23.4555800,0 -46.6622300,-23.4557100,0 -46.6621900,-23.4558600,0 -46.6622300,-23.4562700,0 -46.6620300,-23.4563700,0 -46.6619700,-23.4564300,0 -46.6618900,-23.4565700,0 -46.6618700,-23.4567200,0 -46.6619200,-23.4569200,0 -46.6623400,-23.4576300,0</coordinates></LinearRing></outerBoundaryIs></Polygon></Placemark>
<Style id="s-NH-37">
<LineStyle><color>ff2fffad</color><width>2.0</width></LineStyle>
<PolyStyle><color>ff2fffad</color></PolyStyle>
<IconStyle><color>ff2fffad</color><scale>0.55</scale>
<Icon><href>http://maps.google.com/mapfiles/kml/shapes/placemark_circle.png</href></Icon>
</IconStyle>
<LabelStyle><scale>0.65</scale></LabelStyle>
</Style><Placemark><name>CLAUDIO GONZAGA DE SOUZA</name><styleUrl>#s-NH-37</styleUrl><description><![CDATA[<table style="border-collapse:collapse;width:100%;font-family:'Helvetica Neue',Helvetica,Arial,sans-serif;font-size:11px;border:1px solid #e5e7eb;border-radius:8px;overflow:hidden;"><tr><th colspan="2" style="padding:5px 8px;background:#1f6feb;color:#fff;text-align:left;font-size:12px;font-weight:600;">CLAUDIO GONZAGA DE SOUZA</th></tr><tr><th style="padding:3px 5px;text-align:left;background:#f3f4f6;border-bottom:1px solid #d1d5db;width:30%;font-size:11px;font-weight:600;color:#1f2937;">Serviço</th><td style="padding:3px 5px;border-bottom:1px solid #e5e7eb;font-size:11px;color:#111827;">Núcleos Habitacionais (NH)</td></tr><tr><th style="padding:3px 5px;text-align:left;background:#f3f4f6;border-bottom:1px solid #d1d5db;width:30%;font-size:11px;font-weight:600;color:#1f2937;">Setor</th><td style="padding:3px 5px;border-bottom:1px solid #e5e7eb;font-size:11px;color:#111827;">CV21000NH0038</td></tr><tr><th style="padding:3px 5px;text-align:left;background:#f3f4f6;border-bottom:1px solid #d1d5db;width:30%;font-size:11px;font-weight:600;color:#1f2937;">Tipo de Serviço</th><td style="padding:3px 5px;border-bottom:1px solid #e5e7eb;font-size:11px;color:#111827;">Limpeza em áreas de difícil acesso</td></tr><tr><th style="padding:3px 5px;text-align:left;background:#f3f4f6;border-bottom:1px solid #d1d5db;width:30%;font-size:11px;font-weight:600;color:#1f2937;">Nome</th><td style="padding:3px 5px;border-bottom:1px solid #e5e7eb;font-size:11px;color:#111827;">CLAUDIO GONZAGA DE SOUZA</td></tr><tr><th style="padding:3px 5px;text-align:left;background:#f3f4f6;border-bottom:1px solid #d1d5db;width:30%;font-size:11px;font-weight:600;color:#1f2937;">Logradouro</th><td style="padding:3px 5px;border-bottom:1px solid #e5e7eb;font-size:11px;color:#111827;">R S Roque de Minas</td></tr><tr><th style="padding:3px 5px;text-align:left;background:#f3f4f6;border-bottom:1px solid #d1d5db;width:30%;font-size:11px;font-weight:600;color:#1f2937;">Subprefeitura</th><td style="padding:3px 5px;border-bottom:1px solid #e5e7eb;font-size:11px;color:#111827;">Casa Verde / Cachoeirinha</td></tr><tr><th style="padding:3px 5px;text-align:left;background:#f3f4f6;border-bottom:1px solid #d1d5db;width:30%;font-size:11px;font-weight:600;color:#1f2937;">Turno</th><td style="padding:3px 5px;border-bottom:1px solid #e5e7eb;font-size:11px;color:#111827;">Vespertino</td></tr><tr><th style="padding:3px 5px;text-align:left;background:#f3f4f6;border-bottom:1px solid #d1d5db;width:30%;font-size:11px;font-weight:600;color:#1f2937;">Frequência</th><td style="padding:3px 5px;border-bottom:1px solid #e5e7eb;font-size:11px;color:#111827;">Bimestral</td></tr><tr><th style="padding:3px 5px;text-align:left;background:#f3f4f6;border-bottom:1px solid #d1d5db;width:30%;font-size:11px;font-weight:600;color:#1f2937;">Cronograma</th><td style="padding:3px 5px;border-bottom:1px solid #e5e7eb;font-size:11px;color:#111827;">19/03/2026<br>21/05/2026<br>23/07/2026<br>25/09/2026<br>23/11/2026<br>21/01/2027</td></tr></table>]]></description><Polygon><outerBoundaryIs><LinearRing><coordinates>-46.6640900,-23.4540300,0 -46.6639400,-23.4542200,0 -46.6639100,-23.4543800,0 -46.6639200,-23.4544500,0 -46.6639400,-23.4545300,0 -46.6640300,-23.4547100,0 -46.6642300,-23.4554000,0 -46.6643400,-23.4556200,0 -46.6645200,-23.4557800,0 -46.6646000,-23.4558100,0 -46.6647700,-23.4558300,0 -46.6651600,-23.4557500,0 -46.6653100,-23.4556800,0 -46.6654200,-23.4555700,0 -46.6654900,-23.4554200,0 -46.6655000,-23.4553100,0 -46.6654800,-23.4549800,0 -46.6654200,-23.4548300,0 -46.6652100,-23.4546000,0 -46.6651200,-23.4541200,0 -46.6650600,-23.4539700,0 -46.6649500,-23.4538500,0 -46.6648800,-23.4538100,0 -46.6646300,-23.4537500,0 -46.6644600,-23.4537800,0 -46.6643900,-23.4538100,0 -46.6640900,-23.4540300,0</coordinates></LinearRing></outerBoundaryIs></Polygon></Placemark>
<Style id="s-NH-38">
<LineStyle><color>ff2fffad</color><width>2.0</width></LineStyle>
<PolyStyle><color>ff2fffad</color></PolyStyle>
<IconStyle><color>ff2fffad</color><scale>0.55</scale>
<Icon><href>http://maps.google.com/mapfiles/kml/shapes/placemark_circle.png</href></Icon>
</IconStyle>
<LabelStyle><scale>0.65</scale></LabelStyle>
</Style><Placemark><name>CÓRREGO DO BISPO</name><styleUrl>#s-NH-38</styleUrl><description><![CDATA[<table style="border-collapse:collapse;width:100%;font-family:'Helvetica Neue',Helvetica,Arial,sans-serif;font-size:11px;border:1px solid #e5e7eb;border-radius:8px;overflow:hidden;"><tr><th colspan="2" style="padding:5px 8px;background:#1f6feb;color:#fff;text-align:left;font-size:12px;font-weight:600;">CÓRREGO DO BISPO</th></tr><tr><th style="padding:3px 5px;text-align:left;background:#f3f4f6;border-bottom:1px solid #d1d5db;width:30%;font-size:11px;font-weight:600;color:#1f2937;">Serviço</th><td style="padding:3px 5px;border-bottom:1px solid #e5e7eb;font-size:11px;color:#111827;">Núcleos Habitacionais (NH)</td></tr><tr><th style="padding:3px 5px;text-align:left;background:#f3f4f6;border-bottom:1px solid #d1d5db;width:30%;font-size:11px;font-weight:600;color:#1f2937;">Setor</th><td style="padding:3px 5px;border-bottom:1px solid #e5e7eb;font-size:11px;color:#111827;">CV21000NH0039</td></tr><tr><th style="padding:3px 5px;text-align:left;background:#f3f4f6;border-bottom:1px solid #d1d5db;width:30%;font-size:11px;font-weight:600;color:#1f2937;">Tipo de Serviço</th><td style="padding:3px 5px;border-bottom:1px solid #e5e7eb;font-size:11px;color:#111827;">Limpeza em áreas de difícil acesso</td></tr><tr><th style="padding:3px 5px;text-align:left;background:#f3f4f6;border-bottom:1px solid #d1d5db;width:30%;font-size:11px;font-weight:600;color:#1f2937;">Nome</th><td style="padding:3px 5px;border-bottom:1px solid #e5e7eb;font-size:11px;color:#111827;">CÓRREGO DO BISPO</td></tr><tr><th style="padding:3px 5px;text-align:left;background:#f3f4f6;border-bottom:1px solid #d1d5db;width:30%;font-size:11px;font-weight:600;color:#1f2937;">Logradouro</th><td style="padding:3px 5px;border-bottom:1px solid #e5e7eb;font-size:11px;color:#111827;">R Claudio Gonzaga de Souza</td></tr><tr><th style="padding:3px 5px;text-align:left;background:#f3f4f6;border-bottom:1px solid #d1d5db;width:30%;font-size:11px;font-weight:600;color:#1f2937;">Subprefeitura</th><td style="padding:3px 5px;border-bottom:1px solid #e5e7eb;font-size:11px;color:#111827;">Casa Verde / Cachoeirinha</td></tr><tr><th style="padding:3px 5px;text-align:left;background:#f3f4f6;border-bottom:1px solid #d1d5db;width:30%;font-size:11px;font-weight:600;color:#1f2937;">Turno</th><td style="padding:3px 5px;border-bottom:1px solid #e5e7eb;font-size:11px;color:#111827;">Vespertino</td></tr><tr><th style="padding:3px 5px;text-align:left;background:#f3f4f6;border-bottom:1px solid #d1d5db;width:30%;font-size:11px;font-weight:600;color:#1f2937;">Frequência</th><td style="padding:3px 5px;border-bottom:1px solid #e5e7eb;font-size:11px;color:#111827;">Bimestral</td></tr><tr><th style="padding:3px 5px;text-align:left;background:#f3f4f6;border-bottom:1px solid #d1d5db;width:30%;font-size:11px;font-weight:600;color:#1f2937;">Cronograma</th><td style="padding:3px 5px;border-bottom:1px solid #e5e7eb;font-size:11px;color:#111827;">20/03/2026<br>22/05/2026<br>24/07/2026<br>26/09/2026<br>24/11/2026<br>22/01/2027</td></tr></table>]]></description><Polygon><outerBoundaryIs><LinearRing><coordinates>-46.6652700,-23.4546400,0 -46.6654600,-23.4547400,0 -46.6656200,-23.4547900,0 -46.6657900,-23.4547800,0 -46.6659500,-23.4547200,0 -46.6661200,-23.4545500,0 -46.6662600,-23.4540800,0 -46.6662900,-23.4536300,0 -46.6662600,-23.4534800,0 -46.6662200,-23.4534100,0 -46.6661100,-23.4532900,0 -46.6656400,-23.4530200,0 -46.6650700,-23.4528600,0 -46.6647600,-23.4527100,0 -46.6637600,-23.4523700,0 -46.6631900,-23.4522400,0 -46.6631100,-23.4522400,0 -46.6629300,-23.4522800,0 -46.6624800,-23.4522000,0 -46.6623900,-23.4522000,0 -46.6622500,-23.4522400,0 -46.6617300,-23.4521400,0 -46.6615600,-23.4521600,0 -46.6614800,-23.4521900,0 -46.6613700,-23.4522700,0 -46.6611400,-23.4522700,0 -46.6609800,-23.4523200,0 -46.6608500,-23.4524300,0 -46.6607700,-23.4525600,0 -46.6607500,-23.4526400,0 -46.6607600,-23.4528900,0 -46.6607800,-23.4529700,0 -46.6608700,-23.4531000,0 -46.6609300,-23.4531600,0 -46.6610800,-23.4532300,0 -46.6612100,-23.4532600,0 -46.6615100,-23.4532800,0 -46.6615300,-23.4533500,0 -46.6616200,-23.4534900,0 -46.6617500,-23.4535900,0 -46.6618200,-23.4536200,0 -46.6619900,-23.4536500,0 -46.6620800,-23.4536500,0 -46.6622500,-23.4536000,0 -46.6624100,-23.4535900,0 -46.6625400,-23.4536800,0 -46.6628000,-23.4539300,0 -46.6630200,-23.4540500,0 -46.6637900,-23.4540600,0 -46.6639200,-23.4540800,0 -46.6640300,-23.4541300,0 -46.6640500,-23.4542200,0 -46.6641200,-23.4543600,0 -46.6642500,-23.4544700,0 -46.6643200,-23.4545000,0 -46.6644000,-23.4545300,0 -46.6646300,-23.4545500,0 -46.6649300,-23.4545100,0 -46.6651700,-23.4545800,0 -46.6652700,-23.4546400,0</coordinates></LinearRing></outerBoundaryIs></Polygon></Placemark>
<Style id="s-NH-39">
<LineStyle><color>ff2fffad</color><width>2.0</width></LineStyle>
<PolyStyle><color>ff2fffad</color></PolyStyle>
<IconStyle><color>ff2fffad</color><scale>0.55</scale>
<Icon><href>http://maps.google.com/mapfiles/kml/shapes/placemark_circle.png</href></Icon>
</IconStyle>
<LabelStyle><scale>0.65</scale></LabelStyle>
</Style><Placemark><name>ENCOSTA DO CÓRREGO DO BISPO</name><styleUrl>#s-NH-39</styleUrl><description><![CDATA[<table style="border-collapse:collapse;width:100%;font-family:'Helvetica Neue',Helvetica,Arial,sans-serif;font-size:11px;border:1px solid #e5e7eb;border-radius:8px;overflow:hidden;"><tr><th colspan="2" style="padding:5px 8px;background:#1f6feb;color:#fff;text-align:left;font-size:12px;font-weight:600;">ENCOSTA DO CÓRREGO DO BISPO</th></tr><tr><th style="padding:3px 5px;text-align:left;background:#f3f4f6;border-bottom:1px solid #d1d5db;width:30%;font-size:11px;font-weight:600;color:#1f2937;">Serviço</th><td style="padding:3px 5px;border-bottom:1px solid #e5e7eb;font-size:11px;color:#111827;">Núcleos Habitacionais (NH)</td></tr><tr><th style="padding:3px 5px;text-align:left;background:#f3f4f6;border-bottom:1px solid #d1d5db;width:30%;font-size:11px;font-weight:600;color:#1f2937;">Setor</th><td style="padding:3px 5px;border-bottom:1px solid #e5e7eb;font-size:11px;color:#111827;">CV21000NH0040</td></tr><tr><th style="padding:3px 5px;text-align:left;background:#f3f4f6;border-bottom:1px solid #d1d5db;width:30%;font-size:11px;font-weight:600;color:#1f2937;">Tipo de Serviço</th><td style="padding:3px 5px;border-bottom:1px solid #e5e7eb;font-size:11px;color:#111827;">Limpeza em áreas de difícil acesso</td></tr><tr><th style="padding:3px 5px;text-align:left;background:#f3f4f6;border-bottom:1px solid #d1d5db;width:30%;font-size:11px;font-weight:600;color:#1f2937;">Nome</th><td style="padding:3px 5px;border-bottom:1px solid #e5e7eb;font-size:11px;color:#111827;">ENCOSTA DO CÓRREGO DO BISPO</td></tr><tr><th style="padding:3px 5px;text-align:left;background:#f3f4f6;border-bottom:1px solid #d1d5db;width:30%;font-size:11px;font-weight:600;color:#1f2937;">Logradouro</th><td style="padding:3px 5px;border-bottom:1px solid #e5e7eb;font-size:11px;color:#111827;">R Gervasio Leite Rebelo</td></tr><tr><th style="padding:3px 5px;text-align:left;background:#f3f4f6;border-bottom:1px solid #d1d5db;width:30%;font-size:11px;font-weight:600;color:#1f2937;">Subprefeitura</th><td style="padding:3px 5px;border-bottom:1px solid #e5e7eb;font-size:11px;color:#111827;">Casa Verde / Cachoeirinha</td></tr><tr><th style="padding:3px 5px;text-align:left;background:#f3f4f6;border-bottom:1px solid #d1d5db;width:30%;font-size:11px;font-weight:600;color:#1f2937;">Turno</th><td style="padding:3px 5px;border-bottom:1px solid #e5e7eb;font-size:11px;color:#111827;">Vespertino</td></tr><tr><th style="padding:3px 5px;text-align:left;background:#f3f4f6;border-bottom:1px solid #d1d5db;width:30%;font-size:11px;font-weight:600;color:#1f2937;">Frequência</th><td style="padding:3px 5px;border-bottom:1px solid #e5e7eb;font-size:11px;color:#111827;">Bimestral</td></tr><tr><th style="padding:3px 5px;text-align:left;background:#f3f4f6;border-bottom:1px solid #d1d5db;width:30%;font-size:11px;font-weight:600;color:#1f2937;">Cronograma</th><td style="padding:3px 5px;border-bottom:1px solid #e5e7eb;font-size:11px;color:#111827;">20/03/2026<br>22/05/2026<br>24/07/2026<br>26/09/2026<br>24/11/2026<br>22/01/2027</td></tr></table>]]></description><Polygon><outerBoundaryIs><LinearRing><coordinates>-46.6705200,-23.4530500,0 -46.6706000,-23.4530200,0 -46.6708200,-23.4528400,0 -46.6714700,-23.4526200,0 -46.6716000,-23.4525100,0 -46.6716900,-23.4523800,0 -46.6717100,-23.4523000,0 -46.6717100,-23.4521500,0 -46.6715200,-23.4515300,0 -46.6714200,-23.4514100,0 -46.6712800,-23.4513200,0 -46.6711200,-23.4512800,0 -46.6709500,-23.4512900,0 -46.6708400,-23.4513300,0 -46.6700700,-23.4517200,0 -46.6690800,-23.4523400,0 -46.6684600,-23.4526000,0 -46.6679300,-23.4529800,0 -46.6674200,-23.4533000,0 -46.6665200,-23.4532600,0 -46.6658400,-23.4529500,0 -46.6644600,-23.4523700,0 -46.6637100,-23.4520900,0 -46.6632900,-23.4520200,0 -46.6612700,-23.4519000,0 -46.6611100,-23.4519400,0 -46.6609700,-23.4520300,0 -46.6608700,-23.4521600,0 -46.6608300,-23.4523100,0 -46.6608300,-23.4523900,0 -46.6608800,-23.4525400,0 -46.6610500,-23.4528200,0 -46.6611600,-23.4529400,0 -46.6613100,-23.4530200,0 -46.6614000,-23.4530400,0 -46.6615700,-23.4530400,0 -46.6617200,-23.4530000,0 -46.6622100,-23.4531100,0 -46.6624800,-23.4530700,0 -46.6629000,-23.4531300,0 -46.6631500,-23.4531200,0 -46.6636400,-23.4532600,0 -46.6647600,-23.4536700,0 -46.6652700,-23.4538300,0 -46.6654200,-23.4539200,0 -46.6654400,-23.4539900,0 -46.6655200,-23.4541300,0 -46.6656500,-23.4542400,0 -46.6661900,-23.4544700,0 -46.6663600,-23.4545100,0 -46.6669900,-23.4545300,0 -46.6675400,-23.4545100,0 -46.6676900,-23.4544800,0 -46.6682000,-23.4543100,0 -46.6683500,-23.4542300,0 -46.6686100,-23.4539700,0 -46.6696900,-23.4534000,0 -46.6705200,-23.4530500,0</coordinates></LinearRing></outerBoundaryIs></Polygon></Placemark>
<Style id="s-NH-40">
<LineStyle><color>ff2fffad</color><width>2.0</width></LineStyle>
<PolyStyle><color>ff2fffad</color></PolyStyle>
<IconStyle><color>ff2fffad</color><scale>0.55</scale>
<Icon><href>http://maps.google.com/mapfiles/kml/shapes/placemark_circle.png</href></Icon>
</IconStyle>
<LabelStyle><scale>0.65</scale></LabelStyle>
</Style><Placemark><name>FUTURO MELHOR</name><styleUrl>#s-NH-40</styleUrl><description><![CDATA[<table style="border-collapse:collapse;width:100%;font-family:'Helvetica Neue',Helvetica,Arial,sans-serif;font-size:11px;border:1px solid #e5e7eb;border-radius:8px;overflow:hidden;"><tr><th colspan="2" style="padding:5px 8px;background:#1f6feb;color:#fff;text-align:left;font-size:12px;font-weight:600;">FUTURO MELHOR</th></tr><tr><th style="padding:3px 5px;text-align:left;background:#f3f4f6;border-bottom:1px solid #d1d5db;width:30%;font-size:11px;font-weight:600;color:#1f2937;">Serviço</th><td style="padding:3px 5px;border-bottom:1px solid #e5e7eb;font-size:11px;color:#111827;">Núcleos Habitacionais (NH)</td></tr><tr><th style="padding:3px 5px;text-align:left;background:#f3f4f6;border-bottom:1px solid #d1d5db;width:30%;font-size:11px;font-weight:600;color:#1f2937;">Setor</th><td style="padding:3px 5px;border-bottom:1px solid #e5e7eb;font-size:11px;color:#111827;">CV21000NH0041</td></tr><tr><th style="padding:3px 5px;text-align:left;background:#f3f4f6;border-bottom:1px solid #d1d5db;width:30%;font-size:11px;font-weight:600;color:#1f2937;">Tipo de Serviço</th><td style="padding:3px 5px;border-bottom:1px solid #e5e7eb;font-size:11px;color:#111827;">Limpeza em áreas de difícil acesso</td></tr><tr><th style="padding:3px 5px;text-align:left;background:#f3f4f6;border-bottom:1px solid #d1d5db;width:30%;font-size:11px;font-weight:600;color:#1f2937;">Nome</th><td style="padding:3px 5px;border-bottom:1px solid #e5e7eb;font-size:11px;color:#111827;">FUTURO MELHOR</td></tr><tr><th style="padding:3px 5px;text-align:left;background:#f3f4f6;border-bottom:1px solid #d1d5db;width:30%;font-size:11px;font-weight:600;color:#1f2937;">Logradouro</th><td style="padding:3px 5px;border-bottom:1px solid #e5e7eb;font-size:11px;color:#111827;">Vla Benedito Batista</td></tr><tr><th style="padding:3px 5px;text-align:left;background:#f3f4f6;border-bottom:1px solid #d1d5db;width:30%;font-size:11px;font-weight:600;color:#1f2937;">Subprefeitura</th><td style="padding:3px 5px;border-bottom:1px solid #e5e7eb;font-size:11px;color:#111827;">Casa Verde / Cachoeirinha</td></tr><tr><th style="padding:3px 5px;text-align:left;background:#f3f4f6;border-bottom:1px solid #d1d5db;width:30%;font-size:11px;font-weight:600;color:#1f2937;">Turno</th><td style="padding:3px 5px;border-bottom:1px solid #e5e7eb;font-size:11px;color:#111827;">Vespertino</td></tr><tr><th style="padding:3px 5px;text-align:left;background:#f3f4f6;border-bottom:1px solid #d1d5db;width:30%;font-size:11px;font-weight:600;color:#1f2937;">Frequência</th><td style="padding:3px 5px;border-bottom:1px solid #e5e7eb;font-size:11px;color:#111827;">Bimestral</td></tr><tr><th style="padding:3px 5px;text-align:left;background:#f3f4f6;border-bottom:1px solid #d1d5db;width:30%;font-size:11px;font-weight:600;color:#1f2937;">Cronograma</th><td style="padding:3px 5px;border-bottom:1px solid #e5e7eb;font-size:11px;color:#111827;">20/03/2026<br>22/05/2026<br>24/07/2026<br>26/09/2026<br>24/11/2026<br>22/01/2027</td></tr></table>]]></description><Polygon><outerBoundaryIs><LinearRing><coordinates>-46.6700200,-23.4539900,0 -46.6703900,-23.4539200,0 -46.6712700,-23.4538200,0 -46.6727700,-23.4535800,0 -46.6735100,-23.4539600,0 -46.6736700,-23.4540100,0 -46.6738400,-23.4540100,0 -46.6741400,-23.4539000,0 -46.6743400,-23.4537600,0 -46.6744300,-23.4535400,0 -46.6744200,-23.4533700,0 -46.6741400,-23.4524400,0 -46.6740400,-23.4523100,0 -46.6739000,-23.4522200,0 -46.6726000,-23.4518200,0 -46.6725000,-23.4518100,0 -46.6711800,-23.4518700,0 -46.6706200,-23.4520700,0 -46.6701800,-23.4522900,0 -46.6695300,-23.4525300,0 -46.6680200,-23.4532900,0 -46.6677700,-23.4535500,0 -46.6673700,-23.4536900,0 -46.6669500,-23.4537200,0 -46.6668000,-23.4537900,0 -46.6666700,-23.4539000,0 -46.6666000,-23.4540400,0 -46.6665900,-23.4541900,0 -46.6666300,-23.4547400,0 -46.6666600,-23.4548100,0 -46.6667600,-23.4549400,0 -46.6669300,-23.4550500,0 -46.6674800,-23.4552500,0 -46.6677300,-23.4552800,0 -46.6684200,-23.4550700,0 -46.6690600,-23.4545700,0 -46.6700200,-23.4539900,0</coordinates></LinearRing></outerBoundaryIs></Polygon></Placemark>
<Style id="s-NH-41">
<LineStyle><color>ff2fffad</color><width>2.0</width></LineStyle>
<PolyStyle><color>ff2fffad</color></PolyStyle>
<IconStyle><color>ff2fffad</color><scale>0.55</scale>
<Icon><href>http://maps.google.com/mapfiles/kml/shapes/placemark_circle.png</href></Icon>
</IconStyle>
<LabelStyle><scale>0.65</scale></LabelStyle>
</Style><Placemark><name>FRANCISCO EUGENIO DO AMARAL</name><styleUrl>#s-NH-41</styleUrl><description><![CDATA[<table style="border-collapse:collapse;width:100%;font-family:'Helvetica Neue',Helvetica,Arial,sans-serif;font-size:11px;border:1px solid #e5e7eb;border-radius:8px;overflow:hidden;"><tr><th colspan="2" style="padding:5px 8px;background:#1f6feb;color:#fff;text-align:left;font-size:12px;font-weight:600;">FRANCISCO EUGENIO DO AMARAL</th></tr><tr><th style="padding:3px 5px;text-align:left;background:#f3f4f6;border-bottom:1px solid #d1d5db;width:30%;font-size:11px;font-weight:600;color:#1f2937;">Serviço</th><td style="padding:3px 5px;border-bottom:1px solid #e5e7eb;font-size:11px;color:#111827;">Núcleos Habitacionais (NH)</td></tr><tr><th style="padding:3px 5px;text-align:left;background:#f3f4f6;border-bottom:1px solid #d1d5db;width:30%;font-size:11px;font-weight:600;color:#1f2937;">Setor</th><td style="padding:3px 5px;border-bottom:1px solid #e5e7eb;font-size:11px;color:#111827;">CV21000NH0042</td></tr><tr><th style="padding:3px 5px;text-align:left;background:#f3f4f6;border-bottom:1px solid #d1d5db;width:30%;font-size:11px;font-weight:600;color:#1f2937;">Tipo de Serviço</th><td style="padding:3px 5px;border-bottom:1px solid #e5e7eb;font-size:11px;color:#111827;">Limpeza em áreas de difícil acesso</td></tr><tr><th style="padding:3px 5px;text-align:left;background:#f3f4f6;border-bottom:1px solid #d1d5db;width:30%;font-size:11px;font-weight:600;color:#1f2937;">Nome</th><td style="padding:3px 5px;border-bottom:1px solid #e5e7eb;font-size:11px;color:#111827;">FRANCISCO EUGENIO DO AMARAL</td></tr><tr><th style="padding:3px 5px;text-align:left;background:#f3f4f6;border-bottom:1px solid #d1d5db;width:30%;font-size:11px;font-weight:600;color:#1f2937;">Logradouro</th><td style="padding:3px 5px;border-bottom:1px solid #e5e7eb;font-size:11px;color:#111827;">R Antonio Lopes de Barros</td></tr><tr><th style="padding:3px 5px;text-align:left;background:#f3f4f6;border-bottom:1px solid #d1d5db;width:30%;font-size:11px;font-weight:600;color:#1f2937;">Subprefeitura</th><td style="padding:3px 5px;border-bottom:1px solid #e5e7eb;font-size:11px;color:#111827;">Casa Verde / Cachoeirinha</td></tr><tr><th style="padding:3px 5px;text-align:left;background:#f3f4f6;border-bottom:1px solid #d1d5db;width:30%;font-size:11px;font-weight:600;color:#1f2937;">Turno</th><td style="padding:3px 5px;border-bottom:1px solid #e5e7eb;font-size:11px;color:#111827;">Vespertino</td></tr><tr><th style="padding:3px 5px;text-align:left;background:#f3f4f6;border-bottom:1px solid #d1d5db;width:30%;font-size:11px;font-weight:600;color:#1f2937;">Frequência</th><td style="padding:3px 5px;border-bottom:1px solid #e5e7eb;font-size:11px;color:#111827;">Bimestral</td></tr><tr><th style="padding:3px 5px;text-align:left;background:#f3f4f6;border-bottom:1px solid #d1d5db;width:30%;font-size:11px;font-weight:600;color:#1f2937;">Cronograma</th><td style="padding:3px 5px;border-bottom:1px solid #e5e7eb;font-size:11px;color:#111827;">20/03/2026<br>22/05/2026<br>24/07/2026<br>26/09/2026<br>24/11/2026<br>22/01/2027</td></tr></table>]]></description><Polygon><outerBoundaryIs><LinearRing><coordinates>-46.6709100,-23.4555200,0 -46.6711200,-23.4556600,0 -46.6712000,-23.4556800,0 -46.6714000,-23.4557100,0 -46.6715700,-23.4556800,0 -46.6717100,-23.4556100,0 -46.6720700,-23.4553300,0 -46.6722200,-23.4551400,0 -46.6722400,-23.4550600,0 -46.6722400,-23.4549100,0 -46.6721800,-23.4547600,0 -46.6720700,-23.4546400,0 -46.6719200,-23.4545600,0 -46.6719500,-23.4544100,0 -46.6719400,-23.4542900,0 -46.6719800,-23.4539500,0 -46.6720900,-23.4538300,0 -46.6721600,-23.4537100,0 -46.6721800,-23.4536400,0 -46.6721800,-23.4534900,0 -46.6721300,-23.4533500,0 -46.6720700,-23.4532700,0 -46.6720100,-23.4532100,0 -46.6718600,-23.4531300,0 -46.6713700,-23.4530300,0 -46.6710500,-23.4530300,0 -46.6708800,-23.4530800,0 -46.6708100,-23.4531200,0 -46.6706900,-23.4532300,0 -46.6706500,-23.4533000,0 -46.6706100,-23.4534500,0 -46.6706100,-23.4537100,0 -46.6706500,-23.4539000,0 -46.6707300,-23.4540400,0 -46.6707400,-23.4541800,0 -46.6706800,-23.4544200,0 -46.6706800,-23.4546100,0 -46.6705900,-23.4547400,0 -46.6705600,-23.4549800,0 -46.6706200,-23.4551200,0 -46.6707100,-23.4552400,0 -46.6707700,-23.4553900,0 -46.6709100,-23.4555200,0</coordinates></LinearRing></outerBoundaryIs></Polygon></Placemark>
<Style id="s-NH-42">
<LineStyle><color>ff82004b</color><width>2.0</width></LineStyle>
<PolyStyle><color>ff82004b</color></PolyStyle>
<IconStyle><color>ff82004b</color><scale>0.55</scale>
<Icon><href>http://maps.google.com/mapfiles/kml/shapes/placemark_circle.png</href></Icon>
</IconStyle>
<LabelStyle><scale>0.65</scale></LabelStyle>
</Style><Placemark><name>AQUARELA DO PARQUE EDU CHAVES</name><styleUrl>#s-NH-42</styleUrl><description><![CDATA[<table style="border-collapse:collapse;width:100%;font-family:'Helvetica Neue',Helvetica,Arial,sans-serif;font-size:11px;border:1px solid #e5e7eb;border-radius:8px;overflow:hidden;"><tr><th colspan="2" style="padding:5px 8px;background:#1f6feb;color:#fff;text-align:left;font-size:12px;font-weight:600;">AQUARELA DO PARQUE EDU CHAVES</th></tr><tr><th style="padding:3px 5px;text-align:left;background:#f3f4f6;border-bottom:1px solid #d1d5db;width:30%;font-size:11px;font-weight:600;color:#1f2937;">Serviço</th><td style="padding:3px 5px;border-bottom:1px solid #e5e7eb;font-size:11px;color:#111827;">Núcleos Habitacionais (NH)</td></tr><tr><th style="padding:3px 5px;text-align:left;background:#f3f4f6;border-bottom:1px solid #d1d5db;width:30%;font-size:11px;font-weight:600;color:#1f2937;">Setor</th><td style="padding:3px 5px;border-bottom:1px solid #e5e7eb;font-size:11px;color:#111827;">JT21000NH0001</td></tr><tr><th style="padding:3px 5px;text-align:left;background:#f3f4f6;border-bottom:1px solid #d1d5db;width:30%;font-size:11px;font-weight:600;color:#1f2937;">Tipo de Serviço</th><td style="padding:3px 5px;border-bottom:1px solid #e5e7eb;font-size:11px;color:#111827;">Limpeza em áreas de difícil acesso</td></tr><tr><th style="padding:3px 5px;text-align:left;background:#f3f4f6;border-bottom:1px solid #d1d5db;width:30%;font-size:11px;font-weight:600;color:#1f2937;">Nome</th><td style="padding:3px 5px;border-bottom:1px solid #e5e7eb;font-size:11px;color:#111827;">AQUARELA DO PARQUE EDU CHAVES</td></tr><tr><th style="padding:3px 5px;text-align:left;background:#f3f4f6;border-bottom:1px solid #d1d5db;width:30%;font-size:11px;font-weight:600;color:#1f2937;">Logradouro</th><td style="padding:3px 5px;border-bottom:1px solid #e5e7eb;font-size:11px;color:#111827;">ROD FERNAO DIAS/BR-381</td></tr><tr><th style="padding:3px 5px;text-align:left;background:#f3f4f6;border-bottom:1px solid #d1d5db;width:30%;font-size:11px;font-weight:600;color:#1f2937;">Subprefeitura</th><td style="padding:3px 5px;border-bottom:1px solid #e5e7eb;font-size:11px;color:#111827;">Jaçanã / Tucuruvi</td></tr><tr><th style="padding:3px 5px;text-align:left;background:#f3f4f6;border-bottom:1px solid #d1d5db;width:30%;font-size:11px;font-weight:600;color:#1f2937;">Turno</th><td style="padding:3px 5px;border-bottom:1px solid #e5e7eb;font-size:11px;color:#111827;">Vespertino</td></tr><tr><th style="padding:3px 5px;text-align:left;background:#f3f4f6;border-bottom:1px solid #d1d5db;width:30%;font-size:11px;font-weight:600;color:#1f2937;">Frequência</th><td style="padding:3px 5px;border-bottom:1px solid #e5e7eb;font-size:11px;color:#111827;">Bimestral</td></tr><tr><th style="padding:3px 5px;text-align:left;background:#f3f4f6;border-bottom:1px solid #d1d5db;width:30%;font-size:11px;font-weight:600;color:#1f2937;">Cronograma</th><td style="padding:3px 5px;border-bottom:1px solid #e5e7eb;font-size:11px;color:#111827;">04/05/2026<br>06/07/2026<br>08/09/2026<br>03/11/2026<br>04/01/2027<br>01/03/2027</td></tr></table>]]></description><Polygon><outerBoundaryIs><LinearRing><coordinates>-46.5684300,-23.4693500,0 -46.5675200,-23.4698600,0 -46.5674100,-23.4699800,0 -46.5673500,-23.4702100,0 -46.5673600,-23.4702900,0 -46.5674200,-23.4704300,0 -46.5675300,-23.4705500,0 -46.5682800,-23.4709500,0 -46.5685300,-23.4710100,0 -46.5687700,-23.4709500,0 -46.5689000,-23.4708500,0 -46.5690000,-23.4707000,0 -46.5691600,-23.4706700,0 -46.5692400,-23.4706300,0 -46.5693600,-23.4705300,0 -46.5697600,-23.4698400,0 -46.5698100,-23.4697000,0 -46.5698100,-23.4695600,0 -46.5697500,-23.4694100,0 -46.5696400,-23.4692900,0 -46.5694700,-23.4691900,0 -46.5693100,-23.4691400,0 -46.5692200,-23.4691300,0 -46.5690500,-23.4691600,0 -46.5689100,-23.4692300,0 -46.5688300,-23.4693100,0 -46.5686600,-23.4692900,0 -46.5684900,-23.4693200,0 -46.5684300,-23.4693500,0</coordinates></LinearRing></outerBoundaryIs></Polygon></Placemark>
<Style id="s-NH-43">
<LineStyle><color>ff82004b</color><width>2.0</width></LineStyle>
<PolyStyle><color>ff82004b</color></PolyStyle>
<IconStyle><color>ff82004b</color><scale>0.55</scale>
<Icon><href>http://maps.google.com/mapfiles/kml/shapes/placemark_circle.png</href></Icon>
</IconStyle>
<LabelStyle><scale>0.65</scale></LabelStyle>
</Style><Placemark><name>AGUAS DE CHAPECO</name><styleUrl>#s-NH-43</styleUrl><description><![CDATA[<table style="border-collapse:collapse;width:100%;font-family:'Helvetica Neue',Helvetica,Arial,sans-serif;font-size:11px;border:1px solid #e5e7eb;border-radius:8px;overflow:hidden;"><tr><th colspan="2" style="padding:5px 8px;background:#1f6feb;color:#fff;text-align:left;font-size:12px;font-weight:600;">AGUAS DE CHAPECO</th></tr><tr><th style="padding:3px 5px;text-align:left;background:#f3f4f6;border-bottom:1px solid #d1d5db;width:30%;font-size:11px;font-weight:600;color:#1f2937;">Serviço</th><td style="padding:3px 5px;border-bottom:1px solid #e5e7eb;font-size:11px;color:#111827;">Núcleos Habitacionais (NH)</td></tr><tr><th style="padding:3px 5px;text-align:left;background:#f3f4f6;border-bottom:1px solid #d1d5db;width:30%;font-size:11px;font-weight:600;color:#1f2937;">Setor</th><td style="padding:3px 5px;border-bottom:1px solid #e5e7eb;font-size:11px;color:#111827;">JT21000NH0002</td></tr><tr><th style="padding:3px 5px;text-align:left;background:#f3f4f6;border-bottom:1px solid #d1d5db;width:30%;font-size:11px;font-weight:600;color:#1f2937;">Tipo de Serviço</th><td style="padding:3px 5px;border-bottom:1px solid #e5e7eb;font-size:11px;color:#111827;">Limpeza em áreas de difícil acesso</td></tr><tr><th style="padding:3px 5px;text-align:left;background:#f3f4f6;border-bottom:1px solid #d1d5db;width:30%;font-size:11px;font-weight:600;color:#1f2937;">Nome</th><td style="padding:3px 5px;border-bottom:1px solid #e5e7eb;font-size:11px;color:#111827;">AGUAS DE CHAPECO</td></tr><tr><th style="padding:3px 5px;text-align:left;background:#f3f4f6;border-bottom:1px solid #d1d5db;width:30%;font-size:11px;font-weight:600;color:#1f2937;">Logradouro</th><td style="padding:3px 5px;border-bottom:1px solid #e5e7eb;font-size:11px;color:#111827;">Tv Januario de Oliveira</td></tr><tr><th style="padding:3px 5px;text-align:left;background:#f3f4f6;border-bottom:1px solid #d1d5db;width:30%;font-size:11px;font-weight:600;color:#1f2937;">Subprefeitura</th><td style="padding:3px 5px;border-bottom:1px solid #e5e7eb;font-size:11px;color:#111827;">Jaçanã / Tucuruvi</td></tr><tr><th style="padding:3px 5px;text-align:left;background:#f3f4f6;border-bottom:1px solid #d1d5db;width:30%;font-size:11px;font-weight:600;color:#1f2937;">Turno</th><td style="padding:3px 5px;border-bottom:1px solid #e5e7eb;font-size:11px;color:#111827;">Vespertino</td></tr><tr><th style="padding:3px 5px;text-align:left;background:#f3f4f6;border-bottom:1px solid #d1d5db;width:30%;font-size:11px;font-weight:600;color:#1f2937;">Frequência</th><td style="padding:3px 5px;border-bottom:1px solid #e5e7eb;font-size:11px;color:#111827;">Bimestral</td></tr><tr><th style="padding:3px 5px;text-align:left;background:#f3f4f6;border-bottom:1px solid #d1d5db;width:30%;font-size:11px;font-weight:600;color:#1f2937;">Cronograma</th><td style="padding:3px 5px;border-bottom:1px solid #e5e7eb;font-size:11px;color:#111827;">04/05/2026<br>06/07/2026<br>08/09/2026<br>03/11/2026<br>04/01/2027<br>01/03/2027</td></tr></table>]]></description><Polygon><outerBoundaryIs><LinearRing><coordinates>-46.5712000,-23.4709500,0 -46.5713600,-23.4709900,0 -46.5715300,-23.4709800,0 -46.5716900,-23.4709200,0 -46.5718100,-23.4708200,0 -46.5723600,-23.4698600,0 -46.5723800,-23.4697300,0 -46.5723200,-23.4695000,0 -46.5722000,-23.4693800,0 -46.5719000,-23.4692200,0 -46.5717300,-23.4691700,0 -46.5715600,-23.4691800,0 -46.5714800,-23.4692000,0 -46.5713400,-23.4692900,0 -46.5712400,-23.4693900,0 -46.5706800,-23.4702700,0 -46.5706600,-23.4704300,0 -46.5706900,-23.4705800,0 -46.5707300,-23.4706500,0 -46.5708400,-23.4707700,0 -46.5712000,-23.4709500,0</coordinates></LinearRing></outerBoundaryIs></Polygon></Placemark>
<Style id="s-NH-44">
<LineStyle><color>ff82004b</color><width>2.0</width></LineStyle>
<PolyStyle><color>ff82004b</color></PolyStyle>
<IconStyle><color>ff82004b</color><scale>0.55</scale>
<Icon><href>http://maps.google.com/mapfiles/kml/shapes/placemark_circle.png</href></Icon>
</IconStyle>
<LabelStyle><scale>0.65</scale></LabelStyle>
</Style><Placemark><name>MIMOSA</name><styleUrl>#s-NH-44</styleUrl><description><![CDATA[<table style="border-collapse:collapse;width:100%;font-family:'Helvetica Neue',Helvetica,Arial,sans-serif;font-size:11px;border:1px solid #e5e7eb;border-radius:8px;overflow:hidden;"><tr><th colspan="2" style="padding:5px 8px;background:#1f6feb;color:#fff;text-align:left;font-size:12px;font-weight:600;">MIMOSA</th></tr><tr><th style="padding:3px 5px;text-align:left;background:#f3f4f6;border-bottom:1px solid #d1d5db;width:30%;font-size:11px;font-weight:600;color:#1f2937;">Serviço</th><td style="padding:3px 5px;border-bottom:1px solid #e5e7eb;font-size:11px;color:#111827;">Núcleos Habitacionais (NH)</td></tr><tr><th style="padding:3px 5px;text-align:left;background:#f3f4f6;border-bottom:1px solid #d1d5db;width:30%;font-size:11px;font-weight:600;color:#1f2937;">Setor</th><td style="padding:3px 5px;border-bottom:1px solid #e5e7eb;font-size:11px;color:#111827;">JT21000NH0003</td></tr><tr><th style="padding:3px 5px;text-align:left;background:#f3f4f6;border-bottom:1px solid #d1d5db;width:30%;font-size:11px;font-weight:600;color:#1f2937;">Tipo de Serviço</th><td style="padding:3px 5px;border-bottom:1px solid #e5e7eb;font-size:11px;color:#111827;">Limpeza em áreas de difícil acesso</td></tr><tr><th style="padding:3px 5px;text-align:left;background:#f3f4f6;border-bottom:1px solid #d1d5db;width:30%;font-size:11px;font-weight:600;color:#1f2937;">Nome</th><td style="padding:3px 5px;border-bottom:1px solid #e5e7eb;font-size:11px;color:#111827;">MIMOSA</td></tr><tr><th style="padding:3px 5px;text-align:left;background:#f3f4f6;border-bottom:1px solid #d1d5db;width:30%;font-size:11px;font-weight:600;color:#1f2937;">Logradouro</th><td style="padding:3px 5px;border-bottom:1px solid #e5e7eb;font-size:11px;color:#111827;">ROD FERNAO DIAS/BR-381</td></tr><tr><th style="padding:3px 5px;text-align:left;background:#f3f4f6;border-bottom:1px solid #d1d5db;width:30%;font-size:11px;font-weight:600;color:#1f2937;">Subprefeitura</th><td style="padding:3px 5px;border-bottom:1px solid #e5e7eb;font-size:11px;color:#111827;">Jaçanã / Tucuruvi</td></tr><tr><th style="padding:3px 5px;text-align:left;background:#f3f4f6;border-bottom:1px solid #d1d5db;width:30%;font-size:11px;font-weight:600;color:#1f2937;">Turno</th><td style="padding:3px 5px;border-bottom:1px solid #e5e7eb;font-size:11px;color:#111827;">Vespertino</td></tr><tr><th style="padding:3px 5px;text-align:left;background:#f3f4f6;border-bottom:1px solid #d1d5db;width:30%;font-size:11px;font-weight:600;color:#1f2937;">Frequência</th><td style="padding:3px 5px;border-bottom:1px solid #e5e7eb;font-size:11px;color:#111827;">Bimestral</td></tr><tr><th style="padding:3px 5px;text-align:left;background:#f3f4f6;border-bottom:1px solid #d1d5db;width:30%;font-size:11px;font-weight:600;color:#1f2937;">Cronograma</th><td style="padding:3px 5px;border-bottom:1px solid #e5e7eb;font-size:11px;color:#111827;">04/05/2026<br>06/07/2026<br>08/09/2026<br>03/11/2026<br>04/01/2027<br>01/03/2027</td></tr></table>]]></description><Polygon><outerBoundaryIs><LinearRing><coordinates>-46.5711800,-23.4673400,0 -46.5710800,-23.4674700,0 -46.5710300,-23.4676200,0 -46.5710400,-23.4677700,0 -46.5710700,-23.4678500,0 -46.5711400,-23.4679500,0 -46.5710100,-23.4682200,0 -46.5710400,-23.4684500,0 -46.5711900,-23.4686400,0 -46.5713900,-23.4687700,0 -46.5715500,-23.4688200,0 -46.5718000,-23.4687900,0 -46.5718800,-23.4687500,0 -46.5720100,-23.4686400,0 -46.5721500,-23.4684100,0 -46.5722700,-23.4682700,0 -46.5723600,-23.4681000,0 -46.5724100,-23.4678800,0 -46.5724100,-23.4677100,0 -46.5723600,-23.4674600,0 -46.5722800,-23.4673200,0 -46.5721000,-23.4671400,0 -46.5719500,-23.4670700,0 -46.5717900,-23.4670400,0 -46.5715400,-23.4670700,0 -46.5713800,-23.4671600,0 -46.5711800,-23.4673400,0</coordinates></LinearRing></outerBoundaryIs></Polygon></Placemark>
<Style id="s-NH-45">
<LineStyle><color>ff82004b</color><width>2.0</width></LineStyle>
<PolyStyle><color>ff82004b</color></PolyStyle>
<IconStyle><color>ff82004b</color><scale>0.55</scale>
<Icon><href>http://maps.google.com/mapfiles/kml/shapes/placemark_circle.png</href></Icon>
</IconStyle>
<LabelStyle><scale>0.65</scale></LabelStyle>
</Style><Placemark><name>JOSÉ CRISPIM</name><styleUrl>#s-NH-45</styleUrl><description><![CDATA[<table style="border-collapse:collapse;width:100%;font-family:'Helvetica Neue',Helvetica,Arial,sans-serif;font-size:11px;border:1px solid #e5e7eb;border-radius:8px;overflow:hidden;"><tr><th colspan="2" style="padding:5px 8px;background:#1f6feb;color:#fff;text-align:left;font-size:12px;font-weight:600;">JOSÉ CRISPIM</th></tr><tr><th style="padding:3px 5px;text-align:left;background:#f3f4f6;border-bottom:1px solid #d1d5db;width:30%;font-size:11px;font-weight:600;color:#1f2937;">Serviço</th><td style="padding:3px 5px;border-bottom:1px solid #e5e7eb;font-size:11px;color:#111827;">Núcleos Habitacionais (NH)</td></tr><tr><th style="padding:3px 5px;text-align:left;background:#f3f4f6;border-bottom:1px solid #d1d5db;width:30%;font-size:11px;font-weight:600;color:#1f2937;">Setor</th><td style="padding:3px 5px;border-bottom:1px solid #e5e7eb;font-size:11px;color:#111827;">JT21000NH0004</td></tr><tr><th style="padding:3px 5px;text-align:left;background:#f3f4f6;border-bottom:1px solid #d1d5db;width:30%;font-size:11px;font-weight:600;color:#1f2937;">Tipo de Serviço</th><td style="padding:3px 5px;border-bottom:1px solid #e5e7eb;font-size:11px;color:#111827;">Limpeza em áreas de difícil acesso</td></tr><tr><th style="padding:3px 5px;text-align:left;background:#f3f4f6;border-bottom:1px solid #d1d5db;width:30%;font-size:11px;font-weight:600;color:#1f2937;">Nome</th><td style="padding:3px 5px;border-bottom:1px solid #e5e7eb;font-size:11px;color:#111827;">JOSÉ CRISPIM</td></tr><tr><th style="padding:3px 5px;text-align:left;background:#f3f4f6;border-bottom:1px solid #d1d5db;width:30%;font-size:11px;font-weight:600;color:#1f2937;">Logradouro</th><td style="padding:3px 5px;border-bottom:1px solid #e5e7eb;font-size:11px;color:#111827;">R Aquiles</td></tr><tr><th style="padding:3px 5px;text-align:left;background:#f3f4f6;border-bottom:1px solid #d1d5db;width:30%;font-size:11px;font-weight:600;color:#1f2937;">Subprefeitura</th><td style="padding:3px 5px;border-bottom:1px solid #e5e7eb;font-size:11px;color:#111827;">Jaçanã / Tucuruvi</td></tr><tr><th style="padding:3px 5px;text-align:left;background:#f3f4f6;border-bottom:1px solid #d1d5db;width:30%;font-size:11px;font-weight:600;color:#1f2937;">Turno</th><td style="padding:3px 5px;border-bottom:1px solid #e5e7eb;font-size:11px;color:#111827;">Vespertino</td></tr><tr><th style="padding:3px 5px;text-align:left;background:#f3f4f6;border-bottom:1px solid #d1d5db;width:30%;font-size:11px;font-weight:600;color:#1f2937;">Frequência</th><td style="padding:3px 5px;border-bottom:1px solid #e5e7eb;font-size:11px;color:#111827;">Bimestral</td></tr><tr><th style="padding:3px 5px;text-align:left;background:#f3f4f6;border-bottom:1px solid #d1d5db;width:30%;font-size:11px;font-weight:600;color:#1f2937;">Cronograma</th><td style="padding:3px 5px;border-bottom:1px solid #e5e7eb;font-size:11px;color:#111827;">04/05/2026<br>06/07/2026<br>08/09/2026<br>03/11/2026<br>04/01/2027<br>01/03/2027</td></tr></table>]]></description><Polygon><outerBoundaryIs><LinearRing><coordinates>-46.5936600,-23.4662800,0 -46.5939900,-23.4668400,0 -46.5940500,-23.4669000,0 -46.5941900,-23.4669800,0 -46.5942800,-23.4670000,0 -46.5944500,-23.4670100,0 -46.5945300,-23.4669900,0 -46.5948800,-23.4668100,0 -46.5949900,-23.4666800,0 -46.5950500,-23.4665400,0 -46.5950600,-23.4664600,0 -46.5950300,-23.4663100,0 -46.5948200,-23.4659800,0 -46.5949000,-23.4658400,0 -46.5949200,-23.4657600,0 -46.5949100,-23.4656300,0 -46.5947900,-23.4653500,0 -46.5947000,-23.4652300,0 -46.5945600,-23.4651300,0 -46.5944600,-23.4651000,0 -46.5942800,-23.4648600,0 -46.5941400,-23.4647600,0 -46.5935700,-23.4645400,0 -46.5933200,-23.4645100,0 -46.5931600,-23.4645600,0 -46.5930200,-23.4646500,0 -46.5927700,-23.4649500,0 -46.5927300,-23.4650100,0 -46.5926800,-23.4651600,0 -46.5926900,-23.4653200,0 -46.5927500,-23.4654600,0 -46.5932800,-23.4659900,0 -46.5934900,-23.4661700,0 -46.5936400,-23.4662400,0 -46.5936600,-23.4662800,0</coordinates></LinearRing></outerBoundaryIs></Polygon></Placemark>
<Style id="s-NH-46">
<LineStyle><color>ff82004b</color><width>2.0</width></LineStyle>
<PolyStyle><color>ff82004b</color></PolyStyle>
<IconStyle><color>ff82004b</color><scale>0.55</scale>
<Icon><href>http://maps.google.com/mapfiles/kml/shapes/placemark_circle.png</href></Icon>
</IconStyle>
<LabelStyle><scale>0.65</scale></LabelStyle>
</Style><Placemark><name>MANUEL DE ANDRADE</name><styleUrl>#s-NH-46</styleUrl><description><![CDATA[<table style="border-collapse:collapse;width:100%;font-family:'Helvetica Neue',Helvetica,Arial,sans-serif;font-size:11px;border:1px solid #e5e7eb;border-radius:8px;overflow:hidden;"><tr><th colspan="2" style="padding:5px 8px;background:#1f6feb;color:#fff;text-align:left;font-size:12px;font-weight:600;">MANUEL DE ANDRADE</th></tr><tr><th style="padding:3px 5px;text-align:left;background:#f3f4f6;border-bottom:1px solid #d1d5db;width:30%;font-size:11px;font-weight:600;color:#1f2937;">Serviço</th><td style="padding:3px 5px;border-bottom:1px solid #e5e7eb;font-size:11px;color:#111827;">Núcleos Habitacionais (NH)</td></tr><tr><th style="padding:3px 5px;text-align:left;background:#f3f4f6;border-bottom:1px solid #d1d5db;width:30%;font-size:11px;font-weight:600;color:#1f2937;">Setor</th><td style="padding:3px 5px;border-bottom:1px solid #e5e7eb;font-size:11px;color:#111827;">JT21000NH0005</td></tr><tr><th style="padding:3px 5px;text-align:left;background:#f3f4f6;border-bottom:1px solid #d1d5db;width:30%;font-size:11px;font-weight:600;color:#1f2937;">Tipo de Serviço</th><td style="padding:3px 5px;border-bottom:1px solid #e5e7eb;font-size:11px;color:#111827;">Limpeza em áreas de difícil acesso</td></tr><tr><th style="padding:3px 5px;text-align:left;background:#f3f4f6;border-bottom:1px solid #d1d5db;width:30%;font-size:11px;font-weight:600;color:#1f2937;">Nome</th><td style="padding:3px 5px;border-bottom:1px solid #e5e7eb;font-size:11px;color:#111827;">MANUEL DE ANDRADE</td></tr><tr><th style="padding:3px 5px;text-align:left;background:#f3f4f6;border-bottom:1px solid #d1d5db;width:30%;font-size:11px;font-weight:600;color:#1f2937;">Logradouro</th><td style="padding:3px 5px;border-bottom:1px solid #e5e7eb;font-size:11px;color:#111827;">R Vsc de Sucena</td></tr><tr><th style="padding:3px 5px;text-align:left;background:#f3f4f6;border-bottom:1px solid #d1d5db;width:30%;font-size:11px;font-weight:600;color:#1f2937;">Subprefeitura</th><td style="padding:3px 5px;border-bottom:1px solid #e5e7eb;font-size:11px;color:#111827;">Jaçanã / Tucuruvi</td></tr><tr><th style="padding:3px 5px;text-align:left;background:#f3f4f6;border-bottom:1px solid #d1d5db;width:30%;font-size:11px;font-weight:600;color:#1f2937;">Turno</th><td style="padding:3px 5px;border-bottom:1px solid #e5e7eb;font-size:11px;color:#111827;">Vespertino</td></tr><tr><th style="padding:3px 5px;text-align:left;background:#f3f4f6;border-bottom:1px solid #d1d5db;width:30%;font-size:11px;font-weight:600;color:#1f2937;">Frequência</th><td style="padding:3px 5px;border-bottom:1px solid #e5e7eb;font-size:11px;color:#111827;">Bimestral</td></tr><tr><th style="padding:3px 5px;text-align:left;background:#f3f4f6;border-bottom:1px solid #d1d5db;width:30%;font-size:11px;font-weight:600;color:#1f2937;">Cronograma</th><td style="padding:3px 5px;border-bottom:1px solid #e5e7eb;font-size:11px;color:#111827;">04/05/2026<br>06/07/2026<br>08/09/2026<br>03/11/2026<br>04/01/2027<br>01/03/2027</td></tr></table>]]></description><Polygon><outerBoundaryIs><LinearRing><coordinates>-46.5941800,-23.4626600,0 -46.5942500,-23.4626000,0 -46.5943400,-23.4624700,0 -46.5943800,-23.4623200,0 -46.5943700,-23.4622200,0 -46.5943200,-23.4620800,0 -46.5940000,-23.4615500,0 -46.5938800,-23.4614500,0 -46.5938000,-23.4614100,0 -46.5936300,-23.4613800,0 -46.5934100,-23.4614200,0 -46.5932300,-23.4615000,0 -46.5930900,-23.4615900,0 -46.5930400,-23.4616500,0 -46.5929700,-23.4617900,0 -46.5929500,-23.4619500,0 -46.5929800,-23.4620700,0 -46.5932100,-23.4626100,0 -46.5933000,-23.4627500,0 -46.5934300,-23.4628400,0 -46.5936800,-23.4629000,0 -46.5938400,-23.4628700,0 -46.5939600,-23.4628100,0 -46.5941800,-23.4626600,0</coordinates></LinearRing></outerBoundaryIs></Polygon></Placemark>
<Style id="s-NH-47">
<LineStyle><color>ff82004b</color><width>2.0</width></LineStyle>
<PolyStyle><color>ff82004b</color></PolyStyle>
<IconStyle><color>ff82004b</color><scale>0.55</scale>
<Icon><href>http://maps.google.com/mapfiles/kml/shapes/placemark_circle.png</href></Icon>
</IconStyle>
<LabelStyle><scale>0.65</scale></LabelStyle>
</Style><Placemark><name>SÃO JOSÉ</name><styleUrl>#s-NH-47</styleUrl><description><![CDATA[<table style="border-collapse:collapse;width:100%;font-family:'Helvetica Neue',Helvetica,Arial,sans-serif;font-size:11px;border:1px solid #e5e7eb;border-radius:8px;overflow:hidden;"><tr><th colspan="2" style="padding:5px 8px;background:#1f6feb;color:#fff;text-align:left;font-size:12px;font-weight:600;">SÃO JOSÉ</th></tr><tr><th style="padding:3px 5px;text-align:left;background:#f3f4f6;border-bottom:1px solid #d1d5db;width:30%;font-size:11px;font-weight:600;color:#1f2937;">Serviço</th><td style="padding:3px 5px;border-bottom:1px solid #e5e7eb;font-size:11px;color:#111827;">Núcleos Habitacionais (NH)</td></tr><tr><th style="padding:3px 5px;text-align:left;background:#f3f4f6;border-bottom:1px solid #d1d5db;width:30%;font-size:11px;font-weight:600;color:#1f2937;">Setor</th><td style="padding:3px 5px;border-bottom:1px solid #e5e7eb;font-size:11px;color:#111827;">JT21000NH0006</td></tr><tr><th style="padding:3px 5px;text-align:left;background:#f3f4f6;border-bottom:1px solid #d1d5db;width:30%;font-size:11px;font-weight:600;color:#1f2937;">Tipo de Serviço</th><td style="padding:3px 5px;border-bottom:1px solid #e5e7eb;font-size:11px;color:#111827;">Limpeza em áreas de difícil acesso</td></tr><tr><th style="padding:3px 5px;text-align:left;background:#f3f4f6;border-bottom:1px solid #d1d5db;width:30%;font-size:11px;font-weight:600;color:#1f2937;">Nome</th><td style="padding:3px 5px;border-bottom:1px solid #e5e7eb;font-size:11px;color:#111827;">SÃO JOSÉ</td></tr><tr><th style="padding:3px 5px;text-align:left;background:#f3f4f6;border-bottom:1px solid #d1d5db;width:30%;font-size:11px;font-weight:600;color:#1f2937;">Logradouro</th><td style="padding:3px 5px;border-bottom:1px solid #e5e7eb;font-size:11px;color:#111827;">Vd Vila Galvao</td></tr><tr><th style="padding:3px 5px;text-align:left;background:#f3f4f6;border-bottom:1px solid #d1d5db;width:30%;font-size:11px;font-weight:600;color:#1f2937;">Subprefeitura</th><td style="padding:3px 5px;border-bottom:1px solid #e5e7eb;font-size:11px;color:#111827;">Jaçanã / Tucuruvi</td></tr><tr><th style="padding:3px 5px;text-align:left;background:#f3f4f6;border-bottom:1px solid #d1d5db;width:30%;font-size:11px;font-weight:600;color:#1f2937;">Turno</th><td style="padding:3px 5px;border-bottom:1px solid #e5e7eb;font-size:11px;color:#111827;">Vespertino</td></tr><tr><th style="padding:3px 5px;text-align:left;background:#f3f4f6;border-bottom:1px solid #d1d5db;width:30%;font-size:11px;font-weight:600;color:#1f2937;">Frequência</th><td style="padding:3px 5px;border-bottom:1px solid #e5e7eb;font-size:11px;color:#111827;">Bimestral</td></tr><tr><th style="padding:3px 5px;text-align:left;background:#f3f4f6;border-bottom:1px solid #d1d5db;width:30%;font-size:11px;font-weight:600;color:#1f2937;">Cronograma</th><td style="padding:3px 5px;border-bottom:1px solid #e5e7eb;font-size:11px;color:#111827;">05/05/2026<br>07/07/2026<br>09/09/2026<br>04/11/2026<br>05/01/2027<br>02/03/2027</td></tr></table>]]></description><Polygon><outerBoundaryIs><LinearRing><coordinates>-46.5710600,-23.4586900,0 -46.5714600,-23.4585000,0 -46.5715700,-23.4583800,0 -46.5716400,-23.4582400,0 -46.5716500,-23.4581200,0 -46.5716000,-23.4571700,0 -46.5714900,-23.4566600,0 -46.5714000,-23.4565300,0 -46.5713300,-23.4564700,0 -46.5711900,-23.4564000,0 -46.5711000,-23.4563800,0 -46.5709300,-23.4563800,0 -46.5706200,-23.4564800,0 -46.5704700,-23.4565500,0 -46.5704000,-23.4566000,0 -46.5703100,-23.4567400,0 -46.5702800,-23.4568600,0 -46.5702600,-23.4571400,0 -46.5701100,-23.4579600,0 -46.5701900,-23.4583800,0 -46.5702600,-23.4585200,0 -46.5703700,-23.4586400,0 -46.5705200,-23.4587200,0 -46.5706900,-23.4587600,0 -46.5708700,-23.4587500,0 -46.5710600,-23.4586900,0</coordinates></LinearRing></outerBoundaryIs></Polygon></Placemark>
<Style id="s-NH-48">
<LineStyle><color>ff82004b</color><width>2.0</width></LineStyle>
<PolyStyle><color>ff82004b</color></PolyStyle>
<IconStyle><color>ff82004b</color><scale>0.55</scale>
<Icon><href>http://maps.google.com/mapfiles/kml/shapes/placemark_circle.png</href></Icon>
</IconStyle>
<LabelStyle><scale>0.65</scale></LabelStyle>
</Style><Placemark><name>MORRO DO LIVRAMENTO</name><styleUrl>#s-NH-48</styleUrl><description><![CDATA[<table style="border-collapse:collapse;width:100%;font-family:'Helvetica Neue',Helvetica,Arial,sans-serif;font-size:11px;border:1px solid #e5e7eb;border-radius:8px;overflow:hidden;"><tr><th colspan="2" style="padding:5px 8px;background:#1f6feb;color:#fff;text-align:left;font-size:12px;font-weight:600;">MORRO DO LIVRAMENTO</th></tr><tr><th style="padding:3px 5px;text-align:left;background:#f3f4f6;border-bottom:1px solid #d1d5db;width:30%;font-size:11px;font-weight:600;color:#1f2937;">Serviço</th><td style="padding:3px 5px;border-bottom:1px solid #e5e7eb;font-size:11px;color:#111827;">Núcleos Habitacionais (NH)</td></tr><tr><th style="padding:3px 5px;text-align:left;background:#f3f4f6;border-bottom:1px solid #d1d5db;width:30%;font-size:11px;font-weight:600;color:#1f2937;">Setor</th><td style="padding:3px 5px;border-bottom:1px solid #e5e7eb;font-size:11px;color:#111827;">JT21000NH0007</td></tr><tr><th style="padding:3px 5px;text-align:left;background:#f3f4f6;border-bottom:1px solid #d1d5db;width:30%;font-size:11px;font-weight:600;color:#1f2937;">Tipo de Serviço</th><td style="padding:3px 5px;border-bottom:1px solid #e5e7eb;font-size:11px;color:#111827;">Limpeza em áreas de difícil acesso</td></tr><tr><th style="padding:3px 5px;text-align:left;background:#f3f4f6;border-bottom:1px solid #d1d5db;width:30%;font-size:11px;font-weight:600;color:#1f2937;">Nome</th><td style="padding:3px 5px;border-bottom:1px solid #e5e7eb;font-size:11px;color:#111827;">MORRO DO LIVRAMENTO</td></tr><tr><th style="padding:3px 5px;text-align:left;background:#f3f4f6;border-bottom:1px solid #d1d5db;width:30%;font-size:11px;font-weight:600;color:#1f2937;">Logradouro</th><td style="padding:3px 5px;border-bottom:1px solid #e5e7eb;font-size:11px;color:#111827;">R Morro do Livramento</td></tr><tr><th style="padding:3px 5px;text-align:left;background:#f3f4f6;border-bottom:1px solid #d1d5db;width:30%;font-size:11px;font-weight:600;color:#1f2937;">Subprefeitura</th><td style="padding:3px 5px;border-bottom:1px solid #e5e7eb;font-size:11px;color:#111827;">Jaçanã / Tucuruvi</td></tr><tr><th style="padding:3px 5px;text-align:left;background:#f3f4f6;border-bottom:1px solid #d1d5db;width:30%;font-size:11px;font-weight:600;color:#1f2937;">Turno</th><td style="padding:3px 5px;border-bottom:1px solid #e5e7eb;font-size:11px;color:#111827;">Vespertino</td></tr><tr><th style="padding:3px 5px;text-align:left;background:#f3f4f6;border-bottom:1px solid #d1d5db;width:30%;font-size:11px;font-weight:600;color:#1f2937;">Frequência</th><td style="padding:3px 5px;border-bottom:1px solid #e5e7eb;font-size:11px;color:#111827;">Bimestral</td></tr><tr><th style="padding:3px 5px;text-align:left;background:#f3f4f6;border-bottom:1px solid #d1d5db;width:30%;font-size:11px;font-weight:600;color:#1f2937;">Cronograma</th><td style="padding:3px 5px;border-bottom:1px solid #e5e7eb;font-size:11px;color:#111827;">05/05/2026<br>07/07/2026<br>09/09/2026<br>04/11/2026<br>05/01/2027<br>02/03/2027</td></tr></table>]]></description><Polygon><outerBoundaryIs><LinearRing><coordinates>-46.5713500,-23.4519900,0 -46.5713400,-23.4519100,0 -46.5712600,-23.4517800,0 -46.5712000,-23.4517200,0 -46.5710600,-23.4516300,0 -46.5708900,-23.4516000,0 -46.5706800,-23.4516100,0 -46.5705300,-23.4516600,0 -46.5704000,-23.4517600,0 -46.5703100,-23.4519000,0 -46.5702900,-23.4521000,0 -46.5702300,-23.4522500,0 -46.5702300,-23.4525100,0 -46.5702900,-23.4526600,0 -46.5703700,-23.4527400,0 -46.5704000,-23.4531100,0 -46.5704300,-23.4531800,0 -46.5705200,-23.4533100,0 -46.5706600,-23.4534000,0 -46.5708900,-23.4534600,0 -46.5711500,-23.4534600,0 -46.5713000,-23.4533900,0 -46.5714600,-23.4532100,0 -46.5715000,-23.4530300,0 -46.5713500,-23.4519900,0</coordinates></LinearRing></outerBoundaryIs></Polygon></Placemark>
<Style id="s-NH-49">
<LineStyle><color>ff82004b</color><width>2.0</width></LineStyle>
<PolyStyle><color>ff82004b</color></PolyStyle>
<IconStyle><color>ff82004b</color><scale>0.55</scale>
<Icon><href>http://maps.google.com/mapfiles/kml/shapes/placemark_circle.png</href></Icon>
</IconStyle>
<LabelStyle><scale>0.65</scale></LabelStyle>
</Style><Placemark><name>PROJETADA</name><styleUrl>#s-NH-49</styleUrl><description><![CDATA[<table style="border-collapse:collapse;width:100%;font-family:'Helvetica Neue',Helvetica,Arial,sans-serif;font-size:11px;border:1px solid #e5e7eb;border-radius:8px;overflow:hidden;"><tr><th colspan="2" style="padding:5px 8px;background:#1f6feb;color:#fff;text-align:left;font-size:12px;font-weight:600;">PROJETADA</th></tr><tr><th style="padding:3px 5px;text-align:left;background:#f3f4f6;border-bottom:1px solid #d1d5db;width:30%;font-size:11px;font-weight:600;color:#1f2937;">Serviço</th><td style="padding:3px 5px;border-bottom:1px solid #e5e7eb;font-size:11px;color:#111827;">Núcleos Habitacionais (NH)</td></tr><tr><th style="padding:3px 5px;text-align:left;background:#f3f4f6;border-bottom:1px solid #d1d5db;width:30%;font-size:11px;font-weight:600;color:#1f2937;">Setor</th><td style="padding:3px 5px;border-bottom:1px solid #e5e7eb;font-size:11px;color:#111827;">JT21000NH0008</td></tr><tr><th style="padding:3px 5px;text-align:left;background:#f3f4f6;border-bottom:1px solid #d1d5db;width:30%;font-size:11px;font-weight:600;color:#1f2937;">Tipo de Serviço</th><td style="padding:3px 5px;border-bottom:1px solid #e5e7eb;font-size:11px;color:#111827;">Limpeza em áreas de difícil acesso</td></tr><tr><th style="padding:3px 5px;text-align:left;background:#f3f4f6;border-bottom:1px solid #d1d5db;width:30%;font-size:11px;font-weight:600;color:#1f2937;">Nome</th><td style="padding:3px 5px;border-bottom:1px solid #e5e7eb;font-size:11px;color:#111827;">PROJETADA</td></tr><tr><th style="padding:3px 5px;text-align:left;background:#f3f4f6;border-bottom:1px solid #d1d5db;width:30%;font-size:11px;font-weight:600;color:#1f2937;">Logradouro</th><td style="padding:3px 5px;border-bottom:1px solid #e5e7eb;font-size:11px;color:#111827;">R Morro do Livramento</td></tr><tr><th style="padding:3px 5px;text-align:left;background:#f3f4f6;border-bottom:1px solid #d1d5db;width:30%;font-size:11px;font-weight:600;color:#1f2937;">Subprefeitura</th><td style="padding:3px 5px;border-bottom:1px solid #e5e7eb;font-size:11px;color:#111827;">Jaçanã / Tucuruvi</td></tr><tr><th style="padding:3px 5px;text-align:left;background:#f3f4f6;border-bottom:1px solid #d1d5db;width:30%;font-size:11px;font-weight:600;color:#1f2937;">Turno</th><td style="padding:3px 5px;border-bottom:1px solid #e5e7eb;font-size:11px;color:#111827;">Vespertino</td></tr><tr><th style="padding:3px 5px;text-align:left;background:#f3f4f6;border-bottom:1px solid #d1d5db;width:30%;font-size:11px;font-weight:600;color:#1f2937;">Frequência</th><td style="padding:3px 5px;border-bottom:1px solid #e5e7eb;font-size:11px;color:#111827;">Bimestral</td></tr><tr><th style="padding:3px 5px;text-align:left;background:#f3f4f6;border-bottom:1px solid #d1d5db;width:30%;font-size:11px;font-weight:600;color:#1f2937;">Cronograma</th><td style="padding:3px 5px;border-bottom:1px solid #e5e7eb;font-size:11px;color:#111827;">05/05/2026<br>07/07/2026<br>09/09/2026<br>04/11/2026<br>05/01/2027<br>02/03/2027</td></tr></table>]]></description><Polygon><outerBoundaryIs><LinearRing><coordinates>-46.5713800,-23.4514200,0 -46.5715000,-23.4513100,0 -46.5715700,-23.4511600,0 -46.5715900,-23.4510500,0 -46.5715600,-23.4508900,0 -46.5714100,-23.4507000,0 -46.5712200,-23.4506100,0 -46.5710800,-23.4505800,0 -46.5710000,-23.4505100,0 -46.5710600,-23.4504600,0 -46.5711600,-23.4503000,0 -46.5712100,-23.4501500,0 -46.5712100,-23.4500600,0 -46.5713300,-23.4498500,0 -46.5713300,-23.4496800,0 -46.5712500,-23.4494700,0 -46.5713300,-23.4493700,0 -46.5714700,-23.4492800,0 -46.5715600,-23.4491400,0 -46.5715900,-23.4490000,0 -46.5716000,-23.4487400,0 -46.5715400,-23.4485900,0 -46.5714300,-23.4484700,0 -46.5713400,-23.4484200,0 -46.5713100,-23.4474300,0 -46.5713000,-23.4473500,0 -46.5712400,-23.4472000,0 -46.5711900,-23.4471400,0 -46.5710500,-23.4470400,0 -46.5709700,-23.4470100,0 -46.5707800,-23.4469900,0 -46.5705100,-23.4470200,0 -46.5704300,-23.4470400,0 -46.5702800,-23.4471300,0 -46.5701900,-23.4472600,0 -46.5701400,-23.4474100,0 -46.5701800,-23.4484600,0 -46.5701100,-23.4485000,0 -46.5700800,-23.4485400,0 -46.5697700,-23.4485700,0 -46.5695400,-23.4486600,0 -46.5694700,-23.4487200,0 -46.5693800,-23.4488500,0 -46.5693500,-23.4491000,0 -46.5695900,-23.4502700,0 -46.5698800,-23.4514400,0 -46.5699400,-23.4515800,0 -46.5700600,-23.4517000,0 -46.5701300,-23.4517400,0 -46.5702900,-23.4517900,0 -46.5703800,-23.4517900,0 -46.5704600,-23.4517800,0 -46.5706200,-23.4517200,0 -46.5707500,-23.4516100,0 -46.5708000,-23.4515300,0 -46.5710900,-23.4515400,0 -46.5712500,-23.4514900,0 -46.5713800,-23.4514200,0</coordinates></LinearRing></outerBoundaryIs></Polygon></Placemark>
<Style id="s-NH-50">
<LineStyle><color>ff82004b</color><width>2.0</width></LineStyle>
<PolyStyle><color>ff82004b</color></PolyStyle>
<IconStyle><color>ff82004b</color><scale>0.55</scale>
<Icon><href>http://maps.google.com/mapfiles/kml/shapes/placemark_circle.png</href></Icon>
</IconStyle>
<LabelStyle><scale>0.65</scale></LabelStyle>
</Style><Placemark><name>ALPHEU LUIZ GASPARINI</name><styleUrl>#s-NH-50</styleUrl><description><![CDATA[<table style="border-collapse:collapse;width:100%;font-family:'Helvetica Neue',Helvetica,Arial,sans-serif;font-size:11px;border:1px solid #e5e7eb;border-radius:8px;overflow:hidden;"><tr><th colspan="2" style="padding:5px 8px;background:#1f6feb;color:#fff;text-align:left;font-size:12px;font-weight:600;">ALPHEU LUIZ GASPARINI</th></tr><tr><th style="padding:3px 5px;text-align:left;background:#f3f4f6;border-bottom:1px solid #d1d5db;width:30%;font-size:11px;font-weight:600;color:#1f2937;">Serviço</th><td style="padding:3px 5px;border-bottom:1px solid #e5e7eb;font-size:11px;color:#111827;">Núcleos Habitacionais (NH)</td></tr><tr><th style="padding:3px 5px;text-align:left;background:#f3f4f6;border-bottom:1px solid #d1d5db;width:30%;font-size:11px;font-weight:600;color:#1f2937;">Setor</th><td style="padding:3px 5px;border-bottom:1px solid #e5e7eb;font-size:11px;color:#111827;">JT21000NH0009</td></tr><tr><th style="padding:3px 5px;text-align:left;background:#f3f4f6;border-bottom:1px solid #d1d5db;width:30%;font-size:11px;font-weight:600;color:#1f2937;">Tipo de Serviço</th><td style="padding:3px 5px;border-bottom:1px solid #e5e7eb;font-size:11px;color:#111827;">Limpeza em áreas de difícil acesso</td></tr><tr><th style="padding:3px 5px;text-align:left;background:#f3f4f6;border-bottom:1px solid #d1d5db;width:30%;font-size:11px;font-weight:600;color:#1f2937;">Nome</th><td style="padding:3px 5px;border-bottom:1px solid #e5e7eb;font-size:11px;color:#111827;">ALPHEU LUIZ GASPARINI</td></tr><tr><th style="padding:3px 5px;text-align:left;background:#f3f4f6;border-bottom:1px solid #d1d5db;width:30%;font-size:11px;font-weight:600;color:#1f2937;">Logradouro</th><td style="padding:3px 5px;border-bottom:1px solid #e5e7eb;font-size:11px;color:#111827;">R Alpheu Luiz Gasparino</td></tr><tr><th style="padding:3px 5px;text-align:left;background:#f3f4f6;border-bottom:1px solid #d1d5db;width:30%;font-size:11px;font-weight:600;color:#1f2937;">Subprefeitura</th><td style="padding:3px 5px;border-bottom:1px solid #e5e7eb;font-size:11px;color:#111827;">Jaçanã / Tucuruvi</td></tr><tr><th style="padding:3px 5px;text-align:left;background:#f3f4f6;border-bottom:1px solid #d1d5db;width:30%;font-size:11px;font-weight:600;color:#1f2937;">Turno</th><td style="padding:3px 5px;border-bottom:1px solid #e5e7eb;font-size:11px;color:#111827;">Vespertino</td></tr><tr><th style="padding:3px 5px;text-align:left;background:#f3f4f6;border-bottom:1px solid #d1d5db;width:30%;font-size:11px;font-weight:600;color:#1f2937;">Frequência</th><td style="padding:3px 5px;border-bottom:1px solid #e5e7eb;font-size:11px;color:#111827;">Bimestral</td></tr><tr><th style="padding:3px 5px;text-align:left;background:#f3f4f6;border-bottom:1px solid #d1d5db;width:30%;font-size:11px;font-weight:600;color:#1f2937;">Cronograma</th><td style="padding:3px 5px;border-bottom:1px solid #e5e7eb;font-size:11px;color:#111827;">06/05/2026<br>08/07/2026<br>10/09/2026<br>05/11/2026<br>06/01/2027<br>03/03/2027</td></tr></table>]]></description><Polygon><outerBoundaryIs><LinearRing><coordinates>-46.5726200,-23.4512100,0 -46.5725600,-23.4510800,0 -46.5724700,-23.4509500,0 -46.5723300,-23.4508600,0 -46.5721700,-23.4508100,0 -46.5720000,-23.4508200,0 -46.5718400,-23.4508800,0 -46.5717700,-23.4509300,0 -46.5716700,-23.4510500,0 -46.5716200,-23.4512000,0 -46.5716800,-23.4517600,0 -46.5717300,-23.4519100,0 -46.5722500,-23.4525600,0 -46.5723800,-23.4526700,0 -46.5726300,-23.4528000,0 -46.5727900,-23.4528500,0 -46.5730500,-23.4528200,0 -46.5733700,-23.4531100,0 -46.5735200,-23.4531800,0 -46.5736900,-23.4531900,0 -46.5737800,-23.4531800,0 -46.5739300,-23.4531100,0 -46.5741700,-23.4529700,0 -46.5743100,-23.4528300,0 -46.5745900,-23.4527500,0 -46.5747300,-23.4526500,0 -46.5747800,-23.4525900,0 -46.5748700,-23.4523700,0 -46.5748500,-23.4522100,0 -46.5746800,-23.4517000,0 -46.5745000,-23.4515000,0 -46.5742600,-23.4513800,0 -46.5737800,-23.4512200,0 -46.5737000,-23.4512000,0 -46.5735300,-23.4512000,0 -46.5734400,-23.4512200,0 -46.5733000,-23.4513000,0 -46.5730000,-23.4515500,0 -46.5727900,-23.4513100,0 -46.5726200,-23.4512100,0</coordinates></LinearRing></outerBoundaryIs></Polygon></Placemark>
<Style id="s-NH-51">
<LineStyle><color>ff82004b</color><width>2.0</width></LineStyle>
<PolyStyle><color>ff82004b</color></PolyStyle>
<IconStyle><color>ff82004b</color><scale>0.55</scale>
<Icon><href>http://maps.google.com/mapfiles/kml/shapes/placemark_circle.png</href></Icon>
</IconStyle>
<LabelStyle><scale>0.65</scale></LabelStyle>
</Style><Placemark><name>ERNESTO SIMOES FILHO</name><styleUrl>#s-NH-51</styleUrl><description><![CDATA[<table style="border-collapse:collapse;width:100%;font-family:'Helvetica Neue',Helvetica,Arial,sans-serif;font-size:11px;border:1px solid #e5e7eb;border-radius:8px;overflow:hidden;"><tr><th colspan="2" style="padding:5px 8px;background:#1f6feb;color:#fff;text-align:left;font-size:12px;font-weight:600;">ERNESTO SIMOES FILHO</th></tr><tr><th style="padding:3px 5px;text-align:left;background:#f3f4f6;border-bottom:1px solid #d1d5db;width:30%;font-size:11px;font-weight:600;color:#1f2937;">Serviço</th><td style="padding:3px 5px;border-bottom:1px solid #e5e7eb;font-size:11px;color:#111827;">Núcleos Habitacionais (NH)</td></tr><tr><th style="padding:3px 5px;text-align:left;background:#f3f4f6;border-bottom:1px solid #d1d5db;width:30%;font-size:11px;font-weight:600;color:#1f2937;">Setor</th><td style="padding:3px 5px;border-bottom:1px solid #e5e7eb;font-size:11px;color:#111827;">JT21000NH0010</td></tr><tr><th style="padding:3px 5px;text-align:left;background:#f3f4f6;border-bottom:1px solid #d1d5db;width:30%;font-size:11px;font-weight:600;color:#1f2937;">Tipo de Serviço</th><td style="padding:3px 5px;border-bottom:1px solid #e5e7eb;font-size:11px;color:#111827;">Limpeza em áreas de difícil acesso</td></tr><tr><th style="padding:3px 5px;text-align:left;background:#f3f4f6;border-bottom:1px solid #d1d5db;width:30%;font-size:11px;font-weight:600;color:#1f2937;">Nome</th><td style="padding:3px 5px;border-bottom:1px solid #e5e7eb;font-size:11px;color:#111827;">ERNESTO SIMOES FILHO</td></tr><tr><th style="padding:3px 5px;text-align:left;background:#f3f4f6;border-bottom:1px solid #d1d5db;width:30%;font-size:11px;font-weight:600;color:#1f2937;">Logradouro</th><td style="padding:3px 5px;border-bottom:1px solid #e5e7eb;font-size:11px;color:#111827;">R Morro do Livramento</td></tr><tr><th style="padding:3px 5px;text-align:left;background:#f3f4f6;border-bottom:1px solid #d1d5db;width:30%;font-size:11px;font-weight:600;color:#1f2937;">Subprefeitura</th><td style="padding:3px 5px;border-bottom:1px solid #e5e7eb;font-size:11px;color:#111827;">Jaçanã / Tucuruvi</td></tr><tr><th style="padding:3px 5px;text-align:left;background:#f3f4f6;border-bottom:1px solid #d1d5db;width:30%;font-size:11px;font-weight:600;color:#1f2937;">Turno</th><td style="padding:3px 5px;border-bottom:1px solid #e5e7eb;font-size:11px;color:#111827;">Vespertino</td></tr><tr><th style="padding:3px 5px;text-align:left;background:#f3f4f6;border-bottom:1px solid #d1d5db;width:30%;font-size:11px;font-weight:600;color:#1f2937;">Frequência</th><td style="padding:3px 5px;border-bottom:1px solid #e5e7eb;font-size:11px;color:#111827;">Bimestral</td></tr><tr><th style="padding:3px 5px;text-align:left;background:#f3f4f6;border-bottom:1px solid #d1d5db;width:30%;font-size:11px;font-weight:600;color:#1f2937;">Cronograma</th><td style="padding:3px 5px;border-bottom:1px solid #e5e7eb;font-size:11px;color:#111827;">06/05/2026<br>08/07/2026<br>10/09/2026<br>05/11/2026<br>06/01/2027<br>03/03/2027</td></tr></table>]]></description><Polygon><outerBoundaryIs><LinearRing><coordinates>-46.5729900,-23.4498800,0 -46.5730300,-23.4499500,0 -46.5731600,-23.4500500,0 -46.5734100,-23.4501100,0 -46.5738400,-23.4500300,0 -46.5740000,-23.4499700,0 -46.5741700,-23.4497900,0 -46.5742200,-23.4496400,0 -46.5741700,-23.4491900,0 -46.5740500,-23.4488400,0 -46.5738000,-23.4485800,0 -46.5735300,-23.4484300,0 -46.5733100,-23.4483400,0 -46.5731700,-23.4483100,0 -46.5729000,-23.4482900,0 -46.5727300,-23.4483000,0 -46.5725700,-23.4483700,0 -46.5725100,-23.4484200,0 -46.5724100,-23.4485400,0 -46.5723800,-23.4486200,0 -46.5723600,-23.4487000,0 -46.5723300,-23.4493800,0 -46.5723800,-23.4495300,0 -46.5724800,-23.4496500,0 -46.5726300,-23.4497400,0 -46.5728500,-23.4498100,0 -46.5729900,-23.4498800,0</coordinates></LinearRing></outerBoundaryIs></Polygon></Placemark>
<Style id="s-NH-52">
<LineStyle><color>ff82004b</color><width>2.0</width></LineStyle>
<PolyStyle><color>ff82004b</color></PolyStyle>
<IconStyle><color>ff82004b</color><scale>0.55</scale>
<Icon><href>http://maps.google.com/mapfiles/kml/shapes/placemark_circle.png</href></Icon>
</IconStyle>
<LabelStyle><scale>0.65</scale></LabelStyle>
</Style><Placemark><name>VILA NOVA GALVAO II</name><styleUrl>#s-NH-52</styleUrl><description><![CDATA[<table style="border-collapse:collapse;width:100%;font-family:'Helvetica Neue',Helvetica,Arial,sans-serif;font-size:11px;border:1px solid #e5e7eb;border-radius:8px;overflow:hidden;"><tr><th colspan="2" style="padding:5px 8px;background:#1f6feb;color:#fff;text-align:left;font-size:12px;font-weight:600;">VILA NOVA GALVAO II</th></tr><tr><th style="padding:3px 5px;text-align:left;background:#f3f4f6;border-bottom:1px solid #d1d5db;width:30%;font-size:11px;font-weight:600;color:#1f2937;">Serviço</th><td style="padding:3px 5px;border-bottom:1px solid #e5e7eb;font-size:11px;color:#111827;">Núcleos Habitacionais (NH)</td></tr><tr><th style="padding:3px 5px;text-align:left;background:#f3f4f6;border-bottom:1px solid #d1d5db;width:30%;font-size:11px;font-weight:600;color:#1f2937;">Setor</th><td style="padding:3px 5px;border-bottom:1px solid #e5e7eb;font-size:11px;color:#111827;">JT21000NH0011</td></tr><tr><th style="padding:3px 5px;text-align:left;background:#f3f4f6;border-bottom:1px solid #d1d5db;width:30%;font-size:11px;font-weight:600;color:#1f2937;">Tipo de Serviço</th><td style="padding:3px 5px;border-bottom:1px solid #e5e7eb;font-size:11px;color:#111827;">Limpeza em áreas de difícil acesso</td></tr><tr><th style="padding:3px 5px;text-align:left;background:#f3f4f6;border-bottom:1px solid #d1d5db;width:30%;font-size:11px;font-weight:600;color:#1f2937;">Nome</th><td style="padding:3px 5px;border-bottom:1px solid #e5e7eb;font-size:11px;color:#111827;">VILA NOVA GALVAO II</td></tr><tr><th style="padding:3px 5px;text-align:left;background:#f3f4f6;border-bottom:1px solid #d1d5db;width:30%;font-size:11px;font-weight:600;color:#1f2937;">Logradouro</th><td style="padding:3px 5px;border-bottom:1px solid #e5e7eb;font-size:11px;color:#111827;">R Roberto Lanari</td></tr><tr><th style="padding:3px 5px;text-align:left;background:#f3f4f6;border-bottom:1px solid #d1d5db;width:30%;font-size:11px;font-weight:600;color:#1f2937;">Subprefeitura</th><td style="padding:3px 5px;border-bottom:1px solid #e5e7eb;font-size:11px;color:#111827;">Jaçanã / Tucuruvi</td></tr><tr><th style="padding:3px 5px;text-align:left;background:#f3f4f6;border-bottom:1px solid #d1d5db;width:30%;font-size:11px;font-weight:600;color:#1f2937;">Turno</th><td style="padding:3px 5px;border-bottom:1px solid #e5e7eb;font-size:11px;color:#111827;">Vespertino</td></tr><tr><th style="padding:3px 5px;text-align:left;background:#f3f4f6;border-bottom:1px solid #d1d5db;width:30%;font-size:11px;font-weight:600;color:#1f2937;">Frequência</th><td style="padding:3px 5px;border-bottom:1px solid #e5e7eb;font-size:11px;color:#111827;">Bimestral</td></tr><tr><th style="padding:3px 5px;text-align:left;background:#f3f4f6;border-bottom:1px solid #d1d5db;width:30%;font-size:11px;font-weight:600;color:#1f2937;">Cronograma</th><td style="padding:3px 5px;border-bottom:1px solid #e5e7eb;font-size:11px;color:#111827;">06/05/2026<br>08/07/2026<br>10/09/2026<br>05/11/2026<br>06/01/2027<br>03/03/2027</td></tr></table>]]></description><Polygon><outerBoundaryIs><LinearRing><coordinates>-46.5740600,-23.4483100,0 -46.5736900,-23.4476400,0 -46.5735700,-23.4475300,0 -46.5733300,-23.4474200,0 -46.5731700,-23.4474000,0 -46.5730800,-23.4474100,0 -46.5728400,-23.4474900,0 -46.5727600,-23.4475300,0 -46.5726400,-23.4476400,0 -46.5725600,-23.4477800,0 -46.5725400,-23.4479300,0 -46.5725600,-23.4480100,0 -46.5729700,-23.4490200,0 -46.5731200,-23.4492100,0 -46.5732300,-23.4492700,0 -46.5732700,-23.4493700,0 -46.5733600,-23.4495000,0 -46.5734300,-23.4495600,0 -46.5735700,-23.4496300,0 -46.5736600,-23.4496500,0 -46.5738300,-23.4496500,0 -46.5741000,-23.4495800,0 -46.5742500,-23.4494900,0 -46.5743500,-23.4493700,0 -46.5743800,-23.4492900,0 -46.5744000,-23.4491700,0 -46.5743700,-23.4490100,0 -46.5740600,-23.4483100,0</coordinates></LinearRing></outerBoundaryIs></Polygon></Placemark>
<Style id="s-NH-53">
<LineStyle><color>ff82004b</color><width>2.0</width></LineStyle>
<PolyStyle><color>ff82004b</color></PolyStyle>
<IconStyle><color>ff82004b</color><scale>0.55</scale>
<Icon><href>http://maps.google.com/mapfiles/kml/shapes/placemark_circle.png</href></Icon>
</IconStyle>
<LabelStyle><scale>0.65</scale></LabelStyle>
</Style><Placemark><name>ALFREDO AVILA</name><styleUrl>#s-NH-53</styleUrl><description><![CDATA[<table style="border-collapse:collapse;width:100%;font-family:'Helvetica Neue',Helvetica,Arial,sans-serif;font-size:11px;border:1px solid #e5e7eb;border-radius:8px;overflow:hidden;"><tr><th colspan="2" style="padding:5px 8px;background:#1f6feb;color:#fff;text-align:left;font-size:12px;font-weight:600;">ALFREDO AVILA</th></tr><tr><th style="padding:3px 5px;text-align:left;background:#f3f4f6;border-bottom:1px solid #d1d5db;width:30%;font-size:11px;font-weight:600;color:#1f2937;">Serviço</th><td style="padding:3px 5px;border-bottom:1px solid #e5e7eb;font-size:11px;color:#111827;">Núcleos Habitacionais (NH)</td></tr><tr><th style="padding:3px 5px;text-align:left;background:#f3f4f6;border-bottom:1px solid #d1d5db;width:30%;font-size:11px;font-weight:600;color:#1f2937;">Setor</th><td style="padding:3px 5px;border-bottom:1px solid #e5e7eb;font-size:11px;color:#111827;">JT21000NH0012</td></tr><tr><th style="padding:3px 5px;text-align:left;background:#f3f4f6;border-bottom:1px solid #d1d5db;width:30%;font-size:11px;font-weight:600;color:#1f2937;">Tipo de Serviço</th><td style="padding:3px 5px;border-bottom:1px solid #e5e7eb;font-size:11px;color:#111827;">Limpeza em áreas de difícil acesso</td></tr><tr><th style="padding:3px 5px;text-align:left;background:#f3f4f6;border-bottom:1px solid #d1d5db;width:30%;font-size:11px;font-weight:600;color:#1f2937;">Nome</th><td style="padding:3px 5px;border-bottom:1px solid #e5e7eb;font-size:11px;color:#111827;">ALFREDO AVILA</td></tr><tr><th style="padding:3px 5px;text-align:left;background:#f3f4f6;border-bottom:1px solid #d1d5db;width:30%;font-size:11px;font-weight:600;color:#1f2937;">Logradouro</th><td style="padding:3px 5px;border-bottom:1px solid #e5e7eb;font-size:11px;color:#111827;">R Jose Figliolini</td></tr><tr><th style="padding:3px 5px;text-align:left;background:#f3f4f6;border-bottom:1px solid #d1d5db;width:30%;font-size:11px;font-weight:600;color:#1f2937;">Subprefeitura</th><td style="padding:3px 5px;border-bottom:1px solid #e5e7eb;font-size:11px;color:#111827;">Jaçanã / Tucuruvi</td></tr><tr><th style="padding:3px 5px;text-align:left;background:#f3f4f6;border-bottom:1px solid #d1d5db;width:30%;font-size:11px;font-weight:600;color:#1f2937;">Turno</th><td style="padding:3px 5px;border-bottom:1px solid #e5e7eb;font-size:11px;color:#111827;">Vespertino</td></tr><tr><th style="padding:3px 5px;text-align:left;background:#f3f4f6;border-bottom:1px solid #d1d5db;width:30%;font-size:11px;font-weight:600;color:#1f2937;">Frequência</th><td style="padding:3px 5px;border-bottom:1px solid #e5e7eb;font-size:11px;color:#111827;">Bimestral</td></tr><tr><th style="padding:3px 5px;text-align:left;background:#f3f4f6;border-bottom:1px solid #d1d5db;width:30%;font-size:11px;font-weight:600;color:#1f2937;">Cronograma</th><td style="padding:3px 5px;border-bottom:1px solid #e5e7eb;font-size:11px;color:#111827;">07/05/2026<br>09/07/2026<br>11/09/2026<br>06/11/2026<br>07/01/2027<br>04/03/2027</td></tr></table>]]></description><Polygon><outerBoundaryIs><LinearRing><coordinates>-46.5745900,-23.4590100,0 -46.5766600,-23.4594600,0 -46.5769100,-23.4595000,0 -46.5770400,-23.4595000,0 -46.5773500,-23.4594700,0 -46.5775800,-23.4594100,0 -46.5778600,-23.4592700,0 -46.5779900,-23.4591600,0 -46.5781100,-23.4589800,0 -46.5781500,-23.4589100,0 -46.5781800,-23.4587500,0 -46.5781500,-23.4585900,0 -46.5780700,-23.4584600,0 -46.5780000,-23.4584000,0 -46.5776300,-23.4581600,0 -46.5774600,-23.4581200,0 -46.5773800,-23.4581200,0 -46.5772200,-23.4581600,0 -46.5772100,-23.4580800,0 -46.5771400,-23.4579400,0 -46.5770200,-23.4578200,0 -46.5769500,-23.4577800,0 -46.5766300,-23.4577000,0 -46.5757400,-23.4573500,0 -46.5753600,-23.4572500,0 -46.5751700,-23.4572400,0 -46.5747400,-23.4572900,0 -46.5745400,-23.4573500,0 -46.5743100,-23.4574900,0 -46.5741400,-23.4575200,0 -46.5740600,-23.4574800,0 -46.5738900,-23.4574500,0 -46.5737300,-23.4574700,0 -46.5735500,-23.4575700,0 -46.5734000,-23.4577000,0 -46.5732900,-23.4578300,0 -46.5732400,-23.4579800,0 -46.5732400,-23.4580600,0 -46.5733000,-23.4582500,0 -46.5735700,-23.4587000,0 -46.5736800,-23.4588200,0 -46.5738300,-23.4589000,0 -46.5739900,-23.4589300,0 -46.5742600,-23.4588900,0 -46.5745900,-23.4590100,0</coordinates></LinearRing></outerBoundaryIs></Polygon></Placemark>
<Style id="s-NH-54">
<LineStyle><color>ff82004b</color><width>2.0</width></LineStyle>
<PolyStyle><color>ff82004b</color></PolyStyle>
<IconStyle><color>ff82004b</color><scale>0.55</scale>
<Icon><href>http://maps.google.com/mapfiles/kml/shapes/placemark_circle.png</href></Icon>
</IconStyle>
<LabelStyle><scale>0.65</scale></LabelStyle>
</Style><Placemark><name>JAPARANDUBA III</name><styleUrl>#s-NH-54</styleUrl><description><![CDATA[<table style="border-collapse:collapse;width:100%;font-family:'Helvetica Neue',Helvetica,Arial,sans-serif;font-size:11px;border:1px solid #e5e7eb;border-radius:8px;overflow:hidden;"><tr><th colspan="2" style="padding:5px 8px;background:#1f6feb;color:#fff;text-align:left;font-size:12px;font-weight:600;">JAPARANDUBA III</th></tr><tr><th style="padding:3px 5px;text-align:left;background:#f3f4f6;border-bottom:1px solid #d1d5db;width:30%;font-size:11px;font-weight:600;color:#1f2937;">Serviço</th><td style="padding:3px 5px;border-bottom:1px solid #e5e7eb;font-size:11px;color:#111827;">Núcleos Habitacionais (NH)</td></tr><tr><th style="padding:3px 5px;text-align:left;background:#f3f4f6;border-bottom:1px solid #d1d5db;width:30%;font-size:11px;font-weight:600;color:#1f2937;">Setor</th><td style="padding:3px 5px;border-bottom:1px solid #e5e7eb;font-size:11px;color:#111827;">JT21000NH0013</td></tr><tr><th style="padding:3px 5px;text-align:left;background:#f3f4f6;border-bottom:1px solid #d1d5db;width:30%;font-size:11px;font-weight:600;color:#1f2937;">Tipo de Serviço</th><td style="padding:3px 5px;border-bottom:1px solid #e5e7eb;font-size:11px;color:#111827;">Limpeza em áreas de difícil acesso</td></tr><tr><th style="padding:3px 5px;text-align:left;background:#f3f4f6;border-bottom:1px solid #d1d5db;width:30%;font-size:11px;font-weight:600;color:#1f2937;">Nome</th><td style="padding:3px 5px;border-bottom:1px solid #e5e7eb;font-size:11px;color:#111827;">JAPARANDUBA III</td></tr><tr><th style="padding:3px 5px;text-align:left;background:#f3f4f6;border-bottom:1px solid #d1d5db;width:30%;font-size:11px;font-weight:600;color:#1f2937;">Logradouro</th><td style="padding:3px 5px;border-bottom:1px solid #e5e7eb;font-size:11px;color:#111827;">R Catita</td></tr><tr><th style="padding:3px 5px;text-align:left;background:#f3f4f6;border-bottom:1px solid #d1d5db;width:30%;font-size:11px;font-weight:600;color:#1f2937;">Subprefeitura</th><td style="padding:3px 5px;border-bottom:1px solid #e5e7eb;font-size:11px;color:#111827;">Jaçanã / Tucuruvi</td></tr><tr><th style="padding:3px 5px;text-align:left;background:#f3f4f6;border-bottom:1px solid #d1d5db;width:30%;font-size:11px;font-weight:600;color:#1f2937;">Turno</th><td style="padding:3px 5px;border-bottom:1px solid #e5e7eb;font-size:11px;color:#111827;">Vespertino</td></tr><tr><th style="padding:3px 5px;text-align:left;background:#f3f4f6;border-bottom:1px solid #d1d5db;width:30%;font-size:11px;font-weight:600;color:#1f2937;">Frequência</th><td style="padding:3px 5px;border-bottom:1px solid #e5e7eb;font-size:11px;color:#111827;">Bimestral</td></tr><tr><th style="padding:3px 5px;text-align:left;background:#f3f4f6;border-bottom:1px solid #d1d5db;width:30%;font-size:11px;font-weight:600;color:#1f2937;">Cronograma</th><td style="padding:3px 5px;border-bottom:1px solid #e5e7eb;font-size:11px;color:#111827;">07/05/2026<br>09/07/2026<br>11/09/2026<br>06/11/2026<br>07/01/2027<br>04/03/2027</td></tr></table>]]></description><Polygon><outerBoundaryIs><LinearRing><coordinates>-46.5767300,-23.4577400,0 -46.5765800,-23.4579600,0 -46.5765300,-23.4581300,0 -46.5765400,-23.4582700,0 -46.5765900,-23.4584200,0 -46.5767100,-23.4585500,0 -46.5769200,-23.4587000,0 -46.5770000,-23.4587300,0 -46.5771700,-23.4587600,0 -46.5772500,-23.4587500,0 -46.5773300,-23.4587300,0 -46.5774800,-23.4586500,0 -46.5775900,-23.4585300,0 -46.5777800,-23.4580200,0 -46.5777800,-23.4578700,0 -46.5777200,-23.4577200,0 -46.5776000,-23.4575900,0 -46.5774700,-23.4575000,0 -46.5773100,-23.4574400,0 -46.5772200,-23.4574400,0 -46.5770600,-23.4574700,0 -46.5769100,-23.4575500,0 -46.5767300,-23.4577400,0</coordinates></LinearRing></outerBoundaryIs></Polygon></Placemark>
<Style id="s-NH-55">
<LineStyle><color>ff82004b</color><width>2.0</width></LineStyle>
<PolyStyle><color>ff82004b</color></PolyStyle>
<IconStyle><color>ff82004b</color><scale>0.55</scale>
<Icon><href>http://maps.google.com/mapfiles/kml/shapes/placemark_circle.png</href></Icon>
</IconStyle>
<LabelStyle><scale>0.65</scale></LabelStyle>
</Style><Placemark><name>JAPARANDUBA II</name><styleUrl>#s-NH-55</styleUrl><description><![CDATA[<table style="border-collapse:collapse;width:100%;font-family:'Helvetica Neue',Helvetica,Arial,sans-serif;font-size:11px;border:1px solid #e5e7eb;border-radius:8px;overflow:hidden;"><tr><th colspan="2" style="padding:5px 8px;background:#1f6feb;color:#fff;text-align:left;font-size:12px;font-weight:600;">JAPARANDUBA II</th></tr><tr><th style="padding:3px 5px;text-align:left;background:#f3f4f6;border-bottom:1px solid #d1d5db;width:30%;font-size:11px;font-weight:600;color:#1f2937;">Serviço</th><td style="padding:3px 5px;border-bottom:1px solid #e5e7eb;font-size:11px;color:#111827;">Núcleos Habitacionais (NH)</td></tr><tr><th style="padding:3px 5px;text-align:left;background:#f3f4f6;border-bottom:1px solid #d1d5db;width:30%;font-size:11px;font-weight:600;color:#1f2937;">Setor</th><td style="padding:3px 5px;border-bottom:1px solid #e5e7eb;font-size:11px;color:#111827;">JT21000NH0014</td></tr><tr><th style="padding:3px 5px;text-align:left;background:#f3f4f6;border-bottom:1px solid #d1d5db;width:30%;font-size:11px;font-weight:600;color:#1f2937;">Tipo de Serviço</th><td style="padding:3px 5px;border-bottom:1px solid #e5e7eb;font-size:11px;color:#111827;">Limpeza em áreas de difícil acesso</td></tr><tr><th style="padding:3px 5px;text-align:left;background:#f3f4f6;border-bottom:1px solid #d1d5db;width:30%;font-size:11px;font-weight:600;color:#1f2937;">Nome</th><td style="padding:3px 5px;border-bottom:1px solid #e5e7eb;font-size:11px;color:#111827;">JAPARANDUBA II</td></tr><tr><th style="padding:3px 5px;text-align:left;background:#f3f4f6;border-bottom:1px solid #d1d5db;width:30%;font-size:11px;font-weight:600;color:#1f2937;">Logradouro</th><td style="padding:3px 5px;border-bottom:1px solid #e5e7eb;font-size:11px;color:#111827;">R Cha da India</td></tr><tr><th style="padding:3px 5px;text-align:left;background:#f3f4f6;border-bottom:1px solid #d1d5db;width:30%;font-size:11px;font-weight:600;color:#1f2937;">Subprefeitura</th><td style="padding:3px 5px;border-bottom:1px solid #e5e7eb;font-size:11px;color:#111827;">Jaçanã / Tucuruvi</td></tr><tr><th style="padding:3px 5px;text-align:left;background:#f3f4f6;border-bottom:1px solid #d1d5db;width:30%;font-size:11px;font-weight:600;color:#1f2937;">Turno</th><td style="padding:3px 5px;border-bottom:1px solid #e5e7eb;font-size:11px;color:#111827;">Vespertino</td></tr><tr><th style="padding:3px 5px;text-align:left;background:#f3f4f6;border-bottom:1px solid #d1d5db;width:30%;font-size:11px;font-weight:600;color:#1f2937;">Frequência</th><td style="padding:3px 5px;border-bottom:1px solid #e5e7eb;font-size:11px;color:#111827;">Bimestral</td></tr><tr><th style="padding:3px 5px;text-align:left;background:#f3f4f6;border-bottom:1px solid #d1d5db;width:30%;font-size:11px;font-weight:600;color:#1f2937;">Cronograma</th><td style="padding:3px 5px;border-bottom:1px solid #e5e7eb;font-size:11px;color:#111827;">07/05/2026<br>09/07/2026<br>11/09/2026<br>06/11/2026<br>07/01/2027<br>04/03/2027</td></tr></table>]]></description><Polygon><outerBoundaryIs><LinearRing><coordinates>-46.5773000,-23.4576500,0 -46.5774800,-23.4575700,0 -46.5776200,-23.4574700,0 -46.5776700,-23.4574100,0 -46.5777100,-23.4573400,0 -46.5777400,-23.4571800,0 -46.5777100,-23.4570100,0 -46.5774100,-23.4565500,0 -46.5772900,-23.4564300,0 -46.5771400,-23.4563600,0 -46.5769700,-23.4563300,0 -46.5768900,-23.4563400,0 -46.5767300,-23.4564000,0 -46.5763800,-23.4566500,0 -46.5762700,-23.4567700,0 -46.5762100,-23.4568900,0 -46.5761800,-23.4570900,0 -46.5762300,-23.4572500,0 -46.5762800,-23.4573400,0 -46.5762800,-23.4574900,0 -46.5763300,-23.4576400,0 -46.5764400,-23.4577600,0 -46.5765100,-23.4578000,0 -46.5765900,-23.4578400,0 -46.5767600,-23.4578700,0 -46.5769300,-23.4578400,0 -46.5772400,-23.4577000,0 -46.5773000,-23.4576500,0</coordinates></LinearRing></outerBoundaryIs></Polygon></Placemark>
<Style id="s-NH-56">
<LineStyle><color>ff82004b</color><width>2.0</width></LineStyle>
<PolyStyle><color>ff82004b</color></PolyStyle>
<IconStyle><color>ff82004b</color><scale>0.55</scale>
<Icon><href>http://maps.google.com/mapfiles/kml/shapes/placemark_circle.png</href></Icon>
</IconStyle>
<LabelStyle><scale>0.65</scale></LabelStyle>
</Style><Placemark><name>JAPARANDUBA I</name><styleUrl>#s-NH-56</styleUrl><description><![CDATA[<table style="border-collapse:collapse;width:100%;font-family:'Helvetica Neue',Helvetica,Arial,sans-serif;font-size:11px;border:1px solid #e5e7eb;border-radius:8px;overflow:hidden;"><tr><th colspan="2" style="padding:5px 8px;background:#1f6feb;color:#fff;text-align:left;font-size:12px;font-weight:600;">JAPARANDUBA I</th></tr><tr><th style="padding:3px 5px;text-align:left;background:#f3f4f6;border-bottom:1px solid #d1d5db;width:30%;font-size:11px;font-weight:600;color:#1f2937;">Serviço</th><td style="padding:3px 5px;border-bottom:1px solid #e5e7eb;font-size:11px;color:#111827;">Núcleos Habitacionais (NH)</td></tr><tr><th style="padding:3px 5px;text-align:left;background:#f3f4f6;border-bottom:1px solid #d1d5db;width:30%;font-size:11px;font-weight:600;color:#1f2937;">Setor</th><td style="padding:3px 5px;border-bottom:1px solid #e5e7eb;font-size:11px;color:#111827;">JT21000NH0015</td></tr><tr><th style="padding:3px 5px;text-align:left;background:#f3f4f6;border-bottom:1px solid #d1d5db;width:30%;font-size:11px;font-weight:600;color:#1f2937;">Tipo de Serviço</th><td style="padding:3px 5px;border-bottom:1px solid #e5e7eb;font-size:11px;color:#111827;">Limpeza em áreas de difícil acesso</td></tr><tr><th style="padding:3px 5px;text-align:left;background:#f3f4f6;border-bottom:1px solid #d1d5db;width:30%;font-size:11px;font-weight:600;color:#1f2937;">Nome</th><td style="padding:3px 5px;border-bottom:1px solid #e5e7eb;font-size:11px;color:#111827;">JAPARANDUBA I</td></tr><tr><th style="padding:3px 5px;text-align:left;background:#f3f4f6;border-bottom:1px solid #d1d5db;width:30%;font-size:11px;font-weight:600;color:#1f2937;">Logradouro</th><td style="padding:3px 5px;border-bottom:1px solid #e5e7eb;font-size:11px;color:#111827;">R Adauau</td></tr><tr><th style="padding:3px 5px;text-align:left;background:#f3f4f6;border-bottom:1px solid #d1d5db;width:30%;font-size:11px;font-weight:600;color:#1f2937;">Subprefeitura</th><td style="padding:3px 5px;border-bottom:1px solid #e5e7eb;font-size:11px;color:#111827;">Jaçanã / Tucuruvi</td></tr><tr><th style="padding:3px 5px;text-align:left;background:#f3f4f6;border-bottom:1px solid #d1d5db;width:30%;font-size:11px;font-weight:600;color:#1f2937;">Turno</th><td style="padding:3px 5px;border-bottom:1px solid #e5e7eb;font-size:11px;color:#111827;">Vespertino</td></tr><tr><th style="padding:3px 5px;text-align:left;background:#f3f4f6;border-bottom:1px solid #d1d5db;width:30%;font-size:11px;font-weight:600;color:#1f2937;">Frequência</th><td style="padding:3px 5px;border-bottom:1px solid #e5e7eb;font-size:11px;color:#111827;">Bimestral</td></tr><tr><th style="padding:3px 5px;text-align:left;background:#f3f4f6;border-bottom:1px solid #d1d5db;width:30%;font-size:11px;font-weight:600;color:#1f2937;">Cronograma</th><td style="padding:3px 5px;border-bottom:1px solid #e5e7eb;font-size:11px;color:#111827;">07/05/2026<br>09/07/2026<br>11/09/2026<br>06/11/2026<br>07/01/2027<br>04/03/2027</td></tr></table>]]></description><Polygon><outerBoundaryIs><LinearRing><coordinates>-46.5753500,-23.4569000,0 -46.5753300,-23.4569700,0 -46.5753400,-23.4571300,0 -46.5754000,-23.4572600,0 -46.5755300,-23.4574000,0 -46.5756700,-23.4574700,0 -46.5759600,-23.4575500,0 -46.5762900,-23.4575800,0 -46.5766500,-23.4574800,0 -46.5770100,-23.4572500,0 -46.5771100,-23.4571300,0 -46.5771600,-23.4569700,0 -46.5772700,-23.4568300,0 -46.5773000,-23.4567600,0 -46.5773200,-23.4566300,0 -46.5773100,-23.4565600,0 -46.5772900,-23.4564800,0 -46.5772000,-23.4563400,0 -46.5769900,-23.4561700,0 -46.5766000,-23.4559700,0 -46.5762700,-23.4558400,0 -46.5761900,-23.4558100,0 -46.5760200,-23.4558000,0 -46.5757800,-23.4558800,0 -46.5756600,-23.4560000,0 -46.5756000,-23.4561200,0 -46.5753500,-23.4569000,0</coordinates></LinearRing></outerBoundaryIs></Polygon></Placemark>
<Style id="s-NH-57">
<LineStyle><color>ff82004b</color><width>2.0</width></LineStyle>
<PolyStyle><color>ff82004b</color></PolyStyle>
<IconStyle><color>ff82004b</color><scale>0.55</scale>
<Icon><href>http://maps.google.com/mapfiles/kml/shapes/placemark_circle.png</href></Icon>
</IconStyle>
<LabelStyle><scale>0.65</scale></LabelStyle>
</Style><Placemark><name>MANGARÁS</name><styleUrl>#s-NH-57</styleUrl><description><![CDATA[<table style="border-collapse:collapse;width:100%;font-family:'Helvetica Neue',Helvetica,Arial,sans-serif;font-size:11px;border:1px solid #e5e7eb;border-radius:8px;overflow:hidden;"><tr><th colspan="2" style="padding:5px 8px;background:#1f6feb;color:#fff;text-align:left;font-size:12px;font-weight:600;">MANGARÁS</th></tr><tr><th style="padding:3px 5px;text-align:left;background:#f3f4f6;border-bottom:1px solid #d1d5db;width:30%;font-size:11px;font-weight:600;color:#1f2937;">Serviço</th><td style="padding:3px 5px;border-bottom:1px solid #e5e7eb;font-size:11px;color:#111827;">Núcleos Habitacionais (NH)</td></tr><tr><th style="padding:3px 5px;text-align:left;background:#f3f4f6;border-bottom:1px solid #d1d5db;width:30%;font-size:11px;font-weight:600;color:#1f2937;">Setor</th><td style="padding:3px 5px;border-bottom:1px solid #e5e7eb;font-size:11px;color:#111827;">JT21000NH0016</td></tr><tr><th style="padding:3px 5px;text-align:left;background:#f3f4f6;border-bottom:1px solid #d1d5db;width:30%;font-size:11px;font-weight:600;color:#1f2937;">Tipo de Serviço</th><td style="padding:3px 5px;border-bottom:1px solid #e5e7eb;font-size:11px;color:#111827;">Limpeza em áreas de difícil acesso</td></tr><tr><th style="padding:3px 5px;text-align:left;background:#f3f4f6;border-bottom:1px solid #d1d5db;width:30%;font-size:11px;font-weight:600;color:#1f2937;">Nome</th><td style="padding:3px 5px;border-bottom:1px solid #e5e7eb;font-size:11px;color:#111827;">MANGARÁS</td></tr><tr><th style="padding:3px 5px;text-align:left;background:#f3f4f6;border-bottom:1px solid #d1d5db;width:30%;font-size:11px;font-weight:600;color:#1f2937;">Logradouro</th><td style="padding:3px 5px;border-bottom:1px solid #e5e7eb;font-size:11px;color:#111827;">R Itaiba</td></tr><tr><th style="padding:3px 5px;text-align:left;background:#f3f4f6;border-bottom:1px solid #d1d5db;width:30%;font-size:11px;font-weight:600;color:#1f2937;">Subprefeitura</th><td style="padding:3px 5px;border-bottom:1px solid #e5e7eb;font-size:11px;color:#111827;">Jaçanã / Tucuruvi</td></tr><tr><th style="padding:3px 5px;text-align:left;background:#f3f4f6;border-bottom:1px solid #d1d5db;width:30%;font-size:11px;font-weight:600;color:#1f2937;">Turno</th><td style="padding:3px 5px;border-bottom:1px solid #e5e7eb;font-size:11px;color:#111827;">Vespertino</td></tr><tr><th style="padding:3px 5px;text-align:left;background:#f3f4f6;border-bottom:1px solid #d1d5db;width:30%;font-size:11px;font-weight:600;color:#1f2937;">Frequência</th><td style="padding:3px 5px;border-bottom:1px solid #e5e7eb;font-size:11px;color:#111827;">Bimestral</td></tr><tr><th style="padding:3px 5px;text-align:left;background:#f3f4f6;border-bottom:1px solid #d1d5db;width:30%;font-size:11px;font-weight:600;color:#1f2937;">Cronograma</th><td style="padding:3px 5px;border-bottom:1px solid #e5e7eb;font-size:11px;color:#111827;">07/05/2026<br>09/07/2026<br>11/09/2026<br>06/11/2026<br>07/01/2027<br>04/03/2027</td></tr></table>]]></description><Polygon><outerBoundaryIs><LinearRing><coordinates>-46.5766600,-23.4567500,0 -46.5767400,-23.4567800,0 -46.5769000,-23.4568000,0 -46.5770700,-23.4567700,0 -46.5771500,-23.4567300,0 -46.5772200,-23.4566800,0 -46.5773200,-23.4565600,0 -46.5773900,-23.4564000,0 -46.5774100,-23.4562900,0 -46.5773800,-23.4561300,0 -46.5771700,-23.4558300,0 -46.5771000,-23.4557700,0 -46.5768700,-23.4556400,0 -46.5767900,-23.4556100,0 -46.5766100,-23.4556000,0 -46.5764500,-23.4556400,0 -46.5763800,-23.4556800,0 -46.5762600,-23.4558000,0 -46.5761000,-23.4561000,0 -46.5760800,-23.4562600,0 -46.5761200,-23.4564100,0 -46.5762100,-23.4565400,0 -46.5763500,-23.4566300,0 -46.5766600,-23.4567500,0</coordinates></LinearRing></outerBoundaryIs></Polygon></Placemark>
<Style id="s-NH-58">
<LineStyle><color>ff82004b</color><width>2.0</width></LineStyle>
<PolyStyle><color>ff82004b</color></PolyStyle>
<IconStyle><color>ff82004b</color><scale>0.55</scale>
<Icon><href>http://maps.google.com/mapfiles/kml/shapes/placemark_circle.png</href></Icon>
</IconStyle>
<LabelStyle><scale>0.65</scale></LabelStyle>
</Style><Placemark><name>VILA NOVA GALVÃO I</name><styleUrl>#s-NH-58</styleUrl><description><![CDATA[<table style="border-collapse:collapse;width:100%;font-family:'Helvetica Neue',Helvetica,Arial,sans-serif;font-size:11px;border:1px solid #e5e7eb;border-radius:8px;overflow:hidden;"><tr><th colspan="2" style="padding:5px 8px;background:#1f6feb;color:#fff;text-align:left;font-size:12px;font-weight:600;">VILA NOVA GALVÃO I</th></tr><tr><th style="padding:3px 5px;text-align:left;background:#f3f4f6;border-bottom:1px solid #d1d5db;width:30%;font-size:11px;font-weight:600;color:#1f2937;">Serviço</th><td style="padding:3px 5px;border-bottom:1px solid #e5e7eb;font-size:11px;color:#111827;">Núcleos Habitacionais (NH)</td></tr><tr><th style="padding:3px 5px;text-align:left;background:#f3f4f6;border-bottom:1px solid #d1d5db;width:30%;font-size:11px;font-weight:600;color:#1f2937;">Setor</th><td style="padding:3px 5px;border-bottom:1px solid #e5e7eb;font-size:11px;color:#111827;">JT21000NH0017</td></tr><tr><th style="padding:3px 5px;text-align:left;background:#f3f4f6;border-bottom:1px solid #d1d5db;width:30%;font-size:11px;font-weight:600;color:#1f2937;">Tipo de Serviço</th><td style="padding:3px 5px;border-bottom:1px solid #e5e7eb;font-size:11px;color:#111827;">Limpeza em áreas de difícil acesso</td></tr><tr><th style="padding:3px 5px;text-align:left;background:#f3f4f6;border-bottom:1px solid #d1d5db;width:30%;font-size:11px;font-weight:600;color:#1f2937;">Nome</th><td style="padding:3px 5px;border-bottom:1px solid #e5e7eb;font-size:11px;color:#111827;">VILA NOVA GALVÃO I</td></tr><tr><th style="padding:3px 5px;text-align:left;background:#f3f4f6;border-bottom:1px solid #d1d5db;width:30%;font-size:11px;font-weight:600;color:#1f2937;">Logradouro</th><td style="padding:3px 5px;border-bottom:1px solid #e5e7eb;font-size:11px;color:#111827;">R Gabriel Ribeiro</td></tr><tr><th style="padding:3px 5px;text-align:left;background:#f3f4f6;border-bottom:1px solid #d1d5db;width:30%;font-size:11px;font-weight:600;color:#1f2937;">Subprefeitura</th><td style="padding:3px 5px;border-bottom:1px solid #e5e7eb;font-size:11px;color:#111827;">Jaçanã / Tucuruvi</td></tr><tr><th style="padding:3px 5px;text-align:left;background:#f3f4f6;border-bottom:1px solid #d1d5db;width:30%;font-size:11px;font-weight:600;color:#1f2937;">Turno</th><td style="padding:3px 5px;border-bottom:1px solid #e5e7eb;font-size:11px;color:#111827;">Vespertino</td></tr><tr><th style="padding:3px 5px;text-align:left;background:#f3f4f6;border-bottom:1px solid #d1d5db;width:30%;font-size:11px;font-weight:600;color:#1f2937;">Frequência</th><td style="padding:3px 5px;border-bottom:1px solid #e5e7eb;font-size:11px;color:#111827;">Bimestral</td></tr><tr><th style="padding:3px 5px;text-align:left;background:#f3f4f6;border-bottom:1px solid #d1d5db;width:30%;font-size:11px;font-weight:600;color:#1f2937;">Cronograma</th><td style="padding:3px 5px;border-bottom:1px solid #e5e7eb;font-size:11px;color:#111827;">07/05/2026<br>09/07/2026<br>11/09/2026<br>06/11/2026<br>07/01/2027<br>04/03/2027</td></tr></table>]]></description><Polygon><outerBoundaryIs><LinearRing><coordinates>-46.5768200,-23.4548000,0 -46.5768400,-23.4547200,0 -46.5768400,-23.4544900,0 -46.5770400,-23.4541600,0 -46.5770600,-23.4540800,0 -46.5770600,-23.4539300,0 -46.5770400,-23.4538500,0 -46.5769500,-23.4537100,0 -46.5768200,-23.4536100,0 -46.5765500,-23.4535200,0 -46.5764600,-23.4535200,0 -46.5763000,-23.4535600,0 -46.5762200,-23.4536000,0 -46.5761000,-23.4537100,0 -46.5755500,-23.4545000,0 -46.5754800,-23.4546600,0 -46.5752400,-23.4560100,0 -46.5752700,-23.4562400,0 -46.5754200,-23.4564300,0 -46.5755700,-23.4565000,0 -46.5758300,-23.4565700,0 -46.5760000,-23.4565800,0 -46.5761700,-23.4565300,0 -46.5763600,-23.4563800,0 -46.5764200,-23.4562800,0 -46.5765300,-23.4560100,0 -46.5768300,-23.4550700,0 -46.5768500,-23.4549400,0 -46.5768200,-23.4548000,0</coordinates></LinearRing></outerBoundaryIs></Polygon></Placemark>
<Style id="s-NH-59">
<LineStyle><color>ff82004b</color><width>2.0</width></LineStyle>
<PolyStyle><color>ff82004b</color></PolyStyle>
<IconStyle><color>ff82004b</color><scale>0.55</scale>
<Icon><href>http://maps.google.com/mapfiles/kml/shapes/placemark_circle.png</href></Icon>
</IconStyle>
<LabelStyle><scale>0.65</scale></LabelStyle>
</Style><Placemark><name>ARAPIRACA</name><styleUrl>#s-NH-59</styleUrl><description><![CDATA[<table style="border-collapse:collapse;width:100%;font-family:'Helvetica Neue',Helvetica,Arial,sans-serif;font-size:11px;border:1px solid #e5e7eb;border-radius:8px;overflow:hidden;"><tr><th colspan="2" style="padding:5px 8px;background:#1f6feb;color:#fff;text-align:left;font-size:12px;font-weight:600;">ARAPIRACA</th></tr><tr><th style="padding:3px 5px;text-align:left;background:#f3f4f6;border-bottom:1px solid #d1d5db;width:30%;font-size:11px;font-weight:600;color:#1f2937;">Serviço</th><td style="padding:3px 5px;border-bottom:1px solid #e5e7eb;font-size:11px;color:#111827;">Núcleos Habitacionais (NH)</td></tr><tr><th style="padding:3px 5px;text-align:left;background:#f3f4f6;border-bottom:1px solid #d1d5db;width:30%;font-size:11px;font-weight:600;color:#1f2937;">Setor</th><td style="padding:3px 5px;border-bottom:1px solid #e5e7eb;font-size:11px;color:#111827;">JT21000NH0018</td></tr><tr><th style="padding:3px 5px;text-align:left;background:#f3f4f6;border-bottom:1px solid #d1d5db;width:30%;font-size:11px;font-weight:600;color:#1f2937;">Tipo de Serviço</th><td style="padding:3px 5px;border-bottom:1px solid #e5e7eb;font-size:11px;color:#111827;">Limpeza em áreas de difícil acesso</td></tr><tr><th style="padding:3px 5px;text-align:left;background:#f3f4f6;border-bottom:1px solid #d1d5db;width:30%;font-size:11px;font-weight:600;color:#1f2937;">Nome</th><td style="padding:3px 5px;border-bottom:1px solid #e5e7eb;font-size:11px;color:#111827;">ARAPIRACA</td></tr><tr><th style="padding:3px 5px;text-align:left;background:#f3f4f6;border-bottom:1px solid #d1d5db;width:30%;font-size:11px;font-weight:600;color:#1f2937;">Logradouro</th><td style="padding:3px 5px;border-bottom:1px solid #e5e7eb;font-size:11px;color:#111827;">R Salvador</td></tr><tr><th style="padding:3px 5px;text-align:left;background:#f3f4f6;border-bottom:1px solid #d1d5db;width:30%;font-size:11px;font-weight:600;color:#1f2937;">Subprefeitura</th><td style="padding:3px 5px;border-bottom:1px solid #e5e7eb;font-size:11px;color:#111827;">Jaçanã / Tucuruvi</td></tr><tr><th style="padding:3px 5px;text-align:left;background:#f3f4f6;border-bottom:1px solid #d1d5db;width:30%;font-size:11px;font-weight:600;color:#1f2937;">Turno</th><td style="padding:3px 5px;border-bottom:1px solid #e5e7eb;font-size:11px;color:#111827;">Vespertino</td></tr><tr><th style="padding:3px 5px;text-align:left;background:#f3f4f6;border-bottom:1px solid #d1d5db;width:30%;font-size:11px;font-weight:600;color:#1f2937;">Frequência</th><td style="padding:3px 5px;border-bottom:1px solid #e5e7eb;font-size:11px;color:#111827;">Bimestral</td></tr><tr><th style="padding:3px 5px;text-align:left;background:#f3f4f6;border-bottom:1px solid #d1d5db;width:30%;font-size:11px;font-weight:600;color:#1f2937;">Cronograma</th><td style="padding:3px 5px;border-bottom:1px solid #e5e7eb;font-size:11px;color:#111827;">08/05/2026<br>10/07/2026<br>14/09/2026<br>09/11/2026<br>08/01/2027<br>05/03/2027</td></tr></table>]]></description><Polygon><outerBoundaryIs><LinearRing><coordinates>-46.5791200,-23.4573800,0 -46.5791200,-23.4575400,0 -46.5791400,-23.4576200,0 -46.5792200,-23.4577500,0 -46.5792800,-23.4578100,0 -46.5793500,-23.4578600,0 -46.5795100,-23.4579100,0 -46.5797100,-23.4579100,0 -46.5806100,-23.4577200,0 -46.5813900,-23.4574400,0 -46.5816000,-23.4573000,0 -46.5816800,-23.4571600,0 -46.5817000,-23.4570800,0 -46.5817000,-23.4569400,0 -46.5816400,-23.4567400,0 -46.5815700,-23.4566000,0 -46.5814500,-23.4564900,0 -46.5813000,-23.4564200,0 -46.5811300,-23.4564100,0 -46.5808700,-23.4564600,0 -46.5804400,-23.4566300,0 -46.5802400,-23.4566200,0 -46.5798200,-23.4564900,0 -46.5797300,-23.4564800,0 -46.5795700,-23.4565000,0 -46.5794100,-23.4565800,0 -46.5793500,-23.4566300,0 -46.5792600,-23.4567700,0 -46.5791200,-23.4573800,0</coordinates></LinearRing></outerBoundaryIs></Polygon></Placemark>
<Style id="s-NH-60">
<LineStyle><color>ff82004b</color><width>2.0</width></LineStyle>
<PolyStyle><color>ff82004b</color></PolyStyle>
<IconStyle><color>ff82004b</color><scale>0.55</scale>
<Icon><href>http://maps.google.com/mapfiles/kml/shapes/placemark_circle.png</href></Icon>
</IconStyle>
<LabelStyle><scale>0.65</scale></LabelStyle>
</Style><Placemark><name>IGARAPÉ PRIMAVERA</name><styleUrl>#s-NH-60</styleUrl><description><![CDATA[<table style="border-collapse:collapse;width:100%;font-family:'Helvetica Neue',Helvetica,Arial,sans-serif;font-size:11px;border:1px solid #e5e7eb;border-radius:8px;overflow:hidden;"><tr><th colspan="2" style="padding:5px 8px;background:#1f6feb;color:#fff;text-align:left;font-size:12px;font-weight:600;">IGARAPÉ PRIMAVERA</th></tr><tr><th style="padding:3px 5px;text-align:left;background:#f3f4f6;border-bottom:1px solid #d1d5db;width:30%;font-size:11px;font-weight:600;color:#1f2937;">Serviço</th><td style="padding:3px 5px;border-bottom:1px solid #e5e7eb;font-size:11px;color:#111827;">Núcleos Habitacionais (NH)</td></tr><tr><th style="padding:3px 5px;text-align:left;background:#f3f4f6;border-bottom:1px solid #d1d5db;width:30%;font-size:11px;font-weight:600;color:#1f2937;">Setor</th><td style="padding:3px 5px;border-bottom:1px solid #e5e7eb;font-size:11px;color:#111827;">JT21000NH0019</td></tr><tr><th style="padding:3px 5px;text-align:left;background:#f3f4f6;border-bottom:1px solid #d1d5db;width:30%;font-size:11px;font-weight:600;color:#1f2937;">Tipo de Serviço</th><td style="padding:3px 5px;border-bottom:1px solid #e5e7eb;font-size:11px;color:#111827;">Limpeza em áreas de difícil acesso</td></tr><tr><th style="padding:3px 5px;text-align:left;background:#f3f4f6;border-bottom:1px solid #d1d5db;width:30%;font-size:11px;font-weight:600;color:#1f2937;">Nome</th><td style="padding:3px 5px;border-bottom:1px solid #e5e7eb;font-size:11px;color:#111827;">IGARAPÉ PRIMAVERA</td></tr><tr><th style="padding:3px 5px;text-align:left;background:#f3f4f6;border-bottom:1px solid #d1d5db;width:30%;font-size:11px;font-weight:600;color:#1f2937;">Logradouro</th><td style="padding:3px 5px;border-bottom:1px solid #e5e7eb;font-size:11px;color:#111827;">R Costa Brito</td></tr><tr><th style="padding:3px 5px;text-align:left;background:#f3f4f6;border-bottom:1px solid #d1d5db;width:30%;font-size:11px;font-weight:600;color:#1f2937;">Subprefeitura</th><td style="padding:3px 5px;border-bottom:1px solid #e5e7eb;font-size:11px;color:#111827;">Jaçanã / Tucuruvi</td></tr><tr><th style="padding:3px 5px;text-align:left;background:#f3f4f6;border-bottom:1px solid #d1d5db;width:30%;font-size:11px;font-weight:600;color:#1f2937;">Turno</th><td style="padding:3px 5px;border-bottom:1px solid #e5e7eb;font-size:11px;color:#111827;">Vespertino</td></tr><tr><th style="padding:3px 5px;text-align:left;background:#f3f4f6;border-bottom:1px solid #d1d5db;width:30%;font-size:11px;font-weight:600;color:#1f2937;">Frequência</th><td style="padding:3px 5px;border-bottom:1px solid #e5e7eb;font-size:11px;color:#111827;">Bimestral</td></tr><tr><th style="padding:3px 5px;text-align:left;background:#f3f4f6;border-bottom:1px solid #d1d5db;width:30%;font-size:11px;font-weight:600;color:#1f2937;">Cronograma</th><td style="padding:3px 5px;border-bottom:1px solid #e5e7eb;font-size:11px;color:#111827;">08/05/2026<br>10/07/2026<br>14/09/2026<br>09/11/2026<br>08/01/2027<br>05/03/2027</td></tr></table>]]></description><Polygon><outerBoundaryIs><LinearRing><coordinates>-46.5850600,-23.4566200,0 -46.5853600,-23.4563700,0 -46.5854100,-23.4563100,0 -46.5854600,-23.4561600,0 -46.5854600,-23.4560200,0 -46.5853600,-23.4555000,0 -46.5851300,-23.4550200,0 -46.5849400,-23.4547500,0 -46.5848000,-23.4546500,0 -46.5846400,-23.4546000,0 -46.5843900,-23.4546300,0 -46.5842400,-23.4547100,0 -46.5840700,-23.4548900,0 -46.5840000,-23.4550400,0 -46.5839900,-23.4551200,0 -46.5840100,-23.4552700,0 -46.5841400,-23.4554900,0 -46.5842000,-23.4557700,0 -46.5842300,-23.4561000,0 -46.5841900,-23.4563200,0 -46.5842200,-23.4564800,0 -46.5842500,-23.4565500,0 -46.5843600,-23.4566700,0 -46.5845100,-23.4567500,0 -46.5845900,-23.4567700,0 -46.5846700,-23.4567800,0 -46.5848400,-23.4567500,0 -46.5849900,-23.4566800,0 -46.5850600,-23.4566200,0</coordinates></LinearRing></outerBoundaryIs></Polygon></Placemark>
<Style id="s-NH-61">
<LineStyle><color>ff82004b</color><width>2.0</width></LineStyle>
<PolyStyle><color>ff82004b</color></PolyStyle>
<IconStyle><color>ff82004b</color><scale>0.55</scale>
<Icon><href>http://maps.google.com/mapfiles/kml/shapes/placemark_circle.png</href></Icon>
</IconStyle>
<LabelStyle><scale>0.65</scale></LabelStyle>
</Style><Placemark><name>BAIXA GRANDE</name><styleUrl>#s-NH-61</styleUrl><description><![CDATA[<table style="border-collapse:collapse;width:100%;font-family:'Helvetica Neue',Helvetica,Arial,sans-serif;font-size:11px;border:1px solid #e5e7eb;border-radius:8px;overflow:hidden;"><tr><th colspan="2" style="padding:5px 8px;background:#1f6feb;color:#fff;text-align:left;font-size:12px;font-weight:600;">BAIXA GRANDE</th></tr><tr><th style="padding:3px 5px;text-align:left;background:#f3f4f6;border-bottom:1px solid #d1d5db;width:30%;font-size:11px;font-weight:600;color:#1f2937;">Serviço</th><td style="padding:3px 5px;border-bottom:1px solid #e5e7eb;font-size:11px;color:#111827;">Núcleos Habitacionais (NH)</td></tr><tr><th style="padding:3px 5px;text-align:left;background:#f3f4f6;border-bottom:1px solid #d1d5db;width:30%;font-size:11px;font-weight:600;color:#1f2937;">Setor</th><td style="padding:3px 5px;border-bottom:1px solid #e5e7eb;font-size:11px;color:#111827;">JT21000NH0020</td></tr><tr><th style="padding:3px 5px;text-align:left;background:#f3f4f6;border-bottom:1px solid #d1d5db;width:30%;font-size:11px;font-weight:600;color:#1f2937;">Tipo de Serviço</th><td style="padding:3px 5px;border-bottom:1px solid #e5e7eb;font-size:11px;color:#111827;">Limpeza em áreas de difícil acesso</td></tr><tr><th style="padding:3px 5px;text-align:left;background:#f3f4f6;border-bottom:1px solid #d1d5db;width:30%;font-size:11px;font-weight:600;color:#1f2937;">Nome</th><td style="padding:3px 5px;border-bottom:1px solid #e5e7eb;font-size:11px;color:#111827;">BAIXA GRANDE</td></tr><tr><th style="padding:3px 5px;text-align:left;background:#f3f4f6;border-bottom:1px solid #d1d5db;width:30%;font-size:11px;font-weight:600;color:#1f2937;">Logradouro</th><td style="padding:3px 5px;border-bottom:1px solid #e5e7eb;font-size:11px;color:#111827;">R Barreira Branca</td></tr><tr><th style="padding:3px 5px;text-align:left;background:#f3f4f6;border-bottom:1px solid #d1d5db;width:30%;font-size:11px;font-weight:600;color:#1f2937;">Subprefeitura</th><td style="padding:3px 5px;border-bottom:1px solid #e5e7eb;font-size:11px;color:#111827;">Jaçanã / Tucuruvi</td></tr><tr><th style="padding:3px 5px;text-align:left;background:#f3f4f6;border-bottom:1px solid #d1d5db;width:30%;font-size:11px;font-weight:600;color:#1f2937;">Turno</th><td style="padding:3px 5px;border-bottom:1px solid #e5e7eb;font-size:11px;color:#111827;">Vespertino</td></tr><tr><th style="padding:3px 5px;text-align:left;background:#f3f4f6;border-bottom:1px solid #d1d5db;width:30%;font-size:11px;font-weight:600;color:#1f2937;">Frequência</th><td style="padding:3px 5px;border-bottom:1px solid #e5e7eb;font-size:11px;color:#111827;">Bimestral</td></tr><tr><th style="padding:3px 5px;text-align:left;background:#f3f4f6;border-bottom:1px solid #d1d5db;width:30%;font-size:11px;font-weight:600;color:#1f2937;">Cronograma</th><td style="padding:3px 5px;border-bottom:1px solid #e5e7eb;font-size:11px;color:#111827;">08/05/2026<br>10/07/2026<br>14/09/2026<br>09/11/2026<br>08/01/2027<br>05/03/2027</td></tr></table>]]></description><Polygon><outerBoundaryIs><LinearRing><coordinates>-46.5872500,-23.4547900,0 -46.5870500,-23.4546700,0 -46.5867600,-23.4545700,0 -46.5865900,-23.4545600,0 -46.5864800,-23.4545900,0 -46.5861400,-23.4545200,0 -46.5858900,-23.4545800,0 -46.5856100,-23.4547400,0 -46.5854700,-23.4549400,0 -46.5854500,-23.4550600,0 -46.5853500,-23.4551900,0 -46.5853000,-23.4553400,0 -46.5853100,-23.4554900,0 -46.5853400,-23.4555700,0 -46.5854200,-23.4557000,0 -46.5854800,-23.4557600,0 -46.5855400,-23.4558100,0 -46.5857000,-23.4558800,0 -46.5858700,-23.4558900,0 -46.5860600,-23.4558400,0 -46.5863300,-23.4558700,0 -46.5863800,-23.4559400,0 -46.5865700,-23.4560600,0 -46.5867500,-23.4562200,0 -46.5869100,-23.4562600,0 -46.5869500,-23.4564200,0 -46.5870400,-23.4565500,0 -46.5871800,-23.4566400,0 -46.5873400,-23.4566800,0 -46.5878700,-23.4567000,0 -46.5881100,-23.4566500,0 -46.5882600,-23.4566900,0 -46.5884300,-23.4566900,0 -46.5886900,-23.4566000,0 -46.5888400,-23.4565200,0 -46.5890100,-23.4563500,0 -46.5893300,-23.4559600,0 -46.5893800,-23.4558100,0 -46.5894000,-23.4555200,0 -46.5893400,-23.4553700,0 -46.5892300,-23.4552500,0 -46.5891600,-23.4552100,0 -46.5890000,-23.4551500,0 -46.5884600,-23.4551500,0 -46.5881700,-23.4552200,0 -46.5880300,-23.4553200,0 -46.5879700,-23.4551300,0 -46.5878200,-23.4549400,0 -46.5874900,-23.4547900,0 -46.5872500,-23.4547900,0</coordinates></LinearRing></outerBoundaryIs></Polygon></Placemark>
<Style id="s-NH-62">
<LineStyle><color>ff82004b</color><width>2.0</width></LineStyle>
<PolyStyle><color>ff82004b</color></PolyStyle>
<IconStyle><color>ff82004b</color><scale>0.55</scale>
<Icon><href>http://maps.google.com/mapfiles/kml/shapes/placemark_circle.png</href></Icon>
</IconStyle>
<LabelStyle><scale>0.65</scale></LabelStyle>
</Style><Placemark><name>GUAPIRA I</name><styleUrl>#s-NH-62</styleUrl><description><![CDATA[<table style="border-collapse:collapse;width:100%;font-family:'Helvetica Neue',Helvetica,Arial,sans-serif;font-size:11px;border:1px solid #e5e7eb;border-radius:8px;overflow:hidden;"><tr><th colspan="2" style="padding:5px 8px;background:#1f6feb;color:#fff;text-align:left;font-size:12px;font-weight:600;">GUAPIRA I</th></tr><tr><th style="padding:3px 5px;text-align:left;background:#f3f4f6;border-bottom:1px solid #d1d5db;width:30%;font-size:11px;font-weight:600;color:#1f2937;">Serviço</th><td style="padding:3px 5px;border-bottom:1px solid #e5e7eb;font-size:11px;color:#111827;">Núcleos Habitacionais (NH)</td></tr><tr><th style="padding:3px 5px;text-align:left;background:#f3f4f6;border-bottom:1px solid #d1d5db;width:30%;font-size:11px;font-weight:600;color:#1f2937;">Setor</th><td style="padding:3px 5px;border-bottom:1px solid #e5e7eb;font-size:11px;color:#111827;">JT21000NH0021</td></tr><tr><th style="padding:3px 5px;text-align:left;background:#f3f4f6;border-bottom:1px solid #d1d5db;width:30%;font-size:11px;font-weight:600;color:#1f2937;">Tipo de Serviço</th><td style="padding:3px 5px;border-bottom:1px solid #e5e7eb;font-size:11px;color:#111827;">Limpeza em áreas de difícil acesso</td></tr><tr><th style="padding:3px 5px;text-align:left;background:#f3f4f6;border-bottom:1px solid #d1d5db;width:30%;font-size:11px;font-weight:600;color:#1f2937;">Nome</th><td style="padding:3px 5px;border-bottom:1px solid #e5e7eb;font-size:11px;color:#111827;">GUAPIRA I</td></tr><tr><th style="padding:3px 5px;text-align:left;background:#f3f4f6;border-bottom:1px solid #d1d5db;width:30%;font-size:11px;font-weight:600;color:#1f2937;">Logradouro</th><td style="padding:3px 5px;border-bottom:1px solid #e5e7eb;font-size:11px;color:#111827;">R Primavera</td></tr><tr><th style="padding:3px 5px;text-align:left;background:#f3f4f6;border-bottom:1px solid #d1d5db;width:30%;font-size:11px;font-weight:600;color:#1f2937;">Subprefeitura</th><td style="padding:3px 5px;border-bottom:1px solid #e5e7eb;font-size:11px;color:#111827;">Jaçanã / Tucuruvi</td></tr><tr><th style="padding:3px 5px;text-align:left;background:#f3f4f6;border-bottom:1px solid #d1d5db;width:30%;font-size:11px;font-weight:600;color:#1f2937;">Turno</th><td style="padding:3px 5px;border-bottom:1px solid #e5e7eb;font-size:11px;color:#111827;">Vespertino</td></tr><tr><th style="padding:3px 5px;text-align:left;background:#f3f4f6;border-bottom:1px solid #d1d5db;width:30%;font-size:11px;font-weight:600;color:#1f2937;">Frequência</th><td style="padding:3px 5px;border-bottom:1px solid #e5e7eb;font-size:11px;color:#111827;">Bimestral</td></tr><tr><th style="padding:3px 5px;text-align:left;background:#f3f4f6;border-bottom:1px solid #d1d5db;width:30%;font-size:11px;font-weight:600;color:#1f2937;">Cronograma</th><td style="padding:3px 5px;border-bottom:1px solid #e5e7eb;font-size:11px;color:#111827;">11/05/2026<br>13/07/2026<br>15/09/2026<br>10/11/2026<br>11/01/2027<br>08/03/2027</td></tr></table>]]></description><Polygon><outerBoundaryIs><LinearRing><coordinates>-46.5812100,-23.4475600,0 -46.5812900,-23.4476800,0 -46.5812800,-23.4478400,0 -46.5813100,-23.4479500,0 -46.5814300,-23.4482200,0 -46.5815200,-23.4483600,0 -46.5819000,-23.4487100,0 -46.5823800,-23.4490800,0 -46.5830900,-23.4493000,0 -46.5832900,-23.4497400,0 -46.5834100,-23.4498600,0 -46.5837400,-23.4500100,0 -46.5845500,-23.4501800,0 -46.5851700,-23.4501100,0 -46.5854000,-23.4500200,0 -46.5855100,-23.4499000,0 -46.5855700,-23.4497500,0 -46.5855800,-23.4495800,0 -46.5855300,-23.4494600,0 -46.5851900,-23.4488400,0 -46.5850700,-23.4487400,0 -46.5849900,-23.4487000,0 -46.5847400,-23.4486400,0 -46.5847400,-23.4485200,0 -46.5848800,-23.4481800,0 -46.5848900,-23.4478700,0 -46.5849500,-23.4477300,0 -46.5849600,-23.4475900,0 -46.5859500,-23.4443900,0 -46.5859500,-23.4442600,0 -46.5859300,-23.4441900,0 -46.5858400,-23.4440500,0 -46.5857100,-23.4439500,0 -46.5855500,-23.4439000,0 -46.5854200,-23.4438900,0 -46.5848900,-23.4439400,0 -46.5847300,-23.4440100,0 -46.5845800,-23.4441400,0 -46.5844600,-23.4440200,0 -46.5843100,-23.4439500,0 -46.5842300,-23.4439300,0 -46.5839900,-23.4439300,0 -46.5838300,-23.4438600,0 -46.5836000,-23.4438200,0 -46.5834200,-23.4437000,0 -46.5830200,-23.4435500,0 -46.5827700,-23.4435200,0 -46.5825500,-23.4436000,0 -46.5818800,-23.4440400,0 -46.5816700,-23.4442300,0 -46.5815000,-23.4442300,0 -46.5813200,-23.4442700,0 -46.5811000,-23.4443900,0 -46.5810000,-23.4445200,0 -46.5809600,-23.4446700,0 -46.5808300,-23.4447000,0 -46.5806800,-23.4447800,0 -46.5805700,-23.4449000,0 -46.5805100,-23.4451100,0 -46.5805000,-23.4454100,0 -46.5805100,-23.4455300,0 -46.5807100,-23.4462600,0 -46.5812100,-23.4475600,0</coordinates></LinearRing></outerBoundaryIs></Polygon></Placemark>
<Style id="s-NH-63">
<LineStyle><color>ff82004b</color><width>2.0</width></LineStyle>
<PolyStyle><color>ff82004b</color></PolyStyle>
<IconStyle><color>ff82004b</color><scale>0.55</scale>
<Icon><href>http://maps.google.com/mapfiles/kml/shapes/placemark_circle.png</href></Icon>
</IconStyle>
<LabelStyle><scale>0.65</scale></LabelStyle>
</Style><Placemark><name>GUAPIRA II</name><styleUrl>#s-NH-63</styleUrl><description><![CDATA[<table style="border-collapse:collapse;width:100%;font-family:'Helvetica Neue',Helvetica,Arial,sans-serif;font-size:11px;border:1px solid #e5e7eb;border-radius:8px;overflow:hidden;"><tr><th colspan="2" style="padding:5px 8px;background:#1f6feb;color:#fff;text-align:left;font-size:12px;font-weight:600;">GUAPIRA II</th></tr><tr><th style="padding:3px 5px;text-align:left;background:#f3f4f6;border-bottom:1px solid #d1d5db;width:30%;font-size:11px;font-weight:600;color:#1f2937;">Serviço</th><td style="padding:3px 5px;border-bottom:1px solid #e5e7eb;font-size:11px;color:#111827;">Núcleos Habitacionais (NH)</td></tr><tr><th style="padding:3px 5px;text-align:left;background:#f3f4f6;border-bottom:1px solid #d1d5db;width:30%;font-size:11px;font-weight:600;color:#1f2937;">Setor</th><td style="padding:3px 5px;border-bottom:1px solid #e5e7eb;font-size:11px;color:#111827;">JT21000NH0022</td></tr><tr><th style="padding:3px 5px;text-align:left;background:#f3f4f6;border-bottom:1px solid #d1d5db;width:30%;font-size:11px;font-weight:600;color:#1f2937;">Tipo de Serviço</th><td style="padding:3px 5px;border-bottom:1px solid #e5e7eb;font-size:11px;color:#111827;">Limpeza em áreas de difícil acesso</td></tr><tr><th style="padding:3px 5px;text-align:left;background:#f3f4f6;border-bottom:1px solid #d1d5db;width:30%;font-size:11px;font-weight:600;color:#1f2937;">Nome</th><td style="padding:3px 5px;border-bottom:1px solid #e5e7eb;font-size:11px;color:#111827;">GUAPIRA II</td></tr><tr><th style="padding:3px 5px;text-align:left;background:#f3f4f6;border-bottom:1px solid #d1d5db;width:30%;font-size:11px;font-weight:600;color:#1f2937;">Logradouro</th><td style="padding:3px 5px;border-bottom:1px solid #e5e7eb;font-size:11px;color:#111827;">Vla S Jose</td></tr><tr><th style="padding:3px 5px;text-align:left;background:#f3f4f6;border-bottom:1px solid #d1d5db;width:30%;font-size:11px;font-weight:600;color:#1f2937;">Subprefeitura</th><td style="padding:3px 5px;border-bottom:1px solid #e5e7eb;font-size:11px;color:#111827;">Jaçanã / Tucuruvi</td></tr><tr><th style="padding:3px 5px;text-align:left;background:#f3f4f6;border-bottom:1px solid #d1d5db;width:30%;font-size:11px;font-weight:600;color:#1f2937;">Turno</th><td style="padding:3px 5px;border-bottom:1px solid #e5e7eb;font-size:11px;color:#111827;">Vespertino</td></tr><tr><th style="padding:3px 5px;text-align:left;background:#f3f4f6;border-bottom:1px solid #d1d5db;width:30%;font-size:11px;font-weight:600;color:#1f2937;">Frequência</th><td style="padding:3px 5px;border-bottom:1px solid #e5e7eb;font-size:11px;color:#111827;">Bimestral</td></tr><tr><th style="padding:3px 5px;text-align:left;background:#f3f4f6;border-bottom:1px solid #d1d5db;width:30%;font-size:11px;font-weight:600;color:#1f2937;">Cronograma</th><td style="padding:3px 5px;border-bottom:1px solid #e5e7eb;font-size:11px;color:#111827;">12/05/2026<br>14/07/2026<br>16/09/2026<br>11/11/2026<br>12/01/2027<br>09/03/2027</td></tr></table>]]></description><Polygon><outerBoundaryIs><LinearRing><coordinates>-46.5820400,-23.4520600,0 -46.5821000,-23.4521100,0 -46.5822600,-23.4521800,0 -46.5825100,-23.4521800,0 -46.5826600,-23.4521200,0 -46.5829500,-23.4519200,0 -46.5830500,-23.4518000,0 -46.5830800,-23.4517200,0 -46.5830900,-23.4515300,0 -46.5830300,-23.4513800,0 -46.5828400,-23.4511800,0 -46.5829300,-23.4511000,0 -46.5830100,-23.4510900,0 -46.5831700,-23.4510200,0 -46.5834000,-23.4508300,0 -46.5837100,-23.4503900,0 -46.5837400,-23.4501400,0 -46.5836800,-23.4499900,0 -46.5835900,-23.4498900,0 -46.5831400,-23.4495000,0 -46.5830700,-23.4494500,0 -46.5829200,-23.4493900,0 -46.5829200,-23.4492600,0 -46.5828600,-23.4491100,0 -46.5827500,-23.4490000,0 -46.5826000,-23.4489200,0 -46.5821900,-23.4488400,0 -46.5818400,-23.4487200,0 -46.5816400,-23.4483900,0 -46.5815200,-23.4482700,0 -46.5812500,-23.4481100,0 -46.5810900,-23.4480700,0 -46.5809200,-23.4480900,0 -46.5807600,-23.4481600,0 -46.5807000,-23.4482100,0 -46.5802100,-23.4488500,0 -46.5797400,-23.4493900,0 -46.5796600,-23.4495300,0 -46.5796300,-23.4496800,0 -46.5796400,-23.4497600,0 -46.5797100,-23.4499100,0 -46.5797900,-23.4500000,0 -46.5805400,-23.4506400,0 -46.5820400,-23.4520600,0</coordinates></LinearRing></outerBoundaryIs></Polygon></Placemark>
<Style id="s-NH-64">
<LineStyle><color>ff82004b</color><width>2.0</width></LineStyle>
<PolyStyle><color>ff82004b</color></PolyStyle>
<IconStyle><color>ff82004b</color><scale>0.55</scale>
<Icon><href>http://maps.google.com/mapfiles/kml/shapes/placemark_circle.png</href></Icon>
</IconStyle>
<LabelStyle><scale>0.65</scale></LabelStyle>
</Style><Placemark><name>SABESP - GUAPIRA II</name><styleUrl>#s-NH-64</styleUrl><description><![CDATA[<table style="border-collapse:collapse;width:100%;font-family:'Helvetica Neue',Helvetica,Arial,sans-serif;font-size:11px;border:1px solid #e5e7eb;border-radius:8px;overflow:hidden;"><tr><th colspan="2" style="padding:5px 8px;background:#1f6feb;color:#fff;text-align:left;font-size:12px;font-weight:600;">SABESP - GUAPIRA II</th></tr><tr><th style="padding:3px 5px;text-align:left;background:#f3f4f6;border-bottom:1px solid #d1d5db;width:30%;font-size:11px;font-weight:600;color:#1f2937;">Serviço</th><td style="padding:3px 5px;border-bottom:1px solid #e5e7eb;font-size:11px;color:#111827;">Núcleos Habitacionais (NH)</td></tr><tr><th style="padding:3px 5px;text-align:left;background:#f3f4f6;border-bottom:1px solid #d1d5db;width:30%;font-size:11px;font-weight:600;color:#1f2937;">Setor</th><td style="padding:3px 5px;border-bottom:1px solid #e5e7eb;font-size:11px;color:#111827;">JT21000NH0023</td></tr><tr><th style="padding:3px 5px;text-align:left;background:#f3f4f6;border-bottom:1px solid #d1d5db;width:30%;font-size:11px;font-weight:600;color:#1f2937;">Tipo de Serviço</th><td style="padding:3px 5px;border-bottom:1px solid #e5e7eb;font-size:11px;color:#111827;">Limpeza em áreas de difícil acesso</td></tr><tr><th style="padding:3px 5px;text-align:left;background:#f3f4f6;border-bottom:1px solid #d1d5db;width:30%;font-size:11px;font-weight:600;color:#1f2937;">Nome</th><td style="padding:3px 5px;border-bottom:1px solid #e5e7eb;font-size:11px;color:#111827;">SABESP - GUAPIRA II</td></tr><tr><th style="padding:3px 5px;text-align:left;background:#f3f4f6;border-bottom:1px solid #d1d5db;width:30%;font-size:11px;font-weight:600;color:#1f2937;">Logradouro</th><td style="padding:3px 5px;border-bottom:1px solid #e5e7eb;font-size:11px;color:#111827;">R Davi</td></tr><tr><th style="padding:3px 5px;text-align:left;background:#f3f4f6;border-bottom:1px solid #d1d5db;width:30%;font-size:11px;font-weight:600;color:#1f2937;">Subprefeitura</th><td style="padding:3px 5px;border-bottom:1px solid #e5e7eb;font-size:11px;color:#111827;">Jaçanã / Tucuruvi</td></tr><tr><th style="padding:3px 5px;text-align:left;background:#f3f4f6;border-bottom:1px solid #d1d5db;width:30%;font-size:11px;font-weight:600;color:#1f2937;">Turno</th><td style="padding:3px 5px;border-bottom:1px solid #e5e7eb;font-size:11px;color:#111827;">Vespertino</td></tr><tr><th style="padding:3px 5px;text-align:left;background:#f3f4f6;border-bottom:1px solid #d1d5db;width:30%;font-size:11px;font-weight:600;color:#1f2937;">Frequência</th><td style="padding:3px 5px;border-bottom:1px solid #e5e7eb;font-size:11px;color:#111827;">Bimestral</td></tr><tr><th style="padding:3px 5px;text-align:left;background:#f3f4f6;border-bottom:1px solid #d1d5db;width:30%;font-size:11px;font-weight:600;color:#1f2937;">Cronograma</th><td style="padding:3px 5px;border-bottom:1px solid #e5e7eb;font-size:11px;color:#111827;">13/05/2026<br>15/07/2026<br>17/09/2026<br>12/11/2026<br>13/01/2027<br>10/03/2027</td></tr></table>]]></description><Polygon><outerBoundaryIs><LinearRing><coordinates>-46.5818800,-23.4496900,0 -46.5819900,-23.4497200,0 -46.5824300,-23.4497700,0 -46.5826000,-23.4497400,0 -46.5827400,-23.4496500,0 -46.5828500,-23.4495300,0 -46.5828800,-23.4494600,0 -46.5831200,-23.4487200,0 -46.5830900,-23.4485600,0 -46.5830000,-23.4484300,0 -46.5829300,-23.4483600,0 -46.5824100,-23.4479800,0 -46.5822200,-23.4477800,0 -46.5821100,-23.4475700,0 -46.5820600,-23.4475100,0 -46.5819200,-23.4474200,0 -46.5817500,-23.4473800,0 -46.5816700,-23.4473800,0 -46.5815000,-23.4474200,0 -46.5813200,-23.4475500,0 -46.5807300,-23.4482600,0 -46.5806500,-23.4484000,0 -46.5806300,-23.4485600,0 -46.5806400,-23.4486400,0 -46.5807100,-23.4487800,0 -46.5808500,-23.4489100,0 -46.5811400,-23.4493600,0 -46.5813300,-23.4494900,0 -46.5818800,-23.4496900,0</coordinates></LinearRing></outerBoundaryIs></Polygon></Placemark>
<Style id="s-NH-65">
<LineStyle><color>ff82004b</color><width>2.0</width></LineStyle>
<PolyStyle><color>ff82004b</color></PolyStyle>
<IconStyle><color>ff82004b</color><scale>0.55</scale>
<Icon><href>http://maps.google.com/mapfiles/kml/shapes/placemark_circle.png</href></Icon>
</IconStyle>
<LabelStyle><scale>0.65</scale></LabelStyle>
</Style><Placemark><name>PLANALTO DAS TORRES</name><styleUrl>#s-NH-65</styleUrl><description><![CDATA[<table style="border-collapse:collapse;width:100%;font-family:'Helvetica Neue',Helvetica,Arial,sans-serif;font-size:11px;border:1px solid #e5e7eb;border-radius:8px;overflow:hidden;"><tr><th colspan="2" style="padding:5px 8px;background:#1f6feb;color:#fff;text-align:left;font-size:12px;font-weight:600;">PLANALTO DAS TORRES</th></tr><tr><th style="padding:3px 5px;text-align:left;background:#f3f4f6;border-bottom:1px solid #d1d5db;width:30%;font-size:11px;font-weight:600;color:#1f2937;">Serviço</th><td style="padding:3px 5px;border-bottom:1px solid #e5e7eb;font-size:11px;color:#111827;">Núcleos Habitacionais (NH)</td></tr><tr><th style="padding:3px 5px;text-align:left;background:#f3f4f6;border-bottom:1px solid #d1d5db;width:30%;font-size:11px;font-weight:600;color:#1f2937;">Setor</th><td style="padding:3px 5px;border-bottom:1px solid #e5e7eb;font-size:11px;color:#111827;">JT21000NH0024</td></tr><tr><th style="padding:3px 5px;text-align:left;background:#f3f4f6;border-bottom:1px solid #d1d5db;width:30%;font-size:11px;font-weight:600;color:#1f2937;">Tipo de Serviço</th><td style="padding:3px 5px;border-bottom:1px solid #e5e7eb;font-size:11px;color:#111827;">Limpeza em áreas de difícil acesso</td></tr><tr><th style="padding:3px 5px;text-align:left;background:#f3f4f6;border-bottom:1px solid #d1d5db;width:30%;font-size:11px;font-weight:600;color:#1f2937;">Nome</th><td style="padding:3px 5px;border-bottom:1px solid #e5e7eb;font-size:11px;color:#111827;">PLANALTO DAS TORRES</td></tr><tr><th style="padding:3px 5px;text-align:left;background:#f3f4f6;border-bottom:1px solid #d1d5db;width:30%;font-size:11px;font-weight:600;color:#1f2937;">Logradouro</th><td style="padding:3px 5px;border-bottom:1px solid #e5e7eb;font-size:11px;color:#111827;">Est de Furnas</td></tr><tr><th style="padding:3px 5px;text-align:left;background:#f3f4f6;border-bottom:1px solid #d1d5db;width:30%;font-size:11px;font-weight:600;color:#1f2937;">Subprefeitura</th><td style="padding:3px 5px;border-bottom:1px solid #e5e7eb;font-size:11px;color:#111827;">Jaçanã / Tucuruvi</td></tr><tr><th style="padding:3px 5px;text-align:left;background:#f3f4f6;border-bottom:1px solid #d1d5db;width:30%;font-size:11px;font-weight:600;color:#1f2937;">Turno</th><td style="padding:3px 5px;border-bottom:1px solid #e5e7eb;font-size:11px;color:#111827;">Vespertino</td></tr><tr><th style="padding:3px 5px;text-align:left;background:#f3f4f6;border-bottom:1px solid #d1d5db;width:30%;font-size:11px;font-weight:600;color:#1f2937;">Frequência</th><td style="padding:3px 5px;border-bottom:1px solid #e5e7eb;font-size:11px;color:#111827;">Bimestral</td></tr><tr><th style="padding:3px 5px;text-align:left;background:#f3f4f6;border-bottom:1px solid #d1d5db;width:30%;font-size:11px;font-weight:600;color:#1f2937;">Cronograma</th><td style="padding:3px 5px;border-bottom:1px solid #e5e7eb;font-size:11px;color:#111827;">13/05/2026<br>15/07/2026<br>17/09/2026<br>12/11/2026<br>13/01/2027<br>10/03/2027</td></tr></table>]]></description><Polygon><outerBoundaryIs><LinearRing><coordinates>-46.5842100,-23.4440500,0 -46.5832800,-23.4448800,0 -46.5832100,-23.4450300,0 -46.5831900,-23.4451800,0 -46.5832800,-23.4454000,0 -46.5834900,-23.4456100,0 -46.5836300,-23.4457100,0 -46.5837900,-23.4457500,0 -46.5838800,-23.4457500,0 -46.5839600,-23.4457400,0 -46.5841200,-23.4456700,0 -46.5850200,-23.4449500,0 -46.5853200,-23.4446400,0 -46.5853900,-23.4444900,0 -46.5853900,-23.4443200,0 -46.5853300,-23.4441700,0 -46.5852200,-23.4440500,0 -46.5850700,-23.4439700,0 -46.5849900,-23.4439500,0 -46.5845100,-23.4439200,0 -46.5843500,-23.4439600,0 -46.5842100,-23.4440500,0</coordinates></LinearRing></outerBoundaryIs></Polygon></Placemark>
<Style id="s-NH-66">
<LineStyle><color>ff82004b</color><width>2.0</width></LineStyle>
<PolyStyle><color>ff82004b</color></PolyStyle>
<IconStyle><color>ff82004b</color><scale>0.55</scale>
<Icon><href>http://maps.google.com/mapfiles/kml/shapes/placemark_circle.png</href></Icon>
</IconStyle>
<LabelStyle><scale>0.65</scale></LabelStyle>
</Style><Placemark><name>GUILHERME BUDE</name><styleUrl>#s-NH-66</styleUrl><description><![CDATA[<table style="border-collapse:collapse;width:100%;font-family:'Helvetica Neue',Helvetica,Arial,sans-serif;font-size:11px;border:1px solid #e5e7eb;border-radius:8px;overflow:hidden;"><tr><th colspan="2" style="padding:5px 8px;background:#1f6feb;color:#fff;text-align:left;font-size:12px;font-weight:600;">GUILHERME BUDE</th></tr><tr><th style="padding:3px 5px;text-align:left;background:#f3f4f6;border-bottom:1px solid #d1d5db;width:30%;font-size:11px;font-weight:600;color:#1f2937;">Serviço</th><td style="padding:3px 5px;border-bottom:1px solid #e5e7eb;font-size:11px;color:#111827;">Núcleos Habitacionais (NH)</td></tr><tr><th style="padding:3px 5px;text-align:left;background:#f3f4f6;border-bottom:1px solid #d1d5db;width:30%;font-size:11px;font-weight:600;color:#1f2937;">Setor</th><td style="padding:3px 5px;border-bottom:1px solid #e5e7eb;font-size:11px;color:#111827;">JT21000NH0025</td></tr><tr><th style="padding:3px 5px;text-align:left;background:#f3f4f6;border-bottom:1px solid #d1d5db;width:30%;font-size:11px;font-weight:600;color:#1f2937;">Tipo de Serviço</th><td style="padding:3px 5px;border-bottom:1px solid #e5e7eb;font-size:11px;color:#111827;">Limpeza em áreas de difícil acesso</td></tr><tr><th style="padding:3px 5px;text-align:left;background:#f3f4f6;border-bottom:1px solid #d1d5db;width:30%;font-size:11px;font-weight:600;color:#1f2937;">Nome</th><td style="padding:3px 5px;border-bottom:1px solid #e5e7eb;font-size:11px;color:#111827;">GUILHERME BUDE</td></tr><tr><th style="padding:3px 5px;text-align:left;background:#f3f4f6;border-bottom:1px solid #d1d5db;width:30%;font-size:11px;font-weight:600;color:#1f2937;">Logradouro</th><td style="padding:3px 5px;border-bottom:1px solid #e5e7eb;font-size:11px;color:#111827;">R da Chacara</td></tr><tr><th style="padding:3px 5px;text-align:left;background:#f3f4f6;border-bottom:1px solid #d1d5db;width:30%;font-size:11px;font-weight:600;color:#1f2937;">Subprefeitura</th><td style="padding:3px 5px;border-bottom:1px solid #e5e7eb;font-size:11px;color:#111827;">Jaçanã / Tucuruvi</td></tr><tr><th style="padding:3px 5px;text-align:left;background:#f3f4f6;border-bottom:1px solid #d1d5db;width:30%;font-size:11px;font-weight:600;color:#1f2937;">Turno</th><td style="padding:3px 5px;border-bottom:1px solid #e5e7eb;font-size:11px;color:#111827;">Vespertino</td></tr><tr><th style="padding:3px 5px;text-align:left;background:#f3f4f6;border-bottom:1px solid #d1d5db;width:30%;font-size:11px;font-weight:600;color:#1f2937;">Frequência</th><td style="padding:3px 5px;border-bottom:1px solid #e5e7eb;font-size:11px;color:#111827;">Bimestral</td></tr><tr><th style="padding:3px 5px;text-align:left;background:#f3f4f6;border-bottom:1px solid #d1d5db;width:30%;font-size:11px;font-weight:600;color:#1f2937;">Cronograma</th><td style="padding:3px 5px;border-bottom:1px solid #e5e7eb;font-size:11px;color:#111827;">14/05/2026<br>16/07/2026<br>18/09/2026<br>13/11/2026<br>14/01/2027<br>11/03/2027</td></tr></table>]]></description><Polygon><outerBoundaryIs><LinearRing><coordinates>-46.5840000,-23.4474200,0 -46.5839800,-23.4475700,0 -46.5840200,-23.4477200,0 -46.5840600,-23.4477900,0 -46.5841800,-23.4479100,0 -46.5842500,-23.4479500,0 -46.5844000,-23.4481400,0 -46.5845600,-23.4482200,0 -46.5848000,-23.4482800,0 -46.5851000,-23.4484600,0 -46.5853200,-23.4486500,0 -46.5854000,-23.4486800,0 -46.5855700,-23.4487000,0 -46.5856600,-23.4486900,0 -46.5858100,-23.4486300,0 -46.5859400,-23.4485200,0 -46.5861100,-23.4482800,0 -46.5861800,-23.4481400,0 -46.5861900,-23.4479600,0 -46.5861500,-23.4478600,0 -46.5861900,-23.4476900,0 -46.5861600,-23.4475300,0 -46.5860100,-23.4473400,0 -46.5858700,-23.4472700,0 -46.5858600,-23.4471900,0 -46.5857800,-23.4470500,0 -46.5856600,-23.4469400,0 -46.5848100,-23.4465400,0 -46.5846400,-23.4465200,0 -46.5845500,-23.4465300,0 -46.5843900,-23.4465900,0 -46.5842700,-23.4467000,0 -46.5842200,-23.4467600,0 -46.5841900,-23.4468400,0 -46.5840000,-23.4474200,0</coordinates></LinearRing></outerBoundaryIs></Polygon></Placemark>
<Style id="s-NH-67">
<LineStyle><color>ff82004b</color><width>2.0</width></LineStyle>
<PolyStyle><color>ff82004b</color></PolyStyle>
<IconStyle><color>ff82004b</color><scale>0.55</scale>
<Icon><href>http://maps.google.com/mapfiles/kml/shapes/placemark_circle.png</href></Icon>
</IconStyle>
<LabelStyle><scale>0.65</scale></LabelStyle>
</Style><Placemark><name>ATALIBA LEONEL 1</name><styleUrl>#s-NH-67</styleUrl><description><![CDATA[<table style="border-collapse:collapse;width:100%;font-family:'Helvetica Neue',Helvetica,Arial,sans-serif;font-size:11px;border:1px solid #e5e7eb;border-radius:8px;overflow:hidden;"><tr><th colspan="2" style="padding:5px 8px;background:#1f6feb;color:#fff;text-align:left;font-size:12px;font-weight:600;">ATALIBA LEONEL 1</th></tr><tr><th style="padding:3px 5px;text-align:left;background:#f3f4f6;border-bottom:1px solid #d1d5db;width:30%;font-size:11px;font-weight:600;color:#1f2937;">Serviço</th><td style="padding:3px 5px;border-bottom:1px solid #e5e7eb;font-size:11px;color:#111827;">Núcleos Habitacionais (NH)</td></tr><tr><th style="padding:3px 5px;text-align:left;background:#f3f4f6;border-bottom:1px solid #d1d5db;width:30%;font-size:11px;font-weight:600;color:#1f2937;">Setor</th><td style="padding:3px 5px;border-bottom:1px solid #e5e7eb;font-size:11px;color:#111827;">JT21000NH0026</td></tr><tr><th style="padding:3px 5px;text-align:left;background:#f3f4f6;border-bottom:1px solid #d1d5db;width:30%;font-size:11px;font-weight:600;color:#1f2937;">Tipo de Serviço</th><td style="padding:3px 5px;border-bottom:1px solid #e5e7eb;font-size:11px;color:#111827;">Limpeza em áreas de difícil acesso</td></tr><tr><th style="padding:3px 5px;text-align:left;background:#f3f4f6;border-bottom:1px solid #d1d5db;width:30%;font-size:11px;font-weight:600;color:#1f2937;">Nome</th><td style="padding:3px 5px;border-bottom:1px solid #e5e7eb;font-size:11px;color:#111827;">ATALIBA LEONEL 1</td></tr><tr><th style="padding:3px 5px;text-align:left;background:#f3f4f6;border-bottom:1px solid #d1d5db;width:30%;font-size:11px;font-weight:600;color:#1f2937;">Logradouro</th><td style="padding:3px 5px;border-bottom:1px solid #e5e7eb;font-size:11px;color:#111827;">R Realino Nogueira de Castilho</td></tr><tr><th style="padding:3px 5px;text-align:left;background:#f3f4f6;border-bottom:1px solid #d1d5db;width:30%;font-size:11px;font-weight:600;color:#1f2937;">Subprefeitura</th><td style="padding:3px 5px;border-bottom:1px solid #e5e7eb;font-size:11px;color:#111827;">Jaçanã / Tucuruvi</td></tr><tr><th style="padding:3px 5px;text-align:left;background:#f3f4f6;border-bottom:1px solid #d1d5db;width:30%;font-size:11px;font-weight:600;color:#1f2937;">Turno</th><td style="padding:3px 5px;border-bottom:1px solid #e5e7eb;font-size:11px;color:#111827;">Vespertino</td></tr><tr><th style="padding:3px 5px;text-align:left;background:#f3f4f6;border-bottom:1px solid #d1d5db;width:30%;font-size:11px;font-weight:600;color:#1f2937;">Frequência</th><td style="padding:3px 5px;border-bottom:1px solid #e5e7eb;font-size:11px;color:#111827;">Bimestral</td></tr><tr><th style="padding:3px 5px;text-align:left;background:#f3f4f6;border-bottom:1px solid #d1d5db;width:30%;font-size:11px;font-weight:600;color:#1f2937;">Cronograma</th><td style="padding:3px 5px;border-bottom:1px solid #e5e7eb;font-size:11px;color:#111827;">14/05/2026<br>16/07/2026<br>18/09/2026<br>13/11/2026<br>14/01/2027<br>11/03/2027</td></tr></table>]]></description><Polygon><outerBoundaryIs><LinearRing><coordinates>-46.5862700,-23.4457600,0 -46.5865100,-23.4457700,0 -46.5866400,-23.4457500,0 -46.5868000,-23.4456900,0 -46.5869300,-23.4455900,0 -46.5870100,-23.4454500,0 -46.5870400,-23.4453100,0 -46.5870300,-23.4452200,0 -46.5871300,-23.4451000,0 -46.5873300,-23.4446300,0 -46.5873400,-23.4445400,0 -46.5873300,-23.4444600,0 -46.5872400,-23.4442100,0 -46.5871400,-23.4440800,0 -46.5869900,-23.4440000,0 -46.5867400,-23.4439700,0 -46.5865800,-23.4440200,0 -46.5864700,-23.4440900,0 -46.5859700,-23.4445100,0 -46.5856100,-23.4446200,0 -46.5854800,-23.4447200,0 -46.5853900,-23.4448500,0 -46.5853400,-23.4450300,0 -46.5853400,-23.4451900,0 -46.5853900,-23.4453400,0 -46.5855100,-23.4455100,0 -46.5856400,-23.4456100,0 -46.5857200,-23.4456400,0 -46.5862700,-23.4457600,0</coordinates></LinearRing></outerBoundaryIs></Polygon></Placemark>
<Style id="s-NH-68">
<LineStyle><color>ff82004b</color><width>2.0</width></LineStyle>
<PolyStyle><color>ff82004b</color></PolyStyle>
<IconStyle><color>ff82004b</color><scale>0.55</scale>
<Icon><href>http://maps.google.com/mapfiles/kml/shapes/placemark_circle.png</href></Icon>
</IconStyle>
<LabelStyle><scale>0.65</scale></LabelStyle>
</Style><Placemark><name>ATALIBA LEONEL II</name><styleUrl>#s-NH-68</styleUrl><description><![CDATA[<table style="border-collapse:collapse;width:100%;font-family:'Helvetica Neue',Helvetica,Arial,sans-serif;font-size:11px;border:1px solid #e5e7eb;border-radius:8px;overflow:hidden;"><tr><th colspan="2" style="padding:5px 8px;background:#1f6feb;color:#fff;text-align:left;font-size:12px;font-weight:600;">ATALIBA LEONEL II</th></tr><tr><th style="padding:3px 5px;text-align:left;background:#f3f4f6;border-bottom:1px solid #d1d5db;width:30%;font-size:11px;font-weight:600;color:#1f2937;">Serviço</th><td style="padding:3px 5px;border-bottom:1px solid #e5e7eb;font-size:11px;color:#111827;">Núcleos Habitacionais (NH)</td></tr><tr><th style="padding:3px 5px;text-align:left;background:#f3f4f6;border-bottom:1px solid #d1d5db;width:30%;font-size:11px;font-weight:600;color:#1f2937;">Setor</th><td style="padding:3px 5px;border-bottom:1px solid #e5e7eb;font-size:11px;color:#111827;">JT21000NH0027</td></tr><tr><th style="padding:3px 5px;text-align:left;background:#f3f4f6;border-bottom:1px solid #d1d5db;width:30%;font-size:11px;font-weight:600;color:#1f2937;">Tipo de Serviço</th><td style="padding:3px 5px;border-bottom:1px solid #e5e7eb;font-size:11px;color:#111827;">Limpeza em áreas de difícil acesso</td></tr><tr><th style="padding:3px 5px;text-align:left;background:#f3f4f6;border-bottom:1px solid #d1d5db;width:30%;font-size:11px;font-weight:600;color:#1f2937;">Nome</th><td style="padding:3px 5px;border-bottom:1px solid #e5e7eb;font-size:11px;color:#111827;">ATALIBA LEONEL II</td></tr><tr><th style="padding:3px 5px;text-align:left;background:#f3f4f6;border-bottom:1px solid #d1d5db;width:30%;font-size:11px;font-weight:600;color:#1f2937;">Logradouro</th><td style="padding:3px 5px;border-bottom:1px solid #e5e7eb;font-size:11px;color:#111827;">R Alice Barros Castilho</td></tr><tr><th style="padding:3px 5px;text-align:left;background:#f3f4f6;border-bottom:1px solid #d1d5db;width:30%;font-size:11px;font-weight:600;color:#1f2937;">Subprefeitura</th><td style="padding:3px 5px;border-bottom:1px solid #e5e7eb;font-size:11px;color:#111827;">Jaçanã / Tucuruvi</td></tr><tr><th style="padding:3px 5px;text-align:left;background:#f3f4f6;border-bottom:1px solid #d1d5db;width:30%;font-size:11px;font-weight:600;color:#1f2937;">Turno</th><td style="padding:3px 5px;border-bottom:1px solid #e5e7eb;font-size:11px;color:#111827;">Vespertino</td></tr><tr><th style="padding:3px 5px;text-align:left;background:#f3f4f6;border-bottom:1px solid #d1d5db;width:30%;font-size:11px;font-weight:600;color:#1f2937;">Frequência</th><td style="padding:3px 5px;border-bottom:1px solid #e5e7eb;font-size:11px;color:#111827;">Bimestral</td></tr><tr><th style="padding:3px 5px;text-align:left;background:#f3f4f6;border-bottom:1px solid #d1d5db;width:30%;font-size:11px;font-weight:600;color:#1f2937;">Cronograma</th><td style="padding:3px 5px;border-bottom:1px solid #e5e7eb;font-size:11px;color:#111827;">14/05/2026<br>16/07/2026<br>18/09/2026<br>13/11/2026<br>14/01/2027<br>11/03/2027</td></tr></table>]]></description><Polygon><outerBoundaryIs><LinearRing><coordinates>-46.5870900,-23.4465400,0 -46.5870400,-23.4463600,0 -46.5869500,-23.4462200,0 -46.5867600,-23.4461100,0 -46.5867300,-23.4460300,0 -46.5866300,-23.4459100,0 -46.5864100,-23.4457900,0 -46.5861500,-23.4457500,0 -46.5858500,-23.4458100,0 -46.5857100,-23.4458900,0 -46.5856500,-23.4459500,0 -46.5855700,-23.4460900,0 -46.5855500,-23.4462100,0 -46.5854400,-23.4462800,0 -46.5852700,-23.4464600,0 -46.5852200,-23.4466100,0 -46.5852200,-23.4466900,0 -46.5852300,-23.4467600,0 -46.5853000,-23.4469100,0 -46.5854100,-23.4470200,0 -46.5855100,-23.4470800,0 -46.5864900,-23.4474700,0 -46.5866600,-23.4474800,0 -46.5867500,-23.4474600,0 -46.5869000,-23.4473900,0 -46.5870200,-23.4472800,0 -46.5870600,-23.4472100,0 -46.5870900,-23.4471400,0 -46.5871300,-23.4468800,0 -46.5870900,-23.4465400,0</coordinates></LinearRing></outerBoundaryIs></Polygon></Placemark>
<Style id="s-NH-69">
<LineStyle><color>ff82004b</color><width>2.0</width></LineStyle>
<PolyStyle><color>ff82004b</color></PolyStyle>
<IconStyle><color>ff82004b</color><scale>0.55</scale>
<Icon><href>http://maps.google.com/mapfiles/kml/shapes/placemark_circle.png</href></Icon>
</IconStyle>
<LabelStyle><scale>0.65</scale></LabelStyle>
</Style><Placemark><name>APUANÃ</name><styleUrl>#s-NH-69</styleUrl><description><![CDATA[<table style="border-collapse:collapse;width:100%;font-family:'Helvetica Neue',Helvetica,Arial,sans-serif;font-size:11px;border:1px solid #e5e7eb;border-radius:8px;overflow:hidden;"><tr><th colspan="2" style="padding:5px 8px;background:#1f6feb;color:#fff;text-align:left;font-size:12px;font-weight:600;">APUANÃ</th></tr><tr><th style="padding:3px 5px;text-align:left;background:#f3f4f6;border-bottom:1px solid #d1d5db;width:30%;font-size:11px;font-weight:600;color:#1f2937;">Serviço</th><td style="padding:3px 5px;border-bottom:1px solid #e5e7eb;font-size:11px;color:#111827;">Núcleos Habitacionais (NH)</td></tr><tr><th style="padding:3px 5px;text-align:left;background:#f3f4f6;border-bottom:1px solid #d1d5db;width:30%;font-size:11px;font-weight:600;color:#1f2937;">Setor</th><td style="padding:3px 5px;border-bottom:1px solid #e5e7eb;font-size:11px;color:#111827;">JT21000NH0028</td></tr><tr><th style="padding:3px 5px;text-align:left;background:#f3f4f6;border-bottom:1px solid #d1d5db;width:30%;font-size:11px;font-weight:600;color:#1f2937;">Tipo de Serviço</th><td style="padding:3px 5px;border-bottom:1px solid #e5e7eb;font-size:11px;color:#111827;">Limpeza em áreas de difícil acesso</td></tr><tr><th style="padding:3px 5px;text-align:left;background:#f3f4f6;border-bottom:1px solid #d1d5db;width:30%;font-size:11px;font-weight:600;color:#1f2937;">Nome</th><td style="padding:3px 5px;border-bottom:1px solid #e5e7eb;font-size:11px;color:#111827;">APUANÃ</td></tr><tr><th style="padding:3px 5px;text-align:left;background:#f3f4f6;border-bottom:1px solid #d1d5db;width:30%;font-size:11px;font-weight:600;color:#1f2937;">Logradouro</th><td style="padding:3px 5px;border-bottom:1px solid #e5e7eb;font-size:11px;color:#111827;">R Apuana</td></tr><tr><th style="padding:3px 5px;text-align:left;background:#f3f4f6;border-bottom:1px solid #d1d5db;width:30%;font-size:11px;font-weight:600;color:#1f2937;">Subprefeitura</th><td style="padding:3px 5px;border-bottom:1px solid #e5e7eb;font-size:11px;color:#111827;">Jaçanã / Tucuruvi</td></tr><tr><th style="padding:3px 5px;text-align:left;background:#f3f4f6;border-bottom:1px solid #d1d5db;width:30%;font-size:11px;font-weight:600;color:#1f2937;">Turno</th><td style="padding:3px 5px;border-bottom:1px solid #e5e7eb;font-size:11px;color:#111827;">Vespertino</td></tr><tr><th style="padding:3px 5px;text-align:left;background:#f3f4f6;border-bottom:1px solid #d1d5db;width:30%;font-size:11px;font-weight:600;color:#1f2937;">Frequência</th><td style="padding:3px 5px;border-bottom:1px solid #e5e7eb;font-size:11px;color:#111827;">Bimestral</td></tr><tr><th style="padding:3px 5px;text-align:left;background:#f3f4f6;border-bottom:1px solid #d1d5db;width:30%;font-size:11px;font-weight:600;color:#1f2937;">Cronograma</th><td style="padding:3px 5px;border-bottom:1px solid #e5e7eb;font-size:11px;color:#111827;">14/05/2026<br>16/07/2026<br>18/09/2026<br>13/11/2026<br>14/01/2027<br>11/03/2027</td></tr></table>]]></description><Polygon><outerBoundaryIs><LinearRing><coordinates>-46.5878800,-23.4529000,0 -46.5879700,-23.4529200,0 -46.5881400,-23.4529000,0 -46.5882200,-23.4528700,0 -46.5882900,-23.4528300,0 -46.5884100,-23.4527100,0 -46.5884700,-23.4525700,0 -46.5884800,-23.4523900,0 -46.5884600,-23.4523100,0 -46.5882200,-23.4517500,0 -46.5881300,-23.4516200,0 -46.5880000,-23.4515200,0 -46.5878400,-23.4514700,0 -46.5874900,-23.4514600,0 -46.5869400,-23.4513800,0 -46.5867700,-23.4514100,0 -46.5866300,-23.4514900,0 -46.5864900,-23.4516500,0 -46.5864200,-23.4518100,0 -46.5864100,-23.4519700,0 -46.5864600,-23.4521200,0 -46.5865100,-23.4521900,0 -46.5868600,-23.4525600,0 -46.5870800,-23.4527000,0 -46.5872400,-23.4527700,0 -46.5878800,-23.4529000,0</coordinates></LinearRing></outerBoundaryIs></Polygon></Placemark>
<Style id="s-NH-70">
<LineStyle><color>ff82004b</color><width>2.0</width></LineStyle>
<PolyStyle><color>ff82004b</color></PolyStyle>
<IconStyle><color>ff82004b</color><scale>0.55</scale>
<Icon><href>http://maps.google.com/mapfiles/kml/shapes/placemark_circle.png</href></Icon>
</IconStyle>
<LabelStyle><scale>0.65</scale></LabelStyle>
</Style><Placemark><name>DUQUESA DE FAIAL</name><styleUrl>#s-NH-70</styleUrl><description><![CDATA[<table style="border-collapse:collapse;width:100%;font-family:'Helvetica Neue',Helvetica,Arial,sans-serif;font-size:11px;border:1px solid #e5e7eb;border-radius:8px;overflow:hidden;"><tr><th colspan="2" style="padding:5px 8px;background:#1f6feb;color:#fff;text-align:left;font-size:12px;font-weight:600;">DUQUESA DE FAIAL</th></tr><tr><th style="padding:3px 5px;text-align:left;background:#f3f4f6;border-bottom:1px solid #d1d5db;width:30%;font-size:11px;font-weight:600;color:#1f2937;">Serviço</th><td style="padding:3px 5px;border-bottom:1px solid #e5e7eb;font-size:11px;color:#111827;">Núcleos Habitacionais (NH)</td></tr><tr><th style="padding:3px 5px;text-align:left;background:#f3f4f6;border-bottom:1px solid #d1d5db;width:30%;font-size:11px;font-weight:600;color:#1f2937;">Setor</th><td style="padding:3px 5px;border-bottom:1px solid #e5e7eb;font-size:11px;color:#111827;">JT21000NH0029</td></tr><tr><th style="padding:3px 5px;text-align:left;background:#f3f4f6;border-bottom:1px solid #d1d5db;width:30%;font-size:11px;font-weight:600;color:#1f2937;">Tipo de Serviço</th><td style="padding:3px 5px;border-bottom:1px solid #e5e7eb;font-size:11px;color:#111827;">Limpeza em áreas de difícil acesso</td></tr><tr><th style="padding:3px 5px;text-align:left;background:#f3f4f6;border-bottom:1px solid #d1d5db;width:30%;font-size:11px;font-weight:600;color:#1f2937;">Nome</th><td style="padding:3px 5px;border-bottom:1px solid #e5e7eb;font-size:11px;color:#111827;">DUQUESA DE FAIAL</td></tr><tr><th style="padding:3px 5px;text-align:left;background:#f3f4f6;border-bottom:1px solid #d1d5db;width:30%;font-size:11px;font-weight:600;color:#1f2937;">Logradouro</th><td style="padding:3px 5px;border-bottom:1px solid #e5e7eb;font-size:11px;color:#111827;">R Dqa do Faial</td></tr><tr><th style="padding:3px 5px;text-align:left;background:#f3f4f6;border-bottom:1px solid #d1d5db;width:30%;font-size:11px;font-weight:600;color:#1f2937;">Subprefeitura</th><td style="padding:3px 5px;border-bottom:1px solid #e5e7eb;font-size:11px;color:#111827;">Jaçanã / Tucuruvi</td></tr><tr><th style="padding:3px 5px;text-align:left;background:#f3f4f6;border-bottom:1px solid #d1d5db;width:30%;font-size:11px;font-weight:600;color:#1f2937;">Turno</th><td style="padding:3px 5px;border-bottom:1px solid #e5e7eb;font-size:11px;color:#111827;">Vespertino</td></tr><tr><th style="padding:3px 5px;text-align:left;background:#f3f4f6;border-bottom:1px solid #d1d5db;width:30%;font-size:11px;font-weight:600;color:#1f2937;">Frequência</th><td style="padding:3px 5px;border-bottom:1px solid #e5e7eb;font-size:11px;color:#111827;">Bimestral</td></tr><tr><th style="padding:3px 5px;text-align:left;background:#f3f4f6;border-bottom:1px solid #d1d5db;width:30%;font-size:11px;font-weight:600;color:#1f2937;">Cronograma</th><td style="padding:3px 5px;border-bottom:1px solid #e5e7eb;font-size:11px;color:#111827;">14/05/2026<br>16/07/2026<br>18/09/2026<br>13/11/2026<br>14/01/2027<br>11/03/2027</td></tr></table>]]></description><Polygon><outerBoundaryIs><LinearRing><coordinates>-46.5928100,-23.4471400,0 -46.5929500,-23.4470500,0 -46.5930500,-23.4469300,0 -46.5931000,-23.4467300,0 -46.5930700,-23.4465700,0 -46.5929000,-23.4461900,0 -46.5928100,-23.4460600,0 -46.5926800,-23.4459600,0 -46.5926000,-23.4459300,0 -46.5924100,-23.4459100,0 -46.5920700,-23.4459700,0 -46.5919900,-23.4460000,0 -46.5918600,-23.4461000,0 -46.5917500,-23.4463100,0 -46.5917500,-23.4464700,0 -46.5918200,-23.4467200,0 -46.5919700,-23.4470400,0 -46.5920200,-23.4471100,0 -46.5921500,-23.4472100,0 -46.5924000,-23.4472700,0 -46.5925700,-23.4472400,0 -46.5928100,-23.4471400,0</coordinates></LinearRing></outerBoundaryIs></Polygon></Placemark>
<Style id="s-NH-71">
<LineStyle><color>ff82004b</color><width>2.0</width></LineStyle>
<PolyStyle><color>ff82004b</color></PolyStyle>
<IconStyle><color>ff82004b</color><scale>0.55</scale>
<Icon><href>http://maps.google.com/mapfiles/kml/shapes/placemark_circle.png</href></Icon>
</IconStyle>
<LabelStyle><scale>0.65</scale></LabelStyle>
</Style><Placemark><name>JARDIM JAÇANA</name><styleUrl>#s-NH-71</styleUrl><description><![CDATA[<table style="border-collapse:collapse;width:100%;font-family:'Helvetica Neue',Helvetica,Arial,sans-serif;font-size:11px;border:1px solid #e5e7eb;border-radius:8px;overflow:hidden;"><tr><th colspan="2" style="padding:5px 8px;background:#1f6feb;color:#fff;text-align:left;font-size:12px;font-weight:600;">JARDIM JAÇANA</th></tr><tr><th style="padding:3px 5px;text-align:left;background:#f3f4f6;border-bottom:1px solid #d1d5db;width:30%;font-size:11px;font-weight:600;color:#1f2937;">Serviço</th><td style="padding:3px 5px;border-bottom:1px solid #e5e7eb;font-size:11px;color:#111827;">Núcleos Habitacionais (NH)</td></tr><tr><th style="padding:3px 5px;text-align:left;background:#f3f4f6;border-bottom:1px solid #d1d5db;width:30%;font-size:11px;font-weight:600;color:#1f2937;">Setor</th><td style="padding:3px 5px;border-bottom:1px solid #e5e7eb;font-size:11px;color:#111827;">JT21000NH0030</td></tr><tr><th style="padding:3px 5px;text-align:left;background:#f3f4f6;border-bottom:1px solid #d1d5db;width:30%;font-size:11px;font-weight:600;color:#1f2937;">Tipo de Serviço</th><td style="padding:3px 5px;border-bottom:1px solid #e5e7eb;font-size:11px;color:#111827;">Limpeza em áreas de difícil acesso</td></tr><tr><th style="padding:3px 5px;text-align:left;background:#f3f4f6;border-bottom:1px solid #d1d5db;width:30%;font-size:11px;font-weight:600;color:#1f2937;">Nome</th><td style="padding:3px 5px;border-bottom:1px solid #e5e7eb;font-size:11px;color:#111827;">JARDIM JAÇANA</td></tr><tr><th style="padding:3px 5px;text-align:left;background:#f3f4f6;border-bottom:1px solid #d1d5db;width:30%;font-size:11px;font-weight:600;color:#1f2937;">Logradouro</th><td style="padding:3px 5px;border-bottom:1px solid #e5e7eb;font-size:11px;color:#111827;">R Joao Alves Dias</td></tr><tr><th style="padding:3px 5px;text-align:left;background:#f3f4f6;border-bottom:1px solid #d1d5db;width:30%;font-size:11px;font-weight:600;color:#1f2937;">Subprefeitura</th><td style="padding:3px 5px;border-bottom:1px solid #e5e7eb;font-size:11px;color:#111827;">Jaçanã / Tucuruvi</td></tr><tr><th style="padding:3px 5px;text-align:left;background:#f3f4f6;border-bottom:1px solid #d1d5db;width:30%;font-size:11px;font-weight:600;color:#1f2937;">Turno</th><td style="padding:3px 5px;border-bottom:1px solid #e5e7eb;font-size:11px;color:#111827;">Vespertino</td></tr><tr><th style="padding:3px 5px;text-align:left;background:#f3f4f6;border-bottom:1px solid #d1d5db;width:30%;font-size:11px;font-weight:600;color:#1f2937;">Frequência</th><td style="padding:3px 5px;border-bottom:1px solid #e5e7eb;font-size:11px;color:#111827;">Bimestral</td></tr><tr><th style="padding:3px 5px;text-align:left;background:#f3f4f6;border-bottom:1px solid #d1d5db;width:30%;font-size:11px;font-weight:600;color:#1f2937;">Cronograma</th><td style="padding:3px 5px;border-bottom:1px solid #e5e7eb;font-size:11px;color:#111827;">15/05/2026<br>17/07/2026<br>21/09/2026<br>16/11/2026<br>15/01/2027<br>12/03/2027</td></tr></table>]]></description><Polygon><outerBoundaryIs><LinearRing><coordinates>-46.5911200,-23.4466500,0 -46.5910300,-23.4464300,0 -46.5909800,-23.4463700,0 -46.5908900,-23.4463100,0 -46.5908200,-23.4461700,0 -46.5907000,-23.4460600,0 -46.5905400,-23.4460000,0 -46.5903300,-23.4459900,0 -46.5898100,-23.4460900,0 -46.5897400,-23.4461200,0 -46.5896100,-23.4462300,0 -46.5895200,-23.4463600,0 -46.5895000,-23.4464400,0 -46.5895300,-23.4466700,0 -46.5897400,-23.4470100,0 -46.5897400,-23.4472100,0 -46.5897200,-23.4473400,0 -46.5897200,-23.4480300,0 -46.5896000,-23.4496200,0 -46.5895500,-23.4501400,0 -46.5895100,-23.4502100,0 -46.5894600,-23.4504100,0 -46.5894200,-23.4519700,0 -46.5894800,-23.4521900,0 -46.5895900,-23.4523200,0 -46.5896400,-23.4523500,0 -46.5897200,-23.4524900,0 -46.5898500,-23.4525900,0 -46.5900500,-23.4526600,0 -46.5903000,-23.4526600,0 -46.5904500,-23.4525900,0 -46.5905700,-23.4524800,0 -46.5906300,-23.4523600,0 -46.5910200,-23.4511200,0 -46.5910400,-23.4510000,0 -46.5910200,-23.4506400,0 -46.5909000,-23.4500300,0 -46.5910300,-23.4498000,0 -46.5910800,-23.4496500,0 -46.5910600,-23.4493200,0 -46.5910200,-23.4491900,0 -46.5911300,-23.4479500,0 -46.5911700,-23.4472200,0 -46.5911200,-23.4466500,0</coordinates></LinearRing></outerBoundaryIs></Polygon></Placemark>
<Style id="s-NH-72">
<LineStyle><color>ff82004b</color><width>2.0</width></LineStyle>
<PolyStyle><color>ff82004b</color></PolyStyle>
<IconStyle><color>ff82004b</color><scale>0.55</scale>
<Icon><href>http://maps.google.com/mapfiles/kml/shapes/placemark_circle.png</href></Icon>
</IconStyle>
<LabelStyle><scale>0.65</scale></LabelStyle>
</Style><Placemark><name>ALBUQUERQUE PRADO</name><styleUrl>#s-NH-72</styleUrl><description><![CDATA[<table style="border-collapse:collapse;width:100%;font-family:'Helvetica Neue',Helvetica,Arial,sans-serif;font-size:11px;border:1px solid #e5e7eb;border-radius:8px;overflow:hidden;"><tr><th colspan="2" style="padding:5px 8px;background:#1f6feb;color:#fff;text-align:left;font-size:12px;font-weight:600;">ALBUQUERQUE PRADO</th></tr><tr><th style="padding:3px 5px;text-align:left;background:#f3f4f6;border-bottom:1px solid #d1d5db;width:30%;font-size:11px;font-weight:600;color:#1f2937;">Serviço</th><td style="padding:3px 5px;border-bottom:1px solid #e5e7eb;font-size:11px;color:#111827;">Núcleos Habitacionais (NH)</td></tr><tr><th style="padding:3px 5px;text-align:left;background:#f3f4f6;border-bottom:1px solid #d1d5db;width:30%;font-size:11px;font-weight:600;color:#1f2937;">Setor</th><td style="padding:3px 5px;border-bottom:1px solid #e5e7eb;font-size:11px;color:#111827;">JT21000NH0031</td></tr><tr><th style="padding:3px 5px;text-align:left;background:#f3f4f6;border-bottom:1px solid #d1d5db;width:30%;font-size:11px;font-weight:600;color:#1f2937;">Tipo de Serviço</th><td style="padding:3px 5px;border-bottom:1px solid #e5e7eb;font-size:11px;color:#111827;">Limpeza em áreas de difícil acesso</td></tr><tr><th style="padding:3px 5px;text-align:left;background:#f3f4f6;border-bottom:1px solid #d1d5db;width:30%;font-size:11px;font-weight:600;color:#1f2937;">Nome</th><td style="padding:3px 5px;border-bottom:1px solid #e5e7eb;font-size:11px;color:#111827;">ALBUQUERQUE PRADO</td></tr><tr><th style="padding:3px 5px;text-align:left;background:#f3f4f6;border-bottom:1px solid #d1d5db;width:30%;font-size:11px;font-weight:600;color:#1f2937;">Logradouro</th><td style="padding:3px 5px;border-bottom:1px solid #e5e7eb;font-size:11px;color:#111827;">R Dr Mario Santa Lucia</td></tr><tr><th style="padding:3px 5px;text-align:left;background:#f3f4f6;border-bottom:1px solid #d1d5db;width:30%;font-size:11px;font-weight:600;color:#1f2937;">Subprefeitura</th><td style="padding:3px 5px;border-bottom:1px solid #e5e7eb;font-size:11px;color:#111827;">Jaçanã / Tucuruvi</td></tr><tr><th style="padding:3px 5px;text-align:left;background:#f3f4f6;border-bottom:1px solid #d1d5db;width:30%;font-size:11px;font-weight:600;color:#1f2937;">Turno</th><td style="padding:3px 5px;border-bottom:1px solid #e5e7eb;font-size:11px;color:#111827;">Vespertino</td></tr><tr><th style="padding:3px 5px;text-align:left;background:#f3f4f6;border-bottom:1px solid #d1d5db;width:30%;font-size:11px;font-weight:600;color:#1f2937;">Frequência</th><td style="padding:3px 5px;border-bottom:1px solid #e5e7eb;font-size:11px;color:#111827;">Bimestral</td></tr><tr><th style="padding:3px 5px;text-align:left;background:#f3f4f6;border-bottom:1px solid #d1d5db;width:30%;font-size:11px;font-weight:600;color:#1f2937;">Cronograma</th><td style="padding:3px 5px;border-bottom:1px solid #e5e7eb;font-size:11px;color:#111827;">16/03/2026<br>18/05/2026<br>20/07/2026<br>22/09/2026<br>17/11/2026<br>18/01/2027</td></tr></table>]]></description><Polygon><outerBoundaryIs><LinearRing><coordinates>-46.5996000,-23.4556800,0 -46.5995600,-23.4562100,0 -46.5995700,-23.4564000,0 -46.5996100,-23.4565500,0 -46.5997100,-23.4566800,0 -46.5997700,-23.4567300,0 -46.5999300,-23.4568000,0 -46.6002300,-23.4568200,0 -46.6003100,-23.4568200,0 -46.6004700,-23.4567800,0 -46.6006100,-23.4566800,0 -46.6007000,-23.4565500,0 -46.6007400,-23.4564500,0 -46.6008200,-23.4560400,0 -46.6008300,-23.4558500,0 -46.6008000,-23.4556800,0 -46.6006500,-23.4554900,0 -46.6002500,-23.4552900,0 -46.6001600,-23.4552700,0 -46.5999900,-23.4552800,0 -46.5998300,-23.4553300,0 -46.5997100,-23.4554400,0 -46.5996600,-23.4555000,0 -46.5996000,-23.4556800,0</coordinates></LinearRing></outerBoundaryIs></Polygon></Placemark>
<Style id="s-NH-73">
<LineStyle><color>ff82004b</color><width>2.0</width></LineStyle>
<PolyStyle><color>ff82004b</color></PolyStyle>
<IconStyle><color>ff82004b</color><scale>0.55</scale>
<Icon><href>http://maps.google.com/mapfiles/kml/shapes/placemark_circle.png</href></Icon>
</IconStyle>
<LabelStyle><scale>0.65</scale></LabelStyle>
</Style><Placemark><name>JARDIM YARA</name><styleUrl>#s-NH-73</styleUrl><description><![CDATA[<table style="border-collapse:collapse;width:100%;font-family:'Helvetica Neue',Helvetica,Arial,sans-serif;font-size:11px;border:1px solid #e5e7eb;border-radius:8px;overflow:hidden;"><tr><th colspan="2" style="padding:5px 8px;background:#1f6feb;color:#fff;text-align:left;font-size:12px;font-weight:600;">JARDIM YARA</th></tr><tr><th style="padding:3px 5px;text-align:left;background:#f3f4f6;border-bottom:1px solid #d1d5db;width:30%;font-size:11px;font-weight:600;color:#1f2937;">Serviço</th><td style="padding:3px 5px;border-bottom:1px solid #e5e7eb;font-size:11px;color:#111827;">Núcleos Habitacionais (NH)</td></tr><tr><th style="padding:3px 5px;text-align:left;background:#f3f4f6;border-bottom:1px solid #d1d5db;width:30%;font-size:11px;font-weight:600;color:#1f2937;">Setor</th><td style="padding:3px 5px;border-bottom:1px solid #e5e7eb;font-size:11px;color:#111827;">JT21000NH0032</td></tr><tr><th style="padding:3px 5px;text-align:left;background:#f3f4f6;border-bottom:1px solid #d1d5db;width:30%;font-size:11px;font-weight:600;color:#1f2937;">Tipo de Serviço</th><td style="padding:3px 5px;border-bottom:1px solid #e5e7eb;font-size:11px;color:#111827;">Limpeza em áreas de difícil acesso</td></tr><tr><th style="padding:3px 5px;text-align:left;background:#f3f4f6;border-bottom:1px solid #d1d5db;width:30%;font-size:11px;font-weight:600;color:#1f2937;">Nome</th><td style="padding:3px 5px;border-bottom:1px solid #e5e7eb;font-size:11px;color:#111827;">JARDIM YARA</td></tr><tr><th style="padding:3px 5px;text-align:left;background:#f3f4f6;border-bottom:1px solid #d1d5db;width:30%;font-size:11px;font-weight:600;color:#1f2937;">Logradouro</th><td style="padding:3px 5px;border-bottom:1px solid #e5e7eb;font-size:11px;color:#111827;">R Cornelio Serafim</td></tr><tr><th style="padding:3px 5px;text-align:left;background:#f3f4f6;border-bottom:1px solid #d1d5db;width:30%;font-size:11px;font-weight:600;color:#1f2937;">Subprefeitura</th><td style="padding:3px 5px;border-bottom:1px solid #e5e7eb;font-size:11px;color:#111827;">Jaçanã / Tucuruvi</td></tr><tr><th style="padding:3px 5px;text-align:left;background:#f3f4f6;border-bottom:1px solid #d1d5db;width:30%;font-size:11px;font-weight:600;color:#1f2937;">Turno</th><td style="padding:3px 5px;border-bottom:1px solid #e5e7eb;font-size:11px;color:#111827;">Vespertino</td></tr><tr><th style="padding:3px 5px;text-align:left;background:#f3f4f6;border-bottom:1px solid #d1d5db;width:30%;font-size:11px;font-weight:600;color:#1f2937;">Frequência</th><td style="padding:3px 5px;border-bottom:1px solid #e5e7eb;font-size:11px;color:#111827;">Bimestral</td></tr><tr><th style="padding:3px 5px;text-align:left;background:#f3f4f6;border-bottom:1px solid #d1d5db;width:30%;font-size:11px;font-weight:600;color:#1f2937;">Cronograma</th><td style="padding:3px 5px;border-bottom:1px solid #e5e7eb;font-size:11px;color:#111827;">16/03/2026<br>18/05/2026<br>20/07/2026<br>22/09/2026<br>17/11/2026<br>18/01/2027</td></tr></table>]]></description><Polygon><outerBoundaryIs><LinearRing><coordinates>-46.6057500,-23.4559600,0 -46.6058500,-23.4560900,0 -46.6060400,-23.4561900,0 -46.6061200,-23.4563000,0 -46.6063200,-23.4564500,0 -46.6064000,-23.4564800,0 -46.6065700,-23.4565000,0 -46.6067400,-23.4564600,0 -46.6068100,-23.4564200,0 -46.6070100,-23.4562300,0 -46.6070700,-23.4560800,0 -46.6070800,-23.4559700,0 -46.6071600,-23.4559300,0 -46.6074200,-23.4557100,0 -46.6075000,-23.4556700,0 -46.6076500,-23.4554800,0 -46.6076800,-23.4553300,0 -46.6076900,-23.4551400,0 -46.6076700,-23.4549700,0 -46.6076200,-23.4548200,0 -46.6074500,-23.4546400,0 -46.6072900,-23.4545800,0 -46.6072100,-23.4545700,0 -46.6071200,-23.4545700,0 -46.6067600,-23.4546800,0 -46.6066100,-23.4546000,0 -46.6064500,-23.4545700,0 -46.6062800,-23.4545900,0 -46.6060400,-23.4546700,0 -46.6058600,-23.4548300,0 -46.6058000,-23.4549800,0 -46.6057200,-23.4550200,0 -46.6056000,-23.4551300,0 -46.6054500,-23.4554000,0 -46.6054300,-23.4554700,0 -46.6054400,-23.4556300,0 -46.6055000,-23.4557800,0 -46.6056200,-23.4558900,0 -46.6057500,-23.4559600,0</coordinates></LinearRing></outerBoundaryIs></Polygon></Placemark>
<Style id="s-NH-74">
<LineStyle><color>ff82004b</color><width>2.0</width></LineStyle>
<PolyStyle><color>ff82004b</color></PolyStyle>
<IconStyle><color>ff82004b</color><scale>0.55</scale>
<Icon><href>http://maps.google.com/mapfiles/kml/shapes/placemark_circle.png</href></Icon>
</IconStyle>
<LabelStyle><scale>0.65</scale></LabelStyle>
</Style><Placemark><name>ANDRADE DUQUET</name><styleUrl>#s-NH-74</styleUrl><description><![CDATA[<table style="border-collapse:collapse;width:100%;font-family:'Helvetica Neue',Helvetica,Arial,sans-serif;font-size:11px;border:1px solid #e5e7eb;border-radius:8px;overflow:hidden;"><tr><th colspan="2" style="padding:5px 8px;background:#1f6feb;color:#fff;text-align:left;font-size:12px;font-weight:600;">ANDRADE DUQUET</th></tr><tr><th style="padding:3px 5px;text-align:left;background:#f3f4f6;border-bottom:1px solid #d1d5db;width:30%;font-size:11px;font-weight:600;color:#1f2937;">Serviço</th><td style="padding:3px 5px;border-bottom:1px solid #e5e7eb;font-size:11px;color:#111827;">Núcleos Habitacionais (NH)</td></tr><tr><th style="padding:3px 5px;text-align:left;background:#f3f4f6;border-bottom:1px solid #d1d5db;width:30%;font-size:11px;font-weight:600;color:#1f2937;">Setor</th><td style="padding:3px 5px;border-bottom:1px solid #e5e7eb;font-size:11px;color:#111827;">JT21000NH0033</td></tr><tr><th style="padding:3px 5px;text-align:left;background:#f3f4f6;border-bottom:1px solid #d1d5db;width:30%;font-size:11px;font-weight:600;color:#1f2937;">Tipo de Serviço</th><td style="padding:3px 5px;border-bottom:1px solid #e5e7eb;font-size:11px;color:#111827;">Limpeza em áreas de difícil acesso</td></tr><tr><th style="padding:3px 5px;text-align:left;background:#f3f4f6;border-bottom:1px solid #d1d5db;width:30%;font-size:11px;font-weight:600;color:#1f2937;">Nome</th><td style="padding:3px 5px;border-bottom:1px solid #e5e7eb;font-size:11px;color:#111827;">ANDRADE DUQUET</td></tr><tr><th style="padding:3px 5px;text-align:left;background:#f3f4f6;border-bottom:1px solid #d1d5db;width:30%;font-size:11px;font-weight:600;color:#1f2937;">Logradouro</th><td style="padding:3px 5px;border-bottom:1px solid #e5e7eb;font-size:11px;color:#111827;">R Pe Andrade Duquet</td></tr><tr><th style="padding:3px 5px;text-align:left;background:#f3f4f6;border-bottom:1px solid #d1d5db;width:30%;font-size:11px;font-weight:600;color:#1f2937;">Subprefeitura</th><td style="padding:3px 5px;border-bottom:1px solid #e5e7eb;font-size:11px;color:#111827;">Jaçanã / Tucuruvi</td></tr><tr><th style="padding:3px 5px;text-align:left;background:#f3f4f6;border-bottom:1px solid #d1d5db;width:30%;font-size:11px;font-weight:600;color:#1f2937;">Turno</th><td style="padding:3px 5px;border-bottom:1px solid #e5e7eb;font-size:11px;color:#111827;">Vespertino</td></tr><tr><th style="padding:3px 5px;text-align:left;background:#f3f4f6;border-bottom:1px solid #d1d5db;width:30%;font-size:11px;font-weight:600;color:#1f2937;">Frequência</th><td style="padding:3px 5px;border-bottom:1px solid #e5e7eb;font-size:11px;color:#111827;">Bimestral</td></tr><tr><th style="padding:3px 5px;text-align:left;background:#f3f4f6;border-bottom:1px solid #d1d5db;width:30%;font-size:11px;font-weight:600;color:#1f2937;">Cronograma</th><td style="padding:3px 5px;border-bottom:1px solid #e5e7eb;font-size:11px;color:#111827;">16/03/2026<br>18/05/2026<br>20/07/2026<br>22/09/2026<br>17/11/2026<br>18/01/2027</td></tr></table>]]></description><Polygon><outerBoundaryIs><LinearRing><coordinates>-46.6070900,-23.4551700,0 -46.6070800,-23.4554400,0 -46.6071200,-23.4555900,0 -46.6072700,-23.4557800,0 -46.6074200,-23.4558500,0 -46.6077600,-23.4559000,0 -46.6079300,-23.4559000,0 -46.6080900,-23.4558400,0 -46.6081600,-23.4557900,0 -46.6082600,-23.4556700,0 -46.6083200,-23.4555300,0 -46.6083500,-23.4553800,0 -46.6082800,-23.4549700,0 -46.6082000,-23.4548300,0 -46.6081400,-23.4547700,0 -46.6080700,-23.4547200,0 -46.6079200,-23.4546600,0 -46.6075500,-23.4546500,0 -46.6074600,-23.4546700,0 -46.6073100,-23.4547400,0 -46.6071600,-23.4549300,0 -46.6070900,-23.4551700,0</coordinates></LinearRing></outerBoundaryIs></Polygon></Placemark>
<Style id="s-NH-75">
<LineStyle><color>ff82004b</color><width>2.0</width></LineStyle>
<PolyStyle><color>ff82004b</color></PolyStyle>
<IconStyle><color>ff82004b</color><scale>0.55</scale>
<Icon><href>http://maps.google.com/mapfiles/kml/shapes/placemark_circle.png</href></Icon>
</IconStyle>
<LabelStyle><scale>0.65</scale></LabelStyle>
</Style><Placemark><name>BONIFÁCIO MAIA</name><styleUrl>#s-NH-75</styleUrl><description><![CDATA[<table style="border-collapse:collapse;width:100%;font-family:'Helvetica Neue',Helvetica,Arial,sans-serif;font-size:11px;border:1px solid #e5e7eb;border-radius:8px;overflow:hidden;"><tr><th colspan="2" style="padding:5px 8px;background:#1f6feb;color:#fff;text-align:left;font-size:12px;font-weight:600;">BONIFÁCIO MAIA</th></tr><tr><th style="padding:3px 5px;text-align:left;background:#f3f4f6;border-bottom:1px solid #d1d5db;width:30%;font-size:11px;font-weight:600;color:#1f2937;">Serviço</th><td style="padding:3px 5px;border-bottom:1px solid #e5e7eb;font-size:11px;color:#111827;">Núcleos Habitacionais (NH)</td></tr><tr><th style="padding:3px 5px;text-align:left;background:#f3f4f6;border-bottom:1px solid #d1d5db;width:30%;font-size:11px;font-weight:600;color:#1f2937;">Setor</th><td style="padding:3px 5px;border-bottom:1px solid #e5e7eb;font-size:11px;color:#111827;">JT21000NH0034</td></tr><tr><th style="padding:3px 5px;text-align:left;background:#f3f4f6;border-bottom:1px solid #d1d5db;width:30%;font-size:11px;font-weight:600;color:#1f2937;">Tipo de Serviço</th><td style="padding:3px 5px;border-bottom:1px solid #e5e7eb;font-size:11px;color:#111827;">Limpeza em áreas de difícil acesso</td></tr><tr><th style="padding:3px 5px;text-align:left;background:#f3f4f6;border-bottom:1px solid #d1d5db;width:30%;font-size:11px;font-weight:600;color:#1f2937;">Nome</th><td style="padding:3px 5px;border-bottom:1px solid #e5e7eb;font-size:11px;color:#111827;">BONIFÁCIO MAIA</td></tr><tr><th style="padding:3px 5px;text-align:left;background:#f3f4f6;border-bottom:1px solid #d1d5db;width:30%;font-size:11px;font-weight:600;color:#1f2937;">Logradouro</th><td style="padding:3px 5px;border-bottom:1px solid #e5e7eb;font-size:11px;color:#111827;">R Antonio Simplicio</td></tr><tr><th style="padding:3px 5px;text-align:left;background:#f3f4f6;border-bottom:1px solid #d1d5db;width:30%;font-size:11px;font-weight:600;color:#1f2937;">Subprefeitura</th><td style="padding:3px 5px;border-bottom:1px solid #e5e7eb;font-size:11px;color:#111827;">Jaçanã / Tucuruvi</td></tr><tr><th style="padding:3px 5px;text-align:left;background:#f3f4f6;border-bottom:1px solid #d1d5db;width:30%;font-size:11px;font-weight:600;color:#1f2937;">Turno</th><td style="padding:3px 5px;border-bottom:1px solid #e5e7eb;font-size:11px;color:#111827;">Vespertino</td></tr><tr><th style="padding:3px 5px;text-align:left;background:#f3f4f6;border-bottom:1px solid #d1d5db;width:30%;font-size:11px;font-weight:600;color:#1f2937;">Frequência</th><td style="padding:3px 5px;border-bottom:1px solid #e5e7eb;font-size:11px;color:#111827;">Bimestral</td></tr><tr><th style="padding:3px 5px;text-align:left;background:#f3f4f6;border-bottom:1px solid #d1d5db;width:30%;font-size:11px;font-weight:600;color:#1f2937;">Cronograma</th><td style="padding:3px 5px;border-bottom:1px solid #e5e7eb;font-size:11px;color:#111827;">16/03/2026<br>18/05/2026<br>20/07/2026<br>22/09/2026<br>17/11/2026<br>18/01/2027</td></tr></table>]]></description><Polygon><outerBoundaryIs><LinearRing><coordinates>-46.6070800,-23.4522100,0 -46.6065000,-23.4525200,0 -46.6063900,-23.4526400,0 -46.6063300,-23.4527900,0 -46.6063400,-23.4529900,0 -46.6065000,-23.4535100,0 -46.6065800,-23.4536500,0 -46.6067000,-23.4537600,0 -46.6067800,-23.4538000,0 -46.6069400,-23.4538400,0 -46.6074900,-23.4537600,0 -46.6075700,-23.4537400,0 -46.6077200,-23.4536600,0 -46.6078300,-23.4535300,0 -46.6078900,-23.4533900,0 -46.6078900,-23.4532700,0 -46.6080200,-23.4531600,0 -46.6080600,-23.4531000,0 -46.6081200,-23.4528900,0 -46.6081000,-23.4527700,0 -46.6079700,-23.4523500,0 -46.6078700,-23.4522200,0 -46.6078000,-23.4521700,0 -46.6077300,-23.4521300,0 -46.6075600,-23.4520900,0 -46.6074800,-23.4520900,0 -46.6070800,-23.4522100,0</coordinates></LinearRing></outerBoundaryIs></Polygon></Placemark>
<Style id="s-NH-76">
<LineStyle><color>ff82004b</color><width>2.0</width></LineStyle>
<PolyStyle><color>ff82004b</color></PolyStyle>
<IconStyle><color>ff82004b</color><scale>0.55</scale>
<Icon><href>http://maps.google.com/mapfiles/kml/shapes/placemark_circle.png</href></Icon>
</IconStyle>
<LabelStyle><scale>0.65</scale></LabelStyle>
</Style><Placemark><name>CEMITERIO DO HORTO</name><styleUrl>#s-NH-76</styleUrl><description><![CDATA[<table style="border-collapse:collapse;width:100%;font-family:'Helvetica Neue',Helvetica,Arial,sans-serif;font-size:11px;border:1px solid #e5e7eb;border-radius:8px;overflow:hidden;"><tr><th colspan="2" style="padding:5px 8px;background:#1f6feb;color:#fff;text-align:left;font-size:12px;font-weight:600;">CEMITERIO DO HORTO</th></tr><tr><th style="padding:3px 5px;text-align:left;background:#f3f4f6;border-bottom:1px solid #d1d5db;width:30%;font-size:11px;font-weight:600;color:#1f2937;">Serviço</th><td style="padding:3px 5px;border-bottom:1px solid #e5e7eb;font-size:11px;color:#111827;">Núcleos Habitacionais (NH)</td></tr><tr><th style="padding:3px 5px;text-align:left;background:#f3f4f6;border-bottom:1px solid #d1d5db;width:30%;font-size:11px;font-weight:600;color:#1f2937;">Setor</th><td style="padding:3px 5px;border-bottom:1px solid #e5e7eb;font-size:11px;color:#111827;">JT21000NH0035</td></tr><tr><th style="padding:3px 5px;text-align:left;background:#f3f4f6;border-bottom:1px solid #d1d5db;width:30%;font-size:11px;font-weight:600;color:#1f2937;">Tipo de Serviço</th><td style="padding:3px 5px;border-bottom:1px solid #e5e7eb;font-size:11px;color:#111827;">Limpeza em áreas de difícil acesso</td></tr><tr><th style="padding:3px 5px;text-align:left;background:#f3f4f6;border-bottom:1px solid #d1d5db;width:30%;font-size:11px;font-weight:600;color:#1f2937;">Nome</th><td style="padding:3px 5px;border-bottom:1px solid #e5e7eb;font-size:11px;color:#111827;">CEMITERIO DO HORTO</td></tr><tr><th style="padding:3px 5px;text-align:left;background:#f3f4f6;border-bottom:1px solid #d1d5db;width:30%;font-size:11px;font-weight:600;color:#1f2937;">Logradouro</th><td style="padding:3px 5px;border-bottom:1px solid #e5e7eb;font-size:11px;color:#111827;">R Antonio Simplicio</td></tr><tr><th style="padding:3px 5px;text-align:left;background:#f3f4f6;border-bottom:1px solid #d1d5db;width:30%;font-size:11px;font-weight:600;color:#1f2937;">Subprefeitura</th><td style="padding:3px 5px;border-bottom:1px solid #e5e7eb;font-size:11px;color:#111827;">Jaçanã / Tucuruvi</td></tr><tr><th style="padding:3px 5px;text-align:left;background:#f3f4f6;border-bottom:1px solid #d1d5db;width:30%;font-size:11px;font-weight:600;color:#1f2937;">Turno</th><td style="padding:3px 5px;border-bottom:1px solid #e5e7eb;font-size:11px;color:#111827;">Vespertino</td></tr><tr><th style="padding:3px 5px;text-align:left;background:#f3f4f6;border-bottom:1px solid #d1d5db;width:30%;font-size:11px;font-weight:600;color:#1f2937;">Frequência</th><td style="padding:3px 5px;border-bottom:1px solid #e5e7eb;font-size:11px;color:#111827;">Bimestral</td></tr><tr><th style="padding:3px 5px;text-align:left;background:#f3f4f6;border-bottom:1px solid #d1d5db;width:30%;font-size:11px;font-weight:600;color:#1f2937;">Cronograma</th><td style="padding:3px 5px;border-bottom:1px solid #e5e7eb;font-size:11px;color:#111827;">16/03/2026<br>18/05/2026<br>20/07/2026<br>22/09/2026<br>17/11/2026<br>18/01/2027</td></tr></table>]]></description><Polygon><outerBoundaryIs><LinearRing><coordinates>-46.6069800,-23.4511100,0 -46.6067400,-23.4511900,0 -46.6060400,-23.4516900,0 -46.6054200,-23.4520000,0 -46.6052900,-23.4521000,0 -46.6052000,-23.4522400,0 -46.6051700,-23.4524700,0 -46.6053300,-23.4528200,0 -46.6054500,-23.4529400,0 -46.6055300,-23.4529800,0 -46.6056900,-23.4530200,0 -46.6058500,-23.4530200,0 -46.6059300,-23.4530600,0 -46.6060900,-23.4530900,0 -46.6065500,-23.4530600,0 -46.6067000,-23.4530000,0 -46.6068600,-23.4528600,0 -46.6076800,-23.4525800,0 -46.6078100,-23.4524800,0 -46.6078600,-23.4524200,0 -46.6079200,-23.4522700,0 -46.6079200,-23.4521100,0 -46.6076200,-23.4513000,0 -46.6075700,-23.4512300,0 -46.6074500,-23.4511300,0 -46.6073700,-23.4510900,0 -46.6072000,-23.4510600,0 -46.6070400,-23.4510800,0 -46.6069800,-23.4511100,0</coordinates></LinearRing></outerBoundaryIs></Polygon></Placemark>
<Style id="s-NH-77">
<LineStyle><color>ff82004b</color><width>2.0</width></LineStyle>
<PolyStyle><color>ff82004b</color></PolyStyle>
<IconStyle><color>ff82004b</color><scale>0.55</scale>
<Icon><href>http://maps.google.com/mapfiles/kml/shapes/placemark_circle.png</href></Icon>
</IconStyle>
<LabelStyle><scale>0.65</scale></LabelStyle>
</Style><Placemark><name>PEDRO VAZ REGO</name><styleUrl>#s-NH-77</styleUrl><description><![CDATA[<table style="border-collapse:collapse;width:100%;font-family:'Helvetica Neue',Helvetica,Arial,sans-serif;font-size:11px;border:1px solid #e5e7eb;border-radius:8px;overflow:hidden;"><tr><th colspan="2" style="padding:5px 8px;background:#1f6feb;color:#fff;text-align:left;font-size:12px;font-weight:600;">PEDRO VAZ REGO</th></tr><tr><th style="padding:3px 5px;text-align:left;background:#f3f4f6;border-bottom:1px solid #d1d5db;width:30%;font-size:11px;font-weight:600;color:#1f2937;">Serviço</th><td style="padding:3px 5px;border-bottom:1px solid #e5e7eb;font-size:11px;color:#111827;">Núcleos Habitacionais (NH)</td></tr><tr><th style="padding:3px 5px;text-align:left;background:#f3f4f6;border-bottom:1px solid #d1d5db;width:30%;font-size:11px;font-weight:600;color:#1f2937;">Setor</th><td style="padding:3px 5px;border-bottom:1px solid #e5e7eb;font-size:11px;color:#111827;">JT21000NH0036</td></tr><tr><th style="padding:3px 5px;text-align:left;background:#f3f4f6;border-bottom:1px solid #d1d5db;width:30%;font-size:11px;font-weight:600;color:#1f2937;">Tipo de Serviço</th><td style="padding:3px 5px;border-bottom:1px solid #e5e7eb;font-size:11px;color:#111827;">Limpeza em áreas de difícil acesso</td></tr><tr><th style="padding:3px 5px;text-align:left;background:#f3f4f6;border-bottom:1px solid #d1d5db;width:30%;font-size:11px;font-weight:600;color:#1f2937;">Nome</th><td style="padding:3px 5px;border-bottom:1px solid #e5e7eb;font-size:11px;color:#111827;">PEDRO VAZ REGO</td></tr><tr><th style="padding:3px 5px;text-align:left;background:#f3f4f6;border-bottom:1px solid #d1d5db;width:30%;font-size:11px;font-weight:600;color:#1f2937;">Logradouro</th><td style="padding:3px 5px;border-bottom:1px solid #e5e7eb;font-size:11px;color:#111827;">R Vieira de Melo</td></tr><tr><th style="padding:3px 5px;text-align:left;background:#f3f4f6;border-bottom:1px solid #d1d5db;width:30%;font-size:11px;font-weight:600;color:#1f2937;">Subprefeitura</th><td style="padding:3px 5px;border-bottom:1px solid #e5e7eb;font-size:11px;color:#111827;">Jaçanã / Tucuruvi</td></tr><tr><th style="padding:3px 5px;text-align:left;background:#f3f4f6;border-bottom:1px solid #d1d5db;width:30%;font-size:11px;font-weight:600;color:#1f2937;">Turno</th><td style="padding:3px 5px;border-bottom:1px solid #e5e7eb;font-size:11px;color:#111827;">Vespertino</td></tr><tr><th style="padding:3px 5px;text-align:left;background:#f3f4f6;border-bottom:1px solid #d1d5db;width:30%;font-size:11px;font-weight:600;color:#1f2937;">Frequência</th><td style="padding:3px 5px;border-bottom:1px solid #e5e7eb;font-size:11px;color:#111827;">Bimestral</td></tr><tr><th style="padding:3px 5px;text-align:left;background:#f3f4f6;border-bottom:1px solid #d1d5db;width:30%;font-size:11px;font-weight:600;color:#1f2937;">Cronograma</th><td style="padding:3px 5px;border-bottom:1px solid #e5e7eb;font-size:11px;color:#111827;">17/03/2026<br>19/05/2026<br>21/07/2026<br>23/09/2026<br>18/11/2026<br>19/01/2027</td></tr></table>]]></description><Polygon><outerBoundaryIs><LinearRing><coordinates>-46.6092600,-23.4513300,0 -46.6093500,-23.4511400,0 -46.6094500,-23.4508100,0 -46.6094700,-23.4507400,0 -46.6094700,-23.4506000,0 -46.6094100,-23.4504600,0 -46.6093000,-23.4503400,0 -46.6091500,-23.4502600,0 -46.6089800,-23.4502300,0 -46.6087700,-23.4502700,0 -46.6084200,-23.4504300,0 -46.6082800,-23.4505200,0 -46.6081300,-23.4506900,0 -46.6077100,-23.4508800,0 -46.6076400,-23.4509300,0 -46.6074400,-23.4511200,0 -46.6073700,-23.4512600,0 -46.6073400,-23.4514500,0 -46.6073600,-23.4516100,0 -46.6073900,-23.4516800,0 -46.6074600,-23.4518000,0 -46.6075700,-23.4519200,0 -46.6078600,-23.4520800,0 -46.6078900,-23.4521600,0 -46.6079400,-23.4522200,0 -46.6080000,-23.4522800,0 -46.6081400,-23.4523600,0 -46.6084000,-23.4523900,0 -46.6090200,-23.4523000,0 -46.6091700,-23.4522200,0 -46.6092900,-23.4521000,0 -46.6093500,-23.4519600,0 -46.6093600,-23.4518200,0 -46.6093200,-23.4515200,0 -46.6092600,-23.4513300,0</coordinates></LinearRing></outerBoundaryIs></Polygon></Placemark>
<Style id="s-NH-78">
<LineStyle><color>ff82004b</color><width>2.0</width></LineStyle>
<PolyStyle><color>ff82004b</color></PolyStyle>
<IconStyle><color>ff82004b</color><scale>0.55</scale>
<Icon><href>http://maps.google.com/mapfiles/kml/shapes/placemark_circle.png</href></Icon>
</IconStyle>
<LabelStyle><scale>0.65</scale></LabelStyle>
</Style><Placemark><name>MORRO DO PIOLHO</name><styleUrl>#s-NH-78</styleUrl><description><![CDATA[<table style="border-collapse:collapse;width:100%;font-family:'Helvetica Neue',Helvetica,Arial,sans-serif;font-size:11px;border:1px solid #e5e7eb;border-radius:8px;overflow:hidden;"><tr><th colspan="2" style="padding:5px 8px;background:#1f6feb;color:#fff;text-align:left;font-size:12px;font-weight:600;">MORRO DO PIOLHO</th></tr><tr><th style="padding:3px 5px;text-align:left;background:#f3f4f6;border-bottom:1px solid #d1d5db;width:30%;font-size:11px;font-weight:600;color:#1f2937;">Serviço</th><td style="padding:3px 5px;border-bottom:1px solid #e5e7eb;font-size:11px;color:#111827;">Núcleos Habitacionais (NH)</td></tr><tr><th style="padding:3px 5px;text-align:left;background:#f3f4f6;border-bottom:1px solid #d1d5db;width:30%;font-size:11px;font-weight:600;color:#1f2937;">Setor</th><td style="padding:3px 5px;border-bottom:1px solid #e5e7eb;font-size:11px;color:#111827;">JT21000NH0037</td></tr><tr><th style="padding:3px 5px;text-align:left;background:#f3f4f6;border-bottom:1px solid #d1d5db;width:30%;font-size:11px;font-weight:600;color:#1f2937;">Tipo de Serviço</th><td style="padding:3px 5px;border-bottom:1px solid #e5e7eb;font-size:11px;color:#111827;">Limpeza em áreas de difícil acesso</td></tr><tr><th style="padding:3px 5px;text-align:left;background:#f3f4f6;border-bottom:1px solid #d1d5db;width:30%;font-size:11px;font-weight:600;color:#1f2937;">Nome</th><td style="padding:3px 5px;border-bottom:1px solid #e5e7eb;font-size:11px;color:#111827;">MORRO DO PIOLHO</td></tr><tr><th style="padding:3px 5px;text-align:left;background:#f3f4f6;border-bottom:1px solid #d1d5db;width:30%;font-size:11px;font-weight:600;color:#1f2937;">Logradouro</th><td style="padding:3px 5px;border-bottom:1px solid #e5e7eb;font-size:11px;color:#111827;">R Dr Floriano Paulo de Almeida</td></tr><tr><th style="padding:3px 5px;text-align:left;background:#f3f4f6;border-bottom:1px solid #d1d5db;width:30%;font-size:11px;font-weight:600;color:#1f2937;">Subprefeitura</th><td style="padding:3px 5px;border-bottom:1px solid #e5e7eb;font-size:11px;color:#111827;">Jaçanã / Tucuruvi</td></tr><tr><th style="padding:3px 5px;text-align:left;background:#f3f4f6;border-bottom:1px solid #d1d5db;width:30%;font-size:11px;font-weight:600;color:#1f2937;">Turno</th><td style="padding:3px 5px;border-bottom:1px solid #e5e7eb;font-size:11px;color:#111827;">Vespertino</td></tr><tr><th style="padding:3px 5px;text-align:left;background:#f3f4f6;border-bottom:1px solid #d1d5db;width:30%;font-size:11px;font-weight:600;color:#1f2937;">Frequência</th><td style="padding:3px 5px;border-bottom:1px solid #e5e7eb;font-size:11px;color:#111827;">Bimestral</td></tr><tr><th style="padding:3px 5px;text-align:left;background:#f3f4f6;border-bottom:1px solid #d1d5db;width:30%;font-size:11px;font-weight:600;color:#1f2937;">Cronograma</th><td style="padding:3px 5px;border-bottom:1px solid #e5e7eb;font-size:11px;color:#111827;">17/03/2026<br>19/05/2026<br>21/07/2026<br>23/09/2026<br>18/11/2026<br>19/01/2027</td></tr></table>]]></description><Polygon><outerBoundaryIs><LinearRing><coordinates>-46.6082100,-23.4464000,0 -46.6078300,-23.4462600,0 -46.6076400,-23.4462300,0 -46.6073300,-23.4460900,0 -46.6071700,-23.4460700,0 -46.6070800,-23.4460800,0 -46.6070000,-23.4461000,0 -46.6068600,-23.4461800,0 -46.6067000,-23.4460300,0 -46.6066200,-23.4459900,0 -46.6065000,-23.4459500,0 -46.6063400,-23.4459400,0 -46.6062500,-23.4459500,0 -46.6061000,-23.4460100,0 -46.6059000,-23.4461700,0 -46.6058500,-23.4462300,0 -46.6057800,-23.4463800,0 -46.6057800,-23.4465300,0 -46.6058300,-23.4466800,0 -46.6059100,-23.4467800,0 -46.6063300,-23.4471700,0 -46.6063400,-23.4476900,0 -46.6063700,-23.4478500,0 -46.6064100,-23.4479200,0 -46.6065200,-23.4480400,0 -46.6066500,-23.4481200,0 -46.6068100,-23.4481800,0 -46.6069000,-23.4481900,0 -46.6070600,-23.4481700,0 -46.6071400,-23.4481400,0 -46.6072800,-23.4480400,0 -46.6076200,-23.4476200,0 -46.6082500,-23.4474500,0 -46.6083900,-23.4473600,0 -46.6084400,-23.4473000,0 -46.6085600,-23.4470400,0 -46.6085700,-23.4469400,0 -46.6085400,-23.4467900,0 -46.6084400,-23.4465800,0 -46.6083200,-23.4464600,0 -46.6082100,-23.4464000,0</coordinates></LinearRing></outerBoundaryIs></Polygon></Placemark>
<Style id="s-NH-79">
<LineStyle><color>ff82004b</color><width>2.0</width></LineStyle>
<PolyStyle><color>ff82004b</color></PolyStyle>
<IconStyle><color>ff82004b</color><scale>0.55</scale>
<Icon><href>http://maps.google.com/mapfiles/kml/shapes/placemark_circle.png</href></Icon>
</IconStyle>
<LabelStyle><scale>0.65</scale></LabelStyle>
</Style><Placemark><name>ATERRO SANITARIO</name><styleUrl>#s-NH-79</styleUrl><description><![CDATA[<table style="border-collapse:collapse;width:100%;font-family:'Helvetica Neue',Helvetica,Arial,sans-serif;font-size:11px;border:1px solid #e5e7eb;border-radius:8px;overflow:hidden;"><tr><th colspan="2" style="padding:5px 8px;background:#1f6feb;color:#fff;text-align:left;font-size:12px;font-weight:600;">ATERRO SANITARIO</th></tr><tr><th style="padding:3px 5px;text-align:left;background:#f3f4f6;border-bottom:1px solid #d1d5db;width:30%;font-size:11px;font-weight:600;color:#1f2937;">Serviço</th><td style="padding:3px 5px;border-bottom:1px solid #e5e7eb;font-size:11px;color:#111827;">Núcleos Habitacionais (NH)</td></tr><tr><th style="padding:3px 5px;text-align:left;background:#f3f4f6;border-bottom:1px solid #d1d5db;width:30%;font-size:11px;font-weight:600;color:#1f2937;">Setor</th><td style="padding:3px 5px;border-bottom:1px solid #e5e7eb;font-size:11px;color:#111827;">JT21000NH0038</td></tr><tr><th style="padding:3px 5px;text-align:left;background:#f3f4f6;border-bottom:1px solid #d1d5db;width:30%;font-size:11px;font-weight:600;color:#1f2937;">Tipo de Serviço</th><td style="padding:3px 5px;border-bottom:1px solid #e5e7eb;font-size:11px;color:#111827;">Limpeza em áreas de difícil acesso</td></tr><tr><th style="padding:3px 5px;text-align:left;background:#f3f4f6;border-bottom:1px solid #d1d5db;width:30%;font-size:11px;font-weight:600;color:#1f2937;">Nome</th><td style="padding:3px 5px;border-bottom:1px solid #e5e7eb;font-size:11px;color:#111827;">ATERRO SANITARIO</td></tr><tr><th style="padding:3px 5px;text-align:left;background:#f3f4f6;border-bottom:1px solid #d1d5db;width:30%;font-size:11px;font-weight:600;color:#1f2937;">Logradouro</th><td style="padding:3px 5px;border-bottom:1px solid #e5e7eb;font-size:11px;color:#111827;">R Cap Jose Aguirre Camargo</td></tr><tr><th style="padding:3px 5px;text-align:left;background:#f3f4f6;border-bottom:1px solid #d1d5db;width:30%;font-size:11px;font-weight:600;color:#1f2937;">Subprefeitura</th><td style="padding:3px 5px;border-bottom:1px solid #e5e7eb;font-size:11px;color:#111827;">Jaçanã / Tucuruvi</td></tr><tr><th style="padding:3px 5px;text-align:left;background:#f3f4f6;border-bottom:1px solid #d1d5db;width:30%;font-size:11px;font-weight:600;color:#1f2937;">Turno</th><td style="padding:3px 5px;border-bottom:1px solid #e5e7eb;font-size:11px;color:#111827;">Vespertino</td></tr><tr><th style="padding:3px 5px;text-align:left;background:#f3f4f6;border-bottom:1px solid #d1d5db;width:30%;font-size:11px;font-weight:600;color:#1f2937;">Frequência</th><td style="padding:3px 5px;border-bottom:1px solid #e5e7eb;font-size:11px;color:#111827;">Bimestral</td></tr><tr><th style="padding:3px 5px;text-align:left;background:#f3f4f6;border-bottom:1px solid #d1d5db;width:30%;font-size:11px;font-weight:600;color:#1f2937;">Cronograma</th><td style="padding:3px 5px;border-bottom:1px solid #e5e7eb;font-size:11px;color:#111827;">17/03/2026<br>19/05/2026<br>21/07/2026<br>23/09/2026<br>18/11/2026<br>19/01/2027</td></tr></table>]]></description><Polygon><outerBoundaryIs><LinearRing><coordinates>-46.6102600,-23.4440000,0 -46.6098700,-23.4437300,0 -46.6097900,-23.4437000,0 -46.6096200,-23.4436800,0 -46.6095300,-23.4436900,0 -46.6093800,-23.4437500,0 -46.6089800,-23.4440200,0 -46.6088800,-23.4441400,0 -46.6088300,-23.4442900,0 -46.6088300,-23.4443700,0 -46.6088700,-23.4445200,0 -46.6092700,-23.4450600,0 -46.6094900,-23.4451800,0 -46.6097400,-23.4451800,0 -46.6097600,-23.4453700,0 -46.6097900,-23.4454500,0 -46.6098800,-23.4455800,0 -46.6100100,-23.4456800,0 -46.6102300,-23.4457300,0 -46.6103700,-23.4457300,0 -46.6105400,-23.4457100,0 -46.6106900,-23.4456300,0 -46.6107500,-23.4455800,0 -46.6108400,-23.4454400,0 -46.6108800,-23.4452900,0 -46.6108500,-23.4449500,0 -46.6110000,-23.4446100,0 -46.6110100,-23.4445200,0 -46.6109800,-23.4443600,0 -46.6108300,-23.4441700,0 -46.6106900,-23.4440900,0 -46.6102600,-23.4440000,0</coordinates></LinearRing></outerBoundaryIs></Polygon></Placemark>
<Style id="s-NH-80">
<LineStyle><color>ff82004b</color><width>2.0</width></LineStyle>
<PolyStyle><color>ff82004b</color></PolyStyle>
<IconStyle><color>ff82004b</color><scale>0.55</scale>
<Icon><href>http://maps.google.com/mapfiles/kml/shapes/placemark_circle.png</href></Icon>
</IconStyle>
<LabelStyle><scale>0.65</scale></LabelStyle>
</Style><Placemark><name>BENEFICENTE</name><styleUrl>#s-NH-80</styleUrl><description><![CDATA[<table style="border-collapse:collapse;width:100%;font-family:'Helvetica Neue',Helvetica,Arial,sans-serif;font-size:11px;border:1px solid #e5e7eb;border-radius:8px;overflow:hidden;"><tr><th colspan="2" style="padding:5px 8px;background:#1f6feb;color:#fff;text-align:left;font-size:12px;font-weight:600;">BENEFICENTE</th></tr><tr><th style="padding:3px 5px;text-align:left;background:#f3f4f6;border-bottom:1px solid #d1d5db;width:30%;font-size:11px;font-weight:600;color:#1f2937;">Serviço</th><td style="padding:3px 5px;border-bottom:1px solid #e5e7eb;font-size:11px;color:#111827;">Núcleos Habitacionais (NH)</td></tr><tr><th style="padding:3px 5px;text-align:left;background:#f3f4f6;border-bottom:1px solid #d1d5db;width:30%;font-size:11px;font-weight:600;color:#1f2937;">Setor</th><td style="padding:3px 5px;border-bottom:1px solid #e5e7eb;font-size:11px;color:#111827;">JT21000NH0039</td></tr><tr><th style="padding:3px 5px;text-align:left;background:#f3f4f6;border-bottom:1px solid #d1d5db;width:30%;font-size:11px;font-weight:600;color:#1f2937;">Tipo de Serviço</th><td style="padding:3px 5px;border-bottom:1px solid #e5e7eb;font-size:11px;color:#111827;">Limpeza em áreas de difícil acesso</td></tr><tr><th style="padding:3px 5px;text-align:left;background:#f3f4f6;border-bottom:1px solid #d1d5db;width:30%;font-size:11px;font-weight:600;color:#1f2937;">Nome</th><td style="padding:3px 5px;border-bottom:1px solid #e5e7eb;font-size:11px;color:#111827;">BENEFICENTE</td></tr><tr><th style="padding:3px 5px;text-align:left;background:#f3f4f6;border-bottom:1px solid #d1d5db;width:30%;font-size:11px;font-weight:600;color:#1f2937;">Logradouro</th><td style="padding:3px 5px;border-bottom:1px solid #e5e7eb;font-size:11px;color:#111827;">R Sino Contra Meao</td></tr><tr><th style="padding:3px 5px;text-align:left;background:#f3f4f6;border-bottom:1px solid #d1d5db;width:30%;font-size:11px;font-weight:600;color:#1f2937;">Subprefeitura</th><td style="padding:3px 5px;border-bottom:1px solid #e5e7eb;font-size:11px;color:#111827;">Jaçanã / Tucuruvi</td></tr><tr><th style="padding:3px 5px;text-align:left;background:#f3f4f6;border-bottom:1px solid #d1d5db;width:30%;font-size:11px;font-weight:600;color:#1f2937;">Turno</th><td style="padding:3px 5px;border-bottom:1px solid #e5e7eb;font-size:11px;color:#111827;">Vespertino</td></tr><tr><th style="padding:3px 5px;text-align:left;background:#f3f4f6;border-bottom:1px solid #d1d5db;width:30%;font-size:11px;font-weight:600;color:#1f2937;">Frequência</th><td style="padding:3px 5px;border-bottom:1px solid #e5e7eb;font-size:11px;color:#111827;">Bimestral</td></tr><tr><th style="padding:3px 5px;text-align:left;background:#f3f4f6;border-bottom:1px solid #d1d5db;width:30%;font-size:11px;font-weight:600;color:#1f2937;">Cronograma</th><td style="padding:3px 5px;border-bottom:1px solid #e5e7eb;font-size:11px;color:#111827;">18/03/2026<br>20/05/2026<br>22/07/2026<br>24/09/2026<br>19/11/2026<br>20/01/2027</td></tr></table>]]></description><Polygon><outerBoundaryIs><LinearRing><coordinates>-46.6172100,-23.4449200,0 -46.6170900,-23.4448000,0 -46.6170200,-23.4447600,0 -46.6168600,-23.4447200,0 -46.6166900,-23.4447300,0 -46.6166100,-23.4447000,0 -46.6164400,-23.4446900,0 -46.6162800,-23.4447300,0 -46.6162000,-23.4447700,0 -46.6160800,-23.4448800,0 -46.6159200,-23.4451200,0 -46.6158700,-23.4452700,0 -46.6158700,-23.4453400,0 -46.6159200,-23.4455000,0 -46.6160600,-23.4456600,0 -46.6163800,-23.4458500,0 -46.6165400,-23.4458900,0 -46.6167100,-23.4458800,0 -46.6167900,-23.4458500,0 -46.6168700,-23.4458100,0 -46.6170100,-23.4456700,0 -46.6171500,-23.4456000,0 -46.6172200,-23.4455400,0 -46.6173100,-23.4454100,0 -46.6173500,-23.4452600,0 -46.6173400,-23.4451600,0 -46.6173200,-23.4450800,0 -46.6172100,-23.4449200,0</coordinates></LinearRing></outerBoundaryIs></Polygon></Placemark>
<Style id="s-NH-81">
<LineStyle><color>ff82004b</color><width>2.0</width></LineStyle>
<PolyStyle><color>ff82004b</color></PolyStyle>
<IconStyle><color>ff82004b</color><scale>0.55</scale>
<Icon><href>http://maps.google.com/mapfiles/kml/shapes/placemark_circle.png</href></Icon>
</IconStyle>
<LabelStyle><scale>0.65</scale></LabelStyle>
</Style><Placemark><name>VILA ALBERTINA I</name><styleUrl>#s-NH-81</styleUrl><description><![CDATA[<table style="border-collapse:collapse;width:100%;font-family:'Helvetica Neue',Helvetica,Arial,sans-serif;font-size:11px;border:1px solid #e5e7eb;border-radius:8px;overflow:hidden;"><tr><th colspan="2" style="padding:5px 8px;background:#1f6feb;color:#fff;text-align:left;font-size:12px;font-weight:600;">VILA ALBERTINA I</th></tr><tr><th style="padding:3px 5px;text-align:left;background:#f3f4f6;border-bottom:1px solid #d1d5db;width:30%;font-size:11px;font-weight:600;color:#1f2937;">Serviço</th><td style="padding:3px 5px;border-bottom:1px solid #e5e7eb;font-size:11px;color:#111827;">Núcleos Habitacionais (NH)</td></tr><tr><th style="padding:3px 5px;text-align:left;background:#f3f4f6;border-bottom:1px solid #d1d5db;width:30%;font-size:11px;font-weight:600;color:#1f2937;">Setor</th><td style="padding:3px 5px;border-bottom:1px solid #e5e7eb;font-size:11px;color:#111827;">JT21000NH0040</td></tr><tr><th style="padding:3px 5px;text-align:left;background:#f3f4f6;border-bottom:1px solid #d1d5db;width:30%;font-size:11px;font-weight:600;color:#1f2937;">Tipo de Serviço</th><td style="padding:3px 5px;border-bottom:1px solid #e5e7eb;font-size:11px;color:#111827;">Limpeza em áreas de difícil acesso</td></tr><tr><th style="padding:3px 5px;text-align:left;background:#f3f4f6;border-bottom:1px solid #d1d5db;width:30%;font-size:11px;font-weight:600;color:#1f2937;">Nome</th><td style="padding:3px 5px;border-bottom:1px solid #e5e7eb;font-size:11px;color:#111827;">VILA ALBERTINA I</td></tr><tr><th style="padding:3px 5px;text-align:left;background:#f3f4f6;border-bottom:1px solid #d1d5db;width:30%;font-size:11px;font-weight:600;color:#1f2937;">Logradouro</th><td style="padding:3px 5px;border-bottom:1px solid #e5e7eb;font-size:11px;color:#111827;">R Bitencourt da Silva</td></tr><tr><th style="padding:3px 5px;text-align:left;background:#f3f4f6;border-bottom:1px solid #d1d5db;width:30%;font-size:11px;font-weight:600;color:#1f2937;">Subprefeitura</th><td style="padding:3px 5px;border-bottom:1px solid #e5e7eb;font-size:11px;color:#111827;">Jaçanã / Tucuruvi</td></tr><tr><th style="padding:3px 5px;text-align:left;background:#f3f4f6;border-bottom:1px solid #d1d5db;width:30%;font-size:11px;font-weight:600;color:#1f2937;">Turno</th><td style="padding:3px 5px;border-bottom:1px solid #e5e7eb;font-size:11px;color:#111827;">Vespertino</td></tr><tr><th style="padding:3px 5px;text-align:left;background:#f3f4f6;border-bottom:1px solid #d1d5db;width:30%;font-size:11px;font-weight:600;color:#1f2937;">Frequência</th><td style="padding:3px 5px;border-bottom:1px solid #e5e7eb;font-size:11px;color:#111827;">Bimestral</td></tr><tr><th style="padding:3px 5px;text-align:left;background:#f3f4f6;border-bottom:1px solid #d1d5db;width:30%;font-size:11px;font-weight:600;color:#1f2937;">Cronograma</th><td style="padding:3px 5px;border-bottom:1px solid #e5e7eb;font-size:11px;color:#111827;">18/03/2026<br>20/05/2026<br>22/07/2026<br>24/09/2026<br>19/11/2026<br>20/01/2027</td></tr></table>]]></description><Polygon><outerBoundaryIs><LinearRing><coordinates>-46.6110200,-23.4490600,0 -46.6111900,-23.4490500,0 -46.6112700,-23.4490200,0 -46.6114700,-23.4488800,0 -46.6115600,-23.4486600,0 -46.6115500,-23.4485300,0 -46.6115000,-23.4484000,0 -46.6109900,-23.4475300,0 -46.6108900,-23.4474100,0 -46.6108200,-23.4473600,0 -46.6106400,-23.4473000,0 -46.6099000,-23.4471900,0 -46.6096500,-23.4472500,0 -46.6094800,-23.4473800,0 -46.6089200,-23.4472900,0 -46.6085800,-23.4471000,0 -46.6085000,-23.4470800,0 -46.6082700,-23.4470600,0 -46.6081800,-23.4470700,0 -46.6080500,-23.4471200,0 -46.6072300,-23.4475500,0 -46.6070400,-23.4477000,0 -46.6069400,-23.4478200,0 -46.6068500,-23.4479800,0 -46.6068100,-23.4481300,0 -46.6068300,-23.4482900,0 -46.6069000,-23.4484600,0 -46.6069900,-23.4486000,0 -46.6072100,-23.4487200,0 -46.6073600,-23.4487500,0 -46.6074800,-23.4487500,0 -46.6075500,-23.4489000,0 -46.6076600,-23.4490100,0 -46.6079000,-23.4491000,0 -46.6080500,-23.4490900,0 -46.6081400,-23.4492000,0 -46.6082700,-23.4493000,0 -46.6084400,-23.4493500,0 -46.6085200,-23.4493600,0 -46.6086900,-23.4493300,0 -46.6088300,-23.4492500,0 -46.6089400,-23.4491500,0 -46.6090600,-23.4489700,0 -46.6091200,-23.4488200,0 -46.6091200,-23.4486500,0 -46.6090800,-23.4485300,0 -46.6096900,-23.4485300,0 -46.6098500,-23.4485900,0 -46.6105300,-23.4489900,0 -46.6106200,-23.4490200,0 -46.6110200,-23.4490600,0</coordinates></LinearRing></outerBoundaryIs></Polygon></Placemark>
<Style id="s-NH-82">
<LineStyle><color>ff82004b</color><width>2.0</width></LineStyle>
<PolyStyle><color>ff82004b</color></PolyStyle>
<IconStyle><color>ff82004b</color><scale>0.55</scale>
<Icon><href>http://maps.google.com/mapfiles/kml/shapes/placemark_circle.png</href></Icon>
</IconStyle>
<LabelStyle><scale>0.65</scale></LabelStyle>
</Style><Placemark><name>VILA DA COMUNIDADE</name><styleUrl>#s-NH-82</styleUrl><description><![CDATA[<table style="border-collapse:collapse;width:100%;font-family:'Helvetica Neue',Helvetica,Arial,sans-serif;font-size:11px;border:1px solid #e5e7eb;border-radius:8px;overflow:hidden;"><tr><th colspan="2" style="padding:5px 8px;background:#1f6feb;color:#fff;text-align:left;font-size:12px;font-weight:600;">VILA DA COMUNIDADE</th></tr><tr><th style="padding:3px 5px;text-align:left;background:#f3f4f6;border-bottom:1px solid #d1d5db;width:30%;font-size:11px;font-weight:600;color:#1f2937;">Serviço</th><td style="padding:3px 5px;border-bottom:1px solid #e5e7eb;font-size:11px;color:#111827;">Núcleos Habitacionais (NH)</td></tr><tr><th style="padding:3px 5px;text-align:left;background:#f3f4f6;border-bottom:1px solid #d1d5db;width:30%;font-size:11px;font-weight:600;color:#1f2937;">Setor</th><td style="padding:3px 5px;border-bottom:1px solid #e5e7eb;font-size:11px;color:#111827;">JT21000NH0041</td></tr><tr><th style="padding:3px 5px;text-align:left;background:#f3f4f6;border-bottom:1px solid #d1d5db;width:30%;font-size:11px;font-weight:600;color:#1f2937;">Tipo de Serviço</th><td style="padding:3px 5px;border-bottom:1px solid #e5e7eb;font-size:11px;color:#111827;">Limpeza em áreas de difícil acesso</td></tr><tr><th style="padding:3px 5px;text-align:left;background:#f3f4f6;border-bottom:1px solid #d1d5db;width:30%;font-size:11px;font-weight:600;color:#1f2937;">Nome</th><td style="padding:3px 5px;border-bottom:1px solid #e5e7eb;font-size:11px;color:#111827;">VILA DA COMUNIDADE</td></tr><tr><th style="padding:3px 5px;text-align:left;background:#f3f4f6;border-bottom:1px solid #d1d5db;width:30%;font-size:11px;font-weight:600;color:#1f2937;">Logradouro</th><td style="padding:3px 5px;border-bottom:1px solid #e5e7eb;font-size:11px;color:#111827;">R Dr Floriano Paulo de Almeida</td></tr><tr><th style="padding:3px 5px;text-align:left;background:#f3f4f6;border-bottom:1px solid #d1d5db;width:30%;font-size:11px;font-weight:600;color:#1f2937;">Subprefeitura</th><td style="padding:3px 5px;border-bottom:1px solid #e5e7eb;font-size:11px;color:#111827;">Jaçanã / Tucuruvi</td></tr><tr><th style="padding:3px 5px;text-align:left;background:#f3f4f6;border-bottom:1px solid #d1d5db;width:30%;font-size:11px;font-weight:600;color:#1f2937;">Turno</th><td style="padding:3px 5px;border-bottom:1px solid #e5e7eb;font-size:11px;color:#111827;">Vespertino</td></tr><tr><th style="padding:3px 5px;text-align:left;background:#f3f4f6;border-bottom:1px solid #d1d5db;width:30%;font-size:11px;font-weight:600;color:#1f2937;">Frequência</th><td style="padding:3px 5px;border-bottom:1px solid #e5e7eb;font-size:11px;color:#111827;">Bimestral</td></tr><tr><th style="padding:3px 5px;text-align:left;background:#f3f4f6;border-bottom:1px solid #d1d5db;width:30%;font-size:11px;font-weight:600;color:#1f2937;">Cronograma</th><td style="padding:3px 5px;border-bottom:1px solid #e5e7eb;font-size:11px;color:#111827;">18/03/2026<br>20/05/2026<br>22/07/2026<br>24/09/2026<br>19/11/2026<br>20/01/2027</td></tr></table>]]></description><Polygon><outerBoundaryIs><LinearRing><coordinates>-46.6091800,-23.4467900,0 -46.6093800,-23.4468400,0 -46.6095500,-23.4468500,0 -46.6096300,-23.4468400,0 -46.6097900,-23.4467700,0 -46.6098900,-23.4466800,0 -46.6103900,-23.4460700,0 -46.6104400,-23.4459200,0 -46.6104100,-23.4457100,0 -46.6103000,-23.4455500,0 -46.6100900,-23.4453600,0 -46.6099500,-23.4452700,0 -46.6097800,-23.4452300,0 -46.6097000,-23.4452300,0 -46.6095300,-23.4452700,0 -46.6087600,-23.4457500,0 -46.6086900,-23.4458000,0 -46.6085900,-23.4459200,0 -46.6085600,-23.4459900,0 -46.6085400,-23.4461500,0 -46.6085900,-23.4463100,0 -46.6086900,-23.4465000,0 -46.6088800,-23.4466800,0 -46.6090900,-23.4467700,0 -46.6091800,-23.4467900,0</coordinates></LinearRing></outerBoundaryIs></Polygon></Placemark>
<Style id="s-NH-83">
<LineStyle><color>ff82004b</color><width>2.0</width></LineStyle>
<PolyStyle><color>ff82004b</color></PolyStyle>
<IconStyle><color>ff82004b</color><scale>0.55</scale>
<Icon><href>http://maps.google.com/mapfiles/kml/shapes/placemark_circle.png</href></Icon>
</IconStyle>
<LabelStyle><scale>0.65</scale></LabelStyle>
</Style><Placemark><name>VILA ZILDA</name><styleUrl>#s-NH-83</styleUrl><description><![CDATA[<table style="border-collapse:collapse;width:100%;font-family:'Helvetica Neue',Helvetica,Arial,sans-serif;font-size:11px;border:1px solid #e5e7eb;border-radius:8px;overflow:hidden;"><tr><th colspan="2" style="padding:5px 8px;background:#1f6feb;color:#fff;text-align:left;font-size:12px;font-weight:600;">VILA ZILDA</th></tr><tr><th style="padding:3px 5px;text-align:left;background:#f3f4f6;border-bottom:1px solid #d1d5db;width:30%;font-size:11px;font-weight:600;color:#1f2937;">Serviço</th><td style="padding:3px 5px;border-bottom:1px solid #e5e7eb;font-size:11px;color:#111827;">Núcleos Habitacionais (NH)</td></tr><tr><th style="padding:3px 5px;text-align:left;background:#f3f4f6;border-bottom:1px solid #d1d5db;width:30%;font-size:11px;font-weight:600;color:#1f2937;">Setor</th><td style="padding:3px 5px;border-bottom:1px solid #e5e7eb;font-size:11px;color:#111827;">JT21000NH0042</td></tr><tr><th style="padding:3px 5px;text-align:left;background:#f3f4f6;border-bottom:1px solid #d1d5db;width:30%;font-size:11px;font-weight:600;color:#1f2937;">Tipo de Serviço</th><td style="padding:3px 5px;border-bottom:1px solid #e5e7eb;font-size:11px;color:#111827;">Limpeza em áreas de difícil acesso</td></tr><tr><th style="padding:3px 5px;text-align:left;background:#f3f4f6;border-bottom:1px solid #d1d5db;width:30%;font-size:11px;font-weight:600;color:#1f2937;">Nome</th><td style="padding:3px 5px;border-bottom:1px solid #e5e7eb;font-size:11px;color:#111827;">VILA ZILDA</td></tr><tr><th style="padding:3px 5px;text-align:left;background:#f3f4f6;border-bottom:1px solid #d1d5db;width:30%;font-size:11px;font-weight:600;color:#1f2937;">Logradouro</th><td style="padding:3px 5px;border-bottom:1px solid #e5e7eb;font-size:11px;color:#111827;">Tv Nsra da Piedade</td></tr><tr><th style="padding:3px 5px;text-align:left;background:#f3f4f6;border-bottom:1px solid #d1d5db;width:30%;font-size:11px;font-weight:600;color:#1f2937;">Subprefeitura</th><td style="padding:3px 5px;border-bottom:1px solid #e5e7eb;font-size:11px;color:#111827;">Jaçanã / Tucuruvi</td></tr><tr><th style="padding:3px 5px;text-align:left;background:#f3f4f6;border-bottom:1px solid #d1d5db;width:30%;font-size:11px;font-weight:600;color:#1f2937;">Turno</th><td style="padding:3px 5px;border-bottom:1px solid #e5e7eb;font-size:11px;color:#111827;">Vespertino</td></tr><tr><th style="padding:3px 5px;text-align:left;background:#f3f4f6;border-bottom:1px solid #d1d5db;width:30%;font-size:11px;font-weight:600;color:#1f2937;">Frequência</th><td style="padding:3px 5px;border-bottom:1px solid #e5e7eb;font-size:11px;color:#111827;">Bimestral</td></tr><tr><th style="padding:3px 5px;text-align:left;background:#f3f4f6;border-bottom:1px solid #d1d5db;width:30%;font-size:11px;font-weight:600;color:#1f2937;">Cronograma</th><td style="padding:3px 5px;border-bottom:1px solid #e5e7eb;font-size:11px;color:#111827;">19/03/2026<br>21/05/2026<br>23/07/2026<br>25/09/2026<br>23/11/2026<br>21/01/2027</td></tr></table>]]></description><Polygon><outerBoundaryIs><LinearRing><coordinates>-46.5914000,-23.4409800,0 -46.5913700,-23.4408200,0 -46.5913300,-23.4407500,0 -46.5914100,-23.4404600,0 -46.5914100,-23.4403300,0 -46.5913900,-23.4402600,0 -46.5913400,-23.4401600,0 -46.5911200,-23.4398700,0 -46.5909900,-23.4397800,0 -46.5908200,-23.4397300,0 -46.5906500,-23.4397400,0 -46.5904900,-23.4398000,0 -46.5890300,-23.4407200,0 -46.5889000,-23.4408300,0 -46.5888600,-23.4409000,0 -46.5888100,-23.4410500,0 -46.5888500,-23.4412800,0 -46.5889800,-23.4414300,0 -46.5891700,-23.4415800,0 -46.5894200,-23.4419100,0 -46.5894700,-23.4420700,0 -46.5896700,-23.4424700,0 -46.5897900,-23.4429200,0 -46.5899900,-23.4434900,0 -46.5900900,-23.4436100,0 -46.5902300,-23.4437000,0 -46.5904000,-23.4437400,0 -46.5905600,-23.4437200,0 -46.5906500,-23.4436900,0 -46.5907800,-23.4436000,0 -46.5914900,-23.4425800,0 -46.5915500,-23.4424400,0 -46.5915600,-23.4423400,0 -46.5915000,-23.4421200,0 -46.5914100,-23.4420100,0 -46.5914000,-23.4409800,0</coordinates></LinearRing></outerBoundaryIs></Polygon></Placemark>
<Style id="s-NH-84">
<LineStyle><color>ff82004b</color><width>2.0</width></LineStyle>
<PolyStyle><color>ff82004b</color></PolyStyle>
<IconStyle><color>ff82004b</color><scale>0.55</scale>
<Icon><href>http://maps.google.com/mapfiles/kml/shapes/placemark_circle.png</href></Icon>
</IconStyle>
<LabelStyle><scale>0.65</scale></LabelStyle>
</Style><Placemark><name>DOMENICO FERRABOSCO</name><styleUrl>#s-NH-84</styleUrl><description><![CDATA[<table style="border-collapse:collapse;width:100%;font-family:'Helvetica Neue',Helvetica,Arial,sans-serif;font-size:11px;border:1px solid #e5e7eb;border-radius:8px;overflow:hidden;"><tr><th colspan="2" style="padding:5px 8px;background:#1f6feb;color:#fff;text-align:left;font-size:12px;font-weight:600;">DOMENICO FERRABOSCO</th></tr><tr><th style="padding:3px 5px;text-align:left;background:#f3f4f6;border-bottom:1px solid #d1d5db;width:30%;font-size:11px;font-weight:600;color:#1f2937;">Serviço</th><td style="padding:3px 5px;border-bottom:1px solid #e5e7eb;font-size:11px;color:#111827;">Núcleos Habitacionais (NH)</td></tr><tr><th style="padding:3px 5px;text-align:left;background:#f3f4f6;border-bottom:1px solid #d1d5db;width:30%;font-size:11px;font-weight:600;color:#1f2937;">Setor</th><td style="padding:3px 5px;border-bottom:1px solid #e5e7eb;font-size:11px;color:#111827;">JT21000NH0043</td></tr><tr><th style="padding:3px 5px;text-align:left;background:#f3f4f6;border-bottom:1px solid #d1d5db;width:30%;font-size:11px;font-weight:600;color:#1f2937;">Tipo de Serviço</th><td style="padding:3px 5px;border-bottom:1px solid #e5e7eb;font-size:11px;color:#111827;">Limpeza em áreas de difícil acesso</td></tr><tr><th style="padding:3px 5px;text-align:left;background:#f3f4f6;border-bottom:1px solid #d1d5db;width:30%;font-size:11px;font-weight:600;color:#1f2937;">Nome</th><td style="padding:3px 5px;border-bottom:1px solid #e5e7eb;font-size:11px;color:#111827;">DOMENICO FERRABOSCO</td></tr><tr><th style="padding:3px 5px;text-align:left;background:#f3f4f6;border-bottom:1px solid #d1d5db;width:30%;font-size:11px;font-weight:600;color:#1f2937;">Logradouro</th><td style="padding:3px 5px;border-bottom:1px solid #e5e7eb;font-size:11px;color:#111827;">R Francesco Manfredini</td></tr><tr><th style="padding:3px 5px;text-align:left;background:#f3f4f6;border-bottom:1px solid #d1d5db;width:30%;font-size:11px;font-weight:600;color:#1f2937;">Subprefeitura</th><td style="padding:3px 5px;border-bottom:1px solid #e5e7eb;font-size:11px;color:#111827;">Jaçanã / Tucuruvi</td></tr><tr><th style="padding:3px 5px;text-align:left;background:#f3f4f6;border-bottom:1px solid #d1d5db;width:30%;font-size:11px;font-weight:600;color:#1f2937;">Turno</th><td style="padding:3px 5px;border-bottom:1px solid #e5e7eb;font-size:11px;color:#111827;">Vespertino</td></tr><tr><th style="padding:3px 5px;text-align:left;background:#f3f4f6;border-bottom:1px solid #d1d5db;width:30%;font-size:11px;font-weight:600;color:#1f2937;">Frequência</th><td style="padding:3px 5px;border-bottom:1px solid #e5e7eb;font-size:11px;color:#111827;">Bimestral</td></tr><tr><th style="padding:3px 5px;text-align:left;background:#f3f4f6;border-bottom:1px solid #d1d5db;width:30%;font-size:11px;font-weight:600;color:#1f2937;">Cronograma</th><td style="padding:3px 5px;border-bottom:1px solid #e5e7eb;font-size:11px;color:#111827;">19/03/2026<br>21/05/2026<br>23/07/2026<br>25/09/2026<br>23/11/2026<br>21/01/2027</td></tr></table>]]></description><Polygon><outerBoundaryIs><LinearRing><coordinates>-46.5814500,-23.4408300,0 -46.5811700,-23.4410800,0 -46.5810700,-23.4412100,0 -46.5810400,-23.4412900,0 -46.5810200,-23.4414400,0 -46.5810700,-23.4415900,0 -46.5811600,-23.4417200,0 -46.5813800,-23.4418400,0 -46.5815900,-23.4418500,0 -46.5824200,-23.4417300,0 -46.5830400,-23.4417000,0 -46.5836600,-23.4416400,0 -46.5838100,-23.4415800,0 -46.5848900,-23.4409000,0 -46.5850500,-23.4407800,0 -46.5855900,-23.4405500,0 -46.5863900,-23.4405900,0 -46.5865600,-23.4405700,0 -46.5866400,-23.4405400,0 -46.5867800,-23.4404400,0 -46.5868700,-23.4403100,0 -46.5869200,-23.4400600,0 -46.5869100,-23.4399300,0 -46.5868600,-23.4397900,0 -46.5868100,-23.4397200,0 -46.5866800,-23.4396200,0 -46.5862500,-23.4395000,0 -46.5861200,-23.4395000,0 -46.5858000,-23.4395500,0 -46.5850700,-23.4395300,0 -46.5847800,-23.4395900,0 -46.5846500,-23.4395600,0 -46.5843200,-23.4395400,0 -46.5838000,-23.4394600,0 -46.5832600,-23.4394500,0 -46.5831000,-23.4395000,0 -46.5827400,-23.4396900,0 -46.5824800,-23.4396900,0 -46.5822600,-23.4398100,0 -46.5822100,-23.4398700,0 -46.5821400,-23.4400100,0 -46.5820400,-23.4404700,0 -46.5819300,-23.4406400,0 -46.5819000,-23.4407200,0 -46.5817300,-23.4407100,0 -46.5815700,-23.4407600,0 -46.5814500,-23.4408300,0</coordinates></LinearRing></outerBoundaryIs></Polygon></Placemark>
<Style id="s-NH-85">
<LineStyle><color>ff82004b</color><width>2.0</width></LineStyle>
<PolyStyle><color>ff82004b</color></PolyStyle>
<IconStyle><color>ff82004b</color><scale>0.55</scale>
<Icon><href>http://maps.google.com/mapfiles/kml/shapes/placemark_circle.png</href></Icon>
</IconStyle>
<LabelStyle><scale>0.65</scale></LabelStyle>
</Style><Placemark><name>JOANA D'ARC</name><styleUrl>#s-NH-85</styleUrl><description><![CDATA[<table style="border-collapse:collapse;width:100%;font-family:'Helvetica Neue',Helvetica,Arial,sans-serif;font-size:11px;border:1px solid #e5e7eb;border-radius:8px;overflow:hidden;"><tr><th colspan="2" style="padding:5px 8px;background:#1f6feb;color:#fff;text-align:left;font-size:12px;font-weight:600;">JOANA D&#x27;ARC</th></tr><tr><th style="padding:3px 5px;text-align:left;background:#f3f4f6;border-bottom:1px solid #d1d5db;width:30%;font-size:11px;font-weight:600;color:#1f2937;">Serviço</th><td style="padding:3px 5px;border-bottom:1px solid #e5e7eb;font-size:11px;color:#111827;">Núcleos Habitacionais (NH)</td></tr><tr><th style="padding:3px 5px;text-align:left;background:#f3f4f6;border-bottom:1px solid #d1d5db;width:30%;font-size:11px;font-weight:600;color:#1f2937;">Setor</th><td style="padding:3px 5px;border-bottom:1px solid #e5e7eb;font-size:11px;color:#111827;">JT21000NH0044</td></tr><tr><th style="padding:3px 5px;text-align:left;background:#f3f4f6;border-bottom:1px solid #d1d5db;width:30%;font-size:11px;font-weight:600;color:#1f2937;">Tipo de Serviço</th><td style="padding:3px 5px;border-bottom:1px solid #e5e7eb;font-size:11px;color:#111827;">Limpeza em áreas de difícil acesso</td></tr><tr><th style="padding:3px 5px;text-align:left;background:#f3f4f6;border-bottom:1px solid #d1d5db;width:30%;font-size:11px;font-weight:600;color:#1f2937;">Nome</th><td style="padding:3px 5px;border-bottom:1px solid #e5e7eb;font-size:11px;color:#111827;">JOANA D&#x27;ARC</td></tr><tr><th style="padding:3px 5px;text-align:left;background:#f3f4f6;border-bottom:1px solid #d1d5db;width:30%;font-size:11px;font-weight:600;color:#1f2937;">Logradouro</th><td style="padding:3px 5px;border-bottom:1px solid #e5e7eb;font-size:11px;color:#111827;">R Domenico Ferrabosco</td></tr><tr><th style="padding:3px 5px;text-align:left;background:#f3f4f6;border-bottom:1px solid #d1d5db;width:30%;font-size:11px;font-weight:600;color:#1f2937;">Subprefeitura</th><td style="padding:3px 5px;border-bottom:1px solid #e5e7eb;font-size:11px;color:#111827;">Jaçanã / Tucuruvi</td></tr><tr><th style="padding:3px 5px;text-align:left;background:#f3f4f6;border-bottom:1px solid #d1d5db;width:30%;font-size:11px;font-weight:600;color:#1f2937;">Turno</th><td style="padding:3px 5px;border-bottom:1px solid #e5e7eb;font-size:11px;color:#111827;">Vespertino</td></tr><tr><th style="padding:3px 5px;text-align:left;background:#f3f4f6;border-bottom:1px solid #d1d5db;width:30%;font-size:11px;font-weight:600;color:#1f2937;">Frequência</th><td style="padding:3px 5px;border-bottom:1px solid #e5e7eb;font-size:11px;color:#111827;">Bimestral</td></tr><tr><th style="padding:3px 5px;text-align:left;background:#f3f4f6;border-bottom:1px solid #d1d5db;width:30%;font-size:11px;font-weight:600;color:#1f2937;">Cronograma</th><td style="padding:3px 5px;border-bottom:1px solid #e5e7eb;font-size:11px;color:#111827;">19/03/2026<br>21/05/2026<br>23/07/2026<br>25/09/2026<br>23/11/2026<br>21/01/2027</td></tr></table>]]></description><Polygon><outerBoundaryIs><LinearRing><coordinates>-46.5823800,-23.4403500,0 -46.5822200,-23.4402900,0 -46.5820500,-23.4402900,0 -46.5818200,-23.4403800,0 -46.5817100,-23.4404800,0 -46.5813700,-23.4409600,0 -46.5813400,-23.4410300,0 -46.5813300,-23.4411900,0 -46.5813800,-23.4413400,0 -46.5814600,-23.4414500,0 -46.5815900,-23.4415800,0 -46.5817300,-23.4416700,0 -46.5818100,-23.4417000,0 -46.5819800,-23.4417100,0 -46.5824000,-23.4416000,0 -46.5825100,-23.4415300,0 -46.5826500,-23.4413900,0 -46.5827200,-23.4412700,0 -46.5828500,-23.4408600,0 -46.5828200,-23.4406500,0 -46.5827400,-23.4405100,0 -46.5826100,-23.4404100,0 -46.5823800,-23.4403500,0</coordinates></LinearRing></outerBoundaryIs></Polygon></Placemark>
<Style id="s-NH-86">
<LineStyle><color>ff82004b</color><width>2.0</width></LineStyle>
<PolyStyle><color>ff82004b</color></PolyStyle>
<IconStyle><color>ff82004b</color><scale>0.55</scale>
<Icon><href>http://maps.google.com/mapfiles/kml/shapes/placemark_circle.png</href></Icon>
</IconStyle>
<LabelStyle><scale>0.65</scale></LabelStyle>
</Style><Placemark><name>USHIKISHI KAMIYA</name><styleUrl>#s-NH-86</styleUrl><description><![CDATA[<table style="border-collapse:collapse;width:100%;font-family:'Helvetica Neue',Helvetica,Arial,sans-serif;font-size:11px;border:1px solid #e5e7eb;border-radius:8px;overflow:hidden;"><tr><th colspan="2" style="padding:5px 8px;background:#1f6feb;color:#fff;text-align:left;font-size:12px;font-weight:600;">USHIKISHI KAMIYA</th></tr><tr><th style="padding:3px 5px;text-align:left;background:#f3f4f6;border-bottom:1px solid #d1d5db;width:30%;font-size:11px;font-weight:600;color:#1f2937;">Serviço</th><td style="padding:3px 5px;border-bottom:1px solid #e5e7eb;font-size:11px;color:#111827;">Núcleos Habitacionais (NH)</td></tr><tr><th style="padding:3px 5px;text-align:left;background:#f3f4f6;border-bottom:1px solid #d1d5db;width:30%;font-size:11px;font-weight:600;color:#1f2937;">Setor</th><td style="padding:3px 5px;border-bottom:1px solid #e5e7eb;font-size:11px;color:#111827;">JT21000NH0045</td></tr><tr><th style="padding:3px 5px;text-align:left;background:#f3f4f6;border-bottom:1px solid #d1d5db;width:30%;font-size:11px;font-weight:600;color:#1f2937;">Tipo de Serviço</th><td style="padding:3px 5px;border-bottom:1px solid #e5e7eb;font-size:11px;color:#111827;">Limpeza em áreas de difícil acesso</td></tr><tr><th style="padding:3px 5px;text-align:left;background:#f3f4f6;border-bottom:1px solid #d1d5db;width:30%;font-size:11px;font-weight:600;color:#1f2937;">Nome</th><td style="padding:3px 5px;border-bottom:1px solid #e5e7eb;font-size:11px;color:#111827;">USHIKISHI KAMIYA</td></tr><tr><th style="padding:3px 5px;text-align:left;background:#f3f4f6;border-bottom:1px solid #d1d5db;width:30%;font-size:11px;font-weight:600;color:#1f2937;">Logradouro</th><td style="padding:3px 5px;border-bottom:1px solid #e5e7eb;font-size:11px;color:#111827;">R Maria Rosa de Jesus</td></tr><tr><th style="padding:3px 5px;text-align:left;background:#f3f4f6;border-bottom:1px solid #d1d5db;width:30%;font-size:11px;font-weight:600;color:#1f2937;">Subprefeitura</th><td style="padding:3px 5px;border-bottom:1px solid #e5e7eb;font-size:11px;color:#111827;">Jaçanã / Tucuruvi</td></tr><tr><th style="padding:3px 5px;text-align:left;background:#f3f4f6;border-bottom:1px solid #d1d5db;width:30%;font-size:11px;font-weight:600;color:#1f2937;">Turno</th><td style="padding:3px 5px;border-bottom:1px solid #e5e7eb;font-size:11px;color:#111827;">Vespertino</td></tr><tr><th style="padding:3px 5px;text-align:left;background:#f3f4f6;border-bottom:1px solid #d1d5db;width:30%;font-size:11px;font-weight:600;color:#1f2937;">Frequência</th><td style="padding:3px 5px;border-bottom:1px solid #e5e7eb;font-size:11px;color:#111827;">Bimestral</td></tr><tr><th style="padding:3px 5px;text-align:left;background:#f3f4f6;border-bottom:1px solid #d1d5db;width:30%;font-size:11px;font-weight:600;color:#1f2937;">Cronograma</th><td style="padding:3px 5px;border-bottom:1px solid #e5e7eb;font-size:11px;color:#111827;">19/03/2026<br>21/05/2026<br>23/07/2026<br>25/09/2026<br>23/11/2026<br>21/01/2027</td></tr></table>]]></description><Polygon><outerBoundaryIs><LinearRing><coordinates>-46.5793000,-23.4384900,0 -46.5794300,-23.4387700,0 -46.5795000,-23.4391000,0 -46.5795700,-23.4392500,0 -46.5797500,-23.4394100,0 -46.5799700,-23.4394600,0 -46.5802900,-23.4394400,0 -46.5805300,-23.4393500,0 -46.5811000,-23.4390700,0 -46.5816500,-23.4389300,0 -46.5817900,-23.4388300,0 -46.5818400,-23.4387700,0 -46.5819300,-23.4385500,0 -46.5819000,-23.4383700,0 -46.5816800,-23.4378300,0 -46.5815800,-23.4377100,0 -46.5815000,-23.4376600,0 -46.5814300,-23.4376300,0 -46.5812600,-23.4376000,0 -46.5810900,-23.4376300,0 -46.5808200,-23.4377600,0 -46.5804200,-23.4378800,0 -46.5797700,-23.4378600,0 -46.5796000,-23.4378800,0 -46.5795200,-23.4379100,0 -46.5793900,-23.4380100,0 -46.5793400,-23.4380700,0 -46.5792700,-23.4382100,0 -46.5792600,-23.4383700,0 -46.5793000,-23.4384900,0</coordinates></LinearRing></outerBoundaryIs></Polygon></Placemark>
<Style id="s-NH-87">
<LineStyle><color>ff82004b</color><width>2.0</width></LineStyle>
<PolyStyle><color>ff82004b</color></PolyStyle>
<IconStyle><color>ff82004b</color><scale>0.55</scale>
<Icon><href>http://maps.google.com/mapfiles/kml/shapes/placemark_circle.png</href></Icon>
</IconStyle>
<LabelStyle><scale>0.65</scale></LabelStyle>
</Style><Placemark><name>CAMPO LIMPO</name><styleUrl>#s-NH-87</styleUrl><description><![CDATA[<table style="border-collapse:collapse;width:100%;font-family:'Helvetica Neue',Helvetica,Arial,sans-serif;font-size:11px;border:1px solid #e5e7eb;border-radius:8px;overflow:hidden;"><tr><th colspan="2" style="padding:5px 8px;background:#1f6feb;color:#fff;text-align:left;font-size:12px;font-weight:600;">CAMPO LIMPO</th></tr><tr><th style="padding:3px 5px;text-align:left;background:#f3f4f6;border-bottom:1px solid #d1d5db;width:30%;font-size:11px;font-weight:600;color:#1f2937;">Serviço</th><td style="padding:3px 5px;border-bottom:1px solid #e5e7eb;font-size:11px;color:#111827;">Núcleos Habitacionais (NH)</td></tr><tr><th style="padding:3px 5px;text-align:left;background:#f3f4f6;border-bottom:1px solid #d1d5db;width:30%;font-size:11px;font-weight:600;color:#1f2937;">Setor</th><td style="padding:3px 5px;border-bottom:1px solid #e5e7eb;font-size:11px;color:#111827;">JT21000NH0046</td></tr><tr><th style="padding:3px 5px;text-align:left;background:#f3f4f6;border-bottom:1px solid #d1d5db;width:30%;font-size:11px;font-weight:600;color:#1f2937;">Tipo de Serviço</th><td style="padding:3px 5px;border-bottom:1px solid #e5e7eb;font-size:11px;color:#111827;">Limpeza em áreas de difícil acesso</td></tr><tr><th style="padding:3px 5px;text-align:left;background:#f3f4f6;border-bottom:1px solid #d1d5db;width:30%;font-size:11px;font-weight:600;color:#1f2937;">Nome</th><td style="padding:3px 5px;border-bottom:1px solid #e5e7eb;font-size:11px;color:#111827;">CAMPO LIMPO</td></tr><tr><th style="padding:3px 5px;text-align:left;background:#f3f4f6;border-bottom:1px solid #d1d5db;width:30%;font-size:11px;font-weight:600;color:#1f2937;">Logradouro</th><td style="padding:3px 5px;border-bottom:1px solid #e5e7eb;font-size:11px;color:#111827;">R Pres Bartolome Mitre</td></tr><tr><th style="padding:3px 5px;text-align:left;background:#f3f4f6;border-bottom:1px solid #d1d5db;width:30%;font-size:11px;font-weight:600;color:#1f2937;">Subprefeitura</th><td style="padding:3px 5px;border-bottom:1px solid #e5e7eb;font-size:11px;color:#111827;">Jaçanã / Tucuruvi</td></tr><tr><th style="padding:3px 5px;text-align:left;background:#f3f4f6;border-bottom:1px solid #d1d5db;width:30%;font-size:11px;font-weight:600;color:#1f2937;">Turno</th><td style="padding:3px 5px;border-bottom:1px solid #e5e7eb;font-size:11px;color:#111827;">Vespertino</td></tr><tr><th style="padding:3px 5px;text-align:left;background:#f3f4f6;border-bottom:1px solid #d1d5db;width:30%;font-size:11px;font-weight:600;color:#1f2937;">Frequência</th><td style="padding:3px 5px;border-bottom:1px solid #e5e7eb;font-size:11px;color:#111827;">Bimestral</td></tr><tr><th style="padding:3px 5px;text-align:left;background:#f3f4f6;border-bottom:1px solid #d1d5db;width:30%;font-size:11px;font-weight:600;color:#1f2937;">Cronograma</th><td style="padding:3px 5px;border-bottom:1px solid #e5e7eb;font-size:11px;color:#111827;">19/03/2026<br>21/05/2026<br>23/07/2026<br>25/09/2026<br>23/11/2026<br>21/01/2027</td></tr></table>]]></description><Polygon><outerBoundaryIs><LinearRing><coordinates>-46.5797900,-23.4385700,0 -46.5796200,-23.4384000,0 -46.5794600,-23.4383400,0 -46.5793700,-23.4383300,0 -46.5792100,-23.4383500,0 -46.5788800,-23.4384700,0 -46.5788100,-23.4385100,0 -46.5786200,-23.4386800,0 -46.5784700,-23.4388600,0 -46.5783900,-23.4390000,0 -46.5783700,-23.4391600,0 -46.5784100,-23.4393100,0 -46.5785000,-23.4394400,0 -46.5785800,-23.4395100,0 -46.5787500,-23.4396100,0 -46.5790000,-23.4396700,0 -46.5791700,-23.4396300,0 -46.5796200,-23.4394500,0 -46.5798300,-23.4393000,0 -46.5798800,-23.4392400,0 -46.5799500,-23.4390900,0 -46.5799600,-23.4389900,0 -46.5799300,-23.4388300,0 -46.5797900,-23.4385700,0</coordinates></LinearRing></outerBoundaryIs></Polygon></Placemark>
<Style id="s-NH-88">
<LineStyle><color>ff82004b</color><width>2.0</width></LineStyle>
<PolyStyle><color>ff82004b</color></PolyStyle>
<IconStyle><color>ff82004b</color><scale>0.55</scale>
<Icon><href>http://maps.google.com/mapfiles/kml/shapes/placemark_circle.png</href></Icon>
</IconStyle>
<LabelStyle><scale>0.65</scale></LabelStyle>
</Style><Placemark><name>COLIBRIS DA SERRA</name><styleUrl>#s-NH-88</styleUrl><description><![CDATA[<table style="border-collapse:collapse;width:100%;font-family:'Helvetica Neue',Helvetica,Arial,sans-serif;font-size:11px;border:1px solid #e5e7eb;border-radius:8px;overflow:hidden;"><tr><th colspan="2" style="padding:5px 8px;background:#1f6feb;color:#fff;text-align:left;font-size:12px;font-weight:600;">COLIBRIS DA SERRA</th></tr><tr><th style="padding:3px 5px;text-align:left;background:#f3f4f6;border-bottom:1px solid #d1d5db;width:30%;font-size:11px;font-weight:600;color:#1f2937;">Serviço</th><td style="padding:3px 5px;border-bottom:1px solid #e5e7eb;font-size:11px;color:#111827;">Núcleos Habitacionais (NH)</td></tr><tr><th style="padding:3px 5px;text-align:left;background:#f3f4f6;border-bottom:1px solid #d1d5db;width:30%;font-size:11px;font-weight:600;color:#1f2937;">Setor</th><td style="padding:3px 5px;border-bottom:1px solid #e5e7eb;font-size:11px;color:#111827;">JT21000NH0047</td></tr><tr><th style="padding:3px 5px;text-align:left;background:#f3f4f6;border-bottom:1px solid #d1d5db;width:30%;font-size:11px;font-weight:600;color:#1f2937;">Tipo de Serviço</th><td style="padding:3px 5px;border-bottom:1px solid #e5e7eb;font-size:11px;color:#111827;">Limpeza em áreas de difícil acesso</td></tr><tr><th style="padding:3px 5px;text-align:left;background:#f3f4f6;border-bottom:1px solid #d1d5db;width:30%;font-size:11px;font-weight:600;color:#1f2937;">Nome</th><td style="padding:3px 5px;border-bottom:1px solid #e5e7eb;font-size:11px;color:#111827;">COLIBRIS DA SERRA</td></tr><tr><th style="padding:3px 5px;text-align:left;background:#f3f4f6;border-bottom:1px solid #d1d5db;width:30%;font-size:11px;font-weight:600;color:#1f2937;">Logradouro</th><td style="padding:3px 5px;border-bottom:1px solid #e5e7eb;font-size:11px;color:#111827;">R Joao Frederico Agricola</td></tr><tr><th style="padding:3px 5px;text-align:left;background:#f3f4f6;border-bottom:1px solid #d1d5db;width:30%;font-size:11px;font-weight:600;color:#1f2937;">Subprefeitura</th><td style="padding:3px 5px;border-bottom:1px solid #e5e7eb;font-size:11px;color:#111827;">Jaçanã / Tucuruvi</td></tr><tr><th style="padding:3px 5px;text-align:left;background:#f3f4f6;border-bottom:1px solid #d1d5db;width:30%;font-size:11px;font-weight:600;color:#1f2937;">Turno</th><td style="padding:3px 5px;border-bottom:1px solid #e5e7eb;font-size:11px;color:#111827;">Vespertino</td></tr><tr><th style="padding:3px 5px;text-align:left;background:#f3f4f6;border-bottom:1px solid #d1d5db;width:30%;font-size:11px;font-weight:600;color:#1f2937;">Frequência</th><td style="padding:3px 5px;border-bottom:1px solid #e5e7eb;font-size:11px;color:#111827;">Bimestral</td></tr><tr><th style="padding:3px 5px;text-align:left;background:#f3f4f6;border-bottom:1px solid #d1d5db;width:30%;font-size:11px;font-weight:600;color:#1f2937;">Cronograma</th><td style="padding:3px 5px;border-bottom:1px solid #e5e7eb;font-size:11px;color:#111827;">20/03/2026<br>22/05/2026<br>24/07/2026<br>28/09/2026<br>24/11/2026<br>22/01/2027</td></tr></table>]]></description><Polygon><outerBoundaryIs><LinearRing><coordinates>-46.5715100,-23.4388600,0 -46.5717400,-23.4389600,0 -46.5723100,-23.4391100,0 -46.5724800,-23.4391300,0 -46.5726500,-23.4390900,0 -46.5728400,-23.4390100,0 -46.5729800,-23.4389200,0 -46.5731400,-23.4387300,0 -46.5732500,-23.4386600,0 -46.5735500,-23.4385400,0 -46.5737800,-23.4384000,0 -46.5738900,-23.4382800,0 -46.5739400,-23.4381300,0 -46.5739400,-23.4379900,0 -46.5739100,-23.4379100,0 -46.5738800,-23.4378400,0 -46.5734800,-23.4372800,0 -46.5733400,-23.4371900,0 -46.5731800,-23.4371400,0 -46.5729300,-23.4371700,0 -46.5727700,-23.4372600,0 -46.5725200,-23.4374500,0 -46.5722900,-23.4375500,0 -46.5721400,-23.4375600,0 -46.5717400,-23.4374100,0 -46.5715800,-23.4374000,0 -46.5713600,-23.4374700,0 -46.5710600,-23.4376600,0 -46.5704000,-23.4375400,0 -46.5696100,-23.4372700,0 -46.5694400,-23.4372700,0 -46.5692800,-23.4373300,0 -46.5687700,-23.4376700,0 -46.5686500,-23.4377800,0 -46.5686100,-23.4378500,0 -46.5685700,-23.4380000,0 -46.5685900,-23.4381600,0 -46.5686200,-23.4382300,0 -46.5689400,-23.4386400,0 -46.5690600,-23.4387400,0 -46.5692200,-23.4388100,0 -46.5699200,-23.4388200,0 -46.5703600,-23.4389800,0 -46.5704500,-23.4389900,0 -46.5706200,-23.4389700,0 -46.5707000,-23.4389400,0 -46.5708400,-23.4388400,0 -46.5710200,-23.4388500,0 -46.5711400,-23.4388300,0 -46.5713600,-23.4388800,0 -46.5715100,-23.4388600,0</coordinates></LinearRing></outerBoundaryIs></Polygon></Placemark>
<Style id="s-NH-89">
<LineStyle><color>ff82004b</color><width>2.0</width></LineStyle>
<PolyStyle><color>ff82004b</color></PolyStyle>
<IconStyle><color>ff82004b</color><scale>0.55</scale>
<Icon><href>http://maps.google.com/mapfiles/kml/shapes/placemark_circle.png</href></Icon>
</IconStyle>
<LabelStyle><scale>0.65</scale></LabelStyle>
</Style><Placemark><name>RUA DO CAMPO</name><styleUrl>#s-NH-89</styleUrl><description><![CDATA[<table style="border-collapse:collapse;width:100%;font-family:'Helvetica Neue',Helvetica,Arial,sans-serif;font-size:11px;border:1px solid #e5e7eb;border-radius:8px;overflow:hidden;"><tr><th colspan="2" style="padding:5px 8px;background:#1f6feb;color:#fff;text-align:left;font-size:12px;font-weight:600;">RUA DO CAMPO</th></tr><tr><th style="padding:3px 5px;text-align:left;background:#f3f4f6;border-bottom:1px solid #d1d5db;width:30%;font-size:11px;font-weight:600;color:#1f2937;">Serviço</th><td style="padding:3px 5px;border-bottom:1px solid #e5e7eb;font-size:11px;color:#111827;">Núcleos Habitacionais (NH)</td></tr><tr><th style="padding:3px 5px;text-align:left;background:#f3f4f6;border-bottom:1px solid #d1d5db;width:30%;font-size:11px;font-weight:600;color:#1f2937;">Setor</th><td style="padding:3px 5px;border-bottom:1px solid #e5e7eb;font-size:11px;color:#111827;">JT21000NH0048</td></tr><tr><th style="padding:3px 5px;text-align:left;background:#f3f4f6;border-bottom:1px solid #d1d5db;width:30%;font-size:11px;font-weight:600;color:#1f2937;">Tipo de Serviço</th><td style="padding:3px 5px;border-bottom:1px solid #e5e7eb;font-size:11px;color:#111827;">Limpeza em áreas de difícil acesso</td></tr><tr><th style="padding:3px 5px;text-align:left;background:#f3f4f6;border-bottom:1px solid #d1d5db;width:30%;font-size:11px;font-weight:600;color:#1f2937;">Nome</th><td style="padding:3px 5px;border-bottom:1px solid #e5e7eb;font-size:11px;color:#111827;">RUA DO CAMPO</td></tr><tr><th style="padding:3px 5px;text-align:left;background:#f3f4f6;border-bottom:1px solid #d1d5db;width:30%;font-size:11px;font-weight:600;color:#1f2937;">Logradouro</th><td style="padding:3px 5px;border-bottom:1px solid #e5e7eb;font-size:11px;color:#111827;">R Eng Antonio de Toledo</td></tr><tr><th style="padding:3px 5px;text-align:left;background:#f3f4f6;border-bottom:1px solid #d1d5db;width:30%;font-size:11px;font-weight:600;color:#1f2937;">Subprefeitura</th><td style="padding:3px 5px;border-bottom:1px solid #e5e7eb;font-size:11px;color:#111827;">Jaçanã / Tucuruvi</td></tr><tr><th style="padding:3px 5px;text-align:left;background:#f3f4f6;border-bottom:1px solid #d1d5db;width:30%;font-size:11px;font-weight:600;color:#1f2937;">Turno</th><td style="padding:3px 5px;border-bottom:1px solid #e5e7eb;font-size:11px;color:#111827;">Vespertino</td></tr><tr><th style="padding:3px 5px;text-align:left;background:#f3f4f6;border-bottom:1px solid #d1d5db;width:30%;font-size:11px;font-weight:600;color:#1f2937;">Frequência</th><td style="padding:3px 5px;border-bottom:1px solid #e5e7eb;font-size:11px;color:#111827;">Bimestral</td></tr><tr><th style="padding:3px 5px;text-align:left;background:#f3f4f6;border-bottom:1px solid #d1d5db;width:30%;font-size:11px;font-weight:600;color:#1f2937;">Cronograma</th><td style="padding:3px 5px;border-bottom:1px solid #e5e7eb;font-size:11px;color:#111827;">23/03/2026<br>25/05/2026<br>27/07/2026<br>29/09/2026<br>25/11/2026<br>26/01/2027</td></tr></table>]]></description><Polygon><outerBoundaryIs><LinearRing><coordinates>-46.5905900,-23.4207900,0 -46.5904300,-23.4208500,0 -46.5903600,-23.4209000,0 -46.5902600,-23.4210300,0 -46.5902200,-23.4211500,0 -46.5893400,-23.4213600,0 -46.5892600,-23.4214000,0 -46.5891400,-23.4215100,0 -46.5890500,-23.4217300,0 -46.5890600,-23.4219800,0 -46.5891000,-23.4221400,0 -46.5891900,-23.4222700,0 -46.5894100,-23.4223900,0 -46.5895800,-23.4224100,0 -46.5898300,-23.4223800,0 -46.5899800,-23.4223900,0 -46.5904900,-23.4223500,0 -46.5906000,-23.4223100,0 -46.5908600,-23.4221700,0 -46.5914700,-23.4216800,0 -46.5915500,-23.4215500,0 -46.5915800,-23.4213700,0 -46.5915500,-23.4210500,0 -46.5915200,-23.4209700,0 -46.5914300,-23.4208400,0 -46.5912900,-23.4207500,0 -46.5911300,-23.4207000,0 -46.5909600,-23.4207100,0 -46.5905900,-23.4207900,0</coordinates></LinearRing></outerBoundaryIs></Polygon></Placemark>
<Style id="s-NH-90">
<LineStyle><color>ff82004b</color><width>2.0</width></LineStyle>
<PolyStyle><color>ff82004b</color></PolyStyle>
<IconStyle><color>ff82004b</color><scale>0.55</scale>
<Icon><href>http://maps.google.com/mapfiles/kml/shapes/placemark_circle.png</href></Icon>
</IconStyle>
<LabelStyle><scale>0.65</scale></LabelStyle>
</Style><Placemark><name>JARDIM DAS PEDRAS</name><styleUrl>#s-NH-90</styleUrl><description><![CDATA[<table style="border-collapse:collapse;width:100%;font-family:'Helvetica Neue',Helvetica,Arial,sans-serif;font-size:11px;border:1px solid #e5e7eb;border-radius:8px;overflow:hidden;"><tr><th colspan="2" style="padding:5px 8px;background:#1f6feb;color:#fff;text-align:left;font-size:12px;font-weight:600;">JARDIM DAS PEDRAS</th></tr><tr><th style="padding:3px 5px;text-align:left;background:#f3f4f6;border-bottom:1px solid #d1d5db;width:30%;font-size:11px;font-weight:600;color:#1f2937;">Serviço</th><td style="padding:3px 5px;border-bottom:1px solid #e5e7eb;font-size:11px;color:#111827;">Núcleos Habitacionais (NH)</td></tr><tr><th style="padding:3px 5px;text-align:left;background:#f3f4f6;border-bottom:1px solid #d1d5db;width:30%;font-size:11px;font-weight:600;color:#1f2937;">Setor</th><td style="padding:3px 5px;border-bottom:1px solid #e5e7eb;font-size:11px;color:#111827;">JT21000NH0049</td></tr><tr><th style="padding:3px 5px;text-align:left;background:#f3f4f6;border-bottom:1px solid #d1d5db;width:30%;font-size:11px;font-weight:600;color:#1f2937;">Tipo de Serviço</th><td style="padding:3px 5px;border-bottom:1px solid #e5e7eb;font-size:11px;color:#111827;">Limpeza em áreas de difícil acesso</td></tr><tr><th style="padding:3px 5px;text-align:left;background:#f3f4f6;border-bottom:1px solid #d1d5db;width:30%;font-size:11px;font-weight:600;color:#1f2937;">Nome</th><td style="padding:3px 5px;border-bottom:1px solid #e5e7eb;font-size:11px;color:#111827;">JARDIM DAS PEDRAS</td></tr><tr><th style="padding:3px 5px;text-align:left;background:#f3f4f6;border-bottom:1px solid #d1d5db;width:30%;font-size:11px;font-weight:600;color:#1f2937;">Logradouro</th><td style="padding:3px 5px;border-bottom:1px solid #e5e7eb;font-size:11px;color:#111827;">R Paulino Jose de Sousa</td></tr><tr><th style="padding:3px 5px;text-align:left;background:#f3f4f6;border-bottom:1px solid #d1d5db;width:30%;font-size:11px;font-weight:600;color:#1f2937;">Subprefeitura</th><td style="padding:3px 5px;border-bottom:1px solid #e5e7eb;font-size:11px;color:#111827;">Jaçanã / Tucuruvi</td></tr><tr><th style="padding:3px 5px;text-align:left;background:#f3f4f6;border-bottom:1px solid #d1d5db;width:30%;font-size:11px;font-weight:600;color:#1f2937;">Turno</th><td style="padding:3px 5px;border-bottom:1px solid #e5e7eb;font-size:11px;color:#111827;">Vespertino</td></tr><tr><th style="padding:3px 5px;text-align:left;background:#f3f4f6;border-bottom:1px solid #d1d5db;width:30%;font-size:11px;font-weight:600;color:#1f2937;">Frequência</th><td style="padding:3px 5px;border-bottom:1px solid #e5e7eb;font-size:11px;color:#111827;">Bimestral</td></tr><tr><th style="padding:3px 5px;text-align:left;background:#f3f4f6;border-bottom:1px solid #d1d5db;width:30%;font-size:11px;font-weight:600;color:#1f2937;">Cronograma</th><td style="padding:3px 5px;border-bottom:1px solid #e5e7eb;font-size:11px;color:#111827;">23/03/2026<br>25/05/2026<br>27/07/2026<br>29/09/2026<br>25/11/2026<br>26/01/2027</td></tr></table>]]></description><Polygon><outerBoundaryIs><LinearRing><coordinates>-46.5900000,-23.4206600,0 -46.5898300,-23.4206400,0 -46.5897400,-23.4206500,0 -46.5896200,-23.4206800,0 -46.5894200,-23.4207700,0 -46.5892800,-23.4208700,0 -46.5891900,-23.4209900,0 -46.5890700,-23.4210900,0 -46.5889800,-23.4213100,0 -46.5889900,-23.4215000,0 -46.5890600,-23.4216500,0 -46.5891700,-23.4217600,0 -46.5893300,-23.4218300,0 -46.5895000,-23.4218500,0 -46.5904500,-23.4216200,0 -46.5906900,-23.4216800,0 -46.5908100,-23.4216700,0 -46.5912100,-23.4215800,0 -46.5914100,-23.4214300,0 -46.5915000,-23.4212300,0 -46.5916400,-23.4210400,0 -46.5916600,-23.4209600,0 -46.5916600,-23.4207100,0 -46.5916400,-23.4206400,0 -46.5915400,-23.4204700,0 -46.5914200,-23.4203600,0 -46.5912100,-23.4202300,0 -46.5911300,-23.4202000,0 -46.5908800,-23.4201700,0 -46.5906300,-23.4202000,0 -46.5904900,-23.4202900,0 -46.5903800,-23.4204100,0 -46.5903600,-23.4204600,0 -46.5900000,-23.4206600,0</coordinates></LinearRing></outerBoundaryIs></Polygon></Placemark>
<Style id="s-NH-91">
<LineStyle><color>ff82004b</color><width>2.0</width></LineStyle>
<PolyStyle><color>ff82004b</color></PolyStyle>
<IconStyle><color>ff82004b</color><scale>0.55</scale>
<Icon><href>http://maps.google.com/mapfiles/kml/shapes/placemark_circle.png</href></Icon>
</IconStyle>
<LabelStyle><scale>0.65</scale></LabelStyle>
</Style><Placemark><name>CLOVIS SALGADO</name><styleUrl>#s-NH-91</styleUrl><description><![CDATA[<table style="border-collapse:collapse;width:100%;font-family:'Helvetica Neue',Helvetica,Arial,sans-serif;font-size:11px;border:1px solid #e5e7eb;border-radius:8px;overflow:hidden;"><tr><th colspan="2" style="padding:5px 8px;background:#1f6feb;color:#fff;text-align:left;font-size:12px;font-weight:600;">CLOVIS SALGADO</th></tr><tr><th style="padding:3px 5px;text-align:left;background:#f3f4f6;border-bottom:1px solid #d1d5db;width:30%;font-size:11px;font-weight:600;color:#1f2937;">Serviço</th><td style="padding:3px 5px;border-bottom:1px solid #e5e7eb;font-size:11px;color:#111827;">Núcleos Habitacionais (NH)</td></tr><tr><th style="padding:3px 5px;text-align:left;background:#f3f4f6;border-bottom:1px solid #d1d5db;width:30%;font-size:11px;font-weight:600;color:#1f2937;">Setor</th><td style="padding:3px 5px;border-bottom:1px solid #e5e7eb;font-size:11px;color:#111827;">JT21000NH0050</td></tr><tr><th style="padding:3px 5px;text-align:left;background:#f3f4f6;border-bottom:1px solid #d1d5db;width:30%;font-size:11px;font-weight:600;color:#1f2937;">Tipo de Serviço</th><td style="padding:3px 5px;border-bottom:1px solid #e5e7eb;font-size:11px;color:#111827;">Limpeza em áreas de difícil acesso</td></tr><tr><th style="padding:3px 5px;text-align:left;background:#f3f4f6;border-bottom:1px solid #d1d5db;width:30%;font-size:11px;font-weight:600;color:#1f2937;">Nome</th><td style="padding:3px 5px;border-bottom:1px solid #e5e7eb;font-size:11px;color:#111827;">CLOVIS SALGADO</td></tr><tr><th style="padding:3px 5px;text-align:left;background:#f3f4f6;border-bottom:1px solid #d1d5db;width:30%;font-size:11px;font-weight:600;color:#1f2937;">Logradouro</th><td style="padding:3px 5px;border-bottom:1px solid #e5e7eb;font-size:11px;color:#111827;">R Eng Antonio de Toledo</td></tr><tr><th style="padding:3px 5px;text-align:left;background:#f3f4f6;border-bottom:1px solid #d1d5db;width:30%;font-size:11px;font-weight:600;color:#1f2937;">Subprefeitura</th><td style="padding:3px 5px;border-bottom:1px solid #e5e7eb;font-size:11px;color:#111827;">Jaçanã / Tucuruvi</td></tr><tr><th style="padding:3px 5px;text-align:left;background:#f3f4f6;border-bottom:1px solid #d1d5db;width:30%;font-size:11px;font-weight:600;color:#1f2937;">Turno</th><td style="padding:3px 5px;border-bottom:1px solid #e5e7eb;font-size:11px;color:#111827;">Vespertino</td></tr><tr><th style="padding:3px 5px;text-align:left;background:#f3f4f6;border-bottom:1px solid #d1d5db;width:30%;font-size:11px;font-weight:600;color:#1f2937;">Frequência</th><td style="padding:3px 5px;border-bottom:1px solid #e5e7eb;font-size:11px;color:#111827;">Bimestral</td></tr><tr><th style="padding:3px 5px;text-align:left;background:#f3f4f6;border-bottom:1px solid #d1d5db;width:30%;font-size:11px;font-weight:600;color:#1f2937;">Cronograma</th><td style="padding:3px 5px;border-bottom:1px solid #e5e7eb;font-size:11px;color:#111827;">23/03/2026<br>25/05/2026<br>27/07/2026<br>29/09/2026<br>25/11/2026<br>26/01/2027</td></tr></table>]]></description><Polygon><outerBoundaryIs><LinearRing><coordinates>-46.5911300,-23.4194600,0 -46.5913400,-23.4195900,0 -46.5915100,-23.4196200,0 -46.5916800,-23.4195900,0 -46.5917600,-23.4195500,0 -46.5918300,-23.4195100,0 -46.5919300,-23.4193900,0 -46.5920500,-23.4191700,0 -46.5920700,-23.4190900,0 -46.5921700,-23.4189800,0 -46.5922600,-23.4188400,0 -46.5922900,-23.4186900,0 -46.5922600,-23.4185400,0 -46.5922100,-23.4184500,0 -46.5920800,-23.4182600,0 -46.5919700,-23.4181400,0 -46.5919000,-23.4181000,0 -46.5917300,-23.4180500,0 -46.5914800,-23.4180800,0 -46.5908800,-23.4184100,0 -46.5907000,-23.4185800,0 -46.5906500,-23.4187300,0 -46.5906500,-23.4188900,0 -46.5906800,-23.4189600,0 -46.5907800,-23.4191300,0 -46.5910000,-23.4193200,0 -46.5911300,-23.4194600,0</coordinates></LinearRing></outerBoundaryIs></Polygon></Placemark>
<Style id="s-NH-92">
<LineStyle><color>ff82004b</color><width>2.0</width></LineStyle>
<PolyStyle><color>ff82004b</color></PolyStyle>
<IconStyle><color>ff82004b</color><scale>0.55</scale>
<Icon><href>http://maps.google.com/mapfiles/kml/shapes/placemark_circle.png</href></Icon>
</IconStyle>
<LabelStyle><scale>0.65</scale></LabelStyle>
</Style><Placemark><name>ESTRADA DAS TRES CRUZES</name><styleUrl>#s-NH-92</styleUrl><description><![CDATA[<table style="border-collapse:collapse;width:100%;font-family:'Helvetica Neue',Helvetica,Arial,sans-serif;font-size:11px;border:1px solid #e5e7eb;border-radius:8px;overflow:hidden;"><tr><th colspan="2" style="padding:5px 8px;background:#1f6feb;color:#fff;text-align:left;font-size:12px;font-weight:600;">ESTRADA DAS TRES CRUZES</th></tr><tr><th style="padding:3px 5px;text-align:left;background:#f3f4f6;border-bottom:1px solid #d1d5db;width:30%;font-size:11px;font-weight:600;color:#1f2937;">Serviço</th><td style="padding:3px 5px;border-bottom:1px solid #e5e7eb;font-size:11px;color:#111827;">Núcleos Habitacionais (NH)</td></tr><tr><th style="padding:3px 5px;text-align:left;background:#f3f4f6;border-bottom:1px solid #d1d5db;width:30%;font-size:11px;font-weight:600;color:#1f2937;">Setor</th><td style="padding:3px 5px;border-bottom:1px solid #e5e7eb;font-size:11px;color:#111827;">JT21000NH0051</td></tr><tr><th style="padding:3px 5px;text-align:left;background:#f3f4f6;border-bottom:1px solid #d1d5db;width:30%;font-size:11px;font-weight:600;color:#1f2937;">Tipo de Serviço</th><td style="padding:3px 5px;border-bottom:1px solid #e5e7eb;font-size:11px;color:#111827;">Limpeza em áreas de difícil acesso</td></tr><tr><th style="padding:3px 5px;text-align:left;background:#f3f4f6;border-bottom:1px solid #d1d5db;width:30%;font-size:11px;font-weight:600;color:#1f2937;">Nome</th><td style="padding:3px 5px;border-bottom:1px solid #e5e7eb;font-size:11px;color:#111827;">ESTRADA DAS TRES CRUZES</td></tr><tr><th style="padding:3px 5px;text-align:left;background:#f3f4f6;border-bottom:1px solid #d1d5db;width:30%;font-size:11px;font-weight:600;color:#1f2937;">Logradouro</th><td style="padding:3px 5px;border-bottom:1px solid #e5e7eb;font-size:11px;color:#111827;">Est Tres Cruzes</td></tr><tr><th style="padding:3px 5px;text-align:left;background:#f3f4f6;border-bottom:1px solid #d1d5db;width:30%;font-size:11px;font-weight:600;color:#1f2937;">Subprefeitura</th><td style="padding:3px 5px;border-bottom:1px solid #e5e7eb;font-size:11px;color:#111827;">Jaçanã / Tucuruvi</td></tr><tr><th style="padding:3px 5px;text-align:left;background:#f3f4f6;border-bottom:1px solid #d1d5db;width:30%;font-size:11px;font-weight:600;color:#1f2937;">Turno</th><td style="padding:3px 5px;border-bottom:1px solid #e5e7eb;font-size:11px;color:#111827;">Vespertino</td></tr><tr><th style="padding:3px 5px;text-align:left;background:#f3f4f6;border-bottom:1px solid #d1d5db;width:30%;font-size:11px;font-weight:600;color:#1f2937;">Frequência</th><td style="padding:3px 5px;border-bottom:1px solid #e5e7eb;font-size:11px;color:#111827;">Bimestral</td></tr><tr><th style="padding:3px 5px;text-align:left;background:#f3f4f6;border-bottom:1px solid #d1d5db;width:30%;font-size:11px;font-weight:600;color:#1f2937;">Cronograma</th><td style="padding:3px 5px;border-bottom:1px solid #e5e7eb;font-size:11px;color:#111827;">23/03/2026<br>25/05/2026<br>27/07/2026<br>29/09/2026<br>25/11/2026<br>26/01/2027</td></tr></table>]]></description><Polygon><outerBoundaryIs><LinearRing><coordinates>-46.5668100,-23.4308700,0 -46.5672500,-23.4315800,0 -46.5675200,-23.4318600,0 -46.5676600,-23.4319500,0 -46.5678200,-23.4320000,0 -46.5679100,-23.4320000,0 -46.5679900,-23.4319900,0 -46.5681500,-23.4319300,0 -46.5682800,-23.4318100,0 -46.5683800,-23.4316600,0 -46.5684300,-23.4315100,0 -46.5684000,-23.4313200,0 -46.5683100,-23.4311800,0 -46.5681900,-23.4310800,0 -46.5679500,-23.4307000,0 -46.5679900,-23.4303800,0 -46.5679400,-23.4300400,0 -46.5676100,-23.4291600,0 -46.5671800,-23.4283100,0 -46.5670600,-23.4282000,0 -46.5669800,-23.4281600,0 -46.5668200,-23.4281100,0 -46.5667400,-23.4281100,0 -46.5665300,-23.4281600,0 -46.5661600,-23.4283500,0 -46.5660100,-23.4285400,0 -46.5659800,-23.4287700,0 -46.5660000,-23.4288500,0 -46.5661100,-23.4290100,0 -46.5665000,-23.4294000,0 -46.5666300,-23.4295600,0 -46.5666600,-23.4296900,0 -46.5667500,-23.4305000,0 -46.5667500,-23.4307200,0 -46.5668100,-23.4308700,0</coordinates></LinearRing></outerBoundaryIs></Polygon></Placemark>
<Style id="s-NH-93">
<LineStyle><color>ffebce87</color><width>2.0</width></LineStyle>
<PolyStyle><color>ffebce87</color></PolyStyle>
<IconStyle><color>ffebce87</color><scale>0.55</scale>
<Icon><href>http://maps.google.com/mapfiles/kml/shapes/placemark_circle.png</href></Icon>
</IconStyle>
<LabelStyle><scale>0.65</scale></LabelStyle>
</Style><Placemark><name>MARCONI CURUÇA</name><styleUrl>#s-NH-93</styleUrl><description><![CDATA[<table style="border-collapse:collapse;width:100%;font-family:'Helvetica Neue',Helvetica,Arial,sans-serif;font-size:11px;border:1px solid #e5e7eb;border-radius:8px;overflow:hidden;"><tr><th colspan="2" style="padding:5px 8px;background:#1f6feb;color:#fff;text-align:left;font-size:12px;font-weight:600;">MARCONI CURUÇA</th></tr><tr><th style="padding:3px 5px;text-align:left;background:#f3f4f6;border-bottom:1px solid #d1d5db;width:30%;font-size:11px;font-weight:600;color:#1f2937;">Serviço</th><td style="padding:3px 5px;border-bottom:1px solid #e5e7eb;font-size:11px;color:#111827;">Núcleos Habitacionais (NH)</td></tr><tr><th style="padding:3px 5px;text-align:left;background:#f3f4f6;border-bottom:1px solid #d1d5db;width:30%;font-size:11px;font-weight:600;color:#1f2937;">Setor</th><td style="padding:3px 5px;border-bottom:1px solid #e5e7eb;font-size:11px;color:#111827;">MG21000NH0001</td></tr><tr><th style="padding:3px 5px;text-align:left;background:#f3f4f6;border-bottom:1px solid #d1d5db;width:30%;font-size:11px;font-weight:600;color:#1f2937;">Tipo de Serviço</th><td style="padding:3px 5px;border-bottom:1px solid #e5e7eb;font-size:11px;color:#111827;">Limpeza em áreas de difícil acesso</td></tr><tr><th style="padding:3px 5px;text-align:left;background:#f3f4f6;border-bottom:1px solid #d1d5db;width:30%;font-size:11px;font-weight:600;color:#1f2937;">Nome</th><td style="padding:3px 5px;border-bottom:1px solid #e5e7eb;font-size:11px;color:#111827;">MARCONI CURUÇA</td></tr><tr><th style="padding:3px 5px;text-align:left;background:#f3f4f6;border-bottom:1px solid #d1d5db;width:30%;font-size:11px;font-weight:600;color:#1f2937;">Logradouro</th><td style="padding:3px 5px;border-bottom:1px solid #e5e7eb;font-size:11px;color:#111827;">R Galileu Gaia</td></tr><tr><th style="padding:3px 5px;text-align:left;background:#f3f4f6;border-bottom:1px solid #d1d5db;width:30%;font-size:11px;font-weight:600;color:#1f2937;">Subprefeitura</th><td style="padding:3px 5px;border-bottom:1px solid #e5e7eb;font-size:11px;color:#111827;">Vila Maria / Vila Guilherme</td></tr><tr><th style="padding:3px 5px;text-align:left;background:#f3f4f6;border-bottom:1px solid #d1d5db;width:30%;font-size:11px;font-weight:600;color:#1f2937;">Turno</th><td style="padding:3px 5px;border-bottom:1px solid #e5e7eb;font-size:11px;color:#111827;">Vespertino</td></tr><tr><th style="padding:3px 5px;text-align:left;background:#f3f4f6;border-bottom:1px solid #d1d5db;width:30%;font-size:11px;font-weight:600;color:#1f2937;">Frequência</th><td style="padding:3px 5px;border-bottom:1px solid #e5e7eb;font-size:11px;color:#111827;">Bimestral</td></tr><tr><th style="padding:3px 5px;text-align:left;background:#f3f4f6;border-bottom:1px solid #d1d5db;width:30%;font-size:11px;font-weight:600;color:#1f2937;">Cronograma</th><td style="padding:3px 5px;border-bottom:1px solid #e5e7eb;font-size:11px;color:#111827;">04/05/2026<br>06/07/2026<br>08/09/2026<br>03/11/2026<br>04/01/2027<br>01/03/2027</td></tr></table>]]></description><Polygon><outerBoundaryIs><LinearRing><coordinates>-46.5800000,-23.5193900,0 -46.5784000,-23.5206000,0 -46.5782900,-23.5207100,0 -46.5782300,-23.5208600,0 -46.5782300,-23.5210200,0 -46.5782500,-23.5210900,0 -46.5783400,-23.5212400,0 -46.5791300,-23.5220800,0 -46.5792600,-23.5221800,0 -46.5794200,-23.5222300,0 -46.5795100,-23.5222400,0 -46.5796800,-23.5222100,0 -46.5798200,-23.5221300,0 -46.5799500,-23.5219800,0 -46.5802300,-23.5214400,0 -46.5811400,-23.5206900,0 -46.5812300,-23.5206000,0 -46.5813100,-23.5204300,0 -46.5813100,-23.5202500,0 -46.5812600,-23.5201100,0 -46.5806400,-23.5194000,0 -46.5804900,-23.5193200,0 -46.5803200,-23.5192900,0 -46.5801500,-23.5193200,0 -46.5800000,-23.5193900,0</coordinates></LinearRing></outerBoundaryIs></Polygon></Placemark>
<Style id="s-NH-94">
<LineStyle><color>ffebce87</color><width>2.0</width></LineStyle>
<PolyStyle><color>ffebce87</color></PolyStyle>
<IconStyle><color>ffebce87</color><scale>0.55</scale>
<Icon><href>http://maps.google.com/mapfiles/kml/shapes/placemark_circle.png</href></Icon>
</IconStyle>
<LabelStyle><scale>0.65</scale></LabelStyle>
</Style><Placemark><name>CIDADE NOVA</name><styleUrl>#s-NH-94</styleUrl><description><![CDATA[<table style="border-collapse:collapse;width:100%;font-family:'Helvetica Neue',Helvetica,Arial,sans-serif;font-size:11px;border:1px solid #e5e7eb;border-radius:8px;overflow:hidden;"><tr><th colspan="2" style="padding:5px 8px;background:#1f6feb;color:#fff;text-align:left;font-size:12px;font-weight:600;">CIDADE NOVA</th></tr><tr><th style="padding:3px 5px;text-align:left;background:#f3f4f6;border-bottom:1px solid #d1d5db;width:30%;font-size:11px;font-weight:600;color:#1f2937;">Serviço</th><td style="padding:3px 5px;border-bottom:1px solid #e5e7eb;font-size:11px;color:#111827;">Núcleos Habitacionais (NH)</td></tr><tr><th style="padding:3px 5px;text-align:left;background:#f3f4f6;border-bottom:1px solid #d1d5db;width:30%;font-size:11px;font-weight:600;color:#1f2937;">Setor</th><td style="padding:3px 5px;border-bottom:1px solid #e5e7eb;font-size:11px;color:#111827;">MG21000NH0002</td></tr><tr><th style="padding:3px 5px;text-align:left;background:#f3f4f6;border-bottom:1px solid #d1d5db;width:30%;font-size:11px;font-weight:600;color:#1f2937;">Tipo de Serviço</th><td style="padding:3px 5px;border-bottom:1px solid #e5e7eb;font-size:11px;color:#111827;">Limpeza em áreas de difícil acesso</td></tr><tr><th style="padding:3px 5px;text-align:left;background:#f3f4f6;border-bottom:1px solid #d1d5db;width:30%;font-size:11px;font-weight:600;color:#1f2937;">Nome</th><td style="padding:3px 5px;border-bottom:1px solid #e5e7eb;font-size:11px;color:#111827;">CIDADE NOVA</td></tr><tr><th style="padding:3px 5px;text-align:left;background:#f3f4f6;border-bottom:1px solid #d1d5db;width:30%;font-size:11px;font-weight:600;color:#1f2937;">Logradouro</th><td style="padding:3px 5px;border-bottom:1px solid #e5e7eb;font-size:11px;color:#111827;">R Filipe Camarao</td></tr><tr><th style="padding:3px 5px;text-align:left;background:#f3f4f6;border-bottom:1px solid #d1d5db;width:30%;font-size:11px;font-weight:600;color:#1f2937;">Subprefeitura</th><td style="padding:3px 5px;border-bottom:1px solid #e5e7eb;font-size:11px;color:#111827;">Vila Maria / Vila Guilherme</td></tr><tr><th style="padding:3px 5px;text-align:left;background:#f3f4f6;border-bottom:1px solid #d1d5db;width:30%;font-size:11px;font-weight:600;color:#1f2937;">Turno</th><td style="padding:3px 5px;border-bottom:1px solid #e5e7eb;font-size:11px;color:#111827;">Vespertino</td></tr><tr><th style="padding:3px 5px;text-align:left;background:#f3f4f6;border-bottom:1px solid #d1d5db;width:30%;font-size:11px;font-weight:600;color:#1f2937;">Frequência</th><td style="padding:3px 5px;border-bottom:1px solid #e5e7eb;font-size:11px;color:#111827;">Bimestral</td></tr><tr><th style="padding:3px 5px;text-align:left;background:#f3f4f6;border-bottom:1px solid #d1d5db;width:30%;font-size:11px;font-weight:600;color:#1f2937;">Cronograma</th><td style="padding:3px 5px;border-bottom:1px solid #e5e7eb;font-size:11px;color:#111827;">05/05/2026<br>07/07/2026<br>09/09/2026<br>04/11/2026<br>05/01/2027<br>02/03/2027</td></tr></table>]]></description><Polygon><outerBoundaryIs><LinearRing><coordinates>-46.5761800,-23.5213200,0 -46.5765100,-23.5210300,0 -46.5765900,-23.5208900,0 -46.5766100,-23.5207600,0 -46.5765500,-23.5201900,0 -46.5764800,-23.5187600,0 -46.5763200,-23.5182400,0 -46.5762400,-23.5181000,0 -46.5761200,-23.5179900,0 -46.5760400,-23.5179500,0 -46.5757900,-23.5179200,0 -46.5755100,-23.5179900,0 -46.5753600,-23.5180600,0 -46.5752400,-23.5181800,0 -46.5751700,-23.5183500,0 -46.5747400,-23.5183100,0 -46.5746600,-23.5183200,0 -46.5745000,-23.5183800,0 -46.5740100,-23.5188200,0 -46.5737600,-23.5191400,0 -46.5736800,-23.5192800,0 -46.5735900,-23.5197400,0 -46.5736400,-23.5203500,0 -46.5738100,-23.5208800,0 -46.5739100,-23.5210800,0 -46.5740800,-23.5213300,0 -46.5742900,-23.5214600,0 -46.5743800,-23.5214800,0 -46.5745500,-23.5214800,0 -46.5747800,-23.5213800,0 -46.5759000,-23.5214400,0 -46.5760600,-23.5214000,0 -46.5761800,-23.5213200,0</coordinates></LinearRing></outerBoundaryIs></Polygon></Placemark>
<Style id="s-NH-95">
<LineStyle><color>ffebce87</color><width>2.0</width></LineStyle>
<PolyStyle><color>ffebce87</color></PolyStyle>
<IconStyle><color>ffebce87</color><scale>0.55</scale>
<Icon><href>http://maps.google.com/mapfiles/kml/shapes/placemark_circle.png</href></Icon>
</IconStyle>
<LabelStyle><scale>0.65</scale></LabelStyle>
</Style><Placemark><name>CHÁCARA BELA VISTA</name><styleUrl>#s-NH-95</styleUrl><description><![CDATA[<table style="border-collapse:collapse;width:100%;font-family:'Helvetica Neue',Helvetica,Arial,sans-serif;font-size:11px;border:1px solid #e5e7eb;border-radius:8px;overflow:hidden;"><tr><th colspan="2" style="padding:5px 8px;background:#1f6feb;color:#fff;text-align:left;font-size:12px;font-weight:600;">CHÁCARA BELA VISTA</th></tr><tr><th style="padding:3px 5px;text-align:left;background:#f3f4f6;border-bottom:1px solid #d1d5db;width:30%;font-size:11px;font-weight:600;color:#1f2937;">Serviço</th><td style="padding:3px 5px;border-bottom:1px solid #e5e7eb;font-size:11px;color:#111827;">Núcleos Habitacionais (NH)</td></tr><tr><th style="padding:3px 5px;text-align:left;background:#f3f4f6;border-bottom:1px solid #d1d5db;width:30%;font-size:11px;font-weight:600;color:#1f2937;">Setor</th><td style="padding:3px 5px;border-bottom:1px solid #e5e7eb;font-size:11px;color:#111827;">MG21000NH0003</td></tr><tr><th style="padding:3px 5px;text-align:left;background:#f3f4f6;border-bottom:1px solid #d1d5db;width:30%;font-size:11px;font-weight:600;color:#1f2937;">Tipo de Serviço</th><td style="padding:3px 5px;border-bottom:1px solid #e5e7eb;font-size:11px;color:#111827;">Limpeza em áreas de difícil acesso</td></tr><tr><th style="padding:3px 5px;text-align:left;background:#f3f4f6;border-bottom:1px solid #d1d5db;width:30%;font-size:11px;font-weight:600;color:#1f2937;">Nome</th><td style="padding:3px 5px;border-bottom:1px solid #e5e7eb;font-size:11px;color:#111827;">CHÁCARA BELA VISTA</td></tr><tr><th style="padding:3px 5px;text-align:left;background:#f3f4f6;border-bottom:1px solid #d1d5db;width:30%;font-size:11px;font-weight:600;color:#1f2937;">Logradouro</th><td style="padding:3px 5px;border-bottom:1px solid #e5e7eb;font-size:11px;color:#111827;">R Paulo Lorenzani</td></tr><tr><th style="padding:3px 5px;text-align:left;background:#f3f4f6;border-bottom:1px solid #d1d5db;width:30%;font-size:11px;font-weight:600;color:#1f2937;">Subprefeitura</th><td style="padding:3px 5px;border-bottom:1px solid #e5e7eb;font-size:11px;color:#111827;">Vila Maria / Vila Guilherme</td></tr><tr><th style="padding:3px 5px;text-align:left;background:#f3f4f6;border-bottom:1px solid #d1d5db;width:30%;font-size:11px;font-weight:600;color:#1f2937;">Turno</th><td style="padding:3px 5px;border-bottom:1px solid #e5e7eb;font-size:11px;color:#111827;">Vespertino</td></tr><tr><th style="padding:3px 5px;text-align:left;background:#f3f4f6;border-bottom:1px solid #d1d5db;width:30%;font-size:11px;font-weight:600;color:#1f2937;">Frequência</th><td style="padding:3px 5px;border-bottom:1px solid #e5e7eb;font-size:11px;color:#111827;">Bimestral</td></tr><tr><th style="padding:3px 5px;text-align:left;background:#f3f4f6;border-bottom:1px solid #d1d5db;width:30%;font-size:11px;font-weight:600;color:#1f2937;">Cronograma</th><td style="padding:3px 5px;border-bottom:1px solid #e5e7eb;font-size:11px;color:#111827;">06/05/2026<br>08/07/2026<br>10/09/2026<br>05/11/2026<br>06/01/2027<br>03/03/2027</td></tr></table>]]></description><Polygon><outerBoundaryIs><LinearRing><coordinates>-46.5597700,-23.5176500,0 -46.5597500,-23.5175800,0 -46.5596600,-23.5174400,0 -46.5595300,-23.5173500,0 -46.5594000,-23.5173100,0 -46.5595000,-23.5171800,0 -46.5595800,-23.5168400,0 -46.5595500,-23.5166900,0 -46.5595100,-23.5166200,0 -46.5594600,-23.5165500,0 -46.5593300,-23.5164500,0 -46.5591200,-23.5163800,0 -46.5589600,-23.5163600,0 -46.5574400,-23.5160200,0 -46.5572700,-23.5160300,0 -46.5571900,-23.5160600,0 -46.5570500,-23.5161500,0 -46.5569600,-23.5162800,0 -46.5568900,-23.5164500,0 -46.5568600,-23.5166000,0 -46.5568900,-23.5167500,0 -46.5569800,-23.5168900,0 -46.5571000,-23.5169900,0 -46.5572300,-23.5170400,0 -46.5577100,-23.5171500,0 -46.5576200,-23.5171600,0 -46.5573600,-23.5172800,0 -46.5572400,-23.5173900,0 -46.5571700,-23.5175300,0 -46.5571500,-23.5176900,0 -46.5572000,-23.5178400,0 -46.5572900,-23.5179700,0 -46.5574300,-23.5180600,0 -46.5592600,-23.5185300,0 -46.5595100,-23.5185300,0 -46.5595900,-23.5185100,0 -46.5597300,-23.5184200,0 -46.5597900,-23.5183600,0 -46.5598600,-23.5182200,0 -46.5599000,-23.5179500,0 -46.5598900,-23.5178800,0 -46.5598700,-23.5178000,0 -46.5597700,-23.5176500,0</coordinates></LinearRing></outerBoundaryIs></Polygon></Placemark>
<Style id="s-NH-96">
<LineStyle><color>ff00d7ff</color><width>2.0</width></LineStyle>
<PolyStyle><color>ff00d7ff</color></PolyStyle>
<IconStyle><color>ff00d7ff</color><scale>0.55</scale>
<Icon><href>http://maps.google.com/mapfiles/kml/shapes/placemark_circle.png</href></Icon>
</IconStyle>
<LabelStyle><scale>0.65</scale></LabelStyle>
</Style><Placemark><name>ARTHUR MAZETTI</name><styleUrl>#s-NH-96</styleUrl><description><![CDATA[<table style="border-collapse:collapse;width:100%;font-family:'Helvetica Neue',Helvetica,Arial,sans-serif;font-size:11px;border:1px solid #e5e7eb;border-radius:8px;overflow:hidden;"><tr><th colspan="2" style="padding:5px 8px;background:#1f6feb;color:#fff;text-align:left;font-size:12px;font-weight:600;">ARTHUR MAZETTI</th></tr><tr><th style="padding:3px 5px;text-align:left;background:#f3f4f6;border-bottom:1px solid #d1d5db;width:30%;font-size:11px;font-weight:600;color:#1f2937;">Serviço</th><td style="padding:3px 5px;border-bottom:1px solid #e5e7eb;font-size:11px;color:#111827;">Núcleos Habitacionais (NH)</td></tr><tr><th style="padding:3px 5px;text-align:left;background:#f3f4f6;border-bottom:1px solid #d1d5db;width:30%;font-size:11px;font-weight:600;color:#1f2937;">Setor</th><td style="padding:3px 5px;border-bottom:1px solid #e5e7eb;font-size:11px;color:#111827;">ST21000NH0001</td></tr><tr><th style="padding:3px 5px;text-align:left;background:#f3f4f6;border-bottom:1px solid #d1d5db;width:30%;font-size:11px;font-weight:600;color:#1f2937;">Tipo de Serviço</th><td style="padding:3px 5px;border-bottom:1px solid #e5e7eb;font-size:11px;color:#111827;">Limpeza em áreas de difícil acesso</td></tr><tr><th style="padding:3px 5px;text-align:left;background:#f3f4f6;border-bottom:1px solid #d1d5db;width:30%;font-size:11px;font-weight:600;color:#1f2937;">Nome</th><td style="padding:3px 5px;border-bottom:1px solid #e5e7eb;font-size:11px;color:#111827;">ARTHUR MAZETTI</td></tr><tr><th style="padding:3px 5px;text-align:left;background:#f3f4f6;border-bottom:1px solid #d1d5db;width:30%;font-size:11px;font-weight:600;color:#1f2937;">Logradouro</th><td style="padding:3px 5px;border-bottom:1px solid #e5e7eb;font-size:11px;color:#111827;">R Pestana</td></tr><tr><th style="padding:3px 5px;text-align:left;background:#f3f4f6;border-bottom:1px solid #d1d5db;width:30%;font-size:11px;font-weight:600;color:#1f2937;">Subprefeitura</th><td style="padding:3px 5px;border-bottom:1px solid #e5e7eb;font-size:11px;color:#111827;">Santana / Tucuruvi</td></tr><tr><th style="padding:3px 5px;text-align:left;background:#f3f4f6;border-bottom:1px solid #d1d5db;width:30%;font-size:11px;font-weight:600;color:#1f2937;">Turno</th><td style="padding:3px 5px;border-bottom:1px solid #e5e7eb;font-size:11px;color:#111827;">Vespertino</td></tr><tr><th style="padding:3px 5px;text-align:left;background:#f3f4f6;border-bottom:1px solid #d1d5db;width:30%;font-size:11px;font-weight:600;color:#1f2937;">Frequência</th><td style="padding:3px 5px;border-bottom:1px solid #e5e7eb;font-size:11px;color:#111827;">Bimestral</td></tr><tr><th style="padding:3px 5px;text-align:left;background:#f3f4f6;border-bottom:1px solid #d1d5db;width:30%;font-size:11px;font-weight:600;color:#1f2937;">Cronograma</th><td style="padding:3px 5px;border-bottom:1px solid #e5e7eb;font-size:11px;color:#111827;">04/05/2026<br>06/07/2026<br>08/09/2026<br>03/11/2026<br>04/01/2027<br>01/03/2027</td></tr></table>]]></description><Polygon><outerBoundaryIs><LinearRing><coordinates>-46.6357100,-23.4817600,0 -46.6359600,-23.4815500,0 -46.6360500,-23.4814100,0 -46.6361200,-23.4812700,0 -46.6361600,-23.4810000,0 -46.6361200,-23.4806900,0 -46.6360600,-23.4805400,0 -46.6359800,-23.4804100,0 -46.6357300,-23.4801900,0 -46.6355800,-23.4801100,0 -46.6352600,-23.4800300,0 -46.6348800,-23.4800100,0 -46.6347000,-23.4800200,0 -46.6345400,-23.4800600,0 -46.6343700,-23.4801300,0 -46.6341400,-23.4802800,0 -46.6340200,-23.4803900,0 -46.6338100,-23.4807000,0 -46.6336900,-23.4809900,0 -46.6336900,-23.4813000,0 -46.6337400,-23.4814600,0 -46.6338100,-23.4816000,0 -46.6339100,-23.4817300,0 -46.6340300,-23.4818400,0 -46.6341700,-23.4819300,0 -46.6343200,-23.4820000,0 -46.6344900,-23.4820400,0 -46.6348200,-23.4820400,0 -46.6353700,-23.4819400,0 -46.6355200,-23.4818800,0 -46.6357100,-23.4817600,0</coordinates></LinearRing></outerBoundaryIs></Polygon></Placemark>
<Style id="s-NH-97">
<LineStyle><color>ff00d7ff</color><width>2.0</width></LineStyle>
<PolyStyle><color>ff00d7ff</color></PolyStyle>
<IconStyle><color>ff00d7ff</color><scale>0.55</scale>
<Icon><href>http://maps.google.com/mapfiles/kml/shapes/placemark_circle.png</href></Icon>
</IconStyle>
<LabelStyle><scale>0.65</scale></LabelStyle>
</Style><Placemark><name>ANÁPOLIS</name><styleUrl>#s-NH-97</styleUrl><description><![CDATA[<table style="border-collapse:collapse;width:100%;font-family:'Helvetica Neue',Helvetica,Arial,sans-serif;font-size:11px;border:1px solid #e5e7eb;border-radius:8px;overflow:hidden;"><tr><th colspan="2" style="padding:5px 8px;background:#1f6feb;color:#fff;text-align:left;font-size:12px;font-weight:600;">ANÁPOLIS</th></tr><tr><th style="padding:3px 5px;text-align:left;background:#f3f4f6;border-bottom:1px solid #d1d5db;width:30%;font-size:11px;font-weight:600;color:#1f2937;">Serviço</th><td style="padding:3px 5px;border-bottom:1px solid #e5e7eb;font-size:11px;color:#111827;">Núcleos Habitacionais (NH)</td></tr><tr><th style="padding:3px 5px;text-align:left;background:#f3f4f6;border-bottom:1px solid #d1d5db;width:30%;font-size:11px;font-weight:600;color:#1f2937;">Setor</th><td style="padding:3px 5px;border-bottom:1px solid #e5e7eb;font-size:11px;color:#111827;">ST21000NH0002</td></tr><tr><th style="padding:3px 5px;text-align:left;background:#f3f4f6;border-bottom:1px solid #d1d5db;width:30%;font-size:11px;font-weight:600;color:#1f2937;">Tipo de Serviço</th><td style="padding:3px 5px;border-bottom:1px solid #e5e7eb;font-size:11px;color:#111827;">Limpeza em áreas de difícil acesso</td></tr><tr><th style="padding:3px 5px;text-align:left;background:#f3f4f6;border-bottom:1px solid #d1d5db;width:30%;font-size:11px;font-weight:600;color:#1f2937;">Nome</th><td style="padding:3px 5px;border-bottom:1px solid #e5e7eb;font-size:11px;color:#111827;">ANÁPOLIS</td></tr><tr><th style="padding:3px 5px;text-align:left;background:#f3f4f6;border-bottom:1px solid #d1d5db;width:30%;font-size:11px;font-weight:600;color:#1f2937;">Logradouro</th><td style="padding:3px 5px;border-bottom:1px solid #e5e7eb;font-size:11px;color:#111827;">R Pe Roser</td></tr><tr><th style="padding:3px 5px;text-align:left;background:#f3f4f6;border-bottom:1px solid #d1d5db;width:30%;font-size:11px;font-weight:600;color:#1f2937;">Subprefeitura</th><td style="padding:3px 5px;border-bottom:1px solid #e5e7eb;font-size:11px;color:#111827;">Santana / Tucuruvi</td></tr><tr><th style="padding:3px 5px;text-align:left;background:#f3f4f6;border-bottom:1px solid #d1d5db;width:30%;font-size:11px;font-weight:600;color:#1f2937;">Turno</th><td style="padding:3px 5px;border-bottom:1px solid #e5e7eb;font-size:11px;color:#111827;">Vespertino</td></tr><tr><th style="padding:3px 5px;text-align:left;background:#f3f4f6;border-bottom:1px solid #d1d5db;width:30%;font-size:11px;font-weight:600;color:#1f2937;">Frequência</th><td style="padding:3px 5px;border-bottom:1px solid #e5e7eb;font-size:11px;color:#111827;">Bimestral</td></tr><tr><th style="padding:3px 5px;text-align:left;background:#f3f4f6;border-bottom:1px solid #d1d5db;width:30%;font-size:11px;font-weight:600;color:#1f2937;">Cronograma</th><td style="padding:3px 5px;border-bottom:1px solid #e5e7eb;font-size:11px;color:#111827;">04/05/2026<br>06/07/2026<br>08/09/2026<br>03/11/2026<br>04/01/2027<br>01/03/2027</td></tr></table>]]></description><Polygon><outerBoundaryIs><LinearRing><coordinates>-46.6300200,-23.4768700,0 -46.6301100,-23.4771600,0 -46.6300400,-23.4773300,0 -46.6300000,-23.4776400,0 -46.6300300,-23.4777900,0 -46.6300900,-23.4779400,0 -46.6301700,-23.4780800,0 -46.6302800,-23.4782000,0 -46.6304100,-23.4783000,0 -46.6306700,-23.4784300,0 -46.6309000,-23.4784800,0 -46.6313400,-23.4785000,0 -46.6316800,-23.4785000,0 -46.6322000,-23.4784400,0 -46.6325100,-23.4783000,0 -46.6326300,-23.4782000,0 -46.6327400,-23.4780800,0 -46.6328800,-23.4777900,0 -46.6329100,-23.4776300,0 -46.6328900,-23.4773900,0 -46.6328500,-23.4772400,0 -46.6327800,-23.4770900,0 -46.6326200,-23.4768900,0 -46.6324600,-23.4767600,0 -46.6322700,-23.4766600,0 -46.6323000,-23.4762100,0 -46.6322400,-23.4759000,0 -46.6321700,-23.4757600,0 -46.6320700,-23.4756300,0 -46.6319500,-23.4755200,0 -46.6318100,-23.4754300,0 -46.6316500,-23.4753700,0 -46.6313100,-23.4753000,0 -46.6309700,-23.4753200,0 -46.6306800,-23.4754300,0 -46.6304300,-23.4755900,0 -46.6302100,-23.4758400,0 -46.6299900,-23.4763300,0 -46.6299600,-23.4764900,0 -46.6299700,-23.4766500,0 -46.6300200,-23.4768700,0</coordinates></LinearRing></outerBoundaryIs></Polygon></Placemark>
<Style id="s-NH-98">
<LineStyle><color>ff00d7ff</color><width>2.0</width></LineStyle>
<PolyStyle><color>ff00d7ff</color></PolyStyle>
<IconStyle><color>ff00d7ff</color><scale>0.55</scale>
<Icon><href>http://maps.google.com/mapfiles/kml/shapes/placemark_circle.png</href></Icon>
</IconStyle>
<LabelStyle><scale>0.65</scale></LabelStyle>
</Style><Placemark><name>DARZAN</name><styleUrl>#s-NH-98</styleUrl><description><![CDATA[<table style="border-collapse:collapse;width:100%;font-family:'Helvetica Neue',Helvetica,Arial,sans-serif;font-size:11px;border:1px solid #e5e7eb;border-radius:8px;overflow:hidden;"><tr><th colspan="2" style="padding:5px 8px;background:#1f6feb;color:#fff;text-align:left;font-size:12px;font-weight:600;">DARZAN</th></tr><tr><th style="padding:3px 5px;text-align:left;background:#f3f4f6;border-bottom:1px solid #d1d5db;width:30%;font-size:11px;font-weight:600;color:#1f2937;">Serviço</th><td style="padding:3px 5px;border-bottom:1px solid #e5e7eb;font-size:11px;color:#111827;">Núcleos Habitacionais (NH)</td></tr><tr><th style="padding:3px 5px;text-align:left;background:#f3f4f6;border-bottom:1px solid #d1d5db;width:30%;font-size:11px;font-weight:600;color:#1f2937;">Setor</th><td style="padding:3px 5px;border-bottom:1px solid #e5e7eb;font-size:11px;color:#111827;">ST21000NH0003</td></tr><tr><th style="padding:3px 5px;text-align:left;background:#f3f4f6;border-bottom:1px solid #d1d5db;width:30%;font-size:11px;font-weight:600;color:#1f2937;">Tipo de Serviço</th><td style="padding:3px 5px;border-bottom:1px solid #e5e7eb;font-size:11px;color:#111827;">Limpeza em áreas de difícil acesso</td></tr><tr><th style="padding:3px 5px;text-align:left;background:#f3f4f6;border-bottom:1px solid #d1d5db;width:30%;font-size:11px;font-weight:600;color:#1f2937;">Nome</th><td style="padding:3px 5px;border-bottom:1px solid #e5e7eb;font-size:11px;color:#111827;">DARZAN</td></tr><tr><th style="padding:3px 5px;text-align:left;background:#f3f4f6;border-bottom:1px solid #d1d5db;width:30%;font-size:11px;font-weight:600;color:#1f2937;">Logradouro</th><td style="padding:3px 5px;border-bottom:1px solid #e5e7eb;font-size:11px;color:#111827;">R Alf Magalhaes</td></tr><tr><th style="padding:3px 5px;text-align:left;background:#f3f4f6;border-bottom:1px solid #d1d5db;width:30%;font-size:11px;font-weight:600;color:#1f2937;">Subprefeitura</th><td style="padding:3px 5px;border-bottom:1px solid #e5e7eb;font-size:11px;color:#111827;">Santana / Tucuruvi</td></tr><tr><th style="padding:3px 5px;text-align:left;background:#f3f4f6;border-bottom:1px solid #d1d5db;width:30%;font-size:11px;font-weight:600;color:#1f2937;">Turno</th><td style="padding:3px 5px;border-bottom:1px solid #e5e7eb;font-size:11px;color:#111827;">Vespertino</td></tr><tr><th style="padding:3px 5px;text-align:left;background:#f3f4f6;border-bottom:1px solid #d1d5db;width:30%;font-size:11px;font-weight:600;color:#1f2937;">Frequência</th><td style="padding:3px 5px;border-bottom:1px solid #e5e7eb;font-size:11px;color:#111827;">Bimestral</td></tr><tr><th style="padding:3px 5px;text-align:left;background:#f3f4f6;border-bottom:1px solid #d1d5db;width:30%;font-size:11px;font-weight:600;color:#1f2937;">Cronograma</th><td style="padding:3px 5px;border-bottom:1px solid #e5e7eb;font-size:11px;color:#111827;">04/05/2026<br>06/07/2026<br>08/09/2026<br>03/11/2026<br>04/01/2027<br>01/03/2027</td></tr></table>]]></description><Polygon><outerBoundaryIs><LinearRing><coordinates>-46.6257200,-23.5056600,0 -46.6259800,-23.5056500,0 -46.6261500,-23.5056100,0 -46.6264400,-23.5054500,0 -46.6265600,-23.5053400,0 -46.6266600,-23.5052100,0 -46.6267800,-23.5049200,0 -46.6268000,-23.5047000,0 -46.6267800,-23.5045100,0 -46.6267400,-23.5043600,0 -46.6266700,-23.5042200,0 -46.6265700,-23.5040900,0 -46.6264500,-23.5039800,0 -46.6263100,-23.5038900,0 -46.6261500,-23.5038200,0 -46.6259900,-23.5037800,0 -46.6257000,-23.5037700,0 -46.6255300,-23.5038000,0 -46.6252200,-23.5039200,0 -46.6249700,-23.5041400,0 -46.6248500,-23.5043000,0 -46.6247500,-23.5046000,0 -46.6247500,-23.5048800,0 -46.6247900,-23.5050300,0 -46.6248500,-23.5051800,0 -46.6249400,-23.5053100,0 -46.6250600,-23.5054300,0 -46.6251900,-23.5055200,0 -46.6255100,-23.5056400,0 -46.6257200,-23.5056600,0</coordinates></LinearRing></outerBoundaryIs></Polygon></Placemark>
<Style id="s-NH-99">
<LineStyle><color>ff00d7ff</color><width>2.0</width></LineStyle>
<PolyStyle><color>ff00d7ff</color></PolyStyle>
<IconStyle><color>ff00d7ff</color><scale>0.55</scale>
<Icon><href>http://maps.google.com/mapfiles/kml/shapes/placemark_circle.png</href></Icon>
</IconStyle>
<LabelStyle><scale>0.65</scale></LabelStyle>
</Style><Placemark><name>ZAKI NARCHI</name><styleUrl>#s-NH-99</styleUrl><description><![CDATA[<table style="border-collapse:collapse;width:100%;font-family:'Helvetica Neue',Helvetica,Arial,sans-serif;font-size:11px;border:1px solid #e5e7eb;border-radius:8px;overflow:hidden;"><tr><th colspan="2" style="padding:5px 8px;background:#1f6feb;color:#fff;text-align:left;font-size:12px;font-weight:600;">ZAKI NARCHI</th></tr><tr><th style="padding:3px 5px;text-align:left;background:#f3f4f6;border-bottom:1px solid #d1d5db;width:30%;font-size:11px;font-weight:600;color:#1f2937;">Serviço</th><td style="padding:3px 5px;border-bottom:1px solid #e5e7eb;font-size:11px;color:#111827;">Núcleos Habitacionais (NH)</td></tr><tr><th style="padding:3px 5px;text-align:left;background:#f3f4f6;border-bottom:1px solid #d1d5db;width:30%;font-size:11px;font-weight:600;color:#1f2937;">Setor</th><td style="padding:3px 5px;border-bottom:1px solid #e5e7eb;font-size:11px;color:#111827;">ST21000NH0004</td></tr><tr><th style="padding:3px 5px;text-align:left;background:#f3f4f6;border-bottom:1px solid #d1d5db;width:30%;font-size:11px;font-weight:600;color:#1f2937;">Tipo de Serviço</th><td style="padding:3px 5px;border-bottom:1px solid #e5e7eb;font-size:11px;color:#111827;">Limpeza em áreas de difícil acesso</td></tr><tr><th style="padding:3px 5px;text-align:left;background:#f3f4f6;border-bottom:1px solid #d1d5db;width:30%;font-size:11px;font-weight:600;color:#1f2937;">Nome</th><td style="padding:3px 5px;border-bottom:1px solid #e5e7eb;font-size:11px;color:#111827;">ZAKI NARCHI</td></tr><tr><th style="padding:3px 5px;text-align:left;background:#f3f4f6;border-bottom:1px solid #d1d5db;width:30%;font-size:11px;font-weight:600;color:#1f2937;">Logradouro</th><td style="padding:3px 5px;border-bottom:1px solid #e5e7eb;font-size:11px;color:#111827;">R Antonio dos Santos Neto</td></tr><tr><th style="padding:3px 5px;text-align:left;background:#f3f4f6;border-bottom:1px solid #d1d5db;width:30%;font-size:11px;font-weight:600;color:#1f2937;">Subprefeitura</th><td style="padding:3px 5px;border-bottom:1px solid #e5e7eb;font-size:11px;color:#111827;">Santana / Tucuruvi</td></tr><tr><th style="padding:3px 5px;text-align:left;background:#f3f4f6;border-bottom:1px solid #d1d5db;width:30%;font-size:11px;font-weight:600;color:#1f2937;">Turno</th><td style="padding:3px 5px;border-bottom:1px solid #e5e7eb;font-size:11px;color:#111827;">Vespertino</td></tr><tr><th style="padding:3px 5px;text-align:left;background:#f3f4f6;border-bottom:1px solid #d1d5db;width:30%;font-size:11px;font-weight:600;color:#1f2937;">Frequência</th><td style="padding:3px 5px;border-bottom:1px solid #e5e7eb;font-size:11px;color:#111827;">Bimestral</td></tr><tr><th style="padding:3px 5px;text-align:left;background:#f3f4f6;border-bottom:1px solid #d1d5db;width:30%;font-size:11px;font-weight:600;color:#1f2937;">Cronograma</th><td style="padding:3px 5px;border-bottom:1px solid #e5e7eb;font-size:11px;color:#111827;">04/05/2026<br>06/07/2026<br>08/09/2026<br>03/11/2026<br>04/01/2027<br>01/03/2027</td></tr></table>]]></description><Polygon><outerBoundaryIs><LinearRing><coordinates>-46.6210200,-23.5088500,0 -46.6208500,-23.5088600,0 -46.6206800,-23.5089000,0 -46.6205300,-23.5089600,0 -46.6203800,-23.5090500,0 -46.6202600,-23.5091500,0 -46.6200800,-23.5094200,0 -46.6200400,-23.5095700,0 -46.6200200,-23.5097300,0 -46.6200300,-23.5100600,0 -46.6200700,-23.5102100,0 -46.6202400,-23.5104800,0 -46.6203600,-23.5105900,0 -46.6205000,-23.5106800,0 -46.6206600,-23.5107500,0 -46.6209700,-23.5108100,0 -46.6212900,-23.5108000,0 -46.6214600,-23.5107700,0 -46.6217600,-23.5106200,0 -46.6219900,-23.5103800,0 -46.6220600,-23.5102500,0 -46.6221100,-23.5100900,0 -46.6221400,-23.5098100,0 -46.6221300,-23.5095900,0 -46.6220100,-23.5093000,0 -46.6219100,-23.5091700,0 -46.6217900,-23.5090600,0 -46.6215000,-23.5089000,0 -46.6213300,-23.5088600,0 -46.6210200,-23.5088500,0</coordinates></LinearRing></outerBoundaryIs></Polygon></Placemark>
<Style id="s-NH-100">
<LineStyle><color>ff00d7ff</color><width>2.0</width></LineStyle>
<PolyStyle><color>ff00d7ff</color></PolyStyle>
<IconStyle><color>ff00d7ff</color><scale>0.55</scale>
<Icon><href>http://maps.google.com/mapfiles/kml/shapes/placemark_circle.png</href></Icon>
</IconStyle>
<LabelStyle><scale>0.65</scale></LabelStyle>
</Style><Placemark><name>DEBIEUX</name><styleUrl>#s-NH-100</styleUrl><description><![CDATA[<table style="border-collapse:collapse;width:100%;font-family:'Helvetica Neue',Helvetica,Arial,sans-serif;font-size:11px;border:1px solid #e5e7eb;border-radius:8px;overflow:hidden;"><tr><th colspan="2" style="padding:5px 8px;background:#1f6feb;color:#fff;text-align:left;font-size:12px;font-weight:600;">DEBIEUX</th></tr><tr><th style="padding:3px 5px;text-align:left;background:#f3f4f6;border-bottom:1px solid #d1d5db;width:30%;font-size:11px;font-weight:600;color:#1f2937;">Serviço</th><td style="padding:3px 5px;border-bottom:1px solid #e5e7eb;font-size:11px;color:#111827;">Núcleos Habitacionais (NH)</td></tr><tr><th style="padding:3px 5px;text-align:left;background:#f3f4f6;border-bottom:1px solid #d1d5db;width:30%;font-size:11px;font-weight:600;color:#1f2937;">Setor</th><td style="padding:3px 5px;border-bottom:1px solid #e5e7eb;font-size:11px;color:#111827;">ST21000NH0005</td></tr><tr><th style="padding:3px 5px;text-align:left;background:#f3f4f6;border-bottom:1px solid #d1d5db;width:30%;font-size:11px;font-weight:600;color:#1f2937;">Tipo de Serviço</th><td style="padding:3px 5px;border-bottom:1px solid #e5e7eb;font-size:11px;color:#111827;">Limpeza em áreas de difícil acesso</td></tr><tr><th style="padding:3px 5px;text-align:left;background:#f3f4f6;border-bottom:1px solid #d1d5db;width:30%;font-size:11px;font-weight:600;color:#1f2937;">Nome</th><td style="padding:3px 5px;border-bottom:1px solid #e5e7eb;font-size:11px;color:#111827;">DEBIEUX</td></tr><tr><th style="padding:3px 5px;text-align:left;background:#f3f4f6;border-bottom:1px solid #d1d5db;width:30%;font-size:11px;font-weight:600;color:#1f2937;">Logradouro</th><td style="padding:3px 5px;border-bottom:1px solid #e5e7eb;font-size:11px;color:#111827;">R Nunes Garcia</td></tr><tr><th style="padding:3px 5px;text-align:left;background:#f3f4f6;border-bottom:1px solid #d1d5db;width:30%;font-size:11px;font-weight:600;color:#1f2937;">Subprefeitura</th><td style="padding:3px 5px;border-bottom:1px solid #e5e7eb;font-size:11px;color:#111827;">Santana / Tucuruvi</td></tr><tr><th style="padding:3px 5px;text-align:left;background:#f3f4f6;border-bottom:1px solid #d1d5db;width:30%;font-size:11px;font-weight:600;color:#1f2937;">Turno</th><td style="padding:3px 5px;border-bottom:1px solid #e5e7eb;font-size:11px;color:#111827;">Vespertino</td></tr><tr><th style="padding:3px 5px;text-align:left;background:#f3f4f6;border-bottom:1px solid #d1d5db;width:30%;font-size:11px;font-weight:600;color:#1f2937;">Frequência</th><td style="padding:3px 5px;border-bottom:1px solid #e5e7eb;font-size:11px;color:#111827;">Bimestral</td></tr><tr><th style="padding:3px 5px;text-align:left;background:#f3f4f6;border-bottom:1px solid #d1d5db;width:30%;font-size:11px;font-weight:600;color:#1f2937;">Cronograma</th><td style="padding:3px 5px;border-bottom:1px solid #e5e7eb;font-size:11px;color:#111827;">04/05/2026<br>06/07/2026<br>08/09/2026<br>03/11/2026<br>04/01/2027<br>01/03/2027</td></tr></table>]]></description><Polygon><outerBoundaryIs><LinearRing><coordinates>-46.6238700,-23.4983200,0 -46.6242100,-23.4982800,0 -46.6243600,-23.4982200,0 -46.6245100,-23.4981300,0 -46.6246300,-23.4980300,0 -46.6247700,-23.4979000,0 -46.6249500,-23.4976300,0 -46.6250100,-23.4973200,0 -46.6249900,-23.4966800,0 -46.6249700,-23.4965300,0 -46.6248500,-23.4962300,0 -46.6247500,-23.4961100,0 -46.6246200,-23.4960000,0 -46.6243200,-23.4958500,0 -46.6241600,-23.4958200,0 -46.6235800,-23.4958200,0 -46.6232600,-23.4959300,0 -46.6230000,-23.4961400,0 -46.6229000,-23.4962700,0 -46.6228300,-23.4964100,0 -46.6227900,-23.4965600,0 -46.6227900,-23.4968500,0 -46.6228400,-23.4971100,0 -46.6228700,-23.4975300,0 -46.6229700,-23.4978300,0 -46.6230600,-23.4979600,0 -46.6231800,-23.4980800,0 -46.6233100,-23.4981700,0 -46.6234600,-23.4982500,0 -46.6236200,-23.4983000,0 -46.6238700,-23.4983200,0</coordinates></LinearRing></outerBoundaryIs></Polygon></Placemark>
<Style id="s-NH-101">
<LineStyle><color>ff00d7ff</color><width>2.0</width></LineStyle>
<PolyStyle><color>ff00d7ff</color></PolyStyle>
<IconStyle><color>ff00d7ff</color><scale>0.55</scale>
<Icon><href>http://maps.google.com/mapfiles/kml/shapes/placemark_circle.png</href></Icon>
</IconStyle>
<LabelStyle><scale>0.65</scale></LabelStyle>
</Style><Placemark><name>MATEUS LEME</name><styleUrl>#s-NH-101</styleUrl><description><![CDATA[<table style="border-collapse:collapse;width:100%;font-family:'Helvetica Neue',Helvetica,Arial,sans-serif;font-size:11px;border:1px solid #e5e7eb;border-radius:8px;overflow:hidden;"><tr><th colspan="2" style="padding:5px 8px;background:#1f6feb;color:#fff;text-align:left;font-size:12px;font-weight:600;">MATEUS LEME</th></tr><tr><th style="padding:3px 5px;text-align:left;background:#f3f4f6;border-bottom:1px solid #d1d5db;width:30%;font-size:11px;font-weight:600;color:#1f2937;">Serviço</th><td style="padding:3px 5px;border-bottom:1px solid #e5e7eb;font-size:11px;color:#111827;">Núcleos Habitacionais (NH)</td></tr><tr><th style="padding:3px 5px;text-align:left;background:#f3f4f6;border-bottom:1px solid #d1d5db;width:30%;font-size:11px;font-weight:600;color:#1f2937;">Setor</th><td style="padding:3px 5px;border-bottom:1px solid #e5e7eb;font-size:11px;color:#111827;">ST21000NH0006</td></tr><tr><th style="padding:3px 5px;text-align:left;background:#f3f4f6;border-bottom:1px solid #d1d5db;width:30%;font-size:11px;font-weight:600;color:#1f2937;">Tipo de Serviço</th><td style="padding:3px 5px;border-bottom:1px solid #e5e7eb;font-size:11px;color:#111827;">Limpeza em áreas de difícil acesso</td></tr><tr><th style="padding:3px 5px;text-align:left;background:#f3f4f6;border-bottom:1px solid #d1d5db;width:30%;font-size:11px;font-weight:600;color:#1f2937;">Nome</th><td style="padding:3px 5px;border-bottom:1px solid #e5e7eb;font-size:11px;color:#111827;">MATEUS LEME</td></tr><tr><th style="padding:3px 5px;text-align:left;background:#f3f4f6;border-bottom:1px solid #d1d5db;width:30%;font-size:11px;font-weight:600;color:#1f2937;">Logradouro</th><td style="padding:3px 5px;border-bottom:1px solid #e5e7eb;font-size:11px;color:#111827;">R Voluntarios da Patria</td></tr><tr><th style="padding:3px 5px;text-align:left;background:#f3f4f6;border-bottom:1px solid #d1d5db;width:30%;font-size:11px;font-weight:600;color:#1f2937;">Subprefeitura</th><td style="padding:3px 5px;border-bottom:1px solid #e5e7eb;font-size:11px;color:#111827;">Santana / Tucuruvi</td></tr><tr><th style="padding:3px 5px;text-align:left;background:#f3f4f6;border-bottom:1px solid #d1d5db;width:30%;font-size:11px;font-weight:600;color:#1f2937;">Turno</th><td style="padding:3px 5px;border-bottom:1px solid #e5e7eb;font-size:11px;color:#111827;">Vespertino</td></tr><tr><th style="padding:3px 5px;text-align:left;background:#f3f4f6;border-bottom:1px solid #d1d5db;width:30%;font-size:11px;font-weight:600;color:#1f2937;">Frequência</th><td style="padding:3px 5px;border-bottom:1px solid #e5e7eb;font-size:11px;color:#111827;">Bimestral</td></tr><tr><th style="padding:3px 5px;text-align:left;background:#f3f4f6;border-bottom:1px solid #d1d5db;width:30%;font-size:11px;font-weight:600;color:#1f2937;">Cronograma</th><td style="padding:3px 5px;border-bottom:1px solid #e5e7eb;font-size:11px;color:#111827;">04/05/2026<br>06/07/2026<br>08/09/2026<br>03/11/2026<br>04/01/2027<br>01/03/2027</td></tr></table>]]></description><Polygon><outerBoundaryIs><LinearRing><coordinates>-46.6283100,-23.4859700,0 -46.6286600,-23.4857600,0 -46.6287800,-23.4856500,0 -46.6288700,-23.4855200,0 -46.6289400,-23.4853700,0 -46.6289800,-23.4852200,0 -46.6289800,-23.4849300,0 -46.6288600,-23.4846400,0 -46.6287600,-23.4845100,0 -46.6285500,-23.4843000,0 -46.6284200,-23.4842000,0 -46.6282700,-23.4841200,0 -46.6281100,-23.4840700,0 -46.6278900,-23.4840400,0 -46.6276700,-23.4839600,0 -46.6275000,-23.4839300,0 -46.6273300,-23.4839300,0 -46.6271600,-23.4839600,0 -46.6270000,-23.4840200,0 -46.6267000,-23.4842100,0 -46.6264800,-23.4844600,0 -46.6264100,-23.4846000,0 -46.6263500,-23.4849100,0 -46.6263700,-23.4850600,0 -46.6264200,-23.4852100,0 -46.6264900,-23.4853500,0 -46.6265900,-23.4854800,0 -46.6269500,-23.4858700,0 -46.6272100,-23.4860600,0 -46.6273700,-23.4861300,0 -46.6275400,-23.4861600,0 -46.6278800,-23.4861600,0 -46.6280400,-23.4861200,0 -46.6282000,-23.4860500,0 -46.6283100,-23.4859700,0</coordinates></LinearRing></outerBoundaryIs></Polygon></Placemark>
<Style id="s-NH-102">
<LineStyle><color>ff00d7ff</color><width>2.0</width></LineStyle>
<PolyStyle><color>ff00d7ff</color></PolyStyle>
<IconStyle><color>ff00d7ff</color><scale>0.55</scale>
<Icon><href>http://maps.google.com/mapfiles/kml/shapes/placemark_circle.png</href></Icon>
</IconStyle>
<LabelStyle><scale>0.65</scale></LabelStyle>
</Style><Placemark><name>BASILÉIA II</name><styleUrl>#s-NH-102</styleUrl><description><![CDATA[<table style="border-collapse:collapse;width:100%;font-family:'Helvetica Neue',Helvetica,Arial,sans-serif;font-size:11px;border:1px solid #e5e7eb;border-radius:8px;overflow:hidden;"><tr><th colspan="2" style="padding:5px 8px;background:#1f6feb;color:#fff;text-align:left;font-size:12px;font-weight:600;">BASILÉIA II</th></tr><tr><th style="padding:3px 5px;text-align:left;background:#f3f4f6;border-bottom:1px solid #d1d5db;width:30%;font-size:11px;font-weight:600;color:#1f2937;">Serviço</th><td style="padding:3px 5px;border-bottom:1px solid #e5e7eb;font-size:11px;color:#111827;">Núcleos Habitacionais (NH)</td></tr><tr><th style="padding:3px 5px;text-align:left;background:#f3f4f6;border-bottom:1px solid #d1d5db;width:30%;font-size:11px;font-weight:600;color:#1f2937;">Setor</th><td style="padding:3px 5px;border-bottom:1px solid #e5e7eb;font-size:11px;color:#111827;">ST21000NH0007</td></tr><tr><th style="padding:3px 5px;text-align:left;background:#f3f4f6;border-bottom:1px solid #d1d5db;width:30%;font-size:11px;font-weight:600;color:#1f2937;">Tipo de Serviço</th><td style="padding:3px 5px;border-bottom:1px solid #e5e7eb;font-size:11px;color:#111827;">Limpeza em áreas de difícil acesso</td></tr><tr><th style="padding:3px 5px;text-align:left;background:#f3f4f6;border-bottom:1px solid #d1d5db;width:30%;font-size:11px;font-weight:600;color:#1f2937;">Nome</th><td style="padding:3px 5px;border-bottom:1px solid #e5e7eb;font-size:11px;color:#111827;">BASILÉIA II</td></tr><tr><th style="padding:3px 5px;text-align:left;background:#f3f4f6;border-bottom:1px solid #d1d5db;width:30%;font-size:11px;font-weight:600;color:#1f2937;">Logradouro</th><td style="padding:3px 5px;border-bottom:1px solid #e5e7eb;font-size:11px;color:#111827;">R George Chahestian</td></tr><tr><th style="padding:3px 5px;text-align:left;background:#f3f4f6;border-bottom:1px solid #d1d5db;width:30%;font-size:11px;font-weight:600;color:#1f2937;">Subprefeitura</th><td style="padding:3px 5px;border-bottom:1px solid #e5e7eb;font-size:11px;color:#111827;">Santana / Tucuruvi</td></tr><tr><th style="padding:3px 5px;text-align:left;background:#f3f4f6;border-bottom:1px solid #d1d5db;width:30%;font-size:11px;font-weight:600;color:#1f2937;">Turno</th><td style="padding:3px 5px;border-bottom:1px solid #e5e7eb;font-size:11px;color:#111827;">Vespertino</td></tr><tr><th style="padding:3px 5px;text-align:left;background:#f3f4f6;border-bottom:1px solid #d1d5db;width:30%;font-size:11px;font-weight:600;color:#1f2937;">Frequência</th><td style="padding:3px 5px;border-bottom:1px solid #e5e7eb;font-size:11px;color:#111827;">Bimestral</td></tr><tr><th style="padding:3px 5px;text-align:left;background:#f3f4f6;border-bottom:1px solid #d1d5db;width:30%;font-size:11px;font-weight:600;color:#1f2937;">Cronograma</th><td style="padding:3px 5px;border-bottom:1px solid #e5e7eb;font-size:11px;color:#111827;">05/05/2026<br>07/07/2026<br>09/09/2026<br>04/11/2026<br>05/01/2027<br>02/03/2027</td></tr></table>]]></description><Polygon><outerBoundaryIs><LinearRing><coordinates>-46.6511400,-23.4823100,0 -46.6512900,-23.4822300,0 -46.6514200,-23.4821300,0 -46.6515300,-23.4820100,0 -46.6516700,-23.4817200,0 -46.6517000,-23.4815000,0 -46.6516900,-23.4813400,0 -46.6515700,-23.4810500,0 -46.6512100,-23.4806300,0 -46.6510900,-23.4805200,0 -46.6509600,-23.4804300,0 -46.6508000,-23.4803600,0 -46.6506400,-23.4803200,0 -46.6504700,-23.4803000,0 -46.6500800,-23.4803100,0 -46.6496600,-23.4799100,0 -46.6493500,-23.4797700,0 -46.6491800,-23.4797400,0 -46.6490100,-23.4797300,0 -46.6486800,-23.4798000,0 -46.6485300,-23.4798800,0 -46.6482800,-23.4800900,0 -46.6482000,-23.4802000,0 -46.6479600,-23.4806400,0 -46.6479200,-23.4808000,0 -46.6479100,-23.4809500,0 -46.6479300,-23.4811100,0 -46.6479800,-23.4812600,0 -46.6481600,-23.4815300,0 -46.6482800,-23.4816300,0 -46.6497700,-23.4824700,0 -46.6500900,-23.4825800,0 -46.6504300,-23.4825900,0 -46.6505900,-23.4825500,0 -46.6511400,-23.4823100,0</coordinates></LinearRing></outerBoundaryIs></Polygon></Placemark>
<Style id="s-NH-103">
<LineStyle><color>ff00d7ff</color><width>2.0</width></LineStyle>
<PolyStyle><color>ff00d7ff</color></PolyStyle>
<IconStyle><color>ff00d7ff</color><scale>0.55</scale>
<Icon><href>http://maps.google.com/mapfiles/kml/shapes/placemark_circle.png</href></Icon>
</IconStyle>
<LabelStyle><scale>0.65</scale></LabelStyle>
</Style><Placemark><name>GENEVE</name><styleUrl>#s-NH-103</styleUrl><description><![CDATA[<table style="border-collapse:collapse;width:100%;font-family:'Helvetica Neue',Helvetica,Arial,sans-serif;font-size:11px;border:1px solid #e5e7eb;border-radius:8px;overflow:hidden;"><tr><th colspan="2" style="padding:5px 8px;background:#1f6feb;color:#fff;text-align:left;font-size:12px;font-weight:600;">GENEVE</th></tr><tr><th style="padding:3px 5px;text-align:left;background:#f3f4f6;border-bottom:1px solid #d1d5db;width:30%;font-size:11px;font-weight:600;color:#1f2937;">Serviço</th><td style="padding:3px 5px;border-bottom:1px solid #e5e7eb;font-size:11px;color:#111827;">Núcleos Habitacionais (NH)</td></tr><tr><th style="padding:3px 5px;text-align:left;background:#f3f4f6;border-bottom:1px solid #d1d5db;width:30%;font-size:11px;font-weight:600;color:#1f2937;">Setor</th><td style="padding:3px 5px;border-bottom:1px solid #e5e7eb;font-size:11px;color:#111827;">ST21000NH0008</td></tr><tr><th style="padding:3px 5px;text-align:left;background:#f3f4f6;border-bottom:1px solid #d1d5db;width:30%;font-size:11px;font-weight:600;color:#1f2937;">Tipo de Serviço</th><td style="padding:3px 5px;border-bottom:1px solid #e5e7eb;font-size:11px;color:#111827;">Limpeza em áreas de difícil acesso</td></tr><tr><th style="padding:3px 5px;text-align:left;background:#f3f4f6;border-bottom:1px solid #d1d5db;width:30%;font-size:11px;font-weight:600;color:#1f2937;">Nome</th><td style="padding:3px 5px;border-bottom:1px solid #e5e7eb;font-size:11px;color:#111827;">GENEVE</td></tr><tr><th style="padding:3px 5px;text-align:left;background:#f3f4f6;border-bottom:1px solid #d1d5db;width:30%;font-size:11px;font-weight:600;color:#1f2937;">Logradouro</th><td style="padding:3px 5px;border-bottom:1px solid #e5e7eb;font-size:11px;color:#111827;">R Geneve</td></tr><tr><th style="padding:3px 5px;text-align:left;background:#f3f4f6;border-bottom:1px solid #d1d5db;width:30%;font-size:11px;font-weight:600;color:#1f2937;">Subprefeitura</th><td style="padding:3px 5px;border-bottom:1px solid #e5e7eb;font-size:11px;color:#111827;">Santana / Tucuruvi</td></tr><tr><th style="padding:3px 5px;text-align:left;background:#f3f4f6;border-bottom:1px solid #d1d5db;width:30%;font-size:11px;font-weight:600;color:#1f2937;">Turno</th><td style="padding:3px 5px;border-bottom:1px solid #e5e7eb;font-size:11px;color:#111827;">Vespertino</td></tr><tr><th style="padding:3px 5px;text-align:left;background:#f3f4f6;border-bottom:1px solid #d1d5db;width:30%;font-size:11px;font-weight:600;color:#1f2937;">Frequência</th><td style="padding:3px 5px;border-bottom:1px solid #e5e7eb;font-size:11px;color:#111827;">Bimestral</td></tr><tr><th style="padding:3px 5px;text-align:left;background:#f3f4f6;border-bottom:1px solid #d1d5db;width:30%;font-size:11px;font-weight:600;color:#1f2937;">Cronograma</th><td style="padding:3px 5px;border-bottom:1px solid #e5e7eb;font-size:11px;color:#111827;">05/05/2026<br>07/07/2026<br>09/09/2026<br>04/11/2026<br>05/01/2027<br>02/03/2027</td></tr></table>]]></description><Polygon><outerBoundaryIs><LinearRing><coordinates>-46.6479800,-23.4782400,0 -46.6478200,-23.4781800,0 -46.6474800,-23.4781600,0 -46.6471500,-23.4782400,0 -46.6470100,-23.4783200,0 -46.6468800,-23.4784200,0 -46.6466400,-23.4787000,0 -46.6465600,-23.4788300,0 -46.6464600,-23.4791300,0 -46.6464600,-23.4792900,0 -46.6464900,-23.4794400,0 -46.6466300,-23.4797300,0 -46.6467400,-23.4798500,0 -46.6470100,-23.4800300,0 -46.6475000,-23.4802400,0 -46.6476700,-23.4802700,0 -46.6478400,-23.4802700,0 -46.6481700,-23.4801900,0 -46.6483200,-23.4801200,0 -46.6485700,-23.4799000,0 -46.6487500,-23.4796000,0 -46.6488100,-23.4794600,0 -46.6488500,-23.4793000,0 -46.6488600,-23.4791800,0 -46.6488400,-23.4790300,0 -46.6488000,-23.4788800,0 -46.6487300,-23.4787300,0 -46.6485100,-23.4784900,0 -46.6483700,-23.4784000,0 -46.6479800,-23.4782400,0</coordinates></LinearRing></outerBoundaryIs></Polygon></Placemark>
<Style id="s-NH-104">
<LineStyle><color>ff00d7ff</color><width>2.0</width></LineStyle>
<PolyStyle><color>ff00d7ff</color></PolyStyle>
<IconStyle><color>ff00d7ff</color><scale>0.55</scale>
<Icon><href>http://maps.google.com/mapfiles/kml/shapes/placemark_circle.png</href></Icon>
</IconStyle>
<LabelStyle><scale>0.65</scale></LabelStyle>
</Style><Placemark><name>CONSELHEIRO MOREIRA DE BARROS</name><styleUrl>#s-NH-104</styleUrl><description><![CDATA[<table style="border-collapse:collapse;width:100%;font-family:'Helvetica Neue',Helvetica,Arial,sans-serif;font-size:11px;border:1px solid #e5e7eb;border-radius:8px;overflow:hidden;"><tr><th colspan="2" style="padding:5px 8px;background:#1f6feb;color:#fff;text-align:left;font-size:12px;font-weight:600;">CONSELHEIRO MOREIRA DE BARROS</th></tr><tr><th style="padding:3px 5px;text-align:left;background:#f3f4f6;border-bottom:1px solid #d1d5db;width:30%;font-size:11px;font-weight:600;color:#1f2937;">Serviço</th><td style="padding:3px 5px;border-bottom:1px solid #e5e7eb;font-size:11px;color:#111827;">Núcleos Habitacionais (NH)</td></tr><tr><th style="padding:3px 5px;text-align:left;background:#f3f4f6;border-bottom:1px solid #d1d5db;width:30%;font-size:11px;font-weight:600;color:#1f2937;">Setor</th><td style="padding:3px 5px;border-bottom:1px solid #e5e7eb;font-size:11px;color:#111827;">ST21000NH0009</td></tr><tr><th style="padding:3px 5px;text-align:left;background:#f3f4f6;border-bottom:1px solid #d1d5db;width:30%;font-size:11px;font-weight:600;color:#1f2937;">Tipo de Serviço</th><td style="padding:3px 5px;border-bottom:1px solid #e5e7eb;font-size:11px;color:#111827;">Limpeza em áreas de difícil acesso</td></tr><tr><th style="padding:3px 5px;text-align:left;background:#f3f4f6;border-bottom:1px solid #d1d5db;width:30%;font-size:11px;font-weight:600;color:#1f2937;">Nome</th><td style="padding:3px 5px;border-bottom:1px solid #e5e7eb;font-size:11px;color:#111827;">CONSELHEIRO MOREIRA DE BARROS</td></tr><tr><th style="padding:3px 5px;text-align:left;background:#f3f4f6;border-bottom:1px solid #d1d5db;width:30%;font-size:11px;font-weight:600;color:#1f2937;">Logradouro</th><td style="padding:3px 5px;border-bottom:1px solid #e5e7eb;font-size:11px;color:#111827;">R Tavannes</td></tr><tr><th style="padding:3px 5px;text-align:left;background:#f3f4f6;border-bottom:1px solid #d1d5db;width:30%;font-size:11px;font-weight:600;color:#1f2937;">Subprefeitura</th><td style="padding:3px 5px;border-bottom:1px solid #e5e7eb;font-size:11px;color:#111827;">Santana / Tucuruvi</td></tr><tr><th style="padding:3px 5px;text-align:left;background:#f3f4f6;border-bottom:1px solid #d1d5db;width:30%;font-size:11px;font-weight:600;color:#1f2937;">Turno</th><td style="padding:3px 5px;border-bottom:1px solid #e5e7eb;font-size:11px;color:#111827;">Vespertino</td></tr><tr><th style="padding:3px 5px;text-align:left;background:#f3f4f6;border-bottom:1px solid #d1d5db;width:30%;font-size:11px;font-weight:600;color:#1f2937;">Frequência</th><td style="padding:3px 5px;border-bottom:1px solid #e5e7eb;font-size:11px;color:#111827;">Bimestral</td></tr><tr><th style="padding:3px 5px;text-align:left;background:#f3f4f6;border-bottom:1px solid #d1d5db;width:30%;font-size:11px;font-weight:600;color:#1f2937;">Cronograma</th><td style="padding:3px 5px;border-bottom:1px solid #e5e7eb;font-size:11px;color:#111827;">06/05/2026<br>08/07/2026<br>10/09/2026<br>05/11/2026<br>06/01/2027<br>03/03/2027</td></tr></table>]]></description><Polygon><outerBoundaryIs><LinearRing><coordinates>-46.6488700,-23.4729000,0 -46.6481800,-23.4732100,0 -46.6479400,-23.4734400,0 -46.6478500,-23.4735700,0 -46.6477600,-23.4738700,0 -46.6477600,-23.4740300,0 -46.6478500,-23.4743300,0 -46.6479400,-23.4744700,0 -46.6480500,-23.4745900,0 -46.6490400,-23.4753800,0 -46.6492000,-23.4754500,0 -46.6495300,-23.4755100,0 -46.6498600,-23.4754900,0 -46.6500300,-23.4754600,0 -46.6503400,-23.4753200,0 -46.6505700,-23.4750900,0 -46.6506500,-23.4749600,0 -46.6507100,-23.4748100,0 -46.6507400,-23.4745900,0 -46.6507100,-23.4738700,0 -46.6507700,-23.4735200,0 -46.6507100,-23.4732100,0 -46.6506400,-23.4730700,0 -46.6505400,-23.4729400,0 -46.6504200,-23.4728300,0 -46.6502800,-23.4727400,0 -46.6501200,-23.4726700,0 -46.6499600,-23.4726300,0 -46.6496200,-23.4726300,0 -46.6494500,-23.4726700,0 -46.6488700,-23.4729000,0</coordinates></LinearRing></outerBoundaryIs></Polygon></Placemark>
<Style id="s-NH-105">
<LineStyle><color>ff00d7ff</color><width>2.0</width></LineStyle>
<PolyStyle><color>ff00d7ff</color></PolyStyle>
<IconStyle><color>ff00d7ff</color><scale>0.55</scale>
<Icon><href>http://maps.google.com/mapfiles/kml/shapes/placemark_circle.png</href></Icon>
</IconStyle>
<LabelStyle><scale>0.65</scale></LabelStyle>
</Style><Placemark><name>TAVANES I</name><styleUrl>#s-NH-105</styleUrl><description><![CDATA[<table style="border-collapse:collapse;width:100%;font-family:'Helvetica Neue',Helvetica,Arial,sans-serif;font-size:11px;border:1px solid #e5e7eb;border-radius:8px;overflow:hidden;"><tr><th colspan="2" style="padding:5px 8px;background:#1f6feb;color:#fff;text-align:left;font-size:12px;font-weight:600;">TAVANES I</th></tr><tr><th style="padding:3px 5px;text-align:left;background:#f3f4f6;border-bottom:1px solid #d1d5db;width:30%;font-size:11px;font-weight:600;color:#1f2937;">Serviço</th><td style="padding:3px 5px;border-bottom:1px solid #e5e7eb;font-size:11px;color:#111827;">Núcleos Habitacionais (NH)</td></tr><tr><th style="padding:3px 5px;text-align:left;background:#f3f4f6;border-bottom:1px solid #d1d5db;width:30%;font-size:11px;font-weight:600;color:#1f2937;">Setor</th><td style="padding:3px 5px;border-bottom:1px solid #e5e7eb;font-size:11px;color:#111827;">ST21000NH0010</td></tr><tr><th style="padding:3px 5px;text-align:left;background:#f3f4f6;border-bottom:1px solid #d1d5db;width:30%;font-size:11px;font-weight:600;color:#1f2937;">Tipo de Serviço</th><td style="padding:3px 5px;border-bottom:1px solid #e5e7eb;font-size:11px;color:#111827;">Limpeza em áreas de difícil acesso</td></tr><tr><th style="padding:3px 5px;text-align:left;background:#f3f4f6;border-bottom:1px solid #d1d5db;width:30%;font-size:11px;font-weight:600;color:#1f2937;">Nome</th><td style="padding:3px 5px;border-bottom:1px solid #e5e7eb;font-size:11px;color:#111827;">TAVANES I</td></tr><tr><th style="padding:3px 5px;text-align:left;background:#f3f4f6;border-bottom:1px solid #d1d5db;width:30%;font-size:11px;font-weight:600;color:#1f2937;">Logradouro</th><td style="padding:3px 5px;border-bottom:1px solid #e5e7eb;font-size:11px;color:#111827;">Av Lauzane Paulista</td></tr><tr><th style="padding:3px 5px;text-align:left;background:#f3f4f6;border-bottom:1px solid #d1d5db;width:30%;font-size:11px;font-weight:600;color:#1f2937;">Subprefeitura</th><td style="padding:3px 5px;border-bottom:1px solid #e5e7eb;font-size:11px;color:#111827;">Santana / Tucuruvi</td></tr><tr><th style="padding:3px 5px;text-align:left;background:#f3f4f6;border-bottom:1px solid #d1d5db;width:30%;font-size:11px;font-weight:600;color:#1f2937;">Turno</th><td style="padding:3px 5px;border-bottom:1px solid #e5e7eb;font-size:11px;color:#111827;">Vespertino</td></tr><tr><th style="padding:3px 5px;text-align:left;background:#f3f4f6;border-bottom:1px solid #d1d5db;width:30%;font-size:11px;font-weight:600;color:#1f2937;">Frequência</th><td style="padding:3px 5px;border-bottom:1px solid #e5e7eb;font-size:11px;color:#111827;">Bimestral</td></tr><tr><th style="padding:3px 5px;text-align:left;background:#f3f4f6;border-bottom:1px solid #d1d5db;width:30%;font-size:11px;font-weight:600;color:#1f2937;">Cronograma</th><td style="padding:3px 5px;border-bottom:1px solid #e5e7eb;font-size:11px;color:#111827;">06/05/2026<br>08/07/2026<br>10/09/2026<br>05/11/2026<br>06/01/2027<br>03/03/2027</td></tr></table>]]></description><Polygon><outerBoundaryIs><LinearRing><coordinates>-46.6476600,-23.4725000,0 -46.6475900,-23.4728200,0 -46.6475900,-23.4729700,0 -46.6476200,-23.4731300,0 -46.6476800,-23.4732700,0 -46.6477700,-23.4734100,0 -46.6478800,-23.4735300,0 -46.6482000,-23.4737300,0 -46.6485300,-23.4738100,0 -46.6487000,-23.4738100,0 -46.6488700,-23.4737800,0 -46.6491800,-23.4736500,0 -46.6493100,-23.4735500,0 -46.6494700,-23.4734000,0 -46.6496100,-23.4732200,0 -46.6496900,-23.4730800,0 -46.6497500,-23.4729400,0 -46.6497900,-23.4727000,0 -46.6497300,-23.4723900,0 -46.6495600,-23.4721200,0 -46.6493000,-23.4719200,0 -46.6491400,-23.4718500,0 -46.6487100,-23.4717600,0 -46.6485400,-23.4717600,0 -46.6483800,-23.4717900,0 -46.6482100,-23.4718400,0 -46.6480700,-23.4719200,0 -46.6479300,-23.4720200,0 -46.6478200,-23.4721400,0 -46.6477400,-23.4722700,0 -46.6476600,-23.4725000,0</coordinates></LinearRing></outerBoundaryIs></Polygon></Placemark>
<Style id="s-NH-106">
<LineStyle><color>ff00d7ff</color><width>2.0</width></LineStyle>
<PolyStyle><color>ff00d7ff</color></PolyStyle>
<IconStyle><color>ff00d7ff</color><scale>0.55</scale>
<Icon><href>http://maps.google.com/mapfiles/kml/shapes/placemark_circle.png</href></Icon>
</IconStyle>
<LabelStyle><scale>0.65</scale></LabelStyle>
</Style><Placemark><name>CHACÁRA DO ENCONTRO</name><styleUrl>#s-NH-106</styleUrl><description><![CDATA[<table style="border-collapse:collapse;width:100%;font-family:'Helvetica Neue',Helvetica,Arial,sans-serif;font-size:11px;border:1px solid #e5e7eb;border-radius:8px;overflow:hidden;"><tr><th colspan="2" style="padding:5px 8px;background:#1f6feb;color:#fff;text-align:left;font-size:12px;font-weight:600;">CHACÁRA DO ENCONTRO</th></tr><tr><th style="padding:3px 5px;text-align:left;background:#f3f4f6;border-bottom:1px solid #d1d5db;width:30%;font-size:11px;font-weight:600;color:#1f2937;">Serviço</th><td style="padding:3px 5px;border-bottom:1px solid #e5e7eb;font-size:11px;color:#111827;">Núcleos Habitacionais (NH)</td></tr><tr><th style="padding:3px 5px;text-align:left;background:#f3f4f6;border-bottom:1px solid #d1d5db;width:30%;font-size:11px;font-weight:600;color:#1f2937;">Setor</th><td style="padding:3px 5px;border-bottom:1px solid #e5e7eb;font-size:11px;color:#111827;">ST21000NH0011</td></tr><tr><th style="padding:3px 5px;text-align:left;background:#f3f4f6;border-bottom:1px solid #d1d5db;width:30%;font-size:11px;font-weight:600;color:#1f2937;">Tipo de Serviço</th><td style="padding:3px 5px;border-bottom:1px solid #e5e7eb;font-size:11px;color:#111827;">Limpeza em áreas de difícil acesso</td></tr><tr><th style="padding:3px 5px;text-align:left;background:#f3f4f6;border-bottom:1px solid #d1d5db;width:30%;font-size:11px;font-weight:600;color:#1f2937;">Nome</th><td style="padding:3px 5px;border-bottom:1px solid #e5e7eb;font-size:11px;color:#111827;">CHACÁRA DO ENCONTRO</td></tr><tr><th style="padding:3px 5px;text-align:left;background:#f3f4f6;border-bottom:1px solid #d1d5db;width:30%;font-size:11px;font-weight:600;color:#1f2937;">Logradouro</th><td style="padding:3px 5px;border-bottom:1px solid #e5e7eb;font-size:11px;color:#111827;">R Fulvio Morganti</td></tr><tr><th style="padding:3px 5px;text-align:left;background:#f3f4f6;border-bottom:1px solid #d1d5db;width:30%;font-size:11px;font-weight:600;color:#1f2937;">Subprefeitura</th><td style="padding:3px 5px;border-bottom:1px solid #e5e7eb;font-size:11px;color:#111827;">Santana / Tucuruvi</td></tr><tr><th style="padding:3px 5px;text-align:left;background:#f3f4f6;border-bottom:1px solid #d1d5db;width:30%;font-size:11px;font-weight:600;color:#1f2937;">Turno</th><td style="padding:3px 5px;border-bottom:1px solid #e5e7eb;font-size:11px;color:#111827;">Vespertino</td></tr><tr><th style="padding:3px 5px;text-align:left;background:#f3f4f6;border-bottom:1px solid #d1d5db;width:30%;font-size:11px;font-weight:600;color:#1f2937;">Frequência</th><td style="padding:3px 5px;border-bottom:1px solid #e5e7eb;font-size:11px;color:#111827;">Bimestral</td></tr><tr><th style="padding:3px 5px;text-align:left;background:#f3f4f6;border-bottom:1px solid #d1d5db;width:30%;font-size:11px;font-weight:600;color:#1f2937;">Cronograma</th><td style="padding:3px 5px;border-bottom:1px solid #e5e7eb;font-size:11px;color:#111827;">07/05/2026<br>09/07/2026<br>11/09/2026<br>06/11/2026<br>07/01/2027<br>04/03/2027</td></tr></table>]]></description><Polygon><outerBoundaryIs><LinearRing><coordinates>-46.6284700,-23.4730200,0 -46.6287700,-23.4728800,0 -46.6289000,-23.4727700,0 -46.6290000,-23.4726500,0 -46.6291100,-23.4724300,0 -46.6293100,-23.4721500,0 -46.6293800,-23.4720000,0 -46.6294200,-23.4717500,0 -46.6293600,-23.4714500,0 -46.6292800,-23.4713000,0 -46.6291900,-23.4711800,0 -46.6290600,-23.4710600,0 -46.6284300,-23.4706700,0 -46.6282700,-23.4706100,0 -46.6281000,-23.4705800,0 -46.6279300,-23.4705800,0 -46.6276000,-23.4706600,0 -46.6274500,-23.4707400,0 -46.6272100,-23.4709500,0 -46.6269600,-23.4713000,0 -46.6269000,-23.4714400,0 -46.6268700,-23.4716000,0 -46.6268700,-23.4717500,0 -46.6269000,-23.4719400,0 -46.6268500,-23.4720900,0 -46.6268300,-23.4722500,0 -46.6268900,-23.4725500,0 -46.6269500,-23.4727000,0 -46.6270500,-23.4728300,0 -46.6271700,-23.4729400,0 -46.6273000,-23.4730300,0 -46.6276200,-23.4731500,0 -46.6277900,-23.4731700,0 -46.6279600,-23.4731500,0 -46.6284700,-23.4730200,0</coordinates></LinearRing></outerBoundaryIs></Polygon></Placemark>
<Style id="s-NH-107">
<LineStyle><color>ff00d7ff</color><width>2.0</width></LineStyle>
<PolyStyle><color>ff00d7ff</color></PolyStyle>
<IconStyle><color>ff00d7ff</color><scale>0.55</scale>
<Icon><href>http://maps.google.com/mapfiles/kml/shapes/placemark_circle.png</href></Icon>
</IconStyle>
<LabelStyle><scale>0.65</scale></LabelStyle>
</Style><Placemark><name>PALMAS DO TREMEMBÉ</name><styleUrl>#s-NH-107</styleUrl><description><![CDATA[<table style="border-collapse:collapse;width:100%;font-family:'Helvetica Neue',Helvetica,Arial,sans-serif;font-size:11px;border:1px solid #e5e7eb;border-radius:8px;overflow:hidden;"><tr><th colspan="2" style="padding:5px 8px;background:#1f6feb;color:#fff;text-align:left;font-size:12px;font-weight:600;">PALMAS DO TREMEMBÉ</th></tr><tr><th style="padding:3px 5px;text-align:left;background:#f3f4f6;border-bottom:1px solid #d1d5db;width:30%;font-size:11px;font-weight:600;color:#1f2937;">Serviço</th><td style="padding:3px 5px;border-bottom:1px solid #e5e7eb;font-size:11px;color:#111827;">Núcleos Habitacionais (NH)</td></tr><tr><th style="padding:3px 5px;text-align:left;background:#f3f4f6;border-bottom:1px solid #d1d5db;width:30%;font-size:11px;font-weight:600;color:#1f2937;">Setor</th><td style="padding:3px 5px;border-bottom:1px solid #e5e7eb;font-size:11px;color:#111827;">ST21000NH0012</td></tr><tr><th style="padding:3px 5px;text-align:left;background:#f3f4f6;border-bottom:1px solid #d1d5db;width:30%;font-size:11px;font-weight:600;color:#1f2937;">Tipo de Serviço</th><td style="padding:3px 5px;border-bottom:1px solid #e5e7eb;font-size:11px;color:#111827;">Limpeza em áreas de difícil acesso</td></tr><tr><th style="padding:3px 5px;text-align:left;background:#f3f4f6;border-bottom:1px solid #d1d5db;width:30%;font-size:11px;font-weight:600;color:#1f2937;">Nome</th><td style="padding:3px 5px;border-bottom:1px solid #e5e7eb;font-size:11px;color:#111827;">PALMAS DO TREMEMBÉ</td></tr><tr><th style="padding:3px 5px;text-align:left;background:#f3f4f6;border-bottom:1px solid #d1d5db;width:30%;font-size:11px;font-weight:600;color:#1f2937;">Logradouro</th><td style="padding:3px 5px;border-bottom:1px solid #e5e7eb;font-size:11px;color:#111827;">R Francisco Conceicao</td></tr><tr><th style="padding:3px 5px;text-align:left;background:#f3f4f6;border-bottom:1px solid #d1d5db;width:30%;font-size:11px;font-weight:600;color:#1f2937;">Subprefeitura</th><td style="padding:3px 5px;border-bottom:1px solid #e5e7eb;font-size:11px;color:#111827;">Santana / Tucuruvi</td></tr><tr><th style="padding:3px 5px;text-align:left;background:#f3f4f6;border-bottom:1px solid #d1d5db;width:30%;font-size:11px;font-weight:600;color:#1f2937;">Turno</th><td style="padding:3px 5px;border-bottom:1px solid #e5e7eb;font-size:11px;color:#111827;">Vespertino</td></tr><tr><th style="padding:3px 5px;text-align:left;background:#f3f4f6;border-bottom:1px solid #d1d5db;width:30%;font-size:11px;font-weight:600;color:#1f2937;">Frequência</th><td style="padding:3px 5px;border-bottom:1px solid #e5e7eb;font-size:11px;color:#111827;">Bimestral</td></tr><tr><th style="padding:3px 5px;text-align:left;background:#f3f4f6;border-bottom:1px solid #d1d5db;width:30%;font-size:11px;font-weight:600;color:#1f2937;">Cronograma</th><td style="padding:3px 5px;border-bottom:1px solid #e5e7eb;font-size:11px;color:#111827;">07/05/2026<br>09/07/2026<br>11/09/2026<br>06/11/2026<br>07/01/2027<br>04/03/2027</td></tr></table>]]></description><Polygon><outerBoundaryIs><LinearRing><coordinates>-46.6154900,-23.4707200,0 -46.6156300,-23.4706400,0 -46.6157600,-23.4705300,0 -46.6158600,-23.4704000,0 -46.6159400,-23.4702700,0 -46.6159900,-23.4701200,0 -46.6160100,-23.4699600,0 -46.6159800,-23.4697100,0 -46.6158200,-23.4690300,0 -46.6157800,-23.4688800,0 -46.6157100,-23.4687300,0 -46.6156200,-23.4686000,0 -46.6155000,-23.4684900,0 -46.6152100,-23.4683300,0 -46.6150200,-23.4682700,0 -46.6147700,-23.4682500,0 -46.6146000,-23.4682600,0 -46.6142800,-23.4683700,0 -46.6141400,-23.4684600,0 -46.6140200,-23.4685700,0 -46.6138700,-23.4688000,0 -46.6136700,-23.4690500,0 -46.6136000,-23.4691900,0 -46.6135600,-23.4695100,0 -46.6136000,-23.4697000,0 -46.6138400,-23.4704600,0 -46.6139300,-23.4706000,0 -46.6140400,-23.4707200,0 -46.6141800,-23.4708200,0 -46.6144900,-23.4709500,0 -46.6148300,-23.4709700,0 -46.6149900,-23.4709400,0 -46.6151900,-23.4708700,0 -46.6154900,-23.4707200,0</coordinates></LinearRing></outerBoundaryIs></Polygon></Placemark>
<Style id="s-NH-108">
<LineStyle><color>ff00d7ff</color><width>2.0</width></LineStyle>
<PolyStyle><color>ff00d7ff</color></PolyStyle>
<IconStyle><color>ff00d7ff</color><scale>0.55</scale>
<Icon><href>http://maps.google.com/mapfiles/kml/shapes/placemark_circle.png</href></Icon>
</IconStyle>
<LabelStyle><scale>0.65</scale></LabelStyle>
</Style><Placemark><name>ITABIRA PEDRA BRANCA</name><styleUrl>#s-NH-108</styleUrl><description><![CDATA[<table style="border-collapse:collapse;width:100%;font-family:'Helvetica Neue',Helvetica,Arial,sans-serif;font-size:11px;border:1px solid #e5e7eb;border-radius:8px;overflow:hidden;"><tr><th colspan="2" style="padding:5px 8px;background:#1f6feb;color:#fff;text-align:left;font-size:12px;font-weight:600;">ITABIRA PEDRA BRANCA</th></tr><tr><th style="padding:3px 5px;text-align:left;background:#f3f4f6;border-bottom:1px solid #d1d5db;width:30%;font-size:11px;font-weight:600;color:#1f2937;">Serviço</th><td style="padding:3px 5px;border-bottom:1px solid #e5e7eb;font-size:11px;color:#111827;">Núcleos Habitacionais (NH)</td></tr><tr><th style="padding:3px 5px;text-align:left;background:#f3f4f6;border-bottom:1px solid #d1d5db;width:30%;font-size:11px;font-weight:600;color:#1f2937;">Setor</th><td style="padding:3px 5px;border-bottom:1px solid #e5e7eb;font-size:11px;color:#111827;">ST21000NH0013</td></tr><tr><th style="padding:3px 5px;text-align:left;background:#f3f4f6;border-bottom:1px solid #d1d5db;width:30%;font-size:11px;font-weight:600;color:#1f2937;">Tipo de Serviço</th><td style="padding:3px 5px;border-bottom:1px solid #e5e7eb;font-size:11px;color:#111827;">Limpeza em áreas de difícil acesso</td></tr><tr><th style="padding:3px 5px;text-align:left;background:#f3f4f6;border-bottom:1px solid #d1d5db;width:30%;font-size:11px;font-weight:600;color:#1f2937;">Nome</th><td style="padding:3px 5px;border-bottom:1px solid #e5e7eb;font-size:11px;color:#111827;">ITABIRA PEDRA BRANCA</td></tr><tr><th style="padding:3px 5px;text-align:left;background:#f3f4f6;border-bottom:1px solid #d1d5db;width:30%;font-size:11px;font-weight:600;color:#1f2937;">Logradouro</th><td style="padding:3px 5px;border-bottom:1px solid #e5e7eb;font-size:11px;color:#111827;">R Itabira</td></tr><tr><th style="padding:3px 5px;text-align:left;background:#f3f4f6;border-bottom:1px solid #d1d5db;width:30%;font-size:11px;font-weight:600;color:#1f2937;">Subprefeitura</th><td style="padding:3px 5px;border-bottom:1px solid #e5e7eb;font-size:11px;color:#111827;">Santana / Tucuruvi</td></tr><tr><th style="padding:3px 5px;text-align:left;background:#f3f4f6;border-bottom:1px solid #d1d5db;width:30%;font-size:11px;font-weight:600;color:#1f2937;">Turno</th><td style="padding:3px 5px;border-bottom:1px solid #e5e7eb;font-size:11px;color:#111827;">Vespertino</td></tr><tr><th style="padding:3px 5px;text-align:left;background:#f3f4f6;border-bottom:1px solid #d1d5db;width:30%;font-size:11px;font-weight:600;color:#1f2937;">Frequência</th><td style="padding:3px 5px;border-bottom:1px solid #e5e7eb;font-size:11px;color:#111827;">Bimestral</td></tr><tr><th style="padding:3px 5px;text-align:left;background:#f3f4f6;border-bottom:1px solid #d1d5db;width:30%;font-size:11px;font-weight:600;color:#1f2937;">Cronograma</th><td style="padding:3px 5px;border-bottom:1px solid #e5e7eb;font-size:11px;color:#111827;">07/05/2026<br>09/07/2026<br>11/09/2026<br>06/11/2026<br>07/01/2027<br>04/03/2027</td></tr></table>]]></description><Polygon><outerBoundaryIs><LinearRing><coordinates>-46.6450400,-23.4552700,0 -46.6452500,-23.4550100,0 -46.6454300,-23.4547300,0 -46.6455500,-23.4544400,0 -46.6455600,-23.4541800,0 -46.6454800,-23.4535300,0 -46.6453800,-23.4532300,0 -46.6451800,-23.4529800,0 -46.6450500,-23.4528800,0 -46.6448200,-23.4527800,0 -46.6445100,-23.4527000,0 -46.6443500,-23.4526900,0 -46.6440100,-23.4527300,0 -46.6438600,-23.4527900,0 -46.6437100,-23.4528800,0 -46.6435900,-23.4529900,0 -46.6434900,-23.4531200,0 -46.6434100,-23.4532600,0 -46.6433600,-23.4534100,0 -46.6433400,-23.4536200,0 -46.6430500,-23.4538700,0 -46.6429300,-23.4539900,0 -46.6428400,-23.4541200,0 -46.6427400,-23.4544200,0 -46.6427400,-23.4545800,0 -46.6427800,-23.4548000,0 -46.6428800,-23.4550600,0 -46.6429700,-23.4551900,0 -46.6430900,-23.4553100,0 -46.6433800,-23.4554800,0 -46.6437000,-23.4555400,0 -46.6439000,-23.4556300,0 -46.6440600,-23.4556600,0 -46.6442300,-23.4556700,0 -46.6444000,-23.4556500,0 -46.6445700,-23.4556000,0 -46.6447900,-23.4554900,0 -46.6450400,-23.4552700,0</coordinates></LinearRing></outerBoundaryIs></Polygon></Placemark>
<Style id="s-NH-109">
<LineStyle><color>ff00d7ff</color><width>2.0</width></LineStyle>
<PolyStyle><color>ff00d7ff</color></PolyStyle>
<IconStyle><color>ff00d7ff</color><scale>0.55</scale>
<Icon><href>http://maps.google.com/mapfiles/kml/shapes/placemark_circle.png</href></Icon>
</IconStyle>
<LabelStyle><scale>0.65</scale></LabelStyle>
</Style><Placemark><name>CHARLES CAMERON</name><styleUrl>#s-NH-109</styleUrl><description><![CDATA[<table style="border-collapse:collapse;width:100%;font-family:'Helvetica Neue',Helvetica,Arial,sans-serif;font-size:11px;border:1px solid #e5e7eb;border-radius:8px;overflow:hidden;"><tr><th colspan="2" style="padding:5px 8px;background:#1f6feb;color:#fff;text-align:left;font-size:12px;font-weight:600;">CHARLES CAMERON</th></tr><tr><th style="padding:3px 5px;text-align:left;background:#f3f4f6;border-bottom:1px solid #d1d5db;width:30%;font-size:11px;font-weight:600;color:#1f2937;">Serviço</th><td style="padding:3px 5px;border-bottom:1px solid #e5e7eb;font-size:11px;color:#111827;">Núcleos Habitacionais (NH)</td></tr><tr><th style="padding:3px 5px;text-align:left;background:#f3f4f6;border-bottom:1px solid #d1d5db;width:30%;font-size:11px;font-weight:600;color:#1f2937;">Setor</th><td style="padding:3px 5px;border-bottom:1px solid #e5e7eb;font-size:11px;color:#111827;">ST21000NH0014</td></tr><tr><th style="padding:3px 5px;text-align:left;background:#f3f4f6;border-bottom:1px solid #d1d5db;width:30%;font-size:11px;font-weight:600;color:#1f2937;">Tipo de Serviço</th><td style="padding:3px 5px;border-bottom:1px solid #e5e7eb;font-size:11px;color:#111827;">Limpeza em áreas de difícil acesso</td></tr><tr><th style="padding:3px 5px;text-align:left;background:#f3f4f6;border-bottom:1px solid #d1d5db;width:30%;font-size:11px;font-weight:600;color:#1f2937;">Nome</th><td style="padding:3px 5px;border-bottom:1px solid #e5e7eb;font-size:11px;color:#111827;">CHARLES CAMERON</td></tr><tr><th style="padding:3px 5px;text-align:left;background:#f3f4f6;border-bottom:1px solid #d1d5db;width:30%;font-size:11px;font-weight:600;color:#1f2937;">Logradouro</th><td style="padding:3px 5px;border-bottom:1px solid #e5e7eb;font-size:11px;color:#111827;">Av Daniel Malettini</td></tr><tr><th style="padding:3px 5px;text-align:left;background:#f3f4f6;border-bottom:1px solid #d1d5db;width:30%;font-size:11px;font-weight:600;color:#1f2937;">Subprefeitura</th><td style="padding:3px 5px;border-bottom:1px solid #e5e7eb;font-size:11px;color:#111827;">Santana / Tucuruvi</td></tr><tr><th style="padding:3px 5px;text-align:left;background:#f3f4f6;border-bottom:1px solid #d1d5db;width:30%;font-size:11px;font-weight:600;color:#1f2937;">Turno</th><td style="padding:3px 5px;border-bottom:1px solid #e5e7eb;font-size:11px;color:#111827;">Vespertino</td></tr><tr><th style="padding:3px 5px;text-align:left;background:#f3f4f6;border-bottom:1px solid #d1d5db;width:30%;font-size:11px;font-weight:600;color:#1f2937;">Frequência</th><td style="padding:3px 5px;border-bottom:1px solid #e5e7eb;font-size:11px;color:#111827;">Bimestral</td></tr><tr><th style="padding:3px 5px;text-align:left;background:#f3f4f6;border-bottom:1px solid #d1d5db;width:30%;font-size:11px;font-weight:600;color:#1f2937;">Cronograma</th><td style="padding:3px 5px;border-bottom:1px solid #e5e7eb;font-size:11px;color:#111827;">08/05/2026<br>10/07/2026<br>14/09/2026<br>09/11/2026<br>08/01/2027<br>05/03/2027</td></tr></table>]]></description><Polygon><outerBoundaryIs><LinearRing><coordinates>-46.6255300,-23.4739600,0 -46.6258200,-23.4738000,0 -46.6259400,-23.4736900,0 -46.6260400,-23.4735600,0 -46.6261600,-23.4732700,0 -46.6261700,-23.4731100,0 -46.6261600,-23.4729600,0 -46.6260500,-23.4726700,0 -46.6257700,-23.4722400,0 -46.6256500,-23.4721200,0 -46.6255100,-23.4720300,0 -46.6251900,-23.4719200,0 -46.6250200,-23.4719100,0 -46.6247900,-23.4719300,0 -46.6245000,-23.4717700,0 -46.6243400,-23.4717300,0 -46.6241700,-23.4717100,0 -46.6240000,-23.4717200,0 -46.6238000,-23.4717700,0 -46.6230300,-23.4720600,0 -46.6227800,-23.4722700,0 -46.6226800,-23.4724000,0 -46.6225700,-23.4727000,0 -46.6225600,-23.4728500,0 -46.6225800,-23.4730100,0 -46.6226300,-23.4731600,0 -46.6227500,-23.4733600,0 -46.6232200,-23.4739500,0 -46.6233300,-23.4740700,0 -46.6234700,-23.4741700,0 -46.6236200,-23.4742500,0 -46.6237800,-23.4743000,0 -46.6241200,-23.4743200,0 -46.6242900,-23.4742900,0 -46.6245600,-23.4741700,0 -46.6247300,-23.4741800,0 -46.6250300,-23.4741300,0 -46.6255300,-23.4739600,0</coordinates></LinearRing></outerBoundaryIs></Polygon></Placemark>
<Style id="s-NH-110">
<LineStyle><color>ff00d7ff</color><width>2.0</width></LineStyle>
<PolyStyle><color>ff00d7ff</color></PolyStyle>
<IconStyle><color>ff00d7ff</color><scale>0.55</scale>
<Icon><href>http://maps.google.com/mapfiles/kml/shapes/placemark_circle.png</href></Icon>
</IconStyle>
<LabelStyle><scale>0.65</scale></LabelStyle>
</Style><Placemark><name>PADRE LEAO PERUCHE</name><styleUrl>#s-NH-110</styleUrl><description><![CDATA[<table style="border-collapse:collapse;width:100%;font-family:'Helvetica Neue',Helvetica,Arial,sans-serif;font-size:11px;border:1px solid #e5e7eb;border-radius:8px;overflow:hidden;"><tr><th colspan="2" style="padding:5px 8px;background:#1f6feb;color:#fff;text-align:left;font-size:12px;font-weight:600;">PADRE LEAO PERUCHE</th></tr><tr><th style="padding:3px 5px;text-align:left;background:#f3f4f6;border-bottom:1px solid #d1d5db;width:30%;font-size:11px;font-weight:600;color:#1f2937;">Serviço</th><td style="padding:3px 5px;border-bottom:1px solid #e5e7eb;font-size:11px;color:#111827;">Núcleos Habitacionais (NH)</td></tr><tr><th style="padding:3px 5px;text-align:left;background:#f3f4f6;border-bottom:1px solid #d1d5db;width:30%;font-size:11px;font-weight:600;color:#1f2937;">Setor</th><td style="padding:3px 5px;border-bottom:1px solid #e5e7eb;font-size:11px;color:#111827;">ST21000NH0015</td></tr><tr><th style="padding:3px 5px;text-align:left;background:#f3f4f6;border-bottom:1px solid #d1d5db;width:30%;font-size:11px;font-weight:600;color:#1f2937;">Tipo de Serviço</th><td style="padding:3px 5px;border-bottom:1px solid #e5e7eb;font-size:11px;color:#111827;">Limpeza em áreas de difícil acesso</td></tr><tr><th style="padding:3px 5px;text-align:left;background:#f3f4f6;border-bottom:1px solid #d1d5db;width:30%;font-size:11px;font-weight:600;color:#1f2937;">Nome</th><td style="padding:3px 5px;border-bottom:1px solid #e5e7eb;font-size:11px;color:#111827;">PADRE LEAO PERUCHE</td></tr><tr><th style="padding:3px 5px;text-align:left;background:#f3f4f6;border-bottom:1px solid #d1d5db;width:30%;font-size:11px;font-weight:600;color:#1f2937;">Logradouro</th><td style="padding:3px 5px;border-bottom:1px solid #e5e7eb;font-size:11px;color:#111827;">R Purus</td></tr><tr><th style="padding:3px 5px;text-align:left;background:#f3f4f6;border-bottom:1px solid #d1d5db;width:30%;font-size:11px;font-weight:600;color:#1f2937;">Subprefeitura</th><td style="padding:3px 5px;border-bottom:1px solid #e5e7eb;font-size:11px;color:#111827;">Santana / Tucuruvi</td></tr><tr><th style="padding:3px 5px;text-align:left;background:#f3f4f6;border-bottom:1px solid #d1d5db;width:30%;font-size:11px;font-weight:600;color:#1f2937;">Turno</th><td style="padding:3px 5px;border-bottom:1px solid #e5e7eb;font-size:11px;color:#111827;">Vespertino</td></tr><tr><th style="padding:3px 5px;text-align:left;background:#f3f4f6;border-bottom:1px solid #d1d5db;width:30%;font-size:11px;font-weight:600;color:#1f2937;">Frequência</th><td style="padding:3px 5px;border-bottom:1px solid #e5e7eb;font-size:11px;color:#111827;">Bimestral</td></tr><tr><th style="padding:3px 5px;text-align:left;background:#f3f4f6;border-bottom:1px solid #d1d5db;width:30%;font-size:11px;font-weight:600;color:#1f2937;">Cronograma</th><td style="padding:3px 5px;border-bottom:1px solid #e5e7eb;font-size:11px;color:#111827;">11/05/2026<br>13/07/2026<br>15/09/2026<br>10/11/2026<br>11/01/2027<br>08/03/2027</td></tr></table>]]></description><Polygon><outerBoundaryIs><LinearRing><coordinates>-46.6022200,-23.4757800,0 -46.6018300,-23.4754100,0 -46.6017000,-23.4753100,0 -46.6015500,-23.4752300,0 -46.6012200,-23.4751500,0 -46.6008800,-23.4751700,0 -46.6007200,-23.4752200,0 -46.6005700,-23.4753000,0 -46.6001600,-23.4756400,0 -46.6000700,-23.4757700,0 -46.6000000,-23.4759200,0 -46.5999600,-23.4760700,0 -46.5999500,-23.4762200,0 -46.6000100,-23.4765300,0 -46.6001600,-23.4767600,0 -46.6002400,-23.4770700,0 -46.6006100,-23.4776600,0 -46.6007100,-23.4777900,0 -46.6008300,-23.4779000,0 -46.6009700,-23.4779900,0 -46.6013000,-23.4780900,0 -46.6016400,-23.4780900,0 -46.6019500,-23.4779800,0 -46.6020900,-23.4779000,0 -46.6023400,-23.4776900,0 -46.6024300,-23.4775500,0 -46.6024900,-23.4774100,0 -46.6025300,-23.4772600,0 -46.6025400,-23.4771400,0 -46.6024800,-23.4768300,0 -46.6024300,-23.4767400,0 -46.6024800,-23.4765900,0 -46.6025000,-23.4764300,0 -46.6024900,-23.4762600,0 -46.6023700,-23.4759600,0 -46.6022200,-23.4757800,0</coordinates></LinearRing></outerBoundaryIs></Polygon></Placemark>
<Style id="s-NH-111">
<LineStyle><color>ff00d7ff</color><width>2.0</width></LineStyle>
<PolyStyle><color>ff00d7ff</color></PolyStyle>
<IconStyle><color>ff00d7ff</color><scale>0.55</scale>
<Icon><href>http://maps.google.com/mapfiles/kml/shapes/placemark_circle.png</href></Icon>
</IconStyle>
<LabelStyle><scale>0.65</scale></LabelStyle>
</Style><Placemark><name>TRAVESSA CRISTINA BIRAL</name><styleUrl>#s-NH-111</styleUrl><description><![CDATA[<table style="border-collapse:collapse;width:100%;font-family:'Helvetica Neue',Helvetica,Arial,sans-serif;font-size:11px;border:1px solid #e5e7eb;border-radius:8px;overflow:hidden;"><tr><th colspan="2" style="padding:5px 8px;background:#1f6feb;color:#fff;text-align:left;font-size:12px;font-weight:600;">TRAVESSA CRISTINA BIRAL</th></tr><tr><th style="padding:3px 5px;text-align:left;background:#f3f4f6;border-bottom:1px solid #d1d5db;width:30%;font-size:11px;font-weight:600;color:#1f2937;">Serviço</th><td style="padding:3px 5px;border-bottom:1px solid #e5e7eb;font-size:11px;color:#111827;">Núcleos Habitacionais (NH)</td></tr><tr><th style="padding:3px 5px;text-align:left;background:#f3f4f6;border-bottom:1px solid #d1d5db;width:30%;font-size:11px;font-weight:600;color:#1f2937;">Setor</th><td style="padding:3px 5px;border-bottom:1px solid #e5e7eb;font-size:11px;color:#111827;">ST21000NH0016</td></tr><tr><th style="padding:3px 5px;text-align:left;background:#f3f4f6;border-bottom:1px solid #d1d5db;width:30%;font-size:11px;font-weight:600;color:#1f2937;">Tipo de Serviço</th><td style="padding:3px 5px;border-bottom:1px solid #e5e7eb;font-size:11px;color:#111827;">Limpeza em áreas de difícil acesso</td></tr><tr><th style="padding:3px 5px;text-align:left;background:#f3f4f6;border-bottom:1px solid #d1d5db;width:30%;font-size:11px;font-weight:600;color:#1f2937;">Nome</th><td style="padding:3px 5px;border-bottom:1px solid #e5e7eb;font-size:11px;color:#111827;">TRAVESSA CRISTINA BIRAL</td></tr><tr><th style="padding:3px 5px;text-align:left;background:#f3f4f6;border-bottom:1px solid #d1d5db;width:30%;font-size:11px;font-weight:600;color:#1f2937;">Logradouro</th><td style="padding:3px 5px;border-bottom:1px solid #e5e7eb;font-size:11px;color:#111827;">R Comprida</td></tr><tr><th style="padding:3px 5px;text-align:left;background:#f3f4f6;border-bottom:1px solid #d1d5db;width:30%;font-size:11px;font-weight:600;color:#1f2937;">Subprefeitura</th><td style="padding:3px 5px;border-bottom:1px solid #e5e7eb;font-size:11px;color:#111827;">Santana / Tucuruvi</td></tr><tr><th style="padding:3px 5px;text-align:left;background:#f3f4f6;border-bottom:1px solid #d1d5db;width:30%;font-size:11px;font-weight:600;color:#1f2937;">Turno</th><td style="padding:3px 5px;border-bottom:1px solid #e5e7eb;font-size:11px;color:#111827;">Vespertino</td></tr><tr><th style="padding:3px 5px;text-align:left;background:#f3f4f6;border-bottom:1px solid #d1d5db;width:30%;font-size:11px;font-weight:600;color:#1f2937;">Frequência</th><td style="padding:3px 5px;border-bottom:1px solid #e5e7eb;font-size:11px;color:#111827;">Bimestral</td></tr><tr><th style="padding:3px 5px;text-align:left;background:#f3f4f6;border-bottom:1px solid #d1d5db;width:30%;font-size:11px;font-weight:600;color:#1f2937;">Cronograma</th><td style="padding:3px 5px;border-bottom:1px solid #e5e7eb;font-size:11px;color:#111827;">11/05/2026<br>13/07/2026<br>15/09/2026<br>10/11/2026<br>11/01/2027<br>08/03/2027</td></tr></table>]]></description><Polygon><outerBoundaryIs><LinearRing><coordinates>-46.6029600,-23.4705300,0 -46.6027400,-23.4704200,0 -46.6023500,-23.4699100,0 -46.6016900,-23.4692400,0 -46.6010600,-23.4688100,0 -46.6002300,-23.4683900,0 -46.5996100,-23.4679800,0 -46.5989400,-23.4672500,0 -46.5986500,-23.4670900,0 -46.5984900,-23.4670500,0 -46.5981500,-23.4670500,0 -46.5978200,-23.4671500,0 -46.5971100,-23.4676600,0 -46.5969900,-23.4677700,0 -46.5968100,-23.4680400,0 -46.5967500,-23.4683500,0 -46.5967600,-23.4685000,0 -46.5968000,-23.4686500,0 -46.5968700,-23.4688000,0 -46.5969600,-23.4689300,0 -46.5989500,-23.4705300,0 -46.6000000,-23.4719700,0 -46.6001100,-23.4720900,0 -46.6002400,-23.4721900,0 -46.6004000,-23.4722800,0 -46.6023900,-23.4731400,0 -46.6040600,-23.4746800,0 -46.6058400,-23.4763900,0 -46.6059700,-23.4764900,0 -46.6062700,-23.4766300,0 -46.6064400,-23.4766600,0 -46.6066100,-23.4766600,0 -46.6067800,-23.4766400,0 -46.6073300,-23.4764900,0 -46.6074800,-23.4764100,0 -46.6076000,-23.4763200,0 -46.6078000,-23.4761400,0 -46.6080000,-23.4758900,0 -46.6081600,-23.4754300,0 -46.6082000,-23.4751800,0 -46.6081800,-23.4750200,0 -46.6081400,-23.4748700,0 -46.6080700,-23.4747300,0 -46.6079700,-23.4746000,0 -46.6078500,-23.4744900,0 -46.6069800,-23.4738500,0 -46.6054700,-23.4723100,0 -46.6037200,-23.4709300,0 -46.6029600,-23.4705300,0</coordinates></LinearRing></outerBoundaryIs></Polygon></Placemark>
</Document></kml>